sim_t,joint,desired,actual,velocity,torque,error
0,0,1,1,0,0,0
0,1,-0.5,-0.5,0,0,0
0,2,0.8,0.8,0,6.66134e-15,2.22045e-16
0,3,0.2,0.2,0,7.21645e-15,7.21645e-16
0,4,-0.3,-0.3,0,0,0
0,5,0.1,0.1,0,1.80411e-15,3.60822e-16
0.01,0,1,1.00001,0.00184924,-0.00597275,-1.06255e-05
0.01,1,-0.5,-0.498888,0.184338,-0.597497,-0.00111208
0.01,2,0.8,0.799781,-0.0139566,0.0344682,0.0002185
0.01,3,0.2,0.199984,-0.00251246,0.00166906,1.61582e-05
0.01,4,-0.3,-0.300816,-0.14269,0.0778714,0.000815828
0.01,5,0.1,0.100057,0.00937697,-0.00309604,-5.65901e-05
0.02,0,1,1.00003,0.00263663,-0.00928858,-3.44672e-05
0.02,1,-0.5,-0.496384,0.298819,-1.04111,-0.00361644
0.02,2,0.8,0.799984,0.0515327,-0.102586,1.59729e-05
0.02,3,0.2,0.199959,-0.00205632,0.00164124,4.07451e-05
0.02,4,-0.3,-0.302694,-0.211843,0.127474,0.00269404
0.02,5,0.1,0.100169,0.0118957,-0.00441399,-0.000169055
0.03,0,1,1.00006,0.00238365,-0.00955568,-6.01185e-05
0.03,1,-0.5,-0.492902,0.385422,-1.44019,-0.00709799
0.03,2,0.8,0.800901,0.124273,-0.275581,-0.000901163
0.03,3,0.2,0.199949,-0.000106405,0.00057564,5.11797e-05
0.03,4,-0.3,-0.304838,-0.207512,0.142456,0.00483752
0.03,5,0.1,0.100282,0.0104827,-0.00455525,-0.000282085
0.04,0,1,1.00008,0.00152525,-0.00775852,-7.95692e-05
0.04,1,-0.5,-0.488655,0.45466,-1.81779,-0.0113451
0.04,2,0.8,0.802523,0.192205,-0.4601,-0.002523
0.04,3,0.2,0.19996,0.00213581,-0.000882702,3.98781e-05
0.04,4,-0.3,-0.306666,-0.15775,0.132202,0.00666588
0.04,5,0.1,0.100373,0.007812,-0.00420675,-0.000372629
0.05,0,1,1.00009,0.000412037,-0.00478801,-8.87976e-05
0.05,1,-0.5,-0.48379,0.510848,-2.18096,-0.0162104
0.05,2,0.8,0.804785,0.252814,-0.649174,-0.00478486
0.05,3,0.2,0.199993,0.00418721,-0.00244243,6.98968e-06
0.05,4,-0.3,-0.307856,-0.085141,0.105416,0.00785565
0.05,5,0.1,0.100435,0.00501305,-0.0036801,-0.000435236
0.06,0,1,1.00009,-0.000725221,-0.00128891,-8.66142e-05
0.06,1,-0.5,-0.478423,0.556382,-2.53224,-0.0215774
0.06,2,0.8,0.807609,0.30539,-0.839048,-0.00760892
0.06,3,0.2,0.200045,0.00590009,-0.00398607,-4.46019e-05
0.06,4,-0.3,-0.308267,-0.00476773,0.0685184,0.00826682
0.06,5,0.1,0.100471,0.00247017,-0.00309657,-0.000471104
0.07,0,1,1.00007,-0.00174838,0.00230106,-7.36022e-05
0.07,1,-0.5,-0.472652,0.592728,-2.87211,-0.0273482
0.07,2,0.8,0.810914,0.349758,-1.02692,-0.0109136
0.07,3,0.2,0.200111,0.00725235,-0.00546474,-0.000111332
0.07,4,-0.3,-0.307877,0.0739769,0.0260301,0.00787732
0.07,5,0.1,0.100483,0.00028713,-0.00250359,-0.000483491
0.08,0,1,1.00005,-0.00258352,0.00569648,-5.13519e-05
0.08,1,-0.5,-0.466564,0.620809,-3.19989,-0.0334365
0.08,2,0.8,0.814617,0.386003,-1.21052,-0.0146172
0.08,3,0.2,0.20019,0.00826515,-0.00685602,-0.000189693
0.08,4,-0.3,-0.306736,0.145621,-0.0189215,0.00673615
0.08,5,0.1,0.100476,-0.00152624,-0.00192258,-0.00047609
0.09,0,1,1.00002,-0.00319925,0.00871998,-2.19443e-05
0.09,1,-0.5,-0.460237,0.641233,-3.51422,-0.039763
0.09,2,0.8,0.81864,0.414374,-1.38794,-0.0186396
0.09,3,0.2,0.200276,0.00897333,-0.00814875,-0.000276475
0.09,4,-0.3,-0.304932,0.207305,-0.0641982,0.00493178
0.09,5,0.1,0.100453,-0.00298841,-0.00136601,-0.000452506
0.1,0,1,0.999988,-0.00359136,0.0112695,1.23861e-05
0.1,1,-0.5,-0.453746,0.654435,-3.81345,-0.0462538
0.1,2,0.8,0.822904,0.435222,-1.55757,-0.022904
0.1,3,0.2,0.200369,0.00941488,-0.00933734,-0.000368841
0.1,4,-0.3,-0.302571,0.257857,-0.108358,0.00257135
0.1,5,0.1,0.100416,-0.00412543,-0.000842926,-0.000416111
0.11,0,1,0.999951,-0.00377219,0.013295,4.94605e-05
0.11,1,-0.5,-0.447162,0.66077,-4.09585,-0.0528385
0.11,2,0.8,0.827338,0.448968,-1.71806,-0.0273375
0.11,3,0.2,0.200464,0.00962701,-0.0104195,-0.000464331
0.11,4,-0.3,-0.299767,0.297165,-0.150443,-0.00023255
0.11,5,0.1,0.10037,-0.0049654,-0.000360398,-0.000370004
0.12,0,1,0.999913,-0.00376354,0.0147818,8.72807e-05
0.12,1,-0.5,-0.44055,0.660577,-4.35975,-0.0594504
0.12,2,0.8,0.831872,0.456078,-1.8683,-0.0318716
0.12,3,0.2,0.200561,0.00964437,-0.0113951,-0.000560844
0.12,4,-0.3,-0.29663,0.325749,-0.189834,-0.00336994
0.12,5,0.1,0.100317,-0.00553747,7.62679e-05,-0.000316995
0.13,0,1,0.999876,-0.00359193,0.0157396,0.000124095
0.13,1,-0.5,-0.433974,0.65421,-4.60367,-0.0660261
0.13,2,0.8,0.836443,0.457046,-2.00737,-0.0364426
0.13,3,0.2,0.200657,0.00949834,-0.0122651,-0.000656607
0.13,4,-0.3,-0.293262,0.344475,-0.226142,-0.00673814
0.13,5,0.1,0.10026,-0.00587178,0.000463546,-0.000259598
0.14,0,1,0.999842,-0.00328555,0.0161938,0.000158429
0.14,1,-0.5,-0.427494,0.642055,-4.8264,-0.0725059
0.14,2,0.8,0.840992,0.452382,-2.13452,-0.0409918
0.14,3,0.2,0.20075,0.00921676,-0.0130315,-0.000750143
0.14,4,-0.3,-0.289756,0.354375,-0.259141,-0.0102442
0.14,5,0.1,0.1002,-0.00599929,0.000799683,-0.000200021
0.15,0,1,0.999811,-0.00287235,0.0161806,0.000189089
0.15,1,-0.5,-0.421166,0.624541,-5.027,-0.0788344
0.15,2,0.8,0.845466,0.442612,-2.2492,-0.0454659
0.15,3,0.2,0.20084,0.00882398,-0.0136967,-0.000840233
0.15,4,-0.3,-0.286194,0.356534,-0.288713,-0.0138057
0.15,5,0.1,0.10014,-0.0059513,0.00108459,-0.00014016
0.16,0,1,0.999785,-0.00237891,0.0157429,0.000215154
0.16,1,-0.5,-0.41504,0.60214,-5.20484,-0.0849604
0.16,2,0.8,0.849817,0.428263,-2.35102,-0.0498166
0.16,3,0.2,0.200926,0.00834112,-0.0142635,-0.000925884
0.16,4,-0.3,-0.282649,0.352015,-0.314818,-0.0173513
0.16,5,0.1,0.100082,-0.00575878,0.00131964,-8.15993e-05
0.17,0,1,0.999764,-0.00182977,0.0149277,0.000235959
0.17,1,-0.5,-0.409162,0.575356,-5.35958,-0.0908379
0.17,2,0.8,0.854001,0.409865,-2.43977,-0.0540012
0.17,3,0.2,0.201006,0.0077864,-0.0147348,-0.0010063
0.17,4,-0.3,-0.27918,0.341828,-0.337472,-0.0208197
0.17,5,0.1,0.100026,-0.00545165,0.00150741,-2.5618e-05
0.18,0,1,0.999749,-0.00124711,0.0137842,0.000251071
0.18,1,-0.5,-0.403574,0.544725,-5.49121,-0.0964259
0.18,2,0.8,0.857982,0.387949,-2.51536,-0.057982
0.18,3,0.2,0.201081,0.00717563,-0.0151138,-0.00108084
0.18,4,-0.3,-0.275841,0.32691,-0.356731,-0.0241595
0.18,5,0.1,0.0999732,-0.00505802,0.00165137,2.67939e-05
0.19,0,1,0.99974,-0.000650635,0.0123625,0.000260266
0.19,1,-0.5,-0.398311,0.510802,-5.59997,-0.101689
0.19,2,0.8,0.861727,0.363039,-2.57788,-0.0617267
0.19,3,0.2,0.201149,0.00652255,-0.0154039,-0.00114904
0.19,4,-0.3,-0.272672,0.308114,-0.372681,-0.027328
0.19,5,0.1,0.0999251,-0.0046036,0.00175565,7.4915e-05
0.2,0,1,0.999736,-5.75569e-05,0.0107127,0.000263501
0.2,1,-0.5,-0.393402,0.47415,-5.68635,-0.106598
0.2,2,0.8,0.865208,0.335651,-2.62755,-0.0652083
0.2,3,0.2,0.201211,0.00583929,-0.0156088,-0.00121052
0.2,4,-0.3,-0.269709,0.286215,-0.385435,-0.030291
0.2,5,0.1,0.0998817,-0.00411124,0.0018247,0.000118266
0.21,0,1,0.999739,0.000517322,0.0088838,0.000260894
0.21,1,-0.5,-0.388873,0.435337,-5.7511,-0.111127
0.21,2,0.8,0.868405,0.306292,-2.66473,-0.0684048
0.21,3,0.2,0.201265,0.00513666,-0.0157326,-0.00126506
0.21,4,-0.3,-0.266979,0.261912,-0.395125,-0.0330212
0.21,5,0.1,0.0998434,-0.00360065,0.00186308,0.000156578
0.22,0,1,0.999747,0.00106151,0.00692339,0.000252698
0.22,1,-0.5,-0.384741,0.39492,-5.79513,-0.115259
0.22,2,0.8,0.871299,0.275454,-2.68988,-0.0712991
0.22,3,0.2,0.201313,0.00442445,-0.0157798,-0.00131252
0.22,4,-0.3,-0.264502,0.235834,-0.401902,-0.0354981
0.22,5,0.1,0.0998102,-0.00308823,0.00187528,0.000189761
0.23,0,1,0.999761,0.00156469,0.00487703,0.000239278
0.23,1,-0.5,-0.381019,0.35344,-5.81956,-0.118981
0.23,2,0.8,0.873879,0.243611,-2.7036,-0.0738791
0.23,3,0.2,0.201353,0.00371161,-0.0157553,-0.00135284
0.23,4,-0.3,-0.262293,0.208545,-0.40593,-0.0377071
0.23,5,0.1,0.0997821,-0.00258714,0.00186551,0.000217874
0.24,0,1,0.999779,0.0020186,0.00278783,0.000221091
0.24,1,-0.5,-0.377715,0.311417,-5.82563,-0.122285
0.24,2,0.8,0.876137,0.211214,-2.70655,-0.0761373
0.24,3,0.2,0.201386,0.00300638,-0.0156645,-0.00138607
0.24,4,-0.3,-0.260361,0.180554,-0.407389,-0.039639
0.24,5,0.1,0.0997589,-0.0021074,0.00183765,0.000241086
0.25,0,1,0.999801,0.00241687,0.000696036,0.000198666
0.25,1,-0.5,-0.374833,0.269341,-5.81471,-0.125167
0.25,2,0.8,0.878071,0.178694,-2.6995,-0.0780706
0.25,3,0.2,0.201412,0.00231642,-0.015513,-0.00141232
0.25,4,-0.3,-0.258711,0.152315,-0.406472,-0.0412893
0.25,5,0.1,0.0997403,-0.00165614,0.0017951,0.000259652
0.26,0,1,0.999827,0.00275491,-0.00136123,0.000172587
0.26,1,-0.5,-0.372369,0.227669,-5.78824,-0.127631
0.26,2,0.8,0.87968,0.146448,-2.68329,-0.0796798
0.26,3,0.2,0.201432,0.00164878,-0.0153072,-0.00143179
0.26,4,-0.3,-0.257342,0.124234,-0.403379,-0.0426577
0.26,5,0.1,0.0997261,-0.00123795,0.00174081,0.000273885
0.27,0,1,0.999857,0.00302973,-0.00335025,0.000143474
0.27,1,-0.5,-0.370318,0.186819,-5.74774,-0.129682
0.27,2,0.8,0.88097,0.114846,-2.65878,-0.0809698
0.27,3,0.2,0.201445,0.00100993,-0.0150533,-0.00144474
0.27,4,-0.3,-0.256252,0.0966718,-0.398319,-0.0437479
0.27,5,0.1,0.0997159,-0.000855228,0.00167722,0.00028413
0.28,0,1,0.999888,0.00323986,-0.00524089,0.000111967
0.28,1,-0.5,-0.368669,0.147169,-5.69475,-0.131331
0.28,2,0.8,0.881949,0.0842227,-2.62691,-0.0819488
0.28,3,0.2,0.201451,0.000405738,-0.0147583,-0.00145148
0.28,4,-0.3,-0.255433,0.0699458,-0.391507,-0.0445668
0.28,5,0.1,0.0997093,-0.000508562,0.0016063,0.000290746
0.29,0,1,0.999921,0.00338515,-0.00700679,7.87161e-05
0.29,1,-0.5,-0.367408,0.109059,-5.63084,-0.132592
0.29,2,0.8,0.882629,0.0548775,-2.58861,-0.0826285
0.29,3,0.2,0.201452,-0.000158582,-0.0144289,-0.0014524
0.29,4,-0.3,-0.254876,0.0443333,-0.383162,-0.0451244
0.29,5,0.1,0.0997059,-0.000197148,0.00152959,0.00029409
0.3,0,1,0.999956,0.00346665,-0.00862538,4.43645e-05
0.3,1,-0.5,-0.366519,0.0727797,-5.55758,-0.133481
0.3,2,0.8,0.883023,0.0270715,-2.54483,-0.083023
0.3,3,0.2,0.201448,-0.000678525,-0.0140721,-0.00144792
0.3,4,-0.3,-0.254567,0.0200721,-0.373501,-0.0454331
0.3,5,0.1,0.0997055,8.0836e-05,0.00144828,0.000294506
0.31,0,1,0.99999,0.00348651,-0.010078,9.53901e-06
0.31,1,-0.5,-0.365981,0.0385839,-5.47651,-0.134019
0.31,2,0.8,0.883149,0.00102755,-2.49652,-0.0831489
0.31,3,0.2,0.201438,-0.00115034,-0.0136948,-0.0014385
0.31,4,-0.3,-0.254492,-0.00263811,-0.362741,-0.0455075
0.31,5,0.1,0.0997077,0.000327877,0.00136321,0.000292314
0.32,0,1,1.00003,0.00344776,-0.0113497,-2.51599e-05
0.32,1,-0.5,-0.365773,0.00667964,-5.38913,-0.134227
0.32,2,0.8,0.883025,-0.0230707,-2.44461,-0.083025
0.32,3,0.2,0.201425,-0.00157109,-0.0133037,-0.00142464
0.32,4,-0.3,-0.254636,-0.0236343,-0.351096,-0.0453642
0.32,5,0.1,0.0997122,0.000546815,0.001275,0.00028781
0.33,0,1,1.00006,0.00335425,-0.0124294,-5.91666e-05
0.33,1,-0.5,-0.36587,-0.0227663,-5.29691,-0.13413
0.33,2,0.8,0.882671,-0.0450782,-2.38999,-0.0826715
0.33,3,0.2,0.201407,-0.00193863,-0.0129054,-0.00140686
0.33,4,-0.3,-0.254979,-0.042789,-0.338773,-0.0450209
0.33,5,0.1,0.0997187,0.000740575,0.00118411,0.000281256
0.34,0,1,1.00009,0.00321045,-0.0133096,-9.19576e-05
0.34,1,-0.5,-0.366247,-0.0496271,-5.20122,-0.133753
0.34,2,0.8,0.88211,-0.0648883,-2.33352,-0.0821099
0.34,3,0.2,0.201386,-0.0022517,-0.012506,-0.00138571
0.34,4,-0.3,-0.255503,-0.0600087,-0.325969,-0.0444967
0.34,5,0.1,0.0997271,0.000911956,0.00109087,0.00027289
0.35,0,1,1.00012,0.00302137,-0.0139864,-0.000123057
0.35,1,-0.5,-0.366879,-0.073814,-5.1034,-0.133121
0.35,2,0.8,0.881363,-0.0824306,-2.27602,-0.0813626
0.35,3,0.2,0.201362,-0.00250987,-0.0121113,-0.00136172
0.35,4,-0.3,-0.256189,-0.0752323,-0.312874,-0.0438112
0.35,5,0.1,0.0997371,0.00106348,0.000995567,0.000262922
0.36,0,1,1.00015,0.0027924,-0.0144589,-0.000152042
0.36,1,-0.5,-0.367737,-0.0952745,-5.00468,-0.132263
0.36,2,0.8,0.880453,-0.0976698,-2.21824,-0.0804526
0.36,3,0.2,0.201335,-0.00271353,-0.0117265,-0.00133546
0.36,4,-0.3,-0.257015,-0.0884293,-0.299663,-0.0429846
0.36,5,0.1,0.0997485,0.00119727,0.000898508,0.000251538
0.37,0,1,1.00018,0.00252923,-0.0147295,-0.000178545
0.37,1,-0.5,-0.368795,-0.11399,-4.90622,-0.131205
0.37,2,0.8,0.879403,-0.110603,-2.16088,-0.0794029
0.37,3,0.2,0.201307,-0.00286386,-0.0113562,-0.00130745
0.37,4,-0.3,-0.257963,-0.0995977,-0.286499,-0.0420373
0.37,5,0.1,0.0997611,0.00131501,0.000800021,0.000238905
0.38,0,1,1.0002,0.00223768,-0.0148032,-0.000202254
0.38,1,-0.5,-0.370025,-0.129972,-4.80907,-0.129975
0.38,2,0.8,0.878236,-0.121257,-2.10458,-0.0782364
0.38,3,0.2,0.201278,-0.00296276,-0.0110046,-0.00127823
0.38,4,-0.3,-0.259011,-0.108762,-0.273533,-0.0409892
0.38,5,0.1,0.0997748,0.00141792,0.000700506,0.000225177
0.39,0,1,1.00022,0.00192365,-0.0146877,-0.00022292
0.39,1,-0.5,-0.3714,-0.143261,-4.7142,-0.1286
0.39,2,0.8,0.876976,-0.129685,-2.0499,-0.0769757
0.39,3,0.2,0.201248,-0.00301281,-0.0106752,-0.00124829
0.39,4,-0.3,-0.26014,-0.115969,-0.260899,-0.0398604
0.39,5,0.1,0.0997895,0.00150681,0.000600444,0.000210497
0.4,0,1,1.00024,0.00159298,-0.0143929,-0.000240349
0.4,1,-0.5,-0.372894,-0.153925,-4.62247,-0.127106
0.4,2,0.8,0.875643,-0.135965,-1.99735,-0.0756425
0.4,3,0.2,0.201218,-0.00301713,-0.0103707,-0.0012181
0.4,4,-0.3,-0.26133,-0.121287,-0.248716,-0.0386699
0.4,5,0.1,0.099805,0.00158206,0.000500403,0.000195004
0.41,0,1,1.00025,0.00125142,-0.0139306,-0.000254407
0.41,1,-0.5,-0.37448,-0.162052,-4.53465,-0.12552
0.41,2,0.8,0.874258,-0.140195,-1.94735,-0.074258
0.41,3,0.2,0.201188,-0.00297935,-0.0100934,-0.0011881
0.41,4,-0.3,-0.262564,-0.124805,-0.237088,-0.0374363
0.41,5,0.1,0.0998212,0.00164377,0.000401033,0.000178833
0.42,0,1,1.00027,0.000904509,-0.0133142,-0.000265016
0.42,1,-0.5,-0.376134,-0.167752,-4.4514,-0.123866
0.42,2,0.8,0.872842,-0.142491,-1.90027,-0.0728418
0.42,3,0.2,0.201159,-0.00290346,-0.00984491,-0.0011587
0.42,4,-0.3,-0.263823,-0.126623,-0.226103,-0.0361769
0.42,5,0.1,0.0998379,0.0016918,0.000303057,0.00016212
0.43,0,1,1.00027,0.000557514,-0.0125586,-0.00027215
0.43,1,-0.5,-0.377832,-0.171153,-4.37327,-0.122168
0.43,2,0.8,0.871413,-0.142981,-1.85642,-0.0714128
0.43,3,0.2,0.20113,-0.00279376,-0.00962616,-0.00113024
0.43,4,-0.3,-0.265092,-0.126857,-0.215836,-0.0349081
0.43,5,0.1,0.099855,0.00172588,0.000207248,0.000145002
0.44,0,1,1.00028,0.000215392,-0.0116797,-0.000275838
0.44,1,-0.5,-0.379552,-0.172397,-4.30074,-0.120448
0.44,2,0.8,0.869988,-0.141808,-1.81603,-0.0699881
0.44,3,0.2,0.201103,-0.00265468,-0.00943765,-0.00110305
0.44,4,-0.3,-0.266355,-0.125632,-0.206345,-0.0336451
0.44,5,0.1,0.0998724,0.00174568,0.000114411,0.000127623
0.45,0,1,1.00028,-0.000117269,-0.0106943,-0.000276152
0.45,1,-0.5,-0.381273,-0.171638,-4.23416,-0.118727
0.45,2,0.8,0.868584,-0.13912,-1.77927,-0.0685837
0.45,3,0.2,0.201077,-0.00249078,-0.00927935,-0.00107738
0.45,4,-0.3,-0.267598,-0.123079,-0.197675,-0.0324018
0.45,5,0.1,0.0998899,0.0017509,2.53567e-05,0.000110125
0.46,0,1,1.00027,-0.000436289,-0.00961963,-0.000273212
0.46,1,-0.5,-0.382977,-0.16904,-4.17381,-0.117023
0.46,2,0.8,0.867214,-0.135071,-1.74627,-0.0672137
0.46,3,0.2,0.201053,-0.00230657,-0.00915078,-0.00105347
0.46,4,-0.3,-0.268809,-0.119336,-0.189858,-0.0311907
0.46,5,0.1,0.0999073,0.00174136,-5.91241e-05,9.26565e-05
0.47,0,1,1.00027,-0.000737922,-0.00847322,-0.000267175
0.47,1,-0.5,-0.384645,-0.164775,-4.11988,-0.115355
0.47,2,0.8,0.865891,-0.129819,-1.71709,-0.0658909
0.47,3,0.2,0.201031,-0.00210649,-0.00905107,-0.0010315
0.47,4,-0.3,-0.269977,-0.114541,-0.182912,-0.0300229
0.47,5,0.1,0.0999246,0.00171702,-0.000138284,7.53646e-05
0.48,0,1,1.00026,-0.00101888,-0.00727262,-0.000258232
0.48,1,-0.5,-0.386262,-0.159019,-4.07246,-0.113738
0.48,2,0.8,0.864627,-0.123523,-1.69175,-0.0646266
0.48,3,0.2,0.201012,-0.0018948,-0.008979,-0.00101159
0.48,4,-0.3,-0.271092,-0.108837,-0.176846,-0.0289081
0.48,5,0.1,0.0999416,0.00167809,-0.000211443,5.83966e-05
0.49,0,1,1.00025,-0.00127636,-0.00603518,-0.000246607
0.49,1,-0.5,-0.387814,-0.15195,-4.03157,-0.112186
0.49,2,0.8,0.86343,-0.116339,-1.67023,-0.0634302
0.49,3,0.2,0.200994,-0.00167553,-0.00893309,-0.000993841
0.49,4,-0.3,-0.272145,-0.102361,-0.171658,-0.0278548
0.49,5,0.1,0.0999581,0.00162496,-0.000278006,4.18965e-05
0.5,0,0.999502,1.00023,-0.00150802,-0.0246783,-0.000730058
0.5,1,-0.500149,-0.38929,-0.143747,-4.00314,-0.11086
0.5,2,0.800199,0.86231,-0.108421,-1.64648,-0.0621108
0.5,3,0.199901,0.200978,-0.00145246,-0.00990661,-0.00107781
0.5,4,-0.30005,-0.27313,-0.095251,-0.167731,-0.0269196
0.5,5,0.0999502,0.099974,0.00155832,-0.000586254,-2.37518e-05
0.51,0,0.994527,1.0002,-0.00466698,-0.213083,-0.0056771
0.51,1,-0.501642,-0.39072,-0.144009,-4.00486,-0.110922
0.51,2,0.802189,0.861351,-0.0823595,-1.61015,-0.0591622
0.51,3,0.198906,0.20094,-0.00710454,-0.0160821,-0.00203448
0.51,4,-0.300547,-0.27408,-0.0956885,-0.163897,-0.0264677
0.51,5,0.0994527,0.1,0.00368636,-0.00384273,-0.000547364
0.52,0,0.989552,1.00012,-0.0129221,-0.383799,-0.0105641
0.52,1,-0.503134,-0.392185,-0.148666,-3.99197,-0.110949
0.52,2,0.804179,0.860718,-0.047555,-1.60107,-0.0565394
0.52,3,0.197911,0.200808,-0.0187356,-0.0177338,-0.00289751
0.52,4,-0.301045,-0.275039,-0.0953791,-0.160359,-0.0260061
0.52,5,0.0989552,0.100043,0.00436234,-0.0067495,-0.00108816
0.53,0,0.984577,0.99992,-0.0257398,-0.536503,-0.0153431
0.53,1,-0.504627,-0.393694,-0.152504,-3.9798,-0.110933
0.53,2,0.806169,0.860429,-0.0141722,-1.59944,-0.0542596
0.53,3,0.196916,0.200544,-0.0328192,-0.0165966,-0.00362881
0.53,4,-0.301542,-0.275969,-0.0904774,-0.159349,-0.0255734
0.53,5,0.0984576,0.100075,0.00166107,-0.00858411,-0.00161716
0.54,0,0.979602,0.999573,-0.0425542,-0.671192,-0.0199714
0.54,1,-0.50612,-0.395233,-0.154677,-3.97145,-0.110887
0.54,2,0.808159,0.860457,0.01627,-1.60147,-0.0522978
0.54,3,0.195921,0.200135,-0.0475623,-0.013608,-0.00421454
0.54,4,-0.30204,-0.276832,-0.0825282,-0.160401,-0.0252081
0.54,5,0.0979601,0.100063,-0.00383488,-0.00936441,-0.00210298
0.55,0,0.974627,0.999039,-0.0628216,-0.788019,-0.0244121
0.55,1,-0.507612,-0.396784,-0.155185,-3.96759,-0.110829
0.55,2,0.810149,0.860773,0.0437425,-1.6062,-0.0506239
0.55,3,0.194926,0.19958,-0.0618732,-0.00942097,-0.00465449
0.55,4,-0.302537,-0.277606,-0.0732061,-0.162845,-0.024931
0.55,5,0.0974625,0.0999858,-0.0110995,-0.00928643,-0.00252326
0.56,0,0.969652,0.998285,-0.0860251,-0.887268,-0.0286336
0.56,1,-0.509105,-0.398331,-0.154219,-3.96829,-0.110774
0.56,2,0.812139,0.861349,0.0684548,-1.61319,-0.0492093
0.56,3,0.193931,0.198888,-0.0750455,-0.00454401,-0.00495713
0.56,4,-0.303035,-0.278286,-0.0636609,-0.166162,-0.0247491
0.56,5,0.096965,0.0998306,-0.0191876,-0.00857204,-0.00286566
0.57,0,0.964677,0.997286,-0.111673,-0.96935,-0.0326092
0.57,1,-0.510597,-0.399862,-0.152022,-3.97334,-0.110735
0.57,2,0.814129,0.862157,0.0906373,-1.62211,-0.0480278
0.57,3,0.192936,0.198072,-0.0866344,0.00061583,-0.00513648
0.57,4,-0.303532,-0.278872,-0.0545869,-0.16999,-0.0246605
0.57,5,0.0964674,0.0995937,-0.0273556,-0.00742443,-0.00312622
0.58,0,0.959702,0.996019,-0.139296,-1.0348,-0.0363171
0.58,1,-0.51209,-0.401366,-0.148849,-3.98242,-0.110724
0.58,2,0.816119,0.863175,0.110504,-1.63267,-0.0470552
0.58,3,0.191941,0.197151,-0.0963912,0.00573585,-0.00520989
0.58,4,-0.30403,-0.279372,-0.0463624,-0.174084,-0.0246581
0.58,5,0.0959699,0.0992771,-0.0350686,-0.00601563,-0.00330724
0.59,0,0.954726,0.994466,-0.168451,-1.08425,-0.03974
0.59,1,-0.513582,-0.402833,-0.144947,-3.99513,-0.110749
0.59,2,0.81811,0.864379,0.128249,-1.64458,-0.0462695
0.59,3,0.190946,0.196142,-0.104218,0.0105674,-0.00519631
0.59,4,-0.304527,-0.279795,-0.0391603,-0.17828,-0.0247325
0.59,5,0.0954723,0.0988877,-0.0419734,-0.00448475,-0.00341535
0.6,0,0.949751,0.992616,-0.198715,-1.11845,-0.0428649
0.6,1,-0.515075,-0.404259,-0.140549,-4.011,-0.110816
0.6,2,0.8201,0.86575,0.144046,-1.6576,-0.0456504
0.6,3,0.189951,0.195066,-0.11013,0.0149274,-0.00511505
0.6,4,-0.305025,-0.280152,-0.0330269,-0.18247,-0.024873
0.6,5,0.0949748,0.0984347,-0.0478649,-0.00293988,-0.00345987
0.61,0,0.944776,0.990459,-0.229693,-1.13824,-0.0456829
0.61,1,-0.516568,-0.405639,-0.135866,-4.02956,-0.110929
0.61,2,0.82209,0.867269,0.158049,-1.67148,-0.0451792
0.61,3,0.188956,0.19394,-0.114228,0.0186894,-0.00498475
0.61,4,-0.305522,-0.280453,-0.0279338,-0.186586,-0.0250691
0.61,5,0.0944773,0.0979288,-0.0526533,-0.00146154,-0.00345151
0.62,0,0.939801,0.98799,-0.261013,-1.14452,-0.048189
0.62,1,-0.51806,-0.406971,-0.131082,-4.05032,-0.111089
0.62,2,0.82408,0.868919,0.170401,-1.68597,-0.0448389
0.62,3,0.187961,0.192783,-0.116671,0.0217754,-0.00482272
0.62,4,-0.30602,-0.280709,-0.0238125,-0.190579,-0.0253106
0.62,5,0.0939797,0.0973811,-0.0563345,-0.000106519,-0.00340137
0.63,0,0.934826,0.985208,-0.29233,-1.13827,-0.0503816
0.63,1,-0.519553,-0.408256,-0.12636,-4.0728,-0.111297
0.63,2,0.82607,0.870683,0.181228,-1.70086,-0.0446136
0.63,3,0.186966,0.19161,-0.117654,0.0241476,-0.00464447
0.63,4,-0.306517,-0.280929,-0.0205764,-0.19442,-0.0255885
0.63,5,0.0934822,0.0968024,-0.0589653,0.00108821,-0.00332027
0.64,0,0.929851,0.982113,-0.323324,-1.12053,-0.0522625
0.64,1,-0.521045,-0.409494,-0.121836,-4.09653,-0.111551
0.64,2,0.82806,0.872549,0.190648,-1.71596,-0.0444887
0.64,3,0.185971,0.190434,-0.117391,0.0258006,-0.00446342
0.64,4,-0.307015,-0.28112,-0.0181342,-0.198087,-0.0258943
0.64,5,0.0929846,0.0962028,-0.0606427,0.00210181,-0.0032182
0.65,0,0.924876,0.978712,-0.353705,-1.09235,-0.0538367
0.65,1,-0.522538,-0.410689,-0.117622,-4.12108,-0.111849
0.65,2,0.83005,0.874501,0.198767,-1.73106,-0.0444509
0.65,3,0.184976,0.189267,-0.116104,0.0267541,-0.00429081
0.65,4,-0.307512,-0.281292,-0.0163969,-0.201566,-0.0262205
0.65,5,0.0924871,0.0955911,-0.0614878,0.00292615,-0.00310404
0.66,0,0.919901,0.975012,-0.383209,-1.05484,-0.0551116
0.66,1,-0.52403,-0.411844,-0.113809,-4.14603,-0.112186
0.66,2,0.83204,0.876527,0.205687,-1.746,-0.0444875
0.66,3,0.183981,0.188117,-0.114007,0.0270473,-0.0041357
0.66,4,-0.30801,-0.281449,-0.0152825,-0.204844,-0.0265607
0.66,5,0.0919895,0.0949749,-0.0616324,0.0035628,-0.00298538
0.67,0,0.914926,0.971023,-0.411602,-1.0091,-0.0560975
0.67,1,-0.525523,-0.412963,-0.110465,-4.17099,-0.11256
0.67,2,0.83403,0.878617,0.211501,-1.76062,-0.0445871
0.67,3,0.182986,0.186991,-0.111305,0.0267328,-0.00400505
0.67,4,-0.308507,-0.281598,-0.0147166,-0.207913,-0.0269089
0.67,5,0.091492,0.0943605,-0.0612101,0.00402045,-0.00286851
0.68,0,0.90995,0.966757,-0.438677,-0.95623,-0.0568065
0.68,1,-0.527016,-0.414052,-0.107642,-4.19562,-0.112964
0.68,2,0.83602,0.880759,0.216297,-1.77477,-0.0447393
0.68,3,0.181991,0.185895,-0.108185,0.0258723,-0.00390386
0.68,4,-0.309005,-0.281745,-0.0146332,-0.210764,-0.02726
0.68,5,0.0909944,0.0937528,-0.0603486,0.00431268,-0.00275838
0.69,0,0.904975,0.962228,-0.464257,-0.897342,-0.0572529
0.69,1,-0.528508,-0.415115,-0.105372,-4.21959,-0.113393
0.69,2,0.83801,0.882944,0.220159,-1.78834,-0.0449342
0.69,3,0.180996,0.184831,-0.104811,0.0245327,-0.0038354
0.69,4,-0.309502,-0.281892,-0.0149737,-0.21339,-0.0276097
0.69,5,0.0904969,0.0931556,-0.059166,0.00445615,-0.00265873
0.7,0,0.9,0.957453,-0.488194,-0.833512,-0.0574523
0.7,1,-0.530001,-0.416159,-0.103674,-4.24263,-0.113841
0.7,2,0.84,0.885163,0.223167,-1.80122,-0.0451629
0.7,3,0.180001,0.183802,-0.101329,0.0227835,-0.00380139
0.7,4,-0.31,-0.282046,-0.0156858,-0.215787,-0.0279538
0.7,5,0.0899994,0.0925715,-0.0577669,0.00446923,-0.00257217
0.71,0,0.895025,0.952447,-0.510365,-0.765789,-0.0574221
0.71,1,-0.531493,-0.417189,-0.102552,-4.2645,-0.114304
0.71,2,0.84199,0.887408,0.225398,-1.81332,-0.0454174
0.71,3,0.179006,0.182808,-0.0978595,0.0206936,-0.00380222
0.71,4,-0.310497,-0.282208,-0.0167225,-0.21795,-0.028289
0.71,5,0.0895018,0.0920022,-0.056242,0.00437081,-0.00250036
0.72,0,0.89005,0.94723,-0.530675,-0.695185,-0.0571803
0.72,1,-0.532986,-0.418212,-0.102,-4.28498,-0.114774
0.72,2,0.84398,0.889671,0.226926,-1.82456,-0.0456903
0.72,3,0.178011,0.181848,-0.0945034,0.0183302,-0.00383719
0.72,4,-0.310995,-0.282382,-0.0180411,-0.219877,-0.0286122
0.72,5,0.0890043,0.0914484,-0.0546673,0.00417953,-0.00244413
0.73,0,0.885075,0.941821,-0.549057,-0.622665,-0.0567459
0.73,1,-0.534479,-0.419231,-0.102,-4.3039,-0.115247
0.73,2,0.84597,0.891945,0.227819,-1.83488,-0.0459749
0.73,3,0.177016,0.180921,-0.0913406,0.0157572,-0.00390472
0.73,4,-0.311492,-0.282571,-0.0196019,-0.221566,-0.0289209
0.73,5,0.0885067,0.0909104,-0.0531044,0.00391317,-0.00240363
0.74,0,0.8801,0.936238,-0.565467,-0.549142,-0.0561386
0.74,1,-0.535971,-0.420254,-0.102527,-4.32112,-0.115718
0.74,2,0.84796,0.894226,0.228146,-1.84425,-0.0462653
0.74,3,0.176021,0.180024,-0.0884327,0.0130344,-0.00400252
0.74,4,-0.31199,-0.282777,-0.0213677,-0.223018,-0.0292128
0.74,5,0.0880092,0.0903876,-0.0516018,0.00358824,-0.00237846
0.75,0,0.875125,0.930503,-0.579884,-0.475469,-0.0553781
0.75,1,-0.537464,-0.421284,-0.103547,-4.33654,-0.11618
0.75,2,0.84995,0.896507,0.227971,-1.85262,-0.0465561
0.75,3,0.175026,0.179154,-0.0858244,0.0102169,-0.00412778
0.75,4,-0.312487,-0.283001,-0.0233035,-0.224237,-0.0294861
0.75,5,0.0875116,0.0898794,-0.0501962,0.00321981,-0.00236781
0.76,0,0.87015,0.924634,-0.592312,-0.402437,-0.0544843
0.76,1,-0.538956,-0.422327,-0.105023,-4.35009,-0.116629
0.76,2,0.851941,0.898783,0.227356,-1.85999,-0.0468427
0.76,3,0.174031,0.178308,-0.0835461,0.00735443,-0.00427732
0.76,4,-0.312985,-0.283245,-0.0253758,-0.225226,-0.0297392
0.76,5,0.0870141,0.0893847,-0.0489137,0.00282133,-0.00237056
0.77,0,0.865174,0.918652,-0.602772,-0.33077,-0.0534772
0.77,1,-0.540449,-0.423388,-0.10691,-4.36172,-0.117061
0.77,2,0.853931,0.901052,0.22636,-1.86635,-0.047121
0.77,3,0.173036,0.177484,-0.0816157,0.00449192,-0.00444775
0.77,4,-0.313482,-0.283511,-0.0275525,-0.225992,-0.0299711
0.77,5,0.0865166,0.0889019,-0.0477715,0.00240461,-0.00238537
0.78,0,0.860199,0.912575,-0.611307,-0.261121,-0.0523761
0.78,1,-0.541941,-0.424469,-0.109163,-4.37142,-0.117473
0.78,2,0.855921,0.903308,0.22504,-1.87171,-0.0473875
0.78,3,0.172041,0.176677,-0.0800404,0.00166895,-0.00463553
0.78,4,-0.31398,-0.283799,-0.0298027,-0.226544,-0.0301807
0.78,5,0.086019,0.0884298,-0.0467794,0.00197992,-0.00241078
0.79,0,0.855224,0.906424,-0.617975,-0.194073,-0.0511999
0.79,1,-0.543434,-0.425574,-0.111732,-4.37919,-0.11786
0.79,2,0.857911,0.90555,0.223447,-1.87607,-0.0476393
0.79,3,0.171046,0.175883,-0.0788188,-0.00107986,-0.00483712
0.79,4,-0.314477,-0.284109,-0.0320971,-0.226892,-0.0303676
0.79,5,0.0855215,0.0879667,-0.0459412,0.00155602,-0.00244527
0.8,0,0.850249,0.900216,-0.622849,-0.130135,-0.049967
0.8,1,-0.544927,-0.426707,-0.114569,-4.38507,-0.11822
0.8,2,0.859901,0.907775,0.221633,-1.87948,-0.0478739
0.8,3,0.170051,0.1751,-0.0779422,-0.00372474,-0.00504901
0.8,4,-0.314975,-0.284443,-0.0344078,-0.227047,-0.0305314
0.8,5,0.0850239,0.0875112,-0.0452558,0.00114027,-0.00248729
0.81,0,0.845274,0.893969,-0.626016,-0.0697456,-0.0486949
0.81,1,-0.546419,-0.427869,-0.117622,-4.38912,-0.11855
0.81,2,0.861891,0.90998,0.219644,-1.88197,-0.0480894
0.81,3,0.169056,0.174324,-0.0773964,-0.00624048,-0.00526783
0.81,4,-0.315472,-0.2848,-0.0367085,-0.227023,-0.0306721
0.81,5,0.0845264,0.0870617,-0.0447185,0.00073877,-0.00253535
0.82,0,0.840299,0.887699,-0.627576,-0.0132698,-0.0474
0.82,1,-0.547912,-0.429063,-0.120843,-4.39141,-0.118849
0.82,2,0.863881,0.912165,0.217524,-1.88357,-0.0482842
0.82,3,0.168061,0.173552,-0.0771627,-0.00860618,-0.00549038
0.82,4,-0.31597,-0.285179,-0.0389748,-0.226833,-0.0307901
0.82,5,0.0840288,0.0866168,-0.0443218,0.000356492,-0.00258801
0.83,0,0.835324,0.881422,-0.627636,0.038996,-0.0460978
0.83,1,-0.549404,-0.43029,-0.124183,-4.39203,-0.119114
0.83,2,0.865871,0.914328,0.215315,-1.88435,-0.0484573
0.83,3,0.167066,0.17278,-0.0772193,-0.010805,-0.00571365
0.83,4,-0.316467,-0.285581,-0.0411841,-0.226493,-0.0308856
0.83,5,0.0835313,0.0861752,-0.0440562,-2.62391e-06,-0.0026439
0.84,0,0.830349,0.875151,-0.626311,0.0868241,-0.0448027
0.84,1,-0.550897,-0.43155,-0.127596,-4.39107,-0.119346
0.84,2,0.867861,0.916469,0.213054,-1.88435,-0.048608
0.84,3,0.166071,0.172006,-0.0775417,-0.0128237,-0.00593488
0.84,4,-0.316965,-0.286005,-0.0433159,-0.226018,-0.0309594
0.84,5,0.0830337,0.0857355,-0.0439111,-0.000335539,-0.00270177
0.85,0,0.825374,0.868902,-0.623724,0.130052,-0.043528
0.85,1,-0.552389,-0.432845,-0.131037,-4.38865,-0.119544
0.85,2,0.869851,0.918587,0.210776,-1.88363,-0.0487359
0.85,3,0.165076,0.171228,-0.0781043,-0.0146528,-0.00615153
0.85,4,-0.317462,-0.28645,-0.0453521,-0.225424,-0.0310125
0.85,5,0.0825362,0.0852967,-0.0438748,-0.000640013,-0.00276049
0.86,0,0.820398,0.862684,-0.619999,0.168578,-0.0422855
0.86,1,-0.553882,-0.434175,-0.134465,-4.3849,-0.119707
0.86,2,0.871841,0.920682,0.208511,-1.88226,-0.0488411
0.86,3,0.164081,0.170443,-0.0788801,-0.0162856,-0.00636137
0.86,4,-0.317959,-0.286914,-0.0472766,-0.224728,-0.0310458
0.86,5,0.0820387,0.0848577,-0.0439355,-0.000914505,-0.00281903
0.87,0,0.815423,0.856509,-0.615264,0.20236,-0.0410858
0.87,1,-0.555375,-0.435538,-0.137842,-4.37994,-0.119837
0.87,2,0.873831,0.922755,0.206288,-1.88029,-0.0489239
0.87,3,0.163086,0.169649,-0.0798421,-0.0177187,-0.0065624
0.87,4,-0.318457,-0.287396,-0.049076,-0.223946,-0.0310605
0.87,5,0.0815411,0.0844176,-0.0440811,-0.00115809,-0.00287648
0.88,0,0.810448,0.850387,-0.60965,0.231409,-0.0399385
0.88,1,-0.556867,-0.436934,-0.141133,-4.37391,-0.119933
0.88,2,0.875821,0.924806,0.204132,-1.87781,-0.0489848
0.88,3,0.162091,0.168844,-0.0809632,-0.0189512,-0.00675291
0.88,4,-0.318954,-0.287897,-0.0507392,-0.223094,-0.031058
0.88,5,0.0810436,0.0839756,-0.0442998,-0.00137039,-0.00293207
0.89,0,0.805473,0.844325,-0.603284,0.255788,-0.0388516
0.89,1,-0.55836,-0.438363,-0.144308,-4.36693,-0.119996
0.89,2,0.877811,0.926836,0.202065,-1.87487,-0.0490246
0.89,3,0.161096,0.168028,-0.0822168,-0.0199846,-0.00693146
0.89,4,-0.319452,-0.288412,-0.0522573,-0.222188,-0.0310396
0.89,5,0.080546,0.0835311,-0.0445803,-0.00155149,-0.00298512
0.9,0,0.800498,0.83833,-0.596292,0.275602,-0.0378318
0.9,1,-0.559852,-0.439823,-0.147338,-4.35915,-0.120029
0.9,2,0.879801,0.928846,0.200104,-1.87154,-0.0490443
0.9,3,0.160101,0.167198,-0.0835771,-0.0208225,-0.00709687
0.9,4,-0.319949,-0.288943,-0.0536239,-0.221243,-0.0310069
0.9,5,0.0800485,0.0830836,-0.0449116,-0.00170188,-0.00303507
0.91,0,0.795523,0.832408,-0.588798,0.291,-0.0368849
0.91,1,-0.561345,-0.441312,-0.1502,-4.35069,-0.120032
0.91,2,0.881791,0.930836,0.198267,-1.86789,-0.0490451
0.91,3,0.159106,0.166355,-0.0850192,-0.0214705,-0.00724821
0.91,4,-0.320447,-0.289486,-0.0548349,-0.220273,-0.0309613
0.91,5,0.0795509,0.0826324,-0.0452834,-0.00182242,-0.00308149
0.92,0,0.790548,0.826563,-0.580922,0.302164,-0.0360151
0.92,1,-0.562837,-0.442829,-0.152876,-4.34169,-0.120008
0.92,2,0.883781,0.93281,0.196566,-1.86398,-0.0490283
0.92,3,0.158111,0.165496,-0.0865196,-0.021936,-0.00738478
0.92,4,-0.320944,-0.29004,-0.0558882,-0.219292,-0.0309046
0.92,5,0.0790534,0.0821774,-0.0456859,-0.00191424,-0.003124
0.93,0,0.785573,0.820798,-0.572777,0.30931,-0.0352256
0.93,1,-0.56433,-0.444372,-0.155348,-4.33228,-0.119958
0.93,2,0.885771,0.934767,0.195011,-1.85988,-0.0489952
0.93,3,0.157116,0.164623,-0.0880559,-0.0222278,-0.00750614
0.93,4,-0.321442,-0.290604,-0.0567838,-0.218313,-0.0308381
0.93,5,0.0785558,0.0817182,-0.0461103,-0.00197876,-0.00316237
0.94,0,0.780598,0.815116,-0.564472,0.312677,-0.0345185
0.94,1,-0.565823,-0.445938,-0.157606,-4.32257,-0.119885
0.94,2,0.887762,0.936709,0.19361,-1.85564,-0.0489474
0.94,3,0.156121,0.163733,-0.0896075,-0.0223558,-0.00761203
0.94,4,-0.321939,-0.291176,-0.0575235,-0.217347,-0.0307636
0.94,5,0.0780583,0.0812547,-0.0465482,-0.00201759,-0.00319641
0.95,0,0.775622,0.809517,-0.556108,0.312529,-0.0338949
0.95,1,-0.567315,-0.447525,-0.159639,-4.31267,-0.11979
0.95,2,0.889752,0.938638,0.192367,-1.85133,-0.0488865
0.95,3,0.155126,0.162829,-0.0911551,-0.022331,-0.00770241
0.95,4,-0.322437,-0.291754,-0.0581109,-0.216404,-0.0306825
0.95,5,0.0775608,0.0807868,-0.0469922,-0.00203252,-0.00322603
0.96,0,0.770647,0.804002,-0.547779,0.309145,-0.0333548
0.96,1,-0.568808,-0.449132,-0.161443,-4.3027,-0.119676
0.96,2,0.891742,0.940556,0.191286,-1.84699,-0.048814
0.96,3,0.154131,0.161909,-0.0926813,-0.0221654,-0.00777742
0.96,4,-0.322934,-0.292338,-0.058551,-0.215495,-0.0305963
0.96,5,0.0770632,0.0803144,-0.0474354,-0.00202545,-0.00325121
0.97,0,0.765672,0.79857,-0.539571,0.302819,-0.0328974
0.97,1,-0.5703,-0.450755,-0.163016,-4.29276,-0.119545
0.97,2,0.893732,0.942463,0.190366,-1.84268,-0.0487316
0.97,3,0.153136,0.160974,-0.0941702,-0.0218715,-0.00783736
0.97,4,-0.323432,-0.292925,-0.0588502,-0.214627,-0.0305065
0.97,5,0.0765657,0.0798377,-0.0478719,-0.0019984,-0.003272
0.98,0,0.760697,0.793218,-0.531564,0.29385,-0.032521
0.98,1,-0.571793,-0.452393,-0.164358,-4.28293,-0.1194
0.98,2,0.895722,0.944363,0.189607,-1.83844,-0.0486409
0.98,3,0.152141,0.160024,-0.095608,-0.021462,-0.00788268
0.98,4,-0.323929,-0.293515,-0.0590161,-0.213808,-0.0304145
0.98,5,0.0760681,0.0793566,-0.0482964,-0.00195344,-0.00328847
0.99,0,0.755722,0.787945,-0.523826,0.282546,-0.0322233
0.99,1,-0.573285,-0.454043,-0.165472,-4.27329,-0.119243
0.99,2,0.897712,0.946255,0.189004,-1.83431,-0.0485435
0.99,3,0.151146,0.15906,-0.0969823,-0.0209503,-0.00791397
0.99,4,-0.324427,-0.294105,-0.0590571,-0.213044,-0.0303215
0.99,5,0.0755706,0.0788714,-0.0487044,-0.00189266,-0.0033008
1,0,0.750747,0.782748,-0.51642,0.269213,-0.0320012
1,1,-0.574778,-0.455703,-0.166365,-4.26392,-0.119075
1,2,0.899702,0.948143,0.188554,-1.83033,-0.0484409
1,3,0.150152,0.158083,-0.0982826,-0.0203495,-0.00793191
1,4,-0.324924,-0.294696,-0.0589825,-0.212339,-0.0302288
1,5,0.075073,0.0783822,-0.0490919,-0.00181815,-0.00330915
1.01,0,0.745772,0.777623,-0.5094,0.254157,-0.031851
1.01,1,-0.576271,-0.45737,-0.167045,-4.25488,-0.1189
1.01,2,0.901692,0.950026,0.188249,-1.82653,-0.0483346
1.01,3,0.149157,0.157094,-0.0995001,-0.0196729,-0.00793729
1.01,4,-0.325422,-0.295285,-0.0588023,-0.211698,-0.0301373
1.01,5,0.0745755,0.0778892,-0.0494558,-0.001732,-0.00331375
1.02,0,0.740797,0.772565,-0.502809,0.237676,-0.0317688
1.02,1,-0.577763,-0.459043,-0.167521,-4.24623,-0.11872
1.02,2,0.903682,0.951908,0.188082,-1.82294,-0.048226
1.02,3,0.148162,0.156093,-0.100628,-0.0189332,-0.00793099
1.02,4,-0.325919,-0.295871,-0.0585269,-0.211123,-0.0300483
1.02,5,0.0740779,0.0773928,-0.0497936,-0.00163621,-0.00331485
1.03,0,0.735822,0.767571,-0.496686,0.220062,-0.0317499
1.03,1,-0.579256,-0.46072,-0.167804,-4.23801,-0.118535
1.03,2,0.905672,0.953788,0.188044,-1.81958,-0.0481164
1.03,3,0.147167,0.155081,-0.10166,-0.0181433,-0.00791394
1.03,4,-0.326417,-0.296454,-0.0581667,-0.210616,-0.0299624
1.03,5,0.0735804,0.0768931,-0.0501032,-0.00153274,-0.00331274
1.04,0,0.730846,0.762636,-0.491058,0.201595,-0.0317895
1.04,1,-0.580748,-0.462399,-0.167907,-4.23025,-0.118349
1.04,2,0.907662,0.955669,0.188126,-1.81647,-0.0480072
1.04,3,0.146172,0.154059,-0.102593,-0.0173152,-0.0078871
1.04,4,-0.326914,-0.297034,-0.0577327,-0.210178,-0.0298806
1.04,5,0.0730829,0.0763905,-0.0503833,-0.00142344,-0.00330768
1.05,0,0.725871,0.757754,-0.485948,0.182542,-0.0318826
1.05,1,-0.582241,-0.464078,-0.167845,-4.22299,-0.118163
1.05,2,0.909652,0.957551,0.188317,-1.81361,-0.0478993
1.05,3,0.145177,0.153028,-0.103424,-0.0164604,-0.00785149
1.05,4,-0.327412,-0.297608,-0.0572355,-0.209809,-0.0298034
1.05,5,0.0725853,0.0758853,-0.050633,-0.00131008,-0.0033
1.06,0,0.720896,0.75292,-0.48137,0.163157,-0.0320238
1.06,1,-0.583734,-0.465755,-0.16763,-4.21624,-0.117978
1.06,2,0.911642,0.959436,0.188606,-1.81103,-0.0477939
1.06,3,0.144182,0.15199,-0.104152,-0.01559,-0.00780814
1.06,4,-0.327909,-0.298178,-0.0566859,-0.209509,-0.0297315
1.06,5,0.0720878,0.0753777,-0.050852,-0.0011943,-0.00328998
1.07,0,0.715921,0.748129,-0.477331,0.143676,-0.0322079
1.07,1,-0.585226,-0.46743,-0.16728,-4.21001,-0.117796
1.07,2,0.913632,0.961324,0.188982,-1.80872,-0.0476919
1.07,3,0.143187,0.150945,-0.104778,-0.0147142,-0.00775808
1.07,4,-0.328407,-0.298741,-0.0560942,-0.209276,-0.0296654
1.07,5,0.0715902,0.0748682,-0.0510403,-0.00107762,-0.00327794
1.08,0,0.710946,0.743375,-0.473831,0.124318,-0.0324294
1.08,1,-0.586719,-0.4691,-0.166809,-4.20431,-0.117619
1.08,2,0.915622,0.963216,0.189433,-1.80669,-0.0475941
1.08,3,0.142192,0.149894,-0.105301,-0.0138424,-0.00770232
1.08,4,-0.328904,-0.299299,-0.0554704,-0.209108,-0.0296053
1.08,5,0.0710927,0.0743569,-0.0511984,-0.000961433,-0.00326419
1.09,0,0.705971,0.738654,-0.470866,0.105282,-0.0326829
1.09,1,-0.588211,-0.470765,-0.166233,-4.19915,-0.117446
1.09,2,0.917612,0.965114,0.189949,-1.80493,-0.0475012
1.09,3,0.141197,0.148839,-0.105726,-0.0129833,-0.00764187
1.09,4,-0.329402,-0.29985,-0.0548243,-0.209001,-0.0295517
1.09,5,0.0705951,0.0738442,-0.051327,-0.000846997,-0.00324902
1.1,0,0.700996,0.733959,-0.468426,0.0867498,-0.0329632
1.1,1,-0.589704,-0.472424,-0.165567,-4.1945,-0.11728
1.1,2,0.919602,0.967016,0.190517,-1.80345,-0.0474137
1.1,3,0.140202,0.147779,-0.106054,-0.0121448,-0.00757771
1.1,4,-0.329899,-0.300395,-0.0541649,-0.208954,-0.0295045
1.1,5,0.0700976,0.0733303,-0.0514272,-0.000735434,-0.00323272
1.11,0,0.696021,0.729286,-0.466496,0.0688824,-0.0332651
1.11,1,-0.591196,-0.474076,-0.164828,-4.19035,-0.117121
1.11,2,0.921593,0.968925,0.191128,-1.80222,-0.0473321
1.11,3,0.139207,0.146718,-0.10629,-0.0113337,-0.00751078
1.11,4,-0.330397,-0.300933,-0.0535008,-0.208962,-0.029464
1.11,5,0.0696,0.0728156,-0.0515003,-0.000627736,-0.00321557
1.12,0,0.691046,0.724629,-0.465055,0.051821,-0.0335836
1.12,1,-0.592689,-0.475719,-0.164029,-4.18669,-0.11697
1.12,2,0.923583,0.970839,0.191769,-1.80124,-0.0472569
1.12,3,0.138212,0.145654,-0.106439,-0.0105562,-0.00744197
1.12,4,-0.330894,-0.301464,-0.05284,-0.209021,-0.0294302
1.12,5,0.0691025,0.0723003,-0.0515479,-0.00052476,-0.00319783
1.13,0,0.68607,0.719984,-0.464081,0.0356867,-0.0339139
1.13,1,-0.594182,-0.477355,-0.163186,-4.1835,-0.116826
1.13,2,0.925573,0.972761,0.192431,-1.80051,-0.0471881
1.13,3,0.137217,0.144589,-0.106506,-0.00981761,-0.00737212
1.13,4,-0.331392,-0.301989,-0.0521898,-0.209128,-0.0294028
1.13,5,0.068605,0.0717847,-0.0515716,-0.000427233,-0.00317974
1.14,0,0.681095,0.715347,-0.463547,0.0205812,-0.0342515
1.14,1,-0.595674,-0.478982,-0.162312,-4.18074,-0.116692
1.14,2,0.927563,0.974689,0.193104,-1.79999,-0.0471261
1.14,3,0.136222,0.143524,-0.106497,-0.00912227,-0.00730203
1.14,4,-0.331889,-0.302507,-0.0515568,-0.209277,-0.0293819
1.14,5,0.0681074,0.071269,-0.0515732,-0.000335762,-0.00316154
1.15,0,0.67612,0.710712,-0.463424,0.00658697,-0.0345921
1.15,1,-0.597167,-0.4806,-0.16142,-4.17839,-0.116566
1.15,2,0.929553,0.976624,0.193779,-1.79968,-0.0470708
1.15,3,0.135227,0.142459,-0.106417,-0.00847379,-0.00723243
1.15,4,-0.332387,-0.30302,-0.050947,-0.209464,-0.0293672
1.15,5,0.0676099,0.0707533,-0.0515546,-0.000250832,-0.00314344
1.16,0,0.671145,0.706077,-0.463681,-0.00623233,-0.0349319
1.16,1,-0.598659,-0.48221,-0.160523,-4.17641,-0.11645
1.16,2,0.931543,0.978565,0.194448,-1.79956,-0.0470222
1.16,3,0.134232,0.141396,-0.106274,-0.00787499,-0.00716397
1.16,4,-0.332884,-0.303526,-0.0503655,-0.209685,-0.0293585
1.16,5,0.0671123,0.070238,-0.0515178,-0.000172817,-0.00312563
1.17,0,0.66617,0.701437,-0.464285,-0.0178307,-0.0352671
1.17,1,-0.600152,-0.48381,-0.159632,-4.17478,-0.116342
1.17,2,0.933533,0.980513,0.195102,-1.79961,-0.0469802
1.17,3,0.133237,0.140334,-0.106074,-0.00732792,-0.00709726
1.17,4,-0.333382,-0.304026,-0.0498168,-0.209935,-0.0293554
1.17,5,0.0666148,0.0697231,-0.0514646,-0.000101986,-0.00310828
1.18,0,0.661195,0.69679,-0.465202,-0.0281792,-0.0355946
1.18,1,-0.601644,-0.485401,-0.158757,-4.17345,-0.116243
1.18,2,0.935523,0.982468,0.195736,-1.79981,-0.0469447
1.18,3,0.132242,0.139275,-0.105824,-0.00683392,-0.00703283
1.18,4,-0.333879,-0.304522,-0.0493047,-0.210208,-0.0293575
1.18,5,0.0661172,0.0692088,-0.0513972,-3.85107e-05,-0.00309153
1.19,0,0.65622,0.692131,-0.466396,-0.0372648,-0.0359113
1.19,1,-0.603137,-0.486984,-0.157908,-4.17238,-0.116153
1.19,2,0.937513,0.984428,0.196343,-1.80015,-0.0469154
1.19,3,0.131247,0.138218,-0.10553,-0.00639365,-0.00697116
1.19,4,-0.334377,-0.305012,-0.0488323,-0.210501,-0.0293646
1.19,5,0.0656197,0.0686952,-0.0513174,1.75295e-05,-0.00307554
1.2,0,0.651245,0.687459,-0.467834,-0.045089,-0.0362148
1.2,1,-0.60463,-0.488559,-0.157092,-4.17155,-0.116071
1.2,2,0.939503,0.986395,0.196917,-1.80059,-0.0468919
1.2,3,0.130252,0.137165,-0.105199,-0.00600715,-0.00691263
1.2,4,-0.334874,-0.305498,-0.048402,-0.210809,-0.0293762
1.2,5,0.0651221,0.0681825,-0.051227,6.61376e-05,-0.0030604
1.21,0,0.64627,0.682772,-0.469479,-0.0516674,-0.0365026
1.21,1,-0.606122,-0.490126,-0.156317,-4.17091,-0.115997
1.21,2,0.941493,0.988367,0.197455,-1.80113,-0.046874
1.21,3,0.129257,0.136115,-0.104837,-0.00567388,-0.00685759
1.21,4,-0.335372,-0.30598,-0.0480155,-0.211127,-0.0293918
1.21,5,0.0646246,0.0676708,-0.0511281,0.000107392,-0.00304621
1.22,0,0.641294,0.678068,-0.471299,-0.0570277,-0.0367731
1.22,1,-0.607615,-0.491685,-0.155589,-4.17043,-0.11593
1.22,2,0.943483,0.990344,0.197952,-1.80174,-0.0468613
1.22,3,0.128262,0.135068,-0.104451,-0.00539277,-0.00680631
1.22,4,-0.335869,-0.306458,-0.0476739,-0.211452,-0.0294111
1.22,5,0.0641271,0.0671601,-0.0510223,0.000141442,-0.00303305
1.23,0,0.636319,0.673344,-0.473258,-0.0612086,-0.0370245
1.23,1,-0.609107,-0.493237,-0.154913,-4.17008,-0.115871
1.23,2,0.945473,0.992327,0.198407,-1.80241,-0.0468533
1.23,3,0.127267,0.134026,-0.104046,-0.00516229,-0.006759
1.23,4,-0.336367,-0.306933,-0.0473777,-0.211779,-0.0294335
1.23,5,0.0636295,0.0666505,-0.0509112,0.000168494,-0.00302098
1.24,0,0.631344,0.6686,-0.475324,-0.064259,-0.0372558
1.24,1,-0.6106,-0.494782,-0.154294,-4.16982,-0.115817
1.24,2,0.947463,0.994313,0.198816,-1.80312,-0.0468496
1.24,3,0.126272,0.132988,-0.103629,-0.00498049,-0.0067158
1.24,4,-0.336864,-0.307406,-0.047127,-0.212106,-0.0294586
1.24,5,0.063132,0.066142,-0.0507966,0.000188812,-0.00301004
1.25,0,0.626369,0.663835,-0.477467,-0.066236,-0.0374659
1.25,1,-0.612092,-0.496322,-0.153733,-4.16961,-0.11577
1.25,2,0.949453,0.996303,0.199179,-1.80385,-0.0468497
1.25,3,0.125277,0.131954,-0.103205,-0.00484503,-0.00667682
1.25,4,-0.337362,-0.307876,-0.0469212,-0.212428,-0.029486
1.25,5,0.0626344,0.0656347,-0.0506799,0.000202707,-0.00300025
1.26,0,0.621394,0.659048,-0.479657,-0.0672039,-0.0376543
1.26,1,-0.613585,-0.497857,-0.153234,-4.16943,-0.115728
1.26,2,0.951443,0.998297,0.199494,-1.80459,-0.0468532
1.26,3,0.124282,0.130924,-0.102779,-0.00475328,-0.00664209
1.26,4,-0.337859,-0.308344,-0.0467592,-0.212742,-0.0295152
1.26,5,0.0621369,0.0651285,-0.0505625,0.00021053,-0.00299164
1.27,0,0.616419,0.65424,-0.481866,-0.0672331,-0.0378207
1.27,1,-0.615078,-0.499387,-0.152797,-4.16924,-0.115691
1.27,2,0.953433,1.00029,0.199762,-1.80531,-0.0468596
1.27,3,0.123287,0.129899,-0.102356,-0.00470233,-0.00661161
1.27,4,-0.338357,-0.308811,-0.0466396,-0.213047,-0.0295458
1.27,5,0.0616393,0.0646235,-0.0504457,0.000212666,-0.00298421
1.28,0,0.611444,0.649409,-0.484068,-0.0663986,-0.0379651
1.28,1,-0.61657,-0.500913,-0.152423,-4.16903,-0.115658
1.28,2,0.955423,1.00229,0.199984,-1.80602,-0.0468685
1.28,3,0.122292,0.128877,-0.10194,-0.00468907,-0.00658532
1.28,4,-0.338854,-0.309277,-0.0465606,-0.213339,-0.0295774
1.28,5,0.0611418,0.0641197,-0.0503306,0.000209531,-0.00297793
1.29,0,0.606469,0.644556,-0.486241,-0.0647789,-0.0380875
1.29,1,-0.618063,-0.502435,-0.152112,-4.16877,-0.115628
1.29,2,0.957414,1.00429,0.20016,-1.8067,-0.0468792
1.29,3,0.121297,0.12786,-0.101535,-0.00471022,-0.00656314
1.29,4,-0.339352,-0.309742,-0.0465202,-0.213616,-0.0296095
1.29,5,0.0606443,0.063617,-0.0502183,0.000201561,-0.00297279
1.3,0,0.601494,0.639682,-0.488362,-0.0624549,-0.0381885
1.3,1,-0.619555,-0.503955,-0.151862,-4.16844,-0.115601
1.3,2,0.959404,1.0063,0.200292,-1.80733,-0.0468915
1.3,3,0.120302,0.126847,-0.101145,-0.00476237,-0.00654492
1.3,4,-0.339849,-0.310207,-0.0465158,-0.213877,-0.0296419
1.3,5,0.0601467,0.0631155,-0.0501098,0.000189208,-0.00296875
1.31,0,0.596518,0.634787,-0.490413,-0.0595086,-0.0382687
1.31,1,-0.621048,-0.505472,-0.151671,-4.16801,-0.115576
1.31,2,0.961394,1.0083,0.200381,-1.80791,-0.0469049
1.31,3,0.119307,0.125838,-0.100772,-0.00484206,-0.00653052
1.31,4,-0.340347,-0.310673,-0.0465448,-0.21412,-0.0296741
1.31,5,0.0596492,0.0626149,-0.050006,0.000172939,-0.00296577
1.32,0,0.591543,0.629872,-0.492376,-0.0560226,-0.0383288
1.32,1,-0.62254,-0.506988,-0.151537,-4.16748,-0.115552
1.32,2,0.963384,1.0103,0.200432,-1.80843,-0.046919
1.32,3,0.118312,0.124832,-0.100419,-0.00494577,-0.00651974
1.32,4,-0.340844,-0.311138,-0.0466044,-0.214344,-0.0297058
1.32,5,0.0591516,0.0621154,-0.0499074,0.000153224,-0.0029638
1.33,0,0.586568,0.624938,-0.494238,-0.0520786,-0.0383698
1.33,1,-0.624033,-0.508503,-0.151458,-4.16683,-0.11553
1.33,2,0.965374,1.01231,0.200444,-1.80889,-0.0469334
1.33,3,0.117317,0.12383,-0.100089,-0.00507001,-0.00651236
1.33,4,-0.341342,-0.311605,-0.0466916,-0.214549,-0.0297368
1.33,5,0.0586541,0.0616169,-0.0498149,0.000130534,-0.00296279
1.34,0,0.581593,0.619986,-0.495985,-0.0477568,-0.0383928
1.34,1,-0.625526,-0.510017,-0.15143,-4.16604,-0.115508
1.34,2,0.967364,1.01431,0.200423,-1.80928,-0.0469477
1.34,3,0.116322,0.12283,-0.0997836,-0.00521132,-0.00650815
1.34,4,-0.341839,-0.312072,-0.0468033,-0.214733,-0.0297668
1.34,5,0.0581565,0.0611192,-0.0497288,0.000105339,-0.00296266
1.35,0,0.576618,0.615017,-0.497609,-0.0431353,-0.038399
1.35,1,-0.627018,-0.511532,-0.151449,-4.16511,-0.115486
1.35,2,0.969354,1.01632,0.200371,-1.80959,-0.0469616
1.35,3,0.115327,0.121834,-0.0995037,-0.00536632,-0.00650685
1.35,4,-0.342337,-0.312541,-0.0469365,-0.214896,-0.0297955
1.35,5,0.057659,0.0606223,-0.0496496,7.80998e-05,-0.00296336
1.36,0,0.571643,0.610033,-0.4991,-0.0382891,-0.0383897
1.36,1,-0.628511,-0.513047,-0.151511,-4.16403,-0.115464
1.36,2,0.971344,1.01832,0.20029,-1.80982,-0.0469748
1.36,3,0.114332,0.12084,-0.0992506,-0.00553174,-0.00650821
1.36,4,-0.342834,-0.313011,-0.047088,-0.215039,-0.0298228
1.36,5,0.0571614,0.0601262,-0.0495777,4.92646e-05,-0.00296481
1.37,0,0.566668,0.605034,-0.500454,-0.0332897,-0.0383663
1.37,1,-0.630003,-0.514562,-0.151613,-4.1628,-0.115441
1.37,2,0.973334,1.02032,0.200185,-1.80998,-0.0469871
1.37,3,0.113337,0.119849,-0.0990251,-0.00570444,-0.00651195
1.37,4,-0.343332,-0.313483,-0.0472546,-0.215161,-0.0298485
1.37,5,0.0566639,0.0596308,-0.0495132,1.9267e-05,-0.00296694
1.38,0,0.561693,0.600023,-0.501666,-0.0282045,-0.0383301
1.38,1,-0.631496,-0.516079,-0.15175,-4.16142,-0.115417
1.38,2,0.975324,1.02232,0.200058,-1.81006,-0.0469982
1.38,3,0.112342,0.11886,-0.0988274,-0.00588144,-0.00651779
1.38,4,-0.343829,-0.313957,-0.0474334,-0.215263,-0.0298725
1.38,5,0.0561664,0.059136,-0.0494562,-1.14784e-05,-0.00296967
1.39,0,0.556718,0.595,-0.502735,-0.0230965,-0.0382825
1.39,1,-0.632989,-0.517598,-0.151918,-4.15988,-0.115391
1.39,2,0.977314,1.02432,0.199913,-1.81006,-0.0470079
1.39,3,0.111347,0.117873,-0.0986576,-0.00605993,-0.00652545
1.39,4,-0.344327,-0.314432,-0.0476213,-0.215347,-0.0298947
1.39,5,0.0556688,0.0586417,-0.0494069,-4.25794e-05,-0.00297293
1.4,0,0.551742,0.589968,-0.50366,-0.018024,-0.0382251
1.4,1,-0.634481,-0.519118,-0.152113,-4.1582,-0.115363
1.4,2,0.979304,1.02632,0.199754,-1.80999,-0.0470161
1.4,3,0.110352,0.116887,-0.0985155,-0.00623731,-0.00653466
1.4,4,-0.344824,-0.314909,-0.0478156,-0.215411,-0.0299149
1.4,5,0.0551713,0.0581479,-0.0493651,-7.36681e-05,-0.00297664
1.41,0,0.546767,0.584927,-0.504442,-0.0130398,-0.0381592
1.41,1,-0.635974,-0.52064,-0.152329,-4.15636,-0.115334
1.41,2,0.981294,1.02832,0.199582,-1.80985,-0.0470227
1.41,3,0.109357,0.115902,-0.0984003,-0.00641118,-0.00654514
1.41,4,-0.345322,-0.315388,-0.0480135,-0.215458,-0.0299331
1.41,5,0.0546737,0.0576544,-0.0493308,-0.000104404,-0.00298073
1.42,0,0.541792,0.579878,-0.505086,-0.00819192,-0.0380862
1.42,1,-0.637466,-0.522165,-0.152563,-4.15437,-0.115302
1.42,2,0.983284,1.03031,0.199402,-1.80963,-0.0470275
1.42,3,0.108362,0.114919,-0.0983115,-0.00657935,-0.00655663
1.42,4,-0.345819,-0.31587,-0.0482124,-0.215489,-0.0299494
1.42,5,0.0541762,0.0571613,-0.0493037,-0.000134474,-0.00298512
1.43,0,0.536817,0.574825,-0.505593,-0.00352274,-0.0380076
1.43,1,-0.638959,-0.523692,-0.152812,-4.15225,-0.115267
1.43,2,0.985274,1.0323,0.199217,-1.80935,-0.0470304
1.43,3,0.107367,0.113936,-0.0982479,-0.00673987,-0.00656886
1.43,4,-0.346317,-0.316353,-0.0484101,-0.215504,-0.0299637
1.43,5,0.0536786,0.0566684,-0.0492837,-0.000163596,-0.00298974
1.44,0,0.531842,0.569767,-0.505971,0.00093072,-0.0379246
1.44,1,-0.640451,-0.525221,-0.153069,-4.15,-0.11523
1.44,2,0.987264,1.0343,0.199028,-1.809,-0.0470315
1.44,3,0.106372,0.112954,-0.0982083,-0.00689102,-0.0065816
1.44,4,-0.346814,-0.316838,-0.0486043,-0.215506,-0.029976
1.44,5,0.0531811,0.0561756,-0.0492704,-0.00019152,-0.00299453
1.45,0,0.526867,0.564705,-0.506225,0.0051368,-0.0378385
1.45,1,-0.641944,-0.526753,-0.153333,-4.14763,-0.115191
1.45,2,0.989254,1.03629,0.198839,-1.8086,-0.0470307
1.45,3,0.105377,0.111972,-0.0981913,-0.00703129,-0.00659461
1.45,4,-0.347312,-0.317325,-0.0487931,-0.215495,-0.0299864
1.45,5,0.0526835,0.055683,-0.0492634,-0.000218026,-0.00299941
1.46,0,0.521892,0.559642,-0.506363,0.00906919,-0.0377505
1.46,1,-0.643437,-0.528288,-0.153599,-4.14514,-0.115148
1.46,2,0.991245,1.03827,0.198652,-1.80814,-0.047028
1.46,3,0.104382,0.11099,-0.0981954,-0.00715945,-0.00660767
1.46,4,-0.347809,-0.317814,-0.0489747,-0.215472,-0.0299949
1.46,5,0.052186,0.0551903,-0.0492624,-0.000242928,-0.00300433
1.47,0,0.516917,0.554578,-0.506392,0.0127067,-0.0376617
1.47,1,-0.644929,-0.529826,-0.153865,-4.14255,-0.115104
1.47,2,0.993235,1.04026,0.198469,-1.80764,-0.0470234
1.47,3,0.103387,0.110008,-0.0982189,-0.00727444,-0.00662058
1.47,4,-0.348307,-0.318305,-0.0491476,-0.21544,-0.0300017
1.47,5,0.0516885,0.0546977,-0.0492669,-0.000266069,-0.00300923
1.48,0,0.511942,0.549515,-0.506321,0.0160332,-0.0375732
1.48,1,-0.646422,-0.531366,-0.154127,-4.13986,-0.115056
1.48,2,0.995225,1.04224,0.198292,-1.8071,-0.0470171
1.48,3,0.102392,0.109026,-0.0982602,-0.00737547,-0.00663316
1.48,4,-0.348804,-0.318797,-0.0493105,-0.215399,-0.0300068
1.48,5,0.0511909,0.054205,-0.0492765,-0.000287326,-0.00301406
1.49,0,0.506966,0.544452,-0.506158,0.0190374,-0.0374859
1.49,1,-0.647914,-0.532908,-0.154382,-4.13709,-0.115006
1.49,2,0.997215,1.04422,0.198122,-1.80651,-0.047009
1.49,3,0.101397,0.108043,-0.0983173,-0.00746194,-0.00664523
1.49,4,-0.349302,-0.319291,-0.0494623,-0.215352,-0.0300104
1.49,5,0.0506934,0.0537121,-0.0492907,-0.000306605,-0.00301876
1.5,0,0.501991,0.539392,-0.505914,0.0217123,-0.0374008
1.5,1,-0.649407,-0.534453,-0.154629,-4.13425,-0.114953
1.5,2,0.999205,1.0462,0.197962,-1.8059,-0.0469993
1.5,3,0.100403,0.107059,-0.0983886,-0.00753346,-0.00665666
1.5,4,-0.349799,-0.319787,-0.0496021,-0.215299,-0.0300125
1.5,5,0.0501958,0.0532191,-0.0493089,-0.000323842,-0.0030233
1.51,0,0.497016,0.534335,-0.505597,0.0240553,-0.0373184
1.51,1,-0.650899,-0.536001,-0.154864,-4.13134,-0.114898
1.51,2,1.00119,1.04818,0.197812,-1.80526,-0.046988
1.51,3,0.0994075,0.106075,-0.098472,-0.00758984,-0.0066673
1.51,4,-0.350297,-0.320283,-0.0497292,-0.215241,-0.0300132
1.51,5,0.0496983,0.0527259,-0.0493307,-0.000339002,-0.00302764
1.52,0,0.492041,0.529281,-0.505217,0.0260677,-0.0372396
1.52,1,-0.652392,-0.537551,-0.155087,-4.12838,-0.114841
1.52,2,1.00318,1.05016,0.197674,-1.80461,-0.0469753
1.52,3,0.0984126,0.10509,-0.0985658,-0.00763105,-0.00667706
1.52,4,-0.350794,-0.320781,-0.0498432,-0.215181,-0.0300128
1.52,5,0.0492007,0.0522325,-0.0493555,-0.000352073,-0.00303174
1.53,0,0.487066,0.524231,-0.504783,0.0277545,-0.0371649
1.53,1,-0.653885,-0.539103,-0.155296,-4.12538,-0.114782
1.53,2,1.00517,1.05214,0.197547,-1.80393,-0.0469613
1.53,3,0.0974176,0.104103,-0.0986682,-0.00765727,-0.00668582
1.53,4,-0.351292,-0.32128,-0.0499437,-0.215119,-0.0300113
1.53,5,0.0487032,0.0517388,-0.0493828,-0.000363071,-0.00303558
1.54,0,0.482091,0.519186,-0.504305,0.0291237,-0.0370948
1.54,1,-0.655377,-0.540657,-0.155489,-4.12234,-0.11472
1.54,2,1.00716,1.05411,0.197434,-1.80325,-0.046946
1.54,3,0.0964226,0.103116,-0.0987774,-0.00766878,-0.00669352
1.54,4,-0.351789,-0.32178,-0.0500307,-0.215056,-0.0300089
1.54,5,0.0482056,0.0512448,-0.0494122,-0.000372033,-0.00303914
1.55,0,0.477116,0.514145,-0.50379,0.0301864,-0.0370296
1.55,1,-0.65687,-0.542213,-0.155666,-4.11928,-0.114657
1.55,2,1.00916,1.05608,0.197333,-1.80256,-0.0469298
1.55,3,0.0954276,0.102128,-0.0988916,-0.00766605,-0.0067001
1.55,4,-0.352287,-0.322281,-0.0501042,-0.214993,-0.0300056
1.55,5,0.0477081,0.0507505,-0.0494432,-0.000379017,-0.00304239
1.56,0,0.472141,0.50911,-0.503249,0.0309561,-0.0369698
1.56,1,-0.658362,-0.54377,-0.155825,-4.1162,-0.114592
1.56,2,1.01115,1.05806,0.197246,-1.80187,-0.0469125
1.56,3,0.0944326,0.101138,-0.0990093,-0.00764963,-0.00670552
1.56,4,-0.352784,-0.322782,-0.0501645,-0.214932,-0.0300017
1.56,5,0.0472106,0.0502559,-0.0494752,-0.000384099,-0.00304533
1.57,0,0.467166,0.504081,-0.502689,0.0314486,-0.0369155
1.57,1,-0.659855,-0.545329,-0.155968,-4.11311,-0.114525
1.57,2,1.01314,1.06003,0.197172,-1.80118,-0.0468945
1.57,3,0.0934377,0.100147,-0.0991289,-0.0076202,-0.00670975
1.57,4,-0.353281,-0.323284,-0.0502119,-0.214873,-0.0299973
1.57,5,0.046713,0.049761,-0.0495078,-0.000387369,-0.00304794
1.58,0,0.46219,0.499057,-0.502118,0.0316814,-0.0368668
1.58,1,-0.661347,-0.54689,-0.156093,-4.11002,-0.114458
1.58,2,1.01513,1.062,0.19711,-1.8005,-0.0468758
1.58,3,0.0924427,0.0991555,-0.0992488,-0.00757852,-0.00671278
1.58,4,-0.353779,-0.323786,-0.0502469,-0.214816,-0.0299925
1.58,5,0.0462155,0.0492657,-0.0495407,-0.000388933,-0.00305023
1.59,0,0.457215,0.494039,-0.501543,0.0316736,-0.0368239
1.59,1,-0.66284,-0.548451,-0.1562,-4.10694,-0.114389
1.59,2,1.01712,1.06397,0.197062,-1.79982,-0.0468566
1.59,3,0.0914477,0.0981623,-0.0993679,-0.00752544,-0.00671462
1.59,4,-0.354276,-0.324289,-0.0502701,-0.214764,-0.0299874
1.59,5,0.0457179,0.0487701,-0.0495734,-0.000388908,-0.00305219
1.6,0,0.45224,0.489027,-0.500972,0.0314455,-0.0367867
1.6,1,-0.664333,-0.550014,-0.156291,-4.10387,-0.114319
1.6,2,1.01911,1.06594,0.197026,-1.79916,-0.046837
1.6,3,0.0904527,0.097168,-0.0994848,-0.00746186,-0.00671527
1.6,4,-0.354774,-0.324792,-0.0502821,-0.214716,-0.0299821
1.6,5,0.0452204,0.0482742,-0.0496056,-0.000387419,-0.00305382
1.61,0,0.447265,0.48402,-0.500409,0.031018,-0.0367552
1.61,1,-0.665825,-0.551577,-0.156365,-4.10082,-0.114248
1.61,2,1.0211,1.06791,0.197002,-1.79851,-0.046817
1.61,3,0.0894577,0.0961725,-0.0995984,-0.00738872,-0.00671478
1.61,4,-0.355271,-0.325295,-0.0502837,-0.214672,-0.0299767
1.61,5,0.0447228,0.047778,-0.0496369,-0.000384599,-0.00305513
1.62,0,0.44229,0.479019,-0.499861,0.0304126,-0.0367293
1.62,1,-0.667318,-0.553141,-0.156423,-4.09779,-0.114177
1.62,2,1.02309,1.06988,0.196988,-1.79788,-0.0467969
1.62,3,0.0884628,0.0951759,-0.0997078,-0.00730699,-0.00671317
1.62,4,-0.355769,-0.325798,-0.0502758,-0.214634,-0.0299714
1.62,5,0.0442253,0.0472814,-0.0496671,-0.000380585,-0.00305614
1.63,0,0.437315,0.474024,-0.499333,0.0296512,-0.0367087
1.63,1,-0.66881,-0.554706,-0.156465,-4.09479,-0.114105
1.63,2,1.02508,1.07185,0.196985,-1.79727,-0.0467767
1.63,3,0.0874678,0.0941783,-0.0998121,-0.00721769,-0.00671049
1.63,4,-0.356266,-0.3263,-0.0502592,-0.2146,-0.0299663
1.63,5,0.0437277,0.0467846,-0.0496959,-0.000375517,-0.00305686
1.64,0,0.43234,0.469033,-0.498829,0.0287556,-0.0366933
1.64,1,-0.670303,-0.556271,-0.156494,-4.09181,-0.114032
1.64,2,1.02707,1.07382,0.196992,-1.79668,-0.0467565
1.64,3,0.0864728,0.0931796,-0.0999104,-0.00712179,-0.0067068
1.64,4,-0.356764,-0.326803,-0.0502348,-0.214573,-0.0299613
1.64,5,0.0432302,0.0462875,-0.049723,-0.000369537,-0.00305729
1.65,0,0.427365,0.464047,-0.498352,0.0277472,-0.0366828
1.65,1,-0.671795,-0.557836,-0.156509,-4.08887,-0.11396
1.65,2,1.02906,1.07579,0.197007,-1.79611,-0.0467365
1.65,3,0.0854778,0.09218,-0.100002,-0.0070203,-0.00670217
1.65,4,-0.357261,-0.327305,-0.0502035,-0.214551,-0.0299566
1.65,5,0.0427327,0.0457901,-0.0497484,-0.000362784,-0.00305746
1.66,0,0.42239,0.459066,-0.497907,0.026647,-0.0366768
1.66,1,-0.673288,-0.559401,-0.156512,-4.08596,-0.113887
1.66,2,1.03105,1.07776,0.19703,-1.79556,-0.0467166
1.66,3,0.0844828,0.0911795,-0.100087,-0.00691418,-0.00669665
1.66,4,-0.357759,-0.327807,-0.0501664,-0.214535,-0.0299523
1.66,5,0.0422351,0.0452925,-0.0497719,-0.000355397,-0.00305739
1.67,0,0.417414,0.45409,-0.497494,0.0254754,-0.0366752
1.67,1,-0.674781,-0.560966,-0.156504,-4.08308,-0.113815
1.67,2,1.03304,1.07973,0.19706,-1.79503,-0.046697
1.67,3,0.0834879,0.0901782,-0.100165,-0.0068044,-0.00669033
1.67,4,-0.358256,-0.328308,-0.0501242,-0.214524,-0.0299483
1.67,5,0.0417376,0.0447947,-0.0497933,-0.00034751,-0.0030571
1.68,0,0.412439,0.449117,-0.497116,0.0242518,-0.0366774
1.68,1,-0.676273,-0.562531,-0.156486,-4.08024,-0.113742
1.68,2,1.03503,1.0817,0.197095,-1.79452,-0.0466777
1.68,3,0.0824929,0.0891761,-0.100235,-0.00669186,-0.00668327
1.68,4,-0.358754,-0.328809,-0.050078,-0.21452,-0.0299448
1.68,5,0.04124,0.0442966,-0.0498125,-0.000339252,-0.0030566
1.69,0,0.407464,0.444148,-0.496775,0.0229946,-0.0366833
1.69,1,-0.677766,-0.564095,-0.15646,-4.07743,-0.11367
1.69,2,1.03702,1.08367,0.197136,-1.79404,-0.0466588
1.69,3,0.0814979,0.0881735,-0.100297,-0.00657744,-0.00667555
1.69,4,-0.359251,-0.32931,-0.0500286,-0.21452,-0.0299418
1.69,5,0.0407425,0.0437984,-0.0498296,-0.000330747,-0.00305593
1.7,0,0.402489,0.439181,-0.496472,0.0217213,-0.0366924
1.7,1,-0.679258,-0.56566,-0.156426,-4.07466,-0.113598
1.7,2,1.03901,1.08565,0.197181,-1.79357,-0.0466404
1.7,3,0.0805029,0.0871702,-0.100351,-0.00646194,-0.00666726
1.7,4,-0.359749,-0.32981,-0.0499769,-0.214526,-0.0299393
1.7,5,0.0402449,0.0433,-0.0498445,-0.000322111,-0.00305509
1.71,0,0.397514,0.434218,-0.496206,0.0204477,-0.0367042
1.71,1,-0.680751,-0.567224,-0.156386,-4.07192,-0.113527
1.71,2,1.041,1.08762,0.197228,-1.79313,-0.0466224
1.71,3,0.0795079,0.0861664,-0.100398,-0.00634615,-0.00665847
1.71,4,-0.360246,-0.330309,-0.0499236,-0.214537,-0.0299373
1.71,5,0.0397474,0.0428015,-0.0498571,-0.000313451,-0.00305412
1.72,0,0.392539,0.429257,-0.495977,0.0191887,-0.0367186
1.72,1,-0.682244,-0.568788,-0.156341,-4.06921,-0.113456
1.72,2,1.04299,1.08959,0.197278,-1.7927,-0.0466049
1.72,3,0.078513,0.0851622,-0.100436,-0.00623077,-0.00664925
1.72,4,-0.360744,-0.330808,-0.0498697,-0.214552,-0.0299359
1.72,5,0.0392498,0.0423029,-0.0498676,-0.000304869,-0.00305303
1.73,0,0.387564,0.424299,-0.495786,0.0179576,-0.036735
1.73,1,-0.683736,-0.570351,-0.156293,-4.06654,-0.113385
1.73,2,1.04498,1.09156,0.19733,-1.7923,-0.0465879
1.73,3,0.077518,0.0841577,-0.100467,-0.00611643,-0.00663969
1.73,4,-0.361241,-0.331306,-0.0498158,-0.214572,-0.029935
1.73,5,0.0387523,0.0418042,-0.049876,-0.000296456,-0.00305185
1.74,0,0.382589,0.419342,-0.495631,0.0167664,-0.0367531
1.74,1,-0.685229,-0.571913,-0.156241,-4.06389,-0.113315
1.74,2,1.04697,1.09354,0.197382,-1.79191,-0.0465714
1.74,3,0.076523,0.0831529,-0.100491,-0.00600373,-0.00662986
1.74,4,-0.361739,-0.331804,-0.0497625,-0.214595,-0.0299346
1.74,5,0.0382548,0.0413054,-0.0498823,-0.000288292,-0.0030506
1.75,0,0.377614,0.414386,-0.49551,0.0156256,-0.0367726
1.75,1,-0.686721,-0.573475,-0.156188,-4.06127,-0.113246
1.75,2,1.04896,1.09551,0.197434,-1.79153,-0.0465555
1.75,3,0.075528,0.0821478,-0.100508,-0.00589317,-0.00661983
1.75,4,-0.362236,-0.332302,-0.0497105,-0.214623,-0.0299347
1.75,5,0.0377572,0.0408065,-0.0498867,-0.000280452,-0.00304929
1.76,0,0.372638,0.409432,-0.495423,0.0145442,-0.0367931
1.76,1,-0.688214,-0.575037,-0.156134,-4.05867,-0.113177
1.76,2,1.05095,1.09749,0.197486,-1.79117,-0.04654
1.76,3,0.074533,0.0811427,-0.100519,-0.00578521,-0.00660966
1.76,4,-0.362734,-0.332798,-0.0496602,-0.214653,-0.0299354
1.76,5,0.0372597,0.0403076,-0.0498893,-0.000272997,-0.00304796
1.77,0,0.367663,0.404478,-0.495368,0.0135299,-0.0368144
1.77,1,-0.689706,-0.576598,-0.15608,-4.05609,-0.113108
1.77,2,1.05294,1.09946,0.197536,-1.79083,-0.0465251
1.77,3,0.0735381,0.0801375,-0.100523,-0.00568022,-0.00659942
1.77,4,-0.363231,-0.333295,-0.0496123,-0.214686,-0.0299366
1.77,5,0.0367621,0.0398087,-0.0498901,-0.000265981,-0.0030466
1.78,0,0.362688,0.399524,-0.495342,0.0125889,-0.0368359
1.78,1,-0.691199,-0.578159,-0.156028,-4.05353,-0.11304
1.78,2,1.05493,1.10144,0.197584,-1.79049,-0.0465107
1.78,3,0.0725431,0.0791322,-0.100522,-0.00557852,-0.00658917
1.78,4,-0.363729,-0.333791,-0.0495671,-0.214722,-0.0299382
1.78,5,0.0362646,0.0393098,-0.0498893,-0.000259449,-0.00304525
1.79,0,0.357713,0.394571,-0.495344,0.0117261,-0.0368577
1.79,1,-0.692692,-0.579719,-0.155977,-4.05099,-0.112973
1.79,2,1.05692,1.10341,0.197631,-1.79016,-0.0464967
1.79,3,0.0715481,0.0781271,-0.100515,-0.00548036,-0.00657896
1.79,4,-0.364226,-0.334286,-0.0495249,-0.214759,-0.0299402
1.79,5,0.035767,0.038811,-0.0498871,-0.000253436,-0.00304391
1.8,0,0.352738,0.389617,-0.495371,0.010945,-0.0368792
1.8,1,-0.694184,-0.581278,-0.155928,-4.04846,-0.112906
1.8,2,1.05891,1.10539,0.197674,-1.78985,-0.0464832
1.8,3,0.0705531,0.077122,-0.100504,-0.00538594,-0.00656885
1.8,4,-0.364724,-0.334781,-0.049486,-0.214799,-0.0299427
1.8,5,0.0352695,0.0383121,-0.0498835,-0.000247967,-0.0030426
1.81,0,0.347763,0.384663,-0.495421,0.010248,-0.0369003
1.81,1,-0.695677,-0.582837,-0.155883,-4.04593,-0.11284
1.81,2,1.0609,1.10737,0.197715,-1.78953,-0.0464701
1.81,3,0.0695581,0.076117,-0.100489,-0.00529537,-0.00655886
1.81,4,-0.365221,-0.335276,-0.0494506,-0.214839,-0.0299455
1.81,5,0.034772,0.0378133,-0.0498787,-0.000243062,-0.00304134
1.82,0,0.342788,0.379709,-0.49549,0.00963633,-0.0369209
1.82,1,-0.697169,-0.584396,-0.155841,-4.04342,-0.112774
1.82,2,1.06289,1.10934,0.197752,-1.78923,-0.0464574
1.82,3,0.0685632,0.0751122,-0.10047,-0.00520873,-0.00654906
1.82,4,-0.365719,-0.33577,-0.049419,-0.21488,-0.0299487
1.82,5,0.0342744,0.0373145,-0.049873,-0.00023873,-0.00304012
1.83,0,0.337813,0.374753,-0.495578,0.00911008,-0.0369406
1.83,1,-0.698662,-0.585954,-0.155803,-4.04091,-0.112708
1.83,2,1.06488,1.11132,0.197786,-1.78892,-0.0464451
1.83,3,0.0675682,0.0741076,-0.100448,-0.00512605,-0.00653946
1.83,4,-0.366216,-0.336264,-0.0493912,-0.214922,-0.0299522
1.83,5,0.0337769,0.0368158,-0.0498663,-0.000234975,-0.00303898
1.84,0,0.332838,0.369797,-0.495681,0.00866837,-0.0369594
1.84,1,-0.700154,-0.587512,-0.155769,-4.0384,-0.112643
1.84,2,1.06687,1.1133,0.197816,-1.78862,-0.0464331
1.84,3,0.0665732,0.0731033,-0.100423,-0.00504731,-0.0065301
1.84,4,-0.366714,-0.336758,-0.0493673,-0.214963,-0.0299559
1.84,5,0.0332793,0.0363172,-0.049859,-0.000231792,-0.0030379
1.85,0,0.327862,0.36484,-0.495797,0.00830944,-0.0369771
1.85,1,-0.701647,-0.589069,-0.15574,-4.03589,-0.112578
1.85,2,1.06886,1.11528,0.197842,-1.78832,-0.0464213
1.85,3,0.0655782,0.0720992,-0.100396,-0.00497243,-0.006521
1.85,4,-0.367211,-0.337251,-0.0493472,-0.215005,-0.0299598
1.85,5,0.0327818,0.0358187,-0.049851,-0.000229171,-0.00303689
1.86,0,0.322887,0.359881,-0.495924,0.00803071,-0.0369935
1.86,1,-0.70314,-0.590627,-0.155715,-4.03338,-0.112513
1.86,2,1.07085,1.11726,0.197865,-1.78802,-0.0464098
1.86,3,0.0645832,0.0710954,-0.100367,-0.00490129,-0.00651217
1.86,4,-0.367709,-0.337745,-0.0493309,-0.215046,-0.0299639
1.86,5,0.0322842,0.0353202,-0.0498426,-0.000227096,-0.00303597
1.87,0,0.317912,0.354921,-0.496058,0.00782889,-0.0370087
1.87,1,-0.704632,-0.592184,-0.155695,-4.03086,-0.112449
1.87,2,1.07284,1.11924,0.197884,-1.78772,-0.0463985
1.87,3,0.0635883,0.0700919,-0.100338,-0.00483377,-0.00650364
1.87,4,-0.368206,-0.338238,-0.0493184,-0.215086,-0.0299682
1.87,5,0.0317867,0.0348218,-0.0498339,-0.000225546,-0.00303514
1.88,0,0.312937,0.34996,-0.496199,0.00770009,-0.0370224
1.88,1,-0.706125,-0.59374,-0.15568,-4.02833,-0.112384
1.88,2,1.07483,1.12121,0.1979,-1.78742,-0.0463874
1.88,3,0.0625933,0.0690887,-0.100307,-0.00476967,-0.00649541
1.88,4,-0.368704,-0.338731,-0.0493095,-0.215126,-0.0299725
1.88,5,0.0312891,0.0343235,-0.0498249,-0.000224497,-0.0030344
1.89,0,0.307962,0.344997,-0.496343,0.0076399,-0.0370347
1.89,1,-0.707617,-0.595297,-0.15567,-4.0258,-0.11232
1.89,2,1.07682,1.12319,0.197912,-1.78711,-0.0463764
1.89,3,0.0615983,0.0680858,-0.100277,-0.0047088,-0.00648749
1.89,4,-0.369201,-0.339224,-0.049304,-0.215164,-0.029977
1.89,5,0.0307916,0.0338253,-0.0498159,-0.000223919,-0.00303374
1.9,0,0.302987,0.340033,-0.496489,0.00764349,-0.0370456
1.9,1,-0.70911,-0.596854,-0.155664,-4.02325,-0.112256
1.9,2,1.07881,1.12517,0.19792,-1.7868,-0.0463655
1.9,3,0.0606033,0.0670832,-0.100246,-0.00465093,-0.00647987
1.9,4,-0.369699,-0.339717,-0.0493018,-0.215201,-0.0299814
1.9,5,0.0302941,0.0333272,-0.049807,-0.00022378,-0.00303317
1.91,0,0.298012,0.335067,-0.496636,0.00770568,-0.037055
1.91,1,-0.710602,-0.59841,-0.155663,-4.02069,-0.112192
1.91,2,1.0808,1.12715,0.197925,-1.78649,-0.0463547
1.91,3,0.0596083,0.0660809,-0.100216,-0.00459582,-0.00647255
1.91,4,-0.370196,-0.34021,-0.0493027,-0.215236,-0.0299859
1.91,5,0.0297965,0.0328292,-0.0497981,-0.000224046,-0.0030327
1.92,0,0.293037,0.3301,-0.49678,0.00782108,-0.037063
1.92,1,-0.712095,-0.599967,-0.155666,-4.01812,-0.112128
1.92,2,1.08279,1.12913,0.197927,-1.78617,-0.0463439
1.92,3,0.0586134,0.0650789,-0.100187,-0.00454321,-0.00646553
1.92,4,-0.370694,-0.340703,-0.0493063,-0.21527,-0.0299903
1.92,5,0.029299,0.0323313,-0.0497895,-0.000224681,-0.00303231
1.93,0,0.288062,0.325131,-0.496922,0.0079841,-0.0370695
1.93,1,-0.713588,-0.601524,-0.155674,-4.01553,-0.112064
1.93,2,1.08478,1.13111,0.197927,-1.78585,-0.0463331
1.93,3,0.0576184,0.0640772,-0.100159,-0.00449283,-0.0064588
1.93,4,-0.371191,-0.341196,-0.0493126,-0.215302,-0.0299947
1.93,5,0.0288014,0.0318334,-0.0497812,-0.000225646,-0.003032
1.94,0,0.283086,0.320161,-0.497058,0.00818908,-0.0370747
1.94,1,-0.71508,-0.603081,-0.155685,-4.01293,-0.112
1.94,2,1.08677,1.13309,0.197923,-1.78552,-0.0463223
1.94,3,0.0566234,0.0630757,-0.100132,-0.00444442,-0.00645234
1.94,4,-0.371689,-0.34169,-0.0493212,-0.215332,-0.0299991
1.94,5,0.0283039,0.0313357,-0.0497733,-0.000226903,-0.00303178
1.95,0,0.278111,0.31519,-0.49719,0.00843037,-0.0370785
1.95,1,-0.716573,-0.604638,-0.1557,-4.01031,-0.111935
1.95,2,1.08876,1.13507,0.197918,-1.78518,-0.0463114
1.95,3,0.0556284,0.0620746,-0.100106,-0.00439769,-0.00644615
1.95,4,-0.372186,-0.342183,-0.0493318,-0.21536,-0.0300033
1.95,5,0.0278063,0.030838,-0.0497658,-0.000228413,-0.00303163
1.96,0,0.273136,0.310217,-0.497314,0.00870235,-0.037081
1.96,1,-0.718065,-0.606195,-0.155718,-4.00767,-0.111871
1.96,2,1.09075,1.13705,0.19791,-1.78484,-0.0463005
1.96,3,0.0546334,0.0610736,-0.100083,-0.00435237,-0.00644019
1.96,4,-0.372684,-0.342676,-0.0493442,-0.215387,-0.0300074
1.96,5,0.0273088,0.0303403,-0.0497588,-0.000230138,-0.00303156
1.97,0,0.268161,0.305243,-0.497431,0.00899951,-0.0370823
1.97,1,-0.719558,-0.607752,-0.155739,-4.00502,-0.111806
1.97,2,1.09274,1.13903,0.197901,-1.78449,-0.0462895
1.97,3,0.0536385,0.0600729,-0.100061,-0.0043082,-0.00643447
1.97,4,-0.373181,-0.34317,-0.0493582,-0.215412,-0.0300114
1.97,5,0.0268112,0.0298428,-0.0497523,-0.000232039,-0.00303155
1.98,0,0.263186,0.300269,-0.497539,0.00931652,-0.0370825
1.98,1,-0.72105,-0.609309,-0.155763,-4.00235,-0.111741
1.98,2,1.09473,1.14101,0.197889,-1.78413,-0.0462784
1.98,3,0.0526435,0.0590724,-0.100041,-0.00426491,-0.00642895
1.98,4,-0.373679,-0.343663,-0.0493734,-0.215435,-0.0300152
1.98,5,0.0263137,0.0293453,-0.0497464,-0.00023408,-0.0030316
1.99,0,0.258211,0.295293,-0.497638,0.00964828,-0.0370817
1.99,1,-0.722543,-0.610867,-0.155789,-3.99967,-0.111676
1.99,2,1.09672,1.14298,0.197877,-1.78377,-0.0462672
1.99,3,0.0516485,0.0580721,-0.100023,-0.00422225,-0.00642362
1.99,4,-0.374176,-0.344157,-0.0493896,-0.215456,-0.0300189
1.99,5,0.0258162,0.0288479,-0.0497411,-0.000236225,-0.00303171
2,0,0.253236,0.290316,-0.497729,0.00998992,-0.0370799
2,1,-0.724036,-0.612425,-0.155817,-3.99696,-0.11161
2,2,1.09871,1.14496,0.197864,-1.7834,-0.0462558
2,3,0.0506535,0.057072,-0.100008,-0.00417997,-0.00641846
2,4,-0.374674,-0.344651,-0.0494065,-0.215476,-0.0300224
2,5,0.0253186,0.0283505,-0.0497364,-0.000238441,-0.00303187
2.01,0,0.248261,0.285338,-0.497809,0.0103369,-0.0370773
2.01,1,-0.725528,-0.613984,-0.155847,-3.99424,-0.111545
2.01,2,1.1007,1.14694,0.19785,-1.78303,-0.0462443
2.01,3,0.0496585,0.056072,-0.0999942,-0.00413785,-0.00641344
2.01,4,-0.375171,-0.345145,-0.049424,-0.215494,-0.0300257
2.01,5,0.0248211,0.0278531,-0.0497323,-0.000240693,-0.00303207
2.02,0,0.243286,0.280359,-0.49788,0.0106849,-0.0370739
2.02,1,-0.727021,-0.615542,-0.155878,-3.99151,-0.111479
2.02,2,1.10269,1.14892,0.197835,-1.78265,-0.0462327
2.02,3,0.0486636,0.0550721,-0.0999828,-0.00409567,-0.00640854
2.02,4,-0.375669,-0.34564,-0.0494418,-0.21551,-0.0300289
2.02,5,0.0243235,0.0273558,-0.0497288,-0.000242954,-0.00303232
2.03,0,0.23831,0.27538,-0.497941,0.0110302,-0.0370699
2.03,1,-0.728513,-0.617101,-0.15591,-3.98876,-0.111412
2.03,2,1.10468,1.1509,0.19782,-1.78227,-0.0462209
2.03,3,0.0476686,0.0540723,-0.0999736,-0.00405324,-0.00640374
2.03,4,-0.376166,-0.346134,-0.0494596,-0.215525,-0.0300318
2.03,5,0.023826,0.0268586,-0.0497258,-0.000245196,-0.00303259
2.04,0,0.233335,0.270401,-0.497993,0.0113691,-0.0370653
2.04,1,-0.730006,-0.61866,-0.155942,-3.98599,-0.111345
2.04,2,1.10667,1.15288,0.197805,-1.78188,-0.0462089
2.04,3,0.0466736,0.0530726,-0.0999665,-0.00401037,-0.00639903
2.04,4,-0.376664,-0.346629,-0.0494773,-0.215538,-0.0300346
2.04,5,0.0233284,0.0263613,-0.0497235,-0.000247392,-0.00303289
2.05,0,0.22836,0.26542,-0.498036,0.0116985,-0.0370602
2.05,1,-0.731499,-0.62022,-0.155975,-3.98321,-0.111278
2.05,2,1.10866,1.15485,0.19779,-1.78148,-0.0461968
2.05,3,0.0456786,0.052073,-0.0999613,-0.00396691,-0.00639437
2.05,4,-0.377161,-0.347124,-0.0494947,-0.215551,-0.0300373
2.05,5,0.0228309,0.0258641,-0.0497217,-0.000249521,-0.00303321
2.06,0,0.223385,0.26044,-0.498069,0.0120156,-0.0370548
2.06,1,-0.732991,-0.62178,-0.156008,-3.98042,-0.111211
2.06,2,1.11065,1.15683,0.197775,-1.78109,-0.0461846
2.06,3,0.0446836,0.0510734,-0.0999581,-0.0039227,-0.00638976
2.06,4,-0.377659,-0.347619,-0.0495117,-0.215562,-0.0300397
2.06,5,0.0223333,0.0253669,-0.0497205,-0.000251562,-0.00303354
2.07,0,0.21841,0.255459,-0.498093,0.012318,-0.037049
2.07,1,-0.734484,-0.62334,-0.156041,-3.97761,-0.111143
2.07,2,1.11264,1.15881,0.197761,-1.78069,-0.0461722
2.07,3,0.0436887,0.0500738,-0.0999567,-0.00387763,-0.00638516
2.07,4,-0.378156,-0.348114,-0.049528,-0.215572,-0.030042
2.07,5,0.0218358,0.0248697,-0.0497198,-0.000253499,-0.00303389
2.08,0,0.213435,0.250478,-0.49811,0.0126036,-0.0370431
2.08,1,-0.735976,-0.624901,-0.156074,-3.97479,-0.111075
2.08,2,1.11463,1.16079,0.197747,-1.78028,-0.0461597
2.08,3,0.0426937,0.0490743,-0.099957,-0.00383158,-0.00638058
2.08,4,-0.378654,-0.348609,-0.0495437,-0.215581,-0.0300441
2.08,5,0.0213383,0.0243725,-0.0497195,-0.000255316,-0.00303423
2.09,0,0.20846,0.245497,-0.498118,0.0128709,-0.0370371
2.09,1,-0.737469,-0.626462,-0.156106,-3.97196,-0.111007
2.09,2,1.11662,1.16277,0.197734,-1.77988,-0.046147
2.09,3,0.0416987,0.0480747,-0.0999589,-0.00378447,-0.00637598
2.09,4,-0.379151,-0.349105,-0.0495585,-0.21559,-0.0300461
2.09,5,0.0208407,0.0238753,-0.0497197,-0.000257002,-0.00303458
2.1,0,0.203485,0.240516,-0.49812,0.0131185,-0.037031
2.1,1,-0.738961,-0.628023,-0.156138,-3.96912,-0.110938
2.1,2,1.11861,1.16474,0.197721,-1.77947,-0.0461342
2.1,3,0.0407037,0.0470751,-0.0999622,-0.00373623,-0.00637135
2.1,4,-0.379649,-0.349601,-0.0495724,-0.215597,-0.0300479
2.1,5,0.0203432,0.0233781,-0.0497203,-0.000258547,-0.00303493
2.11,0,0.19851,0.235535,-0.498114,0.0133454,-0.0370249
2.11,1,-0.740454,-0.629585,-0.156168,-3.96627,-0.110869
2.11,2,1.1206,1.16672,0.19771,-1.77906,-0.0461213
2.11,3,0.0397087,0.0460754,-0.0999668,-0.0036868,-0.00636669
2.11,4,-0.380146,-0.350096,-0.0495853,-0.215604,-0.0300496
2.11,5,0.0198456,0.0228809,-0.0497212,-0.000259943,-0.00303526
2.12,0,0.193534,0.230553,-0.498103,0.0135509,-0.037019
2.12,1,-0.741947,-0.631146,-0.156198,-3.96341,-0.1108
2.12,2,1.12259,1.1687,0.1977,-1.77865,-0.0461083
2.12,3,0.0387138,0.0450757,-0.0999726,-0.00363614,-0.00636197
2.12,4,-0.380644,-0.350592,-0.0495972,-0.215611,-0.0300512
2.12,5,0.0193481,0.0223837,-0.0497225,-0.000261186,-0.00303559
2.13,0,0.188559,0.225572,-0.498087,0.0137349,-0.0370131
2.13,1,-0.743439,-0.632709,-0.156226,-3.96054,-0.110731
2.13,2,1.12458,1.17067,0.19769,-1.77824,-0.0460952
2.13,3,0.0377188,0.044076,-0.0999794,-0.00358424,-0.00635719
2.13,4,-0.381141,-0.351088,-0.0496081,-0.215617,-0.0300527
2.13,5,0.0188505,0.0218864,-0.0497241,-0.000262273,-0.0030359
2.14,0,0.183584,0.220592,-0.498066,0.0138971,-0.0370075
2.14,1,-0.744932,-0.634271,-0.156253,-3.95767,-0.110661
2.14,2,1.12657,1.17265,0.197682,-1.77782,-0.046082
2.14,3,0.0367238,0.0430761,-0.099987,-0.00353108,-0.00635233
2.14,4,-0.381639,-0.351585,-0.0496179,-0.215623,-0.030054
2.14,5,0.018353,0.0213892,-0.0497259,-0.000263204,-0.00303619
2.15,0,0.178609,0.215611,-0.49804,0.0140378,-0.0370021
2.15,1,-0.746424,-0.635834,-0.156279,-3.95479,-0.110591
2.15,2,1.12856,1.17463,0.197674,-1.77741,-0.0460687
2.15,3,0.0357288,0.0420762,-0.0999954,-0.00347667,-0.00634739
2.15,4,-0.382136,-0.352081,-0.0496265,-0.215629,-0.0300553
2.15,5,0.0178554,0.0208919,-0.0497279,-0.00026398,-0.00303647
2.16,0,0.173634,0.210631,-0.498012,0.0141575,-0.0369969
2.16,1,-0.747917,-0.637397,-0.156304,-3.9519,-0.11052
2.16,2,1.13055,1.1766,0.197668,-1.777,-0.0460554
2.16,3,0.0347338,0.0410762,-0.100004,-0.00342104,-0.00634237
2.16,4,-0.382634,-0.352577,-0.0496342,-0.215635,-0.0300565
2.16,5,0.0173579,0.0203946,-0.04973,-0.000264603,-0.00303672
2.17,0,0.168659,0.205651,-0.49798,0.0142567,-0.0369921
2.17,1,-0.749409,-0.63896,-0.156327,-3.949,-0.11045
2.17,2,1.13254,1.17858,0.197663,-1.77658,-0.0460419
2.17,3,0.0337389,0.0400761,-0.100014,-0.00336421,-0.00633725
2.17,4,-0.383131,-0.353073,-0.0496407,-0.21564,-0.0300576
2.17,5,0.0168604,0.0198973,-0.0497323,-0.000265079,-0.00303695
2.18,0,0.163684,0.200671,-0.497947,0.0143364,-0.0369876
2.18,1,-0.750902,-0.640523,-0.15635,-3.94611,-0.110379
2.18,2,1.13453,1.18056,0.197658,-1.77617,-0.0460285
2.18,3,0.0327439,0.0390759,-0.100024,-0.00330621,-0.00633204
2.18,4,-0.383629,-0.35357,-0.0496463,-0.215646,-0.0300586
2.18,5,0.0163628,0.0194,-0.0497346,-0.000265414,-0.00303716
2.19,0,0.158709,0.195692,-0.497912,0.0143974,-0.0369834
2.19,1,-0.752395,-0.642087,-0.15637,-3.9432,-0.110308
2.19,2,1.13652,1.18253,0.197655,-1.77576,-0.046015
2.19,3,0.0317489,0.0380756,-0.100034,-0.00324711,-0.00632673
2.19,4,-0.384126,-0.354066,-0.0496508,-0.215652,-0.0300596
2.19,5,0.0158653,0.0189026,-0.0497371,-0.000265614,-0.00303735
2.2,0,0.153734,0.190713,-0.497875,0.014441,-0.0369796
2.2,1,-0.753887,-0.643651,-0.15639,-3.94029,-0.110237
2.2,2,1.13851,1.18451,0.197653,-1.77535,-0.0460015
2.2,3,0.0307539,0.0370752,-0.100044,-0.00318695,-0.00632132
2.2,4,-0.384624,-0.354563,-0.0496545,-0.215658,-0.0300606
2.2,5,0.0153677,0.0184052,-0.0497395,-0.000265688,-0.00303751
2.21,0,0.148758,0.185735,-0.497839,0.0144684,-0.0369762
2.21,1,-0.75538,-0.645215,-0.156408,-3.93738,-0.110165
2.21,2,1.1405,1.18649,0.197651,-1.77494,-0.0459879
2.21,3,0.0297589,0.0360748,-0.100054,-0.00312579,-0.00631581
2.21,4,-0.385121,-0.355059,-0.0496573,-0.215664,-0.0300615
2.21,5,0.0148702,0.0179078,-0.0497419,-0.000265645,-0.00303764
2.22,0,0.143783,0.180756,-0.497802,0.0144809,-0.0369731
2.22,1,-0.756872,-0.646779,-0.156425,-3.93447,-0.110094
2.22,2,1.14249,1.18846,0.19765,-1.77453,-0.0459744
2.22,3,0.028764,0.0350742,-0.100064,-0.00306371,-0.00631019
2.22,4,-0.385619,-0.355556,-0.0496593,-0.21567,-0.0300624
2.22,5,0.0143726,0.0174104,-0.0497443,-0.000265494,-0.00303775
2.23,0,0.138808,0.175779,-0.497765,0.0144798,-0.0369704
2.23,1,-0.758365,-0.648343,-0.156441,-3.93155,-0.110022
2.23,2,1.14448,1.19044,0.197651,-1.77413,-0.0459608
2.23,3,0.027769,0.0340735,-0.100073,-0.00300077,-0.00630448
2.23,4,-0.386116,-0.356053,-0.0496605,-0.215676,-0.0300633
2.23,5,0.0138751,0.0169129,-0.0497466,-0.000265245,-0.00303784
2.24,0,0.133833,0.170801,-0.49773,0.0144666,-0.0369681
2.24,1,-0.759857,-0.649908,-0.156456,-3.92863,-0.10995
2.24,2,1.14647,1.19242,0.197651,-1.77372,-0.0459473
2.24,3,0.026774,0.0330727,-0.100083,-0.00293704,-0.00629868
2.24,4,-0.386614,-0.356549,-0.0496611,-0.215683,-0.0300642
2.24,5,0.0133775,0.0164155,-0.0497488,-0.000264909,-0.00303791
2.25,0,0.128858,0.165824,-0.497695,0.0144428,-0.0369661
2.25,1,-0.76135,-0.651472,-0.15647,-3.9257,-0.109878
2.25,2,1.14846,1.19439,0.197653,-1.77332,-0.0459337
2.25,3,0.025779,0.0320718,-0.100092,-0.00287261,-0.00629278
2.25,4,-0.387111,-0.357046,-0.0496611,-0.21569,-0.0300651
2.25,5,0.01288,0.015918,-0.0497509,-0.000264496,-0.00303795
2.26,0,0.123883,0.160847,-0.497662,0.0144098,-0.0369644
2.26,1,-0.762843,-0.653037,-0.156483,-3.92278,-0.109806
2.26,2,1.15045,1.19637,0.197655,-1.77292,-0.0459202
2.26,3,0.024784,0.0310708,-0.100101,-0.00280754,-0.00628679
2.26,4,-0.387608,-0.357543,-0.0496606,-0.215698,-0.030066
2.26,5,0.0123825,0.0154204,-0.0497529,-0.000264018,-0.00303798
2.27,0,0.118908,0.155871,-0.497631,0.014369,-0.0369631
2.27,1,-0.764335,-0.654602,-0.156495,-3.91985,-0.109733
2.27,2,1.15244,1.19835,0.197657,-1.77252,-0.0459067
2.27,3,0.0237891,0.0300698,-0.100109,-0.0027419,-0.00628072
2.27,4,-0.388106,-0.358039,-0.0496597,-0.215705,-0.0300669
2.27,5,0.0118849,0.0149229,-0.0497548,-0.000263484,-0.00303798
2.28,0,0.113933,0.150895,-0.497601,0.0143218,-0.036962
2.28,1,-0.765828,-0.656167,-0.156507,-3.91691,-0.109661
2.28,2,1.15443,1.20032,0.19766,-1.77212,-0.0458933
2.28,3,0.0227941,0.0290687,-0.100116,-0.00267578,-0.00627457
2.28,4,-0.388603,-0.358536,-0.0496584,-0.215713,-0.0300678
2.28,5,0.0113874,0.0144253,-0.0497565,-0.000262905,-0.00303797
2.29,0,0.108958,0.145919,-0.497574,0.0142696,-0.0369613
2.29,1,-0.76732,-0.657732,-0.156518,-3.91398,-0.109588
2.29,2,1.15642,1.2023,0.197663,-1.77172,-0.0458798
2.29,3,0.0217991,0.0280674,-0.100124,-0.00260924,-0.00626834
2.29,4,-0.389101,-0.359032,-0.0496568,-0.215721,-0.0300687
2.29,5,0.0108898,0.0139278,-0.049758,-0.000262291,-0.00303794
2.3,0,0.103982,0.140943,-0.497549,0.0142137,-0.0369608
2.3,1,-0.768813,-0.659297,-0.156528,-3.91104,-0.109516
2.3,2,1.15841,1.20428,0.197666,-1.77132,-0.0458664
2.3,3,0.0208041,0.0270662,-0.10013,-0.00254236,-0.00626205
2.3,4,-0.389598,-0.359529,-0.049655,-0.21573,-0.0300696
2.3,5,0.0103923,0.0134302,-0.0497594,-0.000261651,-0.0030379
2.31,0,0.0990073,0.135968,-0.497526,0.0141553,-0.0369606
2.31,1,-0.770305,-0.660863,-0.156538,-3.9081,-0.109443
2.31,2,1.1604,1.20625,0.19767,-1.77093,-0.045853
2.31,3,0.0198091,0.0260648,-0.100136,-0.00247519,-0.00625569
2.31,4,-0.390096,-0.360025,-0.0496531,-0.215738,-0.0300706
2.31,5,0.00989474,0.0129326,-0.0497607,-0.000260995,-0.00303784
2.32,0,0.0940322,0.130993,-0.497506,0.0140955,-0.0369605
2.32,1,-0.771798,-0.662428,-0.156548,-3.90516,-0.10937
2.32,2,1.16239,1.20823,0.197673,-1.77054,-0.0458397
2.32,3,0.0188142,0.0250634,-0.100142,-0.0024078,-0.00624928
2.32,4,-0.390593,-0.360522,-0.049651,-0.215747,-0.0300716
2.32,5,0.0093972,0.012435,-0.0497617,-0.000260331,-0.00303777
2.33,0,0.0890571,0.126018,-0.497488,0.0140354,-0.0369607
2.33,1,-0.773291,-0.663994,-0.156558,-3.90221,-0.109297
2.33,2,1.16438,1.21021,0.197677,-1.77014,-0.0458264
2.33,3,0.0178192,0.024062,-0.100147,-0.00234025,-0.00624282
2.33,4,-0.391091,-0.361018,-0.0496489,-0.215756,-0.0300726
2.33,5,0.00889965,0.0119373,-0.0497627,-0.000259667,-0.00303769
2.34,0,0.084082,0.121043,-0.497472,0.013976,-0.036961
2.34,1,-0.774783,-0.665559,-0.156567,-3.89926,-0.109224
2.34,2,1.16637,1.21218,0.197681,-1.76975,-0.0458131
2.34,3,0.0168242,0.0230605,-0.100151,-0.00227259,-0.00623631
2.34,4,-0.391588,-0.361515,-0.0496469,-0.215765,-0.0300736
2.34,5,0.00840211,0.0114397,-0.0497634,-0.00025901,-0.00303761
2.35,0,0.0791069,0.116068,-0.497459,0.0139182,-0.0369615
2.35,1,-0.776276,-0.667125,-0.156576,-3.89631,-0.109151
2.35,2,1.16836,1.21416,0.197684,-1.76936,-0.0457999
2.35,3,0.0158292,0.022059,-0.100155,-0.00220486,-0.00622976
2.35,4,-0.392086,-0.362011,-0.0496449,-0.215774,-0.0300746
2.35,5,0.00790456,0.0109421,-0.049764,-0.000258367,-0.00303751
2.36,0,0.0741318,0.111094,-0.497448,0.0138628,-0.0369621
2.36,1,-0.777768,-0.668691,-0.156585,-3.89335,-0.109078
2.36,2,1.17035,1.21614,0.197688,-1.76898,-0.0457867
2.36,3,0.0148342,0.0210574,-0.100158,-0.00213711,-0.00622317
2.36,4,-0.392583,-0.362508,-0.049643,-0.215784,-0.0300757
2.36,5,0.00740702,0.0104444,-0.0497644,-0.000257744,-0.00303741
2.37,0,0.0691567,0.106119,-0.49744,0.0138104,-0.0369627
2.37,1,-0.779261,-0.670257,-0.156595,-3.89039,-0.109004
2.37,2,1.17234,1.21811,0.197691,-1.76859,-0.0457735
2.37,3,0.0138393,0.0200558,-0.10016,-0.00206939,-0.00621656
2.37,4,-0.393081,-0.363004,-0.0496413,-0.215793,-0.0300767
2.37,5,0.00690947,0.00994679,-0.0497647,-0.000257145,-0.00303731
2.38,0,0.0641816,0.101145,-0.497434,0.0137616,-0.0369635
2.38,1,-0.780754,-0.671823,-0.156604,-3.88742,-0.108931
2.38,2,1.17433,1.22009,0.197694,-1.7682,-0.0457604
2.38,3,0.0128443,0.0190542,-0.100163,-0.00200171,-0.00620993
2.38,4,-0.393578,-0.363501,-0.0496398,-0.215803,-0.0300778
2.38,5,0.00641193,0.00944914,-0.0497649,-0.000256576,-0.00303721
2.39,0,0.0592064,0.0961707,-0.497429,0.013717,-0.0369643
2.39,1,-0.782246,-0.673389,-0.156613,-3.88445,-0.108857
2.39,2,1.17632,1.22207,0.197697,-1.76781,-0.0457473
2.39,3,0.0118493,0.0180526,-0.100164,-0.00193412,-0.00620327
2.39,4,-0.394076,-0.363997,-0.0496385,-0.215812,-0.0300789
2.39,5,0.00591439,0.00895149,-0.0497649,-0.000256039,-0.0030371
2.4,0,0.0542313,0.0911964,-0.497427,0.0136769,-0.0369651
2.4,1,-0.783739,-0.674955,-0.156623,-3.88148,-0.108784
2.4,2,1.17831,1.22404,0.1977,-1.76743,-0.0457342
2.4,3,0.0108543,0.0170509,-0.100166,-0.00186663,-0.0061966
2.4,4,-0.394573,-0.364493,-0.0496375,-0.215822,-0.03008
2.4,5,0.00541684,0.00845384,-0.0497649,-0.000255539,-0.003037
2.41,0,0.0492562,0.0862222,-0.497427,0.0136417,-0.036966
2.41,1,-0.785231,-0.676521,-0.156633,-3.8785,-0.10871
2.41,2,1.1803,1.22602,0.197702,-1.76704,-0.0457212
2.41,3,0.00985935,0.0160493,-0.100167,-0.00179926,-0.00618992
2.41,4,-0.395071,-0.36499,-0.0496367,-0.215831,-0.0300812
2.41,5,0.0049193,0.00795619,-0.0497647,-0.000255076,-0.0030369
2.42,0,0.0442811,0.0812479,-0.497428,0.0136115,-0.0369668
2.42,1,-0.786724,-0.678088,-0.156643,-3.87552,-0.108636
2.42,2,1.18229,1.228,0.197704,-1.76665,-0.0457081
2.42,3,0.00886437,0.0150476,-0.100167,-0.00173202,-0.00618323
2.42,4,-0.395568,-0.365486,-0.0496362,-0.21584,-0.0300823
2.42,5,0.00442175,0.00745855,-0.0497644,-0.000254653,-0.00303679
2.43,0,0.039306,0.0762736,-0.49743,0.0135866,-0.0369676
2.43,1,-0.788216,-0.679654,-0.156654,-3.87253,-0.108562
2.43,2,1.18428,1.22998,0.197706,-1.76627,-0.0456951
2.43,3,0.00786939,0.0140459,-0.100167,-0.00166493,-0.00617654
2.43,4,-0.396066,-0.365982,-0.0496359,-0.215849,-0.0300834
2.43,5,0.00392421,0.00696091,-0.049764,-0.000254271,-0.0030367
2.44,0,0.0343309,0.0712993,-0.497434,0.0135669,-0.0369684
2.44,1,-0.789709,-0.681221,-0.156664,-3.86954,-0.108488
2.44,2,1.18627,1.23195,0.197708,-1.76588,-0.0456822
2.44,3,0.00687441,0.0130443,-0.100167,-0.00159799,-0.00616984
2.44,4,-0.396563,-0.366479,-0.049636,-0.215858,-0.0300846
2.44,5,0.00342667,0.00646327,-0.0497636,-0.00025393,-0.0030366
2.45,0,0.0293558,0.0663249,-0.497439,0.0135525,-0.0369691
2.45,1,-0.791202,-0.682787,-0.156676,-3.86654,-0.108414
2.45,2,1.18826,1.23393,0.197709,-1.76549,-0.0456692
2.45,3,0.00587943,0.0120426,-0.100167,-0.0015312,-0.00616315
2.45,4,-0.397061,-0.366975,-0.0496363,-0.215867,-0.0300857
2.45,5,0.00292912,0.00596563,-0.0497631,-0.000253629,-0.00303651
2.46,0,0.0243807,0.0613505,-0.497445,0.0135433,-0.0369698
2.46,1,-0.792694,-0.684354,-0.156687,-3.86354,-0.10834
2.46,2,1.19025,1.23591,0.19771,-1.76511,-0.0456562
2.46,3,0.00488445,0.0110409,-0.100167,-0.00146456,-0.00615646
2.46,4,-0.397558,-0.367472,-0.049637,-0.215876,-0.0300868
2.46,5,0.00243158,0.00546801,-0.0497626,-0.00025337,-0.00303643
2.47,0,0.0194056,0.056376,-0.497452,0.0135392,-0.0369704
2.47,1,-0.794187,-0.685921,-0.156699,-3.86053,-0.108266
2.47,2,1.19224,1.23788,0.197711,-1.76472,-0.0456433
2.47,3,0.00388947,0.0100392,-0.100166,-0.00139806,-0.00614978
2.47,4,-0.398056,-0.367968,-0.0496379,-0.215885,-0.0300879
2.47,5,0.00193403,0.00497038,-0.049762,-0.000253149,-0.00303635
2.48,0,0.0144304,0.0514014,-0.49746,0.01354,-0.036971
2.48,1,-0.795679,-0.687488,-0.156711,-3.85751,-0.108191
2.48,2,1.19423,1.23986,0.197712,-1.76433,-0.0456303
2.48,3,0.00289449,0.00903759,-0.100165,-0.00133169,-0.0061431
2.48,4,-0.398553,-0.368464,-0.0496391,-0.215893,-0.030089
2.48,5,0.00143649,0.00447277,-0.0497614,-0.000252967,-0.00303628
2.49,0,0.00945533,0.0464268,-0.497468,0.0135455,-0.0369715
2.49,1,-0.797172,-0.689055,-0.156724,-3.85449,-0.108116
2.49,2,1.19622,1.24184,0.197712,-1.76395,-0.0456174
2.49,3,0.00189951,0.00803594,-0.100165,-0.00126544,-0.00613643
2.49,4,-0.399051,-0.368961,-0.0496405,-0.215901,-0.0300901
2.49,5,0.000938944,0.00397516,-0.0497608,-0.00025282,-0.00303621
2.5,0,0.00448022,0.0414521,-0.497476,0.0135554,-0.0369718
2.5,1,-0.798664,-0.690623,-0.156736,-3.85146,-0.108042
2.5,2,1.19821,1.24381,0.197712,-1.76356,-0.0456044
2.5,3,0.000904531,0.00703429,-0.100164,-0.00119931,-0.00612976
2.5,4,-0.399548,-0.369457,-0.0496422,-0.215909,-0.0300912
2.5,5,0.0004414,0.00347755,-0.0497602,-0.000252708,-0.00303615
2.51,0,2.61832e-06,0.0364773,-0.497485,0.0334698,-0.0364746
2.51,1,-0.800008,-0.69219,-0.156749,-3.84246,-0.107818
2.51,2,1.2,1.24579,0.197711,-1.76914,-0.0457905
2.51,3,9.0489e-06,0.00603266,-0.100163,-0.000138286,-0.00602361
2.51,4,-0.399996,-0.369954,-0.0496441,-0.215518,-0.0300425
2.51,5,-6.39e-06,0.00297995,-0.0497595,-3.85508e-06,-0.00298634
2.52,0,2.61832e-06,0.0315172,-0.493823,0.220885,-0.0315146
2.52,1,-0.800008,-0.693724,-0.149079,-3.8041,-0.106283
2.52,2,1.2,1.24771,0.183976,-1.79918,-0.0477077
2.52,3,9.0489e-06,0.00505928,-0.0934854,0.00558889,-0.00505023
2.52,4,-0.399996,-0.370415,-0.0419823,-0.215655,-0.0295807
2.52,5,-6.39e-06,0.00247144,-0.0520334,0.0032209,-0.00247783
2.53,0,2.61832e-06,0.0266277,-0.484116,0.387344,-0.0266251
2.53,1,-0.800008,-0.695141,-0.135303,-3.78874,-0.104866
2.53,2,1.2,1.24942,0.160385,-1.80338,-0.0494203
2.53,3,9.0489e-06,0.00419626,-0.0797671,0.00598812,-0.00418721
2.53,4,-0.399996,-0.370777,-0.0316704,-0.217917,-0.029219
2.53,5,-6.39e-06,0.00194195,-0.0532332,0.00622826,-0.00194834
2.54,0,2.61832e-06,0.0218647,-0.469186,0.533076,-0.0218621
2.54,1,-0.800008,-0.696413,-0.120589,-3.78201,-0.103594
2.54,2,1.2,1.25089,0.136391,-1.79951,-0.0508909
2.54,3,9.0489e-06,0.00348811,-0.0632814,0.00317819,-0.00347906
2.54,4,-0.399996,-0.37105,-0.0241598,-0.219491,-0.0289464
2.54,5,-6.39e-06,0.00141924,-0.0509511,0.00815718,-0.00142563
2.55,0,2.61832e-06,0.0172761,-0.449788,0.658424,-0.0172735
2.55,1,-0.800008,-0.697542,-0.106659,-3.77866,-0.102466
2.55,2,1.2,1.25213,0.114753,-1.79351,-0.0521334
2.55,3,9.0489e-06,0.0029489,-0.0463083,-0.00161355,-0.00293985
2.55,4,-0.399996,-0.371265,-0.0196937,-0.220005,-0.0287315
2.55,5,-6.39e-06,0.000937399,-0.0455205,0.0089372,-0.000943789
2.56,0,2.61832e-06,0.0129028,-0.426633,0.763894,-0.0129002
2.56,1,-0.800008,-0.698538,-0.0940319,-3.77671,-0.10147
2.56,2,1.2,1.25318,0.0960557,-1.78738,-0.0531757
2.56,3,9.0489e-06,0.00257557,-0.0301908,-0.00755077,-0.00256652
2.56,4,-0.399996,-0.371447,-0.0173767,-0.219701,-0.0285487
2.56,5,-6.39e-06,0.000522307,-0.0379985,0.00875606,-0.000528697
2.57,0,2.61832e-06,0.00877848,-0.400395,0.850151,-0.00877586
2.57,1,-0.800008,-0.699415,-0.08279,-3.77534,-0.100593
2.57,2,1.2,1.25405,0.0801931,-1.78179,-0.0540468
2.57,3,9.0489e-06,0.00235472,-0.0157493,-0.0140071,-0.00234567
2.57,4,-0.399996,-0.371615,-0.0163167,-0.218894,-0.0283815
2.57,5,-6.39e-06,0.000188823,-0.0294649,0.00786341,-0.000195213
2.58,0,2.61832e-06,0.00493054,-0.371708,0.918008,-0.00492792
2.58,1,-0.800008,-0.700187,-0.0728577,-3.77425,-0.0998205
2.58,2,1.2,1.25477,0.0668622,-1.77693,-0.0547734
2.58,3,9.0489e-06,0.0022667,-0.00346371,-0.0204983,-0.00225765
2.58,4,-0.399996,-0.371775,-0.0158675,-0.217835,-0.0282211
2.58,5,-6.39e-06,-5.79964e-05,-0.0208044,0.00649936,5.16064e-05
2.59,0,2.61832e-06,0.00138013,-0.341169,0.968405,-0.00137752
2.59,1,-0.800008,-0.700867,-0.0641037,-3.77333,-0.099141
2.59,2,1.2,1.25538,0.0557247,-1.77282,-0.0553791
2.59,3,9.0489e-06,0.0022885,0.00643101,-0.0266531,-0.00227945
2.59,4,-0.399996,-0.371932,-0.0156215,-0.2167,-0.0280638
2.59,5,-6.39e-06,-0.000220629,-0.0126632,0.00487016,0.000214239
2.6,0,2.61832e-06,-0.0018573,-0.309331,1.00239,0.00185992
2.6,1,-0.800008,-0.701465,-0.0563841,-3.77257,-0.0985432
2.6,2,1.2,1.25589,0.0464602,-1.76944,-0.055884
2.6,3,9.0489e-06,0.0023958,0.0138828,-0.0321971,-0.00238675
2.6,4,-0.399996,-0.372087,-0.0153464,-0.215599,-0.027909
2.6,5,-6.39e-06,-0.000306778,-0.005467,0.00314204,0.000300388
2.61,0,2.61832e-06,-0.00477164,-0.276709,1.0211,0.00477425
2.61,1,-0.800008,-0.70199,-0.0495601,-3.77202,-0.0980175
2.61,2,1.2,1.25631,0.038782,-1.76672,-0.0563051
2.61,3,9.0489e-06,0.00256451,0.0189748,-0.0369395,-0.00255547
2.61,4,-0.399996,-0.372238,-0.0149272,-0.214598,-0.0277577
2.61,5,-6.39e-06,-0.00032736,0.000541832,0.0014423,0.00032097
2.62,0,2.61832e-06,-0.00735766,-0.243773,1.02573,0.00736028
2.62,1,-0.800008,-0.702452,-0.0435066,-3.77171,-0.0975558
2.62,2,1.2,1.25666,0.0324396,-1.76459,-0.0566571
2.62,3,9.0489e-06,0.00277199,0.0218872,-0.0407617,-0.00276294
2.62,4,-0.399996,-0.372384,-0.0143211,-0.213733,-0.0276116
2.62,5,-6.39e-06,-0.000294896,0.00526445,-0.000136805,0.000288506
2.63,0,2.61832e-06,-0.0096146,-0.21095,1.01754,0.00961722
2.63,1,-0.800008,-0.702857,-0.0381146,-3.77169,-0.0971509
2.63,2,1.2,1.25695,0.0272173,-1.76299,-0.0569519
2.63,3,9.0489e-06,0.00299772,0.0228645,-0.0436053,-0.00298867
2.63,4,-0.399996,-0.372523,-0.0135277,-0.213017,-0.0274726
2.63,5,-6.39e-06,-0.000222279,0.0087086,-0.00153313,0.000215889
2.64,0,2.61832e-06,-0.0115458,-0.178624,0.997807,0.0115484
2.64,1,-0.800008,-0.703211,-0.0332916,-3.77199,-0.0967967
2.64,2,1.2,1.2572,0.0229312,-1.76186,-0.0571998
2.64,3,9.0489e-06,0.00322389,0.0221888,-0.0454616,-0.00321484
2.64,4,-0.399996,-0.372654,-0.0125695,-0.212455,-0.0273425
2.64,5,-6.39e-06,-0.00012189,0.0109567,-0.00270952,0.0001155
2.65,0,2.61832e-06,-0.013158,-0.147136,0.967832,0.0131606
2.65,1,-0.800008,-0.70352,-0.0289606,-3.77264,-0.096488
2.65,2,1.2,1.25741,0.0194252,-1.76113,-0.0574092
2.65,3,9.0489e-06,0.0034356,0.0201587,-0.0463608,-0.00342655
2.65,4,-0.399996,-0.372773,-0.0114796,-0.212042,-0.0272227
2.65,5,-6.39e-06,-4.99977e-06,0.0121397,-0.00364885,-1.39023e-06
2.66,0,2.61832e-06,-0.0144614,-0.116784,0.928912,0.014464
2.66,1,-0.800008,-0.703788,-0.0250581,-3.77363,-0.0962202
2.66,2,1.2,1.25759,0.0165676,-1.76075,-0.0575873
2.66,3,9.0489e-06,0.00362097,0.0170723,-0.0463626,-0.00361192
2.66,4,-0.399996,-0.372882,-0.0102944,-0.211768,-0.0271144
2.66,5,-6.39e-06,0.000118593,0.0124154,-0.00434954,-0.000124983
2.67,0,2.61832e-06,-0.0154687,-0.0878269,0.882333,0.0154713
2.67,1,-0.800008,-0.704018,-0.0215328,-3.77497,-0.0959893
2.67,2,1.2,1.25774,0.0142478,-1.76069,-0.0577398
2.67,3,9.0489e-06,0.00377099,0.0132143,-0.045548,-0.00376194
2.67,4,-0.399996,-0.372978,-0.00905013,-0.211621,-0.0270182
2.67,5,-6.39e-06,0.000240742,0.0119529,-0.00482155,-0.000247132
2.68,0,2.61832e-06,-0.0161952,-0.0604806,0.829352,0.0161978
2.68,1,-0.800008,-0.704216,-0.0183431,-3.77664,-0.0957918
2.68,2,1.2,1.25787,0.0123728,-1.76089,-0.0578716
2.68,3,9.0489e-06,0.00387944,0.00884727,-0.0440122,-0.00387039
2.68,4,-0.399996,-0.373061,-0.00777987,-0.211588,-0.0269347
2.68,5,-6.39e-06,0.000354994,0.01092,-0.00508293,-0.000361384
2.69,0,2.61832e-06,-0.0166579,-0.0349233,0.771189,0.0166605
2.69,1,-0.800008,-0.704383,-0.0154553,-3.77861,-0.0956245
2.69,2,1.2,1.25799,0.010865,-1.76133,-0.0579868
2.69,3,9.0489e-06,0.00394252,0.00420586,-0.0418582,-0.00393347
2.69,4,-0.399996,-0.373132,-0.00651298,-0.211655,-0.0268639
2.69,5,-6.39e-06,0.000456524,0.00947478,-0.00515701,-0.000462914
2.7,0,2.61832e-06,-0.0168755,-0.0112959,0.709012,0.0168781
2.7,1,-0.800008,-0.704523,-0.0128421,-3.78085,-0.0954845
2.7,2,1.2,1.25809,0.00965918,-1.76198,-0.0580886
2.7,3,9.0489e-06,0.00395864,-0.000506611,-0.039192,-0.00394959
2.7,4,-0.399996,-0.37319,-0.00527454,-0.211808,-0.0268056
2.7,5,-6.39e-06,0.000542009,0.00775998,-0.00506999,-0.000548399
2.71,0,2.61832e-06,-0.016868,0.0102963,0.643935,0.0168706
2.71,1,-0.800008,-0.704638,-0.0104813,-3.78333,-0.0953693
2.71,2,1.2,1.25818,0.00870058,-1.76279,-0.0581797
2.71,3,9.0489e-06,0.00392806,-0.00511938,-0.0361185,-0.00391901
2.71,4,-0.399996,-0.373237,-0.00408535,-0.212033,-0.0267595
2.71,5,-6.39e-06,0.000609452,0.00589987,-0.00484917,-0.000615842
2.72,0,2.61832e-06,-0.0166561,0.0297816,0.577004,0.0166587
2.72,1,-0.800008,-0.704731,-0.00835442,-3.78599,-0.0952763
2.72,2,1.2,1.25826,0.00794332,-1.76376,-0.0582624
2.72,3,9.0489e-06,0.00385256,-0.00949386,-0.0327388,-0.00384351
2.72,4,-0.399996,-0.373271,-0.00296207,-0.212318,-0.0267248
2.72,5,-6.39e-06,0.00065799,0.0039987,-0.00452151,-0.00066438
2.73,0,2.61832e-06,-0.0162611,0.0471194,0.509192,0.0162638
2.73,1,-0.800008,-0.704804,-0.00644557,-3.7888,-0.0952035
2.73,2,1.2,1.25834,0.00734873,-1.76485,-0.0583385
2.73,3,9.0489e-06,0.00373515,-0.0135221,-0.0291477,-0.0037261
2.73,4,-0.399996,-0.373295,-0.00191754,-0.21265,-0.026701
2.73,5,-6.39e-06,0.000687693,0.00214073,-0.00411263,-0.000694083
2.74,0,2.61832e-06,-0.0157047,0.0622981,0.441397,0.0157073
2.74,1,-0.800008,-0.704859,-0.004741,-3.79172,-0.0951486
2.74,2,1.2,1.25841,0.00688413,-1.76605,-0.0584093
2.74,3,9.0489e-06,0.00357974,-0.0171245,-0.0254322,-0.00357069
2.74,4,-0.399996,-0.373309,-0.000961083,-0.213017,-0.0266872
2.74,5,-6.39e-06,0.000699366,0.000391097,-0.00364611,-0.000705756
2.75,0,2.61832e-06,-0.0150083,0.0753329,0.374436,0.0150109
2.75,1,-0.800008,-0.704898,-0.00322832,-3.7947,-0.0951096
2.75,2,1.2,1.25848,0.00652188,-1.76733,-0.0584761
2.75,3,9.0489e-06,0.00339091,-0.0202468,-0.0216705,-0.00338186
2.75,4,-0.399996,-0.373314,-9.88747e-05,-0.21341,-0.0266824
2.75,5,-6.39e-06,0.000694368,-0.0012025,-0.00314304,-0.000700758
2.76,0,2.61832e-06,-0.0141931,0.0862627,0.30904,0.0141957
2.76,1,-0.800008,-0.704923,-0.00189603,-3.7977,-0.0950848
2.76,2,1.2,1.25854,0.00623854,-1.76867,-0.0585397
2.76,3,9.0489e-06,0.00317365,-0.0228573,-0.0179316,-0.0031646
2.76,4,-0.399996,-0.37331,0.000665697,-0.213819,-0.0266857
2.76,5,-6.39e-06,0.000674449,-0.00260786,-0.00262184,-0.000680839
2.77,0,2.61832e-06,-0.0132799,0.0951479,0.245859,0.0132826
2.77,1,-0.800008,-0.704935,-0.000733255,-3.8007,-0.0950724
2.77,2,1.2,1.2586,0.00601424,-1.77005,-0.0586008
2.77,3,9.0489e-06,0.00293317,-0.0249431,-0.0142753,-0.00292412
2.77,4,-0.399996,-0.3733,0.00133165,-0.214235,-0.0266961
2.77,5,-6.39e-06,0.000641604,-0.00380607,-0.00209815,-0.000647994
2.78,0,2.61832e-06,-0.0122888,0.102068,0.185453,0.0122914
2.78,1,-0.800008,-0.704937,0.000270552,-3.80364,-0.0950707
2.78,2,1.2,1.25866,0.00583215,-1.77146,-0.0586599
2.78,3,9.0489e-06,0.00267471,-0.0265076,-0.0107521,-0.00266566
2.78,4,-0.399996,-0.373283,0.00190004,-0.214651,-0.0267126
2.78,5,-6.39e-06,0.000597958,-0.00478927,-0.00158496,-0.000604348
2.79,0,2.61832e-06,-0.0112389,0.107119,0.128303,0.0112415
2.79,1,-0.800008,-0.70493,0.00112572,-3.80651,-0.0950782
2.79,2,1.2,1.25872,0.00567811,-1.77288,-0.0587174
2.79,3,9.0489e-06,0.0024034,-0.0275667,-0.00740348,-0.00239435
2.79,4,-0.399996,-0.373262,0.00237362,-0.215061,-0.0267343
2.79,5,-6.39e-06,0.00054566,-0.00555855,-0.00109269,-0.00055205
2.8,0,2.61832e-06,-0.0101482,0.110409,0.0748042,0.0101508
2.8,1,-0.800008,-0.704914,0.00184245,-3.80927,-0.0950935
2.8,2,1.2,1.25877,0.00554028,-1.77428,-0.0587734
2.8,3,9.0489e-06,0.00212416,-0.0281469,-0.004263,-0.00211511
2.8,4,-0.399996,-0.373236,0.00275648,-0.21546,-0.0267602
2.8,5,-6.39e-06,0.000486811,-0.00612188,-0.000629442,-0.000493201
2.81,0,2.61832e-06,-0.0090337,0.11206,0.0252731,0.00903632
2.81,1,-0.800008,-0.704892,0.00243085,-3.8119,-0.0951153
2.81,2,1.2,1.25883,0.0054089,-1.77566,-0.0588281
2.81,3,9.0489e-06,0.0018416,-0.028282,-0.00135631,-0.00183255
2.81,4,-0.399996,-0.373207,0.00305376,-0.215843,-0.0267895
2.81,5,-6.39e-06,0.000423402,-0.00649239,-0.000201243,-0.000429792
2.82,0,2.61832e-06,-0.00791114,0.1122,-0.0200505,0.00791376
2.82,1,-0.800008,-0.704865,0.00290097,-3.81439,-0.0951423
2.82,2,1.2,1.25888,0.00527607,-1.77699,-0.0588814
2.82,3,9.0489e-06,0.00155995,-0.0280114,0.00129784,-0.0015509
2.82,4,-0.399996,-0.373175,0.00327136,-0.216206,-0.0268213
2.82,5,-6.39e-06,0.000357271,-0.00668678,0.00018773,-0.000363661
2.83,0,2.61832e-06,-0.00679485,0.110966,-0.0609996,0.00679747
2.83,1,-0.800008,-0.704834,0.0032627,-3.81672,-0.0951734
2.83,2,1.2,1.25893,0.00513556,-1.77827,-0.0589334
2.83,3,9.0489e-06,0.00128304,-0.0273782,0.00368701,-0.00127399
2.83,4,-0.399996,-0.373141,0.0034157,-0.216547,-0.0268549
2.83,5,-6.39e-06,0.000290077,-0.00672401,0.000534868,-0.000296467
2.84,0,2.61832e-06,-0.0056978,0.108497,-0.097475,0.00570042
2.84,1,-0.800008,-0.7048,0.00352581,-3.81888,-0.0952075
2.84,2,1.2,1.25899,0.0049827,-1.77948,-0.0589839
2.84,3,9.0489e-06,0.00101424,-0.0264272,0.00580436,-0.00100519
2.84,4,-0.399996,-0.373107,0.00349348,-0.216863,-0.0268895
2.84,5,-6.39e-06,0.000223281,-0.00662418,0.000838896,-0.000229671
2.85,0,2.61832e-06,-0.00463157,0.104936,-0.129441,0.00463419
2.85,1,-0.800008,-0.704764,0.00369985,-3.82085,-0.0952438
2.85,2,1.2,1.25903,0.00481417,-1.78061,-0.0590329
2.85,3,9.0489e-06,0.000756493,-0.0252039,0.00764791,-0.000747444
2.85,4,-0.399996,-0.373071,0.00351154,-0.217152,-0.0269246
2.85,5,-6.39e-06,0.000158142,-0.00640768,0.00109964,-0.000164532
2.86,0,2.61832e-06,-0.0036063,0.100425,-0.15692,0.00360891
2.86,1,-0.800008,-0.704726,0.00379412,-3.82264,-0.0952814
2.86,2,1.2,1.25908,0.00462789,-1.78166,-0.05908
2.86,3,9.0489e-06,0.000512262,-0.0237535,0.00921997,-0.000503213
2.86,4,-0.399996,-0.373037,0.00347667,-0.217415,-0.0269595
2.86,5,-6.39e-06,9.57163e-05,-0.00609452,0.00131782,-0.000102106
2.87,0,2.61832e-06,-0.00263069,0.0951061,-0.179986,0.00263331
2.87,1,-0.800008,-0.704688,0.00381763,-3.82423,-0.0953195
2.87,2,1.2,1.25913,0.00442292,-1.7826,-0.0591252
2.87,3,9.0489e-06,0.000283579,-0.0221196,0.0105265,-0.00027453
2.87,4,-0.399996,-0.373002,0.00339554,-0.217649,-0.0269939
2.87,5,-6.39e-06,3.68637e-05,-0.00570379,0.00149487,-4.32537e-05
2.88,0,2.61832e-06,-0.00171207,0.0891163,-0.198761,0.00171469
2.88,1,-0.800008,-0.70465,0.00377901,-3.82564,-0.0953575
2.88,2,1.2,1.25917,0.00419924,-1.78344,-0.0591682
2.88,3,9.0489e-06,7.2049e-05,-0.0203439,0.0115764,-6.30001e-05
2.88,4,-0.399996,-0.372969,0.00327456,-0.217855,-0.0270272
2.88,5,-6.39e-06,-1.7739e-05,-0.00525334,0.00163275,1.1349e-05
2.89,0,2.61832e-06,-0.000856419,0.0825897,-0.213407,0.000859037
2.89,1,-0.800008,-0.704613,0.00368654,-3.82685,-0.0953948
2.89,2,1.2,1.25921,0.00395773,-1.78418,-0.0592088
2.89,3,9.0489e-06,-0.000121129,-0.0184657,0.0123812,0.000130178
2.89,4,-0.399996,-0.372937,0.00311988,-0.218033,-0.0270591
2.89,5,-6.39e-06,-6.75859e-05,-0.00475952,0.00173384,6.11959e-05
2.9,0,2.61832e-06,-6.83803e-05,0.0756544,-0.224123,7.09986e-05
2.9,1,-0.800008,-0.704577,0.00354804,-3.82788,-0.095431
2.9,2,1.2,1.25925,0.00369994,-1.78481,-0.059247
2.9,3,9.0489e-06,-0.000295133,-0.0165213,0.0129546,0.000304182
2.9,4,-0.399996,-0.372907,0.00293728,-0.218183,-0.0270894
2.9,5,-6.39e-06,-0.000112326,-0.00423706,0.0018008,0.000105936
2.91,0,2.61832e-06,0.000648629,0.0684319,-0.231136,-0.00064601
2.91,1,-0.800008,-0.704542,0.00337092,-3.82873,-0.0954655
2.91,2,1.2,1.25928,0.00342799,-1.78533,-0.0592825
2.91,3,9.0489e-06,-0.000449485,-0.014544,0.0133117,0.000458534
2.91,4,-0.399996,-0.372878,0.00273219,-0.218307,-0.0271176
2.91,5,-6.39e-06,-0.000151745,-0.00369902,0.00183648,0.000145355
2.92,0,2.61832e-06,0.00129237,0.0610361,-0.234698,-0.00128975
2.92,1,-0.800008,-0.70451,0.00316212,-3.82941,-0.0954981
2.92,2,1.2,1.25932,0.00314449,-1.78575,-0.0593153
2.92,3,9.0489e-06,-0.000584024,-0.0125638,0.013469,0.000593073
2.92,4,-0.399996,-0.372852,0.00250966,-0.218405,-0.0271437
2.92,5,-6.39e-06,-0.000185752,-0.00315678,0.00184384,0.000179362
2.93,0,2.61832e-06,0.00186169,0.0535725,-0.235081,-0.00185908
2.93,1,-0.800008,-0.704479,0.00292808,-3.82992,-0.0955285
2.93,2,1.2,1.25935,0.00285233,-1.78606,-0.0593451
2.93,3,9.0489e-06,-0.000698872,-0.0106075,0.0134437,0.000707921
2.93,4,-0.399996,-0.372829,0.00227437,-0.218477,-0.0271675
2.93,5,-6.39e-06,-0.00021436,-0.00262012,0.00182588,0.00020797
2.94,0,2.61832e-06,0.00235647,0.0461382,-0.232569,-0.00235385
2.94,1,-0.800008,-0.704451,0.0026748,-3.83028,-0.0955564
2.94,2,1.2,1.25937,0.00255463,-1.78627,-0.059372
2.94,3,9.0489e-06,-0.000794401,-0.00869878,0.0132538,0.00080345
2.94,4,-0.399996,-0.372807,0.00203059,-0.218527,-0.0271889
2.94,5,-6.39e-06,-0.000237671,-0.00209729,0.00178559,0.000231281
2.95,0,2.61832e-06,0.00277748,0.0388208,-0.227457,-0.00277486
2.95,1,-0.800008,-0.704426,0.00240777,-3.83049,-0.0955816
2.95,2,1.2,1.2594,0.00225462,-1.78639,-0.0593959
2.95,3,9.0489e-06,-0.000871201,-0.00685794,0.0129173,0.00088025
2.95,4,-0.399996,-0.372788,0.00178224,-0.218554,-0.0272079
2.95,5,-6.39e-06,-0.000255862,-0.0015951,0.00172589,0.000249472
2.96,0,2.61832e-06,0.00312632,0.0316986,-0.220044,-0.0031237
2.96,1,-0.800008,-0.704404,0.00213204,-3.83056,-0.0956042
2.96,2,1.2,1.25942,0.00195552,-1.78641,-0.0594168
2.96,3,9.0489e-06,-0.000930048,-0.0051023,0.0124523,0.000939096
2.96,4,-0.399996,-0.372772,0.00153288,-0.218561,-0.0272243
2.96,5,-6.39e-06,-0.000269172,-0.00111908,0.00164963,0.000262782
2.97,0,2.61832e-06,0.00340534,0.0248404,-0.21063,-0.00340273
2.97,1,-0.800008,-0.704384,0.00185217,-3.83052,-0.095624
2.97,2,1.2,1.25944,0.00166048,-1.78636,-0.0594347
2.97,3,9.0489e-06,-0.000971875,-0.0034462,0.011877,0.000980924
2.97,4,-0.399996,-0.372758,0.00128569,-0.218549,-0.0272383
2.97,5,-6.39e-06,-0.000277885,-0.000673538,0.00155954,0.000271495
2.98,0,2.61832e-06,0.00361752,0.0183056,-0.199513,-0.0036149
2.98,1,-0.800008,-0.704367,0.00157227,-3.83036,-0.095641
2.98,2,1.2,1.25945,0.00137249,-1.78624,-0.0594497
2.98,3,9.0489e-06,-0.000997743,-0.0019012,0.0112086,0.00100679
2.98,4,-0.399996,-0.372746,0.00104356,-0.21852,-0.0272498
2.98,5,-6.39e-06,-0.000282327,-0.000261745,0.00145821,0.000275937
2.99,0,2.61832e-06,0.00376636,0.0121442,-0.186982,-0.00376374
2.99,1,-0.800008,-0.704353,0.00129602,-3.83009,-0.0956552
2.99,2,1.2,1.25946,0.00109431,-1.78605,-0.0594619
2.99,3,9.0489e-06,-0.00100882,-0.000476238,0.0104644,0.00101787
2.99,4,-0.399996,-0.372737,0.000808991,-0.218476,-0.027259
2.99,5,-6.39e-06,-0.000282847,0.00011399,0.00134809,0.000276457
3,0,2.61832e-06,0.00385584,0.0063971,-0.17332,-0.00385322
3,1,-0.800008,-0.704341,0.00102667,-3.82975,-0.0956666
3,2,1.2,1.25947,0.000828442,-1.7858,-0.0594714
3,3,9.0489e-06,-0.00100633,0.000822198,0.00966048,0.00101538
3,4,-0.399996,-0.37273,0.000584213,-0.218419,-0.0272658
3,5,-6.39e-06,-0.000279816,0.000452189,0.00123147,0.000273426
