sim_t,joint,desired,actual,velocity,torque,error
0,0,1,1,0,0,0
0,1,-0.5,-0.5,0,0,0
0,2,0.8,0.8,0,6.66134e-15,2.22045e-16
0,3,0.2,0.2,0,7.21645e-15,7.21645e-16
0,4,-0.3,-0.3,0,0,0
0,5,0.1,0.1,0,1.80411e-15,3.60822e-16
0.01,0,1,1.00001,0.00184924,-0.00597275,-1.06255e-05
0.01,1,-0.5,-0.498888,0.184338,-0.597497,-0.00111208
0.01,2,0.8,0.799781,-0.0139566,0.0344682,0.0002185
0.01,3,0.2,0.199984,-0.00251246,0.00166906,1.61582e-05
0.01,4,-0.3,-0.300816,-0.14269,0.0778714,0.000815828
0.01,5,0.1,0.100057,0.00937697,-0.00309604,-5.65901e-05
0.02,0,1,1.00003,0.00263663,-0.00928858,-3.44672e-05
0.02,1,-0.5,-0.496384,0.298819,-1.04111,-0.00361644
0.02,2,0.8,0.799984,0.0515327,-0.102586,1.59729e-05
0.02,3,0.2,0.199959,-0.00205632,0.00164124,4.07451e-05
0.02,4,-0.3,-0.302694,-0.211843,0.127474,0.00269404
0.02,5,0.1,0.100169,0.0118957,-0.00441399,-0.000169055
0.03,0,1,1.00006,0.00238365,-0.00955568,-6.01185e-05
0.03,1,-0.5,-0.492902,0.385422,-1.44019,-0.00709799
0.03,2,0.8,0.800901,0.124273,-0.275581,-0.000901163
0.03,3,0.2,0.199949,-0.000106405,0.00057564,5.11797e-05
0.03,4,-0.3,-0.304838,-0.207512,0.142456,0.00483752
0.03,5,0.1,0.100282,0.0104827,-0.00455525,-0.000282085
0.04,0,1,1.00008,0.00152525,-0.00775852,-7.95692e-05
0.04,1,-0.5,-0.488655,0.45466,-1.81779,-0.0113451
0.04,2,0.8,0.802523,0.192205,-0.4601,-0.002523
0.04,3,0.2,0.19996,0.00213581,-0.000882702,3.98781e-05
0.04,4,-0.3,-0.306666,-0.15775,0.132202,0.00666588
0.04,5,0.1,0.100373,0.007812,-0.00420675,-0.000372629
0.05,0,1,1.00009,0.000412037,-0.00478801,-8.87976e-05
0.05,1,-0.5,-0.48379,0.510848,-2.18096,-0.0162104
0.05,2,0.8,0.804785,0.252814,-0.649174,-0.00478486
0.05,3,0.2,0.199993,0.00418721,-0.00244243,6.98968e-06
0.05,4,-0.3,-0.307856,-0.085141,0.105416,0.00785565
0.05,5,0.1,0.100435,0.00501305,-0.0036801,-0.000435236
0.06,0,1,1.00009,-0.000725221,-0.00128891,-8.66142e-05
0.06,1,-0.5,-0.478423,0.556382,-2.53224,-0.0215774
0.06,2,0.8,0.807609,0.30539,-0.839048,-0.00760892
0.06,3,0.2,0.200045,0.00590009,-0.00398607,-4.46019e-05
0.06,4,-0.3,-0.308267,-0.00476773,0.0685184,0.00826682
0.06,5,0.1,0.100471,0.00247017,-0.00309657,-0.000471104
0.07,0,1,1.00007,-0.00174838,0.00230106,-7.36022e-05
0.07,1,-0.5,-0.472652,0.592728,-2.87211,-0.0273482
0.07,2,0.8,0.810914,0.349758,-1.02692,-0.0109136
0.07,3,0.2,0.200111,0.00725235,-0.00546474,-0.000111332
0.07,4,-0.3,-0.307877,0.0739769,0.0260301,0.00787732
0.07,5,0.1,0.100483,0.00028713,-0.00250359,-0.000483491
0.08,0,1,1.00005,-0.00258352,0.00569648,-5.13519e-05
0.08,1,-0.5,-0.466564,0.620809,-3.19989,-0.0334365
0.08,2,0.8,0.814617,0.386003,-1.21052,-0.0146172
0.08,3,0.2,0.20019,0.00826515,-0.00685602,-0.000189693
0.08,4,-0.3,-0.306736,0.145621,-0.0189215,0.00673615
0.08,5,0.1,0.100476,-0.00152624,-0.00192258,-0.00047609
0.09,0,1,1.00002,-0.00319925,0.00871998,-2.19443e-05
0.09,1,-0.5,-0.460237,0.641233,-3.51422,-0.039763
0.09,2,0.8,0.81864,0.414374,-1.38794,-0.0186396
0.09,3,0.2,0.200276,0.00897333,-0.00814875,-0.000276475
0.09,4,-0.3,-0.304932,0.207305,-0.0641982,0.00493178
0.09,5,0.1,0.100453,-0.00298841,-0.00136601,-0.000452506
0.1,0,1,0.999988,-0.00359136,0.0112695,1.23861e-05
0.1,1,-0.5,-0.453746,0.654435,-3.81345,-0.0462538
0.1,2,0.8,0.822904,0.435222,-1.55757,-0.022904
0.1,3,0.2,0.200369,0.00941488,-0.00933734,-0.000368841
0.1,4,-0.3,-0.302571,0.257857,-0.108358,0.00257135
0.1,5,0.1,0.100416,-0.00412543,-0.000842926,-0.000416111
0.11,0,1,0.999951,-0.00377219,0.013295,4.94605e-05
0.11,1,-0.5,-0.447162,0.66077,-4.09585,-0.0528385
0.11,2,0.8,0.827338,0.448968,-1.71806,-0.0273375
0.11,3,0.2,0.200464,0.00962701,-0.0104195,-0.000464331
0.11,4,-0.3,-0.299767,0.297165,-0.150443,-0.00023255
0.11,5,0.1,0.10037,-0.0049654,-0.000360398,-0.000370004
0.12,0,1,0.999913,-0.00376354,0.0147818,8.72807e-05
0.12,1,-0.5,-0.44055,0.660577,-4.35975,-0.0594504
0.12,2,0.8,0.831872,0.456078,-1.8683,-0.0318716
0.12,3,0.2,0.200561,0.00964437,-0.0113951,-0.000560844
0.12,4,-0.3,-0.29663,0.325749,-0.189834,-0.00336994
0.12,5,0.1,0.100317,-0.00553747,7.62679e-05,-0.000316995
0.13,0,1,0.999876,-0.00359193,0.0157396,0.000124095
0.13,1,-0.5,-0.433974,0.65421,-4.60367,-0.0660261
0.13,2,0.8,0.836443,0.457046,-2.00737,-0.0364426
0.13,3,0.2,0.200657,0.00949834,-0.0122651,-0.000656607
0.13,4,-0.3,-0.293262,0.344475,-0.226142,-0.00673814
0.13,5,0.1,0.10026,-0.00587178,0.000463546,-0.000259598
0.14,0,1,0.999842,-0.00328555,0.0161938,0.000158429
0.14,1,-0.5,-0.427494,0.642055,-4.8264,-0.0725059
0.14,2,0.8,0.840992,0.452382,-2.13452,-0.0409918
0.14,3,0.2,0.20075,0.00921676,-0.0130315,-0.000750143
0.14,4,-0.3,-0.289756,0.354375,-0.259141,-0.0102442
0.14,5,0.1,0.1002,-0.00599929,0.000799683,-0.000200021
0.15,0,1,0.999811,-0.00287235,0.0161806,0.000189089
0.15,1,-0.5,-0.421166,0.624541,-5.027,-0.0788344
0.15,2,0.8,0.845466,0.442612,-2.2492,-0.0454659
0.15,3,0.2,0.20084,0.00882398,-0.0136967,-0.000840233
0.15,4,-0.3,-0.286194,0.356534,-0.288713,-0.0138057
0.15,5,0.1,0.10014,-0.0059513,0.00108459,-0.00014016
0.16,0,1,0.999785,-0.00237891,0.0157429,0.000215154
0.16,1,-0.5,-0.41504,0.60214,-5.20484,-0.0849604
0.16,2,0.8,0.849817,0.428263,-2.35102,-0.0498166
0.16,3,0.2,0.200926,0.00834112,-0.0142635,-0.000925884
0.16,4,-0.3,-0.282649,0.352015,-0.314818,-0.0173513
0.16,5,0.1,0.100082,-0.00575878,0.00131964,-8.15993e-05
0.17,0,1,0.999764,-0.00182977,0.0149277,0.000235959
0.17,1,-0.5,-0.409162,0.575356,-5.35958,-0.0908379
0.17,2,0.8,0.854001,0.409865,-2.43977,-0.0540012
0.17,3,0.2,0.201006,0.0077864,-0.0147348,-0.0010063
0.17,4,-0.3,-0.27918,0.341828,-0.337472,-0.0208197
0.17,5,0.1,0.100026,-0.00545165,0.00150741,-2.5618e-05
0.18,0,1,0.999749,-0.00124711,0.0137842,0.000251071
0.18,1,-0.5,-0.403574,0.544725,-5.49121,-0.0964259
0.18,2,0.8,0.857982,0.387949,-2.51536,-0.057982
0.18,3,0.2,0.201081,0.00717563,-0.0151138,-0.00108084
0.18,4,-0.3,-0.275841,0.32691,-0.356731,-0.0241595
0.18,5,0.1,0.0999732,-0.00505802,0.00165137,2.67939e-05
0.19,0,1,0.99974,-0.000650635,0.0123625,0.000260266
0.19,1,-0.5,-0.398311,0.510802,-5.59997,-0.101689
0.19,2,0.8,0.861727,0.363039,-2.57788,-0.0617267
0.19,3,0.2,0.201149,0.00652255,-0.0154039,-0.00114904
0.19,4,-0.3,-0.272672,0.308114,-0.372681,-0.027328
0.19,5,0.1,0.0999251,-0.0046036,0.00175565,7.4915e-05
0.2,0,1,0.999736,-5.75569e-05,0.0107127,0.000263501
0.2,1,-0.5,-0.393402,0.47415,-5.68635,-0.106598
0.2,2,0.8,0.865208,0.335651,-2.62755,-0.0652083
0.2,3,0.2,0.201211,0.00583929,-0.0156088,-0.00121052
0.2,4,-0.3,-0.269709,0.286215,-0.385435,-0.030291
0.2,5,0.1,0.0998817,-0.00411124,0.0018247,0.000118266
0.21,0,1,0.999739,0.000517322,0.0088838,0.000260894
0.21,1,-0.5,-0.388873,0.435337,-5.7511,-0.111127
0.21,2,0.8,0.868405,0.306292,-2.66473,-0.0684048
0.21,3,0.2,0.201265,0.00513666,-0.0157326,-0.00126506
0.21,4,-0.3,-0.266979,0.261912,-0.395125,-0.0330212
0.21,5,0.1,0.0998434,-0.00360065,0.00186308,0.000156578
0.22,0,1,0.999747,0.00106151,0.00692339,0.000252698
0.22,1,-0.5,-0.384741,0.39492,-5.79513,-0.115259
0.22,2,0.8,0.871299,0.275454,-2.68988,-0.0712991
0.22,3,0.2,0.201313,0.00442445,-0.0157798,-0.00131252
0.22,4,-0.3,-0.264502,0.235834,-0.401902,-0.0354981
0.22,5,0.1,0.0998102,-0.00308823,0.00187528,0.000189761
0.23,0,1,0.999761,0.00156469,0.00487703,0.000239278
0.23,1,-0.5,-0.381019,0.35344,-5.81956,-0.118981
0.23,2,0.8,0.873879,0.243611,-2.7036,-0.0738791
0.23,3,0.2,0.201353,0.00371161,-0.0157553,-0.00135284
0.23,4,-0.3,-0.262293,0.208545,-0.40593,-0.0377071
0.23,5,0.1,0.0997821,-0.00258714,0.00186551,0.000217874
0.24,0,1,0.999779,0.0020186,0.00278783,0.000221091
0.24,1,-0.5,-0.377715,0.311417,-5.82563,-0.122285
0.24,2,0.8,0.876137,0.211214,-2.70655,-0.0761373
0.24,3,0.2,0.201386,0.00300638,-0.0156645,-0.00138607
0.24,4,-0.3,-0.260361,0.180554,-0.407389,-0.039639
0.24,5,0.1,0.0997589,-0.0021074,0.00183765,0.000241086
0.25,0,1,0.999801,0.00241687,0.000696036,0.000198666
0.25,1,-0.5,-0.374833,0.269341,-5.81471,-0.125167
0.25,2,0.8,0.878071,0.178694,-2.6995,-0.0780706
0.25,3,0.2,0.201412,0.00231642,-0.015513,-0.00141232
0.25,4,-0.3,-0.258711,0.152315,-0.406472,-0.0412893
0.25,5,0.1,0.0997403,-0.00165614,0.0017951,0.000259652
0.26,0,1,0.999827,0.00275491,-0.00136123,0.000172587
0.26,1,-0.5,-0.372369,0.227669,-5.78824,-0.127631
0.26,2,0.8,0.87968,0.146448,-2.68329,-0.0796798
0.26,3,0.2,0.201432,0.00164878,-0.0153072,-0.00143179
0.26,4,-0.3,-0.257342,0.124234,-0.403379,-0.0426577
0.26,5,0.1,0.0997261,-0.00123795,0.00174081,0.000273885
0.27,0,1,0.999857,0.00302973,-0.00335025,0.000143474
0.27,1,-0.5,-0.370318,0.186819,-5.74774,-0.129682
0.27,2,0.8,0.88097,0.114846,-2.65878,-0.0809698
0.27,3,0.2,0.201445,0.00100993,-0.0150533,-0.00144474
0.27,4,-0.3,-0.256252,0.0966718,-0.398319,-0.0437479
0.27,5,0.1,0.0997159,-0.000855228,0.00167722,0.00028413
0.28,0,1,0.999888,0.00323986,-0.00524089,0.000111967
0.28,1,-0.5,-0.368669,0.147169,-5.69475,-0.131331
0.28,2,0.8,0.881949,0.0842227,-2.62691,-0.0819488
0.28,3,0.2,0.201451,0.000405738,-0.0147583,-0.00145148
0.28,4,-0.3,-0.255433,0.0699458,-0.391507,-0.0445668
0.28,5,0.1,0.0997093,-0.000508562,0.0016063,0.000290746
0.29,0,1,0.999921,0.00338515,-0.00700679,7.87161e-05
0.29,1,-0.5,-0.367408,0.109059,-5.63084,-0.132592
0.29,2,0.8,0.882629,0.0548775,-2.58861,-0.0826285
0.29,3,0.2,0.201452,-0.000158582,-0.0144289,-0.0014524
0.29,4,-0.3,-0.254876,0.0443333,-0.383162,-0.0451244
0.29,5,0.1,0.0997059,-0.000197148,0.00152959,0.00029409
0.3,0,1,0.999956,0.00346665,-0.00862538,4.43645e-05
0.3,1,-0.5,-0.366519,0.0727797,-5.55758,-0.133481
0.3,2,0.8,0.883023,0.0270715,-2.54483,-0.083023
0.3,3,0.2,0.201448,-0.000678525,-0.0140721,-0.00144792
0.3,4,-0.3,-0.254567,0.0200721,-0.373501,-0.0454331
0.3,5,0.1,0.0997055,8.0836e-05,0.00144828,0.000294506
0.31,0,1,0.99999,0.00348651,-0.010078,9.53901e-06
0.31,1,-0.5,-0.365981,0.0385839,-5.47651,-0.134019
0.31,2,0.8,0.883149,0.00102755,-2.49652,-0.0831489
0.31,3,0.2,0.201438,-0.00115034,-0.0136948,-0.0014385
0.31,4,-0.3,-0.254492,-0.00263811,-0.362741,-0.0455075
0.31,5,0.1,0.0997077,0.000327877,0.00136321,0.000292314
0.32,0,1,1.00003,0.00344776,-0.0113497,-2.51599e-05
0.32,1,-0.5,-0.365773,0.00667964,-5.38913,-0.134227
0.32,2,0.8,0.883025,-0.0230707,-2.44461,-0.083025
0.32,3,0.2,0.201425,-0.00157109,-0.0133037,-0.00142464
0.32,4,-0.3,-0.254636,-0.0236343,-0.351096,-0.0453642
0.32,5,0.1,0.0997122,0.000546815,0.001275,0.00028781
0.33,0,1,1.00006,0.00335425,-0.0124294,-5.91666e-05
0.33,1,-0.5,-0.36587,-0.0227663,-5.29691,-0.13413
0.33,2,0.8,0.882671,-0.0450782,-2.38999,-0.0826715
0.33,3,0.2,0.201407,-0.00193863,-0.0129054,-0.00140686
0.33,4,-0.3,-0.254979,-0.042789,-0.338773,-0.0450209
0.33,5,0.1,0.0997187,0.000740575,0.00118411,0.000281256
0.34,0,1,1.00009,0.00321045,-0.0133096,-9.19576e-05
0.34,1,-0.5,-0.366247,-0.0496271,-5.20122,-0.133753
0.34,2,0.8,0.88211,-0.0648883,-2.33352,-0.0821099
0.34,3,0.2,0.201386,-0.0022517,-0.012506,-0.00138571
0.34,4,-0.3,-0.255503,-0.0600087,-0.325969,-0.0444967
0.34,5,0.1,0.0997271,0.000911956,0.00109087,0.00027289
0.35,0,1,1.00012,0.00302137,-0.0139864,-0.000123057
0.35,1,-0.5,-0.366879,-0.073814,-5.1034,-0.133121
0.35,2,0.8,0.881363,-0.0824306,-2.27602,-0.0813626
0.35,3,0.2,0.201362,-0.00250987,-0.0121113,-0.00136172
0.35,4,-0.3,-0.256189,-0.0752323,-0.312874,-0.0438112
0.35,5,0.1,0.0997371,0.00106348,0.000995567,0.000262922
0.36,0,1,1.00015,0.0027924,-0.0144589,-0.000152042
0.36,1,-0.5,-0.367737,-0.0952745,-5.00468,-0.132263
0.36,2,0.8,0.880453,-0.0976698,-2.21824,-0.0804526
0.36,3,0.2,0.201335,-0.00271353,-0.0117265,-0.00133546
0.36,4,-0.3,-0.257015,-0.0884293,-0.299663,-0.0429846
0.36,5,0.1,0.0997485,0.00119727,0.000898508,0.000251538
0.37,0,1,1.00018,0.00252923,-0.0147295,-0.000178545
0.37,1,-0.5,-0.368795,-0.11399,-4.90622,-0.131205
0.37,2,0.8,0.879403,-0.110603,-2.16088,-0.0794029
0.37,3,0.2,0.201307,-0.00286386,-0.0113562,-0.00130745
0.37,4,-0.3,-0.257963,-0.0995977,-0.286499,-0.0420373
0.37,5,0.1,0.0997611,0.00131501,0.000800021,0.000238905
0.38,0,1,1.0002,0.00223768,-0.0148032,-0.000202254
0.38,1,-0.5,-0.370025,-0.129972,-4.80907,-0.129975
0.38,2,0.8,0.878236,-0.121257,-2.10458,-0.0782364
0.38,3,0.2,0.201278,-0.00296276,-0.0110046,-0.00127823
0.38,4,-0.3,-0.259011,-0.108762,-0.273533,-0.0409892
0.38,5,0.1,0.0997748,0.00141792,0.000700506,0.000225177
0.39,0,1,1.00022,0.00192365,-0.0146877,-0.00022292
0.39,1,-0.5,-0.3714,-0.143261,-4.7142,-0.1286
0.39,2,0.8,0.876976,-0.129685,-2.0499,-0.0769757
0.39,3,0.2,0.201248,-0.00301281,-0.0106752,-0.00124829
0.39,4,-0.3,-0.26014,-0.115969,-0.260899,-0.0398604
0.39,5,0.1,0.0997895,0.00150681,0.000600444,0.000210497
0.4,0,1,1.00024,0.00159298,-0.0143929,-0.000240349
0.4,1,-0.5,-0.372894,-0.153925,-4.62247,-0.127106
0.4,2,0.8,0.875643,-0.135965,-1.99735,-0.0756425
0.4,3,0.2,0.201218,-0.00301713,-0.0103707,-0.0012181
0.4,4,-0.3,-0.26133,-0.121287,-0.248716,-0.0386699
0.4,5,0.1,0.099805,0.00158206,0.000500403,0.000195004
0.41,0,1,1.00025,0.00125142,-0.0139306,-0.000254407
0.41,1,-0.5,-0.37448,-0.162052,-4.53465,-0.12552
0.41,2,0.8,0.874258,-0.140195,-1.94735,-0.074258
0.41,3,0.2,0.201188,-0.00297935,-0.0100934,-0.0011881
0.41,4,-0.3,-0.262564,-0.124805,-0.237088,-0.0374363
0.41,5,0.1,0.0998212,0.00164377,0.000401033,0.000178833
0.42,0,1,1.00027,0.000904509,-0.0133142,-0.000265016
0.42,1,-0.5,-0.376134,-0.167752,-4.4514,-0.123866
0.42,2,0.8,0.872842,-0.142491,-1.90027,-0.0728418
0.42,3,0.2,0.201159,-0.00290346,-0.00984491,-0.0011587
0.42,4,-0.3,-0.263823,-0.126623,-0.226103,-0.0361769
0.42,5,0.1,0.0998379,0.0016918,0.000303057,0.00016212
0.43,0,1,1.00027,0.000557514,-0.0125586,-0.00027215
0.43,1,-0.5,-0.377832,-0.171153,-4.37327,-0.122168
0.43,2,0.8,0.871413,-0.142981,-1.85642,-0.0714128
0.43,3,0.2,0.20113,-0.00279376,-0.00962616,-0.00113024
0.43,4,-0.3,-0.265092,-0.126857,-0.215836,-0.0349081
0.43,5,0.1,0.099855,0.00172588,0.000207248,0.000145002
0.44,0,1,1.00028,0.000215392,-0.0116797,-0.000275838
0.44,1,-0.5,-0.379552,-0.172397,-4.30074,-0.120448
0.44,2,0.8,0.869988,-0.141808,-1.81603,-0.0699881
0.44,3,0.2,0.201103,-0.00265468,-0.00943765,-0.00110305
0.44,4,-0.3,-0.266355,-0.125632,-0.206345,-0.0336451
0.44,5,0.1,0.0998724,0.00174568,0.000114411,0.000127623
0.45,0,1,1.00028,-0.000117269,-0.0106943,-0.000276152
0.45,1,-0.5,-0.381273,-0.171638,-4.23416,-0.118727
0.45,2,0.8,0.868584,-0.13912,-1.77927,-0.0685837
0.45,3,0.2,0.201077,-0.00249078,-0.00927935,-0.00107738
0.45,4,-0.3,-0.267598,-0.123079,-0.197675,-0.0324018
0.45,5,0.1,0.0998899,0.0017509,2.53567e-05,0.000110125
0.46,0,1,1.00027,-0.000436289,-0.00961963,-0.000273212
0.46,1,-0.5,-0.382977,-0.16904,-4.17381,-0.117023
0.46,2,0.8,0.867214,-0.135071,-1.74627,-0.0672137
0.46,3,0.2,0.201053,-0.00230657,-0.00915078,-0.00105347
0.46,4,-0.3,-0.268809,-0.119336,-0.189858,-0.0311907
0.46,5,0.1,0.0999073,0.00174136,-5.91241e-05,9.26565e-05
0.47,0,1,1.00027,-0.000737922,-0.00847322,-0.000267175
0.47,1,-0.5,-0.384645,-0.164775,-4.11988,-0.115355
0.47,2,0.8,0.865891,-0.129819,-1.71709,-0.0658909
0.47,3,0.2,0.201031,-0.00210649,-0.00905107,-0.0010315
0.47,4,-0.3,-0.269977,-0.114541,-0.182912,-0.0300229
0.47,5,0.1,0.0999246,0.00171702,-0.000138284,7.53646e-05
0.48,0,1,1.00026,-0.00101888,-0.00727262,-0.000258232
0.48,1,-0.5,-0.386262,-0.159019,-4.07246,-0.113738
0.48,2,0.8,0.864627,-0.123523,-1.69175,-0.0646266
0.48,3,0.2,0.201012,-0.0018948,-0.008979,-0.00101159
0.48,4,-0.3,-0.271092,-0.108837,-0.176846,-0.0289081
0.48,5,0.1,0.0999416,0.00167809,-0.000211443,5.83966e-05
0.49,0,1,1.00025,-0.00127636,-0.00603518,-0.000246607
0.49,1,-0.5,-0.387814,-0.15195,-4.03157,-0.112186
0.49,2,0.8,0.86343,-0.116339,-1.67023,-0.0634302
0.49,3,0.2,0.200994,-0.00167553,-0.00893309,-0.000993841
0.49,4,-0.3,-0.272145,-0.102361,-0.171658,-0.0278548
0.49,5,0.1,0.0999581,0.00162496,-0.000278006,4.18965e-05
0.5,0,0.999502,1.00023,-0.00150802,-0.0246784,-0.000730061
0.5,1,-0.500149,-0.38929,-0.143747,-4.00314,-0.11086
0.5,2,0.800199,0.86231,-0.108421,-1.64648,-0.0621108
0.5,3,0.199901,0.200978,-0.00145246,-0.00990662,-0.00107781
0.5,4,-0.30005,-0.27313,-0.095251,-0.167731,-0.0269196
0.5,5,0.0999502,0.099974,0.00155832,-0.000586239,-2.37488e-05
0.51,0,0.994527,1.0002,-0.00466701,-0.213084,-0.00567713
0.51,1,-0.501642,-0.39072,-0.144009,-4.00485,-0.110922
0.51,2,0.802189,0.861351,-0.0823596,-1.61014,-0.0591621
0.51,3,0.198906,0.20094,-0.00710462,-0.016082,-0.00203448
0.51,4,-0.300547,-0.27408,-0.0956885,-0.163897,-0.0264676
0.51,5,0.0994527,0.1,0.00368657,-0.00384263,-0.000547332
0.52,0,0.989552,1.00012,-0.0129222,-0.383802,-0.0105642
0.52,1,-0.503134,-0.392185,-0.148666,-3.99196,-0.110949
0.52,2,0.804179,0.860718,-0.0475552,-1.60107,-0.0565393
0.52,3,0.197911,0.200808,-0.0187358,-0.0177337,-0.00289752
0.52,4,-0.301045,-0.275039,-0.0953791,-0.160358,-0.026006
0.52,5,0.0989552,0.100043,0.0043629,-0.00674938,-0.0010881
0.53,0,0.984577,0.99992,-0.02574,-0.536507,-0.0153432
0.53,1,-0.504627,-0.393694,-0.152503,-3.97979,-0.110933
0.53,2,0.806169,0.860429,-0.0141725,-1.59944,-0.0542595
0.53,3,0.196916,0.200544,-0.0328195,-0.0165965,-0.00362882
0.53,4,-0.301542,-0.275969,-0.0904775,-0.159348,-0.0255733
0.53,5,0.0984577,0.100075,0.00166199,-0.00858399,-0.00161708
0.54,0,0.979602,0.999573,-0.0425545,-0.671197,-0.0199715
0.54,1,-0.506119,-0.395233,-0.154675,-3.97144,-0.110887
0.54,2,0.808159,0.860457,0.0162698,-1.60147,-0.0522976
0.54,3,0.195921,0.200135,-0.0475628,-0.0136078,-0.00421455
0.54,4,-0.30204,-0.276832,-0.0825284,-0.1604,-0.025208
0.54,5,0.0979602,0.100063,-0.00383362,-0.00936429,-0.00210288
0.55,0,0.974627,0.999039,-0.062822,-0.788024,-0.0244123
0.55,1,-0.507612,-0.396783,-0.155183,-3.96758,-0.110828
0.55,2,0.810149,0.860773,0.0437424,-1.6062,-0.0506237
0.55,3,0.194926,0.19958,-0.0618738,-0.00942072,-0.0046545
0.55,4,-0.302537,-0.277606,-0.0732063,-0.162844,-0.0249309
0.55,5,0.0974627,0.0999858,-0.011098,-0.00928632,-0.00252314
0.56,0,0.969652,0.998285,-0.0860257,-0.887274,-0.0286338
0.56,1,-0.509104,-0.398331,-0.154217,-3.96827,-0.110773
0.56,2,0.81214,0.861349,0.0684548,-1.61318,-0.0492091
0.56,3,0.193931,0.198888,-0.0750461,-0.00454372,-0.00495714
0.56,4,-0.303035,-0.278286,-0.0636611,-0.166161,-0.0247489
0.56,5,0.0969652,0.0998307,-0.0191858,-0.00857194,-0.00286553
0.57,0,0.964676,0.997286,-0.111673,-0.969357,-0.0326094
0.57,1,-0.510597,-0.399862,-0.15202,-3.97332,-0.110735
0.57,2,0.81413,0.862157,0.0906375,-1.6221,-0.0480276
0.57,3,0.192936,0.198072,-0.0866351,0.000616156,-0.00513649
0.57,4,-0.303532,-0.278872,-0.0545871,-0.169989,-0.0246603
0.57,5,0.0964676,0.0995937,-0.0273536,-0.00742433,-0.00312608
0.58,0,0.959701,0.996019,-0.139297,-1.0348,-0.0363174
0.58,1,-0.512089,-0.401366,-0.148846,-3.98241,-0.110724
0.58,2,0.81612,0.863175,0.110505,-1.63266,-0.0470549
0.58,3,0.191941,0.197151,-0.0963918,0.0057362,-0.00520989
0.58,4,-0.304029,-0.279372,-0.0463624,-0.174082,-0.0246579
0.58,5,0.0959701,0.0992772,-0.0350664,-0.00601554,-0.00330709
0.59,0,0.954726,0.994466,-0.168452,-1.08426,-0.0397403
0.59,1,-0.513582,-0.402833,-0.144944,-3.99511,-0.110749
0.59,2,0.81811,0.864379,0.12825,-1.64457,-0.0462692
0.59,3,0.190946,0.196142,-0.104218,0.0105678,-0.00519631
0.59,4,-0.304527,-0.279795,-0.0391602,-0.178278,-0.0247323
0.59,5,0.0954726,0.0988878,-0.0419711,-0.00448466,-0.0034152
0.6,0,0.949751,0.992616,-0.198717,-1.11846,-0.0428652
0.6,1,-0.515074,-0.404259,-0.140546,-4.01098,-0.110816
0.6,2,0.8201,0.86575,0.144047,-1.65759,-0.04565
0.6,3,0.189951,0.195066,-0.11013,0.0149278,-0.00511504
0.6,4,-0.305024,-0.280152,-0.0330266,-0.182469,-0.0248727
0.6,5,0.0949751,0.0984348,-0.0478625,-0.0029398,-0.00345971
0.61,0,0.944776,0.990459,-0.229695,-1.13824,-0.0456832
0.61,1,-0.516567,-0.405638,-0.135861,-4.02954,-0.110928
0.61,2,0.82209,0.867269,0.158051,-1.67147,-0.0451788
0.61,3,0.188956,0.19394,-0.114229,0.0186898,-0.00498475
0.61,4,-0.305522,-0.280453,-0.0279333,-0.186584,-0.0250688
0.61,5,0.0944776,0.0979289,-0.0526508,-0.00146146,-0.00345134
0.62,0,0.939801,0.98799,-0.261015,-1.14453,-0.0481893
0.62,1,-0.518059,-0.406971,-0.131078,-4.0503,-0.111088
0.62,2,0.82408,0.868919,0.170403,-1.68596,-0.0448384
0.62,3,0.187961,0.192783,-0.116672,0.0217758,-0.00482272
0.62,4,-0.306019,-0.280709,-0.0238117,-0.190577,-0.0253104
0.62,5,0.0939801,0.0973813,-0.0563319,-0.000106448,-0.0034012
0.63,0,0.934826,0.985207,-0.292332,-1.13828,-0.0503819
0.63,1,-0.519552,-0.408255,-0.126355,-4.07278,-0.111296
0.63,2,0.82607,0.870683,0.18123,-1.70085,-0.0446131
0.63,3,0.186966,0.19161,-0.117654,0.0241481,-0.00464446
0.63,4,-0.306517,-0.280929,-0.0205755,-0.194418,-0.0255882
0.63,5,0.0934826,0.0968027,-0.0589626,0.00108828,-0.0033201
0.64,0,0.92985,0.982113,-0.323326,-1.12054,-0.0522629
0.64,1,-0.521044,-0.409494,-0.121831,-4.09652,-0.11155
0.64,2,0.82806,0.872549,0.19065,-1.71595,-0.0444883
0.64,3,0.185971,0.190434,-0.117392,0.025801,-0.00446341
0.64,4,-0.307014,-0.28112,-0.018133,-0.198085,-0.025894
0.64,5,0.092985,0.0962031,-0.06064,0.00210188,-0.00321802
0.65,0,0.924875,0.978712,-0.353707,-1.09236,-0.0538371
0.65,1,-0.522537,-0.410689,-0.117616,-4.12107,-0.111848
0.65,2,0.83005,0.874501,0.19877,-1.73105,-0.0444504
0.65,3,0.184976,0.189267,-0.116104,0.0267546,-0.0042908
0.65,4,-0.307512,-0.281292,-0.0163955,-0.201564,-0.0262202
0.65,5,0.0924875,0.0955914,-0.061485,0.00292621,-0.00310386
0.66,0,0.9199,0.975012,-0.383211,-1.05485,-0.055112
0.66,1,-0.524029,-0.411844,-0.113802,-4.14601,-0.112186
0.66,2,0.832041,0.876528,0.20569,-1.74599,-0.044487
0.66,3,0.183981,0.188116,-0.114008,0.0270477,-0.00413569
0.66,4,-0.308009,-0.281449,-0.0152808,-0.204842,-0.0265603
0.66,5,0.09199,0.0949752,-0.0616296,0.00356287,-0.0029852
0.67,0,0.914925,0.971023,-0.411604,-1.0091,-0.0560979
0.67,1,-0.525522,-0.412963,-0.110458,-4.17098,-0.112559
0.67,2,0.834031,0.878617,0.211504,-1.76061,-0.0445866
0.67,3,0.182986,0.186991,-0.111306,0.0267332,-0.00400504
0.67,4,-0.308507,-0.281598,-0.0147146,-0.207911,-0.0269085
0.67,5,0.0914925,0.0943608,-0.0612073,0.00402053,-0.00286833
0.68,0,0.90995,0.966757,-0.43868,-0.956236,-0.0568069
0.68,1,-0.527014,-0.414051,-0.107634,-4.1956,-0.112963
0.68,2,0.836021,0.880759,0.2163,-1.77476,-0.0447388
0.68,3,0.181991,0.185895,-0.108185,0.0258727,-0.00390385
0.68,4,-0.309004,-0.281744,-0.014631,-0.210762,-0.0272597
0.68,5,0.090995,0.0937532,-0.0603458,0.00431275,-0.0027582
0.69,0,0.904975,0.962228,-0.464261,-0.897348,-0.0572533
0.69,1,-0.528507,-0.415115,-0.105364,-4.21958,-0.113392
0.69,2,0.838011,0.882944,0.220162,-1.78833,-0.0449336
0.69,3,0.180996,0.184831,-0.104812,0.0245331,-0.00383539
0.69,4,-0.309502,-0.281892,-0.0149713,-0.213389,-0.0276093
0.69,5,0.0904975,0.093156,-0.0591631,0.00445623,-0.00265854
0.7,0,0.9,0.957452,-0.488197,-0.833518,-0.0574527
0.7,1,-0.529999,-0.416159,-0.103666,-4.24262,-0.11384
0.7,2,0.840001,0.885163,0.223171,-1.80121,-0.0451624
0.7,3,0.180001,0.183802,-0.101329,0.0227839,-0.00380138
0.7,4,-0.309999,-0.282046,-0.0156832,-0.215786,-0.0279534
0.7,5,0.09,0.0925719,-0.057764,0.00446931,-0.00257198
0.71,0,0.895024,0.952447,-0.510368,-0.765794,-0.0574225
0.71,1,-0.531492,-0.417189,-0.102544,-4.26449,-0.114303
0.71,2,0.841991,0.887408,0.225402,-1.81331,-0.0454169
0.71,3,0.179006,0.182808,-0.09786,0.0206939,-0.0038022
0.71,4,-0.310497,-0.282208,-0.0167197,-0.217949,-0.0282886
0.71,5,0.0895024,0.0920026,-0.0562392,0.0043709,-0.00250017
0.72,0,0.890049,0.94723,-0.530679,-0.69519,-0.0571807
0.72,1,-0.532984,-0.418211,-0.101991,-4.28497,-0.114773
0.72,2,0.843981,0.889671,0.22693,-1.82455,-0.0456898
0.72,3,0.178011,0.181848,-0.0945038,0.0183305,-0.00383718
0.72,4,-0.310994,-0.282382,-0.0180381,-0.219876,-0.0286118
0.72,5,0.0890049,0.0914489,-0.0546644,0.00417962,-0.00244394
0.73,0,0.885074,0.94182,-0.549061,-0.622669,-0.0567463
0.73,1,-0.534477,-0.41923,-0.101991,-4.30389,-0.115247
0.73,2,0.845971,0.891946,0.227823,-1.83488,-0.0459744
0.73,3,0.177016,0.180921,-0.091341,0.0157576,-0.00390471
0.73,4,-0.311492,-0.282571,-0.0195987,-0.221565,-0.0289205
0.73,5,0.0885074,0.0909109,-0.0531015,0.00391326,-0.00240344
0.74,0,0.880099,0.936238,-0.565471,-0.549146,-0.056139
0.74,1,-0.535969,-0.420252,-0.102518,-4.32111,-0.115717
0.74,2,0.847961,0.894226,0.22815,-1.84424,-0.0462648
0.74,3,0.176021,0.180023,-0.088433,0.0130348,-0.0040025
0.74,4,-0.311989,-0.282777,-0.0213644,-0.223017,-0.0292125
0.74,5,0.0880099,0.0903882,-0.0515989,0.00358834,-0.00237827
0.75,0,0.875124,0.930502,-0.579889,-0.475472,-0.0553785
0.75,1,-0.537462,-0.421283,-0.103538,-4.33654,-0.116179
0.75,2,0.849951,0.896507,0.227976,-1.85262,-0.0465556
0.75,3,0.175026,0.179154,-0.0858247,0.0102172,-0.00412777
0.75,4,-0.312486,-0.283001,-0.0233002,-0.224236,-0.0294858
0.75,5,0.0875124,0.08988,-0.0501933,0.00321991,-0.00236762
0.76,0,0.870149,0.924633,-0.592316,-0.40244,-0.0544847
0.76,1,-0.538954,-0.422326,-0.105013,-4.35008,-0.116628
0.76,2,0.851942,0.898784,0.227361,-1.85999,-0.0468422
0.76,3,0.174031,0.178308,-0.0835465,0.00735474,-0.00427731
0.76,4,-0.312984,-0.283245,-0.0253723,-0.225225,-0.0297389
0.76,5,0.0870149,0.0893852,-0.0489108,0.00282142,-0.00237036
0.77,0,0.865174,0.918651,-0.602777,-0.330772,-0.0534776
0.77,1,-0.540447,-0.423386,-0.1069,-4.36172,-0.11706
0.77,2,0.853932,0.901052,0.226365,-1.86635,-0.0471205
0.77,3,0.173036,0.177484,-0.0816161,0.00449221,-0.00444774
0.77,4,-0.313481,-0.283511,-0.0275489,-0.225992,-0.0299708
0.77,5,0.0865174,0.0889025,-0.0477685,0.00240471,-0.00238517
0.78,0,0.860198,0.912575,-0.611312,-0.261123,-0.0523764
0.78,1,-0.541939,-0.424467,-0.109152,-4.37141,-0.117472
0.78,2,0.855922,0.903309,0.225045,-1.8717,-0.0473871
0.78,3,0.172041,0.176676,-0.0800408,0.00166923,-0.00463552
0.78,4,-0.313979,-0.283798,-0.0297991,-0.226544,-0.0301804
0.78,5,0.0860198,0.0884304,-0.0467764,0.00198002,-0.00241058
0.79,0,0.855223,0.906424,-0.617979,-0.194074,-0.0512003
0.79,1,-0.543431,-0.425573,-0.111722,-4.37919,-0.117859
0.79,2,0.857912,0.905551,0.223452,-1.87607,-0.0476389
0.79,3,0.171046,0.175883,-0.0788191,-0.0010796,-0.00483711
0.79,4,-0.314476,-0.284109,-0.0320934,-0.226892,-0.0303673
0.79,5,0.0855223,0.0879674,-0.0459382,0.00155611,-0.00244507
0.8,0,0.850248,0.900215,-0.622853,-0.130136,-0.0499674
0.8,1,-0.544924,-0.426705,-0.114558,-4.38507,-0.118219
0.8,2,0.859902,0.907775,0.221638,-1.87948,-0.0478735
0.8,3,0.170051,0.1751,-0.0779425,-0.0037245,-0.005049
0.8,4,-0.314974,-0.284443,-0.0344041,-0.227047,-0.0305311
0.8,5,0.0850248,0.0875119,-0.0452528,0.00114036,-0.0024871
0.81,0,0.845273,0.893968,-0.626021,-0.0697455,-0.0486952
0.81,1,-0.546416,-0.427867,-0.117612,-4.38912,-0.118549
0.81,2,0.861892,0.909981,0.219649,-1.88197,-0.0480889
0.81,3,0.169056,0.174324,-0.0773967,-0.00624026,-0.00526783
0.81,4,-0.315471,-0.284799,-0.0367049,-0.227023,-0.0306719
0.81,5,0.0845273,0.0870625,-0.0447155,0.000738861,-0.00253516
0.82,0,0.840298,0.887698,-0.627581,-0.0132694,-0.0474003
0.82,1,-0.547909,-0.429061,-0.120833,-4.39141,-0.118848
0.82,2,0.863882,0.912166,0.217529,-1.88357,-0.0482838
0.82,3,0.168061,0.173551,-0.077163,-0.00860598,-0.00549038
0.82,4,-0.315969,-0.285179,-0.0389712,-0.226833,-0.0307898
0.82,5,0.0840298,0.0866176,-0.0443188,0.00035658,-0.00258781
0.83,0,0.835323,0.881421,-0.62764,0.0389969,-0.0460981
0.83,1,-0.549401,-0.430288,-0.124173,-4.39203,-0.119114
0.83,2,0.865872,0.914329,0.21532,-1.88435,-0.0484569
0.83,3,0.167066,0.17278,-0.0772196,-0.0108048,-0.00571365
0.83,4,-0.316466,-0.285581,-0.0411805,-0.226493,-0.0308854
0.83,5,0.0835323,0.086176,-0.0440532,-2.5402e-06,-0.0026437
0.84,0,0.830347,0.875151,-0.626316,0.0868253,-0.044803
0.84,1,-0.550894,-0.431548,-0.127586,-4.39107,-0.119346
0.84,2,0.867862,0.91647,0.213059,-1.88435,-0.0486076
0.84,3,0.166071,0.172006,-0.077542,-0.0128236,-0.00593488
0.84,4,-0.316964,-0.286004,-0.0433123,-0.226018,-0.0309592
0.84,5,0.0830348,0.0857363,-0.0439081,-0.00033546,-0.00270158
0.85,0,0.825372,0.868901,-0.623728,0.130053,-0.0435283
0.85,1,-0.552386,-0.432843,-0.131027,-4.38865,-0.119543
0.85,2,0.869852,0.918588,0.210781,-1.88363,-0.0487355
0.85,3,0.165076,0.171228,-0.0781045,-0.0146526,-0.00615153
0.85,4,-0.317461,-0.286449,-0.0453485,-0.225424,-0.0310123
0.85,5,0.0825372,0.0852975,-0.0438718,-0.000639938,-0.0027603
0.86,0,0.820397,0.862683,-0.620003,0.168579,-0.0422857
0.86,1,-0.553879,-0.434172,-0.134455,-4.3849,-0.119707
0.86,2,0.871842,0.920683,0.208516,-1.88225,-0.0488408
0.86,3,0.164081,0.170442,-0.0788803,-0.0162855,-0.00636137
0.86,4,-0.317959,-0.286913,-0.0472731,-0.224728,-0.0310456
0.86,5,0.0820397,0.0848586,-0.0439324,-0.000914436,-0.00281883
0.87,0,0.815422,0.856508,-0.615269,0.202362,-0.0410861
0.87,1,-0.555371,-0.435535,-0.137832,-4.37995,-0.119836
0.87,2,0.873833,0.922756,0.206293,-1.88029,-0.0489236
0.87,3,0.163086,0.169648,-0.0798423,-0.0177186,-0.0065624
0.87,4,-0.318456,-0.287396,-0.0490726,-0.223946,-0.0310603
0.87,5,0.0815422,0.0844185,-0.044078,-0.00115803,-0.00287629
0.88,0,0.810447,0.850386,-0.609654,0.231412,-0.0399388
0.88,1,-0.556864,-0.436932,-0.141123,-4.37391,-0.119932
0.88,2,0.875823,0.924807,0.204137,-1.87781,-0.0489845
0.88,3,0.162091,0.168844,-0.0809634,-0.0189511,-0.00675292
0.88,4,-0.318954,-0.287896,-0.0507358,-0.223094,-0.0310578
0.88,5,0.0810447,0.0839766,-0.0442968,-0.00137033,-0.00293187
0.89,0,0.805472,0.844324,-0.603288,0.25579,-0.0388518
0.89,1,-0.558356,-0.438361,-0.144298,-4.36694,-0.119996
0.89,2,0.877813,0.926837,0.202069,-1.87487,-0.0490243
0.89,3,0.161096,0.168028,-0.082217,-0.0199845,-0.00693147
0.89,4,-0.319451,-0.288412,-0.052254,-0.222188,-0.0310394
0.89,5,0.0805472,0.0835321,-0.0445773,-0.00155144,-0.00298492
0.9,0,0.800497,0.838329,-0.596296,0.275605,-0.0378321
0.9,1,-0.559849,-0.43982,-0.147328,-4.35915,-0.120028
0.9,2,0.879803,0.928847,0.200109,-1.87154,-0.049044
0.9,3,0.160101,0.167198,-0.0835773,-0.0208224,-0.00709688
0.9,4,-0.319948,-0.288942,-0.0536208,-0.221243,-0.0310067
0.9,5,0.0800497,0.0830846,-0.0449086,-0.00170183,-0.00303488
0.91,0,0.795521,0.832407,-0.588803,0.291003,-0.0368851
0.91,1,-0.561341,-0.44131,-0.150191,-4.3507,-0.120032
0.91,2,0.881793,0.930838,0.198272,-1.86789,-0.0490448
0.91,3,0.159106,0.166354,-0.0850195,-0.0214705,-0.00724822
0.91,4,-0.320446,-0.289485,-0.0548318,-0.220274,-0.0309612
0.91,5,0.0795522,0.0826335,-0.0452803,-0.00182237,-0.00308129
0.92,0,0.790546,0.826562,-0.580926,0.302167,-0.0360153
0.92,1,-0.562834,-0.442826,-0.152866,-4.3417,-0.120007
0.92,2,0.883783,0.932811,0.19657,-1.86398,-0.0490279
0.92,3,0.158111,0.165496,-0.0865199,-0.021936,-0.00738479
0.92,4,-0.320943,-0.290039,-0.0558852,-0.219293,-0.0309044
0.92,5,0.0790546,0.0821785,-0.0456829,-0.0019142,-0.00312381
0.93,0,0.785571,0.820797,-0.572782,0.309312,-0.0352258
0.93,1,-0.564326,-0.444369,-0.155339,-4.33228,-0.119958
0.93,2,0.885773,0.934768,0.195015,-1.85988,-0.0489949
0.93,3,0.157116,0.164622,-0.0880562,-0.0222278,-0.00750615
0.93,4,-0.321441,-0.290603,-0.0567809,-0.218313,-0.030838
0.93,5,0.0785571,0.0817193,-0.0461072,-0.00197873,-0.00316218
0.94,0,0.780596,0.815115,-0.564476,0.31268,-0.0345187
0.94,1,-0.565819,-0.445935,-0.157596,-4.32257,-0.119884
0.94,2,0.887763,0.93671,0.193614,-1.85564,-0.0489471
0.94,3,0.156121,0.163733,-0.0896078,-0.0223558,-0.00761204
0.94,4,-0.321938,-0.291175,-0.0575207,-0.217347,-0.0307634
0.94,5,0.0780596,0.0812558,-0.0465451,-0.00201756,-0.00319622
0.95,0,0.775621,0.809516,-0.556112,0.312532,-0.0338951
0.95,1,-0.567311,-0.447522,-0.15963,-4.31268,-0.119789
0.95,2,0.889753,0.938639,0.192371,-1.85133,-0.0488862
0.95,3,0.155126,0.162829,-0.0911554,-0.022331,-0.00770243
0.95,4,-0.322436,-0.291753,-0.0581082,-0.216405,-0.0306823
0.95,5,0.0775621,0.0807879,-0.0469891,-0.00203249,-0.00322584
0.96,0,0.770646,0.804001,-0.547783,0.309148,-0.033355
0.96,1,-0.568804,-0.449129,-0.161434,-4.30271,-0.119675
0.96,2,0.891743,0.940557,0.191289,-1.84699,-0.0488137
0.96,3,0.154131,0.161909,-0.0926816,-0.0221654,-0.00777744
0.96,4,-0.322933,-0.292337,-0.0585484,-0.215495,-0.0305962
0.96,5,0.0770646,0.0803156,-0.0474323,-0.00202543,-0.00325103
0.97,0,0.765671,0.798568,-0.539575,0.302821,-0.0328976
0.97,1,-0.570296,-0.450752,-0.163007,-4.29276,-0.119545
0.97,2,0.893734,0.942465,0.19037,-1.84268,-0.0487313
0.97,3,0.153136,0.160974,-0.0941706,-0.0218715,-0.00783738
0.97,4,-0.323431,-0.292924,-0.0588477,-0.214628,-0.0305064
0.97,5,0.0765671,0.0798389,-0.0478689,-0.00199838,-0.00327181
0.98,0,0.760695,0.793217,-0.531567,0.293852,-0.0325212
0.98,1,-0.571789,-0.452389,-0.164349,-4.28293,-0.119399
0.98,2,0.895724,0.944364,0.18961,-1.83844,-0.0486406
0.98,3,0.152141,0.160024,-0.0956083,-0.021462,-0.0078827
0.98,4,-0.323928,-0.293514,-0.0590136,-0.213808,-0.0304144
0.98,5,0.0760696,0.0793578,-0.0482934,-0.00195342,-0.00328829
0.99,0,0.75572,0.787944,-0.52383,0.282548,-0.0322235
0.99,1,-0.573281,-0.454039,-0.165464,-4.27329,-0.119242
0.99,2,0.897714,0.946257,0.189008,-1.83431,-0.0485431
0.99,3,0.151146,0.15906,-0.0969827,-0.0209503,-0.00791399
0.99,4,-0.324426,-0.294104,-0.0590547,-0.213044,-0.0303214
0.99,5,0.075572,0.0788727,-0.0487013,-0.00189264,-0.00330061
1,0,0.750745,0.782747,-0.516424,0.269215,-0.0320014
1,1,-0.574774,-0.455699,-0.166357,-4.26392,-0.119075
1,2,0.899704,0.948144,0.188557,-1.83033,-0.0484405
1,3,0.150151,0.158083,-0.098283,-0.0203495,-0.00793193
1,4,-0.324923,-0.294695,-0.0589802,-0.212339,-0.0302286
1,5,0.0750745,0.0783835,-0.0490889,-0.00181814,-0.00330896
1.01,0,0.74577,0.777621,-0.509403,0.254159,-0.0318513
1.01,1,-0.576266,-0.457366,-0.167037,-4.25488,-0.1189
1.01,2,0.901694,0.950028,0.188252,-1.82653,-0.0483342
1.01,3,0.149156,0.157094,-0.0995006,-0.0196728,-0.00793732
1.01,4,-0.325421,-0.295283,-0.0588001,-0.211698,-0.0301372
1.01,5,0.074577,0.0778906,-0.0494528,-0.00173198,-0.00331356
1.02,0,0.740795,0.772564,-0.502813,0.237678,-0.031769
1.02,1,-0.577759,-0.45904,-0.167512,-4.24623,-0.118719
1.02,2,0.903684,0.95191,0.188085,-1.82294,-0.0482256
1.02,3,0.148161,0.156092,-0.100628,-0.0189332,-0.00793102
1.02,4,-0.325918,-0.29587,-0.0585246,-0.211123,-0.0300481
1.02,5,0.0740795,0.0773942,-0.0497905,-0.00163619,-0.00331467
1.03,0,0.73582,0.76757,-0.496689,0.220063,-0.0317501
1.03,1,-0.579251,-0.460716,-0.167795,-4.23801,-0.118535
1.03,2,0.905674,0.95379,0.188048,-1.81958,-0.0481161
1.03,3,0.147166,0.15508,-0.101661,-0.0181433,-0.00791396
1.03,4,-0.326416,-0.296453,-0.0581645,-0.210616,-0.0299623
1.03,5,0.073582,0.0768945,-0.0501001,-0.00153272,-0.00331255
1.04,0,0.730845,0.762634,-0.491062,0.201596,-0.0317897
1.04,1,-0.580744,-0.462395,-0.167899,-4.23025,-0.118349
1.04,2,0.907664,0.955671,0.188129,-1.81646,-0.0480068
1.04,3,0.146171,0.154058,-0.102594,-0.0173151,-0.00788712
1.04,4,-0.326913,-0.297033,-0.0577305,-0.210178,-0.0298804
1.04,5,0.0730845,0.076392,-0.0503803,-0.00142342,-0.0033075
1.05,0,0.725869,0.757752,-0.485952,0.182544,-0.0318828
1.05,1,-0.582236,-0.464074,-0.167836,-4.22299,-0.118162
1.05,2,0.909654,0.957553,0.18832,-1.81361,-0.047899
1.05,3,0.145176,0.153028,-0.103425,-0.0164604,-0.00785152
1.05,4,-0.327411,-0.297607,-0.0572334,-0.209809,-0.0298033
1.05,5,0.072587,0.0758868,-0.05063,-0.00131006,-0.00329981
1.06,0,0.720894,0.752918,-0.481373,0.163159,-0.032024
1.06,1,-0.583729,-0.465751,-0.167622,-4.21624,-0.117978
1.06,2,0.911644,0.959438,0.188609,-1.81102,-0.0477936
1.06,3,0.144181,0.15199,-0.104153,-0.01559,-0.00780816
1.06,4,-0.327908,-0.298177,-0.0566838,-0.209509,-0.0297314
1.06,5,0.0720894,0.0753792,-0.050849,-0.00119428,-0.0032898
1.07,0,0.715919,0.748127,-0.477334,0.143677,-0.0322081
1.07,1,-0.585221,-0.467426,-0.167272,-4.21001,-0.117796
1.07,2,0.913634,0.961326,0.188985,-1.80872,-0.0476916
1.07,3,0.143186,0.150944,-0.104778,-0.0147141,-0.0077581
1.07,4,-0.328405,-0.29874,-0.0560921,-0.209276,-0.0296652
1.07,5,0.0715919,0.0748697,-0.0510373,-0.0010776,-0.00327776
1.08,0,0.710944,0.743374,-0.473834,0.124319,-0.0324296
1.08,1,-0.586714,-0.469096,-0.166801,-4.20431,-0.117618
1.08,2,0.915625,0.963218,0.189436,-1.80668,-0.0475937
1.08,3,0.142191,0.149894,-0.105302,-0.0138423,-0.00770234
1.08,4,-0.328903,-0.299298,-0.0554684,-0.209107,-0.0296052
1.08,5,0.0710944,0.0743584,-0.0511954,-0.000961407,-0.00326401
1.09,0,0.705969,0.738652,-0.47087,0.105283,-0.0326832
1.09,1,-0.588206,-0.470761,-0.166225,-4.19915,-0.117446
1.09,2,0.917615,0.965115,0.189952,-1.80493,-0.0475008
1.09,3,0.141196,0.148838,-0.105726,-0.0129833,-0.00764189
1.09,4,-0.3294,-0.299849,-0.0548222,-0.209001,-0.0295515
1.09,5,0.0705969,0.0738457,-0.051324,-0.000846968,-0.00324884
1.1,0,0.700994,0.733957,-0.46843,0.0867503,-0.0329635
1.1,1,-0.589699,-0.472419,-0.165559,-4.1945,-0.117279
1.1,2,0.919605,0.967018,0.19052,-1.80344,-0.0474133
1.1,3,0.140201,0.147779,-0.106054,-0.0121447,-0.00757773
1.1,4,-0.329898,-0.300393,-0.0541629,-0.208954,-0.0295044
1.1,5,0.0700994,0.0733319,-0.0514242,-0.000735403,-0.00323254
1.11,0,0.696019,0.729284,-0.466499,0.0688828,-0.0332653
1.11,1,-0.591191,-0.474071,-0.16482,-4.19035,-0.11712
1.11,2,0.921595,0.968927,0.191131,-1.80221,-0.0473317
1.11,3,0.139206,0.146717,-0.106291,-0.0113336,-0.0075108
1.11,4,-0.330395,-0.300931,-0.0534988,-0.208962,-0.0294639
1.11,5,0.0696019,0.0728173,-0.0514974,-0.000627702,-0.00321538
1.12,0,0.691043,0.724627,-0.465058,0.0518212,-0.0335838
1.12,1,-0.592684,-0.475715,-0.164021,-4.18669,-0.116969
1.12,2,0.923585,0.970841,0.191772,-1.80124,-0.0472565
1.12,3,0.138211,0.145653,-0.10644,-0.0105561,-0.00744199
1.12,4,-0.330893,-0.301463,-0.052838,-0.209021,-0.02943
1.12,5,0.0691044,0.072302,-0.051545,-0.000524723,-0.00319764
1.13,0,0.686068,0.719982,-0.464084,0.0356868,-0.0339141
1.13,1,-0.594176,-0.47735,-0.163178,-4.1835,-0.116826
1.13,2,0.925575,0.972763,0.192434,-1.8005,-0.0471877
1.13,3,0.137216,0.144589,-0.106507,-0.00981747,-0.00737214
1.13,4,-0.33139,-0.301988,-0.0521878,-0.209127,-0.0294027
1.13,5,0.0686068,0.0717864,-0.0515686,-0.000427194,-0.00317956
1.14,0,0.681093,0.715345,-0.46355,0.0205812,-0.0342517
1.14,1,-0.595669,-0.478977,-0.162304,-4.18074,-0.116691
1.14,2,0.927565,0.974691,0.193107,-1.79998,-0.0471257
1.14,3,0.136222,0.143524,-0.106497,-0.00912212,-0.00730205
1.14,4,-0.331888,-0.302506,-0.0515548,-0.209277,-0.0293818
1.14,5,0.0681093,0.0712707,-0.0515702,-0.00033572,-0.00316136
1.15,0,0.676118,0.71071,-0.463427,0.00658688,-0.0345924
1.15,1,-0.597161,-0.480596,-0.161412,-4.17839,-0.116566
1.15,2,0.929555,0.976626,0.193782,-1.79968,-0.0470703
1.15,3,0.135227,0.142459,-0.106418,-0.00847363,-0.00723244
1.15,4,-0.332385,-0.303018,-0.050945,-0.209464,-0.0293671
1.15,5,0.0676118,0.0707551,-0.0515517,-0.000250787,-0.00314326
1.16,0,0.671143,0.706075,-0.463684,-0.00623251,-0.0349321
1.16,1,-0.598654,-0.482205,-0.160515,-4.17641,-0.116449
1.16,2,0.931545,0.978567,0.194451,-1.79955,-0.0470218
1.16,3,0.134232,0.141396,-0.106275,-0.00787482,-0.00716398
1.16,4,-0.332883,-0.303524,-0.0503635,-0.209685,-0.0293583
1.16,5,0.0671143,0.0702397,-0.0515148,-0.000172769,-0.00312544
1.17,0,0.666168,0.701435,-0.464288,-0.017831,-0.0352674
1.17,1,-0.600146,-0.483805,-0.159624,-4.17478,-0.116341
1.17,2,0.933535,0.980515,0.195106,-1.7996,-0.0469798
1.17,3,0.133237,0.140334,-0.106075,-0.00732775,-0.00709727
1.17,4,-0.33338,-0.304025,-0.0498148,-0.209934,-0.0293552
1.17,5,0.0666168,0.0697249,-0.0514617,-0.000101936,-0.00310809
1.18,0,0.661192,0.696787,-0.465205,-0.0281796,-0.0355949
1.18,1,-0.601639,-0.485396,-0.158749,-4.17344,-0.116242
1.18,2,0.935526,0.98247,0.195739,-1.79981,-0.0469443
1.18,3,0.132242,0.139274,-0.105825,-0.00683374,-0.00703285
1.18,4,-0.333878,-0.30452,-0.0493027,-0.210207,-0.0293573
1.18,5,0.0661193,0.0692106,-0.0513942,-3.84586e-05,-0.00309135
1.19,0,0.656217,0.692129,-0.4664,-0.0372651,-0.0359116
1.19,1,-0.603131,-0.486979,-0.157899,-4.17238,-0.116152
1.19,2,0.937516,0.984431,0.196346,-1.80014,-0.0469149
1.19,3,0.131247,0.138218,-0.10553,-0.00639346,-0.00697117
1.19,4,-0.334375,-0.305011,-0.0488302,-0.2105,-0.0293644
1.19,5,0.0656218,0.0686971,-0.0513144,1.75837e-05,-0.00307535
1.2,0,0.651242,0.687457,-0.467837,-0.0450894,-0.036215
1.2,1,-0.604624,-0.488554,-0.157084,-4.17155,-0.11607
1.2,2,0.939506,0.986397,0.19692,-1.80058,-0.0468915
1.2,3,0.130252,0.137164,-0.105199,-0.00600695,-0.00691264
1.2,4,-0.334873,-0.305497,-0.0483999,-0.210808,-0.029376
1.2,5,0.0651242,0.0681845,-0.0512241,6.61938e-05,-0.00306021
1.21,0,0.646267,0.68277,-0.469483,-0.0516678,-0.0365029
1.21,1,-0.606116,-0.49012,-0.156309,-4.17091,-0.115996
1.21,2,0.941496,0.988369,0.197458,-1.80112,-0.0468736
1.21,3,0.129257,0.136114,-0.104837,-0.00567368,-0.0068576
1.21,4,-0.33537,-0.305978,-0.0480133,-0.211126,-0.0293916
1.21,5,0.0646267,0.0676727,-0.0511251,0.00010745,-0.00304602
1.22,0,0.641292,0.678065,-0.471302,-0.0570281,-0.0367733
1.22,1,-0.607609,-0.491679,-0.155581,-4.17043,-0.115929
1.22,2,0.943486,0.990347,0.197956,-1.80174,-0.0468608
1.22,3,0.128262,0.135068,-0.104451,-0.00539256,-0.00680632
1.22,4,-0.335867,-0.306457,-0.0476717,-0.211451,-0.0294109
1.22,5,0.0641292,0.0671621,-0.0510193,0.000141501,-0.00303286
1.23,0,0.636317,0.673342,-0.473261,-0.0612091,-0.0370248
1.23,1,-0.609101,-0.493231,-0.154905,-4.17008,-0.11587
1.23,2,0.945476,0.992329,0.19841,-1.8024,-0.0468528
1.23,3,0.127267,0.134026,-0.104047,-0.00516208,-0.00675901
1.23,4,-0.336365,-0.306932,-0.0473755,-0.211779,-0.0294333
1.23,5,0.0636317,0.0666525,-0.0509083,0.000168555,-0.00302079
1.24,0,0.631342,0.668598,-0.475328,-0.0642595,-0.0372561
1.24,1,-0.610594,-0.494777,-0.154285,-4.16981,-0.115817
1.24,2,0.947466,0.994315,0.198819,-1.80311,-0.0468491
1.24,3,0.126272,0.132987,-0.10363,-0.00498027,-0.00671581
1.24,4,-0.336862,-0.307404,-0.0471248,-0.212105,-0.0294584
1.24,5,0.0631342,0.066144,-0.0507937,0.000188874,-0.00300985
1.25,0,0.626366,0.663833,-0.47747,-0.0662365,-0.0374662
1.25,1,-0.612086,-0.496317,-0.153725,-4.16961,-0.11577
1.25,2,0.949456,0.996305,0.199182,-1.80384,-0.0468492
1.25,3,0.125277,0.131954,-0.103206,-0.00484481,-0.00667683
1.25,4,-0.33736,-0.307874,-0.0469189,-0.212427,-0.0294858
1.25,5,0.0626367,0.0656367,-0.050677,0.00020277,-0.00300006
1.26,0,0.621391,0.659046,-0.47966,-0.0672044,-0.0376546
1.26,1,-0.613579,-0.497851,-0.153226,-4.16942,-0.115728
1.26,2,0.951446,0.998299,0.199497,-1.80458,-0.0468527
1.26,3,0.124282,0.130924,-0.10278,-0.00475306,-0.0066421
1.26,4,-0.337857,-0.308342,-0.0467569,-0.212742,-0.029515
1.26,5,0.0621392,0.0651306,-0.0505596,0.000210594,-0.00299145
1.27,0,0.616416,0.654237,-0.481869,-0.0672336,-0.037821
1.27,1,-0.615071,-0.499381,-0.152789,-4.16924,-0.11569
1.27,2,0.953436,1.0003,0.199766,-1.8053,-0.0468591
1.27,3,0.123287,0.129898,-0.102357,-0.00470211,-0.00661161
1.27,4,-0.338355,-0.308809,-0.0466373,-0.213046,-0.0295456
1.27,5,0.0616416,0.0646257,-0.0504427,0.000212731,-0.00298402
1.28,0,0.611441,0.649406,-0.484072,-0.066399,-0.0379653
1.28,1,-0.616564,-0.500907,-0.152415,-4.16903,-0.115657
1.28,2,0.955427,1.00229,0.199987,-1.80601,-0.0468679
1.28,3,0.122292,0.128877,-0.101941,-0.00468885,-0.00658533
1.28,4,-0.338852,-0.309275,-0.0465583,-0.213338,-0.0295772
1.28,5,0.0611441,0.0641219,-0.0503276,0.000209596,-0.00297774
1.29,0,0.606466,0.644554,-0.486244,-0.0647793,-0.0380878
1.29,1,-0.618056,-0.502429,-0.152103,-4.16877,-0.115627
1.29,2,0.957417,1.0043,0.200163,-1.80669,-0.0468787
1.29,3,0.121297,0.12786,-0.101536,-0.00471,-0.00656314
1.29,4,-0.33935,-0.30974,-0.0465178,-0.213616,-0.0296093
1.29,5,0.0606466,0.0636192,-0.0502154,0.000201626,-0.0029726
1.3,0,0.601491,0.63968,-0.488365,-0.0624552,-0.0381888
1.3,1,-0.619549,-0.503949,-0.151853,-4.16844,-0.1156
1.3,2,0.959407,1.0063,0.200295,-1.80732,-0.046891
1.3,3,0.120302,0.126847,-0.101145,-0.00476215,-0.00654493
1.3,4,-0.339847,-0.310206,-0.0465134,-0.213876,-0.0296416
1.3,5,0.0601491,0.0631177,-0.0501069,0.000189274,-0.00296856
1.31,0,0.596516,0.634785,-0.490416,-0.0595089,-0.0382689
1.31,1,-0.621041,-0.505466,-0.151662,-4.16801,-0.115575
1.31,2,0.961397,1.0083,0.200385,-1.8079,-0.0469044
1.31,3,0.119307,0.125837,-0.100772,-0.00484184,-0.00653053
1.31,4,-0.340345,-0.310671,-0.0465424,-0.21412,-0.0296738
1.31,5,0.0596516,0.0626172,-0.050003,0.000173005,-0.00296558
1.32,0,0.59154,0.629869,-0.49238,-0.0560229,-0.038329
1.32,1,-0.622534,-0.506982,-0.151529,-4.16748,-0.115552
1.32,2,0.963387,1.01031,0.200435,-1.80842,-0.0469185
1.32,3,0.118312,0.124832,-0.10042,-0.00494555,-0.00651974
1.32,4,-0.340842,-0.311137,-0.046602,-0.214344,-0.0297056
1.32,5,0.0591541,0.0621177,-0.0499045,0.000153289,-0.00296361
1.33,0,0.586565,0.624935,-0.494241,-0.0520788,-0.0383701
1.33,1,-0.624026,-0.508497,-0.151449,-4.16682,-0.115529
1.33,2,0.965377,1.01231,0.200448,-1.80888,-0.0469328
1.33,3,0.117317,0.123829,-0.10009,-0.00506979,-0.00651237
1.33,4,-0.34134,-0.311603,-0.0466892,-0.214548,-0.0297366
1.33,5,0.0586566,0.0616192,-0.0498119,0.000130599,-0.00296259
1.34,0,0.58159,0.619983,-0.495989,-0.047757,-0.0383931
1.34,1,-0.625519,-0.510011,-0.151421,-4.16604,-0.115508
1.34,2,0.967367,1.01431,0.200427,-1.80927,-0.0469471
1.34,3,0.116322,0.12283,-0.0997841,-0.0052111,-0.00650815
1.34,4,-0.341837,-0.312071,-0.0468009,-0.214732,-0.0297666
1.34,5,0.058159,0.0611215,-0.0497258,0.000105404,-0.00296247
1.35,0,0.576615,0.615014,-0.497612,-0.0431354,-0.0383993
1.35,1,-0.627011,-0.511525,-0.15144,-4.16511,-0.115486
1.35,2,0.969357,1.01632,0.200374,-1.80958,-0.046961
1.35,3,0.115327,0.121834,-0.0995041,-0.0053661,-0.00650686
1.35,4,-0.342335,-0.312539,-0.0469341,-0.214895,-0.0297953
1.35,5,0.0576615,0.0606247,-0.0496466,7.81637e-05,-0.00296317
1.36,0,0.57164,0.61003,-0.499104,-0.0382892,-0.03839
1.36,1,-0.628503,-0.51304,-0.151503,-4.16403,-0.115464
1.36,2,0.971347,1.01832,0.200294,-1.80981,-0.0469742
1.36,3,0.114332,0.12084,-0.0992511,-0.00553152,-0.00650822
1.36,4,-0.342832,-0.313009,-0.0470855,-0.215038,-0.0298226
1.36,5,0.057164,0.0601286,-0.0495747,4.93277e-05,-0.00296462
1.37,0,0.566665,0.605031,-0.500458,-0.0332897,-0.0383666
1.37,1,-0.629996,-0.514556,-0.151605,-4.1628,-0.11544
1.37,2,0.973337,1.02032,0.200188,-1.80997,-0.0469865
1.37,3,0.113337,0.119849,-0.0990255,-0.00570423,-0.00651195
1.37,4,-0.34333,-0.313481,-0.0472522,-0.21516,-0.0298483
1.37,5,0.0566665,0.0596332,-0.0495102,1.93293e-05,-0.00296674
1.38,0,0.56169,0.60002,-0.50167,-0.0282045,-0.0383304
1.38,1,-0.631488,-0.516072,-0.151742,-4.16142,-0.115416
1.38,2,0.975327,1.02233,0.200062,-1.81005,-0.0469976
1.38,3,0.112342,0.11886,-0.0988278,-0.00588123,-0.00651779
1.38,4,-0.343827,-0.313955,-0.047431,-0.215263,-0.0298723
1.38,5,0.056169,0.0591385,-0.0494532,-1.1417e-05,-0.00296948
1.39,0,0.556714,0.594997,-0.502739,-0.0230965,-0.0382828
1.39,1,-0.632981,-0.517591,-0.15191,-4.15988,-0.11539
1.39,2,0.977318,1.02432,0.199917,-1.81005,-0.0470074
1.39,3,0.111347,0.117872,-0.098658,-0.00605973,-0.00652546
1.39,4,-0.344324,-0.31443,-0.0476189,-0.215346,-0.0298944
1.39,5,0.0556715,0.0586442,-0.0494039,-4.2519e-05,-0.00297274
1.4,0,0.551739,0.589965,-0.503664,-0.0180239,-0.0382254
1.4,1,-0.634473,-0.519111,-0.152104,-4.15819,-0.115363
1.4,2,0.979308,1.02632,0.199757,-1.80998,-0.0470156
1.4,3,0.110352,0.116887,-0.0985159,-0.00623711,-0.00653466
1.4,4,-0.344822,-0.314907,-0.0478132,-0.215411,-0.0299146
1.4,5,0.055174,0.0581504,-0.0493621,-7.36087e-05,-0.00297645
1.41,0,0.546764,0.584924,-0.504446,-0.0130397,-0.0381595
1.41,1,-0.635966,-0.520633,-0.152321,-4.15636,-0.115333
1.41,2,0.981298,1.02832,0.199586,-1.80984,-0.0470221
1.41,3,0.109357,0.115902,-0.0984008,-0.00641098,-0.00654514
1.41,4,-0.345319,-0.315386,-0.048011,-0.215458,-0.0299329
1.41,5,0.0546764,0.057657,-0.0493278,-0.000104345,-0.00298054
1.42,0,0.541789,0.579875,-0.505089,-0.00819181,-0.0380865
1.42,1,-0.637458,-0.522157,-0.152555,-4.15437,-0.115301
1.42,2,0.983288,1.03031,0.199406,-1.80962,-0.0470269
1.42,3,0.108362,0.114919,-0.0983119,-0.00657915,-0.00655663
1.42,4,-0.345817,-0.315868,-0.04821,-0.215488,-0.0299492
1.42,5,0.0541789,0.0571639,-0.0493007,-0.000134416,-0.00298493
1.43,0,0.536814,0.574822,-0.505597,-0.00352259,-0.0380078
1.43,1,-0.638951,-0.523684,-0.152803,-4.15225,-0.115267
1.43,2,0.985278,1.03231,0.19922,-1.80934,-0.0470298
1.43,3,0.107367,0.113936,-0.0982483,-0.00673968,-0.00656887
1.43,4,-0.346314,-0.316351,-0.0484077,-0.215504,-0.0299634
1.43,5,0.0536814,0.056671,-0.0492807,-0.00016354,-0.00298955
1.44,0,0.531839,0.569764,-0.505975,0.00093089,-0.0379248
1.44,1,-0.640443,-0.525214,-0.153061,-4.15,-0.11523
1.44,2,0.987268,1.0343,0.199032,-1.80899,-0.0470309
1.44,3,0.106372,0.112954,-0.0982087,-0.00689082,-0.0065816
1.44,4,-0.346812,-0.316836,-0.0486019,-0.215505,-0.0299758
1.44,5,0.0531839,0.0561782,-0.0492674,-0.000191465,-0.00299434
1.45,0,0.526864,0.564702,-0.506229,0.005137,-0.0378387
1.45,1,-0.641936,-0.526746,-0.153325,-4.14763,-0.11519
1.45,2,0.989258,1.03629,0.198843,-1.80859,-0.0470301
1.45,3,0.105377,0.111972,-0.0981917,-0.0070311,-0.00659461
1.45,4,-0.347309,-0.317323,-0.0487907,-0.215494,-0.0299862
1.45,5,0.0526864,0.0556856,-0.0492604,-0.000217972,-0.00299922
1.46,0,0.521888,0.559639,-0.506366,0.0090694,-0.0377507
1.46,1,-0.643428,-0.528281,-0.153591,-4.14514,-0.115148
1.46,2,0.991248,1.03828,0.198655,-1.80813,-0.0470274
1.46,3,0.104382,0.11099,-0.0981958,-0.00715926,-0.00660767
1.46,4,-0.347807,-0.317812,-0.0489723,-0.215472,-0.0299947
1.46,5,0.0521889,0.055193,-0.0492594,-0.000242875,-0.00300414
1.47,0,0.516913,0.554575,-0.506395,0.0127069,-0.037662
1.47,1,-0.644921,-0.529818,-0.153856,-4.14255,-0.115103
1.47,2,0.993238,1.04026,0.198472,-1.80763,-0.0470228
1.47,3,0.103387,0.110008,-0.0982193,-0.00727426,-0.00662059
1.47,4,-0.348304,-0.318303,-0.0491452,-0.215439,-0.0300015
1.47,5,0.0516914,0.0547004,-0.0492639,-0.000266017,-0.00300904
1.48,0,0.511938,0.549512,-0.506324,0.0160335,-0.0375735
1.48,1,-0.646413,-0.531358,-0.154118,-4.13986,-0.115055
1.48,2,0.995228,1.04224,0.198295,-1.80708,-0.0470165
1.48,3,0.102392,0.109025,-0.0982606,-0.00737529,-0.00663316
1.48,4,-0.348802,-0.318795,-0.0493081,-0.215399,-0.0300066
1.48,5,0.0511938,0.0542077,-0.0492735,-0.000287275,-0.00301387
1.49,0,0.506963,0.544449,-0.506162,0.0190376,-0.0374862
1.49,1,-0.647906,-0.532901,-0.154374,-4.13709,-0.115005
1.49,2,0.997219,1.04423,0.198126,-1.8065,-0.0470084
1.49,3,0.101397,0.108042,-0.0983177,-0.00746176,-0.00664524
1.49,4,-0.349299,-0.319289,-0.0494599,-0.215351,-0.0300102
1.49,5,0.0506963,0.0537149,-0.0492877,-0.000306555,-0.00301857
1.5,0,0.501988,0.539389,-0.505918,0.0217125,-0.037401
1.5,1,-0.649398,-0.534446,-0.15462,-4.13425,-0.114953
1.5,2,0.999209,1.04621,0.197966,-1.80589,-0.0469987
1.5,3,0.100402,0.107059,-0.098389,-0.00753328,-0.00665667
1.5,4,-0.349797,-0.319784,-0.0495997,-0.215298,-0.0300122
1.5,5,0.0501988,0.0532219,-0.0493059,-0.000323793,-0.00302311
1.51,0,0.497013,0.534331,-0.505601,0.0240556,-0.0373187
1.51,1,-0.650891,-0.535993,-0.154856,-4.13134,-0.114898
1.51,2,1.0012,1.04819,0.197816,-1.80525,-0.0469874
1.51,3,0.0994071,0.106074,-0.0984724,-0.00758966,-0.00666731
1.51,4,-0.350294,-0.320281,-0.0497268,-0.215241,-0.030013
1.51,5,0.0497013,0.0527288,-0.0493277,-0.000338953,-0.00302745
1.52,0,0.492037,0.529277,-0.505221,0.026068,-0.0372399
1.52,1,-0.652383,-0.537543,-0.155079,-4.12838,-0.11484
1.52,2,1.00319,1.05016,0.197677,-1.8046,-0.0469747
1.52,3,0.0984121,0.105089,-0.0985663,-0.00763087,-0.00667706
1.52,4,-0.350792,-0.320779,-0.0498407,-0.21518,-0.0300126
1.52,5,0.0492038,0.0522353,-0.0493525,-0.000352025,-0.00303155
1.53,0,0.487062,0.524227,-0.504787,0.0277548,-0.0371651
1.53,1,-0.653876,-0.539095,-0.155287,-4.12538,-0.114781
1.53,2,1.00518,1.05214,0.197551,-1.80392,-0.0469607
1.53,3,0.0974171,0.104103,-0.0986686,-0.00765709,-0.00668583
1.53,4,-0.351289,-0.321278,-0.0499413,-0.215118,-0.0300111
1.53,5,0.0487063,0.0517417,-0.0493798,-0.000363024,-0.00303539
1.54,0,0.482087,0.519182,-0.504308,0.029124,-0.037095
1.54,1,-0.655368,-0.540649,-0.15548,-4.12234,-0.114719
1.54,2,1.00717,1.05411,0.197437,-1.80324,-0.0469454
1.54,3,0.0964221,0.103116,-0.0987778,-0.0076686,-0.00669353
1.54,4,-0.351786,-0.321778,-0.0500283,-0.215055,-0.0300086
1.54,5,0.0482088,0.0512477,-0.0494092,-0.000371986,-0.00303895
1.55,0,0.477112,0.514142,-0.503794,0.0301866,-0.0370299
1.55,1,-0.656861,-0.542205,-0.155657,-4.11928,-0.114656
1.55,2,1.00916,1.05609,0.197337,-1.80255,-0.0469291
1.55,3,0.0954272,0.102127,-0.0988921,-0.00766587,-0.00670011
1.55,4,-0.352284,-0.322279,-0.0501018,-0.214992,-0.0300054
1.55,5,0.0477112,0.0507534,-0.0494402,-0.000378971,-0.0030422
1.56,0,0.472137,0.509107,-0.503253,0.0309563,-0.0369701
1.56,1,-0.658353,-0.543762,-0.155817,-4.1162,-0.114591
1.56,2,1.01115,1.05806,0.197249,-1.80186,-0.0469119
1.56,3,0.0944322,0.101138,-0.0990097,-0.00764945,-0.00670553
1.56,4,-0.352781,-0.32278,-0.0501621,-0.214931,-0.0300015
1.56,5,0.0472137,0.0502589,-0.0494722,-0.000384052,-0.00304514
1.57,0,0.467162,0.504077,-0.502693,0.0314488,-0.0369157
1.57,1,-0.659846,-0.545321,-0.155959,-4.11311,-0.114525
1.57,2,1.01314,1.06003,0.197175,-1.80117,-0.0468939
1.57,3,0.0934372,0.100147,-0.0991293,-0.00762002,-0.00670976
1.57,4,-0.353279,-0.323282,-0.0502095,-0.214872,-0.0299971
1.57,5,0.0467162,0.049764,-0.0495048,-0.000387323,-0.00304775
1.58,0,0.462187,0.499054,-0.502122,0.0316817,-0.0368671
1.58,1,-0.661338,-0.546881,-0.156084,-4.11002,-0.114457
1.58,2,1.01513,1.062,0.197114,-1.80048,-0.0468752
1.58,3,0.0924422,0.099155,-0.0992493,-0.00757834,-0.00671279
1.58,4,-0.353776,-0.323784,-0.0502445,-0.214816,-0.0299923
1.58,5,0.0462187,0.0492687,-0.0495377,-0.000388887,-0.00305004
1.59,0,0.457211,0.494036,-0.501547,0.0316739,-0.0368242
1.59,1,-0.662831,-0.548443,-0.156192,-4.10694,-0.114388
1.59,2,1.01712,1.06398,0.197066,-1.79981,-0.046856
1.59,3,0.0914472,0.0981618,-0.0993683,-0.00752526,-0.00671463
1.59,4,-0.354274,-0.324287,-0.0502677,-0.214763,-0.0299871
1.59,5,0.0457212,0.0487732,-0.0495704,-0.000388862,-0.003052
1.6,0,0.452236,0.489023,-0.500975,0.0314457,-0.036787
1.6,1,-0.664323,-0.550005,-0.156282,-4.10387,-0.114318
1.6,2,1.01911,1.06595,0.197029,-1.79915,-0.0468363
1.6,3,0.0904522,0.0971675,-0.0994852,-0.00746168,-0.00671528
1.6,4,-0.354771,-0.324789,-0.0502797,-0.214715,-0.0299819
1.6,5,0.0452237,0.0482773,-0.0496026,-0.000387374,-0.00305363
1.61,0,0.447261,0.484017,-0.500413,0.0310182,-0.0367555
1.61,1,-0.665816,-0.551568,-0.156356,-4.10082,-0.114247
1.61,2,1.0211,1.06792,0.197005,-1.7985,-0.0468164
1.61,3,0.0894573,0.096172,-0.0995989,-0.00738854,-0.00671479
1.61,4,-0.355269,-0.325292,-0.0502813,-0.214671,-0.0299765
1.61,5,0.0447262,0.0477811,-0.0496339,-0.000384554,-0.00305494
1.62,0,0.442286,0.479016,-0.499865,0.0304128,-0.0367296
1.62,1,-0.667308,-0.553132,-0.156414,-4.09779,-0.114176
1.62,2,1.02309,1.06989,0.196992,-1.79787,-0.0467963
1.62,3,0.0884623,0.0951754,-0.0997082,-0.00730682,-0.00671318
1.62,4,-0.355766,-0.325795,-0.0502734,-0.214633,-0.0299712
1.62,5,0.0442286,0.0472846,-0.0496641,-0.00038054,-0.00305595
1.63,0,0.437311,0.47402,-0.499337,0.0296514,-0.036709
1.63,1,-0.668801,-0.554697,-0.156457,-4.09479,-0.114104
1.63,2,1.02508,1.07186,0.196989,-1.79726,-0.0467761
1.63,3,0.0874673,0.0941778,-0.0998125,-0.0072175,-0.0067105
1.63,4,-0.356264,-0.326298,-0.0502568,-0.2146,-0.029966
1.63,5,0.0437311,0.0467878,-0.0496929,-0.000375472,-0.00305667
1.64,0,0.432336,0.469029,-0.498833,0.0287558,-0.0366935
1.64,1,-0.670293,-0.556261,-0.156485,-4.09181,-0.114032
1.64,2,1.02707,1.07383,0.196995,-1.79667,-0.0467559
1.64,3,0.0864723,0.0931791,-0.0999109,-0.00712161,-0.00670681
1.64,4,-0.356761,-0.3268,-0.0502324,-0.214572,-0.0299611
1.64,5,0.0432336,0.0462907,-0.0497201,-0.000369491,-0.0030571
1.65,0,0.427361,0.464044,-0.498356,0.0277473,-0.036683
1.65,1,-0.671786,-0.557826,-0.156501,-4.08887,-0.113959
1.65,2,1.02906,1.0758,0.197011,-1.7961,-0.0467358
1.65,3,0.0854773,0.0921795,-0.100003,-0.00702011,-0.00670218
1.65,4,-0.357259,-0.327302,-0.0502012,-0.21455,-0.0299564
1.65,5,0.0427361,0.0457934,-0.0497454,-0.000362738,-0.00305727
1.66,0,0.422385,0.459063,-0.49791,0.0266472,-0.0366771
1.66,1,-0.673278,-0.559391,-0.156504,-4.08596,-0.113887
1.66,2,1.03105,1.07777,0.197033,-1.79554,-0.0467159
1.66,3,0.0844823,0.091179,-0.100088,-0.006914,-0.00669666
1.66,4,-0.357756,-0.327804,-0.050164,-0.214534,-0.029952
1.66,5,0.0422386,0.0452958,-0.0497689,-0.000355351,-0.0030572
1.67,0,0.41741,0.454086,-0.497497,0.0254755,-0.0366754
1.67,1,-0.674771,-0.560956,-0.156496,-4.08308,-0.113814
1.67,2,1.03304,1.07974,0.197063,-1.79502,-0.0466963
1.67,3,0.0834873,0.0901777,-0.100165,-0.00680422,-0.00669034
1.67,4,-0.358254,-0.328305,-0.0501219,-0.214524,-0.0299481
1.67,5,0.0417411,0.044798,-0.0497903,-0.000347463,-0.00305691
1.68,0,0.412435,0.449113,-0.49712,0.0242519,-0.0366777
1.68,1,-0.676263,-0.562521,-0.156478,-4.08024,-0.113742
1.68,2,1.03503,1.08171,0.197099,-1.79451,-0.0466771
1.68,3,0.0824924,0.0891756,-0.100235,-0.00669168,-0.00668328
1.68,4,-0.358751,-0.328806,-0.0500756,-0.214519,-0.0299446
1.68,5,0.0412436,0.0443,-0.0498095,-0.000339205,-0.00305641
1.69,0,0.40746,0.444144,-0.496779,0.0229947,-0.0366836
1.69,1,-0.677756,-0.564086,-0.156452,-4.07743,-0.11367
1.69,2,1.03702,1.08368,0.197139,-1.79402,-0.0466582
1.69,3,0.0814974,0.0881729,-0.100297,-0.00657725,-0.00667556
1.69,4,-0.359248,-0.329307,-0.0500262,-0.214519,-0.0299416
1.69,5,0.040746,0.0438018,-0.0498266,-0.000330699,-0.00305574
1.7,0,0.402485,0.439177,-0.496475,0.0217213,-0.0366926
1.7,1,-0.679248,-0.56565,-0.156418,-4.07466,-0.113598
1.7,2,1.03901,1.08565,0.197184,-1.79356,-0.0466397
1.7,3,0.0805024,0.0871697,-0.100352,-0.00646175,-0.00666727
1.7,4,-0.359746,-0.329807,-0.0499745,-0.214525,-0.0299391
1.7,5,0.0402485,0.0433034,-0.0498415,-0.000322063,-0.0030549
1.71,0,0.39751,0.434214,-0.496209,0.0204478,-0.0367045
1.71,1,-0.680741,-0.567214,-0.156378,-4.07192,-0.113526
1.71,2,1.041,1.08762,0.197232,-1.79311,-0.0466217
1.71,3,0.0795074,0.0861659,-0.100398,-0.00634596,-0.00665847
1.71,4,-0.360243,-0.330306,-0.0499213,-0.214536,-0.0299371
1.71,5,0.039751,0.0428049,-0.0498541,-0.000313403,-0.00305393
1.72,0,0.392535,0.429253,-0.495981,0.0191888,-0.0367188
1.72,1,-0.682233,-0.568778,-0.156333,-4.06921,-0.113455
1.72,2,1.04299,1.08959,0.197282,-1.79269,-0.0466042
1.72,3,0.0785124,0.0851617,-0.100437,-0.00623057,-0.00664926
1.72,4,-0.360741,-0.330805,-0.0498674,-0.214551,-0.0299356
1.72,5,0.0392535,0.0423063,-0.0498646,-0.000304821,-0.00305284
1.73,0,0.387559,0.424295,-0.495789,0.0179577,-0.0367353
1.73,1,-0.683726,-0.570341,-0.156284,-4.06654,-0.113385
1.73,2,1.04498,1.09157,0.197333,-1.79228,-0.0465872
1.73,3,0.0775174,0.0841571,-0.100468,-0.00611624,-0.0066397
1.73,4,-0.361238,-0.331304,-0.0498134,-0.214571,-0.0299347
1.73,5,0.038756,0.0418076,-0.049873,-0.000296407,-0.00305166
1.74,0,0.382584,0.419338,-0.495634,0.0167665,-0.0367534
1.74,1,-0.685218,-0.571903,-0.156233,-4.06389,-0.113315
1.74,2,1.04697,1.09354,0.197385,-1.79189,-0.0465707
1.74,3,0.0765225,0.0831523,-0.100492,-0.00600354,-0.00662987
1.74,4,-0.361736,-0.331802,-0.0497601,-0.214595,-0.0299343
1.74,5,0.0382585,0.0413089,-0.0498794,-0.000288243,-0.00305041
1.75,0,0.377609,0.414382,-0.495514,0.0156257,-0.0367729
1.75,1,-0.686711,-0.573465,-0.15618,-4.06127,-0.113245
1.75,2,1.04896,1.09552,0.197438,-1.79152,-0.0465548
1.75,3,0.0755275,0.0821473,-0.100509,-0.00589298,-0.00661983
1.75,4,-0.362233,-0.332299,-0.0497081,-0.214622,-0.0299345
1.75,5,0.037761,0.0408101,-0.0498837,-0.000280402,-0.00304911
1.76,0,0.372634,0.409427,-0.495427,0.0145443,-0.0367934
1.76,1,-0.688203,-0.575027,-0.156126,-4.05867,-0.113176
1.76,2,1.05095,1.09749,0.197489,-1.79116,-0.0465393
1.76,3,0.0745325,0.0811422,-0.100519,-0.00578502,-0.00660966
1.76,4,-0.362731,-0.332796,-0.0496579,-0.214652,-0.0299352
1.76,5,0.0372634,0.0403112,-0.0498863,-0.000272946,-0.00304777
1.77,0,0.367659,0.404473,-0.495372,0.0135299,-0.0368146
1.77,1,-0.689696,-0.576588,-0.156072,-4.05609,-0.113108
1.77,2,1.05294,1.09947,0.197539,-1.79081,-0.0465244
1.77,3,0.0735375,0.0801369,-0.100524,-0.00568003,-0.00659943
1.77,4,-0.363228,-0.333292,-0.04961,-0.214686,-0.0299363
1.77,5,0.0367659,0.0398123,-0.0498871,-0.00026593,-0.00304641
1.78,0,0.362684,0.39952,-0.495346,0.0125889,-0.0368362
1.78,1,-0.691188,-0.578148,-0.156019,-4.05353,-0.11304
1.78,2,1.05493,1.10144,0.197588,-1.79048,-0.04651
1.78,3,0.0725425,0.0791317,-0.100522,-0.00557833,-0.00658918
1.78,4,-0.363726,-0.333788,-0.0495647,-0.214721,-0.0299379
1.78,5,0.0362684,0.0393135,-0.0498863,-0.000259398,-0.00304506
1.79,0,0.357709,0.394566,-0.495348,0.0117261,-0.0368579
1.79,1,-0.692681,-0.579708,-0.155968,-4.05099,-0.112972
1.79,2,1.05692,1.10342,0.197634,-1.79015,-0.046496
1.79,3,0.0715475,0.0781265,-0.100516,-0.00548017,-0.00657897
1.79,4,-0.364223,-0.334283,-0.0495225,-0.214759,-0.02994
1.79,5,0.0357709,0.0388146,-0.0498841,-0.000253384,-0.00304372
1.8,0,0.352733,0.389613,-0.495374,0.010945,-0.0368795
1.8,1,-0.694173,-0.581268,-0.15592,-4.04846,-0.112905
1.8,2,1.05891,1.10539,0.197678,-1.78983,-0.0464825
1.8,3,0.0705526,0.0771214,-0.100505,-0.00538574,-0.00656885
1.8,4,-0.364721,-0.334778,-0.0494836,-0.214798,-0.0299424
1.8,5,0.0352734,0.0383158,-0.0498805,-0.000247916,-0.00304241
1.81,0,0.347758,0.384659,-0.495424,0.010248,-0.0369006
1.81,1,-0.695666,-0.582827,-0.155874,-4.04594,-0.112839
1.81,2,1.0609,1.10737,0.197718,-1.78952,-0.0464694
1.81,3,0.0695576,0.0761164,-0.100489,-0.00529517,-0.00655887
1.81,4,-0.365218,-0.335273,-0.0494483,-0.214838,-0.0299453
1.81,5,0.0347759,0.037817,-0.0498758,-0.00024301,-0.00304115
1.82,0,0.342783,0.379704,-0.495494,0.00963633,-0.0369211
1.82,1,-0.697158,-0.584385,-0.155832,-4.04342,-0.112773
1.82,2,1.06289,1.10935,0.197755,-1.78921,-0.0464567
1.82,3,0.0685626,0.0751117,-0.10047,-0.00520853,-0.00654907
1.82,4,-0.365716,-0.335767,-0.0494167,-0.214879,-0.0299484
1.82,5,0.0342784,0.0373183,-0.04987,-0.000238678,-0.00303994
1.83,0,0.337808,0.374749,-0.495582,0.00911008,-0.0369409
1.83,1,-0.698651,-0.585943,-0.155794,-4.04091,-0.112707
1.83,2,1.06488,1.11133,0.197789,-1.78891,-0.0464444
1.83,3,0.0675676,0.0741071,-0.100448,-0.00512585,-0.00653947
1.83,4,-0.366213,-0.336261,-0.0493889,-0.214921,-0.0299519
1.83,5,0.0337808,0.0368196,-0.0498634,-0.000234923,-0.00303879
1.84,0,0.332833,0.369792,-0.495685,0.00866837,-0.0369597
1.84,1,-0.700143,-0.587501,-0.155761,-4.0384,-0.112642
1.84,2,1.06687,1.1133,0.197819,-1.78861,-0.0464323
1.84,3,0.0665726,0.0731027,-0.100423,-0.00504711,-0.00653011
1.84,4,-0.366711,-0.336755,-0.0493649,-0.214962,-0.0299556
1.84,5,0.0332833,0.036321,-0.049856,-0.000231739,-0.00303771
1.85,0,0.327858,0.364835,-0.495801,0.00830944,-0.0369773
1.85,1,-0.701636,-0.589058,-0.155731,-4.03589,-0.112577
1.85,2,1.06886,1.11528,0.197846,-1.78831,-0.0464206
1.85,3,0.0655776,0.0720986,-0.100396,-0.00497223,-0.006521
1.85,4,-0.367208,-0.337248,-0.0493448,-0.215004,-0.0299595
1.85,5,0.0327858,0.0358225,-0.049848,-0.000229118,-0.0030367
1.86,0,0.322882,0.359876,-0.495927,0.0080307,-0.0369938
1.86,1,-0.703128,-0.590616,-0.155707,-4.03338,-0.112512
1.86,2,1.07085,1.11726,0.197869,-1.78801,-0.0464091
1.86,3,0.0645826,0.0710948,-0.100368,-0.00490109,-0.00651218
1.86,4,-0.367705,-0.337742,-0.0493286,-0.215045,-0.0299637
1.86,5,0.0322883,0.0353241,-0.0498396,-0.000227043,-0.00303578
1.87,0,0.317907,0.354916,-0.496062,0.00782888,-0.0370089
1.87,1,-0.704621,-0.592173,-0.155687,-4.03086,-0.112448
1.87,2,1.07284,1.11924,0.197888,-1.78771,-0.0463978
1.87,3,0.0635877,0.0700913,-0.100338,-0.00483357,-0.00650365
1.87,4,-0.368203,-0.338235,-0.049316,-0.215085,-0.0299679
1.87,5,0.0317908,0.0348257,-0.0498309,-0.000225493,-0.00303495
1.88,0,0.312932,0.349955,-0.496202,0.00770009,-0.0370227
1.88,1,-0.706113,-0.593729,-0.155672,-4.02833,-0.112384
1.88,2,1.07483,1.12122,0.197903,-1.78741,-0.0463866
1.88,3,0.0625927,0.0690881,-0.100308,-0.00476947,-0.00649542
1.88,4,-0.3687,-0.338728,-0.0493071,-0.215125,-0.0299723
1.88,5,0.0312933,0.0343275,-0.0498219,-0.000224444,-0.00303421
1.89,0,0.307957,0.344992,-0.496347,0.0076399,-0.037035
1.89,1,-0.707606,-0.595286,-0.155661,-4.0258,-0.11232
1.89,2,1.07682,1.1232,0.197915,-1.7871,-0.0463756
1.89,3,0.0615977,0.0680852,-0.100277,-0.0047086,-0.00648749
1.89,4,-0.369198,-0.339221,-0.0493016,-0.215163,-0.0299767
1.89,5,0.0307958,0.0338293,-0.0498129,-0.000223866,-0.00303355
1.9,0,0.302982,0.340028,-0.496493,0.00764348,-0.0370459
1.9,1,-0.709098,-0.596843,-0.155656,-4.02325,-0.112255
1.9,2,1.07881,1.12518,0.197923,-1.78679,-0.0463647
1.9,3,0.0606027,0.0670826,-0.100247,-0.00465073,-0.00647987
1.9,4,-0.369695,-0.339714,-0.0492994,-0.2152,-0.0299812
1.9,5,0.0302982,0.0333312,-0.049804,-0.000223727,-0.00303298
1.91,0,0.298007,0.335062,-0.496639,0.00770568,-0.0370553
1.91,1,-0.71059,-0.598399,-0.155655,-4.02069,-0.112191
1.91,2,1.0808,1.12716,0.197929,-1.78647,-0.0463539
1.91,3,0.0596077,0.0660803,-0.100217,-0.00459562,-0.00647256
1.91,4,-0.370193,-0.340207,-0.0493003,-0.215235,-0.0299856
1.91,5,0.0298007,0.0328332,-0.0497951,-0.000223993,-0.00303251
1.92,0,0.293032,0.330095,-0.496784,0.00782108,-0.0370633
1.92,1,-0.712083,-0.599956,-0.155658,-4.01812,-0.112127
1.92,2,1.08279,1.12914,0.197931,-1.78615,-0.0463431
1.92,3,0.0586127,0.0650783,-0.100187,-0.00454301,-0.00646554
1.92,4,-0.37069,-0.3407,-0.049304,-0.215269,-0.0299901
1.92,5,0.0293032,0.0323353,-0.0497865,-0.000224627,-0.00303212
1.93,0,0.288056,0.325126,-0.496925,0.0079841,-0.0370698
1.93,1,-0.713575,-0.601512,-0.155665,-4.01553,-0.112063
1.93,2,1.08478,1.13112,0.19793,-1.78583,-0.0463323
1.93,3,0.0576178,0.0640766,-0.100159,-0.00449263,-0.0064588
1.93,4,-0.371188,-0.341193,-0.0493102,-0.215301,-0.0299945
1.93,5,0.0288057,0.0318375,-0.0497782,-0.000225592,-0.00303181
1.94,0,0.283081,0.320156,-0.497062,0.00818909,-0.0370749
1.94,1,-0.715068,-0.603069,-0.155677,-4.01293,-0.111999
1.94,2,1.08677,1.13309,0.197927,-1.7855,-0.0463215
1.94,3,0.0566228,0.0630751,-0.100132,-0.00444422,-0.00645235
1.94,4,-0.371685,-0.341686,-0.0493188,-0.215331,-0.0299988
1.94,5,0.0283082,0.0313398,-0.0497703,-0.000226849,-0.00303159
1.95,0,0.278106,0.315185,-0.497193,0.00843038,-0.0370787
1.95,1,-0.71656,-0.604626,-0.155691,-4.01031,-0.111935
1.95,2,1.08876,1.13507,0.197921,-1.78516,-0.0463106
1.95,3,0.0556278,0.0620739,-0.100107,-0.00439749,-0.00644615
1.95,4,-0.372183,-0.34218,-0.0493294,-0.21536,-0.030003
1.95,5,0.0278107,0.0308421,-0.0497628,-0.00022836,-0.00303144
1.96,0,0.273131,0.310212,-0.497317,0.00870236,-0.0370812
1.96,1,-0.718053,-0.606183,-0.15571,-4.00767,-0.11187
1.96,2,1.09075,1.13705,0.197913,-1.78482,-0.0462997
1.96,3,0.0546328,0.061073,-0.100083,-0.00435218,-0.0064402
1.96,4,-0.37268,-0.342673,-0.0493419,-0.215386,-0.0300071
1.96,5,0.0273132,0.0303445,-0.0497558,-0.000230085,-0.00303137
1.97,0,0.268156,0.305238,-0.497434,0.00899952,-0.0370826
1.97,1,-0.719545,-0.60774,-0.155731,-4.00502,-0.111805
1.97,2,1.09274,1.13903,0.197904,-1.78447,-0.0462887
1.97,3,0.0536378,0.0600723,-0.100061,-0.00430801,-0.00643448
1.97,4,-0.373178,-0.343166,-0.0493558,-0.215411,-0.0300111
1.97,5,0.0268156,0.029847,-0.0497494,-0.000231986,-0.00303136
1.98,0,0.263181,0.300264,-0.497543,0.00931653,-0.0370828
1.98,1,-0.721038,-0.609298,-0.155754,-4.00235,-0.11174
1.98,2,1.09473,1.14101,0.197893,-1.78411,-0.0462776
1.98,3,0.0526428,0.0590718,-0.100041,-0.00426472,-0.00642896
1.98,4,-0.373675,-0.34366,-0.049371,-0.215434,-0.0300149
1.98,5,0.0263181,0.0293495,-0.0497434,-0.000234027,-0.00303141
1.99,0,0.258206,0.295288,-0.497642,0.00964829,-0.0370819
1.99,1,-0.72253,-0.610855,-0.155781,-3.99967,-0.111675
1.99,2,1.09672,1.14299,0.197881,-1.78375,-0.0462664
1.99,3,0.0516479,0.0580715,-0.100024,-0.00422205,-0.00642363
1.99,4,-0.374173,-0.344154,-0.0493872,-0.215455,-0.0300186
1.99,5,0.0258206,0.0288521,-0.0497381,-0.000236173,-0.00303152
2,0,0.25323,0.290311,-0.497732,0.00998993,-0.0370802
2,1,-0.724023,-0.612413,-0.155809,-3.99696,-0.11161
2,2,1.09871,1.14497,0.197867,-1.78338,-0.046255
2,3,0.0506529,0.0570713,-0.100008,-0.00417978,-0.00641846
2,4,-0.37467,-0.344648,-0.0494042,-0.215475,-0.0300221
2,5,0.0253231,0.0283548,-0.0497334,-0.000238388,-0.00303168
2.01,0,0.248255,0.285333,-0.497813,0.0103369,-0.0370775
2.01,1,-0.725515,-0.613971,-0.155838,-3.99424,-0.111544
2.01,2,1.1007,1.14695,0.197853,-1.78301,-0.0462435
2.01,3,0.0496579,0.0560713,-0.0999946,-0.00413766,-0.00641344
2.01,4,-0.375167,-0.345142,-0.0494216,-0.215493,-0.0300254
2.01,5,0.0248256,0.0278575,-0.0497293,-0.000240641,-0.00303188
2.02,0,0.24328,0.280354,-0.497884,0.010685,-0.0370742
2.02,1,-0.727008,-0.61553,-0.155869,-3.99151,-0.111478
2.02,2,1.10269,1.14893,0.197838,-1.78263,-0.0462318
2.02,3,0.0486629,0.0550714,-0.0999833,-0.00409548,-0.00640854
2.02,4,-0.375665,-0.345636,-0.0494394,-0.215509,-0.0300286
2.02,5,0.0243281,0.0273602,-0.0497258,-0.000242902,-0.00303213
2.03,0,0.238305,0.275375,-0.497945,0.0110302,-0.0370701
2.03,1,-0.7285,-0.617089,-0.155901,-3.98876,-0.111412
2.03,2,1.10468,1.1509,0.197823,-1.78225,-0.0462201
2.03,3,0.0476679,0.0540717,-0.0999741,-0.00405305,-0.00640375
2.03,4,-0.376162,-0.346131,-0.0494572,-0.215524,-0.0300316
2.03,5,0.0238306,0.026863,-0.0497228,-0.000245143,-0.0030324
2.04,0,0.23333,0.270395,-0.497997,0.0113691,-0.0370655
2.04,1,-0.729993,-0.618648,-0.155934,-3.98599,-0.111345
2.04,2,1.10667,1.15288,0.197808,-1.78186,-0.0462081
2.04,3,0.0466729,0.053072,-0.0999669,-0.00401018,-0.00639903
2.04,4,-0.37666,-0.346626,-0.0494749,-0.215538,-0.0300344
2.04,5,0.023333,0.0263657,-0.0497205,-0.00024734,-0.0030327
2.05,0,0.228355,0.265415,-0.498039,0.0116985,-0.0370605
2.05,1,-0.731485,-0.620208,-0.155967,-3.98321,-0.111278
2.05,2,1.10866,1.15486,0.197793,-1.78147,-0.046196
2.05,3,0.0456779,0.0520723,-0.0999618,-0.00396672,-0.00639438
2.05,4,-0.377157,-0.34712,-0.0494924,-0.21555,-0.030037
2.05,5,0.0228355,0.0258685,-0.0497187,-0.000249469,-0.00303302
2.06,0,0.22338,0.260435,-0.498072,0.0120156,-0.037055
2.06,1,-0.732978,-0.621767,-0.156,-3.98042,-0.11121
2.06,2,1.11065,1.15684,0.197778,-1.78107,-0.0461838
2.06,3,0.044683,0.0510727,-0.0999585,-0.00392251,-0.00638976
2.06,4,-0.377655,-0.347615,-0.0495093,-0.215561,-0.0300395
2.06,5,0.022338,0.0253714,-0.0497175,-0.00025151,-0.00303335
2.07,0,0.218404,0.255454,-0.498097,0.012318,-0.0370493
2.07,1,-0.73447,-0.623328,-0.156033,-3.97761,-0.111143
2.07,2,1.11264,1.15882,0.197764,-1.78067,-0.0461714
2.07,3,0.043688,0.0500732,-0.0999571,-0.00387744,-0.00638517
2.07,4,-0.378152,-0.348111,-0.0495257,-0.215571,-0.0300417
2.07,5,0.0218405,0.0248742,-0.0497168,-0.000253447,-0.0030337
2.08,0,0.213429,0.250473,-0.498113,0.0126036,-0.0370434
2.08,1,-0.735963,-0.624888,-0.156065,-3.97479,-0.111075
2.08,2,1.11463,1.16079,0.19775,-1.78027,-0.0461588
2.08,3,0.042693,0.0490736,-0.0999574,-0.00383139,-0.00638058
2.08,4,-0.37865,-0.348606,-0.0495413,-0.21558,-0.0300439
2.08,5,0.021343,0.024377,-0.0497165,-0.000255265,-0.00303404
2.09,0,0.208454,0.245491,-0.498122,0.0128709,-0.0370374
2.09,1,-0.737455,-0.626449,-0.156098,-3.97196,-0.111006
2.09,2,1.11662,1.16277,0.197737,-1.77986,-0.0461462
2.09,3,0.041698,0.048074,-0.0999593,-0.00378428,-0.00637599
2.09,4,-0.379147,-0.349101,-0.0495561,-0.215589,-0.0300458
2.09,5,0.0208455,0.0238799,-0.0497167,-0.000256951,-0.00303439
2.1,0,0.203479,0.24051,-0.498123,0.0131185,-0.0370313
2.1,1,-0.738948,-0.62801,-0.156129,-3.96912,-0.110938
2.1,2,1.11861,1.16475,0.197725,-1.77945,-0.0461334
2.1,3,0.040703,0.0470744,-0.0999626,-0.00373604,-0.00637136
2.1,4,-0.379645,-0.349597,-0.04957,-0.215596,-0.0300477
2.1,5,0.020348,0.0233827,-0.0497173,-0.000258495,-0.00303474
2.11,0,0.198504,0.235529,-0.498118,0.0133454,-0.0370252
2.11,1,-0.74044,-0.629572,-0.15616,-3.96627,-0.110869
2.11,2,1.1206,1.16672,0.197713,-1.77904,-0.0461205
2.11,3,0.039708,0.0460747,-0.0999672,-0.00368661,-0.00636669
2.11,4,-0.380142,-0.350093,-0.049583,-0.215603,-0.0300494
2.11,5,0.0198504,0.0228855,-0.0497183,-0.000259891,-0.00303507
2.12,0,0.193529,0.230548,-0.498107,0.013551,-0.0370192
2.12,1,-0.741933,-0.631133,-0.156189,-3.96341,-0.1108
2.12,2,1.12259,1.1687,0.197703,-1.77863,-0.0461074
2.12,3,0.0387131,0.045075,-0.099973,-0.00363595,-0.00636197
2.12,4,-0.38064,-0.350589,-0.0495949,-0.21561,-0.0300509
2.12,5,0.0193529,0.0223883,-0.0497195,-0.000261135,-0.0030354
2.13,0,0.188554,0.225567,-0.49809,0.0137349,-0.0370134
2.13,1,-0.743425,-0.632695,-0.156218,-3.96055,-0.11073
2.13,2,1.12458,1.17068,0.197694,-1.77822,-0.0460943
2.13,3,0.0377181,0.0440753,-0.0999798,-0.00358405,-0.00635719
2.13,4,-0.381137,-0.351085,-0.0496057,-0.215616,-0.0300524
2.13,5,0.0188554,0.0218911,-0.0497211,-0.000262222,-0.00303571
2.14,0,0.183578,0.220586,-0.498069,0.0138971,-0.0370078
2.14,1,-0.744918,-0.634258,-0.156245,-3.95767,-0.11066
2.14,2,1.12657,1.17266,0.197685,-1.7778,-0.0460811
2.14,3,0.0367231,0.0430754,-0.0999875,-0.00353089,-0.00635234
2.14,4,-0.381635,-0.351581,-0.0496155,-0.215622,-0.0300537
2.14,5,0.0183579,0.0213939,-0.0497229,-0.000263153,-0.003036
2.15,0,0.178603,0.215606,-0.498044,0.0140378,-0.0370024
2.15,1,-0.74641,-0.63582,-0.156271,-3.95479,-0.11059
2.15,2,1.12856,1.17463,0.197678,-1.77739,-0.0460678
2.15,3,0.0357281,0.0420755,-0.0999959,-0.00347649,-0.0063474
2.15,4,-0.382132,-0.352077,-0.0496242,-0.215628,-0.030055
2.15,5,0.0178604,0.0208967,-0.0497249,-0.000263928,-0.00303628
2.16,0,0.173628,0.210625,-0.498015,0.0141575,-0.0369972
2.16,1,-0.747903,-0.637383,-0.156296,-3.9519,-0.11052
2.16,2,1.13055,1.17661,0.197671,-1.77698,-0.0460545
2.16,3,0.0347331,0.0410755,-0.100005,-0.00342086,-0.00634238
2.16,4,-0.38263,-0.352573,-0.0496318,-0.215634,-0.0300562
2.16,5,0.0173629,0.0203994,-0.049727,-0.000264552,-0.00303653
2.17,0,0.168653,0.205645,-0.497984,0.0142567,-0.0369924
2.17,1,-0.749395,-0.638946,-0.156319,-3.94901,-0.110449
2.17,2,1.13255,1.17859,0.197666,-1.77656,-0.0460411
2.17,3,0.0337381,0.0400754,-0.100014,-0.00336403,-0.00633726
2.17,4,-0.383127,-0.35307,-0.0496384,-0.215639,-0.0300573
2.17,5,0.0168654,0.0199021,-0.0497293,-0.000265028,-0.00303676
2.18,0,0.163678,0.200666,-0.49795,0.0143364,-0.0369879
2.18,1,-0.750888,-0.640509,-0.156341,-3.94611,-0.110378
2.18,2,1.13454,1.18056,0.197662,-1.77615,-0.0460276
2.18,3,0.0327432,0.0390752,-0.100024,-0.00330603,-0.00633205
2.18,4,-0.383624,-0.353566,-0.0496439,-0.215645,-0.0300584
2.18,5,0.0163678,0.0194048,-0.0497317,-0.000265363,-0.00303697
2.19,0,0.158703,0.195686,-0.497915,0.0143974,-0.0369837
2.19,1,-0.75238,-0.642073,-0.156362,-3.9432,-0.110307
2.19,2,1.13653,1.18254,0.197658,-1.77574,-0.0460141
2.19,3,0.0317482,0.0380749,-0.100034,-0.00324693,-0.00632674
2.19,4,-0.384122,-0.354063,-0.0496485,-0.215651,-0.0300594
2.19,5,0.0158703,0.0189075,-0.0497341,-0.000265563,-0.00303716
2.2,0,0.153727,0.190707,-0.497879,0.014441,-0.0369799
2.2,1,-0.753873,-0.643637,-0.156381,-3.9403,-0.110236
2.2,2,1.13852,1.18452,0.197656,-1.77533,-0.0460006
2.2,3,0.0307532,0.0370745,-0.100044,-0.00318677,-0.00632133
2.2,4,-0.384619,-0.354559,-0.0496521,-0.215657,-0.0300603
2.2,5,0.0153728,0.0184101,-0.0497365,-0.000265637,-0.00303732
2.21,0,0.148752,0.185729,-0.497842,0.0144684,-0.0369765
2.21,1,-0.755365,-0.645201,-0.156399,-3.93738,-0.110165
2.21,2,1.14051,1.18649,0.197655,-1.77492,-0.045987
2.21,3,0.0297582,0.036074,-0.100054,-0.00312561,-0.00631581
2.21,4,-0.385117,-0.355056,-0.0496549,-0.215663,-0.0300613
2.21,5,0.0148753,0.0179128,-0.0497389,-0.000265594,-0.00303745
2.22,0,0.143777,0.180751,-0.497805,0.0144809,-0.0369734
2.22,1,-0.756858,-0.646765,-0.156417,-3.93447,-0.110093
2.22,2,1.1425,1.18847,0.197654,-1.77451,-0.0459735
2.22,3,0.0287632,0.0350734,-0.100064,-0.00306353,-0.0063102
2.22,4,-0.385614,-0.355552,-0.0496569,-0.215669,-0.0300622
2.22,5,0.0143778,0.0174154,-0.0497413,-0.000265443,-0.00303757
2.23,0,0.138802,0.175773,-0.497769,0.0144798,-0.0369707
2.23,1,-0.75835,-0.648329,-0.156432,-3.93155,-0.110021
2.23,2,1.14449,1.19045,0.197654,-1.77411,-0.0459599
2.23,3,0.0277682,0.0340727,-0.100074,-0.00300059,-0.00630449
2.23,4,-0.386112,-0.356049,-0.0496582,-0.215675,-0.0300631
2.23,5,0.0138803,0.0169179,-0.0497436,-0.000265194,-0.00303765
2.24,0,0.133827,0.170795,-0.497733,0.0144666,-0.0369683
2.24,1,-0.759843,-0.649893,-0.156447,-3.92863,-0.109949
2.24,2,1.14648,1.19242,0.197655,-1.7737,-0.0459464
2.24,3,0.0267732,0.0330719,-0.100083,-0.00293687,-0.00629868
2.24,4,-0.386609,-0.356545,-0.0496588,-0.215682,-0.0300639
2.24,5,0.0133828,0.0164205,-0.0497458,-0.000264858,-0.00303772
2.25,0,0.128852,0.165818,-0.497699,0.0144428,-0.0369663
2.25,1,-0.761335,-0.651458,-0.156461,-3.92571,-0.109877
2.25,2,1.14847,1.1944,0.197656,-1.7733,-0.0459328
2.25,3,0.0257783,0.032071,-0.100092,-0.00287243,-0.00629278
2.25,4,-0.387107,-0.357042,-0.0496588,-0.215689,-0.0300648
2.25,5,0.0128852,0.015923,-0.0497479,-0.000264445,-0.00303776
2.26,0,0.123877,0.160841,-0.497666,0.0144098,-0.0369647
2.26,1,-0.762828,-0.653023,-0.156474,-3.92278,-0.109805
2.26,2,1.15046,1.19638,0.197658,-1.7729,-0.0459193
2.26,3,0.0247833,0.0310701,-0.100101,-0.00280736,-0.0062868
2.26,4,-0.387604,-0.357538,-0.0496583,-0.215697,-0.0300657
2.26,5,0.0123877,0.0154255,-0.0497499,-0.000263967,-0.00303779
2.27,0,0.118901,0.155865,-0.497634,0.014369,-0.0369633
2.27,1,-0.76432,-0.654587,-0.156487,-3.91985,-0.109733
2.27,2,1.15245,1.19835,0.19766,-1.77249,-0.0459058
2.27,3,0.0237883,0.030069,-0.100109,-0.00274173,-0.00628073
2.27,4,-0.388102,-0.358035,-0.0496573,-0.215704,-0.0300666
2.27,5,0.0118902,0.014928,-0.0497518,-0.000263433,-0.00303779
2.28,0,0.113926,0.150889,-0.497605,0.0143218,-0.0369623
2.28,1,-0.765813,-0.656152,-0.156498,-3.91692,-0.10966
2.28,2,1.15444,1.20033,0.197663,-1.7721,-0.0458923
2.28,3,0.0227933,0.0290679,-0.100117,-0.00267561,-0.00627458
2.28,4,-0.388599,-0.358532,-0.0496561,-0.215712,-0.0300675
2.28,5,0.0113927,0.0144305,-0.0497535,-0.000262854,-0.00303778
2.29,0,0.108951,0.145913,-0.497577,0.0142696,-0.0369616
2.29,1,-0.767305,-0.657717,-0.156509,-3.91398,-0.109588
2.29,2,1.15643,1.20231,0.197666,-1.7717,-0.0458789
2.29,3,0.0217983,0.0280667,-0.100124,-0.00260907,-0.00626835
2.29,4,-0.389097,-0.359028,-0.0496545,-0.21572,-0.0300684
2.29,5,0.0108952,0.0139329,-0.0497551,-0.000262239,-0.00303775
2.3,0,0.103976,0.140937,-0.497552,0.0142137,-0.0369611
2.3,1,-0.768798,-0.659283,-0.15652,-3.91104,-0.109515
2.3,2,1.15842,1.20428,0.19767,-1.7713,-0.0458655
2.3,3,0.0208033,0.0270654,-0.100131,-0.00254219,-0.00626206
2.3,4,-0.389594,-0.359525,-0.0496527,-0.215728,-0.0300693
2.3,5,0.0103977,0.0134354,-0.0497565,-0.0002616,-0.00303771
2.31,0,0.0990009,0.135962,-0.497529,0.0141552,-0.0369608
2.31,1,-0.77029,-0.660848,-0.15653,-3.9081,-0.109442
2.31,2,1.16041,1.20626,0.197673,-1.77091,-0.0458521
2.31,3,0.0198084,0.0260641,-0.100137,-0.00247502,-0.0062557
2.31,4,-0.390092,-0.360021,-0.0496507,-0.215737,-0.0300703
2.31,5,0.00990016,0.0129378,-0.0497577,-0.000260943,-0.00303765
2.32,0,0.0940257,0.130987,-0.497509,0.0140954,-0.0369608
2.32,1,-0.771783,-0.662413,-0.15654,-3.90516,-0.109369
2.32,2,1.1624,1.20824,0.197677,-1.77052,-0.0458387
2.32,3,0.0188134,0.0250627,-0.100142,-0.00240763,-0.00624929
2.32,4,-0.390589,-0.360518,-0.0496487,-0.215746,-0.0300713
2.32,5,0.00940264,0.0124402,-0.0497588,-0.000260279,-0.00303758
2.33,0,0.0890506,0.126012,-0.497491,0.0140354,-0.036961
2.33,1,-0.773275,-0.663979,-0.156549,-3.90221,-0.109296
2.33,2,1.16439,1.21021,0.19768,-1.77012,-0.0458254
2.33,3,0.0178184,0.0240612,-0.100147,-0.00234008,-0.00624282
2.33,4,-0.391086,-0.361014,-0.0496466,-0.215755,-0.0300723
2.33,5,0.00890513,0.0119426,-0.0497597,-0.000259615,-0.0030375
2.34,0,0.0840754,0.121037,-0.497476,0.013976,-0.0369613
2.34,1,-0.774768,-0.665544,-0.156558,-3.89926,-0.109223
2.34,2,1.16638,1.21219,0.197684,-1.76973,-0.0458121
2.34,3,0.0168234,0.0230597,-0.100151,-0.00227242,-0.00623632
2.34,4,-0.391584,-0.361511,-0.0496445,-0.215764,-0.0300733
2.34,5,0.00840761,0.011445,-0.0497604,-0.000258958,-0.00303742
2.35,0,0.0791003,0.116062,-0.497463,0.0139182,-0.0369617
2.35,1,-0.77626,-0.66711,-0.156568,-3.89631,-0.10915
2.35,2,1.16837,1.21417,0.197688,-1.76934,-0.0457989
2.35,3,0.0158284,0.0220582,-0.100155,-0.00220469,-0.00622977
2.35,4,-0.392081,-0.362007,-0.0496425,-0.215773,-0.0300743
2.35,5,0.0079101,0.0109474,-0.049761,-0.000258315,-0.00303732
2.36,0,0.0741251,0.111087,-0.497452,0.0138627,-0.0369623
2.36,1,-0.777753,-0.668676,-0.156577,-3.89335,-0.109077
2.36,2,1.17036,1.21614,0.197691,-1.76895,-0.0457857
2.36,3,0.0148334,0.0210566,-0.100158,-0.00213695,-0.00622318
2.36,4,-0.392579,-0.362504,-0.0496407,-0.215783,-0.0300754
2.36,5,0.00741258,0.0104498,-0.0497614,-0.000257692,-0.00303722
2.37,0,0.06915,0.106113,-0.497443,0.0138104,-0.036963
2.37,1,-0.779245,-0.670241,-0.156586,-3.89039,-0.109004
2.37,2,1.17235,1.21812,0.197694,-1.76856,-0.0457725
2.37,3,0.0138385,0.020055,-0.100161,-0.00206922,-0.00621657
2.37,4,-0.393076,-0.363,-0.049639,-0.215792,-0.0300764
2.37,5,0.00691507,0.00995219,-0.0497617,-0.000257094,-0.00303712
2.38,0,0.0641748,0.101139,-0.497437,0.0137616,-0.0369637
2.38,1,-0.780738,-0.671807,-0.156595,-3.88743,-0.10893
2.38,2,1.17434,1.2201,0.197698,-1.76818,-0.0457594
2.38,3,0.0128435,0.0190534,-0.100163,-0.00200155,-0.00620993
2.38,4,-0.393574,-0.363496,-0.0496375,-0.215801,-0.0300775
2.38,5,0.00641756,0.00945458,-0.0497619,-0.000256524,-0.00303702
2.39,0,0.0591997,0.0961642,-0.497433,0.013717,-0.0369645
2.39,1,-0.78223,-0.673373,-0.156605,-3.88446,-0.108857
2.39,2,1.17633,1.22207,0.197701,-1.76779,-0.0457463
2.39,3,0.0118485,0.0180518,-0.100165,-0.00193396,-0.00620328
2.39,4,-0.394071,-0.363993,-0.0496362,-0.215811,-0.0300786
2.39,5,0.00592004,0.00895696,-0.0497619,-0.000255988,-0.00303691
2.4,0,0.0542246,0.0911899,-0.497431,0.0136769,-0.0369654
2.4,1,-0.783723,-0.674939,-0.156614,-3.88148,-0.108783
2.4,2,1.17832,1.22405,0.197703,-1.7674,-0.0457332
2.4,3,0.0108535,0.0170501,-0.100166,-0.00186647,-0.00619661
2.4,4,-0.394569,-0.364489,-0.0496351,-0.21582,-0.0300797
2.4,5,0.00542253,0.00845934,-0.0497619,-0.000255487,-0.00303681
2.41,0,0.0492494,0.0862156,-0.49743,0.0136417,-0.0369662
2.41,1,-0.785215,-0.676506,-0.156624,-3.87851,-0.108709
2.41,2,1.18031,1.22603,0.197706,-1.76702,-0.0457202
2.41,3,0.00985852,0.0160484,-0.100167,-0.0017991,-0.00618993
2.41,4,-0.395066,-0.364985,-0.0496343,-0.21583,-0.0300809
2.41,5,0.00492501,0.00796172,-0.0497617,-0.000255024,-0.00303671
2.42,0,0.0442743,0.0812413,-0.497431,0.0136115,-0.0369671
2.42,1,-0.786708,-0.678072,-0.156635,-3.87552,-0.108636
2.42,2,1.1823,1.228,0.197708,-1.76663,-0.0457071
2.42,3,0.00886353,0.0150468,-0.100168,-0.00173186,-0.00618324
2.42,4,-0.395564,-0.365482,-0.0496338,-0.215839,-0.030082
2.42,5,0.0044275,0.0074641,-0.0497614,-0.000254601,-0.0030366
2.43,0,0.0392991,0.076267,-0.497434,0.0135865,-0.0369679
2.43,1,-0.7882,-0.679638,-0.156645,-3.87254,-0.108562
2.43,2,1.18429,1.22998,0.19771,-1.76624,-0.0456941
2.43,3,0.00786855,0.0140451,-0.100168,-0.00166477,-0.00617655
2.43,4,-0.396061,-0.365978,-0.0496336,-0.215848,-0.0300831
2.43,5,0.00392998,0.00696649,-0.0497611,-0.000254219,-0.00303651
2.44,0,0.034324,0.0712926,-0.497438,0.0135669,-0.0369687
2.44,1,-0.789693,-0.681205,-0.156656,-3.86954,-0.108488
2.44,2,1.18628,1.23196,0.197711,-1.76586,-0.0456812
2.44,3,0.00687357,0.0130434,-0.100168,-0.00159783,-0.00616985
2.44,4,-0.396559,-0.366474,-0.0496336,-0.215857,-0.0300843
2.44,5,0.00343247,0.00646888,-0.0497606,-0.000253878,-0.00303641
2.45,0,0.0293488,0.0663182,-0.497443,0.0135525,-0.0369694
2.45,1,-0.791185,-0.682771,-0.156667,-3.86654,-0.108414
2.45,2,1.18827,1.23394,0.197713,-1.76547,-0.0456682
2.45,3,0.00587858,0.0120417,-0.100168,-0.00153104,-0.00616316
2.45,4,-0.397056,-0.366971,-0.049634,-0.215866,-0.0300854
2.45,5,0.00293496,0.00597128,-0.0497601,-0.000253577,-0.00303632
2.46,0,0.0243737,0.0613438,-0.497449,0.0135433,-0.0369701
2.46,1,-0.792678,-0.684338,-0.156678,-3.86354,-0.108339
2.46,2,1.19026,1.23591,0.197714,-1.76508,-0.0456552
2.46,3,0.0048836,0.0110401,-0.100167,-0.0014644,-0.00615647
2.46,4,-0.397554,-0.367467,-0.0496346,-0.215875,-0.0300865
2.46,5,0.00243744,0.00547368,-0.0497596,-0.000253318,-0.00303624
2.47,0,0.0193985,0.0563692,-0.497456,0.0135392,-0.0369707
2.47,1,-0.79417,-0.685905,-0.15669,-3.86053,-0.108265
2.47,2,1.19225,1.23789,0.197714,-1.7647,-0.0456423
2.47,3,0.00388861,0.0100384,-0.100167,-0.0013979,-0.00614979
2.47,4,-0.398051,-0.367963,-0.0496355,-0.215883,-0.0300876
2.47,5,0.00193993,0.00497609,-0.049759,-0.000253097,-0.00303616
2.48,0,0.0144234,0.0513946,-0.497463,0.01354,-0.0369713
2.48,1,-0.795662,-0.687472,-0.156702,-3.85751,-0.108191
2.48,2,1.19424,1.23987,0.197715,-1.76431,-0.0456293
2.48,3,0.00289363,0.00903674,-0.100166,-0.00133153,-0.00614311
2.48,4,-0.398549,-0.36846,-0.0496367,-0.215892,-0.0300887
2.48,5,0.00144241,0.0044785,-0.0497584,-0.000252915,-0.00303609
2.49,0,0.00944823,0.04642,-0.497472,0.0135454,-0.0369717
2.49,1,-0.797155,-0.689039,-0.156715,-3.85449,-0.108116
2.49,2,1.19623,1.24184,0.197715,-1.76392,-0.0456164
2.49,3,0.00189864,0.00803508,-0.100165,-0.00126529,-0.00613644
2.49,4,-0.399046,-0.368956,-0.0496381,-0.2159,-0.0300898
2.49,5,0.000944899,0.00398092,-0.0497578,-0.000252768,-0.00303602
2.5,0,0.00447308,0.0414452,-0.49748,0.0135553,-0.0369721
2.5,1,-0.798647,-0.690606,-0.156728,-3.85147,-0.108041
2.5,2,1.19822,1.24382,0.197715,-1.76353,-0.0456034
2.5,3,0.00090366,0.00703343,-0.100164,-0.00119916,-0.00612977
2.5,4,-0.399543,-0.369453,-0.0496398,-0.215907,-0.0300909
2.5,5,0.000447384,0.00348335,-0.0497572,-0.000252656,-0.00303596
2.51,0,-4.54732e-06,0.0364704,-0.497489,0.0334699,-0.0364749
2.51,1,-0.799991,-0.692174,-0.156741,-3.84246,-0.107817
2.51,2,1.20001,1.2458,0.197715,-1.76911,-0.0457895
2.51,3,8.17424e-06,0.0060318,-0.100163,-0.000138132,-0.00602362
2.51,4,-0.399991,-0.369949,-0.0496417,-0.215517,-0.0300422
2.51,5,-3.78627e-07,0.00298578,-0.0497565,-3.81801e-06,-0.00298616
2.52,0,-4.54732e-06,0.0315103,-0.493826,0.220886,-0.0315148
2.52,1,-0.799991,-0.693708,-0.149071,-3.80411,-0.106283
2.52,2,1.20001,1.24772,0.18398,-1.79916,-0.0477067
2.52,3,8.17424e-06,0.00505841,-0.0934856,0.00558901,-0.00505024
2.52,4,-0.399991,-0.370411,-0.0419799,-0.215654,-0.0295804
2.52,5,-3.78627e-07,0.00247729,-0.0520306,0.00322084,-0.00247767
2.53,0,-4.54732e-06,0.0266208,-0.48412,0.387347,-0.0266253
2.53,1,-0.799991,-0.695125,-0.135295,-3.78875,-0.104866
2.53,2,1.20001,1.24943,0.160389,-1.80336,-0.0494193
2.53,3,8.17424e-06,0.00419539,-0.0797672,0.00598811,-0.00418722
2.53,4,-0.399991,-0.370772,-0.0316679,-0.217916,-0.0292188
2.53,5,-3.78627e-07,0.00194783,-0.0532306,0.00622813,-0.00194821
2.54,0,-4.54732e-06,0.0218577,-0.469189,0.533079,-0.0218622
2.54,1,-0.799991,-0.696397,-0.120581,-3.78202,-0.103594
2.54,2,1.20001,1.2509,0.136395,-1.79949,-0.0508899
2.54,3,8.17424e-06,0.00348724,-0.0632812,0.00317802,-0.00347907
2.54,4,-0.399991,-0.371045,-0.024157,-0.219491,-0.0289461
2.54,5,-3.78627e-07,0.00142514,-0.0509487,0.008157,-0.00142552
2.55,0,-4.54732e-06,0.0172691,-0.449791,0.658428,-0.0172736
2.55,1,-0.799991,-0.697525,-0.106652,-3.77868,-0.102466
2.55,2,1.20001,1.25214,0.114757,-1.79349,-0.0521325
2.55,3,8.17424e-06,0.00294804,-0.0463079,-0.00161389,-0.00293986
2.55,4,-0.399991,-0.37126,-0.0196908,-0.220005,-0.0287313
2.55,5,-3.78627e-07,0.000943327,-0.0455183,0.00893696,-0.000943706
2.56,0,-4.54732e-06,0.0128957,-0.426636,0.763899,-0.0129003
2.56,1,-0.799991,-0.698521,-0.0940249,-3.77672,-0.10147
2.56,2,1.20001,1.25318,0.0960593,-1.78736,-0.0531748
2.56,3,8.17424e-06,0.00257471,-0.0301902,-0.00755127,-0.00256654
2.56,4,-0.399991,-0.371443,-0.0173738,-0.219701,-0.0285485
2.56,5,-3.78627e-07,0.000528256,-0.0379964,0.00875576,-0.000528635
2.57,0,-4.54732e-06,0.00877138,-0.400398,0.850156,-0.00877593
2.57,1,-0.799991,-0.699398,-0.0827835,-3.77535,-0.100593
2.57,2,1.20001,1.25406,0.0801966,-1.78177,-0.0540459
2.57,3,8.17424e-06,0.00235386,-0.0157485,-0.0140078,-0.00234569
2.57,4,-0.399991,-0.37161,-0.0163137,-0.218894,-0.0283814
2.57,5,-3.78627e-07,0.000194792,-0.029463,0.00786304,-0.000195171
2.58,0,-4.54732e-06,0.00492342,-0.371711,0.918014,-0.00492796
2.58,1,-0.799991,-0.70017,-0.0728517,-3.77426,-0.0998205
2.58,2,1.20001,1.25478,0.0668655,-1.77691,-0.0547726
2.58,3,8.17424e-06,0.00226585,-0.00346288,-0.0204991,-0.00225768
2.58,4,-0.399991,-0.37177,-0.0158647,-0.217836,-0.028221
2.58,5,-3.78627e-07,-5.20084e-05,-0.0208026,0.00649894,5.16298e-05
2.59,0,-4.54732e-06,0.00137299,-0.341171,0.968411,-0.00137753
2.59,1,-0.799991,-0.70085,-0.0640982,-3.77335,-0.099141
2.59,2,1.20001,1.25539,0.0557277,-1.77281,-0.0553784
2.59,3,8.17424e-06,0.00228766,0.0064319,-0.026654,-0.00227949
2.59,4,-0.399991,-0.371927,-0.0156187,-0.216701,-0.0280637
2.59,5,-3.78627e-07,-0.000214624,-0.0126615,0.00486968,0.000214245
2.6,0,-4.54732e-06,-0.00186447,-0.309333,1.0024,0.00185992
2.6,1,-0.799991,-0.701447,-0.056379,-3.77259,-0.0985433
2.6,2,1.20001,1.25589,0.046463,-1.76942,-0.0558833
2.6,3,8.17424e-06,0.00239497,0.0138836,-0.0321981,-0.00238679
2.6,4,-0.399991,-0.372082,-0.0153438,-0.2156,-0.027909
2.6,5,-3.78627e-07,-0.000300756,-0.00546543,0.00314152,0.000300378
2.61,0,-4.54732e-06,-0.00477883,-0.276711,1.0211,0.00477428
2.61,1,-0.799991,-0.701973,-0.0495556,-3.77204,-0.0980177
2.61,2,1.20001,1.25631,0.0387845,-1.7667,-0.0563045
2.61,3,8.17424e-06,0.00256369,0.0189757,-0.0369406,-0.00255552
2.61,4,-0.399991,-0.372233,-0.0149248,-0.214599,-0.0277577
2.61,5,-3.78627e-07,-0.000321323,0.000543264,0.00144174,0.000320945
2.62,0,-4.54732e-06,-0.00736487,-0.243775,1.02574,0.00736032
2.62,1,-0.799991,-0.702435,-0.0435026,-3.77173,-0.097556
2.62,2,1.20001,1.25667,0.0324417,-1.76458,-0.0566564
2.62,3,8.17424e-06,0.00277117,0.021888,-0.0407628,-0.002763
2.62,4,-0.399991,-0.37238,-0.014319,-0.213734,-0.0276116
2.62,5,-3.78627e-07,-0.000288846,0.00526574,-0.000137385,0.000288467
2.63,0,-4.54732e-06,-0.00962183,-0.210952,1.01755,0.00961728
2.63,1,-0.799991,-0.70284,-0.0381111,-3.77171,-0.0971511
2.63,2,1.20001,1.25696,0.0272192,-1.76298,-0.0569513
2.63,3,8.17424e-06,0.00299691,0.0228652,-0.0436065,-0.00298874
2.63,4,-0.399991,-0.372519,-0.0135259,-0.213018,-0.0274727
2.63,5,-3.78627e-07,-0.000216217,0.00870973,-0.00153373,0.000215838
2.64,0,-4.54732e-06,-0.011553,-0.178625,0.997813,0.0115484
2.64,1,-0.799991,-0.703194,-0.0332886,-3.77201,-0.096797
2.64,2,1.20001,1.25721,0.0229327,-1.76184,-0.0571992
2.64,3,8.17424e-06,0.00322309,0.0221894,-0.0454628,-0.00321492
2.64,4,-0.399991,-0.372649,-0.012568,-0.212456,-0.0273425
2.64,5,-3.78627e-07,-0.000115817,0.0109577,-0.00271012,0.000115438
2.65,0,-4.54732e-06,-0.0131652,-0.147137,0.967838,0.0131607
2.65,1,-0.799991,-0.703502,-0.028958,-3.77266,-0.0964883
2.65,2,1.20001,1.25742,0.0194264,-1.76111,-0.0574086
2.65,3,8.17424e-06,0.00343481,0.0201593,-0.0463619,-0.00342664
2.65,4,-0.399991,-0.372768,-0.0114784,-0.212043,-0.0272228
2.65,5,-3.78627e-07,1.08187e-06,0.0121405,-0.00364945,-1.4605e-06
2.66,0,-4.54732e-06,-0.0144686,-0.116785,0.928918,0.0144641
2.66,1,-0.799991,-0.70377,-0.025056,-3.77365,-0.0962205
2.66,2,1.20001,1.2576,0.0165685,-1.76074,-0.0575867
2.66,3,8.17424e-06,0.00362018,0.0170727,-0.0463637,-0.003612
2.66,4,-0.399991,-0.372877,-0.0102935,-0.211769,-0.0271144
2.66,5,-3.78627e-07,0.000124682,0.0124161,-0.00435013,-0.00012506
2.67,0,-4.54732e-06,-0.015476,-0.0878276,0.882339,0.0154714
2.67,1,-0.799991,-0.704001,-0.0215312,-3.77499,-0.0959896
2.67,2,1.20001,1.25775,0.0142483,-1.76067,-0.0577392
2.67,3,8.17424e-06,0.00377021,0.0132146,-0.0455491,-0.00376204
2.67,4,-0.399991,-0.372973,-0.00904952,-0.211622,-0.0270183
2.67,5,-3.78627e-07,0.000246837,0.0119534,-0.00482211,-0.000247216
2.68,0,-4.54732e-06,-0.0162024,-0.060481,0.829358,0.0161979
2.68,1,-0.799991,-0.704199,-0.0183418,-3.77666,-0.0957921
2.68,2,1.20001,1.25788,0.0123732,-1.76088,-0.057871
2.68,3,8.17424e-06,0.00387866,0.00884742,-0.0440133,-0.00387048
2.68,4,-0.399991,-0.373056,-0.00777955,-0.211589,-0.0269348
2.68,5,-3.78627e-07,0.000361093,0.0109204,-0.00508347,-0.000361471
2.69,0,-4.54732e-06,-0.0166651,-0.0349236,0.771194,0.0166606
2.69,1,-0.799991,-0.704366,-0.0154544,-3.77863,-0.0956248
2.69,2,1.20001,1.258,0.0108651,-1.76132,-0.0579862
2.69,3,8.17424e-06,0.00394174,0.00420589,-0.0418592,-0.00393357
2.69,4,-0.399991,-0.373127,-0.00651292,-0.211655,-0.026864
2.69,5,-3.78627e-07,0.000462625,0.00947496,-0.00515751,-0.000463004
2.7,0,-4.54732e-06,-0.0168828,-0.011296,0.709017,0.0168782
2.7,1,-0.799991,-0.704506,-0.0128416,-3.78087,-0.0954849
2.7,2,1.20001,1.2581,0.00965897,-1.76196,-0.058088
2.7,3,8.17424e-06,0.00395786,-0.0005067,-0.0391929,-0.00394969
2.7,4,-0.399991,-0.373185,-0.00527473,-0.211808,-0.0268057
2.7,5,-3.78627e-07,0.000548111,0.00776002,-0.00507045,-0.00054849
2.71,0,-4.54732e-06,-0.0168753,0.0102963,0.643939,0.0168707
2.71,1,-0.799991,-0.704621,-0.0104812,-3.78334,-0.0953696
2.71,2,1.20001,1.25819,0.00870014,-1.76277,-0.0581791
2.71,3,8.17424e-06,0.00392728,-0.00511958,-0.0361193,-0.00391911
2.71,4,-0.399991,-0.373232,-0.00408576,-0.212033,-0.0267595
2.71,5,-3.78627e-07,0.000615554,0.00589978,-0.0048496,-0.000615932
2.72,0,-4.54732e-06,-0.0166634,0.0297817,0.577008,0.0166588
2.72,1,-0.799991,-0.704714,-0.00835456,-3.786,-0.0952767
2.72,2,1.20001,1.25827,0.00794267,-1.76374,-0.0582618
2.72,3,8.17424e-06,0.00385178,-0.00949416,-0.0327395,-0.0038436
2.72,4,-0.399991,-0.373266,-0.00296268,-0.212318,-0.0267249
2.72,5,-3.78627e-07,0.000664091,0.0039985,-0.00452189,-0.000664469
2.73,0,-4.54732e-06,-0.0162684,0.0471196,0.509196,0.0162639
2.73,1,-0.799991,-0.704787,-0.00644598,-3.78882,-0.0952038
2.73,2,1.20001,1.25835,0.0073479,-1.76483,-0.0583378
2.73,3,8.17424e-06,0.00373436,-0.0135225,-0.0291484,-0.00372618
2.73,4,-0.399991,-0.37329,-0.00191834,-0.21265,-0.0267011
2.73,5,-3.78627e-07,0.000693791,0.00214041,-0.00411297,-0.000694169
2.74,0,-4.54732e-06,-0.015712,0.0622985,0.441401,0.0157074
2.74,1,-0.799991,-0.704842,-0.00474166,-3.79173,-0.0951489
2.74,2,1.20001,1.25842,0.00688314,-1.76603,-0.0584087
2.74,3,8.17424e-06,0.00357894,-0.0171249,-0.0254327,-0.00357077
2.74,4,-0.399991,-0.373304,-0.000962042,-0.213017,-0.0266872
2.74,5,-3.78627e-07,0.00070546,0.000390692,-0.0036464,-0.000705838
2.75,0,-4.54732e-06,-0.0150155,0.0753333,0.374439,0.015011
2.75,1,-0.799991,-0.704881,-0.00322919,-3.79471,-0.09511
2.75,2,1.20001,1.25848,0.00652076,-1.7673,-0.0584754
2.75,3,8.17424e-06,0.00339011,-0.0202474,-0.0216709,-0.00338193
2.75,4,-0.399991,-0.373309,-9.99676e-05,-0.21341,-0.0266824
2.75,5,-3.78627e-07,0.000700457,-0.00120298,-0.00314329,-0.000700836
2.76,0,-4.54732e-06,-0.0142004,0.0862632,0.309043,0.0141958
2.76,1,-0.799991,-0.704906,-0.00189709,-3.79771,-0.0950851
2.76,2,1.20001,1.25855,0.00623731,-1.76865,-0.058539
2.76,3,8.17424e-06,0.00317285,-0.0228579,-0.017932,-0.00316467
2.76,4,-0.399991,-0.373305,0.000664494,-0.213818,-0.0266857
2.76,5,-3.78627e-07,0.000680533,-0.0026084,-0.00262204,-0.000680911
2.77,0,-4.54732e-06,-0.0132872,0.0951485,0.24586,0.0132827
2.77,1,-0.799991,-0.704918,-0.000734464,-3.8007,-0.0950727
2.77,2,1.20001,1.25861,0.00601292,-1.77003,-0.0586001
2.77,3,8.17424e-06,0.00293236,-0.0249438,-0.0142756,-0.00292419
2.77,4,-0.399991,-0.373295,0.00133036,-0.214234,-0.0266961
2.77,5,-3.78627e-07,0.000647683,-0.00380666,-0.00209831,-0.000648061
2.78,0,-4.54732e-06,-0.0122961,0.102069,0.185455,0.0122915
2.78,1,-0.799991,-0.70492,0.000269218,-3.80365,-0.095071
2.78,2,1.20001,1.25867,0.00583077,-1.77144,-0.0586592
2.78,3,8.17424e-06,0.00267389,-0.0265083,-0.0107522,-0.00266572
2.78,4,-0.399991,-0.373279,0.00189869,-0.21465,-0.0267126
2.78,5,-3.78627e-07,0.00060403,-0.0047899,-0.00158507,-0.000604409
2.79,0,-4.54732e-06,-0.0112461,0.107119,0.128304,0.0112416
2.79,1,-0.799991,-0.704912,0.00112429,-3.80651,-0.0950785
2.79,2,1.20001,1.25873,0.00567669,-1.77285,-0.0587167
2.79,3,8.17424e-06,0.00240258,-0.0275674,-0.00740359,-0.0023944
2.79,4,-0.399991,-0.373257,0.00237222,-0.21506,-0.0267343
2.79,5,-3.78627e-07,0.000551726,-0.0055592,-0.00109276,-0.000552104
2.8,0,-4.54732e-06,-0.0101554,0.11041,0.0748049,0.0101509
2.8,1,-0.799991,-0.704897,0.00184095,-3.80928,-0.0950938
2.8,2,1.20001,1.25878,0.00553884,-1.77426,-0.0587727
2.8,3,8.17424e-06,0.00212333,-0.0281476,-0.00426303,-0.00211516
2.8,4,-0.399991,-0.373231,0.00275506,-0.215459,-0.0267602
2.8,5,-3.78627e-07,0.00049287,-0.00612254,-0.000629483,-0.000493249
2.81,0,-4.54732e-06,-0.00904093,0.112061,0.0252735,0.00903638
2.81,1,-0.799991,-0.704875,0.00242931,-3.81191,-0.0951156
2.81,2,1.20001,1.25884,0.00540745,-1.77563,-0.0588273
2.81,3,8.17424e-06,0.00184076,-0.0282827,-0.00135627,-0.00183259
2.81,4,-0.399991,-0.373202,0.00305234,-0.215842,-0.0267894
2.81,5,-3.78627e-07,0.000429455,-0.00649305,-0.00020125,-0.000429833
2.82,0,-4.54732e-06,-0.00791836,0.112201,-0.0200505,0.00791381
2.82,1,-0.799991,-0.704848,0.0028994,-3.8144,-0.0951425
2.82,2,1.20001,1.25889,0.00527464,-1.77697,-0.0588807
2.82,3,8.17424e-06,0.00155911,-0.0280121,0.00129794,-0.00155093
2.82,4,-0.399991,-0.37317,0.00326995,-0.216205,-0.0268212
2.82,5,-3.78627e-07,0.000363317,-0.00668744,0.000187752,-0.000363696
2.83,0,-4.54732e-06,-0.00680206,0.110967,-0.0609998,0.00679751
2.83,1,-0.799991,-0.704817,0.00326114,-3.81673,-0.0951736
2.83,2,1.20001,1.25894,0.00513416,-1.77825,-0.0589327
2.83,3,8.17424e-06,0.00128219,-0.0273788,0.00368717,-0.00127401
2.83,4,-0.399991,-0.373136,0.00341432,-0.216545,-0.0268548
2.83,5,-3.78627e-07,0.000296117,-0.00672465,0.000534917,-0.000296495
2.84,0,-4.54732e-06,-0.00570501,0.108498,-0.0974755,0.00570046
2.84,1,-0.799991,-0.704783,0.00352426,-3.81888,-0.0952077
2.84,2,1.20001,1.25899,0.00498135,-1.77946,-0.0589832
2.84,3,8.17424e-06,0.00101339,-0.0264278,0.00580457,-0.00100521
2.84,4,-0.399991,-0.373102,0.00349215,-0.216861,-0.0268894
2.84,5,-3.78627e-07,0.000229315,-0.00662479,0.00083897,-0.000229693
2.85,0,-4.54732e-06,-0.00463878,0.104937,-0.129442,0.00463423
2.85,1,-0.799991,-0.704747,0.00369834,-3.82086,-0.095244
2.85,2,1.20001,1.25904,0.00481287,-1.78059,-0.0590321
2.85,3,8.17424e-06,0.000755629,-0.0252045,0.00764817,-0.000747455
2.85,4,-0.399991,-0.373067,0.00351026,-0.217151,-0.0269245
2.85,5,-3.78627e-07,0.00016417,-0.00640826,0.00109974,-0.000164548
2.86,0,-4.54732e-06,-0.00361349,0.100426,-0.156921,0.00360894
2.86,1,-0.799991,-0.704709,0.00379267,-3.82264,-0.0952816
2.86,2,1.20001,1.25909,0.00462667,-1.78163,-0.0590792
2.86,3,8.17424e-06,0.000511393,-0.0237541,0.00922026,-0.000503218
2.86,4,-0.399991,-0.373032,0.00347546,-0.217413,-0.0269594
2.86,5,-3.78627e-07,0.000101738,-0.00609506,0.00131794,-0.000102117
2.87,0,-4.54732e-06,-0.00263788,0.0951068,-0.179987,0.00263333
2.87,1,-0.799991,-0.704671,0.00381624,-3.82424,-0.0953197
2.87,2,1.20001,1.25913,0.00442177,-1.78257,-0.0591244
2.87,3,8.17424e-06,0.000282705,-0.0221201,0.0105268,-0.00027453
2.87,4,-0.399991,-0.372997,0.0033944,-0.217647,-0.0269938
2.87,5,-3.78627e-07,4.28803e-05,-0.0057043,0.00149499,-4.32589e-05
2.88,0,-4.54732e-06,-0.00171925,0.0891169,-0.198762,0.00171471
2.88,1,-0.799991,-0.704633,0.0037777,-3.82564,-0.0953577
2.88,2,1.20001,1.25918,0.00419818,-1.78342,-0.0591674
2.88,3,8.17424e-06,7.11692e-05,-0.0203444,0.0115767,-6.2995e-05
2.88,4,-0.399991,-0.372964,0.00327351,-0.217853,-0.0270271
2.88,5,-3.78627e-07,-1.17273e-05,-0.0052538,0.00163288,1.13486e-05
2.89,0,-4.54732e-06,-0.000863594,0.0825902,-0.213409,0.000859046
2.89,1,-0.799991,-0.704596,0.00368532,-3.82686,-0.095395
2.89,2,1.20001,1.25922,0.00395676,-1.78415,-0.059208
2.89,3,8.17424e-06,-0.000122014,-0.0184662,0.0123816,0.000130188
2.89,4,-0.399991,-0.372932,0.00311891,-0.218031,-0.027059
2.89,5,-3.78627e-07,-6.15785e-05,-0.00475994,0.00173398,6.11998e-05
2.9,0,-4.54732e-06,-7.55494e-05,0.0756549,-0.224125,7.10021e-05
2.9,1,-0.799991,-0.70456,0.00354692,-3.82789,-0.0954311
2.9,2,1.20001,1.25926,0.00369906,-1.78478,-0.0592462
2.9,3,8.17424e-06,-0.000296021,-0.0165217,0.012955,0.000304196
2.9,4,-0.399991,-0.372902,0.00293641,-0.218182,-0.0270892
2.9,5,-3.78627e-07,-0.000106322,-0.00423743,0.00180095,0.000105943
2.91,0,-4.54732e-06,0.000641465,0.0684324,-0.231138,-0.000646012
2.91,1,-0.799991,-0.704525,0.0033699,-3.82874,-0.0954656
2.91,2,1.20001,1.25929,0.00342721,-1.78531,-0.0592817
2.91,3,8.17424e-06,-0.000450377,-0.0145443,0.0133121,0.000458551
2.91,4,-0.399991,-0.372874,0.00273142,-0.218305,-0.0271174
2.91,5,-3.78627e-07,-0.000145745,-0.00369934,0.00183663,0.000145366
2.92,0,-4.54732e-06,0.00128521,0.0610365,-0.2347,-0.00128976
2.92,1,-0.799991,-0.704493,0.0031612,-3.82941,-0.0954982
2.92,2,1.20001,1.25932,0.00314381,-1.78572,-0.0593144
2.92,3,8.17424e-06,-0.000584919,-0.0125641,0.0134694,0.000593094
2.92,4,-0.399991,-0.372848,0.00250899,-0.218403,-0.0271436
2.92,5,-3.78627e-07,-0.000179755,-0.00315706,0.001844,0.000179376
2.93,0,-4.54732e-06,0.00185454,0.0535729,-0.235082,-0.00185909
2.93,1,-0.799991,-0.704462,0.00292727,-3.82992,-0.0955286
2.93,2,1.20001,1.25935,0.00285174,-1.78603,-0.0593443
2.93,3,8.17424e-06,-0.00069977,-0.0106078,0.0134441,0.000707945
2.93,4,-0.399991,-0.372824,0.00227379,-0.218476,-0.0271674
2.93,5,-3.78627e-07,-0.000208365,-0.00262035,0.00182604,0.000207987
2.94,0,-4.54732e-06,0.00234932,0.0461386,-0.23257,-0.00235387
2.94,1,-0.799991,-0.704434,0.0026741,-3.83028,-0.0955564
2.94,2,1.20001,1.25938,0.00255414,-1.78624,-0.0593711
2.94,3,8.17424e-06,-0.000795302,-0.00869898,0.0132541,0.000803476
2.94,4,-0.399991,-0.372802,0.00203011,-0.218525,-0.0271888
2.94,5,-3.78627e-07,-0.000231679,-0.00209748,0.00178574,0.0002313
2.95,0,-4.54732e-06,0.00277033,0.0388211,-0.227458,-0.00277487
2.95,1,-0.799991,-0.704409,0.00240718,-3.83049,-0.0955817
2.95,2,1.20001,1.2594,0.00225422,-1.78636,-0.059395
2.95,3,8.17424e-06,-0.000872103,-0.0068581,0.0129176,0.000880277
2.95,4,-0.399991,-0.372783,0.00178186,-0.218553,-0.0272077
2.95,5,-3.78627e-07,-0.000249872,-0.00159525,0.00172604,0.000249493
2.96,0,-4.54732e-06,0.00311918,0.0316989,-0.220045,-0.00312372
2.96,1,-0.799991,-0.704386,0.00213155,-3.83057,-0.0956043
2.96,2,1.20001,1.25943,0.00195522,-1.78639,-0.0594159
2.96,3,8.17424e-06,-0.000930951,-0.00510242,0.0124527,0.000939125
2.96,4,-0.399991,-0.372767,0.00153258,-0.218559,-0.0272241
2.96,5,-3.78627e-07,-0.000263182,-0.00111919,0.00164977,0.000262804
2.97,0,-4.54732e-06,0.0033982,0.0248406,-0.210632,-0.00340275
2.97,1,-0.799991,-0.704367,0.00185178,-3.83052,-0.0956241
2.97,2,1.20001,1.25944,0.00166027,-1.78634,-0.0594339
2.97,3,8.17424e-06,-0.000972779,-0.00344628,0.0118773,0.000980953
2.97,4,-0.399991,-0.372753,0.00128549,-0.218548,-0.0272381
2.97,5,-3.78627e-07,-0.000271897,-0.000673608,0.00155967,0.000271518
2.98,0,-4.54732e-06,0.00361038,0.0183058,-0.199514,-0.00361492
2.98,1,-0.799991,-0.70435,0.00157198,-3.83036,-0.095641
2.98,2,1.20001,1.25946,0.00137235,-1.78621,-0.0594489
2.98,3,8.17424e-06,-0.000998648,-0.00190124,0.011209,0.00100682
2.98,4,-0.399991,-0.372742,0.00104343,-0.218519,-0.0272496
2.98,5,-3.78627e-07,-0.000276339,-0.00026178,0.00145834,0.00027596
2.99,0,-4.54732e-06,0.00375922,0.0121443,-0.186984,-0.00376377
2.99,1,-0.799991,-0.704335,0.00129583,-3.8301,-0.0956552
2.99,2,1.20001,1.25947,0.00109425,-1.78602,-0.059461
2.99,3,8.17424e-06,-0.00100972,-0.000476247,0.0104647,0.0010179
2.99,4,-0.399991,-0.372732,0.000808942,-0.218475,-0.0272588
2.99,5,-3.78627e-07,-0.000276859,0.000113986,0.00134821,0.000276481
3,0,-4.54732e-06,0.0038487,0.00639718,-0.173321,-0.00385324
3,1,-0.799991,-0.704324,0.00102657,-3.82975,-0.0956667
3,2,1.20001,1.25948,0.000828455,-1.78577,-0.0594705
3,3,8.17424e-06,-0.00100724,0.000822219,0.00966077,0.00101541
3,4,-0.399991,-0.372726,0.000584234,-0.218417,-0.0272656
3,5,-3.78627e-07,-0.000273828,0.000452214,0.00123158,0.000273449
