sim_t,joint,desired,actual,velocity,torque,error
0,0,1,1,0,0,0
0,1,-0.5,-0.5,0,0,0
0,2,0.8,0.8,0,6.66134e-15,2.22045e-16
0,3,0.2,0.2,0,7.21645e-15,7.21645e-16
0,4,-0.3,-0.3,0,0,0
0,5,0.1,0.1,0,1.80411e-15,3.60822e-16
0.01,0,1,1.00001,0.00184924,-0.00597275,-1.06255e-05
0.01,1,-0.5,-0.498888,0.184338,-0.597497,-0.00111208
0.01,2,0.8,0.799781,-0.0139566,0.0344682,0.0002185
0.01,3,0.2,0.199984,-0.00251246,0.00166906,1.61582e-05
0.01,4,-0.3,-0.300816,-0.14269,0.0778714,0.000815828
0.01,5,0.1,0.100057,0.00937697,-0.00309604,-5.65901e-05
0.02,0,1,1.00003,0.00263663,-0.00928858,-3.44672e-05
0.02,1,-0.5,-0.496384,0.298819,-1.04111,-0.00361644
0.02,2,0.8,0.799984,0.0515327,-0.102586,1.59729e-05
0.02,3,0.2,0.199959,-0.00205632,0.00164124,4.07451e-05
0.02,4,-0.3,-0.302694,-0.211843,0.127474,0.00269404
0.02,5,0.1,0.100169,0.0118957,-0.00441399,-0.000169055
0.03,0,1,1.00006,0.00238365,-0.00955568,-6.01185e-05
0.03,1,-0.5,-0.492902,0.385422,-1.44019,-0.00709799
0.03,2,0.8,0.800901,0.124273,-0.275581,-0.000901163
0.03,3,0.2,0.199949,-0.000106405,0.00057564,5.11797e-05
0.03,4,-0.3,-0.304838,-0.207512,0.142456,0.00483752
0.03,5,0.1,0.100282,0.0104827,-0.00455525,-0.000282085
0.04,0,1,1.00008,0.00152525,-0.00775852,-7.95692e-05
0.04,1,-0.5,-0.488655,0.45466,-1.81779,-0.0113451
0.04,2,0.8,0.802523,0.192205,-0.4601,-0.002523
0.04,3,0.2,0.19996,0.00213581,-0.000882702,3.98781e-05
0.04,4,-0.3,-0.306666,-0.15775,0.132202,0.00666588
0.04,5,0.1,0.100373,0.007812,-0.00420675,-0.000372629
0.05,0,1,1.00009,0.000412037,-0.00478801,-8.87976e-05
0.05,1,-0.5,-0.48379,0.510848,-2.18096,-0.0162104
0.05,2,0.8,0.804785,0.252814,-0.649174,-0.00478486
0.05,3,0.2,0.199993,0.00418721,-0.00244243,6.98968e-06
0.05,4,-0.3,-0.307856,-0.085141,0.105416,0.00785565
0.05,5,0.1,0.100435,0.00501305,-0.0036801,-0.000435236
0.06,0,1,1.00009,-0.000725221,-0.00128891,-8.66142e-05
0.06,1,-0.5,-0.478423,0.556382,-2.53224,-0.0215774
0.06,2,0.8,0.807609,0.30539,-0.839048,-0.00760892
0.06,3,0.2,0.200045,0.00590009,-0.00398607,-4.46019e-05
0.06,4,-0.3,-0.308267,-0.00476773,0.0685184,0.00826682
0.06,5,0.1,0.100471,0.00247017,-0.00309657,-0.000471104
0.07,0,1,1.00007,-0.00174838,0.00230106,-7.36022e-05
0.07,1,-0.5,-0.472652,0.592728,-2.87211,-0.0273482
0.07,2,0.8,0.810914,0.349758,-1.02692,-0.0109136
0.07,3,0.2,0.200111,0.00725235,-0.00546474,-0.000111332
0.07,4,-0.3,-0.307877,0.0739769,0.0260301,0.00787732
0.07,5,0.1,0.100483,0.00028713,-0.00250359,-0.000483491
0.08,0,1,1.00005,-0.00258352,0.00569648,-5.13519e-05
0.08,1,-0.5,-0.466564,0.620809,-3.19989,-0.0334365
0.08,2,0.8,0.814617,0.386003,-1.21052,-0.0146172
0.08,3,0.2,0.20019,0.00826515,-0.00685602,-0.000189693
0.08,4,-0.3,-0.306736,0.145621,-0.0189215,0.00673615
0.08,5,0.1,0.100476,-0.00152624,-0.00192258,-0.00047609
0.09,0,1,1.00002,-0.00319925,0.00871998,-2.19443e-05
0.09,1,-0.5,-0.460237,0.641233,-3.51422,-0.039763
0.09,2,0.8,0.81864,0.414374,-1.38794,-0.0186396
0.09,3,0.2,0.200276,0.00897333,-0.00814875,-0.000276475
0.09,4,-0.3,-0.304932,0.207305,-0.0641982,0.00493178
0.09,5,0.1,0.100453,-0.00298841,-0.00136601,-0.000452506
0.1,0,1,0.999988,-0.00359136,0.0112695,1.23861e-05
0.1,1,-0.5,-0.453746,0.654435,-3.81345,-0.0462538
0.1,2,0.8,0.822904,0.435222,-1.55757,-0.022904
0.1,3,0.2,0.200369,0.00941488,-0.00933734,-0.000368841
0.1,4,-0.3,-0.302571,0.257857,-0.108358,0.00257135
0.1,5,0.1,0.100416,-0.00412543,-0.000842926,-0.000416111
0.11,0,1,0.999951,-0.00377219,0.013295,4.94605e-05
0.11,1,-0.5,-0.447162,0.66077,-4.09585,-0.0528385
0.11,2,0.8,0.827338,0.448968,-1.71806,-0.0273375
0.11,3,0.2,0.200464,0.00962701,-0.0104195,-0.000464331
0.11,4,-0.3,-0.299767,0.297165,-0.150443,-0.00023255
0.11,5,0.1,0.10037,-0.0049654,-0.000360398,-0.000370004
0.12,0,1,0.999913,-0.00376354,0.0147818,8.72807e-05
0.12,1,-0.5,-0.44055,0.660577,-4.35975,-0.0594504
0.12,2,0.8,0.831872,0.456078,-1.8683,-0.0318716
0.12,3,0.2,0.200561,0.00964437,-0.0113951,-0.000560844
0.12,4,-0.3,-0.29663,0.325749,-0.189834,-0.00336994
0.12,5,0.1,0.100317,-0.00553747,7.62679e-05,-0.000316995
0.13,0,1,0.999876,-0.00359193,0.0157396,0.000124095
0.13,1,-0.5,-0.433974,0.65421,-4.60367,-0.0660261
0.13,2,0.8,0.836443,0.457046,-2.00737,-0.0364426
0.13,3,0.2,0.200657,0.00949834,-0.0122651,-0.000656607
0.13,4,-0.3,-0.293262,0.344475,-0.226142,-0.00673814
0.13,5,0.1,0.10026,-0.00587178,0.000463546,-0.000259598
0.14,0,1,0.999842,-0.00328555,0.0161938,0.000158429
0.14,1,-0.5,-0.427494,0.642055,-4.8264,-0.0725059
0.14,2,0.8,0.840992,0.452382,-2.13452,-0.0409918
0.14,3,0.2,0.20075,0.00921676,-0.0130315,-0.000750143
0.14,4,-0.3,-0.289756,0.354375,-0.259141,-0.0102442
0.14,5,0.1,0.1002,-0.00599929,0.000799683,-0.000200021
0.15,0,1,0.999811,-0.00287235,0.0161806,0.000189089
0.15,1,-0.5,-0.421166,0.624541,-5.027,-0.0788344
0.15,2,0.8,0.845466,0.442612,-2.2492,-0.0454659
0.15,3,0.2,0.20084,0.00882398,-0.0136967,-0.000840233
0.15,4,-0.3,-0.286194,0.356534,-0.288713,-0.0138057
0.15,5,0.1,0.10014,-0.0059513,0.00108459,-0.00014016
0.16,0,1,0.999785,-0.00237891,0.0157429,0.000215154
0.16,1,-0.5,-0.41504,0.60214,-5.20484,-0.0849604
0.16,2,0.8,0.849817,0.428263,-2.35102,-0.0498166
0.16,3,0.2,0.200926,0.00834112,-0.0142635,-0.000925884
0.16,4,-0.3,-0.282649,0.352015,-0.314818,-0.0173513
0.16,5,0.1,0.100082,-0.00575878,0.00131964,-8.15993e-05
0.17,0,1,0.999764,-0.00182977,0.0149277,0.000235959
0.17,1,-0.5,-0.409162,0.575356,-5.35958,-0.0908379
0.17,2,0.8,0.854001,0.409865,-2.43977,-0.0540012
0.17,3,0.2,0.201006,0.0077864,-0.0147348,-0.0010063
0.17,4,-0.3,-0.27918,0.341828,-0.337472,-0.0208197
0.17,5,0.1,0.100026,-0.00545165,0.00150741,-2.5618e-05
0.18,0,1,0.999749,-0.00124711,0.0137842,0.000251071
0.18,1,-0.5,-0.403574,0.544725,-5.49121,-0.0964259
0.18,2,0.8,0.857982,0.387949,-2.51536,-0.057982
0.18,3,0.2,0.201081,0.00717563,-0.0151138,-0.00108084
0.18,4,-0.3,-0.275841,0.32691,-0.356731,-0.0241595
0.18,5,0.1,0.0999732,-0.00505802,0.00165137,2.67939e-05
0.19,0,1,0.99974,-0.000650635,0.0123625,0.000260266
0.19,1,-0.5,-0.398311,0.510802,-5.59997,-0.101689
0.19,2,0.8,0.861727,0.363039,-2.57788,-0.0617267
0.19,3,0.2,0.201149,0.00652255,-0.0154039,-0.00114904
0.19,4,-0.3,-0.272672,0.308114,-0.372681,-0.027328
0.19,5,0.1,0.0999251,-0.0046036,0.00175565,7.4915e-05
0.2,0,1,0.999736,-5.75569e-05,0.0107127,0.000263501
0.2,1,-0.5,-0.393402,0.47415,-5.68635,-0.106598
0.2,2,0.8,0.865208,0.335651,-2.62755,-0.0652083
0.2,3,0.2,0.201211,0.00583929,-0.0156088,-0.00121052
0.2,4,-0.3,-0.269709,0.286215,-0.385435,-0.030291
0.2,5,0.1,0.0998817,-0.00411124,0.0018247,0.000118266
0.21,0,1,0.999739,0.000517322,0.0088838,0.000260894
0.21,1,-0.5,-0.388873,0.435337,-5.7511,-0.111127
0.21,2,0.8,0.868405,0.306292,-2.66473,-0.0684048
0.21,3,0.2,0.201265,0.00513666,-0.0157326,-0.00126506
0.21,4,-0.3,-0.266979,0.261912,-0.395125,-0.0330212
0.21,5,0.1,0.0998434,-0.00360065,0.00186308,0.000156578
0.22,0,1,0.999747,0.00106151,0.00692339,0.000252698
0.22,1,-0.5,-0.384741,0.39492,-5.79513,-0.115259
0.22,2,0.8,0.871299,0.275454,-2.68988,-0.0712991
0.22,3,0.2,0.201313,0.00442445,-0.0157798,-0.00131252
0.22,4,-0.3,-0.264502,0.235834,-0.401902,-0.0354981
0.22,5,0.1,0.0998102,-0.00308823,0.00187528,0.000189761
0.23,0,1,0.999761,0.00156469,0.00487703,0.000239278
0.23,1,-0.5,-0.381019,0.35344,-5.81956,-0.118981
0.23,2,0.8,0.873879,0.243611,-2.7036,-0.0738791
0.23,3,0.2,0.201353,0.00371161,-0.0157553,-0.00135284
0.23,4,-0.3,-0.262293,0.208545,-0.40593,-0.0377071
0.23,5,0.1,0.0997821,-0.00258714,0.00186551,0.000217874
0.24,0,1,0.999779,0.0020186,0.00278783,0.000221091
0.24,1,-0.5,-0.377715,0.311417,-5.82563,-0.122285
0.24,2,0.8,0.876137,0.211214,-2.70655,-0.0761373
0.24,3,0.2,0.201386,0.00300638,-0.0156645,-0.00138607
0.24,4,-0.3,-0.260361,0.180554,-0.407389,-0.039639
0.24,5,0.1,0.0997589,-0.0021074,0.00183765,0.000241086
0.25,0,1,0.999801,0.00241687,0.000696036,0.000198666
0.25,1,-0.5,-0.374833,0.269341,-5.81471,-0.125167
0.25,2,0.8,0.878071,0.178694,-2.6995,-0.0780706
0.25,3,0.2,0.201412,0.00231642,-0.015513,-0.00141232
0.25,4,-0.3,-0.258711,0.152315,-0.406472,-0.0412893
0.25,5,0.1,0.0997403,-0.00165614,0.0017951,0.000259652
0.26,0,1,0.999827,0.00275491,-0.00136123,0.000172587
0.26,1,-0.5,-0.372369,0.227669,-5.78824,-0.127631
0.26,2,0.8,0.87968,0.146448,-2.68329,-0.0796798
0.26,3,0.2,0.201432,0.00164878,-0.0153072,-0.00143179
0.26,4,-0.3,-0.257342,0.124234,-0.403379,-0.0426577
0.26,5,0.1,0.0997261,-0.00123795,0.00174081,0.000273885
0.27,0,1,0.999857,0.00302973,-0.00335025,0.000143474
0.27,1,-0.5,-0.370318,0.186819,-5.74774,-0.129682
0.27,2,0.8,0.88097,0.114846,-2.65878,-0.0809698
0.27,3,0.2,0.201445,0.00100993,-0.0150533,-0.00144474
0.27,4,-0.3,-0.256252,0.0966718,-0.398319,-0.0437479
0.27,5,0.1,0.0997159,-0.000855228,0.00167722,0.00028413
0.28,0,1,0.999888,0.00323986,-0.00524089,0.000111967
0.28,1,-0.5,-0.368669,0.147169,-5.69475,-0.131331
0.28,2,0.8,0.881949,0.0842227,-2.62691,-0.0819488
0.28,3,0.2,0.201451,0.000405738,-0.0147583,-0.00145148
0.28,4,-0.3,-0.255433,0.0699458,-0.391507,-0.0445668
0.28,5,0.1,0.0997093,-0.000508562,0.0016063,0.000290746
0.29,0,1,0.999921,0.00338515,-0.00700679,7.87161e-05
0.29,1,-0.5,-0.367408,0.109059,-5.63084,-0.132592
0.29,2,0.8,0.882629,0.0548775,-2.58861,-0.0826285
0.29,3,0.2,0.201452,-0.000158582,-0.0144289,-0.0014524
0.29,4,-0.3,-0.254876,0.0443333,-0.383162,-0.0451244
0.29,5,0.1,0.0997059,-0.000197148,0.00152959,0.00029409
0.3,0,1,0.999956,0.00346665,-0.00862538,4.43645e-05
0.3,1,-0.5,-0.366519,0.0727797,-5.55758,-0.133481
0.3,2,0.8,0.883023,0.0270715,-2.54483,-0.083023
0.3,3,0.2,0.201448,-0.000678525,-0.0140721,-0.00144792
0.3,4,-0.3,-0.254567,0.0200721,-0.373501,-0.0454331
0.3,5,0.1,0.0997055,8.0836e-05,0.00144828,0.000294506
0.31,0,1,0.99999,0.00348651,-0.010078,9.53901e-06
0.31,1,-0.5,-0.365981,0.0385839,-5.47651,-0.134019
0.31,2,0.8,0.883149,0.00102755,-2.49652,-0.0831489
0.31,3,0.2,0.201438,-0.00115034,-0.0136948,-0.0014385
0.31,4,-0.3,-0.254492,-0.00263811,-0.362741,-0.0455075
0.31,5,0.1,0.0997077,0.000327877,0.00136321,0.000292314
0.32,0,1,1.00003,0.00344776,-0.0113497,-2.51599e-05
0.32,1,-0.5,-0.365773,0.00667964,-5.38913,-0.134227
0.32,2,0.8,0.883025,-0.0230707,-2.44461,-0.083025
0.32,3,0.2,0.201425,-0.00157109,-0.0133037,-0.00142464
0.32,4,-0.3,-0.254636,-0.0236343,-0.351096,-0.0453642
0.32,5,0.1,0.0997122,0.000546815,0.001275,0.00028781
0.33,0,1,1.00006,0.00335425,-0.0124294,-5.91666e-05
0.33,1,-0.5,-0.36587,-0.0227663,-5.29691,-0.13413
0.33,2,0.8,0.882671,-0.0450782,-2.38999,-0.0826715
0.33,3,0.2,0.201407,-0.00193863,-0.0129054,-0.00140686
0.33,4,-0.3,-0.254979,-0.042789,-0.338773,-0.0450209
0.33,5,0.1,0.0997187,0.000740575,0.00118411,0.000281256
0.34,0,1,1.00009,0.00321045,-0.0133096,-9.19576e-05
0.34,1,-0.5,-0.366247,-0.0496271,-5.20122,-0.133753
0.34,2,0.8,0.88211,-0.0648883,-2.33352,-0.0821099
0.34,3,0.2,0.201386,-0.0022517,-0.012506,-0.00138571
0.34,4,-0.3,-0.255503,-0.0600087,-0.325969,-0.0444967
0.34,5,0.1,0.0997271,0.000911956,0.00109087,0.00027289
0.35,0,1,1.00012,0.00302137,-0.0139864,-0.000123057
0.35,1,-0.5,-0.366879,-0.073814,-5.1034,-0.133121
0.35,2,0.8,0.881363,-0.0824306,-2.27602,-0.0813626
0.35,3,0.2,0.201362,-0.00250987,-0.0121113,-0.00136172
0.35,4,-0.3,-0.256189,-0.0752323,-0.312874,-0.0438112
0.35,5,0.1,0.0997371,0.00106348,0.000995567,0.000262922
0.36,0,1,1.00015,0.0027924,-0.0144589,-0.000152042
0.36,1,-0.5,-0.367737,-0.0952745,-5.00468,-0.132263
0.36,2,0.8,0.880453,-0.0976698,-2.21824,-0.0804526
0.36,3,0.2,0.201335,-0.00271353,-0.0117265,-0.00133546
0.36,4,-0.3,-0.257015,-0.0884293,-0.299663,-0.0429846
0.36,5,0.1,0.0997485,0.00119727,0.000898508,0.000251538
0.37,0,1,1.00018,0.00252923,-0.0147295,-0.000178545
0.37,1,-0.5,-0.368795,-0.11399,-4.90622,-0.131205
0.37,2,0.8,0.879403,-0.110603,-2.16088,-0.0794029
0.37,3,0.2,0.201307,-0.00286386,-0.0113562,-0.00130745
0.37,4,-0.3,-0.257963,-0.0995977,-0.286499,-0.0420373
0.37,5,0.1,0.0997611,0.00131501,0.000800021,0.000238905
0.38,0,1,1.0002,0.00223768,-0.0148032,-0.000202254
0.38,1,-0.5,-0.370025,-0.129972,-4.80907,-0.129975
0.38,2,0.8,0.878236,-0.121257,-2.10458,-0.0782364
0.38,3,0.2,0.201278,-0.00296276,-0.0110046,-0.00127823
0.38,4,-0.3,-0.259011,-0.108762,-0.273533,-0.0409892
0.38,5,0.1,0.0997748,0.00141792,0.000700506,0.000225177
0.39,0,1,1.00022,0.00192365,-0.0146877,-0.00022292
0.39,1,-0.5,-0.3714,-0.143261,-4.7142,-0.1286
0.39,2,0.8,0.876976,-0.129685,-2.0499,-0.0769757
0.39,3,0.2,0.201248,-0.00301281,-0.0106752,-0.00124829
0.39,4,-0.3,-0.26014,-0.115969,-0.260899,-0.0398604
0.39,5,0.1,0.0997895,0.00150681,0.000600444,0.000210497
0.4,0,1,1.00024,0.00159298,-0.0143929,-0.000240349
0.4,1,-0.5,-0.372894,-0.153925,-4.62247,-0.127106
0.4,2,0.8,0.875643,-0.135965,-1.99735,-0.0756425
0.4,3,0.2,0.201218,-0.00301713,-0.0103707,-0.0012181
0.4,4,-0.3,-0.26133,-0.121287,-0.248716,-0.0386699
0.4,5,0.1,0.099805,0.00158206,0.000500403,0.000195004
0.41,0,1,1.00025,0.00125142,-0.0139306,-0.000254407
0.41,1,-0.5,-0.37448,-0.162052,-4.53465,-0.12552
0.41,2,0.8,0.874258,-0.140195,-1.94735,-0.074258
0.41,3,0.2,0.201188,-0.00297935,-0.0100934,-0.0011881
0.41,4,-0.3,-0.262564,-0.124805,-0.237088,-0.0374363
0.41,5,0.1,0.0998212,0.00164377,0.000401033,0.000178833
0.42,0,1,1.00027,0.000904509,-0.0133142,-0.000265016
0.42,1,-0.5,-0.376134,-0.167752,-4.4514,-0.123866
0.42,2,0.8,0.872842,-0.142491,-1.90027,-0.0728418
0.42,3,0.2,0.201159,-0.00290346,-0.00984491,-0.0011587
0.42,4,-0.3,-0.263823,-0.126623,-0.226103,-0.0361769
0.42,5,0.1,0.0998379,0.0016918,0.000303057,0.00016212
0.43,0,1,1.00027,0.000557514,-0.0125586,-0.00027215
0.43,1,-0.5,-0.377832,-0.171153,-4.37327,-0.122168
0.43,2,0.8,0.871413,-0.142981,-1.85642,-0.0714128
0.43,3,0.2,0.20113,-0.00279376,-0.00962616,-0.00113024
0.43,4,-0.3,-0.265092,-0.126857,-0.215836,-0.0349081
0.43,5,0.1,0.099855,0.00172588,0.000207248,0.000145002
0.44,0,1,1.00028,0.000215392,-0.0116797,-0.000275838
0.44,1,-0.5,-0.379552,-0.172397,-4.30074,-0.120448
0.44,2,0.8,0.869988,-0.141808,-1.81603,-0.0699881
0.44,3,0.2,0.201103,-0.00265468,-0.00943765,-0.00110305
0.44,4,-0.3,-0.266355,-0.125632,-0.206345,-0.0336451
0.44,5,0.1,0.0998724,0.00174568,0.000114411,0.000127623
0.45,0,1,1.00028,-0.000117269,-0.0106943,-0.000276152
0.45,1,-0.5,-0.381273,-0.171638,-4.23416,-0.118727
0.45,2,0.8,0.868584,-0.13912,-1.77927,-0.0685837
0.45,3,0.2,0.201077,-0.00249078,-0.00927935,-0.00107738
0.45,4,-0.3,-0.267598,-0.123079,-0.197675,-0.0324018
0.45,5,0.1,0.0998899,0.0017509,2.53567e-05,0.000110125
0.46,0,1,1.00027,-0.000436289,-0.00961963,-0.000273212
0.46,1,-0.5,-0.382977,-0.16904,-4.17381,-0.117023
0.46,2,0.8,0.867214,-0.135071,-1.74627,-0.0672137
0.46,3,0.2,0.201053,-0.00230657,-0.00915078,-0.00105347
0.46,4,-0.3,-0.268809,-0.119336,-0.189858,-0.0311907
0.46,5,0.1,0.0999073,0.00174136,-5.91241e-05,9.26565e-05
0.47,0,1,1.00027,-0.000737922,-0.00847322,-0.000267175
0.47,1,-0.5,-0.384645,-0.164775,-4.11988,-0.115355
0.47,2,0.8,0.865891,-0.129819,-1.71709,-0.0658909
0.47,3,0.2,0.201031,-0.00210649,-0.00905107,-0.0010315
0.47,4,-0.3,-0.269977,-0.114541,-0.182912,-0.0300229
0.47,5,0.1,0.0999246,0.00171702,-0.000138284,7.53646e-05
0.48,0,1,1.00026,-0.00101888,-0.00727262,-0.000258232
0.48,1,-0.5,-0.386262,-0.159019,-4.07246,-0.113738
0.48,2,0.8,0.864627,-0.123523,-1.69175,-0.0646266
0.48,3,0.2,0.201012,-0.0018948,-0.008979,-0.00101159
0.48,4,-0.3,-0.271092,-0.108837,-0.176846,-0.0289081
0.48,5,0.1,0.0999416,0.00167809,-0.000211443,5.83966e-05
0.49,0,1,1.00025,-0.00127636,-0.00603518,-0.000246607
0.49,1,-0.5,-0.387814,-0.15195,-4.03157,-0.112186
0.49,2,0.8,0.86343,-0.116339,-1.67023,-0.0634302
0.49,3,0.2,0.200994,-0.00167553,-0.00893309,-0.000993841
0.49,4,-0.3,-0.272145,-0.102361,-0.171658,-0.0278548
0.49,5,0.1,0.0999581,0.00162496,-0.000278006,4.18965e-05
0.5,0,0.999502,1.00023,-0.00150802,-0.0246785,-0.000730063
0.5,1,-0.500149,-0.38929,-0.143747,-4.00314,-0.11086
0.5,2,0.800199,0.86231,-0.108421,-1.64648,-0.0621108
0.5,3,0.199901,0.200978,-0.00145246,-0.00990661,-0.00107781
0.5,4,-0.30005,-0.27313,-0.095251,-0.167731,-0.0269196
0.5,5,0.0999503,0.099974,0.00155832,-0.000586224,-2.37458e-05
0.51,0,0.994527,1.0002,-0.00466702,-0.213085,-0.00567715
0.51,1,-0.501642,-0.39072,-0.144009,-4.00485,-0.110922
0.51,2,0.802189,0.861351,-0.0823596,-1.61014,-0.0591621
0.51,3,0.198906,0.20094,-0.00710464,-0.0160819,-0.00203447
0.51,4,-0.300547,-0.27408,-0.0956885,-0.163897,-0.0264676
0.51,5,0.0994528,0.1,0.00368672,-0.00384251,-0.000547299
0.52,0,0.989552,1.00012,-0.0129222,-0.383803,-0.0105642
0.52,1,-0.503134,-0.392185,-0.148666,-3.99196,-0.110949
0.52,2,0.804179,0.860718,-0.0475551,-1.60107,-0.0565393
0.52,3,0.197911,0.200808,-0.0187359,-0.0177335,-0.0028975
0.52,4,-0.301045,-0.275039,-0.0953792,-0.160359,-0.026006
0.52,5,0.0989553,0.100043,0.00436334,-0.00674921,-0.00108804
0.53,0,0.984577,0.99992,-0.0257401,-0.536508,-0.0153432
0.53,1,-0.504627,-0.393694,-0.152503,-3.97979,-0.110933
0.53,2,0.806169,0.860429,-0.0141723,-1.59944,-0.0542595
0.53,3,0.196916,0.200544,-0.0328195,-0.0165962,-0.00362879
0.53,4,-0.301542,-0.275969,-0.0904776,-0.159348,-0.0255734
0.53,5,0.0984578,0.100075,0.00166276,-0.00858379,-0.00161699
0.54,0,0.979602,0.999573,-0.0425546,-0.671199,-0.0199716
0.54,1,-0.506119,-0.395233,-0.154676,-3.97144,-0.110887
0.54,2,0.808159,0.860457,0.01627,-1.60147,-0.0522976
0.54,3,0.195921,0.200135,-0.0475627,-0.0136075,-0.00421451
0.54,4,-0.30204,-0.276832,-0.0825286,-0.1604,-0.025208
0.54,5,0.0979603,0.100063,-0.00383253,-0.00936409,-0.00210277
0.55,0,0.974627,0.999039,-0.0628222,-0.788027,-0.0244123
0.55,1,-0.507612,-0.396783,-0.155183,-3.96758,-0.110828
0.55,2,0.81015,0.860773,0.0437426,-1.6062,-0.0506237
0.55,3,0.194926,0.19958,-0.0618736,-0.00942036,-0.00465445
0.55,4,-0.302537,-0.277606,-0.0732066,-0.162844,-0.0249309
0.55,5,0.0974628,0.0999859,-0.0110966,-0.00928612,-0.00252302
0.56,0,0.969652,0.998285,-0.0860259,-0.887277,-0.0286339
0.56,1,-0.509104,-0.398331,-0.154217,-3.96827,-0.110773
0.56,2,0.81214,0.861349,0.0684551,-1.61318,-0.0492091
0.56,3,0.193931,0.198888,-0.0750459,-0.00454336,-0.00495709
0.56,4,-0.303035,-0.278286,-0.0636614,-0.166161,-0.024749
0.56,5,0.0969653,0.0998307,-0.0191841,-0.00857174,-0.00286539
0.57,0,0.964676,0.997286,-0.111674,-0.96936,-0.0326095
0.57,1,-0.510597,-0.399862,-0.15202,-3.97333,-0.110735
0.57,2,0.81413,0.862157,0.0906377,-1.6221,-0.0480275
0.57,3,0.192936,0.198072,-0.0866347,0.000616519,-0.00513643
0.57,4,-0.303532,-0.278872,-0.0545874,-0.169989,-0.0246603
0.57,5,0.0964679,0.0995938,-0.0273517,-0.00742415,-0.00312593
0.58,0,0.959701,0.996019,-0.139297,-1.03481,-0.0363175
0.58,1,-0.512089,-0.401366,-0.148846,-3.98241,-0.110724
0.58,2,0.81612,0.863175,0.110505,-1.63266,-0.0470549
0.58,3,0.191941,0.197151,-0.0963913,0.00573655,-0.00520983
0.58,4,-0.30403,-0.279372,-0.0463628,-0.174082,-0.024658
0.58,5,0.0959704,0.0992773,-0.0350643,-0.00601537,-0.00330693
0.59,0,0.954726,0.994466,-0.168452,-1.08426,-0.0397404
0.59,1,-0.513582,-0.402833,-0.144944,-3.99511,-0.110749
0.59,2,0.81811,0.864379,0.12825,-1.64457,-0.0462691
0.59,3,0.190946,0.196142,-0.104218,0.0105682,-0.00519624
0.59,4,-0.304527,-0.279795,-0.0391606,-0.178278,-0.0247323
0.59,5,0.0954729,0.0988879,-0.0419687,-0.00448451,-0.00341503
0.6,0,0.949751,0.992616,-0.198717,-1.11846,-0.0428653
0.6,1,-0.515074,-0.404259,-0.140546,-4.01099,-0.110816
0.6,2,0.8201,0.86575,0.144047,-1.65759,-0.04565
0.6,3,0.189951,0.195066,-0.11013,0.0149281,-0.00511498
0.6,4,-0.305024,-0.280152,-0.0330271,-0.182469,-0.0248728
0.6,5,0.0949754,0.0984349,-0.04786,-0.00293966,-0.00345953
0.61,0,0.944776,0.990459,-0.229696,-1.13825,-0.0456834
0.61,1,-0.516567,-0.405638,-0.135862,-4.02954,-0.110928
0.61,2,0.82209,0.867269,0.158051,-1.67147,-0.0451788
0.61,3,0.188956,0.19394,-0.114228,0.0186901,-0.00498467
0.61,4,-0.305522,-0.280453,-0.0279337,-0.186584,-0.0250688
0.61,5,0.0944779,0.0979291,-0.0526482,-0.00146134,-0.00345116
0.62,0,0.939801,0.98799,-0.261016,-1.14453,-0.0481895
0.62,1,-0.518059,-0.406971,-0.131078,-4.0503,-0.111088
0.62,2,0.82408,0.868919,0.170403,-1.68596,-0.0448384
0.62,3,0.187961,0.192783,-0.116671,0.0217761,-0.00482264
0.62,4,-0.306019,-0.280709,-0.0238122,-0.190577,-0.0253104
0.62,5,0.0939804,0.0973815,-0.0563292,-0.000106345,-0.00340102
0.63,0,0.934825,0.985207,-0.292333,-1.13828,-0.0503821
0.63,1,-0.519552,-0.408255,-0.126356,-4.07278,-0.111296
0.63,2,0.82607,0.870683,0.18123,-1.70085,-0.0446131
0.63,3,0.186966,0.19161,-0.117654,0.0241483,-0.00464439
0.63,4,-0.306517,-0.280929,-0.020576,-0.194418,-0.0255882
0.63,5,0.093483,0.0968029,-0.0589597,0.00108837,-0.00331991
0.64,0,0.92985,0.982113,-0.323327,-1.12054,-0.052263
0.64,1,-0.521044,-0.409494,-0.121831,-4.09652,-0.11155
0.64,2,0.82806,0.872549,0.19065,-1.71595,-0.0444883
0.64,3,0.185971,0.190434,-0.117391,0.0258012,-0.00446333
0.64,4,-0.307014,-0.28112,-0.0181335,-0.198085,-0.025894
0.64,5,0.0929855,0.0962033,-0.0606371,0.00210195,-0.00321783
0.65,0,0.924875,0.978712,-0.353708,-1.09236,-0.0538372
0.65,1,-0.522537,-0.410689,-0.117617,-4.12107,-0.111848
0.65,2,0.83005,0.874501,0.19877,-1.73105,-0.0444504
0.65,3,0.184976,0.189267,-0.116103,0.0267547,-0.00429073
0.65,4,-0.307512,-0.281292,-0.016396,-0.201564,-0.0262203
0.65,5,0.092488,0.0955917,-0.061482,0.00292628,-0.00310367
0.66,0,0.9199,0.975012,-0.383213,-1.05485,-0.0551122
0.66,1,-0.524029,-0.411844,-0.113803,-4.14601,-0.112186
0.66,2,0.832041,0.876528,0.20569,-1.74599,-0.044487
0.66,3,0.183981,0.188117,-0.114007,0.0270479,-0.00413562
0.66,4,-0.308009,-0.281449,-0.0152813,-0.204842,-0.0265604
0.66,5,0.0919905,0.0949755,-0.0616266,0.00356293,-0.00298501
0.67,0,0.914925,0.971023,-0.411606,-1.00911,-0.0560981
0.67,1,-0.525522,-0.412963,-0.110459,-4.17098,-0.112559
0.67,2,0.834031,0.878617,0.211504,-1.76061,-0.0445866
0.67,3,0.182986,0.186991,-0.111305,0.0267334,-0.00400497
0.67,4,-0.308507,-0.281598,-0.0147152,-0.207911,-0.0269086
0.67,5,0.091493,0.0943612,-0.0612042,0.00402057,-0.00286814
0.68,0,0.90995,0.966757,-0.438681,-0.956239,-0.0568071
0.68,1,-0.527014,-0.414051,-0.107635,-4.19561,-0.112963
0.68,2,0.836021,0.88076,0.2163,-1.77476,-0.0447387
0.68,3,0.181991,0.185895,-0.108184,0.0258728,-0.00390378
0.68,4,-0.309004,-0.281745,-0.0146316,-0.210762,-0.0272597
0.68,5,0.0909955,0.0937536,-0.0603427,0.00431279,-0.00275801
0.69,0,0.904974,0.962228,-0.464262,-0.897351,-0.0572535
0.69,1,-0.528507,-0.415115,-0.105364,-4.21958,-0.113392
0.69,2,0.838011,0.882945,0.220163,-1.78833,-0.0449336
0.69,3,0.180996,0.184831,-0.104811,0.0245332,-0.00383532
0.69,4,-0.309502,-0.281892,-0.0149719,-0.213389,-0.0276094
0.69,5,0.0904981,0.0931564,-0.05916,0.00445627,-0.00265835
0.7,0,0.899999,0.957452,-0.488199,-0.83352,-0.0574529
0.7,1,-0.529999,-0.416159,-0.103666,-4.24262,-0.113841
0.7,2,0.840001,0.885163,0.223171,-1.80121,-0.0451624
0.7,3,0.180001,0.183802,-0.101328,0.0227839,-0.00380131
0.7,4,-0.309999,-0.282046,-0.0156838,-0.215786,-0.0279535
0.7,5,0.0900006,0.0925724,-0.0577609,0.00446934,-0.00257179
0.71,0,0.895024,0.952447,-0.51037,-0.765797,-0.0574227
0.71,1,-0.531492,-0.417189,-0.102544,-4.26449,-0.114303
0.71,2,0.841991,0.887408,0.225403,-1.81331,-0.0454169
0.71,3,0.179006,0.182808,-0.0978589,0.020694,-0.00380213
0.71,4,-0.310497,-0.282208,-0.0167204,-0.217949,-0.0282887
0.71,5,0.0895031,0.0920031,-0.056236,0.00437092,-0.00249998
0.72,0,0.890049,0.94723,-0.530681,-0.695192,-0.0571809
0.72,1,-0.532984,-0.418211,-0.101992,-4.28497,-0.114774
0.72,2,0.843981,0.889671,0.22693,-1.82455,-0.0456898
0.72,3,0.178011,0.181848,-0.0945028,0.0183306,-0.00383711
0.72,4,-0.310994,-0.282382,-0.0180388,-0.219876,-0.0286119
0.72,5,0.0890056,0.0914494,-0.0546613,0.00417964,-0.00244375
0.73,0,0.885074,0.94182,-0.549063,-0.622671,-0.0567465
0.73,1,-0.534477,-0.41923,-0.101992,-4.30389,-0.115247
0.73,2,0.845971,0.891946,0.227824,-1.83488,-0.0459744
0.73,3,0.177016,0.180921,-0.09134,0.0157576,-0.00390464
0.73,4,-0.311492,-0.282571,-0.0195994,-0.221565,-0.0289206
0.73,5,0.0885081,0.0909114,-0.0530984,0.00391328,-0.00240325
0.74,0,0.880099,0.936238,-0.565473,-0.549147,-0.0561391
0.74,1,-0.535969,-0.420252,-0.102518,-4.32111,-0.115717
0.74,2,0.847961,0.894226,0.228151,-1.84424,-0.0462647
0.74,3,0.176021,0.180024,-0.088432,0.0130348,-0.00400244
0.74,4,-0.311989,-0.282777,-0.0213651,-0.223018,-0.0292125
0.74,5,0.0880106,0.0903887,-0.0515958,0.00358835,-0.00237808
0.75,0,0.875123,0.930502,-0.57989,-0.475474,-0.0553786
0.75,1,-0.537462,-0.421283,-0.103538,-4.33654,-0.116179
0.75,2,0.849951,0.896507,0.227976,-1.85262,-0.0465556
0.75,3,0.175026,0.179154,-0.0858237,0.0102172,-0.0041277
0.75,4,-0.312487,-0.283001,-0.0233009,-0.224236,-0.0294858
0.75,5,0.0875132,0.0898806,-0.0501902,0.00321992,-0.00236743
0.76,0,0.870148,0.924633,-0.592318,-0.402441,-0.0544849
0.76,1,-0.538954,-0.422326,-0.105013,-4.35008,-0.116628
0.76,2,0.851942,0.898784,0.227361,-1.85999,-0.0468422
0.76,3,0.174031,0.178308,-0.0835455,0.00735477,-0.00427725
0.76,4,-0.312984,-0.283245,-0.0253731,-0.225225,-0.029739
0.76,5,0.0870157,0.0893858,-0.0489077,0.00282144,-0.00237017
0.77,0,0.865173,0.918651,-0.602779,-0.330773,-0.0534777
0.77,1,-0.540447,-0.423386,-0.1069,-4.36172,-0.11706
0.77,2,0.853932,0.901052,0.226365,-1.86635,-0.0471205
0.77,3,0.173036,0.177484,-0.081615,0.00449223,-0.00444768
0.77,4,-0.313482,-0.283511,-0.0275496,-0.225992,-0.0299708
0.77,5,0.0865182,0.0889032,-0.0477654,0.00240472,-0.00238498
0.78,0,0.860198,0.912575,-0.611314,-0.261124,-0.0523766
0.78,1,-0.541939,-0.424467,-0.109153,-4.37141,-0.117472
0.78,2,0.855922,0.903309,0.225045,-1.8717,-0.0473871
0.78,3,0.172041,0.176677,-0.0800398,0.00166924,-0.00463546
0.78,4,-0.313979,-0.283799,-0.0297998,-0.226544,-0.0301805
0.78,5,0.0860207,0.0884311,-0.0467733,0.00198003,-0.00241039
0.79,0,0.855223,0.906423,-0.617981,-0.194075,-0.0512004
0.79,1,-0.543432,-0.425573,-0.111722,-4.37919,-0.117859
0.79,2,0.857912,0.905551,0.223452,-1.87607,-0.0476389
0.79,3,0.171046,0.175883,-0.0788181,-0.0010796,-0.00483705
0.79,4,-0.314477,-0.284109,-0.0320942,-0.226892,-0.0303674
0.79,5,0.0855232,0.0879681,-0.0459351,0.00155613,-0.00244488
0.8,0,0.850248,0.900215,-0.622855,-0.130136,-0.0499675
0.8,1,-0.544924,-0.426705,-0.114559,-4.38507,-0.118219
0.8,2,0.859902,0.907775,0.221638,-1.87948,-0.0478735
0.8,3,0.170051,0.1751,-0.0779415,-0.00372451,-0.00504894
0.8,4,-0.314974,-0.284443,-0.0344049,-0.227047,-0.0305312
0.8,5,0.0850257,0.0875127,-0.0452497,0.00114037,-0.00248691
0.81,0,0.845272,0.893968,-0.626023,-0.0697457,-0.0486954
0.81,1,-0.546417,-0.427868,-0.117613,-4.38912,-0.118549
0.81,2,0.861892,0.909981,0.219649,-1.88197,-0.0480889
0.81,3,0.169056,0.174324,-0.0773957,-0.00624028,-0.00526777
0.81,4,-0.315471,-0.2848,-0.0367056,-0.227023,-0.0306719
0.81,5,0.0845283,0.0870632,-0.0447124,0.000738872,-0.00253497
0.82,0,0.840297,0.887698,-0.627583,-0.0132694,-0.0474004
0.82,1,-0.547909,-0.429061,-0.120834,-4.39141,-0.118848
0.82,2,0.863882,0.912166,0.21753,-1.88357,-0.0482837
0.82,3,0.168061,0.173552,-0.077162,-0.008606,-0.00549032
0.82,4,-0.315969,-0.285179,-0.0389719,-0.226833,-0.0307899
0.82,5,0.0840308,0.0866184,-0.0443157,0.00035659,-0.00258762
0.83,0,0.835322,0.88142,-0.627642,0.038997,-0.0460983
0.83,1,-0.549402,-0.430288,-0.124174,-4.39203,-0.119114
0.83,2,0.865872,0.914329,0.21532,-1.88435,-0.0484569
0.83,3,0.167066,0.17278,-0.0772186,-0.0108048,-0.0057136
0.83,4,-0.316466,-0.285581,-0.0411812,-0.226493,-0.0308854
0.83,5,0.0835333,0.0861768,-0.0440501,-2.53046e-06,-0.00264351
0.84,0,0.830347,0.87515,-0.626318,0.0868256,-0.0448032
0.84,1,-0.550894,-0.431548,-0.127586,-4.39107,-0.119346
0.84,2,0.867862,0.91647,0.213059,-1.88435,-0.0486075
0.84,3,0.166071,0.172006,-0.077541,-0.0128236,-0.00593482
0.84,4,-0.316964,-0.286005,-0.0433131,-0.226018,-0.0309593
0.84,5,0.0830358,0.0857372,-0.043905,-0.000335451,-0.00270139
0.85,0,0.825372,0.8689,-0.62373,0.130054,-0.0435284
0.85,1,-0.552387,-0.432843,-0.131027,-4.38865,-0.119543
0.85,2,0.869852,0.918588,0.210781,-1.88363,-0.0487355
0.85,3,0.165076,0.171228,-0.0781035,-0.0146527,-0.00615148
0.85,4,-0.317461,-0.286449,-0.0453493,-0.225424,-0.0310123
0.85,5,0.0825383,0.0852984,-0.0438687,-0.000639929,-0.00276011
0.86,0,0.820397,0.862683,-0.620005,0.16858,-0.0422859
0.86,1,-0.553879,-0.434172,-0.134455,-4.3849,-0.119707
0.86,2,0.871843,0.920683,0.208516,-1.88225,-0.0488407
0.86,3,0.164081,0.170443,-0.0788794,-0.0162856,-0.00636132
0.86,4,-0.317959,-0.286913,-0.0472739,-0.224728,-0.0310456
0.86,5,0.0820408,0.0848595,-0.0439293,-0.000914427,-0.00281865
0.87,0,0.815421,0.856508,-0.615271,0.202362,-0.0410862
0.87,1,-0.555372,-0.435536,-0.137833,-4.37995,-0.119836
0.87,2,0.873833,0.922756,0.206293,-1.88029,-0.0489235
0.87,3,0.163086,0.169649,-0.0798413,-0.0177187,-0.00656235
0.87,4,-0.318456,-0.287396,-0.0490734,-0.223946,-0.0310604
0.87,5,0.0815434,0.0844195,-0.0440749,-0.00115802,-0.0028761
0.88,0,0.810446,0.850385,-0.609656,0.231412,-0.0399389
0.88,1,-0.556864,-0.436932,-0.141124,-4.37391,-0.119932
0.88,2,0.875823,0.924807,0.204137,-1.87781,-0.0489844
0.88,3,0.162091,0.168844,-0.0809624,-0.0189512,-0.00675287
0.88,4,-0.318954,-0.287896,-0.0507366,-0.223094,-0.0310578
0.88,5,0.0810459,0.0839776,-0.0442937,-0.00137033,-0.00293169
0.89,0,0.805471,0.844323,-0.60329,0.255791,-0.038852
0.89,1,-0.558357,-0.438361,-0.144298,-4.36693,-0.119996
0.89,2,0.877813,0.926837,0.202069,-1.87487,-0.0490243
0.89,3,0.161096,0.168028,-0.0822161,-0.0199846,-0.00693142
0.89,4,-0.319451,-0.288412,-0.0522548,-0.222188,-0.0310395
0.89,5,0.0805484,0.0835331,-0.0445742,-0.00155143,-0.00298474
0.9,0,0.800496,0.838328,-0.596298,0.275606,-0.0378322
0.9,1,-0.559849,-0.439821,-0.147329,-4.35915,-0.120028
0.9,2,0.879803,0.928847,0.200109,-1.87154,-0.049044
0.9,3,0.160101,0.167198,-0.0835764,-0.0208225,-0.00709683
0.9,4,-0.319949,-0.288942,-0.0536215,-0.221243,-0.0310068
0.9,5,0.0800509,0.0830856,-0.0449055,-0.00170183,-0.00303469
0.91,0,0.795521,0.832406,-0.588804,0.291004,-0.0368852
0.91,1,-0.561342,-0.44131,-0.150191,-4.3507,-0.120032
0.91,2,0.881793,0.930838,0.198272,-1.86789,-0.0490448
0.91,3,0.159107,0.166355,-0.0850185,-0.0214706,-0.00724817
0.91,4,-0.320446,-0.289485,-0.0548325,-0.220274,-0.0309612
0.91,5,0.0795534,0.0826345,-0.0452772,-0.00182237,-0.00308111
0.92,0,0.790546,0.826561,-0.580928,0.302168,-0.0360154
0.92,1,-0.562834,-0.442827,-0.152867,-4.3417,-0.120007
0.92,2,0.883783,0.932811,0.196571,-1.86398,-0.0490279
0.92,3,0.158112,0.165496,-0.0865189,-0.0219361,-0.00738474
0.92,4,-0.320944,-0.290039,-0.0558859,-0.219293,-0.0309045
0.92,5,0.0790559,0.0821796,-0.0456798,-0.0019142,-0.00312363
0.93,0,0.78557,0.820796,-0.572783,0.309313,-0.0352259
0.93,1,-0.564327,-0.444369,-0.15534,-4.33228,-0.119958
0.93,2,0.885773,0.934768,0.195016,-1.85988,-0.0489948
0.93,3,0.157117,0.164623,-0.0880553,-0.0222278,-0.0075061
0.93,4,-0.321441,-0.290603,-0.0567816,-0.218313,-0.030838
0.93,5,0.0785585,0.0817204,-0.0461041,-0.00197872,-0.00316199
0.94,0,0.780595,0.815114,-0.564478,0.312681,-0.0345188
0.94,1,-0.565819,-0.445935,-0.157597,-4.32257,-0.119884
0.94,2,0.887763,0.93671,0.193614,-1.85564,-0.0489471
0.94,3,0.156122,0.163734,-0.0896068,-0.0223558,-0.00761199
0.94,4,-0.321939,-0.291175,-0.0575214,-0.217347,-0.0307635
0.94,5,0.078061,0.081257,-0.0465421,-0.00201756,-0.00319603
0.95,0,0.77562,0.809515,-0.556114,0.312533,-0.0338952
0.95,1,-0.567312,-0.447522,-0.15963,-4.31268,-0.119789
0.95,2,0.889753,0.93864,0.192371,-1.85133,-0.0488861
0.95,3,0.155127,0.162829,-0.0911545,-0.0223311,-0.00770238
0.95,4,-0.322436,-0.291754,-0.0581089,-0.216405,-0.0306824
0.95,5,0.0775635,0.0807891,-0.046986,-0.00203249,-0.00322566
0.96,0,0.770645,0.804,-0.547785,0.309149,-0.0333551
0.96,1,-0.568804,-0.449129,-0.161435,-4.30271,-0.119675
0.96,2,0.891744,0.940557,0.19129,-1.84699,-0.0488137
0.96,3,0.154132,0.161909,-0.0926807,-0.0221655,-0.00777739
0.96,4,-0.322934,-0.292337,-0.0585491,-0.215495,-0.0305962
0.96,5,0.077066,0.0803168,-0.0474293,-0.00202542,-0.00325084
0.97,0,0.76567,0.798568,-0.539577,0.302822,-0.0328977
0.97,1,-0.570297,-0.450752,-0.163007,-4.29276,-0.119545
0.97,2,0.893734,0.942465,0.19037,-1.84268,-0.0487313
0.97,3,0.153137,0.160974,-0.0941696,-0.0218715,-0.00783733
0.97,4,-0.323431,-0.292925,-0.0588483,-0.214627,-0.0305065
0.97,5,0.0765685,0.0798401,-0.0478658,-0.00199838,-0.00327162
0.98,0,0.760695,0.793216,-0.531569,0.293853,-0.0325213
0.98,1,-0.571789,-0.45239,-0.16435,-4.28293,-0.119399
0.98,2,0.895724,0.944364,0.189611,-1.83844,-0.0486406
0.98,3,0.152142,0.160024,-0.0956074,-0.0214621,-0.00788266
0.98,4,-0.323929,-0.293514,-0.0590143,-0.213808,-0.0304144
0.98,5,0.076071,0.0793591,-0.0482903,-0.00195341,-0.0032881
0.99,0,0.75572,0.787943,-0.523831,0.282549,-0.0322236
0.99,1,-0.573282,-0.454039,-0.165464,-4.27329,-0.119242
0.99,2,0.897714,0.946257,0.189008,-1.83431,-0.0485431
0.99,3,0.151147,0.159061,-0.0969817,-0.0209504,-0.00791394
0.99,4,-0.324426,-0.294105,-0.0590553,-0.213044,-0.0303214
0.99,5,0.0755736,0.078874,-0.0486983,-0.00189263,-0.00330042
1,0,0.750744,0.782746,-0.516425,0.269216,-0.0320015
1,1,-0.574774,-0.455699,-0.166357,-4.26392,-0.119075
1,2,0.899704,0.948144,0.188558,-1.83033,-0.0484405
1,3,0.150152,0.158084,-0.0982821,-0.0203496,-0.00793188
1,4,-0.324923,-0.294695,-0.0589808,-0.212339,-0.0302287
1,5,0.0750761,0.0783848,-0.0490858,-0.00181813,-0.00330877
1.01,0,0.745769,0.777621,-0.509405,0.25416,-0.0318514
1.01,1,-0.576267,-0.457367,-0.167037,-4.25488,-0.1189
1.01,2,0.901694,0.950028,0.188253,-1.82653,-0.0483342
1.01,3,0.149157,0.157094,-0.0994996,-0.0196729,-0.00793727
1.01,4,-0.325421,-0.295284,-0.0588007,-0.211698,-0.0301372
1.01,5,0.0745786,0.077892,-0.0494497,-0.00173197,-0.00331338
1.02,0,0.740794,0.772563,-0.502814,0.237679,-0.0317691
1.02,1,-0.577759,-0.45904,-0.167513,-4.24623,-0.118719
1.02,2,0.903684,0.95191,0.188086,-1.82294,-0.0482256
1.02,3,0.148162,0.156093,-0.100627,-0.0189333,-0.00793097
1.02,4,-0.325918,-0.29587,-0.0585253,-0.211123,-0.0300482
1.02,5,0.0740811,0.0773956,-0.0497875,-0.00163618,-0.00331448
1.03,0,0.735819,0.767569,-0.496691,0.220064,-0.0317502
1.03,1,-0.579252,-0.460717,-0.167796,-4.23801,-0.118535
1.03,2,0.905674,0.95379,0.188048,-1.81958,-0.048116
1.03,3,0.147167,0.155081,-0.10166,-0.0181433,-0.00791391
1.03,4,-0.326416,-0.296454,-0.0581652,-0.210616,-0.0299623
1.03,5,0.0735836,0.076896,-0.0500971,-0.00153271,-0.00331237
1.04,0,0.730844,0.762634,-0.491063,0.201597,-0.0317898
1.04,1,-0.580744,-0.462395,-0.167899,-4.23025,-0.118349
1.04,2,0.907664,0.955671,0.188129,-1.81646,-0.0480068
1.04,3,0.146172,0.154059,-0.102593,-0.0173152,-0.00788708
1.04,4,-0.326913,-0.297033,-0.0577312,-0.210178,-0.0298804
1.04,5,0.0730861,0.0763934,-0.0503772,-0.00142341,-0.00330731
1.05,0,0.725869,0.757751,-0.485953,0.182544,-0.0318829
1.05,1,-0.582237,-0.464074,-0.167837,-4.22299,-0.118162
1.05,2,0.909654,0.957553,0.18832,-1.81361,-0.0478989
1.05,3,0.145177,0.153028,-0.103424,-0.0164604,-0.00785147
1.05,4,-0.327411,-0.297608,-0.0572341,-0.209809,-0.0298033
1.05,5,0.0725887,0.0758883,-0.0506269,-0.00131005,-0.00329963
1.06,0,0.720893,0.752918,-0.481375,0.163159,-0.0320241
1.06,1,-0.583729,-0.465751,-0.167623,-4.21624,-0.117978
1.06,2,0.911645,0.959438,0.188609,-1.81102,-0.0477935
1.06,3,0.144182,0.15199,-0.104152,-0.01559,-0.00780812
1.06,4,-0.327908,-0.298177,-0.0566844,-0.209509,-0.0297314
1.06,5,0.0720912,0.0753808,-0.050846,-0.00119427,-0.00328961
1.07,0,0.715918,0.748126,-0.477336,0.143678,-0.0322082
1.07,1,-0.585222,-0.467426,-0.167273,-4.21001,-0.117796
1.07,2,0.913635,0.961326,0.188985,-1.80872,-0.0476915
1.07,3,0.143187,0.150945,-0.104777,-0.0147142,-0.00775805
1.07,4,-0.328406,-0.298741,-0.0560927,-0.209276,-0.0296653
1.07,5,0.0715937,0.0748713,-0.0510343,-0.00107759,-0.00327757
1.08,0,0.710943,0.743373,-0.473836,0.124319,-0.0324297
1.08,1,-0.586714,-0.469096,-0.166801,-4.20431,-0.117618
1.08,2,0.915625,0.963218,0.189437,-1.80668,-0.0475937
1.08,3,0.142192,0.149894,-0.105301,-0.0138424,-0.00770229
1.08,4,-0.328903,-0.299298,-0.055469,-0.209107,-0.0296052
1.08,5,0.0710962,0.07436,-0.0511924,-0.000961395,-0.00326382
1.09,0,0.705968,0.738651,-0.470871,0.105283,-0.0326833
1.09,1,-0.588207,-0.470761,-0.166225,-4.19915,-0.117446
1.09,2,0.917615,0.965116,0.189952,-1.80493,-0.0475008
1.09,3,0.141197,0.148839,-0.105725,-0.0129833,-0.00764184
1.09,4,-0.329401,-0.299849,-0.0548229,-0.209001,-0.0295516
1.09,5,0.0705987,0.0738474,-0.051321,-0.000846956,-0.00324865
1.1,0,0.700993,0.733956,-0.468431,0.0867506,-0.0329636
1.1,1,-0.589699,-0.47242,-0.16556,-4.1945,-0.117279
1.1,2,0.919605,0.967018,0.190521,-1.80344,-0.0474133
1.1,3,0.140202,0.14778,-0.106053,-0.0121447,-0.00757768
1.1,4,-0.329898,-0.300394,-0.0541635,-0.208954,-0.0295044
1.1,5,0.0701012,0.0733336,-0.0514212,-0.000735391,-0.00323235
1.11,0,0.696018,0.729283,-0.4665,0.068883,-0.0332654
1.11,1,-0.591192,-0.474071,-0.16482,-4.19035,-0.11712
1.11,2,0.921595,0.968927,0.191131,-1.80221,-0.0473317
1.11,3,0.139207,0.146718,-0.10629,-0.0113336,-0.00751075
1.11,4,-0.330396,-0.300932,-0.0534994,-0.208962,-0.0294639
1.11,5,0.0696038,0.0728189,-0.0514943,-0.00062769,-0.0032152
1.12,0,0.691042,0.724626,-0.46506,0.0518214,-0.0335839
1.12,1,-0.592684,-0.475715,-0.164021,-4.18669,-0.116969
1.12,2,0.923585,0.970842,0.191772,-1.80124,-0.0472564
1.12,3,0.138212,0.145654,-0.106439,-0.0105561,-0.00744194
1.12,4,-0.330893,-0.301463,-0.0528386,-0.209021,-0.02943
1.12,5,0.0691063,0.0723037,-0.0515419,-0.00052471,-0.00319746
1.13,0,0.686067,0.719981,-0.464085,0.0356869,-0.0339142
1.13,1,-0.594177,-0.477351,-0.163178,-4.1835,-0.116826
1.13,2,0.925575,0.972763,0.192434,-1.8005,-0.0471877
1.13,3,0.137217,0.144589,-0.106506,-0.00981752,-0.00737209
1.13,4,-0.331391,-0.301988,-0.0521884,-0.209127,-0.0294027
1.13,5,0.0686088,0.0717882,-0.0515656,-0.000427181,-0.00317937
1.14,0,0.681092,0.715344,-0.463551,0.0205813,-0.0342518
1.14,1,-0.595669,-0.478978,-0.162304,-4.18074,-0.116691
1.14,2,0.927565,0.974691,0.193108,-1.79998,-0.0471256
1.14,3,0.136222,0.143524,-0.106496,-0.00912216,-0.007302
1.14,4,-0.331888,-0.302506,-0.0515554,-0.209277,-0.0293818
1.14,5,0.0681113,0.0712725,-0.0515672,-0.000335707,-0.00316117
1.15,0,0.676117,0.710709,-0.463429,0.00658692,-0.0345925
1.15,1,-0.597162,-0.480596,-0.161413,-4.17839,-0.116566
1.15,2,0.929555,0.976626,0.193783,-1.79968,-0.0470703
1.15,3,0.135227,0.14246,-0.106417,-0.00847367,-0.00723239
1.15,4,-0.332386,-0.303019,-0.0509456,-0.209464,-0.0293671
1.15,5,0.0676138,0.0707569,-0.0515486,-0.000250773,-0.00314307
1.16,0,0.671142,0.706074,-0.463686,-0.00623252,-0.0349322
1.16,1,-0.598654,-0.482205,-0.160516,-4.17641,-0.116449
1.16,2,0.931546,0.978567,0.194451,-1.79955,-0.0470217
1.16,3,0.134232,0.141396,-0.106274,-0.00787486,-0.00716393
1.16,4,-0.332883,-0.303525,-0.0503641,-0.209685,-0.0293583
1.16,5,0.0671163,0.0702416,-0.0515118,-0.000172756,-0.00312526
1.17,0,0.666167,0.701434,-0.46429,-0.017831,-0.0352675
1.17,1,-0.600147,-0.483805,-0.159624,-4.17478,-0.116341
1.17,2,0.933536,0.980515,0.195106,-1.7996,-0.0469798
1.17,3,0.133237,0.140334,-0.106074,-0.00732778,-0.00709722
1.17,4,-0.333381,-0.304025,-0.0498154,-0.209934,-0.0293552
1.17,5,0.0666188,0.0697268,-0.0514586,-0.000101923,-0.0031079
1.18,0,0.661191,0.696786,-0.465206,-0.0281796,-0.035595
1.18,1,-0.601639,-0.485397,-0.158749,-4.17344,-0.116242
1.18,2,0.935526,0.98247,0.19574,-1.79981,-0.0469442
1.18,3,0.132242,0.139275,-0.105824,-0.00683377,-0.0070328
1.18,4,-0.333878,-0.304521,-0.0493033,-0.210207,-0.0293574
1.18,5,0.0661214,0.0692125,-0.0513912,-3.84447e-05,-0.00309116
1.19,0,0.656216,0.692128,-0.466401,-0.0372652,-0.0359117
1.19,1,-0.603132,-0.486979,-0.1579,-4.17238,-0.116152
1.19,2,0.937516,0.984431,0.196346,-1.80014,-0.0469149
1.19,3,0.131247,0.138218,-0.105529,-0.0063935,-0.00697112
1.19,4,-0.334376,-0.305011,-0.0488309,-0.2105,-0.0293645
1.19,5,0.0656239,0.068699,-0.0513113,1.75978e-05,-0.00307516
1.2,0,0.651241,0.687456,-0.467839,-0.0450896,-0.0362151
1.2,1,-0.604624,-0.488554,-0.157084,-4.17155,-0.11607
1.2,2,0.939506,0.986397,0.196921,-1.80058,-0.0468914
1.2,3,0.130252,0.137165,-0.105198,-0.00600699,-0.00691259
1.2,4,-0.334873,-0.305497,-0.0484005,-0.210808,-0.029376
1.2,5,0.0651264,0.0681864,-0.051221,6.62079e-05,-0.00306002
1.21,0,0.646266,0.682769,-0.469484,-0.051668,-0.036503
1.21,1,-0.606116,-0.490121,-0.156309,-4.17091,-0.115996
1.21,2,0.941496,0.98837,0.197458,-1.80112,-0.0468735
1.21,3,0.129257,0.136115,-0.104836,-0.00567371,-0.00685755
1.21,4,-0.33537,-0.305979,-0.048014,-0.211126,-0.0293917
1.21,5,0.0646289,0.0676747,-0.0511221,0.000107465,-0.00304583
1.22,0,0.641291,0.678064,-0.471303,-0.0570283,-0.0367735
1.22,1,-0.607609,-0.49168,-0.155581,-4.17043,-0.115929
1.22,2,0.943486,0.990347,0.197956,-1.80174,-0.0468608
1.22,3,0.128262,0.135069,-0.10445,-0.0053926,-0.00680627
1.22,4,-0.335868,-0.306457,-0.0476723,-0.211451,-0.0294109
1.22,5,0.0641314,0.0671641,-0.0510162,0.000141515,-0.00303267
1.23,0,0.636316,0.673341,-0.473263,-0.0612093,-0.0370249
1.23,1,-0.609101,-0.493232,-0.154906,-4.17008,-0.11587
1.23,2,0.945476,0.992329,0.19841,-1.8024,-0.0468528
1.23,3,0.127267,0.134026,-0.104046,-0.00516212,-0.00675896
1.23,4,-0.336365,-0.306932,-0.0473762,-0.211779,-0.0294333
1.23,5,0.0636339,0.0666545,-0.0509052,0.000168569,-0.0030206
1.24,0,0.63134,0.668597,-0.475329,-0.0642597,-0.0372562
1.24,1,-0.610594,-0.494777,-0.154286,-4.16981,-0.115817
1.24,2,0.947466,0.994315,0.19882,-1.80311,-0.0468491
1.24,3,0.126272,0.132988,-0.103629,-0.00498031,-0.00671576
1.24,4,-0.336863,-0.307404,-0.0471254,-0.212105,-0.0294585
1.24,5,0.0631365,0.0661461,-0.0507906,0.000188888,-0.00300966
1.25,0,0.626365,0.663832,-0.477472,-0.0662367,-0.0374663
1.25,1,-0.612086,-0.496317,-0.153725,-4.16961,-0.11577
1.25,2,0.949456,0.996306,0.199182,-1.80384,-0.0468492
1.25,3,0.125277,0.131954,-0.103205,-0.00484485,-0.00667678
1.25,4,-0.33736,-0.307875,-0.0469195,-0.212427,-0.0294859
1.25,5,0.062639,0.0656389,-0.0506739,0.000202784,-0.00299988
1.26,0,0.62139,0.659045,-0.479662,-0.0672046,-0.0376547
1.26,1,-0.613579,-0.497851,-0.153226,-4.16942,-0.115728
1.26,2,0.951447,0.998299,0.199498,-1.80458,-0.0468527
1.26,3,0.124282,0.130924,-0.102779,-0.0047531,-0.00664204
1.26,4,-0.337858,-0.308343,-0.0467575,-0.212742,-0.0295151
1.26,5,0.0621415,0.0651328,-0.0505565,0.000210608,-0.00299127
1.27,0,0.616415,0.654236,-0.481871,-0.0672338,-0.0378211
1.27,1,-0.615071,-0.499381,-0.152789,-4.16924,-0.11569
1.27,2,0.953437,1.0003,0.199766,-1.80531,-0.0468591
1.27,3,0.123287,0.129899,-0.102356,-0.00470215,-0.00661156
1.27,4,-0.338355,-0.30881,-0.0466379,-0.213046,-0.0295456
1.27,5,0.061644,0.0646278,-0.0504396,0.000212745,-0.00298383
1.28,0,0.61144,0.649405,-0.484073,-0.0663992,-0.0379655
1.28,1,-0.616564,-0.500907,-0.152415,-4.16903,-0.115657
1.28,2,0.955427,1.00229,0.199988,-1.80601,-0.0468679
1.28,3,0.122292,0.128878,-0.10194,-0.00468889,-0.00658528
1.28,4,-0.338853,-0.309276,-0.046559,-0.213338,-0.0295772
1.28,5,0.0611465,0.0641241,-0.0503246,0.000209611,-0.00297755
1.29,0,0.606465,0.644553,-0.486246,-0.0647795,-0.0380879
1.29,1,-0.618056,-0.502429,-0.152104,-4.16877,-0.115627
1.29,2,0.957417,1.0043,0.200163,-1.80669,-0.0468787
1.29,3,0.121297,0.127861,-0.101535,-0.00471004,-0.00656309
1.29,4,-0.33935,-0.309741,-0.0465185,-0.213616,-0.0296093
1.29,5,0.060649,0.0636215,-0.0502123,0.00020164,-0.00297241
1.3,0,0.601489,0.639678,-0.488367,-0.0624554,-0.0381889
1.3,1,-0.619549,-0.503949,-0.151854,-4.16844,-0.1156
1.3,2,0.959407,1.0063,0.200295,-1.80732,-0.046891
1.3,3,0.120302,0.126847,-0.101144,-0.00476219,-0.00654488
1.3,4,-0.339848,-0.310206,-0.0465141,-0.213877,-0.0296417
1.3,5,0.0601516,0.0631199,-0.0501038,0.000189288,-0.00296837
1.31,0,0.596514,0.634783,-0.490418,-0.0595091,-0.0382691
1.31,1,-0.621041,-0.505466,-0.151663,-4.16801,-0.115575
1.31,2,0.961397,1.0083,0.200385,-1.8079,-0.0469044
1.31,3,0.119308,0.125838,-0.100771,-0.00484188,-0.00653048
1.31,4,-0.340345,-0.310671,-0.0465431,-0.21412,-0.0296739
1.31,5,0.0596541,0.0626195,-0.0499999,0.000173019,-0.00296539
1.32,0,0.591539,0.629868,-0.492381,-0.056023,-0.0383292
1.32,1,-0.622534,-0.506982,-0.151529,-4.16748,-0.115552
1.32,2,0.963387,1.01031,0.200435,-1.80842,-0.0469184
1.32,3,0.118313,0.124832,-0.100419,-0.00494559,-0.00651969
1.32,4,-0.340843,-0.311137,-0.0466026,-0.214344,-0.0297056
1.32,5,0.0591566,0.06212,-0.0499014,0.000153303,-0.00296342
1.33,0,0.586564,0.624934,-0.494243,-0.0520789,-0.0383702
1.33,1,-0.624026,-0.508497,-0.15145,-4.16682,-0.115529
1.33,2,0.965377,1.01231,0.200448,-1.80888,-0.0469328
1.33,3,0.117318,0.12383,-0.100089,-0.00506983,-0.00651231
1.33,4,-0.34134,-0.311604,-0.0466898,-0.214548,-0.0297366
1.33,5,0.0586591,0.0616215,-0.0498088,0.000130613,-0.00296241
1.34,0,0.581589,0.619982,-0.49599,-0.0477571,-0.0383932
1.34,1,-0.625519,-0.510011,-0.151422,-4.16604,-0.115508
1.34,2,0.967367,1.01431,0.200427,-1.80927,-0.0469471
1.34,3,0.116323,0.122831,-0.0997832,-0.00521114,-0.0065081
1.34,4,-0.341838,-0.312071,-0.0468016,-0.214732,-0.0297666
1.34,5,0.0581616,0.0611239,-0.0497227,0.000105418,-0.00296228
1.35,0,0.576614,0.615013,-0.497614,-0.0431356,-0.0383994
1.35,1,-0.627011,-0.511526,-0.151441,-4.16511,-0.115486
1.35,2,0.969357,1.01632,0.200374,-1.80958,-0.046961
1.35,3,0.115328,0.121834,-0.0995032,-0.00536615,-0.00650681
1.35,4,-0.342335,-0.31254,-0.0469347,-0.214895,-0.0297953
1.35,5,0.0576641,0.0606271,-0.0496436,7.81773e-05,-0.00296298
1.36,0,0.571638,0.610029,-0.499105,-0.0382893,-0.0383901
1.36,1,-0.628504,-0.51304,-0.151503,-4.16403,-0.115464
1.36,2,0.971348,1.01832,0.200294,-1.80981,-0.0469742
1.36,3,0.114333,0.120841,-0.0992501,-0.00553157,-0.00650817
1.36,4,-0.342833,-0.31301,-0.0470862,-0.215038,-0.0298227
1.36,5,0.0571667,0.0601311,-0.0495716,4.93412e-05,-0.00296443
1.37,0,0.566663,0.60503,-0.500459,-0.0332898,-0.0383667
1.37,1,-0.629996,-0.514556,-0.151605,-4.1628,-0.11544
1.37,2,0.973338,1.02032,0.200189,-1.80997,-0.0469865
1.37,3,0.113338,0.11985,-0.0990246,-0.00570428,-0.0065119
1.37,4,-0.34333,-0.313482,-0.0472528,-0.215161,-0.0298484
1.37,5,0.0566692,0.0596357,-0.0495071,1.93428e-05,-0.00296656
1.38,0,0.561688,0.600019,-0.501671,-0.0282046,-0.0383305
1.38,1,-0.631489,-0.516073,-0.151742,-4.16142,-0.115416
1.38,2,0.975328,1.02233,0.200062,-1.81005,-0.0469976
1.38,3,0.112343,0.11886,-0.0988269,-0.00588128,-0.00651774
1.38,4,-0.343828,-0.313955,-0.0474316,-0.215263,-0.0298723
1.38,5,0.0561717,0.059141,-0.0494501,-1.14036e-05,-0.00296929
1.39,0,0.556713,0.594996,-0.50274,-0.0230966,-0.0382829
1.39,1,-0.632981,-0.517591,-0.15191,-4.15988,-0.11539
1.39,2,0.977318,1.02433,0.199917,-1.81006,-0.0470074
1.39,3,0.111348,0.117873,-0.0986571,-0.00605978,-0.00652541
1.39,4,-0.344325,-0.314431,-0.0476195,-0.215346,-0.0298945
1.39,5,0.0556742,0.0586468,-0.0494008,-4.25056e-05,-0.00297255
1.4,0,0.551738,0.589963,-0.503665,-0.0180239,-0.0382255
1.4,1,-0.634474,-0.519111,-0.152105,-4.15819,-0.115363
1.4,2,0.979308,1.02632,0.199758,-1.80998,-0.0470156
1.4,3,0.110353,0.116887,-0.098515,-0.00623716,-0.00653461
1.4,4,-0.344822,-0.314908,-0.0478138,-0.215411,-0.0299147
1.4,5,0.0551767,0.058153,-0.049359,-7.35954e-05,-0.00297626
1.41,0,0.546763,0.584922,-0.504448,-0.0130397,-0.0381596
1.41,1,-0.635966,-0.520633,-0.152321,-4.15636,-0.115333
1.41,2,0.981298,1.02832,0.199586,-1.80984,-0.0470221
1.41,3,0.109358,0.115903,-0.0983999,-0.00641104,-0.00654509
1.41,4,-0.34532,-0.315387,-0.0480117,-0.215458,-0.0299329
1.41,5,0.0546792,0.0576596,-0.0493247,-0.000104332,-0.00298035
1.42,0,0.541788,0.579874,-0.505091,-0.0081918,-0.0380866
1.42,1,-0.637459,-0.522158,-0.152555,-4.15437,-0.115301
1.42,2,0.983288,1.03031,0.199406,-1.80962,-0.0470269
1.42,3,0.108363,0.114919,-0.098311,-0.00657921,-0.00655658
1.42,4,-0.345817,-0.315868,-0.0482106,-0.215488,-0.0299492
1.42,5,0.0541818,0.0571665,-0.0492977,-0.000134403,-0.00298474
1.43,0,0.536812,0.57482,-0.505599,-0.00352257,-0.038008
1.43,1,-0.638951,-0.523685,-0.152803,-4.15225,-0.115267
1.43,2,0.985278,1.03231,0.199221,-1.80934,-0.0470298
1.43,3,0.107368,0.113937,-0.0982474,-0.00673973,-0.00656882
1.43,4,-0.346315,-0.316351,-0.0484083,-0.215504,-0.0299635
1.43,5,0.0536843,0.0566736,-0.0492776,-0.000163527,-0.00298936
1.44,0,0.531837,0.569762,-0.505976,0.000930925,-0.037925
1.44,1,-0.640444,-0.525214,-0.153061,-4.15,-0.11523
1.44,2,0.987268,1.0343,0.199032,-1.80899,-0.0470309
1.44,3,0.106373,0.112954,-0.0982078,-0.00689088,-0.00658156
1.44,4,-0.346812,-0.316837,-0.0486025,-0.215505,-0.0299758
1.44,5,0.0531868,0.0561809,-0.0492643,-0.000191452,-0.00299415
1.45,0,0.526862,0.564701,-0.50623,0.00513705,-0.0378389
1.45,1,-0.641936,-0.526746,-0.153325,-4.14763,-0.11519
1.45,2,0.989258,1.03629,0.198843,-1.80859,-0.0470301
1.45,3,0.105378,0.111972,-0.0981908,-0.00703117,-0.00659456
1.45,4,-0.34731,-0.317324,-0.0487913,-0.215494,-0.0299862
1.45,5,0.0526893,0.0556883,-0.0492573,-0.000217959,-0.00299903
1.46,0,0.521887,0.559638,-0.506368,0.00906946,-0.0377509
1.46,1,-0.643429,-0.528281,-0.153591,-4.14514,-0.115148
1.46,2,0.991249,1.03828,0.198656,-1.80813,-0.0470274
1.46,3,0.104383,0.110991,-0.0981949,-0.00715932,-0.00660763
1.46,4,-0.347807,-0.317813,-0.0489729,-0.215472,-0.0299948
1.46,5,0.0521918,0.0551958,-0.0492563,-0.000242862,-0.00300395
1.47,0,0.516912,0.554574,-0.506397,0.012707,-0.0376621
1.47,1,-0.644921,-0.529818,-0.153857,-4.14255,-0.115103
1.47,2,0.993239,1.04026,0.198473,-1.80763,-0.0470228
1.47,3,0.103388,0.110008,-0.0982184,-0.00727432,-0.00662054
1.47,4,-0.348305,-0.318303,-0.0491458,-0.215439,-0.0300015
1.47,5,0.0516943,0.0547032,-0.0492609,-0.000266004,-0.00300885
1.48,0,0.511937,0.54951,-0.506326,0.0160336,-0.0375736
1.48,1,-0.646414,-0.531358,-0.154119,-4.13986,-0.115055
1.48,2,0.995229,1.04225,0.198296,-1.80709,-0.0470165
1.48,3,0.102393,0.109026,-0.0982597,-0.00737535,-0.00663312
1.48,4,-0.348802,-0.318796,-0.0493087,-0.215399,-0.0300067
1.48,5,0.0511969,0.0542105,-0.0492704,-0.000287262,-0.00301368
1.49,0,0.506961,0.544448,-0.506164,0.0190377,-0.0374863
1.49,1,-0.647906,-0.532901,-0.154374,-4.13709,-0.115005
1.49,2,0.997219,1.04423,0.198126,-1.8065,-0.0470084
1.49,3,0.101398,0.108043,-0.0983168,-0.00746182,-0.00664519
1.49,4,-0.3493,-0.31929,-0.0494605,-0.215351,-0.0300102
1.49,5,0.0506994,0.0537178,-0.0492846,-0.000306542,-0.00301838
1.5,0,0.501986,0.539387,-0.505919,0.0217126,-0.0374011
1.5,1,-0.649399,-0.534446,-0.154621,-4.13425,-0.114953
1.5,2,0.999209,1.04621,0.197966,-1.80589,-0.0469987
1.5,3,0.100403,0.10706,-0.0983881,-0.00753335,-0.00665662
1.5,4,-0.349797,-0.319785,-0.0496003,-0.215298,-0.0300123
1.5,5,0.0502019,0.0532248,-0.0493028,-0.00032378,-0.00302292
1.51,0,0.497011,0.53433,-0.505602,0.0240557,-0.0373188
1.51,1,-0.650891,-0.535994,-0.154856,-4.13134,-0.114898
1.51,2,1.0012,1.04819,0.197816,-1.80525,-0.0469874
1.51,3,0.099408,0.106075,-0.0984715,-0.00758972,-0.00666726
1.51,4,-0.350295,-0.320282,-0.0497274,-0.215241,-0.0300131
1.51,5,0.0497044,0.0527317,-0.0493246,-0.00033894,-0.00302726
1.52,0,0.492036,0.529276,-0.505222,0.0260681,-0.03724
1.52,1,-0.652384,-0.537543,-0.155079,-4.12838,-0.11484
1.52,2,1.00319,1.05016,0.197678,-1.8046,-0.0469747
1.52,3,0.098413,0.10509,-0.0985653,-0.00763094,-0.00667701
1.52,4,-0.350792,-0.32078,-0.0498414,-0.21518,-0.0300126
1.52,5,0.0492069,0.0522383,-0.0493494,-0.000352012,-0.00303137
1.53,0,0.487061,0.524226,-0.504788,0.0277549,-0.0371653
1.53,1,-0.653876,-0.539095,-0.155288,-4.12538,-0.114781
1.53,2,1.00518,1.05214,0.197551,-1.80392,-0.0469606
1.53,3,0.0974181,0.104104,-0.0986677,-0.00765716,-0.00668578
1.53,4,-0.35129,-0.321279,-0.0499419,-0.215118,-0.0300111
1.53,5,0.0487094,0.0517446,-0.0493768,-0.000363011,-0.00303521
1.54,0,0.482086,0.519181,-0.50431,0.0291241,-0.0370951
1.54,1,-0.655369,-0.540649,-0.155481,-4.12234,-0.11472
1.54,2,1.00717,1.05411,0.197438,-1.80324,-0.0469454
1.54,3,0.0964231,0.103117,-0.0987769,-0.00766867,-0.00669348
1.54,4,-0.351787,-0.321778,-0.050029,-0.215055,-0.0300087
1.54,5,0.048212,0.0512507,-0.0494061,-0.000371974,-0.00303876
1.55,0,0.47711,0.51414,-0.503796,0.0301868,-0.03703
1.55,1,-0.656861,-0.542205,-0.155658,-4.11928,-0.114656
1.55,2,1.00916,1.05609,0.197337,-1.80255,-0.0469291
1.55,3,0.0954281,0.102128,-0.0988912,-0.00766594,-0.00670006
1.55,4,-0.352285,-0.322279,-0.0501025,-0.214992,-0.0300055
1.55,5,0.0477145,0.0507565,-0.0494371,-0.000378958,-0.00304202
1.56,0,0.472135,0.509105,-0.503254,0.0309565,-0.0369702
1.56,1,-0.658354,-0.543763,-0.155817,-4.1162,-0.114591
1.56,2,1.01115,1.05806,0.197249,-1.80186,-0.0469119
1.56,3,0.0944331,0.101139,-0.0990088,-0.00764952,-0.00670548
1.56,4,-0.352782,-0.322781,-0.0501628,-0.214931,-0.0300016
1.56,5,0.047217,0.0502619,-0.0494691,-0.00038404,-0.00304495
1.57,0,0.46716,0.504076,-0.502694,0.031449,-0.0369159
1.57,1,-0.659846,-0.545322,-0.15596,-4.11311,-0.114525
1.57,2,1.01314,1.06003,0.197175,-1.80117,-0.0468939
1.57,3,0.0934382,0.100148,-0.0991284,-0.00762009,-0.00670971
1.57,4,-0.35328,-0.323282,-0.0502102,-0.214872,-0.0299971
1.57,5,0.0467195,0.0497671,-0.0495018,-0.00038731,-0.00304757
1.58,0,0.462185,0.499052,-0.502123,0.0316818,-0.0368672
1.58,1,-0.661339,-0.546882,-0.156085,-4.11002,-0.114457
1.58,2,1.01513,1.062,0.197114,-1.80048,-0.0468752
1.58,3,0.0924432,0.0991559,-0.0992484,-0.00757842,-0.00671274
1.58,4,-0.353777,-0.323785,-0.0502452,-0.214816,-0.0299923
1.58,5,0.046222,0.0492719,-0.0495346,-0.000388874,-0.00304985
1.59,0,0.45721,0.494034,-0.501549,0.031674,-0.0368243
1.59,1,-0.662831,-0.548443,-0.156192,-4.10694,-0.114388
1.59,2,1.01712,1.06398,0.197066,-1.79981,-0.046856
1.59,3,0.0914482,0.0981628,-0.0993674,-0.00752534,-0.00671458
1.59,4,-0.354275,-0.324287,-0.0502683,-0.214763,-0.0299872
1.59,5,0.0457245,0.0487763,-0.0495673,-0.00038885,-0.00305181
1.6,0,0.452235,0.489022,-0.500977,0.0314458,-0.0367871
1.6,1,-0.664324,-0.550006,-0.156283,-4.10387,-0.114318
1.6,2,1.01911,1.06595,0.19703,-1.79915,-0.0468363
1.6,3,0.0904532,0.0971685,-0.0994843,-0.00746175,-0.00671523
1.6,4,-0.354772,-0.32479,-0.0502804,-0.214715,-0.0299819
1.6,5,0.0452271,0.0482805,-0.0495995,-0.000387361,-0.00305344
1.61,0,0.447259,0.484015,-0.500414,0.0310183,-0.0367556
1.61,1,-0.665816,-0.551569,-0.156357,-4.10082,-0.114247
1.61,2,1.0211,1.06792,0.197005,-1.7985,-0.0468164
1.61,3,0.0894583,0.096173,-0.099598,-0.00738861,-0.00671474
1.61,4,-0.355269,-0.325293,-0.050282,-0.214672,-0.0299766
1.61,5,0.0447296,0.0477843,-0.0496308,-0.000384541,-0.00305476
1.62,0,0.442284,0.479014,-0.499867,0.0304129,-0.0367297
1.62,1,-0.667309,-0.553133,-0.156415,-4.09779,-0.114176
1.62,2,1.02309,1.06989,0.196992,-1.79787,-0.0467962
1.62,3,0.0884633,0.0951764,-0.0997073,-0.00730689,-0.00671313
1.62,4,-0.355767,-0.325796,-0.0502741,-0.214633,-0.0299713
1.62,5,0.0442321,0.0472879,-0.049661,-0.000380527,-0.00305577
1.63,0,0.437309,0.474018,-0.499338,0.0296515,-0.0367091
1.63,1,-0.668801,-0.554697,-0.156457,-4.09479,-0.114104
1.63,2,1.02508,1.07186,0.196989,-1.79726,-0.046776
1.63,3,0.0874683,0.0941788,-0.0998116,-0.00721758,-0.00671045
1.63,4,-0.356264,-0.326298,-0.0502575,-0.2146,-0.0299661
1.63,5,0.0437346,0.0467911,-0.0496898,-0.000375459,-0.00305648
1.64,0,0.432334,0.469028,-0.498834,0.0287559,-0.0366937
1.64,1,-0.670294,-0.556262,-0.156486,-4.09181,-0.114032
1.64,2,1.02707,1.07383,0.196996,-1.79667,-0.0467559
1.64,3,0.0864733,0.0931801,-0.09991,-0.00712168,-0.00670677
1.64,4,-0.356762,-0.326801,-0.0502331,-0.214572,-0.0299611
1.64,5,0.0432371,0.046294,-0.049717,-0.000369478,-0.00305691
1.65,0,0.427359,0.464042,-0.498358,0.0277475,-0.0366831
1.65,1,-0.671786,-0.557827,-0.156501,-4.08887,-0.113959
1.65,2,1.02906,1.0758,0.197011,-1.7961,-0.0467358
1.65,3,0.0854784,0.0921805,-0.100002,-0.00702019,-0.00670213
1.65,4,-0.357259,-0.327303,-0.0502018,-0.21455,-0.0299564
1.65,5,0.0427396,0.0457967,-0.0497424,-0.000362725,-0.00305709
1.66,0,0.422384,0.459061,-0.497912,0.0266473,-0.0366772
1.66,1,-0.673279,-0.559392,-0.156504,-4.08596,-0.113887
1.66,2,1.03105,1.07777,0.197034,-1.79555,-0.0467159
1.66,3,0.0844834,0.09118,-0.100087,-0.00691408,-0.00669661
1.66,4,-0.357757,-0.327805,-0.0501647,-0.214534,-0.0299521
1.66,5,0.0422422,0.0452992,-0.0497658,-0.000355338,-0.00305702
1.67,0,0.417408,0.454084,-0.497499,0.0254756,-0.0366755
1.67,1,-0.674771,-0.560957,-0.156496,-4.08308,-0.113814
1.67,2,1.03304,1.07974,0.197063,-1.79502,-0.0466963
1.67,3,0.0834884,0.0901787,-0.100164,-0.00680429,-0.00669029
1.67,4,-0.358254,-0.328306,-0.0501225,-0.214524,-0.0299481
1.67,5,0.0417447,0.0448014,-0.0497872,-0.00034745,-0.00305672
1.68,0,0.412433,0.449111,-0.497122,0.024252,-0.0366778
1.68,1,-0.676264,-0.562522,-0.156478,-4.08024,-0.113742
1.68,2,1.03503,1.08171,0.197099,-1.79451,-0.046677
1.68,3,0.0824934,0.0891767,-0.100234,-0.00669175,-0.00668323
1.68,4,-0.358752,-0.328807,-0.0500763,-0.214519,-0.0299446
1.68,5,0.0412472,0.0443034,-0.0498065,-0.000339192,-0.00305623
1.69,0,0.407458,0.444142,-0.496781,0.0229948,-0.0366837
1.69,1,-0.677756,-0.564087,-0.156452,-4.07743,-0.11367
1.69,2,1.03702,1.08368,0.19714,-1.79402,-0.0466582
1.69,3,0.0814985,0.088174,-0.100296,-0.00657733,-0.00667551
1.69,4,-0.359249,-0.329308,-0.0500269,-0.214519,-0.0299416
1.69,5,0.0407497,0.0438053,-0.0498235,-0.000330686,-0.00305555
1.7,0,0.402483,0.439176,-0.496477,0.0217214,-0.0366927
1.7,1,-0.679249,-0.565651,-0.156418,-4.07466,-0.113598
1.7,2,1.03901,1.08565,0.197184,-1.79356,-0.0466397
1.7,3,0.0805035,0.0871707,-0.100351,-0.00646183,-0.00666722
1.7,4,-0.359747,-0.329808,-0.0499752,-0.214525,-0.0299391
1.7,5,0.0402522,0.0433069,-0.0498384,-0.00032205,-0.00305471
1.71,0,0.397508,0.434212,-0.496211,0.0204479,-0.0367046
1.71,1,-0.680741,-0.567215,-0.156378,-4.07192,-0.113526
1.71,2,1.041,1.08762,0.197232,-1.79311,-0.0466217
1.71,3,0.0795085,0.0861669,-0.100397,-0.00634604,-0.00665843
1.71,4,-0.360244,-0.330307,-0.0499219,-0.214536,-0.0299371
1.71,5,0.0397547,0.0428085,-0.0498511,-0.00031339,-0.00305374
1.72,0,0.392533,0.429252,-0.495982,0.0191889,-0.036719
1.72,1,-0.682234,-0.568778,-0.156333,-4.06921,-0.113455
1.72,2,1.04299,1.0896,0.197282,-1.79269,-0.0466042
1.72,3,0.0785135,0.0851627,-0.100436,-0.00623065,-0.00664921
1.72,4,-0.360742,-0.330806,-0.049868,-0.214551,-0.0299357
1.72,5,0.0392572,0.0423099,-0.0498616,-0.000304808,-0.00305266
1.73,0,0.387557,0.424293,-0.495791,0.0179578,-0.0367354
1.73,1,-0.683726,-0.570342,-0.156285,-4.06654,-0.113385
1.73,2,1.04498,1.09157,0.197334,-1.79228,-0.0465872
1.73,3,0.0775186,0.0841582,-0.100467,-0.00611632,-0.00663965
1.73,4,-0.361239,-0.331304,-0.0498141,-0.214571,-0.0299348
1.73,5,0.0387598,0.0418112,-0.04987,-0.000296394,-0.00305148
1.74,0,0.382582,0.419336,-0.495636,0.0167666,-0.0367535
1.74,1,-0.685219,-0.571904,-0.156233,-4.06389,-0.113315
1.74,2,1.04697,1.09354,0.197386,-1.79189,-0.0465707
1.74,3,0.0765236,0.0831534,-0.100491,-0.00600362,-0.00662982
1.74,4,-0.361737,-0.331802,-0.0497608,-0.214595,-0.0299344
1.74,5,0.0382623,0.0413125,-0.0498763,-0.00028823,-0.00305022
1.75,0,0.377607,0.41438,-0.495515,0.0156257,-0.036773
1.75,1,-0.686711,-0.573466,-0.15618,-4.06127,-0.113245
1.75,2,1.04896,1.09552,0.197438,-1.79152,-0.0465548
1.75,3,0.0755286,0.0821484,-0.100508,-0.00589306,-0.00661979
1.75,4,-0.362234,-0.3323,-0.0497088,-0.214622,-0.0299345
1.75,5,0.0377648,0.0408137,-0.0498807,-0.000280389,-0.00304892
1.76,0,0.372632,0.409426,-0.495428,0.0145444,-0.0367935
1.76,1,-0.688204,-0.575028,-0.156126,-4.05867,-0.113176
1.76,2,1.05095,1.09749,0.197489,-1.79116,-0.0465393
1.76,3,0.0745336,0.0811432,-0.100518,-0.0057851,-0.00660962
1.76,4,-0.362732,-0.332796,-0.0496585,-0.214652,-0.0299352
1.76,5,0.0372673,0.0403149,-0.0498832,-0.000272933,-0.00304758
1.77,0,0.367657,0.404472,-0.495373,0.01353,-0.0368147
1.77,1,-0.689696,-0.576589,-0.156072,-4.05609,-0.113108
1.77,2,1.05294,1.09947,0.19754,-1.79081,-0.0465244
1.77,3,0.0735387,0.080138,-0.100523,-0.00568011,-0.00659938
1.77,4,-0.363229,-0.333293,-0.0496106,-0.214686,-0.0299364
1.77,5,0.0367698,0.0398161,-0.049884,-0.000265917,-0.00304623
1.78,0,0.362682,0.399518,-0.495347,0.012589,-0.0368363
1.78,1,-0.691189,-0.578149,-0.15602,-4.05353,-0.11304
1.78,2,1.05493,1.10144,0.197588,-1.79048,-0.04651
1.78,3,0.0725437,0.0791328,-0.100521,-0.00557841,-0.00658913
1.78,4,-0.363727,-0.333789,-0.0495654,-0.214721,-0.029938
1.78,5,0.0362723,0.0393172,-0.0498832,-0.000259385,-0.00304487
1.79,0,0.357706,0.394565,-0.495349,0.0117261,-0.036858
1.79,1,-0.692681,-0.579709,-0.155969,-4.05099,-0.112972
1.79,2,1.05692,1.10342,0.197634,-1.79015,-0.046496
1.79,3,0.0715487,0.0781276,-0.100515,-0.00548025,-0.00657892
1.79,4,-0.364224,-0.334284,-0.0495231,-0.214759,-0.02994
1.79,5,0.0357749,0.0388184,-0.049881,-0.000253371,-0.00304353
1.8,0,0.352731,0.389611,-0.495376,0.010945,-0.0368796
1.8,1,-0.694174,-0.581268,-0.15592,-4.04846,-0.112905
1.8,2,1.05891,1.10539,0.197678,-1.78983,-0.0464825
1.8,3,0.0705537,0.0771225,-0.100504,-0.00538582,-0.00656881
1.8,4,-0.364721,-0.334779,-0.0494843,-0.214798,-0.0299425
1.8,5,0.0352774,0.0383196,-0.0498774,-0.000247902,-0.00304223
1.81,0,0.347756,0.384657,-0.495426,0.0102481,-0.0369007
1.81,1,-0.695666,-0.582827,-0.155875,-4.04593,-0.112839
1.81,2,1.0609,1.10737,0.197718,-1.78952,-0.0464694
1.81,3,0.0695588,0.0761176,-0.100488,-0.00529525,-0.00655883
1.81,4,-0.365219,-0.335274,-0.0494489,-0.214838,-0.0299453
1.81,5,0.0347799,0.0378209,-0.0498727,-0.000242997,-0.00304096
1.82,0,0.342781,0.379702,-0.495496,0.00963639,-0.0369213
1.82,1,-0.697159,-0.584386,-0.155833,-4.04342,-0.112773
1.82,2,1.06289,1.10935,0.197756,-1.78921,-0.0464567
1.82,3,0.0685638,0.0751128,-0.100469,-0.00520861,-0.00654902
1.82,4,-0.365716,-0.335768,-0.0494173,-0.214879,-0.0299485
1.82,5,0.0342824,0.0373222,-0.0498669,-0.000238665,-0.00303975
1.83,0,0.337806,0.374747,-0.495583,0.00911014,-0.036941
1.83,1,-0.698651,-0.585944,-0.155795,-4.04091,-0.112707
1.83,2,1.06488,1.11133,0.197789,-1.78891,-0.0464443
1.83,3,0.0675688,0.0741082,-0.100447,-0.00512594,-0.00653942
1.83,4,-0.366214,-0.336262,-0.0493895,-0.214921,-0.0299519
1.83,5,0.0337849,0.0368235,-0.0498603,-0.00023491,-0.0030386
1.84,0,0.332831,0.36979,-0.495686,0.00866843,-0.0369598
1.84,1,-0.700144,-0.587502,-0.155761,-4.0384,-0.112642
1.84,2,1.06687,1.1133,0.19782,-1.78861,-0.0464323
1.84,3,0.0665738,0.0731039,-0.100422,-0.00504719,-0.00653006
1.84,4,-0.366711,-0.336756,-0.0493655,-0.214963,-0.0299557
1.84,5,0.0332874,0.036325,-0.0498529,-0.000231726,-0.00303752
1.85,0,0.327856,0.364833,-0.495802,0.0083095,-0.0369774
1.85,1,-0.701636,-0.589059,-0.155732,-4.03589,-0.112577
1.85,2,1.06886,1.11528,0.197846,-1.78831,-0.0464206
1.85,3,0.0655789,0.0720998,-0.100395,-0.00497231,-0.00652096
1.85,4,-0.367209,-0.337249,-0.0493455,-0.215004,-0.0299596
1.85,5,0.03279,0.0358265,-0.0498449,-0.000229105,-0.00303652
1.86,0,0.32288,0.359874,-0.495929,0.00803076,-0.0369939
1.86,1,-0.703129,-0.590616,-0.155707,-4.03338,-0.112512
1.86,2,1.07085,1.11726,0.197869,-1.78801,-0.046409
1.86,3,0.0645839,0.071096,-0.100367,-0.00490118,-0.00651213
1.86,4,-0.367706,-0.337743,-0.0493292,-0.215045,-0.0299637
1.86,5,0.0322925,0.0353281,-0.0498365,-0.00022703,-0.0030356
1.87,0,0.317905,0.354914,-0.496063,0.00782894,-0.037009
1.87,1,-0.704621,-0.592173,-0.155687,-4.03086,-0.112448
1.87,2,1.07284,1.11924,0.197888,-1.78771,-0.0463977
1.87,3,0.0635889,0.0700925,-0.100337,-0.00483365,-0.0065036
1.87,4,-0.368204,-0.338236,-0.0493167,-0.215085,-0.029968
1.87,5,0.031795,0.0348298,-0.0498278,-0.00022548,-0.00303476
1.88,0,0.31293,0.349953,-0.496204,0.00770014,-0.0370228
1.88,1,-0.706114,-0.59373,-0.155672,-4.02833,-0.112384
1.88,2,1.07483,1.12122,0.197903,-1.78741,-0.0463866
1.88,3,0.0625939,0.0690893,-0.100307,-0.00476956,-0.00649537
1.88,4,-0.368701,-0.338729,-0.0493077,-0.215125,-0.0299723
1.88,5,0.0312975,0.0343315,-0.0498189,-0.000224431,-0.00303402
1.89,0,0.307955,0.34499,-0.496348,0.00763996,-0.0370351
1.89,1,-0.707606,-0.595287,-0.155662,-4.0258,-0.11232
1.89,2,1.07682,1.1232,0.197915,-1.7871,-0.0463756
1.89,3,0.061599,0.0680864,-0.100276,-0.00470869,-0.00648745
1.89,4,-0.369199,-0.339222,-0.0493023,-0.215163,-0.0299768
1.89,5,0.0308,0.0338334,-0.0498099,-0.000223853,-0.00303336
1.9,0,0.30298,0.340026,-0.496495,0.00764354,-0.037046
1.9,1,-0.709099,-0.596843,-0.155656,-4.02325,-0.112255
1.9,2,1.07881,1.12518,0.197924,-1.78679,-0.0463647
1.9,3,0.060604,0.0670838,-0.100246,-0.00465082,-0.00647983
1.9,4,-0.369696,-0.339715,-0.0493001,-0.2152,-0.0299812
1.9,5,0.0303025,0.0333353,-0.0498009,-0.000223714,-0.0030328
1.91,0,0.298005,0.33506,-0.496641,0.00770574,-0.0370554
1.91,1,-0.710591,-0.5984,-0.155655,-4.02069,-0.112191
1.91,2,1.0808,1.12716,0.197929,-1.78647,-0.0463539
1.91,3,0.059609,0.0660815,-0.100216,-0.00459571,-0.00647251
1.91,4,-0.370194,-0.340208,-0.0493009,-0.215235,-0.0299857
1.91,5,0.0298051,0.0328374,-0.0497921,-0.00022398,-0.00303232
1.92,0,0.293029,0.330093,-0.496785,0.00782114,-0.0370634
1.92,1,-0.712084,-0.599956,-0.155658,-4.01812,-0.112127
1.92,2,1.08279,1.12914,0.197931,-1.78615,-0.0463431
1.92,3,0.058614,0.0650795,-0.100186,-0.0045431,-0.00646549
1.92,4,-0.370691,-0.340701,-0.0493046,-0.215269,-0.0299901
1.92,5,0.0293076,0.0323395,-0.0497835,-0.000224614,-0.00303193
1.93,0,0.288054,0.325124,-0.496927,0.00798416,-0.0370699
1.93,1,-0.713576,-0.601513,-0.155666,-4.01553,-0.112063
1.93,2,1.08478,1.13112,0.19793,-1.78583,-0.0463323
1.93,3,0.0576191,0.0640778,-0.100158,-0.00449272,-0.00645876
1.93,4,-0.371189,-0.341194,-0.0493109,-0.215301,-0.0299945
1.93,5,0.0288101,0.0318417,-0.0497752,-0.000225579,-0.00303163
1.94,0,0.283079,0.320154,-0.497064,0.00818915,-0.037075
1.94,1,-0.715069,-0.60307,-0.155677,-4.01293,-0.111999
1.94,2,1.08677,1.13309,0.197927,-1.7855,-0.0463215
1.94,3,0.0566241,0.0630764,-0.100131,-0.00444431,-0.0064523
1.94,4,-0.371686,-0.341687,-0.0493194,-0.215331,-0.0299989
1.94,5,0.0283126,0.031344,-0.0497672,-0.000226836,-0.0030314
1.95,0,0.278104,0.315183,-0.497195,0.00843044,-0.0370788
1.95,1,-0.716561,-0.604627,-0.155692,-4.01031,-0.111935
1.95,2,1.08876,1.13507,0.197921,-1.78516,-0.0463106
1.95,3,0.0556291,0.0620752,-0.100106,-0.00439758,-0.00644611
1.95,4,-0.372184,-0.342181,-0.0493301,-0.21536,-0.0300031
1.95,5,0.0278151,0.0308464,-0.0497598,-0.000228347,-0.00303125
1.96,0,0.273129,0.31021,-0.497319,0.00870242,-0.0370814
1.96,1,-0.718054,-0.606184,-0.15571,-4.00767,-0.11187
1.96,2,1.09075,1.13705,0.197914,-1.78482,-0.0462997
1.96,3,0.0546341,0.0610743,-0.100082,-0.00435227,-0.00644016
1.96,4,-0.372681,-0.342674,-0.0493425,-0.215386,-0.0300072
1.96,5,0.0273176,0.0303488,-0.0497528,-0.000230072,-0.00303118
1.97,0,0.268154,0.305236,-0.497436,0.00899958,-0.0370827
1.97,1,-0.719546,-0.607741,-0.155731,-4.00502,-0.111805
1.97,2,1.09274,1.13903,0.197904,-1.78447,-0.0462887
1.97,3,0.0536392,0.0600736,-0.10006,-0.0043081,-0.00643443
1.97,4,-0.373179,-0.343167,-0.0493565,-0.215411,-0.0300112
1.97,5,0.0268202,0.0298513,-0.0497463,-0.000231973,-0.00303117
1.98,0,0.263178,0.300261,-0.497544,0.0093166,-0.0370829
1.98,1,-0.721039,-0.609298,-0.155755,-4.00235,-0.11174
1.98,2,1.09473,1.14101,0.197893,-1.78411,-0.0462776
1.98,3,0.0526442,0.0590731,-0.100041,-0.00426481,-0.00642891
1.98,4,-0.373676,-0.343661,-0.0493717,-0.215434,-0.030015
1.98,5,0.0263227,0.0293539,-0.0497404,-0.000234015,-0.00303123
1.99,0,0.258203,0.295285,-0.497644,0.00964836,-0.0370821
1.99,1,-0.722531,-0.610856,-0.155781,-3.99967,-0.111675
1.99,2,1.09672,1.14299,0.197881,-1.78375,-0.0462663
1.99,3,0.0516492,0.0580728,-0.100023,-0.00422215,-0.00642358
1.99,4,-0.374174,-0.344155,-0.0493879,-0.215455,-0.0300187
1.99,5,0.0258252,0.0288565,-0.0497351,-0.00023616,-0.00303134
2,0,0.253228,0.290308,-0.497734,0.00999,-0.0370803
2,1,-0.724024,-0.612414,-0.155809,-3.99696,-0.11161
2,2,1.09871,1.14497,0.197867,-1.78338,-0.046255
2,3,0.0506542,0.0570726,-0.100007,-0.00417987,-0.00641842
2,4,-0.374671,-0.344649,-0.0494048,-0.215475,-0.0300222
2,5,0.0253277,0.0283592,-0.0497303,-0.000238375,-0.00303149
2.01,0,0.248253,0.285331,-0.497814,0.010337,-0.0370777
2.01,1,-0.725516,-0.613972,-0.155839,-3.99424,-0.111544
2.01,2,1.1007,1.14695,0.197853,-1.78301,-0.0462435
2.01,3,0.0496592,0.0560726,-0.0999937,-0.00413775,-0.0064134
2.01,4,-0.375168,-0.345143,-0.0494223,-0.215493,-0.0300255
2.01,5,0.0248302,0.0278619,-0.0497262,-0.000240628,-0.0030317
2.02,0,0.243278,0.280352,-0.497885,0.010685,-0.0370743
2.02,1,-0.727009,-0.615531,-0.15587,-3.99151,-0.111478
2.02,2,1.10269,1.14893,0.197839,-1.78263,-0.0462318
2.02,3,0.0486643,0.0550728,-0.0999824,-0.00409557,-0.0064085
2.02,4,-0.375666,-0.345637,-0.04944,-0.215509,-0.0300286
2.02,5,0.0243327,0.0273647,-0.0497227,-0.000242889,-0.00303194
2.03,0,0.238303,0.275373,-0.497947,0.0110303,-0.0370702
2.03,1,-0.728501,-0.61709,-0.155902,-3.98876,-0.111412
2.03,2,1.10468,1.1509,0.197824,-1.78225,-0.04622
2.03,3,0.0476693,0.054073,-0.0999731,-0.00405314,-0.0064037
2.03,4,-0.376163,-0.346132,-0.0494579,-0.215524,-0.0300316
2.03,5,0.0238353,0.0268675,-0.0497198,-0.00024513,-0.00303221
2.04,0,0.233327,0.270393,-0.497998,0.0113692,-0.0370656
2.04,1,-0.729994,-0.618649,-0.155934,-3.98599,-0.111345
2.04,2,1.10667,1.15288,0.197808,-1.78186,-0.0462081
2.04,3,0.0466743,0.0530733,-0.099966,-0.00401028,-0.00639899
2.04,4,-0.376661,-0.346626,-0.0494756,-0.215538,-0.0300344
2.04,5,0.0233378,0.0263703,-0.0497174,-0.000247327,-0.00303251
2.05,0,0.228352,0.265413,-0.498041,0.0116986,-0.0370606
2.05,1,-0.731486,-0.620208,-0.155967,-3.98321,-0.111278
2.05,2,1.10866,1.15486,0.197793,-1.78147,-0.046196
2.05,3,0.0456793,0.0520737,-0.0999609,-0.00396681,-0.00639433
2.05,4,-0.377158,-0.347121,-0.049493,-0.21555,-0.030037
2.05,5,0.0228403,0.0258731,-0.0497157,-0.000249456,-0.00303283
2.06,0,0.223377,0.260432,-0.498074,0.0120157,-0.0370552
2.06,1,-0.732979,-0.621768,-0.156,-3.98042,-0.11121
2.06,2,1.11065,1.15684,0.197779,-1.78107,-0.0461838
2.06,3,0.0446844,0.0510741,-0.0999576,-0.00392261,-0.00638972
2.06,4,-0.377656,-0.347616,-0.04951,-0.215561,-0.0300395
2.06,5,0.0223428,0.025376,-0.0497144,-0.000251497,-0.00303317
2.07,0,0.218402,0.255451,-0.498098,0.0123181,-0.0370494
2.07,1,-0.734471,-0.623328,-0.156033,-3.97761,-0.111143
2.07,2,1.11264,1.15882,0.197764,-1.78067,-0.0461714
2.07,3,0.0436894,0.0500745,-0.0999562,-0.00387754,-0.00638513
2.07,4,-0.378153,-0.348112,-0.0495263,-0.215571,-0.0300418
2.07,5,0.0218453,0.0248788,-0.0497137,-0.000253434,-0.00303351
2.08,0,0.213427,0.25047,-0.498115,0.0126037,-0.0370435
2.08,1,-0.735964,-0.624889,-0.156066,-3.97479,-0.111075
2.08,2,1.11463,1.16079,0.19775,-1.78027,-0.0461588
2.08,3,0.0426944,0.049075,-0.0999565,-0.00383149,-0.00638054
2.08,4,-0.378651,-0.348607,-0.049542,-0.21558,-0.0300439
2.08,5,0.0213478,0.0243817,-0.0497135,-0.000255252,-0.00303386
2.09,0,0.208452,0.245489,-0.498123,0.012871,-0.0370375
2.09,1,-0.737456,-0.62645,-0.156098,-3.97196,-0.111006
2.09,2,1.11662,1.16277,0.197737,-1.77986,-0.0461462
2.09,3,0.0416994,0.0480754,-0.0999584,-0.00378438,-0.00637594
2.09,4,-0.379148,-0.349102,-0.0495568,-0.215589,-0.0300459
2.09,5,0.0208504,0.0238846,-0.0497136,-0.000256938,-0.00303421
2.1,0,0.203476,0.240508,-0.498125,0.0131186,-0.0370314
2.1,1,-0.738949,-0.628011,-0.15613,-3.96912,-0.110938
2.1,2,1.11861,1.16475,0.197725,-1.77945,-0.0461334
2.1,3,0.0407045,0.0470758,-0.0999617,-0.00373614,-0.00637132
2.1,4,-0.379646,-0.349598,-0.0495707,-0.215596,-0.0300477
2.1,5,0.0203529,0.0233874,-0.0497142,-0.000258482,-0.00303455
2.11,0,0.198501,0.235527,-0.49812,0.0133455,-0.0370253
2.11,1,-0.740441,-0.629572,-0.15616,-3.96627,-0.110869
2.11,2,1.1206,1.16673,0.197714,-1.77904,-0.0461205
2.11,3,0.0397095,0.0460761,-0.0999663,-0.00368671,-0.00636665
2.11,4,-0.380143,-0.350094,-0.0495836,-0.215603,-0.0300494
2.11,5,0.0198554,0.0228903,-0.0497152,-0.000259879,-0.00303489
2.12,0,0.193526,0.230545,-0.498108,0.013551,-0.0370194
2.12,1,-0.741934,-0.631134,-0.15619,-3.96341,-0.1108
2.12,2,1.1226,1.1687,0.197703,-1.77863,-0.0461074
2.12,3,0.0387145,0.0450765,-0.0999721,-0.00363605,-0.00636193
2.12,4,-0.380641,-0.35059,-0.0495955,-0.21561,-0.030051
2.12,5,0.0193579,0.0223931,-0.0497165,-0.000261122,-0.00303521
2.13,0,0.188551,0.225564,-0.498092,0.013735,-0.0370135
2.13,1,-0.743426,-0.632696,-0.156218,-3.96055,-0.11073
2.13,2,1.12459,1.17068,0.197694,-1.77822,-0.0460943
2.13,3,0.0377195,0.0440767,-0.0999789,-0.00358415,-0.00635715
2.13,4,-0.381138,-0.351086,-0.0496064,-0.215616,-0.0300524
2.13,5,0.0188604,0.0218959,-0.049718,-0.000262209,-0.00303552
2.14,0,0.183576,0.220584,-0.498071,0.0138972,-0.0370079
2.14,1,-0.744919,-0.634259,-0.156245,-3.95767,-0.11066
2.14,2,1.12658,1.17266,0.197685,-1.7778,-0.0460811
2.14,3,0.0367246,0.0430769,-0.0999866,-0.003531,-0.00635229
2.14,4,-0.381636,-0.351582,-0.0496161,-0.215622,-0.0300538
2.14,5,0.0183629,0.0213988,-0.0497198,-0.00026314,-0.00303582
2.15,0,0.178601,0.215603,-0.498046,0.0140379,-0.0370025
2.15,1,-0.746411,-0.635821,-0.156271,-3.95479,-0.11059
2.15,2,1.12857,1.17463,0.197678,-1.77739,-0.0460678
2.15,3,0.0357296,0.042077,-0.099995,-0.00347659,-0.00634736
2.15,4,-0.382133,-0.352078,-0.0496248,-0.215628,-0.0300551
2.15,5,0.0178655,0.0209015,-0.0497218,-0.000263916,-0.00303609
2.16,0,0.173625,0.210623,-0.498017,0.0141576,-0.0369973
2.16,1,-0.747904,-0.637384,-0.156296,-3.9519,-0.11052
2.16,2,1.13056,1.17661,0.197672,-1.77698,-0.0460545
2.16,3,0.0347346,0.041077,-0.100004,-0.00342096,-0.00634233
2.16,4,-0.382631,-0.352574,-0.0496324,-0.215634,-0.0300562
2.16,5,0.017368,0.0204043,-0.049724,-0.000264539,-0.00303634
2.17,0,0.16865,0.205643,-0.497986,0.0142568,-0.0369925
2.17,1,-0.749396,-0.638947,-0.156319,-3.94901,-0.110449
2.17,2,1.13255,1.17859,0.197666,-1.77656,-0.0460411
2.17,3,0.0337396,0.0400769,-0.100013,-0.00336413,-0.00633722
2.17,4,-0.383128,-0.353071,-0.049639,-0.215639,-0.0300574
2.17,5,0.0168705,0.0199071,-0.0497262,-0.000265015,-0.00303658
2.18,0,0.163675,0.200663,-0.497952,0.0143365,-0.036988
2.18,1,-0.750889,-0.64051,-0.156342,-3.94611,-0.110378
2.18,2,1.13454,1.18056,0.197662,-1.77615,-0.0460276
2.18,3,0.0327447,0.0390767,-0.100023,-0.00330614,-0.00633201
2.18,4,-0.383626,-0.353567,-0.0496445,-0.215645,-0.0300584
2.18,5,0.016373,0.0194098,-0.0497286,-0.00026535,-0.00303679
2.19,0,0.1587,0.195684,-0.497917,0.0143975,-0.0369838
2.19,1,-0.752381,-0.642074,-0.156362,-3.9432,-0.110307
2.19,2,1.13653,1.18254,0.197659,-1.77574,-0.0460141
2.19,3,0.0317497,0.0380764,-0.100033,-0.00324703,-0.00632669
2.19,4,-0.384123,-0.354064,-0.0496491,-0.215651,-0.0300594
2.19,5,0.0158755,0.0189125,-0.049731,-0.00026555,-0.00303697
2.2,0,0.153725,0.190705,-0.497881,0.0144411,-0.03698
2.2,1,-0.753874,-0.643638,-0.156382,-3.9403,-0.110236
2.2,2,1.13852,1.18452,0.197656,-1.77533,-0.0460006
2.2,3,0.0307547,0.037076,-0.100043,-0.00318688,-0.00632128
2.2,4,-0.38462,-0.35456,-0.0496528,-0.215657,-0.0300604
2.2,5,0.015378,0.0184152,-0.0497334,-0.000265624,-0.00303713
2.21,0,0.14875,0.185726,-0.497844,0.0144685,-0.0369766
2.21,1,-0.755366,-0.645202,-0.1564,-3.93738,-0.110165
2.21,2,1.14051,1.18649,0.197655,-1.77492,-0.045987
2.21,3,0.0297597,0.0360755,-0.100053,-0.00312572,-0.00631577
2.21,4,-0.385118,-0.355057,-0.0496556,-0.215663,-0.0300613
2.21,5,0.0148806,0.0179178,-0.0497358,-0.000265581,-0.00303727
2.22,0,0.143774,0.180748,-0.497807,0.0144809,-0.0369735
2.22,1,-0.756859,-0.646766,-0.156417,-3.93447,-0.110093
2.22,2,1.1425,1.18847,0.197654,-1.77451,-0.0459735
2.22,3,0.0287648,0.0350749,-0.100063,-0.00306364,-0.00631016
2.22,4,-0.385615,-0.355553,-0.0496576,-0.215669,-0.0300622
2.22,5,0.0143831,0.0174204,-0.0497382,-0.00026543,-0.00303738
2.23,0,0.138799,0.17577,-0.497771,0.0144799,-0.0369708
2.23,1,-0.758351,-0.64833,-0.156433,-3.93155,-0.110021
2.23,2,1.14449,1.19045,0.197654,-1.77411,-0.0459599
2.23,3,0.0277698,0.0340742,-0.100073,-0.0030007,-0.00630445
2.23,4,-0.386113,-0.35605,-0.0496588,-0.215675,-0.0300631
2.23,5,0.0138856,0.0169231,-0.0497405,-0.000265181,-0.00303747
2.24,0,0.133824,0.170793,-0.497735,0.0144667,-0.0369684
2.24,1,-0.759844,-0.649894,-0.156448,-3.92863,-0.109949
2.24,2,1.14648,1.19242,0.197655,-1.7737,-0.0459464
2.24,3,0.0267748,0.0330735,-0.100082,-0.00293697,-0.00629864
2.24,4,-0.38661,-0.356546,-0.0496594,-0.215682,-0.030064
2.24,5,0.0133881,0.0164256,-0.0497427,-0.000264845,-0.00303753
2.25,0,0.128849,0.165815,-0.4977,0.0144429,-0.0369665
2.25,1,-0.761336,-0.651459,-0.156462,-3.9257,-0.109877
2.25,2,1.14847,1.1944,0.197656,-1.7733,-0.0459328
2.25,3,0.0257798,0.0320726,-0.100091,-0.00287254,-0.00629274
2.25,4,-0.387108,-0.357043,-0.0496594,-0.215689,-0.0300649
2.25,5,0.0128906,0.0159282,-0.0497449,-0.000264432,-0.00303758
2.26,0,0.123874,0.160839,-0.497667,0.0144099,-0.0369648
2.26,1,-0.762829,-0.653024,-0.156475,-3.92278,-0.109805
2.26,2,1.15046,1.19638,0.197658,-1.7729,-0.0459193
2.26,3,0.0247849,0.0310716,-0.1001,-0.00280747,-0.00628675
2.26,4,-0.387605,-0.35754,-0.0496589,-0.215697,-0.0300658
2.26,5,0.0123931,0.0154307,-0.0497468,-0.000263954,-0.0030376
2.27,0,0.118899,0.155862,-0.497636,0.0143691,-0.0369635
2.27,1,-0.764321,-0.654588,-0.156487,-3.91985,-0.109733
2.27,2,1.15245,1.19835,0.197661,-1.7725,-0.0459058
2.27,3,0.0237899,0.0300706,-0.100108,-0.00274184,-0.00628068
2.27,4,-0.388103,-0.358036,-0.049658,-0.215704,-0.0300666
2.27,5,0.0118957,0.0149333,-0.0497487,-0.00026342,-0.00303761
2.28,0,0.113924,0.150886,-0.497606,0.0143219,-0.0369624
2.28,1,-0.765814,-0.656153,-0.156499,-3.91692,-0.10966
2.28,2,1.15444,1.20033,0.197663,-1.7721,-0.0458923
2.28,3,0.0227949,0.0290695,-0.100116,-0.00267572,-0.00627453
2.28,4,-0.3886,-0.358533,-0.0496567,-0.215712,-0.0300675
2.28,5,0.0113982,0.0144358,-0.0497504,-0.000262841,-0.00303759
2.29,0,0.108948,0.14591,-0.497579,0.0142697,-0.0369617
2.29,1,-0.767306,-0.657718,-0.15651,-3.91398,-0.109588
2.29,2,1.15643,1.20231,0.197666,-1.7717,-0.0458789
2.29,3,0.0217999,0.0280683,-0.100123,-0.00260918,-0.00626831
2.29,4,-0.389098,-0.359029,-0.0496551,-0.21572,-0.0300685
2.29,5,0.0109007,0.0139382,-0.049752,-0.000262226,-0.00303756
2.3,0,0.103973,0.140934,-0.497554,0.0142137,-0.0369612
2.3,1,-0.768799,-0.659284,-0.15652,-3.91104,-0.109515
2.3,2,1.15842,1.20428,0.19767,-1.7713,-0.0458655
2.3,3,0.020805,0.027067,-0.10013,-0.0025423,-0.00626201
2.3,4,-0.389595,-0.359526,-0.0496533,-0.215729,-0.0300694
2.3,5,0.0104032,0.0134407,-0.0497534,-0.000261587,-0.00303752
2.31,0,0.098998,0.135959,-0.497531,0.0141553,-0.0369609
2.31,1,-0.770291,-0.660849,-0.15653,-3.9081,-0.109442
2.31,2,1.16041,1.20626,0.197673,-1.77091,-0.0458521
2.31,3,0.01981,0.0260657,-0.100136,-0.00247513,-0.00625566
2.31,4,-0.390093,-0.360022,-0.0496513,-0.215737,-0.0300704
2.31,5,0.00990572,0.0129432,-0.0497546,-0.00026093,-0.00303746
2.32,0,0.0940229,0.130984,-0.497511,0.0140955,-0.0369609
2.32,1,-0.771784,-0.662414,-0.15654,-3.90516,-0.109369
2.32,2,1.1624,1.20824,0.197677,-1.77052,-0.0458387
2.32,3,0.018815,0.0250643,-0.100141,-0.00240774,-0.00624925
2.32,4,-0.39059,-0.360519,-0.0496493,-0.215746,-0.0300713
2.32,5,0.00940823,0.0124456,-0.0497557,-0.000260266,-0.00303739
2.33,0,0.0890477,0.126009,-0.497493,0.0140355,-0.0369611
2.33,1,-0.773276,-0.66398,-0.15655,-3.90221,-0.109297
2.33,2,1.16439,1.21021,0.197681,-1.77012,-0.0458254
2.33,3,0.01782,0.0240628,-0.100146,-0.00234019,-0.00624278
2.33,4,-0.391088,-0.361015,-0.0496472,-0.215755,-0.0300723
2.33,5,0.00891075,0.0119481,-0.0497566,-0.000259602,-0.00303732
2.34,0,0.0840725,0.121034,-0.497477,0.0139761,-0.0369614
2.34,1,-0.774769,-0.665545,-0.156559,-3.89926,-0.109223
2.34,2,1.16638,1.21219,0.197684,-1.76973,-0.0458121
2.34,3,0.0168251,0.0230613,-0.10015,-0.00227253,-0.00623627
2.34,4,-0.391585,-0.361512,-0.0496452,-0.215764,-0.0300733
2.34,5,0.00841327,0.0114505,-0.0497573,-0.000258946,-0.00303723
2.35,0,0.0790974,0.116059,-0.497464,0.0139183,-0.0369619
2.35,1,-0.776261,-0.667111,-0.156568,-3.89631,-0.10915
2.35,2,1.16837,1.21417,0.197688,-1.76934,-0.0457989
2.35,3,0.0158301,0.0220598,-0.100154,-0.00220481,-0.00622972
2.35,4,-0.392083,-0.362008,-0.0496432,-0.215773,-0.0300744
2.35,5,0.00791578,0.0109529,-0.0497579,-0.000258303,-0.00303714
2.36,0,0.0741222,0.111085,-0.497453,0.0138628,-0.0369624
2.36,1,-0.777754,-0.668676,-0.156577,-3.89335,-0.109077
2.36,2,1.17036,1.21614,0.197691,-1.76895,-0.0457857
2.36,3,0.0148351,0.0210583,-0.100157,-0.00213706,-0.00622314
2.36,4,-0.39258,-0.362505,-0.0496413,-0.215783,-0.0300754
2.36,5,0.0074183,0.0104553,-0.0497584,-0.000257679,-0.00303704
2.37,0,0.0691471,0.10611,-0.497445,0.0138104,-0.0369631
2.37,1,-0.779246,-0.670242,-0.156586,-3.89039,-0.109004
2.37,2,1.17235,1.21812,0.197695,-1.76857,-0.0457725
2.37,3,0.0138401,0.0200567,-0.10016,-0.00206934,-0.00621653
2.37,4,-0.393078,-0.363001,-0.0496396,-0.215792,-0.0300765
2.37,5,0.00692081,0.00995775,-0.0497587,-0.000257081,-0.00303694
2.38,0,0.0641719,0.101136,-0.497439,0.0137617,-0.0369639
2.38,1,-0.780739,-0.671808,-0.156596,-3.88743,-0.10893
2.38,2,1.17434,1.2201,0.197698,-1.76818,-0.0457594
2.38,3,0.0128452,0.0190551,-0.100162,-0.00200166,-0.00620989
2.38,4,-0.393575,-0.363497,-0.0496381,-0.215802,-0.0300776
2.38,5,0.00642333,0.00946016,-0.0497588,-0.000256511,-0.00303683
2.39,0,0.0591967,0.0961614,-0.497435,0.0137171,-0.0369647
2.39,1,-0.782231,-0.673374,-0.156605,-3.88446,-0.108857
2.39,2,1.17633,1.22207,0.197701,-1.76779,-0.0457463
2.39,3,0.0118502,0.0180534,-0.100164,-0.00193407,-0.00620324
2.39,4,-0.394073,-0.363994,-0.0496368,-0.215811,-0.0300787
2.39,5,0.00592585,0.00896257,-0.0497589,-0.000255975,-0.00303673
2.4,0,0.0542216,0.0911871,-0.497432,0.013677,-0.0369655
2.4,1,-0.783724,-0.67494,-0.156615,-3.88148,-0.108783
2.4,2,1.17832,1.22405,0.197704,-1.7674,-0.0457332
2.4,3,0.0108552,0.0170518,-0.100165,-0.00186658,-0.00619657
2.4,4,-0.39457,-0.36449,-0.0496357,-0.21582,-0.0300798
2.4,5,0.00542836,0.00846499,-0.0497588,-0.000255474,-0.00303662
2.41,0,0.0492464,0.0862127,-0.497432,0.0136417,-0.0369663
2.41,1,-0.785216,-0.676507,-0.156625,-3.87851,-0.10871
2.41,2,1.18031,1.22603,0.197706,-1.76702,-0.0457202
2.41,3,0.00986024,0.0160501,-0.100166,-0.00179921,-0.00618988
2.41,4,-0.395067,-0.364987,-0.0496349,-0.21583,-0.0300809
2.41,5,0.00493088,0.0079674,-0.0497586,-0.000255011,-0.00303652
2.42,0,0.0442712,0.0812384,-0.497433,0.0136116,-0.0369672
2.42,1,-0.786709,-0.678073,-0.156635,-3.87552,-0.108636
2.42,2,1.1823,1.22801,0.197708,-1.76663,-0.0457071
2.42,3,0.00886527,0.0150485,-0.100167,-0.00173198,-0.0061832
2.42,4,-0.395565,-0.365483,-0.0496344,-0.215839,-0.030082
2.42,5,0.0044334,0.00746981,-0.0497583,-0.000254588,-0.00303642
2.43,0,0.0392961,0.0762641,-0.497436,0.0135866,-0.036968
2.43,1,-0.788201,-0.679639,-0.156646,-3.87253,-0.108562
2.43,2,1.18429,1.22998,0.19771,-1.76624,-0.0456941
2.43,3,0.00787029,0.0140468,-0.100167,-0.00166489,-0.0061765
2.43,4,-0.396062,-0.365979,-0.0496342,-0.215848,-0.0300832
2.43,5,0.00393591,0.00697223,-0.049758,-0.000254206,-0.00303632
2.44,0,0.0343209,0.0712897,-0.497439,0.013567,-0.0369688
2.44,1,-0.789694,-0.681206,-0.156656,-3.86954,-0.108488
2.44,2,1.18628,1.23196,0.197712,-1.76586,-0.0456811
2.44,3,0.00687532,0.0130451,-0.100167,-0.00159795,-0.00616981
2.44,4,-0.39656,-0.366476,-0.0496343,-0.215857,-0.0300843
2.44,5,0.00343843,0.00647466,-0.0497576,-0.000253865,-0.00303623
2.45,0,0.0293458,0.0663153,-0.497445,0.0135526,-0.0369695
2.45,1,-0.791186,-0.682772,-0.156668,-3.86654,-0.108414
2.45,2,1.18827,1.23394,0.197713,-1.76547,-0.0456682
2.45,3,0.00588034,0.0120435,-0.100167,-0.00153116,-0.00616312
2.45,4,-0.397057,-0.366972,-0.0496346,-0.215866,-0.0300854
2.45,5,0.00294095,0.00597708,-0.0497571,-0.000253565,-0.00303614
2.46,0,0.0243706,0.0613408,-0.497451,0.0135434,-0.0369702
2.46,1,-0.792679,-0.684339,-0.156679,-3.86354,-0.108339
2.46,2,1.19026,1.23591,0.197714,-1.76508,-0.0456552
2.46,3,0.00488537,0.0110418,-0.100166,-0.00146452,-0.00615643
2.46,4,-0.397555,-0.367468,-0.0496352,-0.215875,-0.0300866
2.46,5,0.00244346,0.00547951,-0.0497565,-0.000253305,-0.00303605
2.47,0,0.0193954,0.0563663,-0.497458,0.0135393,-0.0369708
2.47,1,-0.794171,-0.685906,-0.156691,-3.86053,-0.108265
2.47,2,1.19225,1.23789,0.197715,-1.7647,-0.0456423
2.47,3,0.00389039,0.0100401,-0.100166,-0.00139802,-0.00614974
2.47,4,-0.398052,-0.367965,-0.0496361,-0.215883,-0.0300877
2.47,5,0.00194598,0.00498195,-0.049756,-0.000253084,-0.00303597
2.48,0,0.0144203,0.0513916,-0.497465,0.01354,-0.0369714
2.48,1,-0.795664,-0.687473,-0.156703,-3.85751,-0.108191
2.48,2,1.19424,1.23987,0.197715,-1.76431,-0.0456293
2.48,3,0.00289542,0.00903848,-0.100165,-0.00133166,-0.00614306
2.48,4,-0.39855,-0.368461,-0.0496373,-0.215892,-0.0300888
2.48,5,0.00144849,0.0044844,-0.0497554,-0.000252902,-0.0030359
2.49,0,0.0094451,0.0464169,-0.497473,0.0135455,-0.0369718
2.49,1,-0.797156,-0.68904,-0.156715,-3.85449,-0.108116
2.49,2,1.19623,1.24185,0.197715,-1.76392,-0.0456164
2.49,3,0.00190044,0.00803683,-0.100164,-0.00126541,-0.00613639
2.49,4,-0.399047,-0.368957,-0.0496388,-0.2159,-0.0300899
2.49,5,0.000951011,0.00398685,-0.0497547,-0.000252755,-0.00303584
2.5,0,0.00446994,0.0414422,-0.497482,0.0135554,-0.0369722
2.5,1,-0.798649,-0.690607,-0.156728,-3.85146,-0.108041
2.5,2,1.19822,1.24382,0.197715,-1.76353,-0.0456034
2.5,3,0.000905465,0.0070352,-0.100163,-0.00119928,-0.00612973
2.5,4,-0.399545,-0.369454,-0.0496405,-0.215907,-0.030091
2.5,5,0.000453528,0.0034893,-0.0497541,-0.000252643,-0.00303577
2.51,0,-7.70721e-06,0.0364673,-0.49749,0.03347,-0.036475
2.51,1,-0.799992,-0.692175,-0.156741,-3.84246,-0.107817
2.51,2,1.20001,1.2458,0.197715,-1.76911,-0.0457895
2.51,3,9.98765e-06,0.00603357,-0.100163,-0.000138264,-0.00602358
2.51,4,-0.399992,-0.36995,-0.0496424,-0.215517,-0.0300423
2.51,5,5.79234e-06,0.00299176,-0.0497535,-3.82046e-06,-0.00298597
2.52,0,-7.70721e-06,0.0315072,-0.493828,0.220887,-0.0315149
2.52,1,-0.799992,-0.693709,-0.149071,-3.8041,-0.106283
2.52,2,1.20001,1.24772,0.18398,-1.79916,-0.0477067
2.52,3,9.98765e-06,0.00506019,-0.0934847,0.00558877,-0.00505021
2.52,4,-0.399992,-0.370412,-0.0419806,-0.215654,-0.0295805
2.52,5,5.79234e-06,0.00248331,-0.0520277,0.00322074,-0.00247751
2.53,0,-7.70721e-06,0.0266177,-0.484121,0.387348,-0.0266254
2.53,1,-0.799992,-0.695126,-0.135295,-3.78875,-0.104866
2.53,2,1.20001,1.24943,0.160389,-1.80336,-0.0494193
2.53,3,9.98765e-06,0.00419718,-0.0797662,0.00598776,-0.0041872
2.53,4,-0.399992,-0.370774,-0.0316685,-0.217916,-0.0292188
2.53,5,5.79234e-06,0.00195388,-0.053228,0.00622798,-0.00194809
2.54,0,-7.70721e-06,0.0218546,-0.469191,0.533081,-0.0218623
2.54,1,-0.799992,-0.696398,-0.120582,-3.78202,-0.103594
2.54,2,1.20001,1.2509,0.136395,-1.79949,-0.0508899
2.54,3,9.98765e-06,0.00348904,-0.0632802,0.00317759,-0.00347906
2.54,4,-0.399992,-0.371046,-0.0241576,-0.219491,-0.0289462
2.54,5,5.79234e-06,0.00143121,-0.0509464,0.00815683,-0.00142542
2.55,0,-7.70721e-06,0.017266,-0.449793,0.65843,-0.0172737
2.55,1,-0.799992,-0.697526,-0.106652,-3.77868,-0.102466
2.55,2,1.20001,1.25214,0.114757,-1.79349,-0.0521325
2.55,3,9.98765e-06,0.00294985,-0.046307,-0.00161438,-0.00293986
2.55,4,-0.399992,-0.371261,-0.0196913,-0.220005,-0.0287314
2.55,5,5.79234e-06,0.000949417,-0.0455164,0.00893679,-0.000943625
2.56,0,-7.70721e-06,0.0128926,-0.426638,0.763901,-0.0129003
2.56,1,-0.799992,-0.698522,-0.0940253,-3.77672,-0.10147
2.56,2,1.20001,1.25318,0.0960594,-1.78736,-0.0531748
2.56,3,9.98765e-06,0.00257653,-0.0301893,-0.0075518,-0.00256654
2.56,4,-0.399992,-0.371444,-0.0173743,-0.219701,-0.0285486
2.56,5,5.79234e-06,0.000534363,-0.0379948,0.00875559,-0.000528571
2.57,0,-7.70721e-06,0.00876825,-0.400399,0.850159,-0.00877596
2.57,1,-0.799992,-0.699399,-0.0827838,-3.77535,-0.100593
2.57,2,1.20001,1.25406,0.0801967,-1.78177,-0.0540459
2.57,3,9.98765e-06,0.00235569,-0.0157478,-0.0140083,-0.0023457
2.57,4,-0.399992,-0.371611,-0.0163142,-0.218894,-0.0283814
2.57,5,5.79234e-06,0.000200914,-0.0294616,0.00786289,-0.000195121
2.58,0,-7.70721e-06,0.00492027,-0.371712,0.918016,-0.00492798
2.58,1,-0.799992,-0.700171,-0.072852,-3.77426,-0.0998204
2.58,2,1.20001,1.25478,0.0668655,-1.77691,-0.0547726
2.58,3,9.98765e-06,0.00226769,-0.00346226,-0.0204996,-0.0022577
2.58,4,-0.399992,-0.371771,-0.0158651,-0.217835,-0.028221
2.58,5,5.79234e-06,-4.58746e-05,-0.0208015,0.00649879,5.16669e-05
2.59,0,-7.70721e-06,0.00136983,-0.341172,0.968414,-0.00137754
2.59,1,-0.799992,-0.700851,-0.0640985,-3.77334,-0.099141
2.59,2,1.20001,1.25539,0.0557277,-1.77281,-0.0553784
2.59,3,9.98765e-06,0.0022895,0.00643241,-0.0266546,-0.00227952
2.59,4,-0.399992,-0.371929,-0.0156191,-0.2167,-0.0280638
2.59,5,5.79234e-06,-0.00020848,-0.0126606,0.00486955,0.000214272
2.6,0,-7.70721e-06,-0.00186763,-0.309334,1.0024,0.00185993
2.6,1,-0.799992,-0.701449,-0.0563793,-3.77259,-0.0985432
2.6,2,1.20001,1.25589,0.046463,-1.76942,-0.0558833
2.6,3,9.98765e-06,0.00239681,0.0138841,-0.0321987,-0.00238682
2.6,4,-0.399992,-0.372083,-0.0153442,-0.2156,-0.027909
2.6,5,5.79234e-06,-0.000294605,-0.00546474,0.00314141,0.000300397
2.61,0,-7.70721e-06,-0.004782,-0.276712,1.02111,0.00477429
2.61,1,-0.799992,-0.701974,-0.0495558,-3.77204,-0.0980177
2.61,2,1.20001,1.25631,0.0387845,-1.7667,-0.0563045
2.61,3,9.98765e-06,0.00256554,0.018976,-0.0369411,-0.00255555
2.61,4,-0.399992,-0.372235,-0.0149252,-0.214599,-0.0277577
2.61,5,5.79234e-06,-0.000315166,0.000543801,0.00144165,0.000320958
2.62,0,-7.70721e-06,-0.00736805,-0.243776,1.02574,0.00736034
2.62,1,-0.799992,-0.702436,-0.0435028,-3.77173,-0.097556
2.62,2,1.20001,1.25667,0.0324417,-1.76458,-0.0566564
2.62,3,9.98765e-06,0.00277302,0.0218883,-0.0407633,-0.00276304
2.62,4,-0.399992,-0.372381,-0.0143193,-0.213733,-0.0276116
2.62,5,5.79234e-06,-0.000282684,0.00526614,-0.000137462,0.000288476
2.63,0,-7.70721e-06,-0.00962502,-0.210952,1.01755,0.00961731
2.63,1,-0.799992,-0.702841,-0.0381113,-3.77171,-0.0971511
2.63,2,1.20001,1.25696,0.0272192,-1.76298,-0.0569513
2.63,3,9.98765e-06,0.00299876,0.0228654,-0.043607,-0.00298878
2.63,4,-0.399992,-0.37252,-0.0135262,-0.213018,-0.0274727
2.63,5,5.79234e-06,-0.000210051,0.00871003,-0.00153379,0.000215843
2.64,0,-7.70721e-06,-0.0115562,-0.178626,0.997816,0.0115485
2.64,1,-0.799992,-0.703195,-0.0332888,-3.77201,-0.096797
2.64,2,1.20001,1.25721,0.0229327,-1.76184,-0.0571992
2.64,3,9.98765e-06,0.00322494,0.0221895,-0.0454632,-0.00321495
2.64,4,-0.399992,-0.37265,-0.0125682,-0.212456,-0.0273425
2.64,5,5.79234e-06,-0.000109649,0.0109579,-0.00271017,0.000115441
2.65,0,-7.70721e-06,-0.0131684,-0.147137,0.967841,0.0131607
2.65,1,-0.799992,-0.703504,-0.0289581,-3.77266,-0.0964883
2.65,2,1.20001,1.25742,0.0194264,-1.76111,-0.0574086
2.65,3,9.98765e-06,0.00343666,0.0201593,-0.0463623,-0.00342668
2.65,4,-0.399992,-0.37277,-0.0114785,-0.212043,-0.0272228
2.65,5,5.79234e-06,7.25148e-06,0.0121406,-0.00364949,-1.45914e-06
2.66,0,-7.70721e-06,-0.0144718,-0.116785,0.928921,0.0144641
2.66,1,-0.799992,-0.703771,-0.0250562,-3.77365,-0.0962205
2.66,2,1.20001,1.2576,0.0165685,-1.76074,-0.0575867
2.66,3,9.98765e-06,0.00362203,0.0170727,-0.0463641,-0.00361204
2.66,4,-0.399992,-0.372878,-0.0102936,-0.211769,-0.0271144
2.66,5,5.79234e-06,0.000130853,0.0124162,-0.00435015,-0.00012506
2.67,0,-7.70721e-06,-0.0154792,-0.0878278,0.882342,0.0154715
2.67,1,-0.799992,-0.704002,-0.0215313,-3.77499,-0.0959896
2.67,2,1.20001,1.25775,0.0142484,-1.76067,-0.0577392
2.67,3,9.98765e-06,0.00377206,0.0132145,-0.0455495,-0.00376208
2.67,4,-0.399992,-0.372974,-0.00904961,-0.211622,-0.0270183
2.67,5,5.79234e-06,0.000253008,0.0119535,-0.00482212,-0.000247216
2.68,0,-7.70721e-06,-0.0162056,-0.0604812,0.82936,0.0161979
2.68,1,-0.799992,-0.7042,-0.0183419,-3.77666,-0.0957921
2.68,2,1.20001,1.25788,0.0123732,-1.76088,-0.057871
2.68,3,9.98765e-06,0.00388051,0.00884733,-0.0440136,-0.00387052
2.68,4,-0.399992,-0.373058,-0.0077796,-0.211588,-0.0269348
2.68,5,5.79234e-06,0.000367264,0.0109204,-0.00508347,-0.000361472
2.69,0,-7.70721e-06,-0.0166683,-0.0349236,0.771196,0.0166606
2.69,1,-0.799992,-0.704367,-0.0154545,-3.77863,-0.0956248
2.69,2,1.20001,1.258,0.0108651,-1.76132,-0.0579862
2.69,3,9.98765e-06,0.00394359,0.00420578,-0.0418595,-0.0039336
2.69,4,-0.399992,-0.373129,-0.00651294,-0.211655,-0.026864
2.69,5,5.79234e-06,0.000468797,0.00947496,-0.00515751,-0.000463005
2.7,0,-7.70721e-06,-0.016886,-0.011296,0.709019,0.0168783
2.7,1,-0.799992,-0.704507,-0.0128417,-3.78087,-0.0954848
2.7,2,1.20001,1.2581,0.00965899,-1.76196,-0.058088
2.7,3,9.98765e-06,0.00395971,-0.000506832,-0.0391931,-0.00394972
2.7,4,-0.399992,-0.373187,-0.00527472,-0.211808,-0.0268057
2.7,5,5.79234e-06,0.000554283,0.00776,-0.00507045,-0.00054849
2.71,0,-7.70721e-06,-0.0168785,0.0102964,0.643941,0.0168708
2.71,1,-0.799992,-0.704622,-0.0104812,-3.78334,-0.0953696
2.71,2,1.20001,1.25819,0.00870017,-1.76277,-0.0581791
2.71,3,9.98765e-06,0.00392913,-0.00511973,-0.0361196,-0.00391914
2.71,4,-0.399992,-0.373233,-0.00408572,-0.212033,-0.0267595
2.71,5,5.79234e-06,0.000621725,0.00589975,-0.00484959,-0.000615933
2.72,0,-7.70721e-06,-0.0166666,0.0297819,0.577009,0.0166589
2.72,1,-0.799992,-0.704715,-0.00835458,-3.786,-0.0952767
2.72,2,1.20001,1.25827,0.00794271,-1.76374,-0.0582618
2.72,3,9.98765e-06,0.00385363,-0.00949432,-0.0327398,-0.00384364
2.72,4,-0.399992,-0.373268,-0.00296263,-0.212318,-0.0267249
2.72,5,5.79234e-06,0.000670262,0.00399847,-0.00452189,-0.000664469
2.73,0,-7.70721e-06,-0.0162716,0.0471198,0.509197,0.0162639
2.73,1,-0.799992,-0.704788,-0.00644599,-3.78881,-0.0952038
2.73,2,1.20001,1.25835,0.00734794,-1.76483,-0.0583379
2.73,3,9.98765e-06,0.0037362,-0.0135226,-0.0291486,-0.00372622
2.73,4,-0.399992,-0.373291,-0.00191826,-0.212649,-0.0267011
2.73,5,5.79234e-06,0.000699962,0.00214038,-0.00411296,-0.000694169
2.74,0,-7.70721e-06,-0.0157152,0.0622987,0.441402,0.0157074
2.74,1,-0.799992,-0.704843,-0.00474165,-3.79173,-0.0951489
2.74,2,1.20001,1.25842,0.00688318,-1.76603,-0.0584087
2.74,3,9.98765e-06,0.00358079,-0.0171251,-0.0254329,-0.0035708
2.74,4,-0.399992,-0.373305,-0.000961942,-0.213017,-0.0266872
2.74,5,5.79234e-06,0.00071163,0.000390666,-0.00364639,-0.000705838
2.75,0,-7.70721e-06,-0.0150187,0.0753336,0.37444,0.015011
2.75,1,-0.799992,-0.704882,-0.00322917,-3.79471,-0.0951099
2.75,2,1.20001,1.25849,0.0065208,-1.76731,-0.0584755
2.75,3,9.98765e-06,0.00339195,-0.0202475,-0.0216711,-0.00338196
2.75,4,-0.399992,-0.37331,-9.98524e-05,-0.21341,-0.0266824
2.75,5,5.79234e-06,0.000706628,-0.001203,-0.00314328,-0.000700835
2.76,0,-7.70721e-06,-0.0142036,0.0862635,0.309043,0.0141958
2.76,1,-0.799992,-0.704907,-0.00189706,-3.79771,-0.0950851
2.76,2,1.20001,1.25855,0.00623736,-1.76865,-0.058539
2.76,3,9.98765e-06,0.00317469,-0.022858,-0.0179322,-0.0031647
2.76,4,-0.399992,-0.373307,0.000664622,-0.213818,-0.0266857
2.76,5,5.79234e-06,0.000686703,-0.00260842,-0.00262203,-0.00068091
2.77,0,-7.70721e-06,-0.0132904,0.0951488,0.245861,0.0132827
2.77,1,-0.799992,-0.704919,-0.000734431,-3.8007,-0.0950727
2.77,2,1.20001,1.25861,0.00601297,-1.77003,-0.0586001
2.77,3,9.98765e-06,0.0029342,-0.0249439,-0.0142758,-0.00292421
2.77,4,-0.399992,-0.373296,0.0013305,-0.214234,-0.0266961
2.77,5,5.79234e-06,0.000653853,-0.00380667,-0.0020983,-0.00064806
2.78,0,-7.70721e-06,-0.0122993,0.102069,0.185455,0.0122916
2.78,1,-0.799992,-0.704921,0.000269258,-3.80365,-0.095071
2.78,2,1.20001,1.25867,0.00583082,-1.77144,-0.0586592
2.78,3,9.98765e-06,0.00267573,-0.0265084,-0.0107524,-0.00266574
2.78,4,-0.399992,-0.37328,0.00189883,-0.21465,-0.0267126
2.78,5,5.79234e-06,0.0006102,-0.00478991,-0.00158506,-0.000604408
2.79,0,-7.70721e-06,-0.0112493,0.10712,0.128304,0.0112416
2.79,1,-0.799992,-0.704913,0.00112433,-3.80651,-0.0950785
2.79,2,1.20001,1.25873,0.00567674,-1.77285,-0.0587167
2.79,3,9.98765e-06,0.00240441,-0.0275676,-0.00740372,-0.00239443
2.79,4,-0.399992,-0.373258,0.00237237,-0.215061,-0.0267343
2.79,5,5.79234e-06,0.000557896,-0.0055592,-0.00109276,-0.000552103
2.8,0,-7.70721e-06,-0.0101586,0.11041,0.0748049,0.0101509
2.8,1,-0.799992,-0.704898,0.001841,-3.80927,-0.0950938
2.8,2,1.20001,1.25878,0.00553889,-1.77426,-0.0587727
2.8,3,9.98765e-06,0.00212516,-0.0281477,-0.00426314,-0.00211518
2.8,4,-0.399992,-0.373232,0.00275521,-0.215459,-0.0267602
2.8,5,5.79234e-06,0.00049904,-0.00612254,-0.000629476,-0.000493248
2.81,0,-7.70721e-06,-0.00904411,0.112061,0.0252733,0.0090364
2.81,1,-0.799992,-0.704876,0.00242936,-3.81191,-0.0951155
2.81,2,1.20001,1.25884,0.00540751,-1.77564,-0.0588273
2.81,3,9.98765e-06,0.00184259,-0.0282828,-0.00135638,-0.00183261
2.81,4,-0.399992,-0.373203,0.00305249,-0.215842,-0.0267894
2.81,5,5.79234e-06,0.000435624,-0.00649305,-0.000201244,-0.000429832
2.82,0,-7.70721e-06,-0.00792154,0.112201,-0.0200507,0.00791383
2.82,1,-0.799992,-0.704849,0.00289946,-3.8144,-0.0951425
2.82,2,1.20001,1.25889,0.00527469,-1.77697,-0.0588807
2.82,3,9.98765e-06,0.00156094,-0.0280122,0.00129784,-0.00155095
2.82,4,-0.399992,-0.373171,0.00327011,-0.216205,-0.0268212
2.82,5,5.79234e-06,0.000369487,-0.00668743,0.000187757,-0.000363695
2.83,0,-7.70721e-06,-0.00680524,0.110967,-0.0610002,0.00679753
2.83,1,-0.799992,-0.704818,0.00326119,-3.81673,-0.0951736
2.83,2,1.20001,1.25894,0.00513422,-1.77825,-0.0589327
2.83,3,9.98765e-06,0.00128402,-0.0273789,0.00368708,-0.00127403
2.83,4,-0.399992,-0.373138,0.00341447,-0.216546,-0.0268548
2.83,5,5.79234e-06,0.000302286,-0.00672464,0.000534921,-0.000296494
2.84,0,-7.70721e-06,-0.00570818,0.108498,-0.097476,0.00570048
2.84,1,-0.799992,-0.704784,0.00352432,-3.81888,-0.0952077
2.84,2,1.20001,1.25899,0.0049814,-1.77946,-0.0589832
2.84,3,9.98765e-06,0.00101521,-0.0264279,0.00580448,-0.00100523
2.84,4,-0.399992,-0.373103,0.00349229,-0.216861,-0.0268894
2.84,5,5.79234e-06,0.000235485,-0.00662478,0.000838973,-0.000229692
2.85,0,-7.70721e-06,-0.00464194,0.104937,-0.129442,0.00463424
2.85,1,-0.799992,-0.704748,0.0036984,-3.82085,-0.095244
2.85,2,1.20001,1.25904,0.00481293,-1.78059,-0.0590321
2.85,3,9.98765e-06,0.000757457,-0.0252046,0.00764808,-0.000747469
2.85,4,-0.399992,-0.373068,0.0035104,-0.217151,-0.0269245
2.85,5,5.79234e-06,0.00017034,-0.00640825,0.00109974,-0.000164547
2.86,0,-7.70721e-06,-0.00361666,0.100426,-0.156921,0.00360895
2.86,1,-0.799992,-0.70471,0.00379272,-3.82264,-0.0952815
2.86,2,1.20001,1.25909,0.00462672,-1.78163,-0.0590792
2.86,3,9.98765e-06,0.000513219,-0.0237542,0.00922018,-0.000503232
2.86,4,-0.399992,-0.373033,0.00347559,-0.217413,-0.0269594
2.86,5,5.79234e-06,0.000107908,-0.00609505,0.00131794,-0.000102116
2.87,0,-7.70721e-06,-0.00264104,0.095107,-0.179988,0.00263333
2.87,1,-0.799992,-0.704672,0.00381629,-3.82423,-0.0953196
2.87,2,1.20001,1.25913,0.00442182,-1.78257,-0.0591244
2.87,3,9.98765e-06,0.00028453,-0.0221202,0.0105267,-0.000274543
2.87,4,-0.399992,-0.372999,0.00339452,-0.217647,-0.0269938
2.87,5,5.79234e-06,4.90504e-05,-0.00570429,0.001495,-4.32581e-05
2.88,0,-7.70721e-06,-0.00172242,0.0891171,-0.198763,0.00171471
2.88,1,-0.799992,-0.704634,0.00377776,-3.82564,-0.0953576
2.88,2,1.20001,1.25918,0.00419823,-1.78342,-0.0591674
2.88,3,9.98765e-06,7.29942e-05,-0.0203445,0.0115766,-6.30066e-05
2.88,4,-0.399992,-0.372965,0.00327362,-0.217854,-0.0270271
2.88,5,5.79234e-06,-5.55701e-06,-0.00525379,0.00163288,1.13493e-05
2.89,0,-7.70721e-06,-0.000866752,0.0825904,-0.21341,0.000859045
2.89,1,-0.799992,-0.704597,0.00368537,-3.82685,-0.095395
2.89,2,1.20001,1.25922,0.0039568,-1.78415,-0.059208
2.89,3,9.98765e-06,-0.000120189,-0.0184662,0.0123815,0.000130177
2.89,4,-0.399992,-0.372933,0.00311902,-0.218032,-0.027059
2.89,5,5.79234e-06,-5.54081e-05,-0.00475993,0.00173398,6.12005e-05
2.9,0,-7.70721e-06,-7.87061e-05,0.0756551,-0.224125,7.09989e-05
2.9,1,-0.799992,-0.704561,0.00354696,-3.82788,-0.0954311
2.9,2,1.20001,1.25926,0.0036991,-1.78478,-0.0592462
2.9,3,9.98765e-06,-0.000294198,-0.0165218,0.0129549,0.000304185
2.9,4,-0.399992,-0.372903,0.0029365,-0.218182,-0.0270892
2.9,5,5.79234e-06,-0.000100152,-0.00423742,0.00180095,0.000105944
2.91,0,-7.70721e-06,0.00063831,0.0684325,-0.231138,-0.000646017
2.91,1,-0.799992,-0.704526,0.00336995,-3.82873,-0.0954656
2.91,2,1.20001,1.25929,0.00342725,-1.78531,-0.0592817
2.91,3,9.98765e-06,-0.000448554,-0.0145443,0.013312,0.000458541
2.91,4,-0.399992,-0.372875,0.0027315,-0.218305,-0.0271175
2.91,5,5.79234e-06,-0.000139574,-0.00369933,0.00183663,0.000145367
2.92,0,-7.70721e-06,0.00128206,0.0610366,-0.2347,-0.00128976
2.92,1,-0.799992,-0.704494,0.00316124,-3.82941,-0.0954982
2.92,2,1.20001,1.25932,0.00314384,-1.78572,-0.0593144
2.92,3,9.98765e-06,-0.000583097,-0.0125641,0.0134693,0.000593084
2.92,4,-0.399992,-0.372849,0.00250907,-0.218403,-0.0271436
2.92,5,5.79234e-06,-0.000173584,-0.00315705,0.001844,0.000179377
2.93,0,-7.70721e-06,0.00185139,0.0535731,-0.235083,-0.00185909
2.93,1,-0.799992,-0.704463,0.00292731,-3.82992,-0.0955285
2.93,2,1.20001,1.25935,0.00285177,-1.78603,-0.0593443
2.93,3,9.98765e-06,-0.000697948,-0.0106078,0.013444,0.000707935
2.93,4,-0.399992,-0.372825,0.00227386,-0.218476,-0.0271674
2.93,5,5.79234e-06,-0.000202195,-0.00262035,0.00182604,0.000207987
2.94,0,-7.70721e-06,0.00234617,0.0461387,-0.232571,-0.00235387
2.94,1,-0.799992,-0.704435,0.00267413,-3.83028,-0.0955564
2.94,2,1.20001,1.25938,0.00255417,-1.78624,-0.0593712
2.94,3,9.98765e-06,-0.000793479,-0.00869901,0.0132541,0.000803467
2.94,4,-0.399992,-0.372804,0.00203016,-0.218525,-0.0271888
2.94,5,5.79234e-06,-0.000225508,-0.00209747,0.00178574,0.0002313
2.95,0,-7.70721e-06,0.00276718,0.0388212,-0.227459,-0.00277488
2.95,1,-0.799992,-0.70441,0.00240721,-3.83049,-0.0955817
2.95,2,1.20001,1.2594,0.00225425,-1.78636,-0.0593951
2.95,3,9.98765e-06,-0.000870281,-0.00685812,0.0129176,0.000880269
2.95,4,-0.399992,-0.372785,0.0017819,-0.218553,-0.0272077
2.95,5,5.79234e-06,-0.000243701,-0.00159524,0.00172604,0.000249493
2.96,0,-7.70721e-06,0.00311603,0.0316989,-0.220046,-0.00312373
2.96,1,-0.799992,-0.704388,0.00213157,-3.83057,-0.0956043
2.96,2,1.20001,1.25943,0.00195524,-1.78639,-0.0594159
2.96,3,9.98765e-06,-0.000929129,-0.00510242,0.0124526,0.000939117
2.96,4,-0.399992,-0.372768,0.00153262,-0.21856,-0.0272242
2.96,5,5.79234e-06,-0.000257011,-0.00111918,0.00164977,0.000262804
2.97,0,-7.70721e-06,0.00339505,0.0248407,-0.210632,-0.00340276
2.97,1,-0.799992,-0.704368,0.0018518,-3.83052,-0.095624
2.97,2,1.20001,1.25944,0.00166028,-1.78634,-0.0594339
2.97,3,9.98765e-06,-0.000970957,-0.00344628,0.0118772,0.000980945
2.97,4,-0.399992,-0.372754,0.00128551,-0.218548,-0.0272381
2.97,5,5.79234e-06,-0.000265726,-0.000673603,0.00155967,0.000271518
2.98,0,-7.70721e-06,0.00360723,0.0183058,-0.199515,-0.00361493
2.98,1,-0.799992,-0.704351,0.001572,-3.83036,-0.095641
2.98,2,1.20001,1.25946,0.00137236,-1.78621,-0.0594489
2.98,3,9.98765e-06,-0.000996827,-0.00190124,0.0112089,0.00100681
2.98,4,-0.399992,-0.372743,0.00104345,-0.218519,-0.0272496
2.98,5,5.79234e-06,-0.000270168,-0.000261775,0.00145833,0.00027596
2.99,0,-7.70721e-06,0.00375607,0.0121443,-0.186984,-0.00376378
2.99,1,-0.799992,-0.704337,0.00129584,-3.8301,-0.0956552
2.99,2,1.20001,1.25947,0.00109426,-1.78602,-0.0594611
2.99,3,9.98765e-06,-0.0010079,-0.00047624,0.0104646,0.00101789
2.99,4,-0.399992,-0.372734,0.000808952,-0.218475,-0.0272588
2.99,5,5.79234e-06,-0.000270688,0.00011399,0.00134821,0.000276481
3,0,-7.70721e-06,0.00384555,0.00639716,-0.173322,-0.00385326
3,1,-0.799992,-0.704325,0.00102658,-3.82975,-0.0956667
3,2,1.20001,1.25948,0.000828459,-1.78577,-0.0594705
3,3,9.98765e-06,-0.00100541,0.000822231,0.00966068,0.0010154
3,4,-0.399992,-0.372727,0.000584236,-0.218417,-0.0272656
3,5,5.79234e-06,-0.000267657,0.000452218,0.00123158,0.000273449
