sim_t,joint,desired,actual,velocity,torque,error
0,0,1,1,0,0,0
0,1,-0.5,-0.5,0,0,0
0,2,0.8,0.8,0,6.66134e-15,2.22045e-16
0,3,0.2,0.2,0,7.21645e-15,7.21645e-16
0,4,-0.3,-0.3,0,0,0
0,5,0.1,0.1,0,1.80411e-15,3.60822e-16
0.01,0,1,1.00001,0.00184924,-0.00597275,-1.06255e-05
0.01,1,-0.5,-0.498888,0.184338,-0.597497,-0.00111208
0.01,2,0.8,0.799781,-0.0139566,0.0344682,0.0002185
0.01,3,0.2,0.199984,-0.00251246,0.00166906,1.61582e-05
0.01,4,-0.3,-0.300816,-0.14269,0.0778714,0.000815828
0.01,5,0.1,0.100057,0.00937697,-0.00309604,-5.65901e-05
0.02,0,1,1.00003,0.00263663,-0.00928858,-3.44672e-05
0.02,1,-0.5,-0.496384,0.298819,-1.04111,-0.00361644
0.02,2,0.8,0.799984,0.0515327,-0.102586,1.59729e-05
0.02,3,0.2,0.199959,-0.00205632,0.00164124,4.07451e-05
0.02,4,-0.3,-0.302694,-0.211843,0.127474,0.00269404
0.02,5,0.1,0.100169,0.0118957,-0.00441399,-0.000169055
0.03,0,1,1.00006,0.00238365,-0.00955568,-6.01185e-05
0.03,1,-0.5,-0.492902,0.385422,-1.44019,-0.00709799
0.03,2,0.8,0.800901,0.124273,-0.275581,-0.000901163
0.03,3,0.2,0.199949,-0.000106405,0.00057564,5.11797e-05
0.03,4,-0.3,-0.304838,-0.207512,0.142456,0.00483752
0.03,5,0.1,0.100282,0.0104827,-0.00455525,-0.000282085
0.04,0,1,1.00008,0.00152525,-0.00775852,-7.95692e-05
0.04,1,-0.5,-0.488655,0.45466,-1.81779,-0.0113451
0.04,2,0.8,0.802523,0.192205,-0.4601,-0.002523
0.04,3,0.2,0.19996,0.00213581,-0.000882702,3.98781e-05
0.04,4,-0.3,-0.306666,-0.15775,0.132202,0.00666588
0.04,5,0.1,0.100373,0.007812,-0.00420675,-0.000372629
0.05,0,1,1.00009,0.000412037,-0.00478801,-8.87976e-05
0.05,1,-0.5,-0.48379,0.510848,-2.18096,-0.0162104
0.05,2,0.8,0.804785,0.252814,-0.649174,-0.00478486
0.05,3,0.2,0.199993,0.00418721,-0.00244243,6.98968e-06
0.05,4,-0.3,-0.307856,-0.085141,0.105416,0.00785565
0.05,5,0.1,0.100435,0.00501305,-0.0036801,-0.000435236
0.06,0,1,1.00009,-0.000725221,-0.00128891,-8.66142e-05
0.06,1,-0.5,-0.478423,0.556382,-2.53224,-0.0215774
0.06,2,0.8,0.807609,0.30539,-0.839048,-0.00760892
0.06,3,0.2,0.200045,0.00590009,-0.00398607,-4.46019e-05
0.06,4,-0.3,-0.308267,-0.00476773,0.0685184,0.00826682
0.06,5,0.1,0.100471,0.00247017,-0.00309657,-0.000471104
0.07,0,1,1.00007,-0.00174838,0.00230106,-7.36022e-05
0.07,1,-0.5,-0.472652,0.592728,-2.87211,-0.0273482
0.07,2,0.8,0.810914,0.349758,-1.02692,-0.0109136
0.07,3,0.2,0.200111,0.00725235,-0.00546474,-0.000111332
0.07,4,-0.3,-0.307877,0.0739769,0.0260301,0.00787732
0.07,5,0.1,0.100483,0.00028713,-0.00250359,-0.000483491
0.08,0,1,1.00005,-0.00258352,0.00569648,-5.13519e-05
0.08,1,-0.5,-0.466564,0.620809,-3.19989,-0.0334365
0.08,2,0.8,0.814617,0.386003,-1.21052,-0.0146172
0.08,3,0.2,0.20019,0.00826515,-0.00685602,-0.000189693
0.08,4,-0.3,-0.306736,0.145621,-0.0189215,0.00673615
0.08,5,0.1,0.100476,-0.00152624,-0.00192258,-0.00047609
0.09,0,1,1.00002,-0.00319925,0.00871998,-2.19443e-05
0.09,1,-0.5,-0.460237,0.641233,-3.51422,-0.039763
0.09,2,0.8,0.81864,0.414374,-1.38794,-0.0186396
0.09,3,0.2,0.200276,0.00897333,-0.00814875,-0.000276475
0.09,4,-0.3,-0.304932,0.207305,-0.0641982,0.00493178
0.09,5,0.1,0.100453,-0.00298841,-0.00136601,-0.000452506
0.1,0,1,0.999988,-0.00359136,0.0112695,1.23861e-05
0.1,1,-0.5,-0.453746,0.654435,-3.81345,-0.0462538
0.1,2,0.8,0.822904,0.435222,-1.55757,-0.022904
0.1,3,0.2,0.200369,0.00941488,-0.00933734,-0.000368841
0.1,4,-0.3,-0.302571,0.257857,-0.108358,0.00257135
0.1,5,0.1,0.100416,-0.00412543,-0.000842926,-0.000416111
0.11,0,1,0.999951,-0.00377219,0.013295,4.94605e-05
0.11,1,-0.5,-0.447162,0.66077,-4.09585,-0.0528385
0.11,2,0.8,0.827338,0.448968,-1.71806,-0.0273375
0.11,3,0.2,0.200464,0.00962701,-0.0104195,-0.000464331
0.11,4,-0.3,-0.299767,0.297165,-0.150443,-0.00023255
0.11,5,0.1,0.10037,-0.0049654,-0.000360398,-0.000370004
0.12,0,1,0.999913,-0.00376354,0.0147818,8.72807e-05
0.12,1,-0.5,-0.44055,0.660577,-4.35975,-0.0594504
0.12,2,0.8,0.831872,0.456078,-1.8683,-0.0318716
0.12,3,0.2,0.200561,0.00964437,-0.0113951,-0.000560844
0.12,4,-0.3,-0.29663,0.325749,-0.189834,-0.00336994
0.12,5,0.1,0.100317,-0.00553747,7.62679e-05,-0.000316995
0.13,0,1,0.999876,-0.00359193,0.0157396,0.000124095
0.13,1,-0.5,-0.433974,0.65421,-4.60367,-0.0660261
0.13,2,0.8,0.836443,0.457046,-2.00737,-0.0364426
0.13,3,0.2,0.200657,0.00949834,-0.0122651,-0.000656607
0.13,4,-0.3,-0.293262,0.344475,-0.226142,-0.00673814
0.13,5,0.1,0.10026,-0.00587178,0.000463546,-0.000259598
0.14,0,1,0.999842,-0.00328555,0.0161938,0.000158429
0.14,1,-0.5,-0.427494,0.642055,-4.8264,-0.0725059
0.14,2,0.8,0.840992,0.452382,-2.13452,-0.0409918
0.14,3,0.2,0.20075,0.00921676,-0.0130315,-0.000750143
0.14,4,-0.3,-0.289756,0.354375,-0.259141,-0.0102442
0.14,5,0.1,0.1002,-0.00599929,0.000799683,-0.000200021
0.15,0,1,0.999811,-0.00287235,0.0161806,0.000189089
0.15,1,-0.5,-0.421166,0.624541,-5.027,-0.0788344
0.15,2,0.8,0.845466,0.442612,-2.2492,-0.0454659
0.15,3,0.2,0.20084,0.00882398,-0.0136967,-0.000840233
0.15,4,-0.3,-0.286194,0.356534,-0.288713,-0.0138057
0.15,5,0.1,0.10014,-0.0059513,0.00108459,-0.00014016
0.16,0,1,0.999785,-0.00237891,0.0157429,0.000215154
0.16,1,-0.5,-0.41504,0.60214,-5.20484,-0.0849604
0.16,2,0.8,0.849817,0.428263,-2.35102,-0.0498166
0.16,3,0.2,0.200926,0.00834112,-0.0142635,-0.000925884
0.16,4,-0.3,-0.282649,0.352015,-0.314818,-0.0173513
0.16,5,0.1,0.100082,-0.00575878,0.00131964,-8.15993e-05
0.17,0,1,0.999764,-0.00182977,0.0149277,0.000235959
0.17,1,-0.5,-0.409162,0.575356,-5.35958,-0.0908379
0.17,2,0.8,0.854001,0.409865,-2.43977,-0.0540012
0.17,3,0.2,0.201006,0.0077864,-0.0147348,-0.0010063
0.17,4,-0.3,-0.27918,0.341828,-0.337472,-0.0208197
0.17,5,0.1,0.100026,-0.00545165,0.00150741,-2.5618e-05
0.18,0,1,0.999749,-0.00124711,0.0137842,0.000251071
0.18,1,-0.5,-0.403574,0.544725,-5.49121,-0.0964259
0.18,2,0.8,0.857982,0.387949,-2.51536,-0.057982
0.18,3,0.2,0.201081,0.00717563,-0.0151138,-0.00108084
0.18,4,-0.3,-0.275841,0.32691,-0.356731,-0.0241595
0.18,5,0.1,0.0999732,-0.00505802,0.00165137,2.67939e-05
0.19,0,1,0.99974,-0.000650635,0.0123625,0.000260266
0.19,1,-0.5,-0.398311,0.510802,-5.59997,-0.101689
0.19,2,0.8,0.861727,0.363039,-2.57788,-0.0617267
0.19,3,0.2,0.201149,0.00652255,-0.0154039,-0.00114904
0.19,4,-0.3,-0.272672,0.308114,-0.372681,-0.027328
0.19,5,0.1,0.0999251,-0.0046036,0.00175565,7.4915e-05
0.2,0,1,0.999736,-5.75569e-05,0.0107127,0.000263501
0.2,1,-0.5,-0.393402,0.47415,-5.68635,-0.106598
0.2,2,0.8,0.865208,0.335651,-2.62755,-0.0652083
0.2,3,0.2,0.201211,0.00583929,-0.0156088,-0.00121052
0.2,4,-0.3,-0.269709,0.286215,-0.385435,-0.030291
0.2,5,0.1,0.0998817,-0.00411124,0.0018247,0.000118266
0.21,0,1,0.999739,0.000517322,0.0088838,0.000260894
0.21,1,-0.5,-0.388873,0.435337,-5.7511,-0.111127
0.21,2,0.8,0.868405,0.306292,-2.66473,-0.0684048
0.21,3,0.2,0.201265,0.00513666,-0.0157326,-0.00126506
0.21,4,-0.3,-0.266979,0.261912,-0.395125,-0.0330212
0.21,5,0.1,0.0998434,-0.00360065,0.00186308,0.000156578
0.22,0,1,0.999747,0.00106151,0.00692339,0.000252698
0.22,1,-0.5,-0.384741,0.39492,-5.79513,-0.115259
0.22,2,0.8,0.871299,0.275454,-2.68988,-0.0712991
0.22,3,0.2,0.201313,0.00442445,-0.0157798,-0.00131252
0.22,4,-0.3,-0.264502,0.235834,-0.401902,-0.0354981
0.22,5,0.1,0.0998102,-0.00308823,0.00187528,0.000189761
0.23,0,1,0.999761,0.00156469,0.00487703,0.000239278
0.23,1,-0.5,-0.381019,0.35344,-5.81956,-0.118981
0.23,2,0.8,0.873879,0.243611,-2.7036,-0.0738791
0.23,3,0.2,0.201353,0.00371161,-0.0157553,-0.00135284
0.23,4,-0.3,-0.262293,0.208545,-0.40593,-0.0377071
0.23,5,0.1,0.0997821,-0.00258714,0.00186551,0.000217874
0.24,0,1,0.999779,0.0020186,0.00278783,0.000221091
0.24,1,-0.5,-0.377715,0.311417,-5.82563,-0.122285
0.24,2,0.8,0.876137,0.211214,-2.70655,-0.0761373
0.24,3,0.2,0.201386,0.00300638,-0.0156645,-0.00138607
0.24,4,-0.3,-0.260361,0.180554,-0.407389,-0.039639
0.24,5,0.1,0.0997589,-0.0021074,0.00183765,0.000241086
0.25,0,1,0.999801,0.00241687,0.000696036,0.000198666
0.25,1,-0.5,-0.374833,0.269341,-5.81471,-0.125167
0.25,2,0.8,0.878071,0.178694,-2.6995,-0.0780706
0.25,3,0.2,0.201412,0.00231642,-0.015513,-0.00141232
0.25,4,-0.3,-0.258711,0.152315,-0.406472,-0.0412893
0.25,5,0.1,0.0997403,-0.00165614,0.0017951,0.000259652
0.26,0,1,0.999827,0.00275491,-0.00136123,0.000172587
0.26,1,-0.5,-0.372369,0.227669,-5.78824,-0.127631
0.26,2,0.8,0.87968,0.146448,-2.68329,-0.0796798
0.26,3,0.2,0.201432,0.00164878,-0.0153072,-0.00143179
0.26,4,-0.3,-0.257342,0.124234,-0.403379,-0.0426577
0.26,5,0.1,0.0997261,-0.00123795,0.00174081,0.000273885
0.27,0,1,0.999857,0.00302973,-0.00335025,0.000143474
0.27,1,-0.5,-0.370318,0.186819,-5.74774,-0.129682
0.27,2,0.8,0.88097,0.114846,-2.65878,-0.0809698
0.27,3,0.2,0.201445,0.00100993,-0.0150533,-0.00144474
0.27,4,-0.3,-0.256252,0.0966718,-0.398319,-0.0437479
0.27,5,0.1,0.0997159,-0.000855228,0.00167722,0.00028413
0.28,0,1,0.999888,0.00323986,-0.00524089,0.000111967
0.28,1,-0.5,-0.368669,0.147169,-5.69475,-0.131331
0.28,2,0.8,0.881949,0.0842227,-2.62691,-0.0819488
0.28,3,0.2,0.201451,0.000405738,-0.0147583,-0.00145148
0.28,4,-0.3,-0.255433,0.0699458,-0.391507,-0.0445668
0.28,5,0.1,0.0997093,-0.000508562,0.0016063,0.000290746
0.29,0,1,0.999921,0.00338515,-0.00700679,7.87161e-05
0.29,1,-0.5,-0.367408,0.109059,-5.63084,-0.132592
0.29,2,0.8,0.882629,0.0548775,-2.58861,-0.0826285
0.29,3,0.2,0.201452,-0.000158582,-0.0144289,-0.0014524
0.29,4,-0.3,-0.254876,0.0443333,-0.383162,-0.0451244
0.29,5,0.1,0.0997059,-0.000197148,0.00152959,0.00029409
0.3,0,1,0.999956,0.00346665,-0.00862538,4.43645e-05
0.3,1,-0.5,-0.366519,0.0727797,-5.55758,-0.133481
0.3,2,0.8,0.883023,0.0270715,-2.54483,-0.083023
0.3,3,0.2,0.201448,-0.000678525,-0.0140721,-0.00144792
0.3,4,-0.3,-0.254567,0.0200721,-0.373501,-0.0454331
0.3,5,0.1,0.0997055,8.0836e-05,0.00144828,0.000294506
0.31,0,1,0.99999,0.00348651,-0.010078,9.53901e-06
0.31,1,-0.5,-0.365981,0.0385839,-5.47651,-0.134019
0.31,2,0.8,0.883149,0.00102755,-2.49652,-0.0831489
0.31,3,0.2,0.201438,-0.00115034,-0.0136948,-0.0014385
0.31,4,-0.3,-0.254492,-0.00263811,-0.362741,-0.0455075
0.31,5,0.1,0.0997077,0.000327877,0.00136321,0.000292314
0.32,0,1,1.00003,0.00344776,-0.0113497,-2.51599e-05
0.32,1,-0.5,-0.365773,0.00667964,-5.38913,-0.134227
0.32,2,0.8,0.883025,-0.0230707,-2.44461,-0.083025
0.32,3,0.2,0.201425,-0.00157109,-0.0133037,-0.00142464
0.32,4,-0.3,-0.254636,-0.0236343,-0.351096,-0.0453642
0.32,5,0.1,0.0997122,0.000546815,0.001275,0.00028781
0.33,0,1,1.00006,0.00335425,-0.0124294,-5.91666e-05
0.33,1,-0.5,-0.36587,-0.0227663,-5.29691,-0.13413
0.33,2,0.8,0.882671,-0.0450782,-2.38999,-0.0826715
0.33,3,0.2,0.201407,-0.00193863,-0.0129054,-0.00140686
0.33,4,-0.3,-0.254979,-0.042789,-0.338773,-0.0450209
0.33,5,0.1,0.0997187,0.000740575,0.00118411,0.000281256
0.34,0,1,1.00009,0.00321045,-0.0133096,-9.19576e-05
0.34,1,-0.5,-0.366247,-0.0496271,-5.20122,-0.133753
0.34,2,0.8,0.88211,-0.0648883,-2.33352,-0.0821099
0.34,3,0.2,0.201386,-0.0022517,-0.012506,-0.00138571
0.34,4,-0.3,-0.255503,-0.0600087,-0.325969,-0.0444967
0.34,5,0.1,0.0997271,0.000911956,0.00109087,0.00027289
0.35,0,1,1.00012,0.00302137,-0.0139864,-0.000123057
0.35,1,-0.5,-0.366879,-0.073814,-5.1034,-0.133121
0.35,2,0.8,0.881363,-0.0824306,-2.27602,-0.0813626
0.35,3,0.2,0.201362,-0.00250987,-0.0121113,-0.00136172
0.35,4,-0.3,-0.256189,-0.0752323,-0.312874,-0.0438112
0.35,5,0.1,0.0997371,0.00106348,0.000995567,0.000262922
0.36,0,1,1.00015,0.0027924,-0.0144589,-0.000152042
0.36,1,-0.5,-0.367737,-0.0952745,-5.00468,-0.132263
0.36,2,0.8,0.880453,-0.0976698,-2.21824,-0.0804526
0.36,3,0.2,0.201335,-0.00271353,-0.0117265,-0.00133546
0.36,4,-0.3,-0.257015,-0.0884293,-0.299663,-0.0429846
0.36,5,0.1,0.0997485,0.00119727,0.000898508,0.000251538
0.37,0,1,1.00018,0.00252923,-0.0147295,-0.000178545
0.37,1,-0.5,-0.368795,-0.11399,-4.90622,-0.131205
0.37,2,0.8,0.879403,-0.110603,-2.16088,-0.0794029
0.37,3,0.2,0.201307,-0.00286386,-0.0113562,-0.00130745
0.37,4,-0.3,-0.257963,-0.0995977,-0.286499,-0.0420373
0.37,5,0.1,0.0997611,0.00131501,0.000800021,0.000238905
0.38,0,1,1.0002,0.00223768,-0.0148032,-0.000202254
0.38,1,-0.5,-0.370025,-0.129972,-4.80907,-0.129975
0.38,2,0.8,0.878236,-0.121257,-2.10458,-0.0782364
0.38,3,0.2,0.201278,-0.00296276,-0.0110046,-0.00127823
0.38,4,-0.3,-0.259011,-0.108762,-0.273533,-0.0409892
0.38,5,0.1,0.0997748,0.00141792,0.000700506,0.000225177
0.39,0,1,1.00022,0.00192365,-0.0146877,-0.00022292
0.39,1,-0.5,-0.3714,-0.143261,-4.7142,-0.1286
0.39,2,0.8,0.876976,-0.129685,-2.0499,-0.0769757
0.39,3,0.2,0.201248,-0.00301281,-0.0106752,-0.00124829
0.39,4,-0.3,-0.26014,-0.115969,-0.260899,-0.0398604
0.39,5,0.1,0.0997895,0.00150681,0.000600444,0.000210497
0.4,0,1,1.00024,0.00159298,-0.0143929,-0.000240349
0.4,1,-0.5,-0.372894,-0.153925,-4.62247,-0.127106
0.4,2,0.8,0.875643,-0.135965,-1.99735,-0.0756425
0.4,3,0.2,0.201218,-0.00301713,-0.0103707,-0.0012181
0.4,4,-0.3,-0.26133,-0.121287,-0.248716,-0.0386699
0.4,5,0.1,0.099805,0.00158206,0.000500403,0.000195004
0.41,0,1,1.00025,0.00125142,-0.0139306,-0.000254407
0.41,1,-0.5,-0.37448,-0.162052,-4.53465,-0.12552
0.41,2,0.8,0.874258,-0.140195,-1.94735,-0.074258
0.41,3,0.2,0.201188,-0.00297935,-0.0100934,-0.0011881
0.41,4,-0.3,-0.262564,-0.124805,-0.237088,-0.0374363
0.41,5,0.1,0.0998212,0.00164377,0.000401033,0.000178833
0.42,0,1,1.00027,0.000904509,-0.0133142,-0.000265016
0.42,1,-0.5,-0.376134,-0.167752,-4.4514,-0.123866
0.42,2,0.8,0.872842,-0.142491,-1.90027,-0.0728418
0.42,3,0.2,0.201159,-0.00290346,-0.00984491,-0.0011587
0.42,4,-0.3,-0.263823,-0.126623,-0.226103,-0.0361769
0.42,5,0.1,0.0998379,0.0016918,0.000303057,0.00016212
0.43,0,1,1.00027,0.000557514,-0.0125586,-0.00027215
0.43,1,-0.5,-0.377832,-0.171153,-4.37327,-0.122168
0.43,2,0.8,0.871413,-0.142981,-1.85642,-0.0714128
0.43,3,0.2,0.20113,-0.00279376,-0.00962616,-0.00113024
0.43,4,-0.3,-0.265092,-0.126857,-0.215836,-0.0349081
0.43,5,0.1,0.099855,0.00172588,0.000207248,0.000145002
0.44,0,1,1.00028,0.000215392,-0.0116797,-0.000275838
0.44,1,-0.5,-0.379552,-0.172397,-4.30074,-0.120448
0.44,2,0.8,0.869988,-0.141808,-1.81603,-0.0699881
0.44,3,0.2,0.201103,-0.00265468,-0.00943765,-0.00110305
0.44,4,-0.3,-0.266355,-0.125632,-0.206345,-0.0336451
0.44,5,0.1,0.0998724,0.00174568,0.000114411,0.000127623
0.45,0,1,1.00028,-0.000117269,-0.0106943,-0.000276152
0.45,1,-0.5,-0.381273,-0.171638,-4.23416,-0.118727
0.45,2,0.8,0.868584,-0.13912,-1.77927,-0.0685837
0.45,3,0.2,0.201077,-0.00249078,-0.00927935,-0.00107738
0.45,4,-0.3,-0.267598,-0.123079,-0.197675,-0.0324018
0.45,5,0.1,0.0998899,0.0017509,2.53567e-05,0.000110125
0.46,0,1,1.00027,-0.000436289,-0.00961963,-0.000273212
0.46,1,-0.5,-0.382977,-0.16904,-4.17381,-0.117023
0.46,2,0.8,0.867214,-0.135071,-1.74627,-0.0672137
0.46,3,0.2,0.201053,-0.00230657,-0.00915078,-0.00105347
0.46,4,-0.3,-0.268809,-0.119336,-0.189858,-0.0311907
0.46,5,0.1,0.0999073,0.00174136,-5.91241e-05,9.26565e-05
0.47,0,1,1.00027,-0.000737922,-0.00847322,-0.000267175
0.47,1,-0.5,-0.384645,-0.164775,-4.11988,-0.115355
0.47,2,0.8,0.865891,-0.129819,-1.71709,-0.0658909
0.47,3,0.2,0.201031,-0.00210649,-0.00905107,-0.0010315
0.47,4,-0.3,-0.269977,-0.114541,-0.182912,-0.0300229
0.47,5,0.1,0.0999246,0.00171702,-0.000138284,7.53646e-05
0.48,0,1,1.00026,-0.00101888,-0.00727262,-0.000258232
0.48,1,-0.5,-0.386262,-0.159019,-4.07246,-0.113738
0.48,2,0.8,0.864627,-0.123523,-1.69175,-0.0646266
0.48,3,0.2,0.201012,-0.0018948,-0.008979,-0.00101159
0.48,4,-0.3,-0.271092,-0.108837,-0.176846,-0.0289081
0.48,5,0.1,0.0999416,0.00167809,-0.000211443,5.83966e-05
0.49,0,1,1.00025,-0.00127636,-0.00603518,-0.000246607
0.49,1,-0.5,-0.387814,-0.15195,-4.03157,-0.112186
0.49,2,0.8,0.86343,-0.116339,-1.67023,-0.0634302
0.49,3,0.2,0.200994,-0.00167553,-0.00893309,-0.000993841
0.49,4,-0.3,-0.272145,-0.102361,-0.171658,-0.0278548
0.49,5,0.1,0.0999581,0.00162496,-0.000278006,4.18965e-05
0.5,0,0.999502,1.00023,-0.00150802,-0.0246784,-0.000730062
0.5,1,-0.500149,-0.38929,-0.143747,-4.00314,-0.11086
0.5,2,0.800199,0.86231,-0.108421,-1.64648,-0.0621108
0.5,3,0.1999,0.200978,-0.00145246,-0.00990665,-0.00107781
0.5,4,-0.30005,-0.27313,-0.095251,-0.167731,-0.0269196
0.5,5,0.0999502,0.099974,0.00155832,-0.000586249,-2.37508e-05
0.51,0,0.994527,1.0002,-0.00466702,-0.213085,-0.00567714
0.51,1,-0.501642,-0.39072,-0.144009,-4.00485,-0.110922
0.51,2,0.802189,0.861351,-0.0823601,-1.61015,-0.0591622
0.51,3,0.198905,0.20094,-0.00710474,-0.0160824,-0.00203452
0.51,4,-0.300547,-0.27408,-0.0956882,-0.163897,-0.0264676
0.51,5,0.0994527,0.1,0.00368656,-0.00384274,-0.000547354
0.52,0,0.989552,1.00012,-0.0129222,-0.383802,-0.0105642
0.52,1,-0.503134,-0.392185,-0.148666,-3.99196,-0.110949
0.52,2,0.804179,0.860718,-0.0475565,-1.60107,-0.0565395
0.52,3,0.19791,0.200808,-0.0187362,-0.0177342,-0.0028976
0.52,4,-0.301045,-0.275039,-0.0953786,-0.160359,-0.026006
0.52,5,0.0989552,0.100043,0.00436283,-0.00674956,-0.00108814
0.53,0,0.984577,0.99992,-0.02574,-0.536507,-0.0153432
0.53,1,-0.504627,-0.393694,-0.152502,-3.97979,-0.110933
0.53,2,0.806169,0.860429,-0.0141745,-1.59944,-0.0542597
0.53,3,0.196915,0.200544,-0.0328203,-0.0165971,-0.00362893
0.53,4,-0.301542,-0.275969,-0.0904768,-0.159349,-0.0255734
0.53,5,0.0984576,0.100075,0.00166181,-0.00858423,-0.00161714
0.54,0,0.979602,0.999573,-0.0425545,-0.671197,-0.0199715
0.54,1,-0.506119,-0.395233,-0.154674,-3.97144,-0.110887
0.54,2,0.808159,0.860457,0.0162671,-1.60147,-0.0522979
0.54,3,0.19592,0.200135,-0.0475639,-0.0136085,-0.00421468
0.54,4,-0.30204,-0.276832,-0.0825276,-0.160401,-0.0252081
0.54,5,0.0979601,0.100063,-0.00383398,-0.00936457,-0.00210295
0.55,0,0.974627,0.999039,-0.0628221,-0.788025,-0.0244123
0.55,1,-0.507612,-0.396783,-0.155182,-3.96758,-0.110828
0.55,2,0.810149,0.860773,0.043739,-1.6062,-0.050624
0.55,3,0.194925,0.19958,-0.0618753,-0.00942141,-0.00465466
0.55,4,-0.302537,-0.277606,-0.0732056,-0.162845,-0.0249309
0.55,5,0.0974626,0.0999858,-0.0110985,-0.00928661,-0.00252323
0.56,0,0.969652,0.998285,-0.0860258,-0.887275,-0.0286338
0.56,1,-0.509104,-0.398331,-0.154215,-3.96828,-0.110773
0.56,2,0.812139,0.861349,0.0684508,-1.61319,-0.0492095
0.56,3,0.19393,0.198888,-0.075048,-0.00454439,-0.00495732
0.56,4,-0.303035,-0.278286,-0.0636604,-0.166162,-0.024749
0.56,5,0.096965,0.0998307,-0.0191866,-0.00857222,-0.00286564
0.57,0,0.964676,0.997286,-0.111674,-0.969358,-0.0326095
0.57,1,-0.510597,-0.399862,-0.152018,-3.97333,-0.110735
0.57,2,0.814129,0.862157,0.090633,-1.62211,-0.048028
0.57,3,0.192935,0.198072,-0.0866373,0.000615533,-0.00513669
0.57,4,-0.303532,-0.278872,-0.0545865,-0.16999,-0.0246604
0.57,5,0.0964675,0.0995937,-0.0273546,-0.0074246,-0.0031262
0.58,0,0.959701,0.996019,-0.139297,-1.0348,-0.0363174
0.58,1,-0.512089,-0.401365,-0.148844,-3.98241,-0.110724
0.58,2,0.816119,0.863174,0.1105,-1.63266,-0.0470554
0.58,3,0.19194,0.19715,-0.0963944,0.00573564,-0.0052101
0.58,4,-0.30403,-0.279372,-0.046362,-0.174083,-0.024658
0.58,5,0.09597,0.0992772,-0.0350677,-0.00601579,-0.00330722
0.59,0,0.954726,0.994466,-0.168452,-1.08426,-0.0397403
0.59,1,-0.513582,-0.402833,-0.144943,-3.99512,-0.110749
0.59,2,0.818109,0.864379,0.128245,-1.64458,-0.0462697
0.59,3,0.190945,0.196142,-0.104221,0.0105673,-0.00519653
0.59,4,-0.304527,-0.279795,-0.0391599,-0.178279,-0.0247324
0.59,5,0.0954724,0.0988878,-0.0419725,-0.00448488,-0.00341533
0.6,0,0.949751,0.992616,-0.198717,-1.11846,-0.0428652
0.6,1,-0.515074,-0.404259,-0.140544,-4.01099,-0.110816
0.6,2,0.820099,0.86575,0.144041,-1.6576,-0.0456505
0.6,3,0.18995,0.195066,-0.110134,0.0149274,-0.00511527
0.6,4,-0.305025,-0.280152,-0.0330265,-0.18247,-0.0248729
0.6,5,0.0949749,0.0984347,-0.0478641,-0.00293998,-0.00345984
0.61,0,0.944776,0.990459,-0.229695,-1.13825,-0.0456833
0.61,1,-0.516567,-0.405638,-0.13586,-4.02955,-0.110928
0.61,2,0.822089,0.867268,0.158045,-1.67147,-0.0451794
0.61,3,0.188955,0.19394,-0.114232,0.0186895,-0.00498498
0.61,4,-0.305522,-0.280453,-0.0279333,-0.186585,-0.0250689
0.61,5,0.0944774,0.0979288,-0.0526526,-0.00146162,-0.00345148
0.62,0,0.939801,0.98799,-0.261015,-1.14453,-0.0481893
0.62,1,-0.518059,-0.406971,-0.131076,-4.05031,-0.111088
0.62,2,0.824079,0.868918,0.170396,-1.68596,-0.044839
0.62,3,0.18796,0.192783,-0.116675,0.0217755,-0.00482296
0.62,4,-0.306019,-0.280709,-0.0238119,-0.190578,-0.0253105
0.62,5,0.0939798,0.0973812,-0.0563338,-0.000106576,-0.00340134
0.63,0,0.934825,0.985207,-0.292332,-1.13828,-0.050382
0.63,1,-0.519552,-0.408255,-0.126354,-4.07279,-0.111296
0.63,2,0.826069,0.870683,0.181223,-1.70086,-0.0446138
0.63,3,0.186965,0.19161,-0.117658,0.0241478,-0.0046447
0.63,4,-0.306517,-0.280929,-0.0205757,-0.194419,-0.0255883
0.63,5,0.0934823,0.0968025,-0.0589646,0.00108818,-0.00332024
0.64,0,0.92985,0.982113,-0.323327,-1.12054,-0.0522629
0.64,1,-0.521044,-0.409494,-0.12183,-4.09652,-0.11155
0.64,2,0.828059,0.872548,0.190643,-1.71595,-0.0444889
0.64,3,0.18597,0.190434,-0.117395,0.0258008,-0.00446365
0.64,4,-0.307014,-0.28112,-0.0181334,-0.198086,-0.0258941
0.64,5,0.0929848,0.0962029,-0.060642,0.0021018,-0.00321816
0.65,0,0.924875,0.978712,-0.353708,-1.09236,-0.0538371
0.65,1,-0.522537,-0.410689,-0.117615,-4.12107,-0.111848
0.65,2,0.830049,0.8745,0.198763,-1.73106,-0.044451
0.65,3,0.184975,0.189266,-0.116108,0.0267544,-0.00429104
0.65,4,-0.307512,-0.281292,-0.016396,-0.201565,-0.0262204
0.65,5,0.0924872,0.0955912,-0.0614871,0.00292615,-0.00310399
0.66,0,0.9199,0.975012,-0.383212,-1.05485,-0.0551121
0.66,1,-0.524029,-0.411843,-0.113802,-4.14602,-0.112186
0.66,2,0.832039,0.876527,0.205682,-1.74599,-0.0444876
0.66,3,0.18398,0.188116,-0.114012,0.0270476,-0.00413593
0.66,4,-0.308009,-0.281449,-0.0152814,-0.204843,-0.0265605
0.66,5,0.0919897,0.094975,-0.0616317,0.00356282,-0.00298534
0.67,0,0.914925,0.971023,-0.411605,-1.0091,-0.056098
0.67,1,-0.525522,-0.412963,-0.110458,-4.17098,-0.112559
0.67,2,0.834029,0.878616,0.211496,-1.76061,-0.0445873
0.67,3,0.182985,0.18699,-0.11131,0.0267331,-0.00400528
0.67,4,-0.308507,-0.281598,-0.0147154,-0.207912,-0.0269087
0.67,5,0.0914922,0.0943606,-0.0612094,0.00402049,-0.00286847
0.68,0,0.90995,0.966757,-0.438681,-0.956238,-0.056807
0.68,1,-0.527014,-0.414051,-0.107634,-4.19561,-0.112963
0.68,2,0.836019,0.880759,0.216292,-1.77477,-0.0447394
0.68,3,0.18199,0.185894,-0.108189,0.0258726,-0.00390409
0.68,4,-0.309004,-0.281744,-0.0146319,-0.210763,-0.0272598
0.68,5,0.0909946,0.093753,-0.0603479,0.00431272,-0.00275833
0.69,0,0.904975,0.962228,-0.464261,-0.89735,-0.0572533
0.69,1,-0.528507,-0.415115,-0.105364,-4.21959,-0.113392
0.69,2,0.838009,0.882944,0.220154,-1.78834,-0.0449343
0.69,3,0.180995,0.184831,-0.104816,0.0245331,-0.00383563
0.69,4,-0.309502,-0.281892,-0.0149722,-0.213389,-0.0276094
0.69,5,0.0904971,0.0931558,-0.0591652,0.00445621,-0.00265867
0.7,0,0.899999,0.957452,-0.488198,-0.833519,-0.0574528
0.7,1,-0.529999,-0.416158,-0.103665,-4.24263,-0.113841
0.7,2,0.839999,0.885162,0.223163,-1.80122,-0.0451631
0.7,3,0.18,0.183802,-0.101333,0.0227838,-0.00380161
0.7,4,-0.309999,-0.282046,-0.0156842,-0.215786,-0.0279536
0.7,5,0.0899996,0.0925717,-0.0577661,0.00446929,-0.00257211
0.71,0,0.895024,0.952447,-0.510369,-0.765796,-0.0574225
0.71,1,-0.531492,-0.417188,-0.102544,-4.26449,-0.114303
0.71,2,0.841989,0.887407,0.225394,-1.81331,-0.0454176
0.71,3,0.179005,0.182807,-0.0978638,0.0206939,-0.00380244
0.71,4,-0.310497,-0.282208,-0.0167208,-0.21795,-0.0282888
0.71,5,0.089502,0.0920023,-0.0562412,0.00437087,-0.0025003
0.72,0,0.890049,0.94723,-0.530679,-0.695191,-0.0571807
0.72,1,-0.532984,-0.41821,-0.101991,-4.28497,-0.114774
0.72,2,0.843979,0.88967,0.226921,-1.82456,-0.0456904
0.72,3,0.17801,0.181847,-0.0945077,0.0183305,-0.00383741
0.72,4,-0.310994,-0.282382,-0.0180393,-0.219876,-0.028612
0.72,5,0.0890045,0.0914486,-0.0546665,0.00417959,-0.00244407
0.73,0,0.885074,0.94182,-0.549062,-0.622671,-0.0567464
0.73,1,-0.534476,-0.41923,-0.101991,-4.30389,-0.115247
0.73,2,0.845969,0.891944,0.227815,-1.83488,-0.0459751
0.73,3,0.177015,0.18092,-0.0913449,0.0157575,-0.00390494
0.73,4,-0.311492,-0.282571,-0.0195999,-0.221565,-0.0289207
0.73,5,0.088507,0.0909105,-0.0531035,0.00391323,-0.00240357
0.74,0,0.880099,0.936238,-0.565471,-0.549147,-0.056139
0.74,1,-0.535969,-0.420252,-0.102518,-4.32112,-0.115717
0.74,2,0.847959,0.894225,0.228142,-1.84425,-0.0462654
0.74,3,0.17602,0.180023,-0.0884369,0.0130347,-0.00400274
0.74,4,-0.311989,-0.282777,-0.0213657,-0.223018,-0.0292126
0.74,5,0.0880094,0.0903878,-0.051601,0.00358831,-0.0023784
0.75,0,0.875124,0.930502,-0.579889,-0.475474,-0.0553785
0.75,1,-0.537461,-0.421283,-0.103538,-4.33654,-0.116179
0.75,2,0.849949,0.896506,0.227967,-1.85262,-0.0465563
0.75,3,0.175025,0.179153,-0.0858286,0.0102171,-0.004128
0.75,4,-0.312487,-0.283001,-0.0233015,-0.224236,-0.0294859
0.75,5,0.0875119,0.0898796,-0.0501953,0.00321988,-0.00236774
0.76,0,0.870149,0.924633,-0.592317,-0.402441,-0.0544848
0.76,1,-0.538954,-0.422326,-0.105013,-4.35009,-0.116628
0.76,2,0.851939,0.898782,0.227352,-1.85999,-0.0468429
0.76,3,0.17403,0.178307,-0.0835503,0.0073547,-0.00427755
0.76,4,-0.312984,-0.283245,-0.0253737,-0.225226,-0.0297391
0.76,5,0.0870144,0.0893848,-0.0489128,0.00282139,-0.00237049
0.77,0,0.865173,0.918651,-0.602777,-0.330773,-0.0534776
0.77,1,-0.540446,-0.423386,-0.1069,-4.36172,-0.11706
0.77,2,0.853929,0.90105,0.226356,-1.86635,-0.0471212
0.77,3,0.173035,0.177483,-0.0816199,0.00449217,-0.00444798
0.77,4,-0.313482,-0.283511,-0.0275502,-0.225992,-0.0299709
0.77,5,0.0865168,0.0889021,-0.0477705,0.00240467,-0.0023853
0.78,0,0.860198,0.912575,-0.611312,-0.261124,-0.0523765
0.78,1,-0.541939,-0.424467,-0.109153,-4.37142,-0.117472
0.78,2,0.855919,0.903307,0.225036,-1.8717,-0.0473877
0.78,3,0.17204,0.176676,-0.0800446,0.00166918,-0.00463576
0.78,4,-0.313979,-0.283799,-0.0298004,-0.226544,-0.0301805
0.78,5,0.0860193,0.08843,-0.0467784,0.00197998,-0.00241071
0.79,0,0.855223,0.906423,-0.61798,-0.194075,-0.0512004
0.79,1,-0.543431,-0.425572,-0.111722,-4.37919,-0.117859
0.79,2,0.857909,0.905549,0.223443,-1.87607,-0.0476395
0.79,3,0.171045,0.175882,-0.0788229,-0.00107965,-0.00483734
0.79,4,-0.314477,-0.284109,-0.0320948,-0.226892,-0.0303674
0.79,5,0.0855218,0.087967,-0.0459402,0.00155607,-0.0024452
0.8,0,0.850248,0.900215,-0.622854,-0.130137,-0.0499675
0.8,1,-0.544924,-0.426705,-0.114559,-4.38508,-0.118219
0.8,2,0.859899,0.907773,0.221629,-1.87948,-0.0478741
0.8,3,0.17005,0.175099,-0.0779463,-0.00372455,-0.00504923
0.8,4,-0.314974,-0.284443,-0.0344055,-0.227047,-0.0305312
0.8,5,0.0850242,0.0875114,-0.0452548,0.00114032,-0.00248722
0.81,0,0.845273,0.893968,-0.626022,-0.0697467,-0.0486953
0.81,1,-0.546416,-0.427867,-0.117613,-4.38912,-0.118549
0.81,2,0.861889,0.909979,0.21964,-1.88197,-0.0480896
0.81,3,0.169055,0.174323,-0.0774005,-0.0062403,-0.00526806
0.81,4,-0.315471,-0.2848,-0.0367062,-0.227023,-0.030672
0.81,5,0.0845267,0.087062,-0.0447175,0.000738816,-0.00253528
0.82,0,0.840298,0.887698,-0.627581,-0.0132705,-0.0474004
0.82,1,-0.547909,-0.429061,-0.120834,-4.39141,-0.118848
0.82,2,0.863879,0.912164,0.21752,-1.88357,-0.0482844
0.82,3,0.16806,0.17355,-0.0771668,-0.00860602,-0.00549061
0.82,4,-0.315969,-0.285179,-0.0389725,-0.226833,-0.0307899
0.82,5,0.0840292,0.0866171,-0.0443208,0.000356534,-0.00258794
0.83,0,0.835322,0.881421,-0.627641,0.0389958,-0.0460982
0.83,1,-0.549401,-0.430288,-0.124174,-4.39203,-0.119114
0.83,2,0.865869,0.914327,0.215311,-1.88435,-0.0484575
0.83,3,0.167065,0.172779,-0.0772234,-0.0108048,-0.00571388
0.83,4,-0.316466,-0.285581,-0.0411818,-0.226493,-0.0308854
0.83,5,0.0835316,0.0861755,-0.0440552,-2.58564e-06,-0.00264383
0.84,0,0.830347,0.87515,-0.626316,0.0868242,-0.0448031
0.84,1,-0.550894,-0.431548,-0.127586,-4.39107,-0.119346
0.84,2,0.867859,0.916468,0.21305,-1.88435,-0.0486082
0.84,3,0.16607,0.172005,-0.0775458,-0.0128236,-0.00593511
0.84,4,-0.316964,-0.286005,-0.0433136,-0.226018,-0.0309593
0.84,5,0.0830341,0.0857358,-0.0439101,-0.000335505,-0.0027017
0.85,0,0.825372,0.8689,-0.623729,0.130052,-0.0435283
0.85,1,-0.552386,-0.432843,-0.131027,-4.38866,-0.119543
0.85,2,0.869849,0.918586,0.210772,-1.88363,-0.0487362
0.85,3,0.165075,0.171226,-0.0781083,-0.0146527,-0.00615177
0.85,4,-0.317461,-0.286449,-0.0453497,-0.225424,-0.0310124
0.85,5,0.0825366,0.085297,-0.0438738,-0.000639982,-0.00276042
0.86,0,0.820397,0.862683,-0.620004,0.168579,-0.0422858
0.86,1,-0.553879,-0.434172,-0.134455,-4.3849,-0.119707
0.86,2,0.871839,0.920681,0.208507,-1.88226,-0.0488414
0.86,3,0.16408,0.170441,-0.0788841,-0.0162855,-0.0063616
0.86,4,-0.317959,-0.286913,-0.0472743,-0.224728,-0.0310457
0.86,5,0.082039,0.084858,-0.0439344,-0.000914478,-0.00281896
0.87,0,0.815422,0.856508,-0.615269,0.202361,-0.0410862
0.87,1,-0.555371,-0.435535,-0.137832,-4.37995,-0.119836
0.87,2,0.873829,0.922754,0.206284,-1.88029,-0.0489242
0.87,3,0.163085,0.169647,-0.0798461,-0.0177187,-0.00656263
0.87,4,-0.318456,-0.287396,-0.0490738,-0.223946,-0.0310604
0.87,5,0.0815415,0.0844179,-0.04408,-0.00115807,-0.00287641
0.88,0,0.810447,0.850386,-0.609655,0.231411,-0.0399389
0.88,1,-0.556864,-0.436932,-0.141123,-4.37391,-0.119932
0.88,2,0.875819,0.924804,0.204128,-1.87781,-0.0489851
0.88,3,0.16209,0.168843,-0.0809672,-0.0189511,-0.00675315
0.88,4,-0.318954,-0.287896,-0.0507369,-0.223094,-0.0310579
0.88,5,0.081044,0.083976,-0.0442988,-0.00137037,-0.002932
0.89,0,0.805472,0.844323,-0.603289,0.25579,-0.0388519
0.89,1,-0.558356,-0.438361,-0.144298,-4.36694,-0.119996
0.89,2,0.877809,0.926834,0.20206,-1.87487,-0.0490249
0.89,3,0.161095,0.168026,-0.0822209,-0.0199845,-0.0069317
0.89,4,-0.319451,-0.288412,-0.0522551,-0.222188,-0.0310395
0.89,5,0.0805464,0.0835315,-0.0445793,-0.00155147,-0.00298505
0.9,0,0.800496,0.838329,-0.596297,0.275604,-0.0378322
0.9,1,-0.559849,-0.43982,-0.147328,-4.35915,-0.120028
0.9,2,0.879799,0.928844,0.2001,-1.87154,-0.0490446
0.9,3,0.1601,0.167197,-0.0835812,-0.0208224,-0.00709711
0.9,4,-0.319949,-0.288942,-0.0536218,-0.221243,-0.0310068
0.9,5,0.0800489,0.0830839,-0.0449106,-0.00170187,-0.00303501
0.91,0,0.795521,0.832406,-0.588803,0.291002,-0.0368852
0.91,1,-0.561341,-0.44131,-0.150191,-4.3507,-0.120032
0.91,2,0.881789,0.930835,0.198263,-1.86789,-0.0490454
0.91,3,0.159105,0.166353,-0.0850233,-0.0214705,-0.00724845
0.91,4,-0.320446,-0.289485,-0.0548328,-0.220274,-0.0309612
0.91,5,0.0795513,0.0826328,-0.0452823,-0.0018224,-0.00308142
0.92,0,0.790546,0.826561,-0.580927,0.302166,-0.0360154
0.92,1,-0.562834,-0.442826,-0.152866,-4.3417,-0.120007
0.92,2,0.883779,0.932808,0.196562,-1.86398,-0.0490286
0.92,3,0.15811,0.165495,-0.0865237,-0.021936,-0.00738502
0.92,4,-0.320944,-0.290039,-0.0558861,-0.219293,-0.0309045
0.92,5,0.0790538,0.0821778,-0.0456849,-0.00191423,-0.00312394
0.93,0,0.785571,0.820797,-0.572782,0.309312,-0.0352259
0.93,1,-0.564326,-0.444369,-0.155339,-4.33228,-0.119958
0.93,2,0.885769,0.934765,0.195007,-1.85988,-0.0489955
0.93,3,0.157115,0.164621,-0.08806,-0.0222278,-0.00750638
0.93,4,-0.321441,-0.290603,-0.0567818,-0.218313,-0.030838
0.93,5,0.0785563,0.0817186,-0.0461092,-0.00197876,-0.0031623
0.94,0,0.780596,0.815115,-0.564477,0.312679,-0.0345188
0.94,1,-0.565819,-0.445935,-0.157596,-4.32257,-0.119884
0.94,2,0.887759,0.936707,0.193605,-1.85564,-0.0489477
0.94,3,0.15612,0.163732,-0.0896116,-0.0223557,-0.00761227
0.94,4,-0.321939,-0.291175,-0.0575216,-0.217347,-0.0307635
0.94,5,0.0780587,0.0812551,-0.0465471,-0.00201759,-0.00319635
0.95,0,0.775621,0.809516,-0.556113,0.312531,-0.0338952
0.95,1,-0.567311,-0.447522,-0.15963,-4.31268,-0.119789
0.95,2,0.889749,0.938636,0.192362,-1.85133,-0.0488868
0.95,3,0.155125,0.162827,-0.0911592,-0.022331,-0.00770265
0.95,4,-0.322436,-0.291754,-0.058109,-0.216405,-0.0306824
0.95,5,0.0775612,0.0807872,-0.0469911,-0.00203252,-0.00322597
0.96,0,0.770645,0.804001,-0.547783,0.309147,-0.0333551
0.96,1,-0.568804,-0.449128,-0.161434,-4.30271,-0.119675
0.96,2,0.891739,0.940554,0.191281,-1.84699,-0.0488143
0.96,3,0.154129,0.161907,-0.0926854,-0.0221654,-0.00777767
0.96,4,-0.322934,-0.292337,-0.0585491,-0.215495,-0.0305962
0.96,5,0.0770637,0.0803148,-0.0474343,-0.00202545,-0.00325115
0.97,0,0.76567,0.798568,-0.539576,0.302821,-0.0328977
0.97,1,-0.570296,-0.450752,-0.163007,-4.29276,-0.119545
0.97,2,0.893729,0.942461,0.190361,-1.84268,-0.0487319
0.97,3,0.153134,0.160972,-0.0941744,-0.0218714,-0.00783761
0.97,4,-0.323431,-0.292925,-0.0588484,-0.214627,-0.0305065
0.97,5,0.0765661,0.0798381,-0.0478709,-0.0019984,-0.00327193
0.98,0,0.760695,0.793216,-0.531568,0.293852,-0.0325213
0.98,1,-0.571789,-0.452389,-0.164349,-4.28293,-0.119399
0.98,2,0.895719,0.944361,0.189602,-1.83844,-0.0486412
0.98,3,0.152139,0.160022,-0.0956122,-0.021462,-0.00788293
0.98,4,-0.323929,-0.293514,-0.0590143,-0.213808,-0.0304144
0.98,5,0.0760686,0.079357,-0.0482954,-0.00195344,-0.00328841
0.99,0,0.75572,0.787944,-0.52383,0.282548,-0.0322236
0.99,1,-0.573281,-0.454039,-0.165463,-4.27329,-0.119242
0.99,2,0.89771,0.946253,0.189,-1.83431,-0.0485438
0.99,3,0.151144,0.159059,-0.0969865,-0.0209503,-0.00791421
0.99,4,-0.324426,-0.294105,-0.0590553,-0.213044,-0.0303214
0.99,5,0.0755711,0.0788718,-0.0487033,-0.00189266,-0.00330073
1,0,0.750745,0.782746,-0.516425,0.269215,-0.0320015
1,1,-0.574774,-0.455699,-0.166356,-4.26393,-0.119075
1,2,0.8997,0.948141,0.188549,-1.83033,-0.0484412
1,3,0.150149,0.158082,-0.0982868,-0.0203495,-0.00793216
1,4,-0.324924,-0.294695,-0.0589808,-0.212339,-0.0302287
1,5,0.0750735,0.0783826,-0.0490909,-0.00181815,-0.00330908
1.01,0,0.74577,0.777621,-0.509404,0.254159,-0.0318513
1.01,1,-0.576266,-0.457366,-0.167036,-4.25489,-0.1189
1.01,2,0.90169,0.950024,0.188244,-1.82653,-0.0483349
1.01,3,0.149154,0.157092,-0.0995044,-0.0196728,-0.00793754
1.01,4,-0.325421,-0.295284,-0.0588007,-0.211698,-0.0301373
1.01,5,0.074576,0.0778897,-0.0494548,-0.001732,-0.00331369
1.02,0,0.740795,0.772564,-0.502813,0.237678,-0.0317691
1.02,1,-0.577759,-0.459039,-0.167512,-4.24623,-0.118719
1.02,2,0.90368,0.951906,0.188077,-1.82294,-0.0482263
1.02,3,0.148159,0.156091,-0.100632,-0.0189332,-0.00793124
1.02,4,-0.325918,-0.29587,-0.0585252,-0.211123,-0.0300482
1.02,5,0.0740785,0.0773933,-0.0497925,-0.00163621,-0.00331479
1.03,0,0.735819,0.76757,-0.49669,0.220063,-0.0317501
1.03,1,-0.579251,-0.460716,-0.167795,-4.23801,-0.118535
1.03,2,0.90567,0.953786,0.188039,-1.81958,-0.0481167
1.03,3,0.147164,0.155079,-0.101664,-0.0181432,-0.00791418
1.03,4,-0.326416,-0.296454,-0.0581651,-0.210616,-0.0299623
1.03,5,0.0735809,0.0768936,-0.0501021,-0.00153274,-0.00331268
1.04,0,0.730844,0.762634,-0.491062,0.201596,-0.0317898
1.04,1,-0.580744,-0.462395,-0.167898,-4.23025,-0.118349
1.04,2,0.90766,0.955667,0.188121,-1.81647,-0.0480074
1.04,3,0.146169,0.154057,-0.102597,-0.0173151,-0.00788735
1.04,4,-0.326913,-0.297033,-0.0577311,-0.210178,-0.0298805
1.04,5,0.0730834,0.076391,-0.0503822,-0.00142344,-0.00330762
1.05,0,0.725869,0.757752,-0.485952,0.182544,-0.0318828
1.05,1,-0.582236,-0.464074,-0.167836,-4.22299,-0.118162
1.05,2,0.90965,0.957549,0.188312,-1.81361,-0.0478996
1.05,3,0.145174,0.153026,-0.103428,-0.0164603,-0.00785174
1.05,4,-0.327411,-0.297608,-0.057234,-0.20981,-0.0298033
1.05,5,0.0725859,0.0758858,-0.050632,-0.00131008,-0.00329994
1.06,0,0.720894,0.752918,-0.481374,0.163159,-0.0320241
1.06,1,-0.583729,-0.465751,-0.167622,-4.21624,-0.117978
1.06,2,0.91164,0.959434,0.188601,-1.81103,-0.0477942
1.06,3,0.144179,0.151988,-0.104157,-0.0155899,-0.00780839
1.06,4,-0.327908,-0.298177,-0.0566843,-0.209509,-0.0297314
1.06,5,0.0720883,0.0753783,-0.050851,-0.0011943,-0.00328992
1.07,0,0.715919,0.748127,-0.477335,0.143677,-0.0322082
1.07,1,-0.585221,-0.467425,-0.167271,-4.21001,-0.117796
1.07,2,0.91363,0.961322,0.188977,-1.80872,-0.0476922
1.07,3,0.143184,0.150943,-0.104782,-0.0147141,-0.00775832
1.07,4,-0.328406,-0.298741,-0.0560926,-0.209276,-0.0296653
1.07,5,0.0715908,0.0748687,-0.0510393,-0.00107762,-0.00327788
1.08,0,0.710944,0.743373,-0.473835,0.124319,-0.0324297
1.08,1,-0.586714,-0.469096,-0.1668,-4.20432,-0.117618
1.08,2,0.91562,0.963214,0.189428,-1.80669,-0.0475944
1.08,3,0.142189,0.149892,-0.105305,-0.0138423,-0.00770256
1.08,4,-0.328903,-0.299298,-0.0554689,-0.209108,-0.0296052
1.08,5,0.0710933,0.0743574,-0.0511974,-0.000961427,-0.00326413
1.09,0,0.705968,0.738652,-0.47087,0.105283,-0.0326832
1.09,1,-0.588206,-0.470761,-0.166224,-4.19915,-0.117446
1.09,2,0.91761,0.965111,0.189944,-1.80493,-0.0475015
1.09,3,0.141194,0.148836,-0.10573,-0.0129832,-0.00764211
1.09,4,-0.329401,-0.299849,-0.0548228,-0.209001,-0.0295516
1.09,5,0.0705957,0.0738447,-0.051326,-0.000846989,-0.00324896
1.1,0,0.700993,0.733957,-0.46843,0.0867504,-0.0329635
1.1,1,-0.589699,-0.472419,-0.165559,-4.1945,-0.117279
1.1,2,0.9196,0.967014,0.190512,-1.80344,-0.047414
1.1,3,0.140199,0.147777,-0.106058,-0.0121447,-0.00757795
1.1,4,-0.329898,-0.300394,-0.0541634,-0.208954,-0.0295044
1.1,5,0.0700982,0.0733309,-0.0514262,-0.000735426,-0.00323266
1.11,0,0.696018,0.729284,-0.466499,0.0688828,-0.0332654
1.11,1,-0.591191,-0.474071,-0.164819,-4.19036,-0.11712
1.11,2,0.92159,0.968922,0.191123,-1.80222,-0.0473324
1.11,3,0.139204,0.146715,-0.106294,-0.0113336,-0.00751102
1.11,4,-0.330396,-0.300932,-0.0534993,-0.208962,-0.0294639
1.11,5,0.0696007,0.0728162,-0.0514993,-0.000627726,-0.00321551
1.12,0,0.691043,0.724627,-0.465059,0.0518212,-0.0335839
1.12,1,-0.592684,-0.475715,-0.16402,-4.1867,-0.116969
1.12,2,0.92358,0.970837,0.191764,-1.80124,-0.0472571
1.12,3,0.138209,0.145651,-0.106443,-0.0105561,-0.00744221
1.12,4,-0.330893,-0.301463,-0.0528385,-0.209021,-0.0294301
1.12,5,0.0691031,0.0723009,-0.0515469,-0.000524748,-0.00319776
1.13,0,0.686068,0.719982,-0.464084,0.0356868,-0.0339142
1.13,1,-0.594176,-0.47735,-0.163177,-4.1835,-0.116826
1.13,2,0.92557,0.972758,0.192426,-1.8005,-0.0471884
1.13,3,0.137214,0.144586,-0.10651,-0.00981745,-0.00737236
1.13,4,-0.331391,-0.301988,-0.0521883,-0.209128,-0.0294027
1.13,5,0.0686056,0.0717853,-0.0515706,-0.00042722,-0.00317968
1.14,0,0.681093,0.715344,-0.463551,0.0205812,-0.0342518
1.14,1,-0.595669,-0.478977,-0.162303,-4.18075,-0.116691
1.14,2,0.92756,0.974686,0.193099,-1.79999,-0.0471263
1.14,3,0.136219,0.143521,-0.106501,-0.0091221,-0.00730227
1.14,4,-0.331888,-0.302506,-0.0515554,-0.209277,-0.0293818
1.14,5,0.0681081,0.0712695,-0.0515722,-0.000335747,-0.00316148
1.15,0,0.676118,0.71071,-0.463428,0.0065868,-0.0345924
1.15,1,-0.597161,-0.480595,-0.161411,-4.17839,-0.116566
1.15,2,0.92955,0.976621,0.193774,-1.79968,-0.047071
1.15,3,0.135224,0.142457,-0.106422,-0.00847361,-0.00723267
1.15,4,-0.332386,-0.303019,-0.0509455,-0.209464,-0.0293671
1.15,5,0.0676105,0.0707539,-0.0515536,-0.000250816,-0.00314338
1.16,0,0.671142,0.706075,-0.463685,-0.00623263,-0.0349322
1.16,1,-0.598653,-0.482204,-0.160514,-4.17642,-0.116449
1.16,2,0.93154,0.978562,0.194443,-1.79956,-0.0470225
1.16,3,0.134229,0.141393,-0.106279,-0.0078748,-0.00716421
1.16,4,-0.332883,-0.303525,-0.050364,-0.209685,-0.0293584
1.16,5,0.067113,0.0702386,-0.0515168,-0.0001728,-0.00312557
1.17,0,0.666167,0.701435,-0.464289,-0.0178311,-0.0352674
1.17,1,-0.600146,-0.483805,-0.159623,-4.17478,-0.116341
1.17,2,0.93353,0.98051,0.195097,-1.79961,-0.0469805
1.17,3,0.133234,0.140332,-0.106079,-0.00732773,-0.0070975
1.17,4,-0.333381,-0.304025,-0.0498153,-0.209934,-0.0293553
1.17,5,0.0666155,0.0697237,-0.0514637,-0.000101968,-0.00310821
1.18,0,0.661192,0.696787,-0.465205,-0.0281798,-0.0355949
1.18,1,-0.601638,-0.485396,-0.158748,-4.17345,-0.116242
1.18,2,0.93552,0.982465,0.195731,-1.79981,-0.046945
1.18,3,0.132239,0.139272,-0.105828,-0.00683372,-0.00703307
1.18,4,-0.333878,-0.304521,-0.0493032,-0.210208,-0.0293574
1.18,5,0.0661179,0.0692094,-0.0513962,-3.8491e-05,-0.00309147
1.19,0,0.656217,0.692129,-0.4664,-0.0372654,-0.0359116
1.19,1,-0.603131,-0.486979,-0.157899,-4.17239,-0.116152
1.19,2,0.93751,0.984425,0.196338,-1.80014,-0.0469156
1.19,3,0.131244,0.138215,-0.105534,-0.00639344,-0.00697139
1.19,4,-0.334376,-0.305011,-0.0488308,-0.210501,-0.0293645
1.19,5,0.0656204,0.0686959,-0.0513164,1.75504e-05,-0.00307547
1.2,0,0.651242,0.687457,-0.467838,-0.0450897,-0.0362151
1.2,1,-0.604623,-0.488553,-0.157083,-4.17155,-0.11607
1.2,2,0.9395,0.986392,0.196912,-1.80059,-0.0468922
1.2,3,0.130249,0.137162,-0.105203,-0.00600693,-0.00691287
1.2,4,-0.334873,-0.305497,-0.0484005,-0.210808,-0.0293761
1.2,5,0.0651229,0.0681832,-0.0512261,6.61594e-05,-0.00306033
1.21,0,0.646267,0.68277,-0.469483,-0.0516682,-0.036503
1.21,1,-0.606116,-0.49012,-0.156308,-4.17092,-0.115996
1.21,2,0.94149,0.988364,0.19745,-1.80113,-0.0468743
1.21,3,0.129254,0.136112,-0.104841,-0.00567365,-0.00685783
1.21,4,-0.335371,-0.305979,-0.048014,-0.211127,-0.0293917
1.21,5,0.0646253,0.0676715,-0.0511271,0.000107415,-0.00304614
1.22,0,0.641291,0.678065,-0.471302,-0.0570285,-0.0367734
1.22,1,-0.607608,-0.491679,-0.15558,-4.17044,-0.115929
1.22,2,0.94348,0.990341,0.197947,-1.80174,-0.0468615
1.22,3,0.128259,0.135065,-0.104455,-0.00539254,-0.00680655
1.22,4,-0.335868,-0.306457,-0.0476724,-0.211451,-0.029411
1.22,5,0.0641278,0.0671608,-0.0510213,0.000141465,-0.00303298
1.23,0,0.636316,0.673341,-0.473262,-0.0612096,-0.0370249
1.23,1,-0.609101,-0.493231,-0.154905,-4.17008,-0.11587
1.23,2,0.94547,0.992323,0.198402,-1.80241,-0.0468535
1.23,3,0.127264,0.134023,-0.10405,-0.00516205,-0.00675923
1.23,4,-0.336365,-0.306932,-0.0473762,-0.211779,-0.0294334
1.23,5,0.0636303,0.0666512,-0.0509102,0.000168518,-0.00302091
1.24,0,0.631341,0.668597,-0.475328,-0.06426,-0.0372561
1.24,1,-0.610593,-0.494777,-0.154285,-4.16982,-0.115817
1.24,2,0.94746,0.99431,0.198811,-1.80312,-0.0468498
1.24,3,0.126269,0.132985,-0.103633,-0.00498024,-0.00671603
1.24,4,-0.336863,-0.307404,-0.0471254,-0.212105,-0.0294585
1.24,5,0.0631327,0.0661427,-0.0507956,0.000188837,-0.00300997
1.25,0,0.626366,0.663832,-0.477471,-0.066237,-0.0374662
1.25,1,-0.612086,-0.496316,-0.153724,-4.16961,-0.11577
1.25,2,0.94945,0.9963,0.199174,-1.80385,-0.04685
1.25,3,0.125274,0.131951,-0.10321,-0.00484478,-0.00667705
1.25,4,-0.33736,-0.307875,-0.0469196,-0.212427,-0.0294859
1.25,5,0.0626352,0.0656354,-0.0506789,0.000202732,-0.00300019
1.26,0,0.621391,0.659046,-0.479661,-0.067205,-0.0376547
1.26,1,-0.613578,-0.497851,-0.153225,-4.16943,-0.115728
1.26,2,0.95144,0.998293,0.199489,-1.80458,-0.0468535
1.26,3,0.124279,0.130921,-0.102784,-0.00475302,-0.00664232
1.26,4,-0.337858,-0.308343,-0.0467576,-0.212742,-0.0295151
1.26,5,0.0621377,0.0651292,-0.0505615,0.000210556,-0.00299158
1.27,0,0.616416,0.654237,-0.48187,-0.0672342,-0.0378211
1.27,1,-0.615071,-0.499381,-0.152788,-4.16925,-0.11569
1.27,2,0.95343,1.00029,0.199757,-1.80531,-0.0468599
1.27,3,0.123284,0.129896,-0.10236,-0.00470207,-0.00661184
1.27,4,-0.338355,-0.30881,-0.046638,-0.213047,-0.0295457
1.27,5,0.0616401,0.0646243,-0.0504447,0.000212693,-0.00298414
1.28,0,0.611441,0.649406,-0.484072,-0.0663997,-0.0379654
1.28,1,-0.616563,-0.500906,-0.152414,-4.16904,-0.115657
1.28,2,0.95542,1.00229,0.199979,-1.80602,-0.0468687
1.28,3,0.122289,0.128874,-0.101944,-0.00468881,-0.00658555
1.28,4,-0.338853,-0.309276,-0.046559,-0.213339,-0.0295773
1.28,5,0.0611426,0.0641205,-0.0503296,0.000209558,-0.00297786
1.29,0,0.606465,0.644553,-0.486245,-0.06478,-0.0380878
1.29,1,-0.618056,-0.502429,-0.152103,-4.16878,-0.115627
1.29,2,0.95741,1.00429,0.200155,-1.80669,-0.0468795
1.29,3,0.121294,0.127857,-0.101539,-0.00470995,-0.00656336
1.29,4,-0.33935,-0.309741,-0.0465185,-0.213616,-0.0296094
1.29,5,0.0606451,0.0636178,-0.0502173,0.000201588,-0.00297272
1.3,0,0.60149,0.639679,-0.488366,-0.062456,-0.0381888
1.3,1,-0.619548,-0.503948,-0.151853,-4.16844,-0.1156
1.3,2,0.9594,1.00629,0.200287,-1.80733,-0.0468918
1.3,3,0.120299,0.126844,-0.101149,-0.0047621,-0.00654515
1.3,4,-0.339848,-0.310206,-0.0465141,-0.213877,-0.0296417
1.3,5,0.0601475,0.0631162,-0.0501088,0.000189236,-0.00296868
1.31,0,0.596515,0.634784,-0.490417,-0.0595097,-0.038269
1.31,1,-0.621041,-0.505466,-0.151662,-4.16802,-0.115575
1.31,2,0.96139,1.00829,0.200377,-1.80791,-0.0469052
1.31,3,0.119304,0.125834,-0.100776,-0.00484178,-0.00653075
1.31,4,-0.340345,-0.310671,-0.0465431,-0.21412,-0.0296739
1.31,5,0.05965,0.0626157,-0.050005,0.000172966,-0.0029657
1.32,0,0.59154,0.629869,-0.49238,-0.0560237,-0.0383291
1.32,1,-0.622533,-0.506982,-0.151528,-4.16749,-0.115552
1.32,2,0.96338,1.0103,0.200427,-1.80843,-0.0469192
1.32,3,0.118309,0.124829,-0.100424,-0.00494549,-0.00651997
1.32,4,-0.340843,-0.311137,-0.0466027,-0.214344,-0.0297057
1.32,5,0.0591525,0.0621162,-0.0499064,0.000153251,-0.00296374
1.33,0,0.586565,0.624935,-0.494242,-0.0520796,-0.0383701
1.33,1,-0.624026,-0.508496,-0.151449,-4.16683,-0.115529
1.33,2,0.96537,1.0123,0.20044,-1.80889,-0.0469336
1.33,3,0.117314,0.123826,-0.100094,-0.00506973,-0.00651259
1.33,4,-0.34134,-0.311604,-0.0466899,-0.214548,-0.0297367
1.33,5,0.0586549,0.0616176,-0.0498139,0.000130561,-0.00296272
1.34,0,0.58159,0.619983,-0.495989,-0.0477578,-0.0383931
1.34,1,-0.625518,-0.510011,-0.151421,-4.16604,-0.115508
1.34,2,0.96736,1.01431,0.200418,-1.80927,-0.0469479
1.34,3,0.116319,0.122827,-0.0997879,-0.00521103,-0.00650838
1.34,4,-0.341838,-0.312071,-0.0468016,-0.214732,-0.0297667
1.34,5,0.0581574,0.06112,-0.0497278,0.000105366,-0.00296259
1.35,0,0.576615,0.615014,-0.497613,-0.0431363,-0.0383994
1.35,1,-0.627011,-0.511525,-0.15144,-4.16512,-0.115486
1.35,2,0.96935,1.01631,0.200366,-1.80958,-0.0469618
1.35,3,0.115324,0.121831,-0.0995079,-0.00536603,-0.00650708
1.35,4,-0.342335,-0.31254,-0.0469348,-0.214896,-0.0297954
1.35,5,0.0576598,0.0606231,-0.0496486,7.81263e-05,-0.00296329
1.36,0,0.571639,0.610029,-0.499104,-0.03829,-0.0383901
1.36,1,-0.628503,-0.51304,-0.151502,-4.16404,-0.115464
1.36,2,0.97134,1.01831,0.200285,-1.80982,-0.046975
1.36,3,0.114329,0.120837,-0.0992549,-0.00553145,-0.00650844
1.36,4,-0.342833,-0.31301,-0.0470863,-0.215039,-0.0298227
1.36,5,0.0571623,0.0601271,-0.0495767,4.92908e-05,-0.00296474
1.37,0,0.566664,0.605031,-0.500458,-0.0332906,-0.0383666
1.37,1,-0.629996,-0.514555,-0.151604,-4.16281,-0.115441
1.37,2,0.97333,1.02032,0.20018,-1.80998,-0.0469873
1.37,3,0.113334,0.119846,-0.0990293,-0.00570415,-0.00651217
1.37,4,-0.34333,-0.313482,-0.0472529,-0.215161,-0.0298484
1.37,5,0.0566648,0.0596317,-0.0495121,1.92929e-05,-0.00296687
1.38,0,0.561689,0.600019,-0.50167,-0.0282054,-0.0383304
1.38,1,-0.631488,-0.516072,-0.151741,-4.16143,-0.115416
1.38,2,0.97532,1.02232,0.200053,-1.81006,-0.0469984
1.38,3,0.112339,0.118857,-0.0988316,-0.00588115,-0.00651801
1.38,4,-0.343828,-0.313955,-0.0474317,-0.215263,-0.0298724
1.38,5,0.0561672,0.0591368,-0.0494552,-1.1453e-05,-0.0029696
1.39,0,0.556714,0.594997,-0.502739,-0.0230974,-0.0382829
1.39,1,-0.632981,-0.51759,-0.151909,-4.15989,-0.11539
1.39,2,0.97731,1.02432,0.199909,-1.81006,-0.0470081
1.39,3,0.111344,0.117869,-0.0986618,-0.00605964,-0.00652568
1.39,4,-0.344325,-0.314431,-0.0476196,-0.215346,-0.0298945
1.39,5,0.0556697,0.0586426,-0.0494059,-4.25544e-05,-0.00297286
1.4,0,0.551739,0.589964,-0.503664,-0.0180248,-0.0382254
1.4,1,-0.634473,-0.51911,-0.152104,-4.1582,-0.115363
1.4,2,0.9793,1.02632,0.199749,-1.80999,-0.0470163
1.4,3,0.110349,0.116883,-0.0985197,-0.00623702,-0.00653488
1.4,4,-0.344823,-0.314908,-0.0478139,-0.215411,-0.0299147
1.4,5,0.0551722,0.0581488,-0.0493641,-7.36435e-05,-0.00297657
1.41,0,0.546764,0.584923,-0.504447,-0.0130406,-0.0381595
1.41,1,-0.635966,-0.520633,-0.15232,-4.15636,-0.115333
1.41,2,0.98129,1.02831,0.199578,-1.80984,-0.0470229
1.41,3,0.109354,0.115899,-0.0984046,-0.00641089,-0.00654536
1.41,4,-0.34532,-0.315387,-0.0480118,-0.215458,-0.029933
1.41,5,0.0546746,0.0576553,-0.0493298,-0.000104379,-0.00298066
1.42,0,0.541788,0.579875,-0.50509,-0.00819266,-0.0380865
1.42,1,-0.637458,-0.522157,-0.152554,-4.15438,-0.115301
1.42,2,0.98328,1.03031,0.199398,-1.80963,-0.0470277
1.42,3,0.108358,0.114915,-0.0983157,-0.00657906,-0.00655685
1.42,4,-0.345818,-0.315868,-0.0482107,-0.215489,-0.0299492
1.42,5,0.0541771,0.0571622,-0.0493027,-0.00013445,-0.00298505
1.43,0,0.536813,0.574821,-0.505598,-0.00352343,-0.0380079
1.43,1,-0.638951,-0.523684,-0.152802,-4.15226,-0.115267
1.43,2,0.98527,1.0323,0.199212,-1.80934,-0.0470306
1.43,3,0.107363,0.113933,-0.0982521,-0.00673958,-0.00656908
1.43,4,-0.346315,-0.316351,-0.0484084,-0.215504,-0.0299635
1.43,5,0.0536796,0.0566693,-0.0492827,-0.000163573,-0.00298968
1.44,0,0.531838,0.569763,-0.505975,0.000930072,-0.0379249
1.44,1,-0.640443,-0.525213,-0.15306,-4.15001,-0.11523
1.44,2,0.98726,1.03429,0.199023,-1.809,-0.0470317
1.44,3,0.106368,0.11295,-0.0982125,-0.00689072,-0.00658182
1.44,4,-0.346812,-0.316837,-0.0486026,-0.215505,-0.0299758
1.44,5,0.053182,0.0561765,-0.0492694,-0.000191498,-0.00299446
1.45,0,0.526863,0.564702,-0.506229,0.0051362,-0.0378388
1.45,1,-0.641936,-0.526745,-0.153324,-4.14764,-0.11519
1.45,2,0.98925,1.03628,0.198834,-1.80859,-0.0470309
1.45,3,0.105373,0.111968,-0.0981955,-0.007031,-0.00659483
1.45,4,-0.34731,-0.317324,-0.0487914,-0.215494,-0.0299863
1.45,5,0.0526845,0.0556839,-0.0492624,-0.000218004,-0.00299935
1.46,0,0.521888,0.559639,-0.506367,0.00906862,-0.0377508
1.46,1,-0.643428,-0.52828,-0.15359,-4.14515,-0.115148
1.46,2,0.99124,1.03827,0.198647,-1.80814,-0.0470282
1.46,3,0.104378,0.110986,-0.0981996,-0.00715915,-0.00660789
1.46,4,-0.347807,-0.317813,-0.048973,-0.215472,-0.0299948
1.46,5,0.052187,0.0551912,-0.0492614,-0.000242906,-0.00300427
1.47,0,0.516913,0.554575,-0.506396,0.0127062,-0.037662
1.47,1,-0.644921,-0.529818,-0.153856,-4.14256,-0.115103
1.47,2,0.99323,1.04025,0.198464,-1.80764,-0.0470236
1.47,3,0.103383,0.110004,-0.0982231,-0.00727415,-0.0066208
1.47,4,-0.348305,-0.318303,-0.0491459,-0.21544,-0.0300016
1.47,5,0.0516894,0.0546986,-0.0492659,-0.000266048,-0.00300917
1.48,0,0.511938,0.549511,-0.506325,0.0160328,-0.0375736
1.48,1,-0.646413,-0.531358,-0.154118,-4.13987,-0.115056
1.48,2,0.99522,1.04224,0.198287,-1.80709,-0.0470173
1.48,3,0.102388,0.109022,-0.0982644,-0.00737517,-0.00663338
1.48,4,-0.348802,-0.318796,-0.0493088,-0.215399,-0.0300067
1.48,5,0.0511919,0.0542059,-0.0492755,-0.000287305,-0.00301399
1.49,0,0.506962,0.544449,-0.506163,0.0190369,-0.0374863
1.49,1,-0.647906,-0.5329,-0.154373,-4.1371,-0.115005
1.49,2,0.99721,1.04422,0.198118,-1.80651,-0.0470092
1.49,3,0.101393,0.108039,-0.0983215,-0.00746164,-0.00664546
1.49,4,-0.3493,-0.31929,-0.0494606,-0.215352,-0.0300103
1.49,5,0.0506944,0.0537131,-0.0492897,-0.000306585,-0.0030187
1.5,0,0.501987,0.539388,-0.505918,0.0217118,-0.0374011
1.5,1,-0.649398,-0.534445,-0.15462,-4.13426,-0.114953
1.5,2,0.9992,1.0462,0.197957,-1.8059,-0.0469995
1.5,3,0.100398,0.107055,-0.0983928,-0.00753316,-0.00665688
1.5,4,-0.349797,-0.319785,-0.0496004,-0.215299,-0.0300123
1.5,5,0.0501968,0.0532201,-0.0493079,-0.000323823,-0.00302324
1.51,0,0.497012,0.534331,-0.505601,0.0240549,-0.0373187
1.51,1,-0.650891,-0.535993,-0.154855,-4.13135,-0.114898
1.51,2,1.00119,1.04818,0.197807,-1.80526,-0.0469882
1.51,3,0.0994033,0.106071,-0.0984762,-0.00758953,-0.00666753
1.51,4,-0.350295,-0.320282,-0.0497275,-0.215241,-0.0300131
1.51,5,0.0496993,0.0527269,-0.0493296,-0.000338982,-0.00302757
1.52,0,0.492037,0.529277,-0.505221,0.0260674,-0.0372399
1.52,1,-0.652383,-0.537543,-0.155078,-4.12839,-0.114841
1.52,2,1.00318,1.05016,0.197669,-1.8046,-0.0469755
1.52,3,0.0984083,0.105086,-0.0985701,-0.00763075,-0.00667728
1.52,4,-0.350792,-0.32078,-0.0498414,-0.215181,-0.0300127
1.52,5,0.0492018,0.0522334,-0.0493545,-0.000352054,-0.00303168
1.53,0,0.487062,0.524227,-0.504787,0.0277542,-0.0371652
1.53,1,-0.653876,-0.539094,-0.155287,-4.12538,-0.114781
1.53,2,1.00517,1.05213,0.197543,-1.80393,-0.0469615
1.53,3,0.0974132,0.104099,-0.0986724,-0.00765696,-0.00668604
1.53,4,-0.35129,-0.321279,-0.049942,-0.215118,-0.0300112
1.53,5,0.0487042,0.0517398,-0.0493818,-0.000363053,-0.00303552
1.54,0,0.482087,0.519182,-0.504309,0.0291234,-0.0370951
1.54,1,-0.655368,-0.540648,-0.15548,-4.12235,-0.11472
1.54,2,1.00716,1.05411,0.197429,-1.80325,-0.0469462
1.54,3,0.0964182,0.103112,-0.0987816,-0.00766848,-0.00669374
1.54,4,-0.351787,-0.321779,-0.050029,-0.215055,-0.0300087
1.54,5,0.0482067,0.0512458,-0.0494112,-0.000372015,-0.00303908
1.55,0,0.477111,0.514141,-0.503795,0.0301861,-0.0370299
1.55,1,-0.656861,-0.542204,-0.155657,-4.11928,-0.114656
1.55,2,1.00915,1.05608,0.197328,-1.80256,-0.04693
1.55,3,0.0954232,0.102124,-0.0988959,-0.00766574,-0.00670033
1.55,4,-0.352285,-0.322279,-0.0501025,-0.214993,-0.0300055
1.55,5,0.0477092,0.0507515,-0.0494421,-0.000378999,-0.00304233
1.56,0,0.472136,0.509106,-0.503253,0.0309558,-0.0369701
1.56,1,-0.658353,-0.543762,-0.155816,-4.11621,-0.114591
1.56,2,1.01114,1.05805,0.197241,-1.80186,-0.0469127
1.56,3,0.0944282,0.101134,-0.0990135,-0.00764932,-0.00670574
1.56,4,-0.352782,-0.322781,-0.0501628,-0.214931,-0.0300016
1.56,5,0.0472116,0.0502569,-0.0494742,-0.000384081,-0.00304527
1.57,0,0.467161,0.504077,-0.502693,0.0314483,-0.0369158
1.57,1,-0.659846,-0.545321,-0.155959,-4.11312,-0.114525
1.57,2,1.01313,1.06002,0.197167,-1.80117,-0.0468947
1.57,3,0.0934332,0.100143,-0.0991331,-0.00761988,-0.00670997
1.57,4,-0.35328,-0.323282,-0.0502102,-0.214872,-0.0299972
1.57,5,0.0467141,0.049762,-0.0495068,-0.000387351,-0.00304788
1.58,0,0.462186,0.499053,-0.502122,0.0316812,-0.0368672
1.58,1,-0.661338,-0.546881,-0.156084,-4.11003,-0.114457
1.58,2,1.01512,1.062,0.197106,-1.80049,-0.046876
1.58,3,0.0924381,0.0991511,-0.0992531,-0.00757821,-0.006713
1.58,4,-0.353777,-0.323785,-0.0502452,-0.214816,-0.0299924
1.58,5,0.0462166,0.0492667,-0.0495397,-0.000388916,-0.00305016
1.59,0,0.457211,0.494035,-0.501548,0.0316734,-0.0368242
1.59,1,-0.662831,-0.548442,-0.156191,-4.10695,-0.114388
1.59,2,1.01711,1.06397,0.197057,-1.79982,-0.0468568
1.59,3,0.0914431,0.0981579,-0.0993721,-0.00752512,-0.00671484
1.59,4,-0.354275,-0.324287,-0.0502684,-0.214764,-0.0299872
1.59,5,0.045719,0.0487712,-0.0495724,-0.000388891,-0.00305212
1.6,0,0.452236,0.489023,-0.500976,0.0314453,-0.0367871
1.6,1,-0.664323,-0.550005,-0.156282,-4.10388,-0.114318
1.6,2,1.0191,1.06594,0.197021,-1.79916,-0.0468371
1.6,3,0.0904481,0.0971636,-0.099489,-0.00746154,-0.0067155
1.6,4,-0.354772,-0.32479,-0.0502804,-0.214716,-0.029982
1.6,5,0.0452215,0.0482753,-0.0496046,-0.000387402,-0.00305375
1.61,0,0.447261,0.484016,-0.500413,0.0310177,-0.0367556
1.61,1,-0.665815,-0.551568,-0.156356,-4.10083,-0.114247
1.61,2,1.02109,1.06791,0.196997,-1.79851,-0.0468172
1.61,3,0.0894531,0.0961681,-0.0996027,-0.0073884,-0.006715
1.61,4,-0.35527,-0.325293,-0.050282,-0.214672,-0.0299766
1.61,5,0.044724,0.047779,-0.0496359,-0.000384582,-0.00305507
1.62,0,0.442285,0.479015,-0.499866,0.0304124,-0.0367296
1.62,1,-0.667308,-0.553132,-0.156414,-4.0978,-0.114176
1.62,2,1.02308,1.06988,0.196983,-1.79788,-0.0467971
1.62,3,0.088458,0.0951714,-0.099712,-0.00730667,-0.00671339
1.62,4,-0.355767,-0.325796,-0.0502741,-0.214633,-0.0299713
1.62,5,0.0442264,0.0472825,-0.0496661,-0.000380568,-0.00305608
1.63,0,0.43731,0.474019,-0.499337,0.029651,-0.036709
1.63,1,-0.6688,-0.554696,-0.156456,-4.0948,-0.114104
1.63,2,1.02507,1.07185,0.19698,-1.79727,-0.0467769
1.63,3,0.087463,0.0941737,-0.0998163,-0.00721736,-0.00671071
1.63,4,-0.356265,-0.326298,-0.0502575,-0.2146,-0.0299661
1.63,5,0.0437289,0.0467857,-0.0496949,-0.0003755,-0.00305679
1.64,0,0.432335,0.469029,-0.498833,0.0287554,-0.0366936
1.64,1,-0.670293,-0.556261,-0.156485,-4.09182,-0.114032
1.64,2,1.02706,1.07382,0.196987,-1.79668,-0.0467567
1.64,3,0.086468,0.093175,-0.0999147,-0.00712146,-0.00670703
1.64,4,-0.356762,-0.326801,-0.0502331,-0.214573,-0.0299612
1.64,5,0.0432314,0.0462886,-0.049722,-0.00036952,-0.00305723
1.65,0,0.42736,0.464043,-0.498357,0.027747,-0.0366831
1.65,1,-0.671785,-0.557826,-0.1565,-4.08888,-0.113959
1.65,2,1.02905,1.07579,0.197002,-1.7961,-0.0467366
1.65,3,0.085473,0.0921754,-0.100007,-0.00701996,-0.00670239
1.65,4,-0.357259,-0.327303,-0.0502019,-0.214551,-0.0299565
1.65,5,0.0427338,0.0457912,-0.0497474,-0.000362767,-0.0030574
1.66,0,0.422385,0.459062,-0.497911,0.0266468,-0.0366771
1.66,1,-0.673278,-0.559391,-0.156503,-4.08597,-0.113887
1.66,2,1.03104,1.07776,0.197025,-1.79555,-0.0467168
1.66,3,0.084478,0.0911748,-0.100091,-0.00691385,-0.00669687
1.66,4,-0.357757,-0.327805,-0.0501647,-0.214535,-0.0299521
1.66,5,0.0422363,0.0452936,-0.0497709,-0.00035538,-0.00305733
1.67,0,0.41741,0.454085,-0.497498,0.0254752,-0.0366755
1.67,1,-0.67477,-0.560956,-0.156495,-4.08309,-0.113814
1.67,2,1.03303,1.07973,0.197055,-1.79502,-0.0466972
1.67,3,0.0834829,0.0901735,-0.100169,-0.00680406,-0.00669055
1.67,4,-0.358254,-0.328306,-0.0501226,-0.214524,-0.0299482
1.67,5,0.0417388,0.0447958,-0.0497923,-0.000347492,-0.00305703
1.68,0,0.412434,0.449112,-0.497121,0.0242515,-0.0366778
1.68,1,-0.676263,-0.562521,-0.156477,-4.08025,-0.113742
1.68,2,1.03502,1.0817,0.19709,-1.79452,-0.0466779
1.68,3,0.0824879,0.0891714,-0.100239,-0.00669152,-0.00668349
1.68,4,-0.358752,-0.328807,-0.0500763,-0.214519,-0.0299447
1.68,5,0.0412412,0.0442978,-0.0498115,-0.000339235,-0.00305654
1.69,0,0.407459,0.444143,-0.49678,0.0229944,-0.0366836
1.69,1,-0.677755,-0.564085,-0.156451,-4.07744,-0.11367
1.69,2,1.03701,1.08367,0.197131,-1.79403,-0.046659
1.69,3,0.0814929,0.0881687,-0.100301,-0.00657709,-0.00667577
1.69,4,-0.359249,-0.329308,-0.0500269,-0.21452,-0.0299417
1.69,5,0.0407437,0.0437996,-0.0498286,-0.000330729,-0.00305586
1.7,0,0.402484,0.439177,-0.496476,0.021721,-0.0366927
1.7,1,-0.679248,-0.56565,-0.156417,-4.07467,-0.113598
1.7,2,1.039,1.08564,0.197176,-1.79357,-0.0466406
1.7,3,0.0804979,0.0871653,-0.100355,-0.00646159,-0.00666748
1.7,4,-0.359747,-0.329808,-0.0499752,-0.214526,-0.0299392
1.7,5,0.0402462,0.0433012,-0.0498435,-0.000322093,-0.00305503
1.71,0,0.397509,0.434214,-0.49621,0.0204474,-0.0367046
1.71,1,-0.68074,-0.567214,-0.156377,-4.07193,-0.113527
1.71,2,1.04099,1.08761,0.197223,-1.79312,-0.0466226
1.71,3,0.0795028,0.0861615,-0.100402,-0.0063458,-0.00665869
1.71,4,-0.360244,-0.330307,-0.049922,-0.214536,-0.0299372
1.71,5,0.0397486,0.0428027,-0.0498561,-0.000313433,-0.00305405
1.72,0,0.392534,0.429253,-0.495981,0.0191884,-0.0367189
1.72,1,-0.682233,-0.568777,-0.156332,-4.06922,-0.113456
1.72,2,1.04298,1.08959,0.197273,-1.7927,-0.0466051
1.72,3,0.0785078,0.0851573,-0.10044,-0.00623041,-0.00664947
1.72,4,-0.360742,-0.330806,-0.0498681,-0.214552,-0.0299357
1.72,5,0.0392511,0.0423041,-0.0498666,-0.000304851,-0.00305297
1.73,0,0.387559,0.424294,-0.49579,0.0179573,-0.0367353
1.73,1,-0.683725,-0.57034,-0.156284,-4.06655,-0.113385
1.73,2,1.04497,1.09156,0.197325,-1.79229,-0.0465881
1.73,3,0.0775128,0.0841527,-0.100472,-0.00611607,-0.00663991
1.73,4,-0.361239,-0.331304,-0.0498141,-0.214571,-0.0299348
1.73,5,0.0387536,0.0418053,-0.049875,-0.000296437,-0.00305179
1.74,0,0.382584,0.419337,-0.495635,0.0167661,-0.0367535
1.74,1,-0.685218,-0.571903,-0.156232,-4.0639,-0.113315
1.74,2,1.04696,1.09353,0.197377,-1.7919,-0.0465716
1.74,3,0.0765178,0.0831479,-0.100496,-0.00600337,-0.00663008
1.74,4,-0.361737,-0.331802,-0.0497608,-0.214595,-0.0299344
1.74,5,0.038256,0.0413066,-0.0498813,-0.000288274,-0.00305053
1.75,0,0.377608,0.414381,-0.495514,0.0156253,-0.036773
1.75,1,-0.68671,-0.573465,-0.156179,-4.06128,-0.113245
1.75,2,1.04895,1.09551,0.197429,-1.79153,-0.0465556
1.75,3,0.0755228,0.0821428,-0.100513,-0.00589281,-0.00662004
1.75,4,-0.362234,-0.3323,-0.0497088,-0.214622,-0.0299346
1.75,5,0.0377585,0.0408077,-0.0498857,-0.000280433,-0.00304923
1.76,0,0.372633,0.409427,-0.495427,0.0145439,-0.0367935
1.76,1,-0.688203,-0.575026,-0.156125,-4.05868,-0.113176
1.76,2,1.05094,1.09748,0.197481,-1.79117,-0.0465402
1.76,3,0.0745277,0.0811376,-0.100523,-0.00578484,-0.00660988
1.76,4,-0.362732,-0.332796,-0.0496586,-0.214653,-0.0299353
1.76,5,0.037261,0.0403088,-0.0498883,-0.000272978,-0.00304789
1.77,0,0.367658,0.404473,-0.495372,0.0135295,-0.0368147
1.77,1,-0.689695,-0.576587,-0.156071,-4.0561,-0.113108
1.77,2,1.05293,1.09946,0.197531,-1.79082,-0.0465253
1.77,3,0.0735327,0.0801324,-0.100528,-0.00567985,-0.00659964
1.77,4,-0.363229,-0.333293,-0.0496107,-0.214686,-0.0299364
1.77,5,0.0367634,0.03981,-0.0498891,-0.000265962,-0.00304654
1.78,0,0.362683,0.399519,-0.495346,0.0125885,-0.0368363
1.78,1,-0.691188,-0.578148,-0.156019,-4.05354,-0.11304
1.78,2,1.05492,1.10143,0.19758,-1.79048,-0.0465109
1.78,3,0.0725377,0.0791271,-0.100526,-0.00557815,-0.00658939
1.78,4,-0.363727,-0.333789,-0.0495654,-0.214722,-0.029938
1.78,5,0.0362659,0.0393111,-0.0498883,-0.000259429,-0.00304518
1.79,0,0.357708,0.394566,-0.495348,0.0117256,-0.036858
1.79,1,-0.69268,-0.579708,-0.155968,-4.051,-0.112973
1.79,2,1.05691,1.10341,0.197626,-1.79016,-0.0464969
1.79,3,0.0715427,0.0781218,-0.10052,-0.00547998,-0.00657918
1.79,4,-0.364224,-0.334284,-0.0495232,-0.214759,-0.0299401
1.79,5,0.0357683,0.0388122,-0.049886,-0.000253416,-0.00304385
1.8,0,0.352733,0.389612,-0.495375,0.0109445,-0.0368795
1.8,1,-0.694173,-0.581267,-0.155919,-4.04847,-0.112906
1.8,2,1.0589,1.10538,0.197669,-1.78984,-0.0464834
1.8,3,0.0705476,0.0771167,-0.100508,-0.00538555,-0.00656906
1.8,4,-0.364722,-0.334779,-0.0494843,-0.214798,-0.0299426
1.8,5,0.0352708,0.0383134,-0.0498825,-0.000247947,-0.00304254
1.81,0,0.347757,0.384658,-0.495425,0.0102475,-0.0369007
1.81,1,-0.695665,-0.582826,-0.155874,-4.04595,-0.112839
1.81,2,1.06089,1.10736,0.19771,-1.78953,-0.0464703
1.81,3,0.0695526,0.0761117,-0.100493,-0.00529498,-0.00655908
1.81,4,-0.365219,-0.335274,-0.049449,-0.214839,-0.0299454
1.81,5,0.0347733,0.0378146,-0.0498777,-0.000243042,-0.00304127
1.82,0,0.342782,0.379704,-0.495495,0.00963585,-0.0369212
1.82,1,-0.697158,-0.584385,-0.155832,-4.04343,-0.112773
1.82,2,1.06288,1.10934,0.197747,-1.78922,-0.0464576
1.82,3,0.0685576,0.0751069,-0.100474,-0.00520834,-0.00654927
1.82,4,-0.365717,-0.335768,-0.0494174,-0.21488,-0.0299486
1.82,5,0.0342757,0.0373158,-0.049872,-0.00023871,-0.00304006
1.83,0,0.337807,0.374748,-0.495582,0.00910959,-0.0369409
1.83,1,-0.69865,-0.585943,-0.155794,-4.04092,-0.112708
1.83,2,1.06487,1.11132,0.197781,-1.78892,-0.0464452
1.83,3,0.0675626,0.0741023,-0.100452,-0.00512566,-0.00653968
1.83,4,-0.366214,-0.336262,-0.0493896,-0.214921,-0.029952
1.83,5,0.0337782,0.0368171,-0.0498653,-0.000234955,-0.00303891
1.84,0,0.332832,0.369792,-0.495685,0.00866787,-0.0369597
1.84,1,-0.700143,-0.5875,-0.15576,-4.03841,-0.112642
1.84,2,1.06686,1.11329,0.197811,-1.78862,-0.0464332
1.84,3,0.0665676,0.0730979,-0.100427,-0.00504691,-0.00653031
1.84,4,-0.366712,-0.336756,-0.0493656,-0.214963,-0.0299557
1.84,5,0.0332807,0.0363185,-0.049858,-0.000231771,-0.00303783
1.85,0,0.327857,0.364834,-0.495801,0.00830893,-0.0369774
1.85,1,-0.701635,-0.589058,-0.155731,-4.0359,-0.112577
1.85,2,1.06885,1.11527,0.197838,-1.78832,-0.0464215
1.85,3,0.0655725,0.0720937,-0.1004,-0.00497202,-0.00652121
1.85,4,-0.367209,-0.337249,-0.0493455,-0.215005,-0.0299597
1.85,5,0.0327831,0.03582,-0.04985,-0.00022915,-0.00303683
1.86,0,0.322882,0.359876,-0.495928,0.00803018,-0.0369938
1.86,1,-0.703128,-0.590615,-0.155706,-4.03339,-0.112513
1.86,2,1.07084,1.11725,0.19786,-1.78802,-0.0464099
1.86,3,0.0645775,0.0710899,-0.100372,-0.00490089,-0.00651239
1.86,4,-0.367706,-0.337743,-0.0493293,-0.215046,-0.0299638
1.86,5,0.0322856,0.0353215,-0.0498416,-0.000227075,-0.00303591
1.87,0,0.317907,0.354916,-0.496062,0.00782835,-0.037009
1.87,1,-0.70462,-0.592172,-0.155686,-4.03087,-0.112448
1.87,2,1.07283,1.11923,0.197879,-1.78772,-0.0463987
1.87,3,0.0635825,0.0700863,-0.100342,-0.00483336,-0.00650386
1.87,4,-0.368204,-0.338236,-0.0493167,-0.215086,-0.029968
1.87,5,0.0317881,0.0348232,-0.0498328,-0.000225525,-0.00303508
1.88,0,0.312931,0.349954,-0.496203,0.00769954,-0.0370227
1.88,1,-0.706113,-0.593729,-0.155671,-4.02834,-0.112384
1.88,2,1.07482,1.12121,0.197895,-1.78742,-0.0463875
1.88,3,0.0625875,0.0690831,-0.100312,-0.00476926,-0.00649562
1.88,4,-0.368701,-0.338729,-0.0493078,-0.215125,-0.0299724
1.88,5,0.0312905,0.0343249,-0.0498239,-0.000224476,-0.00303433
1.89,0,0.307956,0.344991,-0.496347,0.00763935,-0.0370351
1.89,1,-0.707605,-0.595285,-0.155661,-4.02581,-0.11232
1.89,2,1.07681,1.12319,0.197907,-1.78711,-0.0463765
1.89,3,0.0615925,0.0680801,-0.100281,-0.00470839,-0.0064877
1.89,4,-0.369199,-0.339222,-0.0493023,-0.215163,-0.0299768
1.89,5,0.030793,0.0338267,-0.0498149,-0.000223898,-0.00303367
1.9,0,0.302981,0.340027,-0.496494,0.00764292,-0.0370459
1.9,1,-0.709098,-0.596842,-0.155655,-4.02326,-0.112256
1.9,2,1.0788,1.12517,0.197915,-1.7868,-0.0463656
1.9,3,0.0605974,0.0670775,-0.10025,-0.00465051,-0.00648008
1.9,4,-0.369696,-0.339715,-0.0493001,-0.2152,-0.0299813
1.9,5,0.0302955,0.0333286,-0.049806,-0.000223759,-0.00303311
1.91,0,0.298006,0.335061,-0.49664,0.00770511,-0.0370554
1.91,1,-0.71059,-0.598399,-0.155654,-4.0207,-0.112192
1.91,2,1.08079,1.12715,0.19792,-1.78648,-0.0463548
1.91,3,0.0596024,0.0660752,-0.10022,-0.0045954,-0.00647276
1.91,4,-0.370194,-0.340208,-0.049301,-0.215236,-0.0299858
1.91,5,0.0297979,0.0328306,-0.0497971,-0.000224025,-0.00303263
1.92,0,0.293031,0.330094,-0.496784,0.0078205,-0.0370633
1.92,1,-0.712083,-0.599955,-0.155657,-4.01813,-0.112128
1.92,2,1.08278,1.12912,0.197922,-1.78617,-0.046344
1.92,3,0.0586074,0.0650731,-0.100191,-0.00454278,-0.00646574
1.92,4,-0.370691,-0.340701,-0.0493047,-0.215269,-0.0299902
1.92,5,0.0293004,0.0323326,-0.0497885,-0.000224659,-0.00303224
1.93,0,0.288056,0.325125,-0.496926,0.00798352,-0.0370698
1.93,1,-0.713575,-0.601512,-0.155665,-4.01554,-0.112063
1.93,2,1.08477,1.1311,0.197922,-1.78584,-0.0463332
1.93,3,0.0576124,0.0640714,-0.100163,-0.00449241,-0.00645901
1.93,4,-0.371189,-0.341194,-0.0493109,-0.215301,-0.0299946
1.93,5,0.0288029,0.0318348,-0.0497802,-0.000225624,-0.00303194
1.94,0,0.28308,0.320155,-0.497063,0.0081885,-0.037075
1.94,1,-0.715068,-0.603068,-0.155676,-4.01294,-0.111999
1.94,2,1.08676,1.13308,0.197919,-1.78551,-0.0463224
1.94,3,0.0566173,0.0630699,-0.100136,-0.00444399,-0.00645255
1.94,4,-0.371686,-0.341687,-0.0493195,-0.215332,-0.0299989
1.94,5,0.0283053,0.0313371,-0.0497723,-0.000226881,-0.00303171
1.95,0,0.278105,0.315184,-0.497194,0.00842979,-0.0370788
1.95,1,-0.71656,-0.604625,-0.155691,-4.01032,-0.111935
1.95,2,1.08875,1.13506,0.197913,-1.78517,-0.0463116
1.95,3,0.0556223,0.0620687,-0.100111,-0.00439726,-0.00644636
1.95,4,-0.372184,-0.342181,-0.0493301,-0.21536,-0.0300031
1.95,5,0.0278078,0.0308394,-0.0497648,-0.000228392,-0.00303157
1.96,0,0.27313,0.310211,-0.497318,0.00870176,-0.0370813
1.96,1,-0.718053,-0.606182,-0.155709,-4.00769,-0.11187
1.96,2,1.09074,1.13704,0.197905,-1.78483,-0.0463006
1.96,3,0.0546273,0.0610677,-0.100087,-0.00435194,-0.0064404
1.96,4,-0.372681,-0.342674,-0.0493426,-0.215387,-0.0300073
1.96,5,0.0273103,0.0303418,-0.0497578,-0.000230116,-0.00303149
1.97,0,0.268155,0.305238,-0.497435,0.00899892,-0.0370826
1.97,1,-0.719545,-0.607739,-0.15573,-4.00503,-0.111806
1.97,2,1.09273,1.13902,0.197896,-1.78448,-0.0462896
1.97,3,0.0536323,0.060067,-0.100065,-0.00430776,-0.00643468
1.97,4,-0.373179,-0.343167,-0.0493565,-0.215412,-0.0300112
1.97,5,0.0268127,0.0298442,-0.0497513,-0.000232018,-0.00303148
1.98,0,0.26318,0.300263,-0.497543,0.00931593,-0.0370828
1.98,1,-0.721038,-0.609297,-0.155754,-4.00236,-0.111741
1.98,2,1.09472,1.141,0.197885,-1.78412,-0.0462785
1.98,3,0.0526373,0.0590664,-0.100045,-0.00426447,-0.00642916
1.98,4,-0.373676,-0.343661,-0.0493717,-0.215435,-0.0300151
1.98,5,0.0263152,0.0293467,-0.0497454,-0.000234059,-0.00303154
1.99,0,0.258205,0.295287,-0.497643,0.00964769,-0.037082
1.99,1,-0.72253,-0.610855,-0.15578,-3.99968,-0.111675
1.99,2,1.09671,1.14298,0.197872,-1.78376,-0.0462673
1.99,3,0.0516422,0.0580661,-0.100028,-0.0042218,-0.00642383
1.99,4,-0.374174,-0.344155,-0.0493879,-0.215456,-0.0300187
1.99,5,0.0258177,0.0288493,-0.0497401,-0.000236204,-0.00303165
2,0,0.25323,0.29031,-0.497733,0.00998933,-0.0370802
2,1,-0.724023,-0.612413,-0.155808,-3.99698,-0.11161
2,2,1.0987,1.14496,0.197859,-1.7834,-0.0462559
2,3,0.0506472,0.0570659,-0.100012,-0.00417952,-0.00641867
2,4,-0.374671,-0.344649,-0.0494049,-0.215475,-0.0300222
2,5,0.0253201,0.0283519,-0.0497354,-0.000238419,-0.00303181
2.01,0,0.248254,0.285332,-0.497813,0.0103363,-0.0370776
2.01,1,-0.725515,-0.613971,-0.155838,-3.99426,-0.111544
2.01,2,1.10069,1.14693,0.197845,-1.78302,-0.0462444
2.01,3,0.0496522,0.0560658,-0.0999984,-0.0041374,-0.00641364
2.01,4,-0.375169,-0.345143,-0.0494223,-0.215493,-0.0300256
2.01,5,0.0248226,0.0278546,-0.0497313,-0.000240672,-0.00303201
2.02,0,0.243279,0.280353,-0.497884,0.0106844,-0.0370742
2.02,1,-0.727008,-0.615529,-0.155869,-3.99152,-0.111478
2.02,2,1.10268,1.14891,0.19783,-1.78264,-0.0462328
2.02,3,0.0486572,0.0550659,-0.0999871,-0.00409522,-0.00640875
2.02,4,-0.375666,-0.345637,-0.0494401,-0.21551,-0.0300287
2.02,5,0.0243251,0.0273573,-0.0497277,-0.000242933,-0.00303225
2.03,0,0.238304,0.275374,-0.497946,0.0110296,-0.0370702
2.03,1,-0.7285,-0.617088,-0.155901,-3.98877,-0.111412
2.03,2,1.10467,1.15089,0.197815,-1.78226,-0.046221
2.03,3,0.0476621,0.0540661,-0.0999779,-0.00405278,-0.00640395
2.03,4,-0.376164,-0.346132,-0.0494579,-0.215525,-0.0300317
2.03,5,0.0238275,0.0268601,-0.0497248,-0.000245174,-0.00303252
2.04,0,0.233329,0.270395,-0.497997,0.0113685,-0.0370656
2.04,1,-0.729993,-0.618647,-0.155933,-3.98601,-0.111345
2.04,2,1.10666,1.15287,0.1978,-1.78187,-0.046209
2.04,3,0.0466671,0.0530664,-0.0999707,-0.00400991,-0.00639923
2.04,4,-0.376661,-0.346627,-0.0494756,-0.215538,-0.0300345
2.04,5,0.02333,0.0263628,-0.0497225,-0.000247371,-0.00303282
2.05,0,0.228354,0.265414,-0.49804,0.0116979,-0.0370605
2.05,1,-0.731485,-0.620207,-0.155966,-3.98323,-0.111278
2.05,2,1.10865,1.15485,0.197785,-1.78148,-0.046197
2.05,3,0.0456721,0.0520667,-0.0999656,-0.00396645,-0.00639458
2.05,4,-0.377159,-0.347121,-0.0494931,-0.21555,-0.0300371
2.05,5,0.0228325,0.0258656,-0.0497207,-0.0002495,-0.00303314
2.06,0,0.223379,0.260434,-0.498073,0.012015,-0.0370551
2.06,1,-0.732977,-0.621767,-0.155999,-3.98043,-0.111211
2.06,2,1.11064,1.15683,0.19777,-1.78108,-0.0461847
2.06,3,0.0446771,0.051067,-0.0999623,-0.00392224,-0.00638996
2.06,4,-0.377656,-0.347616,-0.04951,-0.215562,-0.0300396
2.06,5,0.0223349,0.0253684,-0.0497195,-0.000251542,-0.00303348
2.07,0,0.218404,0.255453,-0.498097,0.0123174,-0.0370494
2.07,1,-0.73447,-0.623327,-0.156032,-3.97763,-0.111143
2.07,2,1.11263,1.1588,0.197756,-1.78068,-0.0461723
2.07,3,0.0436821,0.0500674,-0.0999609,-0.00387716,-0.00638537
2.07,4,-0.378153,-0.348112,-0.0495264,-0.215572,-0.0300419
2.07,5,0.0218374,0.0248712,-0.0497188,-0.000253478,-0.00303382
2.08,0,0.213428,0.250472,-0.498114,0.0126031,-0.0370435
2.08,1,-0.735962,-0.624887,-0.156065,-3.97481,-0.111075
2.08,2,1.11462,1.16078,0.197742,-1.78028,-0.0461598
2.08,3,0.042687,0.0490678,-0.0999612,-0.00383111,-0.00638078
2.08,4,-0.378651,-0.348607,-0.049542,-0.215581,-0.030044
2.08,5,0.0213399,0.024374,-0.0497185,-0.000255296,-0.00303417
2.09,0,0.208453,0.245491,-0.498122,0.0128703,-0.0370374
2.09,1,-0.737455,-0.626448,-0.156097,-3.97198,-0.111007
2.09,2,1.11661,1.16276,0.197729,-1.77987,-0.0461471
2.09,3,0.041692,0.0480682,-0.0999631,-0.003784,-0.00637619
2.09,4,-0.379148,-0.349102,-0.0495568,-0.215589,-0.030046
2.09,5,0.0208423,0.0238768,-0.0497187,-0.000256981,-0.00303452
2.1,0,0.203478,0.240509,-0.498124,0.0131179,-0.0370313
2.1,1,-0.738947,-0.628009,-0.156129,-3.96914,-0.110938
2.1,2,1.1186,1.16473,0.197717,-1.77946,-0.0461343
2.1,3,0.040697,0.0470685,-0.0999664,-0.00373575,-0.00637156
2.1,4,-0.379646,-0.349598,-0.0495707,-0.215597,-0.0300478
2.1,5,0.0203448,0.0233797,-0.0497193,-0.000258526,-0.00303486
2.11,0,0.198503,0.235528,-0.498119,0.0133448,-0.0370253
2.11,1,-0.74044,-0.629571,-0.156159,-3.96629,-0.110869
2.11,2,1.12059,1.16671,0.197705,-1.77905,-0.0461214
2.11,3,0.039702,0.0460689,-0.099971,-0.00368632,-0.00636689
2.11,4,-0.380143,-0.350094,-0.0495837,-0.215604,-0.0300495
2.11,5,0.0198473,0.0228825,-0.0497202,-0.000259922,-0.0030352
2.12,0,0.193528,0.230547,-0.498107,0.0135504,-0.0370193
2.12,1,-0.741932,-0.631133,-0.156189,-3.96343,-0.1108
2.12,2,1.12258,1.16869,0.197695,-1.77864,-0.0461084
2.12,3,0.0387069,0.0450691,-0.0999768,-0.00363566,-0.00636217
2.12,4,-0.380641,-0.35059,-0.0495956,-0.215611,-0.0300511
2.12,5,0.0193497,0.0223852,-0.0497215,-0.000261165,-0.00303552
2.13,0,0.188553,0.225566,-0.498091,0.0137343,-0.0370135
2.13,1,-0.743425,-0.632695,-0.156217,-3.96056,-0.11073
2.13,2,1.12457,1.17067,0.197685,-1.77823,-0.0460953
2.13,3,0.0377119,0.0440693,-0.0999836,-0.00358375,-0.00635739
2.13,4,-0.381138,-0.351086,-0.0496064,-0.215617,-0.0300525
2.13,5,0.0188522,0.021888,-0.0497231,-0.000262253,-0.00303583
2.14,0,0.183577,0.220585,-0.49807,0.0138966,-0.0370078
2.14,1,-0.744917,-0.634257,-0.156244,-3.95768,-0.11066
2.14,2,1.12656,1.17264,0.197677,-1.77782,-0.0460821
2.14,3,0.0367169,0.0430694,-0.0999913,-0.0035306,-0.00635254
2.14,4,-0.381636,-0.351582,-0.0496162,-0.215623,-0.0300539
2.14,5,0.0183547,0.0213908,-0.0497249,-0.000263183,-0.00303613
2.15,0,0.178602,0.215605,-0.498045,0.0140373,-0.0370024
2.15,1,-0.74641,-0.63582,-0.15627,-3.9548,-0.11059
2.15,2,1.12855,1.17462,0.197669,-1.7774,-0.0460688
2.15,3,0.0357219,0.0420695,-0.0999997,-0.00347619,-0.0063476
2.15,4,-0.382133,-0.352078,-0.0496249,-0.215629,-0.0300551
2.15,5,0.0178571,0.0208935,-0.0497268,-0.000263959,-0.0030364
2.16,0,0.173627,0.210624,-0.498016,0.0141569,-0.0369973
2.16,1,-0.747902,-0.637382,-0.156295,-3.95191,-0.11052
2.16,2,1.13054,1.1766,0.197663,-1.77699,-0.0460555
2.16,3,0.0347269,0.0410694,-0.100009,-0.00342055,-0.00634258
2.16,4,-0.382631,-0.352574,-0.0496325,-0.215634,-0.0300563
2.16,5,0.0173596,0.0203962,-0.049729,-0.000264583,-0.00303666
2.17,0,0.168652,0.205644,-0.497985,0.0142562,-0.0369924
2.17,1,-0.749395,-0.638945,-0.156318,-3.94902,-0.110449
2.17,2,1.13253,1.17857,0.197658,-1.77658,-0.046042
2.17,3,0.0337318,0.0400693,-0.100018,-0.00336372,-0.00633746
2.17,4,-0.383128,-0.353071,-0.0496391,-0.21564,-0.0300574
2.17,5,0.0168621,0.0198989,-0.0497313,-0.000265059,-0.00303689
2.18,0,0.163677,0.200665,-0.497951,0.0143358,-0.0369879
2.18,1,-0.750887,-0.640509,-0.15634,-3.94612,-0.110379
2.18,2,1.13452,1.18055,0.197653,-1.77616,-0.0460286
2.18,3,0.0327368,0.0390691,-0.100028,-0.00330572,-0.00633225
2.18,4,-0.383626,-0.353567,-0.0496446,-0.215646,-0.0300585
2.18,5,0.0163645,0.0194016,-0.0497336,-0.000265394,-0.0030371
2.19,0,0.158702,0.195685,-0.497916,0.0143969,-0.0369838
2.19,1,-0.75238,-0.642072,-0.156361,-3.94322,-0.110308
2.19,2,1.13651,1.18253,0.19765,-1.77575,-0.0460151
2.19,3,0.0317418,0.0380687,-0.100038,-0.00324661,-0.00632693
2.19,4,-0.384123,-0.354064,-0.0496492,-0.215651,-0.0300595
2.19,5,0.015867,0.0189043,-0.049736,-0.000265594,-0.00303728
2.2,0,0.153727,0.190706,-0.49788,0.0144405,-0.03698
2.2,1,-0.753872,-0.643636,-0.156381,-3.94031,-0.110236
2.2,2,1.1385,1.1845,0.197648,-1.77534,-0.0460016
2.2,3,0.0307468,0.0370683,-0.100048,-0.00318645,-0.00632152
2.2,4,-0.384621,-0.35456,-0.0496528,-0.215657,-0.0300605
2.2,5,0.0153695,0.0184069,-0.0497385,-0.000265668,-0.00303744
2.21,0,0.148751,0.185728,-0.497843,0.0144679,-0.0369765
2.21,1,-0.755365,-0.6452,-0.156399,-3.9374,-0.110165
2.21,2,1.14049,1.18648,0.197646,-1.77493,-0.045988
2.21,3,0.0297517,0.0360678,-0.100058,-0.00312529,-0.00631601
2.21,4,-0.385118,-0.355057,-0.0496556,-0.215663,-0.0300614
2.21,5,0.0148719,0.0179095,-0.0497409,-0.000265624,-0.00303758
2.22,0,0.143776,0.18075,-0.497806,0.0144803,-0.0369734
2.22,1,-0.756857,-0.646764,-0.156416,-3.93448,-0.110093
2.22,2,1.14248,1.18846,0.197646,-1.77453,-0.0459745
2.22,3,0.0287567,0.0350671,-0.100068,-0.00306321,-0.0063104
2.22,4,-0.385616,-0.355553,-0.0496576,-0.21567,-0.0300623
2.22,5,0.0143744,0.0174121,-0.0497433,-0.000265473,-0.00303769
2.23,0,0.138801,0.175772,-0.49777,0.0144793,-0.0369707
2.23,1,-0.75835,-0.648328,-0.156432,-3.93157,-0.110022
2.23,2,1.14447,1.19043,0.197646,-1.77412,-0.0459609
2.23,3,0.0277617,0.0340664,-0.100078,-0.00300026,-0.00630469
2.23,4,-0.386113,-0.35605,-0.0496589,-0.215676,-0.0300632
2.23,5,0.0138768,0.0169146,-0.0497456,-0.000265224,-0.00303778
2.24,0,0.133826,0.170794,-0.497734,0.0144661,-0.0369684
2.24,1,-0.759842,-0.649893,-0.156447,-3.92864,-0.10995
2.24,2,1.14646,1.19241,0.197646,-1.77371,-0.0459474
2.24,3,0.0267667,0.0330656,-0.100087,-0.00293653,-0.00629888
2.24,4,-0.386611,-0.356546,-0.0496595,-0.215683,-0.0300641
2.24,5,0.0133793,0.0164172,-0.0497478,-0.000264889,-0.00303784
2.25,0,0.128851,0.165817,-0.497699,0.0144423,-0.0369664
2.25,1,-0.761335,-0.651457,-0.156461,-3.92572,-0.109878
2.25,2,1.14845,1.19438,0.197648,-1.77331,-0.0459338
2.25,3,0.0257717,0.0320646,-0.100096,-0.0028721,-0.00629298
2.25,4,-0.387108,-0.357043,-0.0496595,-0.21569,-0.030065
2.25,5,0.0128818,0.0159197,-0.0497499,-0.000264476,-0.00303789
2.26,0,0.123876,0.16084,-0.497666,0.0144093,-0.0369647
2.26,1,-0.762827,-0.653022,-0.156474,-3.92279,-0.109805
2.26,2,1.15044,1.19636,0.19765,-1.77291,-0.0459203
2.26,3,0.0247766,0.0310636,-0.100105,-0.00280702,-0.00628699
2.26,4,-0.387606,-0.35754,-0.049659,-0.215697,-0.0300658
2.26,5,0.0123842,0.0154222,-0.0497519,-0.000263997,-0.00303791
2.27,0,0.1189,0.155864,-0.497635,0.0143685,-0.0369634
2.27,1,-0.76432,-0.654587,-0.156486,-3.91986,-0.109733
2.27,2,1.15243,1.19834,0.197652,-1.77251,-0.0459068
2.27,3,0.0237816,0.0300625,-0.100113,-0.00274138,-0.00628092
2.27,4,-0.388103,-0.358036,-0.0496581,-0.215705,-0.0300667
2.27,5,0.0118867,0.0149246,-0.0497538,-0.000263463,-0.00303792
2.28,0,0.113925,0.150888,-0.497605,0.0143213,-0.0369624
2.28,1,-0.765812,-0.656152,-0.156498,-3.91693,-0.109661
2.28,2,1.15442,1.20031,0.197655,-1.77211,-0.0458933
2.28,3,0.0227866,0.0290614,-0.100121,-0.00267526,-0.00627477
2.28,4,-0.3886,-0.358533,-0.0496568,-0.215713,-0.0300676
2.28,5,0.0113892,0.0144271,-0.0497555,-0.000262884,-0.00303791
2.29,0,0.10895,0.145912,-0.497578,0.0142691,-0.0369616
2.29,1,-0.767305,-0.657717,-0.156509,-3.914,-0.109588
2.29,2,1.15641,1.20229,0.197658,-1.77171,-0.0458799
2.29,3,0.0217916,0.0280601,-0.100128,-0.00260872,-0.00626854
2.29,4,-0.389098,-0.359029,-0.0496552,-0.215721,-0.0300685
2.29,5,0.0108916,0.0139295,-0.049757,-0.00026227,-0.00303788
2.3,0,0.103975,0.140936,-0.497553,0.0142131,-0.0369611
2.3,1,-0.768797,-0.659282,-0.156519,-3.91106,-0.109515
2.3,2,1.1584,1.20427,0.197661,-1.77132,-0.0458665
2.3,3,0.0207966,0.0270588,-0.100134,-0.00254183,-0.00626225
2.3,4,-0.389595,-0.359526,-0.0496534,-0.215729,-0.0300695
2.3,5,0.0103941,0.0134319,-0.0497584,-0.00026163,-0.00303783
2.31,0,0.0989998,0.135961,-0.49753,0.0141547,-0.0369609
2.31,1,-0.77029,-0.660847,-0.156529,-3.90812,-0.109443
2.31,2,1.16039,1.20624,0.197665,-1.77092,-0.0458531
2.31,3,0.0198015,0.0260574,-0.10014,-0.00247466,-0.00625589
2.31,4,-0.390093,-0.360022,-0.0496514,-0.215738,-0.0300704
2.31,5,0.00989658,0.0129344,-0.0497597,-0.000260974,-0.00303777
2.32,0,0.0940247,0.130986,-0.49751,0.0140949,-0.0369609
2.32,1,-0.771782,-0.662412,-0.156539,-3.90517,-0.10937
2.32,2,1.16238,1.20822,0.197668,-1.77053,-0.0458398
2.32,3,0.0188065,0.025056,-0.100146,-0.00240727,-0.00624948
2.32,4,-0.39059,-0.360519,-0.0496494,-0.215747,-0.0300714
2.32,5,0.00939904,0.0124367,-0.0497607,-0.00026031,-0.00303771
2.33,0,0.0890495,0.126011,-0.497492,0.0140349,-0.036961
2.33,1,-0.773275,-0.663978,-0.156548,-3.90223,-0.109297
2.33,2,1.16437,1.2102,0.197672,-1.77014,-0.0458264
2.33,3,0.0178115,0.0240545,-0.100151,-0.00233971,-0.00624302
2.33,4,-0.391088,-0.361015,-0.0496473,-0.215756,-0.0300724
2.33,5,0.00890151,0.0119391,-0.0497616,-0.000259646,-0.00303763
2.34,0,0.0840744,0.121036,-0.497476,0.0139755,-0.0369613
2.34,1,-0.774767,-0.665543,-0.156558,-3.89928,-0.109224
2.34,2,1.16636,1.21217,0.197676,-1.76975,-0.0458132
2.34,3,0.0168165,0.023053,-0.100155,-0.00227205,-0.00623651
2.34,4,-0.391585,-0.361512,-0.0496452,-0.215765,-0.0300734
2.34,5,0.00840397,0.0114415,-0.0497624,-0.000258989,-0.00303754
2.35,0,0.0790992,0.116061,-0.497463,0.0139177,-0.0369618
2.35,1,-0.77626,-0.667109,-0.156567,-3.89633,-0.109151
2.35,2,1.16835,1.21415,0.197679,-1.76936,-0.0457999
2.35,3,0.0158214,0.0220514,-0.100159,-0.00220432,-0.00622996
2.35,4,-0.392083,-0.362008,-0.0496433,-0.215774,-0.0300744
2.35,5,0.00790644,0.0109439,-0.049763,-0.000258346,-0.00303745
2.36,0,0.0741241,0.111086,-0.497452,0.0138622,-0.0369624
2.36,1,-0.777752,-0.668675,-0.156576,-3.89337,-0.109077
2.36,2,1.17034,1.21613,0.197683,-1.76897,-0.0457867
2.36,3,0.0148264,0.0210498,-0.100162,-0.00213657,-0.00622337
2.36,4,-0.39258,-0.362505,-0.0496414,-0.215783,-0.0300755
2.36,5,0.00740891,0.0104463,-0.0497634,-0.000257723,-0.00303735
2.37,0,0.0691489,0.106112,-0.497444,0.0138098,-0.0369631
2.37,1,-0.779245,-0.670241,-0.156585,-3.89041,-0.109004
2.37,2,1.17233,1.2181,0.197686,-1.76858,-0.0457736
2.37,3,0.0138314,0.0200482,-0.100165,-0.00206884,-0.00621676
2.37,4,-0.393078,-0.363001,-0.0496397,-0.215793,-0.0300766
2.37,5,0.00691137,0.00994862,-0.0497637,-0.000257125,-0.00303725
2.38,0,0.0641738,0.101138,-0.497438,0.0137611,-0.0369638
2.38,1,-0.780737,-0.671806,-0.156595,-3.88744,-0.108931
2.38,2,1.17432,1.22008,0.197689,-1.76819,-0.0457604
2.38,3,0.0128364,0.0190465,-0.100167,-0.00200117,-0.00621012
2.38,4,-0.393575,-0.363498,-0.0496382,-0.215802,-0.0300777
2.38,5,0.00641384,0.00945098,-0.0497639,-0.000256555,-0.00303714
2.39,0,0.0591986,0.0961632,-0.497434,0.0137165,-0.0369646
2.39,1,-0.78223,-0.673372,-0.156604,-3.88447,-0.108857
2.39,2,1.17631,1.22206,0.197692,-1.7678,-0.0457473
2.39,3,0.0118414,0.0180448,-0.100169,-0.00193357,-0.00620347
2.39,4,-0.394073,-0.363994,-0.0496369,-0.215812,-0.0300788
2.39,5,0.0059163,0.00895334,-0.0497639,-0.000256019,-0.00303704
2.4,0,0.0542235,0.0911889,-0.497431,0.0136764,-0.0369654
2.4,1,-0.783722,-0.674939,-0.156614,-3.8815,-0.108784
2.4,2,1.1783,1.22404,0.197695,-1.76742,-0.0457343
2.4,3,0.0108463,0.0170431,-0.10017,-0.00186608,-0.0061968
2.4,4,-0.39457,-0.36449,-0.0496358,-0.215821,-0.0300799
2.4,5,0.00541877,0.0084557,-0.0497638,-0.000255518,-0.00303693
2.41,0,0.0492483,0.0862146,-0.497431,0.0136411,-0.0369663
2.41,1,-0.785215,-0.676505,-0.156624,-3.87852,-0.10871
2.41,2,1.18029,1.22601,0.197697,-1.76703,-0.0457212
2.41,3,0.00985131,0.0160414,-0.100171,-0.0017987,-0.00619012
2.41,4,-0.395068,-0.364987,-0.049635,-0.21583,-0.030081
2.41,5,0.00492124,0.00795807,-0.0497637,-0.000255055,-0.00303683
2.42,0,0.0442732,0.0812403,-0.497432,0.013611,-0.0369671
2.42,1,-0.786707,-0.678071,-0.156634,-3.87554,-0.108636
2.42,2,1.18228,1.22799,0.1977,-1.76665,-0.0457082
2.42,3,0.00885629,0.0150397,-0.100171,-0.00173147,-0.00618343
2.42,4,-0.395565,-0.365483,-0.0496345,-0.21584,-0.0300821
2.42,5,0.0044237,0.00746043,-0.0497634,-0.000254632,-0.00303673
2.43,0,0.039298,0.0762659,-0.497435,0.013586,-0.0369679
2.43,1,-0.7882,-0.679637,-0.156645,-3.87255,-0.108562
2.43,2,1.18427,1.22997,0.197701,-1.76626,-0.0456952
2.43,3,0.00786127,0.014038,-0.100172,-0.00166437,-0.00617673
2.43,4,-0.396063,-0.365979,-0.0496343,-0.215849,-0.0300833
2.43,5,0.00392617,0.0069628,-0.049763,-0.00025425,-0.00303663
2.44,0,0.0343229,0.0712916,-0.497438,0.0135663,-0.0369687
2.44,1,-0.789692,-0.681204,-0.156655,-3.86956,-0.108488
2.44,2,1.18626,1.23194,0.197703,-1.76587,-0.0456822
2.44,3,0.00686625,0.0130363,-0.100172,-0.00159743,-0.00617004
2.44,4,-0.39656,-0.366476,-0.0496343,-0.215858,-0.0300844
2.44,5,0.00342863,0.00646517,-0.0497626,-0.000253909,-0.00303654
2.45,0,0.0293477,0.0663172,-0.497444,0.0135519,-0.0369695
2.45,1,-0.791185,-0.682771,-0.156666,-3.86656,-0.108414
2.45,2,1.18825,1.23392,0.197704,-1.76549,-0.0456692
2.45,3,0.00587122,0.0120346,-0.100171,-0.00153063,-0.00616335
2.45,4,-0.397058,-0.366972,-0.0496347,-0.215867,-0.0300855
2.45,5,0.0029311,0.00596755,-0.0497621,-0.000253608,-0.00303645
2.46,0,0.0243725,0.0613427,-0.49745,0.0135428,-0.0369702
2.46,1,-0.792677,-0.684337,-0.156678,-3.86356,-0.10834
2.46,2,1.19024,1.2359,0.197705,-1.7651,-0.0456563
2.46,3,0.0048762,0.0110329,-0.100171,-0.00146399,-0.00615666
2.46,4,-0.397555,-0.367468,-0.0496353,-0.215876,-0.0300866
2.46,5,0.00243357,0.00546993,-0.0497616,-0.000253349,-0.00303636
2.47,0,0.0193974,0.0563682,-0.497457,0.0135386,-0.0369708
2.47,1,-0.79417,-0.685904,-0.15669,-3.86055,-0.108265
2.47,2,1.19223,1.23787,0.197706,-1.76471,-0.0456433
2.47,3,0.00388118,0.0100312,-0.10017,-0.00139748,-0.00614997
2.47,4,-0.398052,-0.367965,-0.0496362,-0.215884,-0.0300878
2.47,5,0.00193603,0.00497232,-0.049761,-0.000253128,-0.00303629
2.48,0,0.0144222,0.0513936,-0.497464,0.0135394,-0.0369713
2.48,1,-0.795662,-0.687471,-0.156702,-3.85753,-0.108191
2.48,2,1.19422,1.23985,0.197707,-1.76432,-0.0456304
2.48,3,0.00288616,0.00902945,-0.10017,-0.00133111,-0.00614329
2.48,4,-0.39855,-0.368461,-0.0496374,-0.215892,-0.0300889
2.48,5,0.0014385,0.00447471,-0.0497604,-0.000252946,-0.00303621
2.49,0,0.00944709,0.0464189,-0.497472,0.0135449,-0.0369718
2.49,1,-0.797154,-0.689038,-0.156714,-3.85451,-0.108116
2.49,2,1.19621,1.24183,0.197707,-1.76394,-0.0456174
2.49,3,0.00189114,0.00802776,-0.100169,-0.00126487,-0.00613662
2.49,4,-0.399047,-0.368957,-0.0496388,-0.2159,-0.03009
2.49,5,0.000940963,0.00397711,-0.0497598,-0.000252799,-0.00303615
2.5,0,0.00447193,0.0414441,-0.497481,0.0135548,-0.0369722
2.5,1,-0.798647,-0.690605,-0.156727,-3.85148,-0.108042
2.5,2,1.1982,1.24381,0.197707,-1.76355,-0.0456045
2.5,3,0.000896114,0.00702607,-0.100168,-0.00119873,-0.00612996
2.5,4,-0.399545,-0.369454,-0.0496405,-0.215908,-0.030091
2.5,5,0.000443429,0.00347952,-0.0497592,-0.000252687,-0.00303609
2.51,0,-5.70348e-06,0.0364693,-0.497489,0.0334694,-0.036475
2.51,1,-0.79999,-0.692173,-0.15674,-3.84248,-0.107818
2.51,2,1.19999,1.24578,0.197707,-1.76913,-0.0457906
2.51,3,5.93799e-07,0.0060244,-0.100167,-0.000137661,-0.0060238
2.51,4,-0.399993,-0.36995,-0.0496425,-0.215518,-0.0300424
2.51,5,-4.35149e-06,0.00298193,-0.0497585,-3.83905e-06,-0.00298628
2.52,0,-5.70348e-06,0.0315092,-0.493827,0.220886,-0.0315149
2.52,1,-0.79999,-0.693707,-0.14907,-3.80412,-0.106283
2.52,2,1.19999,1.2477,0.183972,-1.79917,-0.0477076
2.52,3,5.93799e-07,0.00505098,-0.0934894,0.00558981,-0.00505038
2.52,4,-0.399993,-0.370412,-0.0419807,-0.215654,-0.0295806
2.52,5,-4.35149e-06,0.00247342,-0.0520326,0.00322092,-0.00247777
2.53,0,-5.70348e-06,0.0266196,-0.48412,0.387347,-0.0266253
2.53,1,-0.79999,-0.695124,-0.135295,-3.78877,-0.104866
2.53,2,1.19999,1.24941,0.160381,-1.80337,-0.0494202
2.53,3,5.93799e-07,0.00418792,-0.0797707,0.00598918,-0.00418733
2.53,4,-0.399993,-0.370774,-0.0316689,-0.217917,-0.0292189
2.53,5,-4.35149e-06,0.00194394,-0.0532326,0.0062283,-0.0019483
2.54,0,-5.70348e-06,0.0218566,-0.46919,0.53308,-0.0218623
2.54,1,-0.79999,-0.696396,-0.120582,-3.78204,-0.103594
2.54,2,1.19999,1.25088,0.136388,-1.7995,-0.0508908
2.54,3,5.93799e-07,0.00347974,-0.0632845,0.00317929,-0.00347914
2.54,4,-0.399993,-0.371046,-0.0241582,-0.219491,-0.0289463
2.54,5,-4.35149e-06,0.00142123,-0.0509506,0.00815726,-0.00142558
2.55,0,-5.70348e-06,0.017268,-0.449792,0.658429,-0.0172737
2.55,1,-0.79999,-0.697524,-0.106653,-3.77869,-0.102466
2.55,2,1.19999,1.25213,0.114751,-1.7935,-0.0521333
2.55,3,5.93799e-07,0.0029405,-0.0463109,-0.00161246,-0.0029399
2.55,4,-0.399993,-0.371261,-0.0196919,-0.220005,-0.0287314
2.55,5,-4.35149e-06,0.0009394,-0.0455202,0.00893729,-0.000943751
2.56,0,-5.70348e-06,0.0128946,-0.426637,0.7639,-0.0129003
2.56,1,-0.79999,-0.69852,-0.0940257,-3.77674,-0.10147
2.56,2,1.19999,1.25317,0.096054,-1.78737,-0.0531755
2.56,3,5.93799e-07,0.00256714,-0.0301929,-0.00754974,-0.00256655
2.56,4,-0.399993,-0.371444,-0.0173749,-0.219701,-0.0285486
2.56,5,-4.35149e-06,0.00052431,-0.0379982,0.00875615,-0.000528662
2.57,0,-5.70348e-06,0.00877024,-0.400399,0.850159,-0.00877594
2.57,1,-0.79999,-0.699397,-0.0827844,-3.77537,-0.100593
2.57,2,1.19999,1.25404,0.0801919,-1.78178,-0.0540466
2.57,3,5.93799e-07,0.00234627,-0.015751,-0.0140062,-0.00234567
2.57,4,-0.399993,-0.371611,-0.0163147,-0.218894,-0.0283814
2.57,5,-4.35149e-06,0.000190829,-0.0294646,0.00786348,-0.000195181
2.58,0,-5.70348e-06,0.00492226,-0.371712,0.918017,-0.00492797
2.58,1,-0.79999,-0.700169,-0.0728527,-3.77428,-0.0998208
2.58,2,1.19999,1.25477,0.0668614,-1.77692,-0.0547733
2.58,3,5.93799e-07,0.00225824,-0.00346499,-0.0204975,-0.00225764
2.58,4,-0.399993,-0.371772,-0.0158655,-0.217836,-0.0282211
2.58,5,-4.35149e-06,-5.59865e-05,-0.0208041,0.0064994,5.16351e-05
2.59,0,-5.70348e-06,0.00137182,-0.341172,0.968415,-0.00137752
2.59,1,-0.79999,-0.700849,-0.0640992,-3.77336,-0.0991414
2.59,2,1.19999,1.25537,0.0557242,-1.77282,-0.0553789
2.59,3,5.93799e-07,0.00228003,0.0064301,-0.0266524,-0.00227944
2.59,4,-0.399993,-0.371929,-0.0156195,-0.216701,-0.0280638
2.59,5,-4.35149e-06,-0.000218616,-0.0126628,0.00487016,0.000214264
2.6,0,-5.70348e-06,-0.00186565,-0.309335,1.0024,0.00185994
2.6,1,-0.79999,-0.701447,-0.0563801,-3.7726,-0.0985436
2.6,2,1.19999,1.25588,0.04646,-1.76943,-0.0558838
2.6,3,5.93799e-07,0.00238731,0.0138822,-0.0321965,-0.00238672
2.6,4,-0.399993,-0.372084,-0.0153445,-0.2156,-0.027909
2.6,5,-4.35149e-06,-0.00030476,-0.00546655,0.00314201,0.000300408
2.61,0,-5.70348e-06,-0.00478002,-0.276713,1.02111,0.00477431
2.61,1,-0.79999,-0.701972,-0.0495566,-3.77205,-0.098018
2.61,2,1.19999,1.2563,0.0387819,-1.76671,-0.056305
2.61,3,5.93799e-07,0.00255603,0.0189745,-0.036939,-0.00255543
2.61,4,-0.399993,-0.372235,-0.0149253,-0.214599,-0.0277578
2.61,5,-4.35149e-06,-0.000325338,0.000542322,0.00144223,0.000320986
2.62,0,-5.70348e-06,-0.00736607,-0.243776,1.02574,0.00736037
2.62,1,-0.79999,-0.702434,-0.0435035,-3.77174,-0.0975563
2.62,2,1.19999,1.25665,0.0324396,-1.76459,-0.0566569
2.62,3,5.93799e-07,0.0027635,0.0218871,-0.0407613,-0.0027629
2.62,4,-0.399993,-0.372381,-0.0143194,-0.213734,-0.0276117
2.62,5,-4.35149e-06,-0.000292868,0.00526497,-0.000136906,0.000288517
2.63,0,-5.70348e-06,-0.00962305,-0.210953,1.01755,0.00961734
2.63,1,-0.79999,-0.702839,-0.0381119,-3.77172,-0.0971515
2.63,2,1.19999,1.25694,0.0272174,-1.76299,-0.0569517
2.63,3,5.93799e-07,0.00298923,0.0228645,-0.043605,-0.00298863
2.63,4,-0.399993,-0.37252,-0.0135262,-0.213018,-0.0274727
2.63,5,-4.35149e-06,-0.000220246,0.00870913,-0.00153327,0.000215894
2.64,0,-5.70348e-06,-0.0115542,-0.178627,0.99782,0.0115485
2.64,1,-0.79999,-0.703193,-0.0332893,-3.77202,-0.0967973
2.64,2,1.19999,1.25719,0.0229313,-1.76185,-0.0571996
2.64,3,5.93799e-07,0.0032154,0.022189,-0.0454614,-0.00321481
2.64,4,-0.399993,-0.37265,-0.0125682,-0.212457,-0.0273426
2.64,5,-4.35149e-06,-0.000119851,0.0109573,-0.00270968,0.0001155
2.65,0,-5.70348e-06,-0.0131665,-0.147138,0.967846,0.0131608
2.65,1,-0.79999,-0.703502,-0.0289585,-3.77267,-0.0964886
2.65,2,1.19999,1.2574,0.0194252,-1.76112,-0.0574091
2.65,3,5.93799e-07,0.00342712,0.020159,-0.0463606,-0.00342652
2.65,4,-0.399993,-0.37277,-0.0114784,-0.212043,-0.0272228
2.65,5,-4.35149e-06,-2.95623e-06,0.0121402,-0.00364903,-1.39526e-06
2.66,0,-5.70348e-06,-0.0144699,-0.116786,0.928926,0.0144642
2.66,1,-0.79999,-0.703769,-0.0250564,-3.77366,-0.0962208
2.66,2,1.19999,1.25758,0.0165676,-1.76075,-0.0575871
2.66,3,5.93799e-07,0.00361248,0.0170726,-0.0463625,-0.00361189
2.66,4,-0.399993,-0.372878,-0.0102935,-0.211769,-0.0271145
2.66,5,-4.35149e-06,0.000120642,0.0124159,-0.00434974,-0.000124993
2.67,0,-5.70348e-06,-0.0154772,-0.0878288,0.882347,0.0154715
2.67,1,-0.79999,-0.704,-0.0215314,-3.775,-0.0959899
2.67,2,1.19999,1.25773,0.0142477,-1.76068,-0.0577396
2.67,3,5.93799e-07,0.00376252,0.0132146,-0.045548,-0.00376192
2.67,4,-0.399993,-0.372974,-0.00904945,-0.211622,-0.0270183
2.67,5,-4.35149e-06,0.000242796,0.0119534,-0.00482175,-0.000247147
2.68,0,-5.70348e-06,-0.0162037,-0.0604822,0.829366,0.016198
2.68,1,-0.79999,-0.704198,-0.018342,-3.77667,-0.0957924
2.68,2,1.19999,1.25786,0.0123728,-1.76089,-0.0578715
2.68,3,5.93799e-07,0.00387096,0.00884761,-0.0440122,-0.00387037
2.68,4,-0.399993,-0.373058,-0.00777942,-0.211589,-0.0269348
2.68,5,-4.35149e-06,0.000357052,0.0109204,-0.00508314,-0.000361403
2.69,0,-5.70348e-06,-0.0166664,-0.0349246,0.771202,0.0166607
2.69,1,-0.79999,-0.704365,-0.0154544,-3.77864,-0.0956251
2.69,2,1.19999,1.25798,0.0108649,-1.76133,-0.0579866
2.69,3,5.93799e-07,0.00393405,0.00420619,-0.0418583,-0.00393345
2.69,4,-0.399993,-0.373129,-0.00651275,-0.211656,-0.026864
2.69,5,-4.35149e-06,0.000458585,0.00947511,-0.00515722,-0.000462937
2.7,0,-5.70348e-06,-0.0168841,-0.0112969,0.709026,0.0168784
2.7,1,-0.79999,-0.704505,-0.0128414,-3.78088,-0.0954852
2.7,2,1.19999,1.25808,0.00965896,-1.76197,-0.0580884
2.7,3,5.93799e-07,0.00395017,-0.000506321,-0.039192,-0.00394958
2.7,4,-0.399993,-0.373187,-0.00527452,-0.211809,-0.0268057
2.7,5,-4.35149e-06,0.000544073,0.00776025,-0.0050702,-0.000548424
2.71,0,-5.70348e-06,-0.0168766,0.0102956,0.643948,0.0168709
2.71,1,-0.79999,-0.70462,-0.0104809,-3.78335,-0.0953699
2.71,2,1.19999,1.25817,0.00870029,-1.76279,-0.0581796
2.71,3,5.93799e-07,0.0039196,-0.00511914,-0.0361185,-0.003919
2.71,4,-0.399993,-0.373233,-0.00408551,-0.212034,-0.0267596
2.71,5,-4.35149e-06,0.000611518,0.00590008,-0.00484937,-0.00061587
2.72,0,-5.70348e-06,-0.0166647,0.0297811,0.577016,0.016659
2.72,1,-0.79999,-0.704713,-0.00835415,-3.78602,-0.095277
2.72,2,1.19999,1.25825,0.00794296,-1.76375,-0.0582622
2.72,3,5.93799e-07,0.0038441,-0.00949366,-0.0327389,-0.00384351
2.72,4,-0.399993,-0.373268,-0.00296241,-0.212318,-0.0267249
2.72,5,-4.35149e-06,0.000660058,0.00399885,-0.0045217,-0.00066441
2.73,0,-5.70348e-06,-0.0162697,0.0471191,0.509204,0.016264
2.73,1,-0.79999,-0.704786,-0.00644547,-3.78883,-0.0952041
2.73,2,1.19999,1.25833,0.00734829,-1.76485,-0.0583383
2.73,3,5.93799e-07,0.00372668,-0.013522,-0.0291477,-0.00372609
2.73,4,-0.399993,-0.373292,-0.00191804,-0.21265,-0.0267011
2.73,5,-4.35149e-06,0.000689762,0.00214081,-0.00411281,-0.000694114
2.74,0,-5.70348e-06,-0.0157133,0.0622982,0.441408,0.0157076
2.74,1,-0.79999,-0.704841,-0.00474105,-3.79175,-0.0951492
2.74,2,1.19999,1.2584,0.00688363,-1.76604,-0.0584091
2.74,3,5.93799e-07,0.00357127,-0.0171244,-0.0254322,-0.00357068
2.74,4,-0.399993,-0.373305,-0.000961724,-0.213017,-0.0266873
2.74,5,-4.35149e-06,0.000701435,0.00039112,-0.00364627,-0.000705787
2.75,0,-5.70348e-06,-0.0150168,0.0753332,0.374446,0.0150111
2.75,1,-0.79999,-0.70488,-0.0032285,-3.79473,-0.0951103
2.75,2,1.19999,1.25847,0.00652133,-1.76732,-0.0584759
2.75,3,5.93799e-07,0.00338245,-0.0202468,-0.0216704,-0.00338185
2.75,4,-0.399993,-0.37331,-9.96377e-05,-0.21341,-0.0266825
2.75,5,-4.35149e-06,0.000696437,-0.00120253,-0.00314319,-0.000700789
2.76,0,-5.70348e-06,-0.0142017,0.0862632,0.30905,0.014196
2.76,1,-0.79999,-0.704905,-0.00189634,-3.79773,-0.0950855
2.76,2,1.19999,1.25853,0.00623794,-1.76866,-0.0585395
2.76,3,5.93799e-07,0.00316519,-0.0228573,-0.0179316,-0.0031646
2.76,4,-0.399993,-0.373307,0.000664831,-0.213819,-0.0266858
2.76,5,-4.35149e-06,0.000676517,-0.00260794,-0.00262196,-0.000680869
2.77,0,-5.70348e-06,-0.0132885,0.0951487,0.245867,0.0132828
2.77,1,-0.79999,-0.704917,-0.000733661,-3.80072,-0.095073
2.77,2,1.19999,1.25859,0.00601359,-1.77004,-0.0586006
2.77,3,5.93799e-07,0.00292471,-0.0249433,-0.0142752,-0.00292412
2.77,4,-0.399993,-0.373296,0.0013307,-0.214235,-0.0266962
2.77,5,-4.35149e-06,0.000643672,-0.00380619,-0.00209826,-0.000648023
2.78,0,-5.70348e-06,-0.0122974,0.102069,0.185461,0.0122917
2.78,1,-0.79999,-0.704919,0.000270061,-3.80366,-0.0950713
2.78,2,1.19999,1.25865,0.00583147,-1.77145,-0.0586597
2.78,3,5.93799e-07,0.00266625,-0.0265077,-0.0107519,-0.00266565
2.78,4,-0.399993,-0.37328,0.00189903,-0.214651,-0.0267127
2.78,5,-4.35149e-06,0.000600024,-0.00478943,-0.00158505,-0.000604376
2.79,0,-5.70348e-06,-0.0112474,0.10712,0.128309,0.0112417
2.79,1,-0.79999,-0.704911,0.00112516,-3.80653,-0.0950789
2.79,2,1.19999,1.25871,0.00567741,-1.77287,-0.0587171
2.79,3,5.93799e-07,0.00239494,-0.0275669,-0.00740326,-0.00239434
2.79,4,-0.399993,-0.373258,0.00237256,-0.215061,-0.0267344
2.79,5,-4.35149e-06,0.000547725,-0.00555873,-0.00109276,-0.000552076
2.8,0,-5.70348e-06,-0.0101567,0.11041,0.0748097,0.010151
2.8,1,-0.79999,-0.704896,0.00184183,-3.80929,-0.0950942
2.8,2,1.19999,1.25877,0.00553957,-1.77427,-0.0587732
2.8,3,5.93799e-07,0.00211569,-0.0281471,-0.00426272,-0.0021151
2.8,4,-0.399993,-0.373232,0.00275539,-0.21546,-0.0267603
2.8,5,-4.35149e-06,0.000488874,-0.00612209,-0.000629499,-0.000493225
2.81,0,-5.70348e-06,-0.00904224,0.112061,0.0252776,0.00903654
2.81,1,-0.79999,-0.704874,0.0024302,-3.81193,-0.0951159
2.81,2,1.19999,1.25882,0.00540818,-1.77565,-0.0588278
2.81,3,5.93799e-07,0.00183313,-0.0282823,-0.00135599,-0.00183253
2.81,4,-0.399993,-0.373203,0.00305266,-0.215843,-0.0267895
2.81,5,-4.35149e-06,0.000425462,-0.00649262,-0.000201283,-0.000429814
2.82,0,-5.70348e-06,-0.00791966,0.112202,-0.020047,0.00791396
2.82,1,-0.79999,-0.704847,0.00290028,-3.81442,-0.0951429
2.82,2,1.19999,1.25887,0.00527535,-1.77699,-0.0588812
2.82,3,5.93799e-07,0.00155148,-0.0280117,0.00129822,-0.00155088
2.82,4,-0.399993,-0.373171,0.00327026,-0.216206,-0.0268213
2.82,5,-4.35149e-06,0.000359329,-0.00668703,0.000187705,-0.000363681
2.83,0,-5.70348e-06,-0.00680336,0.110968,-0.060997,0.00679765
2.83,1,-0.79999,-0.704816,0.003262,-3.81675,-0.095174
2.83,2,1.19999,1.25893,0.00513485,-1.77826,-0.0589332
2.83,3,5.93799e-07,0.00127456,-0.0273785,0.00368744,-0.00127397
2.83,4,-0.399993,-0.373138,0.00341461,-0.216546,-0.0268549
2.83,5,-4.35149e-06,0.000292133,-0.00672426,0.000534858,-0.000296484
2.84,0,-5.70348e-06,-0.0057063,0.108499,-0.0974734,0.00570059
2.84,1,-0.79999,-0.704782,0.0035251,-3.8189,-0.0952081
2.84,2,1.19999,1.25898,0.00498201,-1.77947,-0.0589837
2.84,3,5.93799e-07,0.00100576,-0.0264275,0.00580484,-0.00100517
2.84,4,-0.399993,-0.373103,0.00349242,-0.216862,-0.0268895
2.84,5,-4.35149e-06,0.000225334,-0.00662443,0.0008389,-0.000229686
2.85,0,-5.70348e-06,-0.00464005,0.104938,-0.12944,0.00463435
2.85,1,-0.79999,-0.704746,0.00369914,-3.82087,-0.0952444
2.85,2,1.19999,1.25902,0.0048135,-1.7806,-0.0590326
2.85,3,5.93799e-07,0.000748009,-0.0252043,0.00764844,-0.000747415
2.85,4,-0.399993,-0.373068,0.00351051,-0.217152,-0.0269246
2.85,5,-4.35149e-06,0.000160193,-0.00640793,0.00109966,-0.000164544
2.86,0,-5.70348e-06,-0.00361475,0.100427,-0.15692,0.00360905
2.86,1,-0.79999,-0.704708,0.00379343,-3.82266,-0.095282
2.86,2,1.19999,1.25907,0.00462725,-1.78165,-0.0590797
2.86,3,5.93799e-07,0.000503774,-0.0237539,0.00922054,-0.00050318
2.86,4,-0.399993,-0.373033,0.00347569,-0.217414,-0.0269595
2.86,5,-4.35149e-06,9.77642e-05,-0.00609477,0.00131785,-0.000102116
2.87,0,-5.70348e-06,-0.00263913,0.095108,-0.179987,0.00263342
2.87,1,-0.79999,-0.70467,0.00381695,-3.82425,-0.0953201
2.87,2,1.19999,1.25912,0.00442231,-1.78259,-0.0591249
2.87,3,5.93799e-07,0.000275087,-0.02212,0.0105271,-0.000274493
2.87,4,-0.399993,-0.372999,0.00339461,-0.217648,-0.0269939
2.87,5,-4.35149e-06,3.89092e-05,-0.00570403,0.00149491,-4.32607e-05
2.88,0,-5.70348e-06,-0.00172049,0.0891181,-0.198763,0.00171479
2.88,1,-0.79999,-0.704632,0.00377837,-3.82566,-0.0953581
2.88,2,1.19999,1.25916,0.00419868,-1.78343,-0.0591679
2.88,3,5.93799e-07,6.35529e-05,-0.0203444,0.011577,-6.29591e-05
2.88,4,-0.399993,-0.372965,0.00327369,-0.217854,-0.0270272
2.88,5,-4.35149e-06,-1.56958e-05,-0.00525357,0.00163279,1.13443e-05
2.89,0,-5.70348e-06,-0.00086482,0.0825915,-0.21341,0.000859116
2.89,1,-0.79999,-0.704595,0.00368593,-3.82687,-0.0953954
2.89,2,1.19999,1.2592,0.00395721,-1.78417,-0.0592086
2.89,3,5.93799e-07,-0.00012963,-0.0184661,0.0123819,0.000130223
2.89,4,-0.399993,-0.372934,0.00311907,-0.218032,-0.0270591
2.89,5,-4.35149e-06,-6.55449e-05,-0.00475974,0.00173389,6.11934e-05
2.9,0,-5.70348e-06,-7.67628e-05,0.0756562,-0.224126,7.10593e-05
2.9,1,-0.79999,-0.704559,0.00354747,-3.8279,-0.0954316
2.9,2,1.19999,1.25924,0.00369946,-1.7848,-0.0592467
2.9,3,5.93799e-07,-0.000303637,-0.0165217,0.0129553,0.000304231
2.9,4,-0.399993,-0.372903,0.00293655,-0.218183,-0.0270893
2.9,5,-4.35149e-06,-0.000110287,-0.00423726,0.00180085,0.000105935
2.91,0,-5.70348e-06,0.000640264,0.0684337,-0.23114,-0.000645967
2.91,1,-0.79999,-0.704524,0.0033704,-3.82875,-0.0954661
2.91,2,1.19999,1.25927,0.00342756,-1.78532,-0.0592822
2.91,3,5.93799e-07,-0.000457993,-0.0145443,0.0133125,0.000458586
2.91,4,-0.399993,-0.372875,0.00273153,-0.218306,-0.0271175
2.91,5,-4.35149e-06,-0.000149708,-0.0036992,0.00183654,0.000145356
2.92,0,-5.70348e-06,0.00128402,0.0610378,-0.234702,-0.00128972
2.92,1,-0.79999,-0.704492,0.00316164,-3.82943,-0.0954987
2.92,2,1.19999,1.25931,0.0031441,-1.78574,-0.059315
2.92,3,5.93799e-07,-0.000592535,-0.0125641,0.0134698,0.000593129
2.92,4,-0.399993,-0.372849,0.00250908,-0.218404,-0.0271436
2.92,5,-4.35149e-06,-0.000183717,-0.00315695,0.00184391,0.000179365
2.93,0,-5.70348e-06,0.00185336,0.0535742,-0.235085,-0.00185907
2.93,1,-0.79999,-0.704461,0.00292765,-3.82994,-0.095529
2.93,2,1.19999,1.25934,0.00285199,-1.78605,-0.0593448
2.93,3,5.93799e-07,-0.000707387,-0.0106078,0.0134445,0.000707981
2.93,4,-0.399993,-0.372825,0.00227386,-0.218477,-0.0271675
2.93,5,-4.35149e-06,-0.000212326,-0.00262027,0.00182595,0.000207975
2.94,0,-5.70348e-06,0.00234815,0.0461397,-0.232574,-0.00235386
2.94,1,-0.79999,-0.704433,0.00267441,-3.8303,-0.0955569
2.94,2,1.19999,1.25936,0.00255434,-1.78626,-0.0593717
2.94,3,5.93799e-07,-0.000802919,-0.00869909,0.0132546,0.000803513
2.94,4,-0.399993,-0.372804,0.00203016,-0.218526,-0.0271889
2.94,5,-4.35149e-06,-0.000235639,-0.00209742,0.00178566,0.000231287
2.95,0,-5.70348e-06,0.00276917,0.0388222,-0.227462,-0.00277488
2.95,1,-0.79999,-0.704408,0.00240744,-3.83051,-0.0955822
2.95,2,1.19999,1.25939,0.00225438,-1.78638,-0.0593956
2.95,3,5.93799e-07,-0.000879722,-0.00685823,0.0129181,0.000880316
2.95,4,-0.399993,-0.372785,0.00178189,-0.218553,-0.0272078
2.95,5,-4.35149e-06,-0.000253831,-0.00159522,0.00172596,0.00024948
2.96,0,-5.70348e-06,0.00311803,0.0316999,-0.220049,-0.00312374
2.96,1,-0.79999,-0.704385,0.00213176,-3.83059,-0.0956048
2.96,2,1.19999,1.25941,0.00195533,-1.78641,-0.0594165
2.96,3,5.93799e-07,-0.000938571,-0.00510256,0.0124532,0.000939165
2.96,4,-0.399993,-0.372768,0.00153259,-0.21856,-0.0272242
2.96,5,-4.35149e-06,-0.000267142,-0.00111917,0.0016497,0.00026279
2.97,0,-5.70348e-06,0.00339707,0.0248416,-0.210636,-0.00340277
2.97,1,-0.79999,-0.704366,0.00185193,-3.83054,-0.0956245
2.97,2,1.19999,1.25943,0.00166033,-1.78635,-0.0594344
2.97,3,5.93799e-07,-0.000980401,-0.00344643,0.0118778,0.000980995
2.97,4,-0.399993,-0.372754,0.00128548,-0.218548,-0.0272382
2.97,5,-4.35149e-06,-0.000275856,-0.000673617,0.00155961,0.000271505
2.98,0,-5.70348e-06,0.00360925,0.0183067,-0.199518,-0.00361496
2.98,1,-0.79999,-0.704349,0.00157209,-3.83038,-0.0956415
2.98,2,1.19999,1.25944,0.00137238,-1.78623,-0.0594494
2.98,3,5.93799e-07,-0.00100627,-0.0019014,0.0112095,0.00100687
2.98,4,-0.399993,-0.372743,0.00104341,-0.21852,-0.0272497
2.98,5,-4.35149e-06,-0.000280299,-0.000261807,0.00145828,0.000275947
2.99,0,-5.70348e-06,0.00375811,0.0121451,-0.186988,-0.00376381
2.99,1,-0.79999,-0.704335,0.00129589,-3.83012,-0.0956557
2.99,2,1.19999,1.25945,0.00109424,-1.78604,-0.0594616
2.99,3,5.93799e-07,-0.00101735,-0.000476412,0.0104652,0.00101794
2.99,4,-0.399993,-0.372734,0.000808909,-0.218475,-0.0272589
2.99,5,-4.35149e-06,-0.00028082,0.000113944,0.00134816,0.000276468
3,0,-5.70348e-06,0.00384759,0.00639788,-0.173325,-0.00385329
3,1,-0.79999,-0.704323,0.00102658,-3.82977,-0.0956672
3,2,1.19999,1.25946,0.000828415,-1.78579,-0.0594711
3,3,5.93799e-07,-0.00101486,0.000822053,0.00966133,0.00101546
3,4,-0.399993,-0.372727,0.000584189,-0.218418,-0.0272657
3,5,-4.35149e-06,-0.000277789,0.000452159,0.00123154,0.000273437
