sim_t,joint,desired,actual,velocity,torque,error
0,0,0,0,0,0,0
0,1,-0.8,-0.8,0,0,0
0,2,1.2,1.2,0,-6.66134e-15,-2.22045e-16
0,3,0,0,0,0,0
0,4,-0.4,-0.4,0,0,0
0,5,0,0,0,0,0
0.01,0,0,0,0,0,0
0.01,1,-0.8,-0.799036,0.16595,-0.536428,-0.000964426
0.01,2,1.2,1.20018,0.0384837,-0.0823016,-0.000177805
0.01,3,0,0,0,0,0
0.01,4,-0.4,-0.401011,-0.1636,0.089886,0.00101077
0.01,5,0,0,0,0,0
0.02,0,0,0,0,0,0
0.02,1,-0.8,-0.796699,0.2836,-0.982847,-0.00330121
0.02,2,1.2,1.20089,0.100179,-0.227177,-0.000893941
0.02,3,0,0,0,0,0
0.02,4,-0.4,-0.402999,-0.213878,0.130932,0.00299909
0.02,5,0,0,0,0,0
0.03,0,0,0,0,0,0
0.03,1,-0.8,-0.79336,0.371512,-1.38016,-0.00664049
0.03,2,1.2,1.20226,0.165307,-0.398268,-0.00225512
0.03,3,0,0,0,0,0
0.03,4,-0.4,-0.40506,-0.191605,0.136286,0.00506038
0.03,5,0,0,0,0,0
0.04,0,0,0,0,0,0
0.04,1,-0.8,-0.789258,0.439158,-1.74714,-0.0107418
0.04,2,1.2,1.20425,0.226588,-0.580675,-0.00424998
0.04,3,0,0,0,0,0
0.04,4,-0.4,-0.406654,-0.128913,0.117692,0.00665443
0.04,5,0,0,0,0,0
0.05,0,0,0,0,0,0
0.05,1,-0.8,-0.784566,0.491833,-2.09285,-0.0154339
0.05,2,1.2,1.20682,0.281133,-0.766927,-0.00682205
0.05,3,0,0,0,0,0
0.05,4,-0.4,-0.407507,-0.0480056,0.0840564,0.0075067
0.05,5,0,0,0,0,0
0.06,0,0,0,0,0,0
0.06,1,-0.8,-0.779414,0.532665,-2.42142,-0.0205856
0.06,2,1.2,1.2099,0.327782,-0.952464,-0.00989669
0.06,3,0,0,0,0,0
0.06,4,-0.4,-0.407519,0.0368425,0.0417314,0.00751908
0.06,5,0,0,0,0,0
0.07,0,0,0,0,0,0
0.07,1,-0.8,-0.77391,0.563557,-2.73426,-0.0260898
0.07,2,1.2,1.21339,0.366159,-1.13409,-0.0133924
0.07,3,0,0,0,0,0
0.07,4,-0.4,-0.406703,0.117015,-0.00488035,0.00670341
0.07,5,0,0,0,0,0
0.08,0,0,0,0,0,0
0.08,1,-0.8,-0.768146,0.585705,-3.03128,-0.031854
0.08,2,1.2,1.21723,0.396296,-1.30939,-0.0172265
0.08,3,0,0,0,0,0
0.08,4,-0.4,-0.405135,0.18773,-0.0527828,0.00513529
0.08,5,0,0,0,0,0
0.09,0,0,0,0,0,0
0.09,1,-0.8,-0.762205,0.599905,-3.31154,-0.0377955
0.09,2,1.2,1.22132,0.418456,-1.47645,-0.0213178
0.09,3,0,0,0,0,0
0.09,4,-0.4,-0.402923,0.246709,-0.0999671,0.00292345
0.09,5,0,0,0,0,0
0.1,0,0,0,0,0,0
0.1,1,-0.8,-0.756162,0.606744,-3.57375,-0.043838
0.1,2,1.2,1.22559,0.43304,-1.63374,-0.0255886
0.1,3,0,0,0,0,0
0.1,4,-0.4,-0.40019,0.293258,-0.145108,0.000190081
0.1,5,0,0,0,0,0
0.11,0,0,0,0,0,0
0.11,1,-0.8,-0.750089,0.606714,-3.81657,-0.0499108
0.11,2,1.2,1.22997,0.440534,-1.78004,-0.0299659
0.11,3,0,0,0,0,0
0.11,4,-0.4,-0.397059,0.327642,-0.187352,-0.00294137
0.11,5,0,0,0,0,0
0.12,0,0,0,0,0,0
0.12,1,-0.8,-0.744052,0.600284,-4.03876,-0.0559476
0.12,2,1.2,1.23438,0.441472,-1.91439,-0.0343815
0.12,3,0,0,0,0,0
0.12,4,-0.4,-0.393647,0.350674,-0.226164,-0.0063534
0.12,5,0,0,0,0,0
0.13,0,0,0,0,0,0
0.13,1,-0.8,-0.738113,0.587937,-4.2393,-0.0618872
0.13,2,1.2,1.23877,0.436424,-2.03604,-0.0387732
0.13,3,0,0,0,0,0
0.13,4,-0.4,-0.390062,0.363451,-0.261232,-0.00993838
0.13,5,0,0,0,0,0
0.14,0,0,0,0,0,0
0.14,1,-0.8,-0.732327,0.570184,-4.41748,-0.0676732
0.14,2,1.2,1.24308,0.425975,-2.14448,-0.0430842
0.14,3,0,0,0,0,0
0.14,4,-0.4,-0.3864,0.367186,-0.292396,-0.0136004
0.14,5,0,0,0,0,0
0.15,0,0,0,0,0,0
0.15,1,-0.8,-0.726746,0.547576,-4.57291,-0.0732545
0.15,2,1.2,1.24726,0.410723,-2.23936,-0.0472638
0.15,3,0,0,0,0,0
0.15,4,-0.4,-0.382744,0.363109,-0.319601,-0.0172558
0.15,5,0,0,0,0,0
0.16,0,0,0,0,0,0
0.16,1,-0.8,-0.721414,0.520693,-4.70551,-0.0785856
0.16,2,1.2,1.25127,0.391267,-2.32055,-0.0512672
0.16,3,0,0,0,0,0
0.16,4,-0.4,-0.379167,0.352406,-0.342867,-0.020833
0.16,5,0,0,0,0,0
0.17,0,0,0,0,0,0
0.17,1,-0.8,-0.716373,0.490142,-4.81552,-0.0836273
0.17,2,1.2,1.25506,0.368208,-2.38809,-0.0550558
0.17,3,0,0,0,0,0
0.17,4,-0.4,-0.375728,0.33619,-0.362271,-0.024272
0.17,5,0,0,0,0,0
0.18,0,0,0,0,0,0
0.18,1,-0.8,-0.711654,0.456543,-4.90348,-0.0883462
0.18,2,1.2,1.2586,0.342139,-2.44218,-0.0585967
0.18,3,0,0,0,0,0
0.18,4,-0.4,-0.372477,0.31549,-0.377932,-0.0275233
0.18,5,0,0,0,0,0
0.19,0,0,0,0,0,0
0.19,1,-0.8,-0.707285,0.420518,-4.97017,-0.0927152
0.19,2,1.2,1.26186,0.313646,-2.48319,-0.0618631
0.19,3,0,0,0,0,0
0.19,4,-0.4,-0.369453,0.291246,-0.390002,-0.0305474
0.19,5,0,0,0,0,0
0.2,0,0,0,0,0,0
0.2,1,-0.8,-0.703286,0.382682,-5.01659,-0.0967136
0.2,2,1.2,1.26483,0.283299,-2.51162,-0.064834
0.2,3,0,0,0,0,0
0.2,4,-0.4,-0.366686,0.264309,-0.398663,-0.0333136
0.2,5,0,0,0,0,0
0.21,0,0,0,0,0,0
0.21,1,-0.8,-0.699674,0.343629,-5.04394,-0.100326
0.21,2,1.2,1.26749,0.251651,-2.52811,-0.0674938
0.21,3,0,0,0,0,0
0.21,4,-0.4,-0.364201,0.235448,-0.404118,-0.0357993
0.21,5,0,0,0,0,0
0.22,0,0,0,0,0,0
0.22,1,-0.8,-0.696455,0.303927,-5.05356,-0.103545
0.22,2,1.2,1.26983,0.219228,-2.53343,-0.0698324
0.22,3,0,0,0,0,0
0.22,4,-0.4,-0.362011,0.205355,-0.406589,-0.037989
0.22,5,0,0,0,0,0
0.23,0,0,0,0,0,0
0.23,1,-0.8,-0.693635,0.264109,-5.04692,-0.106365
0.23,2,1.2,1.27184,0.186531,-2.52841,-0.0718449
0.23,3,0,0,0,0,0
0.23,4,-0.4,-0.360126,0.174649,-0.406316,-0.0398739
0.23,5,0,0,0,0,0
0.24,0,0,0,0,0,0
0.24,1,-0.8,-0.691212,0.224666,-5.02553,-0.108788
0.24,2,1.2,1.27353,0.154026,-2.51398,-0.0735311
0.24,3,0,0,0,0,0
0.24,4,-0.4,-0.358549,0.143881,-0.403549,-0.041451
0.24,5,0,0,0,0,0
0.25,0,0,0,0,0,0
0.25,1,-0.8,-0.689178,0.186045,-4.99101,-0.110822
0.25,2,1.2,1.2749,0.12214,-2.49114,-0.0748953
0.25,3,0,0,0,0,0
0.25,4,-0.4,-0.357278,0.113541,-0.39855,-0.0427224
0.25,5,0,0,0,0,0
0.26,0,0,0,0,0,0
0.26,1,-0.8,-0.687525,0.148643,-4.94495,-0.112475
0.26,2,1.2,1.27595,0.0912627,-2.4609,-0.0759459
0.26,3,0,0,0,0,0
0.26,4,-0.4,-0.356305,0.084053,-0.391585,-0.0436948
0.26,5,0,0,0,0,0
0.27,0,0,0,0,0,0
0.27,1,-0.8,-0.686237,0.112809,-4.88896,-0.113763
0.27,2,1.2,1.27669,0.0617363,-2.42432,-0.0766948
0.27,3,0,0,0,0,0
0.27,4,-0.4,-0.355621,0.0557871,-0.382923,-0.0443787
0.27,5,0,0,0,0,0
0.28,0,0,0,0,0,0
0.28,1,-0.8,-0.685297,0.0788394,-4.82463,-0.114703
0.28,2,1.2,1.27716,0.0338582,-2.38244,-0.0771574
0.28,3,0,0,0,0,0
0.28,4,-0.4,-0.355212,0.0290557,-0.372833,-0.0447882
0.28,5,0,0,0,0,0
0.29,0,0,0,0,0,0
0.29,1,-0.8,-0.684686,0.0469823,-4.75352,-0.115314
0.29,2,1.2,1.27735,0.00787764,-2.3363,-0.0773514
0.29,3,0,0,0,0,0
0.29,4,-0.4,-0.35506,0.00411722,-0.361579,-0.04494
0.29,5,0,0,0,0,0
0.3,0,0,0,0,0,0
0.3,1,-0.8,-0.68438,0.017437,-4.6771,-0.11562
0.3,2,1.2,1.2773,-0.0160044,-2.2869,-0.0772971
0.3,3,0,0,0,0,0
0.3,4,-0.4,-0.355147,-0.0188215,-0.349416,-0.0448533
0.3,5,0,0,0,0,0
0.31,0,0,0,0,0,0
0.31,1,-0.8,-0.684357,-0.00964384,-4.59679,-0.115643
0.31,2,1.2,1.27702,-0.0376346,-2.23522,-0.0770161
0.31,3,0,0,0,0,0
0.31,4,-0.4,-0.355451,-0.0396033,-0.33659,-0.0445489
0.31,5,0,0,0,0,0
0.32,0,0,0,0,0,0
0.32,1,-0.8,-0.68459,-0.0341515,-4.51393,-0.11541
0.32,2,1.2,1.27653,-0.056906,-2.18214,-0.0765318
0.32,3,0,0,0,0,0
0.32,4,-0.4,-0.355951,-0.0581182,-0.323334,-0.0440492
0.32,5,0,0,0,0,0
0.33,0,0,0,0,0,0
0.33,1,-0.8,-0.685054,-0.0560184,-4.42977,-0.114946
0.33,2,1.2,1.27587,-0.0737559,-2.12853,-0.0758681
0.33,3,0,0,0,0,0
0.33,4,-0.4,-0.356623,-0.0743006,-0.309866,-0.043377
0.33,5,0,0,0,0,0
0.34,0,0,0,0,0,0
0.34,1,-0.8,-0.685722,-0.075215,-4.34546,-0.114278
0.34,2,1.2,1.27505,-0.0881631,-2.07515,-0.0750493
0.34,3,0,0,0,0,0
0.34,4,-0.4,-0.357444,-0.0881258,-0.296386,-0.0425561
0.34,5,0,0,0,0,0
0.35,0,0,0,0,0,0
0.35,1,-0.8,-0.686568,-0.0917463,-4.26205,-0.113432
0.35,2,1.2,1.2741,-0.100145,-2.0227,-0.0740998
0.35,3,0,0,0,0,0
0.35,4,-0.4,-0.35839,-0.0996066,-0.283075,-0.0416097
0.35,5,0,0,0,0,0
0.36,0,0,0,0,0,0
0.36,1,-0.8,-0.687564,-0.105649,-4.1805,-0.112436
0.36,2,1.2,1.27304,-0.109752,-1.9718,-0.0730435
0.36,3,0,0,0,0,0
0.36,4,-0.4,-0.359439,-0.10879,-0.270095,-0.0405613
0.36,5,0,0,0,0,0
0.37,0,0,0,0,0,0
0.37,1,-0.8,-0.688685,-0.116989,-4.10165,-0.111315
0.37,2,1.2,1.2719,-0.117066,-1.92299,-0.0719039
0.37,3,0,0,0,0,0
0.37,4,-0.4,-0.360567,-0.115752,-0.25759,-0.0394333
0.37,5,0,0,0,0,0
0.38,0,0,0,0,0,0
0.38,1,-0.8,-0.689905,-0.125854,-4.02623,-0.110095
0.38,2,1.2,1.2707,-0.122194,-1.87671,-0.0707033
0.38,3,0,0,0,0,0
0.38,4,-0.4,-0.361753,-0.120595,-0.245682,-0.0382474
0.38,5,0,0,0,0,0
0.39,0,0,0,0,0,0
0.39,1,-0.8,-0.691202,-0.132356,-3.95487,-0.108798
0.39,2,1.2,1.26946,-0.125266,-1.83335,-0.0694629
0.39,3,0,0,0,0,0
0.39,4,-0.4,-0.362976,-0.123442,-0.234473,-0.0370242
0.39,5,0,0,0,0,0
0.4,0,0,0,0,0,0
0.4,1,-0.8,-0.69255,-0.136626,-3.88811,-0.10745
0.4,2,1.2,1.2682,-0.126428,-1.79321,-0.0682023
0.4,3,0,0,0,0,0
0.4,4,-0.4,-0.364217,-0.124435,-0.224046,-0.0357829
0.4,5,0,0,0,0,0
0.41,0,0,0,0,0,0
0.41,1,-0.8,-0.69393,-0.138806,-3.82637,-0.10607
0.41,2,1.2,1.26694,-0.125839,-1.75652,-0.0669399
0.41,3,0,0,0,0,0
0.41,4,-0.4,-0.365459,-0.123726,-0.214466,-0.0345411
0.41,5,0,0,0,0,0
0.42,0,0,0,0,0,0
0.42,1,-0.8,-0.695321,-0.139056,-3.76998,-0.104679
0.42,2,1.2,1.26569,-0.12367,-1.72343,-0.0656922
0.42,3,0,0,0,0,0
0.42,4,-0.4,-0.366685,-0.121481,-0.205779,-0.033315
0.42,5,0,0,0,0,0
0.43,0,0,0,0,0,0
0.43,1,-0.8,-0.696705,-0.137542,-3.71918,-0.103295
0.43,2,1.2,1.26447,-0.120094,-1.69403,-0.0644741
0.43,3,0,0,0,0,0
0.43,4,-0.4,-0.367881,-0.117869,-0.198017,-0.032119
0.43,5,0,0,0,0,0
0.44,0,0,0,0,0,0
0.44,1,-0.8,-0.698064,-0.134436,-3.67411,-0.101936
0.44,2,1.2,1.2633,-0.115289,-1.66838,-0.0632986
0.44,3,0,0,0,0,0
0.44,4,-0.4,-0.369034,-0.113062,-0.191195,-0.0309658
0.44,5,0,0,0,0,0
0.45,0,0,0,0,0,0
0.45,1,-0.8,-0.699385,-0.129918,-3.63485,-0.100615
0.45,2,1.2,1.26218,-0.109432,-1.64645,-0.0621772
0.45,3,0,0,0,0,0
0.45,4,-0.4,-0.370134,-0.107234,-0.185315,-0.0298665
0.45,5,0,0,0,0,0
0.46,0,0,0,0,0,0
0.46,1,-0.8,-0.700654,-0.124166,-3.60136,-0.0993465
0.46,2,1.2,1.26112,-0.102697,-1.62818,-0.0611192
0.46,3,0,0,0,0,0
0.46,4,-0.4,-0.37117,-0.100554,-0.180365,-0.0288303
0.46,5,0,0,0,0,0
0.47,0,0,0,0,0,0
0.47,1,-0.8,-0.701859,-0.11736,-3.57358,-0.0981415
0.47,2,1.2,1.26013,-0.0952533,-1.61347,-0.0601327
0.47,3,0,0,0,0,0
0.47,4,-0.4,-0.372135,-0.0931865,-0.176325,-0.0278647
0.47,5,0,0,0,0,0
0.48,0,0,0,0,0,0
0.48,1,-0.8,-0.702991,-0.109677,-3.55135,-0.0970095
0.48,2,1.2,1.25922,-0.0872628,-1.60219,-0.0592237
0.48,3,0,0,0,0,0
0.48,4,-0.4,-0.373024,-0.0852915,-0.173162,-0.0269759
0.48,5,0,0,0,0,0
0.49,0,0,0,0,0,0
0.49,1,-0.8,-0.704042,-0.101288,-3.53447,-0.0959583
0.49,2,1.2,1.2584,-0.078879,-1.59415,-0.0583969
0.49,3,0,0,0,0,0
0.49,4,-0.4,-0.373832,-0.0770186,-0.170837,-0.0261683
0.49,5,0,0,0,0,0
0.5,0,0.0001184,0,0,0.00473601,0.0001184
0.5,1,-0.799503,-0.705006,-0.0923593,-3.50279,-0.0944968
0.5,2,1.19965,1.25766,-0.0702455,-1.59958,-0.0580025
0.5,3,-2.6087e-06,0,0,-2.6087e-05,-2.6087e-06
0.5,4,-0.400199,-0.374555,-0.068509,-0.170899,-0.0256442
0.5,5,0.000289127,0,0,0.00144564,0.000289127
0.51,0,0.0013024,2.71236e-06,0.00069145,0.0499132,0.00129969
0.51,1,-0.794528,-0.705795,-0.0636674,-3.35832,-0.0887331
0.51,2,1.19618,1.25688,-0.0894763,-1.64194,-0.0606963
0.51,3,-2.86956e-05,-1.7347e-05,-0.00382959,0.00218427,-1.13486e-05
0.51,4,-0.402194,-0.375189,-0.0601179,-0.185984,-0.0270054
0.51,5,0.0031804,6.96084e-05,0.01616,0.010706,0.00311079
0.52,0,0.0024864,1.98457e-05,0.00275703,0.0903912,0.00246656
0.52,1,-0.789554,-0.706184,-0.017203,-3.28319,-0.0833701
0.52,2,1.19271,1.25577,-0.129383,-1.63297,-0.063058
0.52,3,-5.47826e-05,-8.34477e-05,-0.00866443,0.00548531,2.86651e-05
0.52,4,-0.404189,-0.375798,-0.0636745,-0.195295,-0.0283915
0.52,5,0.00607168,0.000390898,0.0461727,0.0145521,0.00568078
0.53,0,0.0036704,6.50255e-05,0.00614619,0.125777,0.00360538
0.53,1,-0.78458,-0.706075,0.0342168,-3.24286,-0.0785053
0.53,2,1.18924,1.25425,-0.170574,-1.60901,-0.0650051
0.53,3,-8.08695e-05,-0.00018662,-0.0112739,0.00782182,0.00010575
0.53,4,-0.406184,-0.376514,-0.079645,-0.197537,-0.02967
0.53,5,0.00896295,0.00103388,0.0791641,0.0158961,0.00792907
0.54,0,0.00485441,0.000150609,0.0106906,0.15608,0.0047038
0.54,1,-0.779606,-0.705449,0.0854268,-3.22253,-0.0741563
0.54,2,1.18577,1.25234,-0.207044,-1.58283,-0.066564
0.54,3,-0.000106956,-0.000301827,-0.0113829,0.00877843,0.00019487
0.54,4,-0.408179,-0.377433,-0.102456,-0.194743,-0.0307463
0.54,5,0.0118542,0.00200274,0.111069,0.0159366,0.00985149
0.55,0,0.00603841,0.000287072,0.0161937,0.181472,0.00575133
0.55,1,-0.774631,-0.704324,0.134278,-3.21513,-0.0703074
0.55,2,1.1823,1.25009,-0.23735,-1.55905,-0.0677917
0.55,3,-0.000133043,-0.000407063,-0.00959242,0.00849565,0.00027402
0.55,4,-0.410174,-0.378593,-0.126969,-0.189168,-0.0315816
0.55,5,0.0147455,0.00327708,0.14038,0.0152281,0.0114684
0.56,0,0.00722241,0.000482932,0.0224624,0.202192,0.00673948
0.56,1,-0.769657,-0.702727,0.17991,-3.21692,-0.0669297
0.56,2,1.17883,1.24758,-0.261589,-1.53933,-0.0687502
0.56,3,-0.00015913,-0.000487454,-0.00664783,0.00727193,0.000328324
0.56,4,-0.412169,-0.37999,-0.149769,-0.182548,-0.0321791
0.56,5,0.0176368,0.00482763,0.166579,0.0140719,0.0128091
0.57,0,0.00840641,0.000744847,0.0293182,0.218508,0.00766156
0.57,1,-0.764683,-0.700694,0.222055,-3.22574,-0.0639893
0.57,2,1.17536,1.24486,-0.280365,-1.52418,-0.0694968
0.57,3,-0.000185217,-0.000535154,-0.00319954,0.00541909,0.000349936
0.57,4,-0.414164,-0.381597,-0.169003,-0.176036,-0.0325672
0.57,5,0.020528,0.00662247,0.189562,0.0126593,0.0139056
0.58,0,0.00959041,0.00107779,0.0365997,0.230706,0.00851262
0.58,1,-0.759709,-0.698258,0.260735,-3.24025,-0.0614512
0.58,2,1.17189,1.24198,-0.294418,-1.51364,-0.0700824
0.58,3,-0.000211304,-0.00054798,0.000257474,0.00321227,0.000336676
0.58,4,-0.416159,-0.383373,-0.183928,-0.170327,-0.0327864
0.58,5,0.0234193,0.00862977,0.209409,0.011125,0.0147896
0.59,0,0.0107744,0.0014852,0.0441628,0.23908,0.00928921
0.59,1,-0.754734,-0.695453,0.296104,-3.25957,-0.0592815
0.59,2,1.16842,1.23897,-0.304489,-1.50752,-0.0705498
0.59,3,-0.000237391,-0.000527844,0.00338138,0.000875702,0.000290453
0.59,4,-0.418154,-0.385274,-0.194505,-0.165791,-0.0328804
0.59,5,0.0263106,0.0108191,0.226299,0.00956785,0.0154915
0.6,0,0.0119584,0.0019692,0.0518795,0.24393,0.00998922
0.6,1,-0.74976,-0.692312,0.328377,-3.28306,-0.0574482
0.6,2,1.16495,1.23589,-0.311273,-1.50551,-0.0709352
0.6,3,-0.000263478,-0.000479336,0.00596089,-0.00141796,0.000215858
0.6,4,-0.420149,-0.387258,-0.201099,-0.162578,-0.0328909
0.6,5,0.0292019,0.0131621,0.240462,0.00806003,0.0160397
0.61,0,0.0131424,0.00253067,0.0596373,0.245558,0.0106117
0.61,1,-0.744786,-0.688864,0.357783,-3.31022,-0.0559218
0.61,2,1.16148,1.23275,-0.315396,-1.50725,-0.0712679
0.61,3,-0.000289565,-0.000408565,0.0078884,-0.00354304,0.000119
0.61,4,-0.422144,-0.389289,-0.204275,-0.160701,-0.0328549
0.61,5,0.0320931,0.015633,0.25216,0.00665249,0.0164601
0.62,0,0.0143264,0.00316948,0.0673374,0.244265,0.0111569
0.62,1,-0.739812,-0.685137,0.384542,-3.34061,-0.0546747
0.62,2,1.15801,1.22958,-0.317416,-1.51231,-0.0715714
0.62,3,-0.000315652,-0.000322271,0.0091343,-0.00541439,6.61842e-06
0.62,4,-0.424139,-0.391336,-0.204668,-0.160089,-0.0328029
0.62,5,0.0349844,0.0182086,0.261668,0.00537866,0.0167758
0.63,0,0.0155104,0.00388456,0.0748939,0.240352,0.0116259
0.63,1,-0.734838,-0.681156,0.408855,-3.37383,-0.0536815
0.63,2,1.15454,1.22641,-0.317817,-1.52028,-0.0718639
0.63,3,-0.000341739,-0.000227161,0.00972475,-0.00698063,-0.000114578
0.63,4,-0.426134,-0.393375,-0.202906,-0.160621,-0.0327593
0.63,5,0.0378757,0.0208685,0.269261,0.00425774,0.0170072
0.64,0,0.0166944,0.00467407,0.0822328,0.234115,0.0120203
0.64,1,-0.729863,-0.676944,0.430901,-3.40946,-0.0529189
0.64,2,1.15107,1.22323,-0.317018,-1.53074,-0.0721593
0.64,3,-0.000367826,-0.000129467,0.0097231,-0.00821745,-0.000238359
0.64,4,-0.428129,-0.395386,-0.199569,-0.162155,-0.0327425
0.64,5,0.040767,0.0235951,0.275206,0.00329763,0.0171719
0.65,0,0.0178784,0.00553548,0.0892909,0.225845,0.0123429
0.65,1,-0.724889,-0.672524,0.450835,-3.44711,-0.052365
0.65,2,1.1476,1.22007,-0.315377,-1.54328,-0.0724676
0.65,3,-0.000393913,-3.46517e-05,0.009215,-0.00912161,-0.000359261
0.65,4,-0.430124,-0.397358,-0.195166,-0.164539,-0.0327652
0.65,5,0.0436582,0.0263732,0.279759,0.00249751,0.017285
0.66,0,0.0190624,0.00646566,0.0960153,0.215824,0.0125968
0.66,1,-0.719915,-0.667915,0.468793,-3.48636,-0.0519995
0.66,2,1.14413,1.21693,-0.313192,-1.55748,-0.0727956
0.66,3,-0.00042,5.27462e-05,0.00829691,-0.00970561,-0.000472746
0.66,4,-0.432119,-0.399283,-0.190128,-0.167623,-0.0328359
0.66,5,0.0465495,0.0291903,0.283152,0.00185017,0.0173592
0.67,0,0.0202464,0.00746105,0.102362,0.204328,0.0127854
0.67,1,-0.714941,-0.663137,0.484892,-3.5268,-0.0518032
0.67,2,1.14066,1.21381,-0.310714,-1.57299,-0.0731472
0.67,3,-0.000446087,0.00012917,0.0070674,-0.00999301,-0.000575257
0.67,4,-0.434114,-0.401155,-0.18481,-0.171265,-0.0329587
0.67,5,0.0494408,0.032036,0.285599,0.001344,0.0174048
0.68,0,0.0214304,0.00851767,0.108296,0.191621,0.0129128
0.68,1,-0.709966,-0.658208,0.499236,-3.56804,-0.0517582
0.68,2,1.13719,1.21072,-0.308147,-1.58943,-0.0735242
0.68,3,-0.000472174,0.000192031,0.00562102,-0.0100147,-0.000664204
0.68,4,-0.436109,-0.402974,-0.179497,-0.17533,-0.0331349
0.68,5,0.0523321,0.0349019,0.287288,0.000964589,0.0174302
0.69,0,0.0226144,0.00963122,0.113791,0.177955,0.0129832
0.69,1,-0.704992,-0.653145,0.511919,-3.60965,-0.0518474
0.69,2,1.13372,1.20765,-0.305656,-1.60649,-0.0739266
0.69,3,-0.000498261,0.000239643,0.00404417,-0.00980554,-0.000737903
0.69,4,-0.438104,-0.40474,-0.17441,-0.1797,-0.0333631
0.69,5,0.0552233,0.0377812,0.288382,0.000696106,0.0174422
0.7,0,0.0237984,0.0107972,0.118826,0.16357,0.0130012
0.7,1,-0.700018,-0.647963,0.523026,-3.65127,-0.0520547
0.7,2,1.13025,1.20461,-0.30337,-1.62385,-0.0743529
0.7,3,-0.000524348,0.000271128,0.00241262,-0.00940232,-0.000795476
0.7,4,-0.440098,-0.406458,-0.169716,-0.184263,-0.0336401
0.7,5,0.0581146,0.0406688,0.289022,0.00052231,0.0174458
0.71,0,0.0249824,0.012011,0.123389,0.148692,0.0129715
0.71,1,-0.695044,-0.642679,0.532641,-3.69251,-0.0523648
0.71,2,1.12678,1.20158,-0.30139,-1.64123,-0.0748004
0.71,3,-0.000550435,0.0002863,0.000790239,-0.00884149,-0.000836735
0.71,4,-0.442093,-0.408132,-0.165533,-0.188925,-0.0339614
0.71,5,0.0610059,0.043561,0.289324,0.000427335,0.0174449
0.72,0,0.0261664,0.0132677,0.127473,0.133531,0.0128987
0.72,1,-0.690069,-0.637306,0.540841,-3.73305,-0.0527632
0.72,2,1.12331,1.19858,-0.299787,-1.6584,-0.0752657
0.72,3,-0.000576522,0.000285546,-0.000771198,-0.00815796,-0.000862068
0.72,4,-0.444088,-0.409767,-0.161943,-0.193599,-0.0343213
0.72,5,0.0638972,0.0464547,0.289387,0.000396247,0.0174424
0.73,0,0.0273504,0.0145626,0.131076,0.118283,0.0127878
0.73,1,-0.685095,-0.631859,0.547705,-3.77256,-0.0532362
0.73,2,1.11984,1.19559,-0.298613,-1.67511,-0.0757447
0.73,3,-0.000602609,0.000269705,-0.00223164,-0.00738415,-0.000872313
0.73,4,-0.446083,-0.41137,-0.158993,-0.198212,-0.0347136
0.73,5,0.0667884,0.0493481,0.289287,0.000415402,0.0174403
0.74,0,0.0285344,0.015891,0.134204,0.103125,0.0126434
0.74,1,-0.680121,-0.62635,0.553311,-3.81077,-0.0537709
0.74,2,1.11637,1.1926,-0.297898,-1.69119,-0.0762329
0.74,3,-0.000628695,0.000239956,-0.00356182,-0.00654942,-0.000868651
0.74,4,-0.448078,-0.412947,-0.156706,-0.202701,-0.0351317
0.74,5,0.0696797,0.05224,0.289087,0.00047266,0.0174397
0.75,0,0.0297184,0.0172481,0.136865,0.088219,0.0124704
0.75,1,-0.675147,-0.620792,0.557738,-3.84742,-0.054355
0.75,2,1.1129,1.18963,-0.297655,-1.70646,-0.0767257
0.75,3,-0.000654782,0.000197716,-0.00474214,-0.0056797,-0.000852499
0.75,4,-0.450073,-0.414504,-0.155082,-0.207011,-0.0355691
0.75,5,0.072571,0.0551295,0.288834,0.000557471,0.0174415
0.76,0,0.0309024,0.0186292,0.139073,0.0737102,0.0122732
0.76,1,-0.670173,-0.615195,0.561066,-3.88229,-0.0549774
0.76,2,1.10943,1.18665,-0.297886,-1.72078,-0.0772183
0.76,3,-0.000680869,0.000144554,-0.00576128,-0.00479746,-0.000825423
0.76,4,-0.452068,-0.416049,-0.154106,-0.2111,-0.0360191
0.76,5,0.0754623,0.0580163,0.288563,0.00066087,0.0174459
0.77,0,0.0320864,0.02003,0.140843,0.0597257,0.0120564
0.77,1,-0.665198,-0.609571,0.563375,-3.91522,-0.0556273
0.77,2,1.10596,1.18367,-0.298578,-1.73402,-0.077706
0.77,3,-0.000706956,8.21093e-05,-0.00661488,-0.00392173,-0.000789066
0.77,4,-0.454063,-0.417588,-0.153748,-0.214929,-0.0364754
0.77,5,0.0783535,0.0609005,0.288299,0.000775414,0.017453
0.78,0,0.0332704,0.0214463,0.142197,0.046376,0.0118242
0.78,1,-0.660224,-0.603929,0.564747,-3.94605,-0.0562951
0.78,2,1.10249,1.18068,-0.299711,-1.74611,-0.0781844
0.78,3,-0.000733043,1.20355e-05,-0.00730421,-0.00306826,-0.000745079
0.78,4,-0.456058,-0.419126,-0.15397,-0.218472,-0.0369321
0.78,5,0.0812448,0.0637821,0.288061,0.00089506,0.0174627
0.79,0,0.0344544,0.0228738,0.143157,0.0337547,0.0115806
0.79,1,-0.65525,-0.598278,0.565265,-3.97467,-0.0569719
0.79,2,1.09902,1.17767,-0.301255,-1.75696,-0.0786492
0.79,3,-0.00075913,-6.40532e-05,-0.00783494,-0.00224981,-0.000695077
0.79,4,-0.458053,-0.420669,-0.154725,-0.221707,-0.0373837
0.79,5,0.0841361,0.0666616,0.287858,0.00101503,0.0174745
0.8,0,0.0356384,0.0243089,0.143747,0.021939,0.0113295
0.8,1,-0.650276,-0.592626,0.56501,-4.00101,-0.0576495
0.8,2,1.09555,1.17465,-0.303177,-1.76654,-0.0790964
0.8,3,-0.000785217,-0.000144618,-0.00821602,-0.00147638,-0.0006406
0.8,4,-0.460048,-0.422223,-0.155962,-0.224619,-0.0378249
0.8,5,0.0870274,0.0695393,0.287696,0.00113164,0.0174881
0.81,0,0.0368224,0.025748,0.143995,0.0109906,0.0110744
0.81,1,-0.645301,-0.586981,0.564066,-4.02502,-0.0583207
0.81,2,1.09208,1.1716,-0.305436,-1.7748,-0.0795225
0.81,3,-0.000811304,-0.000228222,-0.00845877,-0.000755562,-0.000583082
0.81,4,-0.462043,-0.423791,-0.157626,-0.227199,-0.0382514
0.81,5,0.0899186,0.0724155,0.287578,0.00124218,0.0175031
0.82,0,0.0380064,0.0271879,0.143929,0.000955649,0.0108186
0.82,1,-0.640327,-0.581348,0.562513,-4.0467,-0.058979
0.82,2,1.08861,1.16854,-0.30799,-1.78175,-0.0799244
0.82,3,-0.000837391,-0.000313552,-0.00857597,-9.28049e-05,-0.000523839
0.82,4,-0.464038,-0.425379,-0.159661,-0.229444,-0.0386592
0.82,5,0.0928099,0.0752909,0.287502,0.00134473,0.017519
0.83,0,0.0391904,0.0286255,0.143578,-0.00813361,0.010565
0.83,1,-0.635353,-0.575734,0.56043,-4.06605,-0.0596189
0.83,2,1.08514,1.16544,-0.310795,-1.78739,-0.0802993
0.83,3,-0.000863478,-0.000399428,-0.00858129,0.000508271,-0.00046405
0.83,4,-0.466033,-0.426988,-0.162009,-0.231354,-0.0390449
0.83,5,0.0957012,0.0781656,0.287466,0.00143802,0.0175355
0.84,0,0.0403744,0.0300581,0.142971,-0.0162586,0.0103164
0.84,1,-0.630379,-0.570143,0.557897,-4.0831,-0.0602354
0.84,2,1.08167,1.16232,-0.313804,-1.79174,-0.080645
0.84,3,-0.000889565,-0.000484806,-0.00848866,0.00104561,-0.000404759
0.84,4,-0.468028,-0.428622,-0.164616,-0.232937,-0.0394056
0.84,5,0.0985925,0.0810403,0.287465,0.00152131,0.0175522
0.85,0,0.0415584,0.0314834,0.142138,-0.023413,0.0100751
0.85,1,-0.625404,-0.56458,0.554987,-4.09794,-0.0608244
0.85,2,1.0782,1.15916,-0.316973,-1.79484,-0.0809596
0.85,3,-0.000915652,-0.000568785,-0.0083119,0.00151847,-0.000346867
0.85,4,-0.470023,-0.430284,-0.167425,-0.2342,-0.0397391
0.85,5,0.101484,0.0839151,0.287497,0.00159431,0.0175687
0.86,0,0.0427424,0.0328993,0.14111,-0.0296023,0.00984318
0.86,1,-0.62043,-0.559048,0.551773,-4.11062,-0.0613826
0.86,2,1.07473,1.15597,-0.320256,-1.79675,-0.081242
0.86,3,-0.000941739,-0.000650595,-0.0080644,0.0019272,-0.000291144
0.86,4,-0.472018,-0.431974,-0.170384,-0.235157,-0.0400436
0.86,5,0.104375,0.0867903,0.287554,0.00165701,0.0175847
0.87,0,0.0439265,0.0343039,0.139914,-0.0348421,0.00962253
0.87,1,-0.615456,-0.553549,0.548323,-4.12126,-0.0619072
0.87,2,1.07126,1.15275,-0.323609,-1.79751,-0.081491
0.87,3,-0.000967826,-0.000729602,-0.00775884,0.00227306,-0.000238224
0.87,4,-0.474013,-0.433695,-0.173442,-0.235822,-0.040318
0.87,5,0.107266,0.0896663,0.287634,0.00170968,0.0176
0.88,0,0.0451105,0.0356958,0.138581,-0.0391572,0.00941462
0.88,1,-0.610482,-0.548085,0.544702,-4.12996,-0.0623964
0.88,2,1.06779,1.1495,-0.326991,-1.79721,-0.0817064
0.88,3,-0.000993913,-0.000805289,-0.00740713,0.00255804,-0.000188624
0.88,4,-0.476008,-0.435446,-0.176554,-0.236214,-0.0405614
0.88,5,0.110158,0.0925432,0.287731,0.00175275,0.0176144
0.89,0,0.0462945,0.0370738,0.137136,-0.0425809,0.00922068
0.89,1,-0.605508,-0.542659,0.54097,-4.13686,-0.0628488
0.89,2,1.06432,1.14621,-0.330363,-1.79591,-0.081888
0.89,3,-0.00102,-0.000877257,-0.0070202,0.00278469,-0.000142743
0.89,4,-0.478003,-0.437229,-0.179674,-0.236352,-0.0407736
0.89,5,0.113049,0.0954211,0.28784,0.00178678,0.0176278
0.9,0,0.0474785,0.0384368,0.135607,-0.0451534,0.00904167
0.9,1,-0.600533,-0.53727,0.537183,-4.14209,-0.0632634
0.9,2,1.06085,1.14289,-0.333689,-1.7937,-0.082036
0.9,3,-0.00104609,-0.000945209,-0.00660806,0.00295606,-0.000100878
0.9,4,-0.479997,-0.439043,-0.182765,-0.236256,-0.0409548
0.9,5,0.11594,0.0983001,0.287959,0.00181241,0.01764
0.91,0,0.0486625,0.0397842,0.134018,-0.046921,0.00887831
0.91,1,-0.595559,-0.531919,0.533392,-4.14578,-0.0636402
0.91,2,1.05738,1.13953,-0.336935,-1.79067,-0.0821512
0.91,3,-0.00107217,-0.00100894,-0.00617969,0.00307551,-6.32301e-05
0.91,4,-0.481992,-0.440887,-0.185789,-0.235949,-0.0411054
0.91,5,0.118831,0.10118,0.288082,0.00183032,0.017651
0.92,0,0.0498465,0.0411154,0.132392,-0.0479348,0.00873105
0.92,1,-0.590585,-0.526606,0.529644,-4.1481,-0.0639792
0.92,2,1.05391,1.13615,-0.340072,-1.78689,-0.0822346
0.92,3,-0.00109826,-0.00106834,-0.00574313,0.0031467,-2.99176e-05
0.92,4,-0.483987,-0.442761,-0.188715,-0.235453,-0.0412263
0.92,5,0.121723,0.104062,0.288209,0.00184123,0.0176608
0.93,0,0.0510305,0.0424303,0.130752,-0.0482502,0.00860015
0.93,1,-0.585611,-0.521329,0.525979,-4.14918,-0.0642812
0.93,2,1.05044,1.13273,-0.343073,-1.78247,-0.0822873
0.93,3,-0.00112435,-0.00112337,-0.00530546,0.00317345,-9.82199e-07
0.93,4,-0.485982,-0.444664,-0.191515,-0.234791,-0.0413186
0.93,5,0.124614,0.106945,0.288335,0.00184585,0.0176693
0.94,0,0.0522145,0.0437288,0.129117,-0.0479252,0.00848563
0.94,1,-0.580636,-0.516089,0.522435,-4.14919,-0.0645471
0.94,2,1.04697,1.12928,-0.345915,-1.77749,-0.0823108
0.94,3,-0.00115043,-0.00117403,-0.00487287,0.00315972,2.35997e-05
0.94,4,-0.487977,-0.446594,-0.194167,-0.233986,-0.0413836
0.94,5,0.127505,0.109829,0.288459,0.0018449,0.0176765
0.95,0,0.0533985,0.0450111,0.127505,-0.04702,0.00838736
0.95,1,-0.575662,-0.510884,0.519043,-4.14827,-0.0647784
0.95,2,1.0435,1.12581,-0.348581,-1.77205,-0.0823069
0.95,3,-0.00117652,-0.00122043,-0.00445069,0.0031095,4.39089e-05
0.95,4,-0.489972,-0.448549,-0.19665,-0.23306,-0.0414231
0.95,5,0.130396,0.112714,0.288579,0.00183905,0.0176825
0.96,0,0.0545825,0.0462775,0.125932,-0.045596,0.008305
0.96,1,-0.570688,-0.505711,0.515829,-4.14656,-0.0649768
0.96,2,1.04003,1.12231,-0.351053,-1.76621,-0.0822773
0.96,3,-0.00120261,-0.00126268,-0.00404346,0.00302682,6.0075e-05
0.96,4,-0.491967,-0.450528,-0.198949,-0.232036,-0.0414388
0.96,5,0.133288,0.1156,0.288693,0.00182898,0.0176874
0.97,0,0.0557665,0.0475284,0.124413,-0.0437151,0.00823809
0.97,1,-0.565714,-0.50057,0.512817,-4.14422,-0.0651441
0.97,2,1.03656,1.11879,-0.35332,-1.76009,-0.0822242
0.97,3,-0.0012287,-0.00130096,-0.00365497,0.00291567,7.22691e-05
0.97,4,-0.493962,-0.45253,-0.201051,-0.230935,-0.0414325
0.97,5,0.136179,0.118488,0.288801,0.0018153,0.0176911
0.98,0,0.0569505,0.0487645,0.12296,-0.0414386,0.00818601
0.98,1,-0.560739,-0.495457,0.510023,-4.14137,-0.0652825
0.98,2,1.03309,1.11524,-0.355375,-1.75374,-0.0821496
0.98,3,-0.00125478,-0.00133548,-0.00328834,0.00277997,8.06962e-05
0.98,4,-0.495957,-0.454551,-0.202948,-0.229777,-0.0414063
0.98,5,0.13907,0.121376,0.288902,0.00179862,0.0176938
0.99,0,0.0581345,0.0499864,0.121583,-0.0388272,0.00814805
0.99,1,-0.555765,-0.490371,0.507461,-4.13815,-0.0653942
0.99,2,1.02962,1.11168,-0.35721,-1.74725,-0.0820556
0.99,3,-0.00128087,-0.00136646,-0.00294605,0.00262352,8.55891e-05
0.99,4,-0.497952,-0.45659,-0.204635,-0.228581,-0.0413624
0.99,5,0.141962,0.124266,0.288994,0.00177949,0.0176956
1,0,0.0593185,0.0511951,0.120292,-0.0359396,0.0081234
1,1,-0.550791,-0.485309,0.50514,-4.13468,-0.0654816
1,2,1.02615,1.1081,-0.358824,-1.74069,-0.0819445
1,3,-0.00130696,-0.00139416,-0.00263,0.00245002,8.72021e-05
1,4,-0.499947,-0.458644,-0.20611,-0.227367,-0.0413027
1,5,0.144853,0.127156,0.289079,0.00175843,0.0176964
1.01,0,0.0605025,0.0523913,0.119093,-0.0328329,0.00811115
1.01,1,-0.545817,-0.48027,0.503066,-4.13108,-0.0655472
1.01,2,1.02268,1.1045,-0.360218,-1.73412,-0.0818184
1.01,3,-0.00133304,-0.00141885,-0.00234156,0.00226299,8.58054e-05
1.01,4,-0.501942,-0.460712,-0.207373,-0.226149,-0.0412294
1.01,5,0.147744,0.130048,0.289155,0.00173592,0.0176965
1.02,0,0.0616865,0.0535761,0.117992,-0.0295612,0.00811036
1.02,1,-0.540843,-0.475249,0.501241,-4.12746,-0.0655934
1.02,2,1.01921,1.10089,-0.361394,-1.7276,-0.0816796
1.02,3,-0.00135913,-0.00144081,-0.00208162,0.00206578,8.16806e-05
1.02,4,-0.503937,-0.462792,-0.208428,-0.224943,-0.0411447
1.02,5,0.150635,0.13294,0.289222,0.00171241,0.0176958
1.03,0,0.0628705,0.0547504,0.116992,-0.026176,0.00812003
1.03,1,-0.535868,-0.470246,0.499663,-4.1239,-0.0656227
1.03,2,1.01574,1.09727,-0.362357,-1.72119,-0.0815303
1.03,3,-0.00138522,-0.00146033,-0.00185065,0.00186155,7.51156e-05
1.03,4,-0.505932,-0.464881,-0.20928,-0.223764,-0.0410505
1.03,5,0.153527,0.135832,0.289281,0.00168829,0.0176945
1.04,0,0.0640545,0.0559154,0.116097,-0.0227255,0.00813912
1.04,1,-0.530894,-0.465257,0.49833,-4.12049,-0.0656375
1.04,2,1.01227,1.09364,-0.363116,-1.71494,-0.0813724
1.04,3,-0.0014113,-0.0014777,-0.00164872,0.00165324,6.64006e-05
1.04,4,-0.507927,-0.466978,-0.209937,-0.222623,-0.0409489
1.04,5,0.156418,0.138725,0.289332,0.00166393,0.0176927
1.05,0,0.0652385,0.0570719,0.115306,-0.0192545,0.00816659
1.05,1,-0.52592,-0.460279,0.497233,-4.11731,-0.0656404
1.05,2,1.0088,1.09001,-0.363679,-1.70888,-0.081208
1.05,3,-0.00143739,-0.00149322,-0.00147554,0.00144357,5.58248e-05
1.05,4,-0.509922,-0.46908,-0.210407,-0.22153,-0.0408417
1.05,5,0.159309,0.141619,0.289375,0.00163966,0.0176904
1.06,0,0.0664225,0.0582211,0.11462,-0.0158039,0.00820139
1.06,1,-0.520946,-0.455312,0.496364,-4.11443,-0.0656335
1.06,2,1.00533,1.08637,-0.364056,-1.70306,-0.0810391
1.06,3,-0.00146348,-0.00150715,-0.00133053,0.00123504,4.36728e-05
1.06,4,-0.511917,-0.471186,-0.210702,-0.220496,-0.0407308
1.06,5,0.1622,0.144513,0.28941,0.00161574,0.0176878
1.07,0,0.0676065,0.059364,0.114037,-0.0124112,0.00824248
1.07,1,-0.515971,-0.450352,0.495713,-4.11191,-0.0656192
1.07,2,1.00186,1.08273,-0.36426,-1.6975,-0.0808673
1.07,3,-0.00148956,-0.00151979,-0.00121283,0.00102992,3.02216e-05
1.07,4,-0.513912,-0.473294,-0.210833,-0.219527,-0.0406179
1.07,5,0.165092,0.147407,0.289438,0.00159245,0.0176848
1.08,0,0.0687905,0.0605016,0.113555,-0.0091098,0.00828885
1.08,1,-0.510997,-0.445398,0.495266,-4.10978,-0.0655994
1.08,2,0.998391,1.07909,-0.364304,-1.69222,-0.0806943
1.08,3,-0.00151565,-0.00153139,-0.00112136,0.000830206,1.57388e-05
1.08,4,-0.515907,-0.475402,-0.210813,-0.21863,-0.0405045
1.08,5,0.167983,0.150301,0.289459,0.00156999,0.0176815
1.09,0,0.0699745,0.061635,0.11317,-0.00592923,0.0083395
1.09,1,-0.506023,-0.440447,0.49501,-4.10808,-0.0655763
1.09,2,0.994921,1.07544,-0.3642,-1.68725,-0.0805218
1.09,3,-0.00154174,-0.00154222,-0.00105484,0.000637699,4.79589e-07
1.09,4,-0.517901,-0.477509,-0.210655,-0.217809,-0.0403921
1.09,5,0.170874,0.153196,0.289474,0.00154854,0.0176781
1.1,0,0.0711585,0.062765,0.112878,-0.00289524,0.00839348
1.1,1,-0.501049,-0.435497,0.494929,-4.10685,-0.0655516
1.1,2,0.991451,1.0718,-0.363965,-1.6826,-0.080351
1.1,3,-0.00156783,-0.00155251,-0.00101181,0.000453945,-1.53144e-05
1.1,4,-0.519896,-0.479615,-0.210374,-0.217068,-0.0402819
1.1,5,0.173766,0.156091,0.289483,0.00152826,0.0176746
1.11,0,0.0723425,0.0638926,0.112675,-2.97291e-05,0.00844989
1.11,1,-0.496074,-0.430547,0.495008,-4.1061,-0.0655269
1.11,2,0.987981,1.06816,-0.363611,-1.67828,-0.0801833
1.11,3,-0.00159391,-0.0015625,-0.000990711,0.00028026,-3.14166e-05
1.11,4,-0.521891,-0.481716,-0.209984,-0.21641,-0.0401752
1.11,5,0.176657,0.158986,0.289487,0.00150926,0.017671
1.12,0,0.0735265,0.0650186,0.112555,0.00264911,0.00850787
1.12,1,-0.4911,-0.425596,0.49523,-4.10585,-0.0655039
1.12,2,0.984511,1.06453,-0.363154,-1.67428,-0.0800196
1.12,3,-0.00162,-0.00157238,-0.000989854,0.00011774,-4.76172e-05
1.12,4,-0.523886,-0.483813,-0.209498,-0.215834,-0.0400729
1.12,5,0.179548,0.161881,0.289485,0.00149163,0.0176675
1.13,0,0.0747105,0.0661439,0.112513,0.00512668,0.00856661
1.13,1,-0.486126,-0.420642,0.495578,-4.10609,-0.0654838
1.13,2,0.981041,1.0609,-0.362608,-1.67062,-0.0798611
1.13,3,-0.00164609,-0.00158236,-0.00100749,-3.27352e-05,-6.37231e-05
1.13,4,-0.525881,-0.485905,-0.208931,-0.215342,-0.0399759
1.13,5,0.182439,0.164776,0.28948,0.00147544,0.0176639
1.14,0,0.0758945,0.0672691,0.112541,0.00739182,0.00862539
1.14,1,-0.481152,-0.415684,0.496037,-4.10682,-0.0654678
1.14,2,0.97757,1.05728,-0.361988,-1.66728,-0.0797084
1.14,3,-0.00167217,-0.00159261,-0.00104183,-0.000170493,-7.95593e-05
1.14,4,-0.527876,-0.487991,-0.208297,-0.214931,-0.039885
1.14,5,0.185331,0.16767,0.289471,0.00146073,0.0176604
1.15,0,0.0770785,0.068395,0.112635,0.00943661,0.00868351
1.15,1,-0.476177,-0.410721,0.496588,-4.10804,-0.0654569
1.15,2,0.9741,1.05366,-0.361307,-1.66425,-0.0795622
1.15,3,-0.00169826,-0.00160329,-0.00109105,-0.000295054,-9.49687e-05
1.15,4,-0.529871,-0.49007,-0.207609,-0.214601,-0.0398007
1.15,5,0.188222,0.170565,0.289459,0.00144753,0.017657
1.16,0,0.0782625,0.0695221,0.112786,0.0112562,0.00874038
1.16,1,-0.471203,-0.405751,0.497217,-4.10973,-0.0654519
1.16,2,0.97063,1.05005,-0.36058,-1.66154,-0.0794232
1.16,3,-0.00172435,-0.00161453,-0.00115334,-0.000406121,-0.000109813
1.16,4,-0.531866,-0.492143,-0.206881,-0.214348,-0.0397236
1.16,5,0.191113,0.173459,0.289444,0.00143583,0.0176538
1.17,0,0.0794465,0.0706511,0.11299,0.0128487,0.00879544
1.17,1,-0.466229,-0.400775,0.497906,-4.11186,-0.0654536
1.17,2,0.96716,1.04645,-0.359818,-1.65911,-0.0792916
1.17,3,-0.00175043,-0.00162646,-0.00122689,-0.000503566,-0.00012397
1.17,4,-0.533861,-0.494207,-0.206123,-0.214169,-0.0396539
1.17,5,0.194005,0.176354,0.289427,0.00142563,0.0176507
1.18,0,0.0806305,0.0717823,0.113238,0.0142146,0.00884821
1.18,1,-0.461255,-0.395792,0.49864,-4.11442,-0.0654624
1.18,2,0.96369,1.04286,-0.359034,-1.65697,-0.0791678
1.18,3,-0.00177652,-0.00163918,-0.00130995,-0.000587415,-0.000137338
1.18,4,-0.535856,-0.496264,-0.205348,-0.214061,-0.0395918
1.18,5,0.196896,0.179248,0.289408,0.00141688,0.0176478
1.19,0,0.0818145,0.0729162,0.113525,0.0153571,0.00889829
1.19,1,-0.456281,-0.390802,0.499406,-4.11737,-0.0654788
1.19,2,0.96022,1.03927,-0.358239,-1.65508,-0.0790518
1.19,3,-0.00180261,-0.00165278,-0.0014008,-0.000657839,-0.000149832
1.19,4,-0.537851,-0.498313,-0.204567,-0.214017,-0.0395376
1.19,5,0.199787,0.182142,0.289387,0.00140955,0.0176452
1.2,0,0.0829985,0.0740532,0.113844,0.0162813,0.00894531
1.2,1,-0.451306,-0.385803,0.500189,-4.12068,-0.0655029
1.2,2,0.95675,1.03569,-0.357444,-1.65343,-0.0789439
1.2,3,-0.0018287,-0.00166731,-0.00149781,-0.000715134,-0.000161382
1.2,4,-0.539846,-0.500355,-0.203789,-0.214035,-0.0394912
1.2,5,0.202678,0.185036,0.289366,0.00140359,0.0176427
1.21,0,0.0841825,0.0751935,0.114188,0.0169945,0.008989
1.21,1,-0.446332,-0.380797,0.500977,-4.12433,-0.0655349
1.21,2,0.95328,1.03212,-0.356657,-1.652,-0.0788438
1.21,3,-0.00185478,-0.00168285,-0.0015994,-0.00075971,-0.000171935
1.21,4,-0.541841,-0.502388,-0.203023,-0.214108,-0.0394524
1.21,5,0.20557,0.187929,0.289344,0.00139893,0.0176404
1.22,0,0.0853665,0.0763374,0.114553,0.0175053,0.00902912
1.22,1,-0.441358,-0.375783,0.501758,-4.12826,-0.0655748
1.22,2,0.94981,1.02856,-0.355889,-1.65077,-0.0787515
1.22,3,-0.00188087,-0.00169941,-0.00170411,-0.000792077,-0.000181454
1.22,4,-0.543836,-0.504415,-0.202277,-0.214232,-0.0394213
1.22,5,0.208461,0.190823,0.289321,0.00139551,0.0176384
1.23,0,0.0865505,0.077485,0.114932,0.0178242,0.00906552
1.23,1,-0.436384,-0.370761,0.502521,-4.13245,-0.0656223
1.23,2,0.94634,1.02501,-0.355146,-1.64971,-0.0786668
1.23,3,-0.00190696,-0.00171704,-0.00181054,-0.00081283,-0.000189915
1.23,4,-0.545831,-0.506433,-0.201558,-0.2144,-0.0393974
1.23,5,0.211352,0.193716,0.289298,0.00139324,0.0176366
1.24,0,0.0877345,0.0786364,0.11532,0.0179625,0.00909807
1.24,1,-0.431409,-0.365732,0.503257,-4.13686,-0.0656774
1.24,2,0.94287,1.02146,-0.354436,-1.64881,-0.0785893
1.24,3,-0.00193304,-0.00173573,-0.00191742,-0.000822638,-0.000197309
1.24,4,-0.547826,-0.508445,-0.200873,-0.214608,-0.0393806
1.24,5,0.214243,0.196608,0.289276,0.00139205,0.017635
1.25,0,0.0889185,0.0797918,0.115712,0.0179328,0.00912671
1.25,1,-0.426435,-0.360696,0.503957,-4.14146,-0.0657396
1.25,2,0.9394,1.01792,-0.353763,-1.64804,-0.0785187
1.25,3,-0.00195913,-0.00175549,-0.00202357,-0.000822228,-0.000203637
1.25,4,-0.549821,-0.51045,-0.200227,-0.21485,-0.0393704
1.25,5,0.217135,0.199501,0.289254,0.00139186,0.0176336
1.26,0,0.0901025,0.0809511,0.116103,0.0177484,0.00915144
1.26,1,-0.421461,-0.355652,0.504615,-4.14619,-0.0658086
1.26,2,0.93593,1.01438,-0.353132,-1.64737,-0.0784546
1.26,3,-0.00198522,-0.0017763,-0.00212792,-0.000812374,-0.000208912
1.26,4,-0.551816,-0.512449,-0.199623,-0.21512,-0.0393664
1.26,5,0.220026,0.202394,0.289232,0.00139258,0.0176325
1.27,0,0.0912865,0.0821142,0.116489,0.0174229,0.00917228
1.27,1,-0.416487,-0.350603,0.505224,-4.15103,-0.0658839
1.27,2,0.93246,1.01086,-0.352548,-1.6468,-0.0783966
1.27,3,-0.0020113,-0.00179815,-0.0022295,-0.000793885,-0.000213159
1.27,4,-0.553811,-0.514442,-0.199066,-0.215413,-0.0393683
1.27,5,0.222917,0.205286,0.289212,0.00139412,0.0176315
1.28,0,0.0924705,0.0832812,0.116867,0.0169708,0.0091893
1.28,1,-0.411512,-0.345547,0.505778,-4.15593,-0.065965
1.28,2,0.92899,1.00733,-0.352014,-1.6463,-0.0783441
1.28,3,-0.00203739,-0.00182098,-0.00232748,-0.000767597,-0.000216409
1.28,4,-0.555806,-0.51643,-0.198558,-0.215724,-0.0393754
1.28,5,0.225809,0.208178,0.289192,0.0013964,0.0176308
1.29,0,0.0936545,0.0844519,0.117233,0.0164062,0.00920261
1.29,1,-0.406538,-0.340487,0.506275,-4.16088,-0.0660513
1.29,2,0.92552,1.00382,-0.351531,-1.64584,-0.0782967
1.29,3,-0.00206348,-0.00184478,-0.0024211,-0.000734357,-0.000218702
1.29,4,-0.5578,-0.518413,-0.198101,-0.216048,-0.0393873
1.29,5,0.2287,0.21107,0.289173,0.00139933,0.0176303
1.3,0,0.0948385,0.0856262,0.117583,0.0157438,0.00921234
1.3,1,-0.401564,-0.335422,0.506711,-4.16582,-0.0661423
1.3,2,0.92205,1.0003,-0.351101,-1.64541,-0.0782539
1.3,3,-0.00208956,-0.00186948,-0.00250974,-0.000695018,-0.000220086
1.3,4,-0.559795,-0.520392,-0.197695,-0.216381,-0.0394035
1.3,5,0.231591,0.213961,0.289155,0.00140283,0.0176299
1.31,0,0.0960225,0.0868038,0.117916,0.0149976,0.00921866
1.31,1,-0.39659,-0.330353,0.507083,-4.17074,-0.0662373
1.31,2,0.91858,0.996795,-0.350725,-1.645,-0.078215
1.31,3,-0.00211565,-0.00189504,-0.00259285,-0.000650426,-0.000220614
1.31,4,-0.56179,-0.522367,-0.197341,-0.216718,-0.0394235
1.31,5,0.234482,0.216853,0.289139,0.00140681,0.0176297
1.32,0,0.0972065,0.0879848,0.11823,0.0141818,0.00922176
1.32,1,-0.391616,-0.32528,0.507392,-4.1756,-0.0663356
1.32,2,0.91511,0.993289,-0.350402,-1.64458,-0.0781796
1.32,3,-0.00214174,-0.0019214,-0.00267001,-0.000601418,-0.000220343
1.32,4,-0.563785,-0.524339,-0.197039,-0.217055,-0.0394468
1.32,5,0.237374,0.219744,0.289124,0.00141119,0.0176297
1.33,0,0.0983905,0.0891687,0.118521,0.0133099,0.00922185
1.33,1,-0.386641,-0.320205,0.507636,-4.18037,-0.0664367
1.33,2,0.91164,0.989787,-0.350132,-1.64415,-0.0781472
1.33,3,-0.00216783,-0.00194849,-0.00274089,-0.000548807,-0.000219334
1.33,4,-0.56578,-0.526308,-0.196788,-0.217388,-0.0394727
1.33,5,0.240265,0.222635,0.28911,0.0014159,0.0176298
1.34,0,0.0995745,0.0903554,0.11879,0.012395,0.00921914
1.34,1,-0.381667,-0.315127,0.507816,-4.18504,-0.0665399
1.34,2,0.90817,0.986287,-0.349914,-1.64369,-0.0781171
1.34,3,-0.00219391,-0.00197626,-0.00280525,-0.000493382,-0.000217653
1.34,4,-0.567775,-0.528274,-0.196587,-0.217714,-0.039501
1.34,5,0.243156,0.225526,0.289098,0.00142086,0.01763
1.35,0,0.100759,0.0915446,0.119035,0.0114497,0.00921387
1.35,1,-0.376693,-0.310048,0.507933,-4.18958,-0.0666445
1.35,2,0.9047,0.982789,-0.349745,-1.64318,-0.078089
1.35,3,-0.00222,-0.00200463,-0.00286292,-0.000435897,-0.000215365
1.35,4,-0.56977,-0.530239,-0.196433,-0.218031,-0.0395309
1.35,5,0.246047,0.228417,0.289086,0.001426,0.0176304
1.36,0,0.101943,0.0927362,0.119255,0.0104856,0.00920629
1.36,1,-0.371719,-0.304969,0.507989,-4.19396,-0.0667499
1.36,2,0.90123,0.979292,-0.349625,-1.64262,-0.0780623
1.36,3,-0.00224609,-0.00203355,-0.00291383,-0.000377071,-0.000212537
1.36,4,-0.571765,-0.532203,-0.196325,-0.218335,-0.0395622
1.36,5,0.248939,0.231308,0.289077,0.00143126,0.0176309
1.37,0,0.103127,0.0939299,0.119451,0.00951377,0.00919664
1.37,1,-0.366744,-0.299889,0.507987,-4.19819,-0.0668556
1.37,2,0.89776,0.975796,-0.349549,-1.642,-0.0780365
1.37,3,-0.00227217,-0.00206294,-0.00295799,-0.000317579,-0.000209237
1.37,4,-0.57376,-0.534166,-0.196259,-0.218625,-0.0395943
1.37,5,0.25183,0.234199,0.289068,0.00143657,0.0176314
1.38,0,0.104311,0.0951253,0.119621,0.00854446,0.00918518
1.38,1,-0.36177,-0.294809,0.507929,-4.20223,-0.066961
1.38,2,0.89429,0.972301,-0.349516,-1.64131,-0.0780113
1.38,3,-0.00229826,-0.00209273,-0.00299546,-0.00025805,-0.000205533
1.38,4,-0.575755,-0.536128,-0.196234,-0.218898,-0.0396268
1.38,5,0.254721,0.237089,0.289061,0.00144187,0.017632
1.39,0,0.105495,0.0963224,0.119766,0.00758699,0.00917215
1.39,1,-0.356796,-0.28973,0.507819,-4.20608,-0.0670655
1.39,2,0.890819,0.968806,-0.349523,-1.64054,-0.0779861
1.39,3,-0.00232435,-0.00212286,-0.00302638,-0.000199067,-0.00020149
1.39,4,-0.57775,-0.538091,-0.196245,-0.219152,-0.0396594
1.39,5,0.257613,0.23998,0.289055,0.00144711,0.0176327
1.4,0,0.106679,0.0975207,0.119887,0.00664981,0.0091578
1.4,1,-0.351822,-0.284653,0.50766,-4.20972,-0.0671686
1.4,2,0.887349,0.96531,-0.349565,-1.63969,-0.0779608
1.4,3,-0.00235043,-0.00215326,-0.00305094,-0.000141159,-0.000197172
1.4,4,-0.579745,-0.540053,-0.19629,-0.219388,-0.0396917
1.4,5,0.260504,0.24287,0.289051,0.00145224,0.0176335
1.41,0,0.107863,0.0987202,0.119985,0.00574047,0.00914238
1.41,1,-0.346847,-0.279578,0.507456,-4.21316,-0.0672699
1.41,2,0.883879,0.961814,-0.34964,-1.63876,-0.0779348
1.41,3,-0.00237652,-0.00218388,-0.00306938,-8.48067e-05,-0.000192644
1.41,4,-0.58174,-0.542017,-0.196365,-0.219604,-0.0397233
1.41,5,0.263395,0.245761,0.289047,0.00145722,0.0176343
1.42,0,0.109047,0.0999204,0.120059,0.00486559,0.0091261
1.42,1,-0.341873,-0.274504,0.507212,-4.21639,-0.0673689
1.42,2,0.880409,0.958317,-0.349743,-1.63775,-0.0779079
1.42,3,-0.00240261,-0.00221465,-0.00308199,-3.04342e-05,-0.000187963
1.42,4,-0.583735,-0.543981,-0.196468,-0.219799,-0.0397541
1.42,5,0.266286,0.248651,0.289045,0.00146201,0.0176351
1.43,0,0.110231,0.101121,0.120112,0.0040309,0.0091092
1.43,1,-0.336899,-0.269434,0.506931,-4.2194,-0.0674653
1.43,2,0.876939,0.954819,-0.349872,-1.63665,-0.0778798
1.43,3,-0.0024287,-0.00224551,-0.00308908,2.15862e-05,-0.000183186
1.43,4,-0.58573,-0.545946,-0.196593,-0.219973,-0.0397837
1.43,5,0.269178,0.251542,0.289043,0.00146657,0.0176359
1.44,0,0.111415,0.102323,0.120145,0.00324124,0.00909188
1.44,1,-0.331925,-0.264366,0.506617,-4.2222,-0.0675586
1.44,2,0.873469,0.95132,-0.350023,-1.63546,-0.0778503
1.44,3,-0.00245478,-0.00227641,-0.00309102,7.09357e-05,-0.000178368
1.44,4,-0.587725,-0.547913,-0.196739,-0.220126,-0.0398119
1.44,5,0.272069,0.254432,0.289043,0.00147088,0.0176368
1.45,0,0.112599,0.103524,0.120158,0.00250054,0.00907435
1.45,1,-0.326951,-0.259302,0.506276,-4.22478,-0.0676487
1.45,2,0.869999,0.947818,-0.350193,-1.63419,-0.0778192
1.45,3,-0.00248087,-0.00230731,-0.00308818,0.000117348,-0.000173556
1.45,4,-0.58972,-0.549881,-0.196901,-0.220258,-0.0398386
1.45,5,0.27496,0.257323,0.289044,0.00147491,0.0176376
1.46,0,0.113783,0.104726,0.120153,0.00181192,0.00905678
1.46,1,-0.321976,-0.254241,0.505912,-4.22715,-0.0677353
1.46,2,0.866529,0.944315,-0.350377,-1.63283,-0.0777863
1.46,3,-0.00250696,-0.00233816,-0.00308097,0.000160608,-0.000168798
1.46,4,-0.591715,-0.551851,-0.197076,-0.22037,-0.0398636
1.46,5,0.277851,0.260213,0.289045,0.00147865,0.0176384
1.47,0,0.114967,0.105927,0.120132,0.00117768,0.00903936
1.47,1,-0.317002,-0.249184,0.505528,-4.2293,-0.0678181
1.47,2,0.863059,0.940811,-0.350573,-1.6314,-0.0777515
1.47,3,-0.00253304,-0.00236891,-0.0030698,0.000200551,-0.000164133
1.47,4,-0.59371,-0.553823,-0.197262,-0.220463,-0.0398867
1.47,5,0.280743,0.263103,0.289047,0.00148208,0.0176392
1.48,0,0.116151,0.107128,0.120096,0.000599321,0.00902222
1.48,1,-0.312028,-0.244131,0.505128,-4.23126,-0.0678969
1.48,2,0.859589,0.937304,-0.350777,-1.62989,-0.0777147
1.48,3,-0.00255913,-0.00239953,-0.0030551,0.000237058,-0.0001596
1.48,4,-0.595705,-0.555796,-0.197455,-0.220537,-0.039908
1.48,5,0.283634,0.265994,0.28905,0.00148518,0.01764
1.49,0,0.117335,0.108329,0.120048,7.76616e-05,0.00900552
1.49,1,-0.307054,-0.239082,0.504717,-4.23302,-0.0679717
1.49,2,0.856119,0.933795,-0.350986,-1.6283,-0.0776758
1.49,3,-0.00258522,-0.00242999,-0.00303729,0.000270057,-0.000155232
1.49,4,-0.597699,-0.557772,-0.197652,-0.220593,-0.0399273
1.49,5,0.286525,0.268884,0.289053,0.00148795,0.0176408
1.5,0,0.118519,0.109529,0.119987,-0.000387176,0.00898936
1.5,1,-0.302079,-0.234037,0.504299,-4.23459,-0.0680424
1.5,2,0.852649,0.930284,-0.351198,-1.62665,-0.0776348
1.5,3,-0.0026113,-0.00246025,-0.0030168,0.000299519,-0.000151056
1.5,4,-0.599694,-0.55975,-0.19785,-0.220632,-0.0399447
1.5,5,0.289417,0.271775,0.289057,0.0014904,0.0176415
1.51,0,0.119703,0.110729,0.119917,-0.000795687,0.00897387
1.51,1,-0.297105,-0.228996,0.503876,-4.23598,-0.0681088
1.51,2,0.849179,0.926771,-0.35141,-1.62493,-0.0775917
1.51,3,-0.00263739,-0.00249029,-0.00299407,0.000325453,-0.000147099
1.51,4,-0.601689,-0.561729,-0.198048,-0.220656,-0.03996
1.51,5,0.292308,0.274666,0.289061,0.00149251,0.0176422
1.52,0,0.120887,0.111927,0.119838,-0.00114893,0.00895913
1.52,1,-0.292131,-0.22396,0.503453,-4.2372,-0.068171
1.52,2,0.845709,0.923255,-0.35162,-1.62315,-0.0775465
1.52,3,-0.00266348,-0.0025201,-0.00296949,0.000347905,-0.000143379
1.52,4,-0.603684,-0.563711,-0.198243,-0.220666,-0.0399734
1.52,5,0.295199,0.277556,0.289066,0.0014943,0.0176428
1.53,0,0.122071,0.113125,0.119752,-0.00144847,0.00894522
1.53,1,-0.287157,-0.218928,0.503031,-4.23825,-0.068229
1.53,2,0.842239,0.919738,-0.351825,-1.62133,-0.0774992
1.53,3,-0.00268956,-0.00254965,-0.00294347,0.000366955,-0.000139913
1.53,4,-0.605679,-0.565694,-0.198433,-0.220663,-0.0399849
1.53,5,0.29809,0.280447,0.289071,0.00149578,0.0176434
1.54,0,0.123255,0.114322,0.119661,-0.00169634,0.00893219
1.54,1,-0.282182,-0.2139,0.502615,-4.23915,-0.0682827
1.54,2,0.838769,0.916219,-0.352023,-1.61945,-0.0774499
1.54,3,-0.00271565,-0.00257894,-0.00291641,0.000382714,-0.000136713
1.54,4,-0.607674,-0.56768,-0.198616,-0.220648,-0.0399945
1.54,5,0.300982,0.283338,0.289076,0.00149695,0.0176439
1.55,0,0.124439,0.115518,0.119566,-0.00189494,0.0089201
1.55,1,-0.277208,-0.208876,0.502206,-4.23991,-0.0683324
1.55,2,0.835299,0.912697,-0.352213,-1.61753,-0.0773986
1.55,3,-0.00274174,-0.00260795,-0.00288867,0.000395318,-0.000133788
1.55,4,-0.609669,-0.569667,-0.198791,-0.220623,-0.0400023
1.55,5,0.303873,0.286228,0.289081,0.00149782,0.0176444
1.56,0,0.125623,0.116714,0.119469,-0.00204702,0.00890897
1.56,1,-0.272234,-0.203856,0.501806,-4.24054,-0.068378
1.56,2,0.831829,0.909174,-0.352393,-1.61558,-0.0773455
1.56,3,-0.00276783,-0.00263668,-0.00286059,0.000404925,-0.000131143
1.56,4,-0.611664,-0.571656,-0.198956,-0.220589,-0.0400084
1.56,5,0.306764,0.289119,0.289086,0.00149842,0.0176449
1.57,0,0.126807,0.117908,0.11937,-0.00215562,0.00889883
1.57,1,-0.26726,-0.19884,0.501418,-4.24104,-0.0684197
1.57,2,0.828359,0.905649,-0.352562,-1.6136,-0.0772907
1.57,3,-0.00279391,-0.00266513,-0.0028325,0.000411716,-0.000128779
1.57,4,-0.613659,-0.573646,-0.19911,-0.220548,-0.040013
1.57,5,0.309655,0.29201,0.289092,0.00149876,0.0176453
1.58,0,0.127991,0.119101,0.11927,-0.00222398,0.00888968
1.58,1,-0.262285,-0.193828,0.501043,-4.24143,-0.0684576
1.58,2,0.824889,0.902123,-0.352719,-1.61159,-0.0772343
1.58,3,-0.00282,-0.00269331,-0.00280471,0.000415887,-0.000126694
1.58,4,-0.615654,-0.575638,-0.199253,-0.220502,-0.040016
1.58,5,0.312547,0.294901,0.289097,0.00149886,0.0176456
1.59,0,0.129175,0.120293,0.119172,-0.00225553,0.00888152
1.59,1,-0.257311,-0.188819,0.500682,-4.24172,-0.0684918
1.59,2,0.821419,0.898595,-0.352863,-1.60956,-0.0771763
1.59,3,-0.00284609,-0.0027212,-0.00277747,0.000417646,-0.000124884
1.59,4,-0.617649,-0.577631,-0.199384,-0.22045,-0.0400177
1.59,5,0.315438,0.297792,0.289102,0.00149873,0.0176459
1.6,0,0.130359,0.121484,0.119076,-0.00225383,0.00887433
1.6,1,-0.252337,-0.183815,0.500336,-4.24191,-0.0685224
1.6,2,0.817949,0.895066,-0.352994,-1.60752,-0.077117
1.6,3,-0.00287217,-0.00274883,-0.00275106,0.000417211,-0.000123342
1.6,4,-0.619644,-0.579626,-0.199501,-0.220395,-0.0400182
1.6,5,0.318329,0.300683,0.289107,0.0014984,0.0176461
1.61,0,0.131543,0.122674,0.118982,-0.00222248,0.0088681
1.61,1,-0.247363,-0.178813,0.500007,-4.24201,-0.0685497
1.61,2,0.814479,0.891535,-0.353111,-1.60547,-0.0770564
1.61,3,-0.00289826,-0.0027762,-0.00272567,0.00041481,-0.000122059
1.61,4,-0.621639,-0.581621,-0.199605,-0.220337,-0.0400175
1.61,5,0.321221,0.303574,0.289111,0.00149789,0.0176463
1.62,0,0.132727,0.123864,0.118892,-0.00216515,0.00886278
1.62,1,-0.242389,-0.173815,0.499695,-4.24204,-0.0685739
1.62,2,0.811009,0.888003,-0.353214,-1.60342,-0.0769948
1.62,3,-0.00292435,-0.00280332,-0.00270151,0.000410669,-0.000121023
1.62,4,-0.623634,-0.583618,-0.199697,-0.220279,-0.0400159
1.62,5,0.324112,0.306465,0.289116,0.00149722,0.0176464
1.63,0,0.133911,0.125052,0.118806,-0.00208547,0.00885833
1.63,1,-0.237414,-0.168819,0.499399,-4.24199,-0.0685949
1.63,2,0.807539,0.884471,-0.353303,-1.60136,-0.0769322
1.63,3,-0.00295043,-0.00283021,-0.00267873,0.000405022,-0.000120222
1.63,4,-0.625629,-0.585615,-0.199775,-0.22022,-0.0400134
1.63,5,0.327003,0.309357,0.28912,0.00149642,0.0176465
1.64,0,0.135095,0.12624,0.118725,-0.00198704,0.00885472
1.64,1,-0.23244,-0.163827,0.499121,-4.24189,-0.0686131
1.64,2,0.804068,0.880937,-0.353378,-1.59931,-0.0768688
1.64,3,-0.00297652,-0.00285688,-0.00265749,0.000398096,-0.00011964
1.64,4,-0.627624,-0.587613,-0.19984,-0.220162,-0.0400103
1.64,5,0.329894,0.312248,0.289124,0.00149549,0.0176465
1.65,0,0.136279,0.127427,0.11865,-0.00187335,0.00885189
1.65,1,-0.227466,-0.158837,0.498859,-4.24172,-0.0686287
1.65,2,0.800598,0.877403,-0.35344,-1.59726,-0.0768047
1.65,3,-0.00300261,-0.00288335,-0.00263788,0.000390118,-0.000119261
1.65,4,-0.629619,-0.589612,-0.199892,-0.220106,-0.0400065
1.65,5,0.332786,0.315139,0.289128,0.00149448,0.0176466
1.66,0,0.137463,0.128613,0.11858,-0.00174781,0.00884978
1.66,1,-0.222492,-0.15385,0.498615,-4.24151,-0.0686417
1.66,2,0.797128,0.873868,-0.353489,-1.59522,-0.07674
1.66,3,-0.00302869,-0.00290963,-0.00261999,0.000381307,-0.000119069
1.66,4,-0.631614,-0.591611,-0.199932,-0.220052,-0.0400023
1.66,5,0.335677,0.31803,0.289131,0.00149338,0.0176465
1.67,0,0.138647,0.129798,0.118516,-0.00161365,0.00884834
1.67,1,-0.217517,-0.148865,0.498386,-4.24125,-0.0686523
1.67,2,0.793658,0.870333,-0.353525,-1.5932,-0.076675
1.67,3,-0.00305478,-0.00293574,-0.00260389,0.000371877,-0.000119046
1.67,4,-0.633609,-0.593611,-0.199961,-0.220002,-0.0399978
1.67,5,0.338568,0.320922,0.289134,0.00149223,0.0176465
1.68,0,0.139831,0.130983,0.118458,-0.00147397,0.00884751
1.68,1,-0.212543,-0.143882,0.498173,-4.24095,-0.0686608
1.68,2,0.790188,0.866798,-0.353549,-1.59119,-0.0766096
1.68,3,-0.00308087,-0.00296169,-0.00258961,0.000362029,-0.000119174
1.68,4,-0.635603,-0.59561,-0.199978,-0.219955,-0.039993
1.68,5,0.341459,0.323813,0.289137,0.00149104,0.0176464
1.69,0,0.141015,0.132167,0.118407,-0.00133166,0.00884722
1.69,1,-0.207569,-0.138902,0.497975,-4.24061,-0.0686672
1.69,2,0.786718,0.863262,-0.353562,-1.5892,-0.0765441
1.69,3,-0.00310696,-0.00298752,-0.00257717,0.000351956,-0.000119435
1.69,4,-0.637598,-0.59761,-0.199985,-0.219912,-0.0399881
1.69,5,0.344351,0.326704,0.289139,0.00148982,0.0176463
1.7,0,0.142199,0.133351,0.118362,-0.00118942,0.0088474
1.7,1,-0.202595,-0.133923,0.497791,-4.24024,-0.0686717
1.7,2,0.783248,0.859727,-0.353564,-1.58723,-0.0764785
1.7,3,-0.00313304,-0.00301323,-0.00256656,0.000341839,-0.00011981
1.7,4,-0.639593,-0.59961,-0.199983,-0.219875,-0.0399832
1.7,5,0.347242,0.329596,0.289141,0.00148861,0.0176462
1.71,0,0.143383,0.134535,0.118323,-0.00104973,0.008848
1.71,1,-0.19762,-0.128946,0.497621,-4.23984,-0.0686744
1.71,2,0.779778,0.856191,-0.353557,-1.58527,-0.0764129
1.71,3,-0.00315913,-0.00303885,-0.00255776,0.000331845,-0.000120281
1.71,4,-0.641588,-0.60161,-0.199972,-0.219842,-0.0399784
1.71,5,0.350133,0.332487,0.289142,0.0014874,0.017646
1.72,0,0.144567,0.135718,0.118291,-0.000914844,0.00884896
1.72,1,-0.192646,-0.123971,0.497462,-4.2394,-0.0686755
1.72,2,0.776308,0.852656,-0.353541,-1.58334,-0.0763475
1.72,3,-0.00318522,-0.00306439,-0.00255072,0.000322128,-0.000120831
1.72,4,-0.643583,-0.60361,-0.199953,-0.219814,-0.0399737
1.72,5,0.353025,0.335379,0.289144,0.00148622,0.0176459
1.73,0,0.145751,0.1369,0.118265,-0.000786789,0.0088502
1.73,1,-0.187672,-0.118997,0.497314,-4.23894,-0.068675
1.73,2,0.772838,0.84912,-0.353517,-1.58143,-0.0762822
1.73,3,-0.0032113,-0.00308986,-0.00254539,0.000312826,-0.000121441
1.73,4,-0.645578,-0.605609,-0.199926,-0.219791,-0.0399693
1.73,5,0.355916,0.33827,0.289145,0.00148507,0.0176457
1.74,0,0.146935,0.138083,0.118245,-0.000667357,0.00885166
1.74,1,-0.182698,-0.114025,0.497176,-4.23846,-0.0686732
1.74,2,0.769368,0.845585,-0.353487,-1.57954,-0.0762173
1.74,3,-0.00323739,-0.00311529,-0.0025417,0.000304065,-0.000122096
1.74,4,-0.647573,-0.607608,-0.199894,-0.219774,-0.0399652
1.74,5,0.358807,0.341162,0.289146,0.00148396,0.0176455
1.75,0,0.148119,0.139265,0.11823,-0.000558104,0.0088533
1.75,1,-0.177724,-0.109054,0.497047,-4.23794,-0.06867
1.75,2,0.765898,0.842051,-0.353451,-1.57768,-0.0761526
1.75,3,-0.00326348,-0.0031407,-0.00253956,0.000295953,-0.000122779
1.75,4,-0.649568,-0.609607,-0.199857,-0.219763,-0.0399614
1.75,5,0.361698,0.344053,0.289146,0.00148292,0.0176453
1.76,0,0.149303,0.140448,0.118221,-0.000460352,0.00885506
1.76,1,-0.172749,-0.104084,0.496925,-4.2374,-0.0686656
1.76,2,0.762428,0.838516,-0.353409,-1.57583,-0.0760884
1.76,3,-0.00328956,-0.00316609,-0.00253889,0.000288587,-0.000123475
1.76,4,-0.651563,-0.611605,-0.199815,-0.219757,-0.039958
1.76,5,0.36459,0.346945,0.289146,0.00148193,0.0176452
1.77,0,0.150487,0.14163,0.118217,-0.000375195,0.00885688
1.77,1,-0.167775,-0.0991152,0.49681,-4.23683,-0.0686599
1.77,2,0.758958,0.834983,-0.353364,-1.57401,-0.0760246
1.77,3,-0.00331565,-0.00319148,-0.00253958,0.000282045,-0.00012417
1.77,4,-0.653558,-0.613603,-0.199769,-0.219756,-0.039955
1.77,5,0.367481,0.349836,0.289146,0.00148102,0.017645
1.78,0,0.151671,0.142812,0.118217,-0.000303501,0.00885871
1.78,1,-0.162801,-0.0941477,0.4967,-4.23623,-0.0686532
1.78,2,0.755488,0.831449,-0.353315,-1.57221,-0.0759612
1.78,3,-0.00334174,-0.00321689,-0.00254151,0.000276392,-0.000124852
1.78,4,-0.655553,-0.6156,-0.199721,-0.21976,-0.0399526
1.78,5,0.370372,0.352727,0.289146,0.00148018,0.0176448
1.79,0,0.152855,0.143994,0.118222,-0.000245925,0.00886052
1.79,1,-0.157827,-0.0891812,0.496595,-4.2356,-0.0686454
1.79,2,0.752018,0.827916,-0.353264,-1.57042,-0.0758984
1.79,3,-0.00336783,-0.00324232,-0.00254459,0.000271681,-0.000125507
1.79,4,-0.657548,-0.617597,-0.199671,-0.219769,-0.0399506
1.79,5,0.373264,0.355619,0.289145,0.00147943,0.0176446
1.8,0,0.154039,0.145176,0.118231,-0.000202916,0.00886225
1.8,1,-0.152852,-0.0842159,0.496492,-4.23494,-0.0686365
1.8,2,0.748548,0.824384,-0.353211,-1.56866,-0.0758361
1.8,3,-0.00339391,-0.00326779,-0.00254869,0.000267948,-0.000126127
1.8,4,-0.659543,-0.619594,-0.199619,-0.219783,-0.0399491
1.8,5,0.376155,0.35851,0.289145,0.00147875,0.0176444
1.81,0,0.155223,0.146359,0.118243,-0.000174729,0.00886388
1.81,1,-0.147878,-0.0792515,0.496392,-4.23424,-0.0686267
1.81,2,0.745078,0.820852,-0.353158,-1.56691,-0.0757743
1.81,3,-0.00342,-0.0032933,-0.00255369,0.000265217,-0.0001267
1.81,4,-0.661538,-0.62159,-0.199567,-0.219802,-0.0399481
1.81,5,0.379046,0.361402,0.289144,0.00147816,0.0176443
1.82,0,0.156407,0.147541,0.118259,-0.000161437,0.00886536
1.82,1,-0.142904,-0.0742881,0.496294,-4.23351,-0.0686158
1.82,2,0.741608,0.817321,-0.353104,-1.56518,-0.0757131
1.82,3,-0.00344609,-0.00331887,-0.00255948,0.000263501,-0.000127219
1.82,4,-0.663533,-0.623585,-0.199515,-0.219824,-0.0399477
1.82,5,0.381937,0.364293,0.289143,0.00147766,0.0176441
1.83,0,0.157591,0.148724,0.118277,-0.000162944,0.00886668
1.83,1,-0.13793,-0.0693257,0.496195,-4.23275,-0.068604
1.83,2,0.738138,0.81379,-0.353051,-1.56347,-0.0756524
1.83,3,-0.00347217,-0.0033445,-0.00256593,0.0002628,-0.000127676
1.83,4,-0.665528,-0.62558,-0.199464,-0.21985,-0.0399478
1.83,5,0.384829,0.367185,0.289142,0.00147724,0.017644
1.84,0,0.158775,0.149907,0.118297,-0.000179,0.00886781
1.84,1,-0.132955,-0.0643643,0.496096,-4.23194,-0.0685912
1.84,2,0.734668,0.81026,-0.352999,-1.56177,-0.0755922
1.84,3,-0.00349826,-0.00337019,-0.00257293,0.000263104,-0.000128065
1.84,4,-0.667523,-0.627574,-0.199414,-0.21988,-0.0399484
1.84,5,0.38772,0.370076,0.289141,0.0014769,0.0176438
1.85,0,0.159959,0.15109,0.118319,-0.000209216,0.00886872
1.85,1,-0.127981,-0.0594039,0.495996,-4.23108,-0.0685773
1.85,2,0.731198,0.80673,-0.352949,-1.56008,-0.0755325
1.85,3,-0.00352435,-0.00339596,-0.00258036,0.000264394,-0.000128382
1.85,4,-0.669518,-0.629568,-0.199366,-0.219913,-0.0399495
1.85,5,0.390611,0.372967,0.289139,0.00147665,0.0176437
1.86,0,0.161143,0.152273,0.118343,-0.000253076,0.00886939
1.86,1,-0.123007,-0.0544445,0.495895,-4.23018,-0.0685625
1.86,2,0.727728,0.803201,-0.3529,-1.5584,-0.0754733
1.86,3,-0.00355043,-0.00342181,-0.00258812,0.000266639,-0.000128623
1.86,4,-0.671513,-0.631562,-0.199319,-0.219948,-0.039951
1.86,5,0.393502,0.375859,0.289138,0.00147648,0.0176436
1.87,0,0.162327,0.153457,0.118368,-0.000309956,0.00886983
1.87,1,-0.118033,-0.0494861,0.49579,-4.22924,-0.0685467
1.87,2,0.724258,0.799672,-0.352855,-1.55673,-0.0754146
1.87,3,-0.00357652,-0.00344774,-0.0025961,0.000269804,-0.000128785
1.87,4,-0.673508,-0.633555,-0.199276,-0.219986,-0.039953
1.87,5,0.396394,0.37875,0.289137,0.00147638,0.0176435
1.88,0,0.163511,0.154641,0.118393,-0.000379138,0.00887002
1.88,1,-0.113059,-0.0445288,0.495683,-4.22824,-0.0685297
1.88,2,0.720788,0.796144,-0.352812,-1.55507,-0.0753563
1.88,3,-0.00360261,-0.00347374,-0.00260419,0.000273844,-0.000128867
1.88,4,-0.675502,-0.635547,-0.199235,-0.220026,-0.0399554
1.88,5,0.399285,0.381642,0.289135,0.00147635,0.0176434
1.89,0,0.164695,0.155825,0.118419,-0.000459823,0.00886994
1.89,1,-0.108084,-0.0395726,0.495573,-4.22719,-0.0685117
1.89,2,0.717318,0.792616,-0.352772,-1.55341,-0.0752985
1.89,3,-0.00362869,-0.00349983,-0.00261231,0.000278711,-0.000128867
1.89,4,-0.677497,-0.637539,-0.199197,-0.220067,-0.0399582
1.89,5,0.402176,0.384533,0.289134,0.0014764,0.0176433
1.9,0,0.165879,0.157009,0.118445,-0.000551149,0.00886961
1.9,1,-0.10311,-0.0346175,0.495458,-4.22608,-0.0684926
1.9,2,0.713847,0.789088,-0.352736,-1.55176,-0.075241
1.9,3,-0.00365478,-0.00352599,-0.00262036,0.000284349,-0.000128787
1.9,4,-0.679492,-0.639531,-0.199162,-0.22011,-0.0399614
1.9,5,0.405068,0.387424,0.289133,0.0014765,0.0176433
1.91,0,0.167063,0.158194,0.118471,-0.000652204,0.00886902
1.91,1,-0.0981358,-0.0296635,0.49534,-4.22491,-0.0684723
1.91,2,0.710377,0.785561,-0.352703,-1.55011,-0.0751839
1.91,3,-0.00368087,-0.00355224,-0.00262827,0.0002907,-0.000128626
1.91,4,-0.681487,-0.641522,-0.199131,-0.220154,-0.0399649
1.91,5,0.407959,0.390316,0.289131,0.00147667,0.0176432
1.92,0,0.168247,0.159378,0.118496,-0.000762036,0.00886817
1.92,1,-0.0931616,-0.0247108,0.495217,-4.22368,-0.0684508
1.92,2,0.706907,0.782034,-0.352674,-1.54846,-0.0751271
1.92,3,-0.00370696,-0.00357857,-0.00263597,0.000297702,-0.000128388
1.92,4,-0.683482,-0.643514,-0.199103,-0.220198,-0.0399687
1.92,5,0.41085,0.393207,0.28913,0.00147689,0.0176432
1.93,0,0.169431,0.160564,0.118521,-0.000879674,0.00886707
1.93,1,-0.0881874,-0.0197593,0.49509,-4.22239,-0.0684281
1.93,2,0.703437,0.778508,-0.352648,-1.54682,-0.0750705
1.93,3,-0.00373304,-0.00360497,-0.00264339,0.000305291,-0.000128074
1.93,4,-0.685477,-0.645504,-0.199079,-0.220243,-0.0399728
1.93,5,0.413741,0.396098,0.289129,0.00147715,0.0176432
1.94,0,0.170615,0.161749,0.118544,-0.00100413,0.00886573
1.94,1,-0.0832131,-0.0148091,0.494959,-4.22104,-0.068404
1.94,2,0.699967,0.774981,-0.352626,-1.54517,-0.0750142
1.94,3,-0.00375913,-0.00363144,-0.00265047,0.0003134,-0.000127688
1.94,4,-0.687472,-0.647495,-0.199058,-0.220287,-0.039977
1.94,5,0.416633,0.398989,0.289128,0.00147746,0.0176432
1.95,0,0.171799,0.162934,0.118567,-0.00113443,0.00886416
1.95,1,-0.0782389,-0.00986029,0.494823,-4.21961,-0.0683786
1.95,2,0.696497,0.771455,-0.352608,-1.54353,-0.0749581
1.95,3,-0.00378522,-0.00365798,-0.00265716,0.000321965,-0.000127233
1.95,4,-0.689467,-0.649486,-0.19904,-0.220332,-0.0399815
1.95,5,0.419524,0.401881,0.289127,0.0014778,0.0176432
1.96,0,0.172983,0.16412,0.118588,-0.00126958,0.00886238
1.96,1,-0.0732647,-0.00491283,0.494682,-4.21812,-0.0683518
1.96,2,0.693027,0.767929,-0.352594,-1.54188,-0.0749021
1.96,3,-0.0038113,-0.00368459,-0.00266343,0.000330918,-0.000126714
1.96,4,-0.691462,-0.651476,-0.199026,-0.220376,-0.0399861
1.96,5,0.422415,0.404772,0.289126,0.00147818,0.0176432
1.97,0,0.174167,0.165306,0.118608,-0.00140865,0.00886039
1.97,1,-0.0682904,3.31971e-05,0.494537,-4.21656,-0.0683236
1.97,2,0.689557,0.764403,-0.352583,-1.54022,-0.0748463
1.97,3,-0.00383739,-0.00371126,-0.00266923,0.000340194,-0.000126134
1.97,4,-0.693457,-0.653466,-0.199015,-0.220419,-0.0399909
1.97,5,0.425306,0.407663,0.289125,0.00147858,0.0176432
1.98,0,0.175351,0.166492,0.118626,-0.00155069,0.00885821
1.98,1,-0.0633162,0.00497775,0.494388,-4.21492,-0.068294
1.98,2,0.686087,0.760878,-0.352575,-1.53857,-0.0747905
1.98,3,-0.00386348,-0.00373798,-0.00267454,0.00034973,-0.000125499
1.98,4,-0.695452,-0.655456,-0.199008,-0.220462,-0.0399957
1.98,5,0.428198,0.410554,0.289124,0.001479,0.0176432
1.99,0,0.176535,0.167679,0.118643,-0.00169484,0.00885585
1.99,1,-0.058342,0.00992078,0.494234,-4.21321,-0.0682628
1.99,2,0.682617,0.757352,-0.352571,-1.5369,-0.0747348
1.99,3,-0.00388956,-0.00376475,-0.00267934,0.000359464,-0.000124814
1.99,4,-0.697447,-0.657446,-0.199003,-0.220503,-0.0400006
1.99,5,0.431089,0.413446,0.289123,0.00147944,0.0176433
2,0,0.177719,0.168865,0.118658,-0.00184024,0.00885334
2,1,-0.0533677,0.0148623,0.494077,-4.21143,-0.06823
2,2,0.679147,0.753826,-0.35257,-1.53524,-0.0746792
2,3,-0.00391565,-0.00379157,-0.00268362,0.000369336,-0.000124084
2,4,-0.699442,-0.659436,-0.199002,-0.220544,-0.0400056
2,5,0.43398,0.416337,0.289122,0.00147989,0.0176433
2.01,0,0.178903,0.170052,0.118671,-0.00198611,0.00885069
2.01,1,-0.0483935,0.0198021,0.493915,-4.20957,-0.0681957
2.01,2,0.675677,0.750301,-0.352571,-1.53356,-0.0746235
2.01,3,-0.00394174,-0.00381842,-0.00268737,0.00037929,-0.000123313
2.01,4,-0.701437,-0.661426,-0.199002,-0.220583,-0.0400105
2.01,5,0.436872,0.419228,0.289122,0.00148035,0.0176434
2.02,0,0.180087,0.171239,0.118683,-0.00213169,0.00884791
2.02,1,-0.0434193,0.0247404,0.493751,-4.20764,-0.0681597
2.02,2,0.672207,0.746775,-0.352576,-1.53188,-0.0745678
2.02,3,-0.00396783,-0.00384532,-0.00269059,0.000389273,-0.000122508
2.02,4,-0.703432,-0.663416,-0.199006,-0.22062,-0.0400154
2.02,5,0.439763,0.422119,0.289121,0.0014808,0.0176434
2.03,0,0.181271,0.172426,0.118693,-0.00227631,0.00884503
2.03,1,-0.038445,0.029677,0.493583,-4.20563,-0.068122
2.03,2,0.668737,0.743249,-0.352582,-1.5302,-0.0745121
2.03,3,-0.00399391,-0.00387224,-0.00269329,0.000399235,-0.000121674
2.03,4,-0.705427,-0.665406,-0.199011,-0.220657,-0.0400203
2.03,5,0.442654,0.425011,0.289121,0.00148126,0.0176435
2.04,0,0.182455,0.173613,0.118701,-0.00241935,0.00884206
2.04,1,-0.0334708,0.0346119,0.493412,-4.20354,-0.0680827
2.04,2,0.665267,0.739723,-0.352591,-1.52851,-0.0744562
2.04,3,-0.00402,-0.00389918,-0.00269548,0.000409131,-0.000120816
2.04,4,-0.707422,-0.667397,-0.199018,-0.220691,-0.0400251
2.04,5,0.445545,0.427902,0.28912,0.00148171,0.0176436
2.05,0,0.183639,0.1748,0.118707,-0.00256026,0.00883902
2.05,1,-0.0284966,0.039545,0.493239,-4.20138,-0.0680416
2.05,2,0.661797,0.736197,-0.352602,-1.52681,-0.0744003
2.05,3,-0.00404609,-0.00392615,-0.00269717,0.00041892,-0.000119938
2.05,4,-0.709417,-0.669387,-0.199027,-0.220724,-0.0400298
2.05,5,0.448437,0.430793,0.28912,0.00148215,0.0176436
2.06,0,0.184823,0.175987,0.118712,-0.00269853,0.00883592
2.06,1,-0.0235224,0.0444765,0.493063,-4.19914,-0.0679988
2.06,2,0.658327,0.732671,-0.352614,-1.5251,-0.0743443
2.06,3,-0.00407217,-0.00395313,-0.00269838,0.000428564,-0.000119046
2.06,4,-0.711412,-0.671377,-0.199038,-0.220756,-0.0400344
2.06,5,0.451328,0.433684,0.28912,0.00148257,0.0176437
2.07,0,0.186007,0.177174,0.118715,-0.00283373,0.00883279
2.07,1,-0.0185481,0.0494061,0.492885,-4.19683,-0.0679542
2.07,2,0.654857,0.729145,-0.352628,-1.52339,-0.0742881
2.07,3,-0.00409826,-0.00398011,-0.00269913,0.00043803,-0.000118145
2.07,4,-0.713407,-0.673368,-0.19905,-0.220786,-0.0400389
2.07,5,0.454219,0.436575,0.28912,0.00148299,0.0176438
2.08,0,0.187191,0.178361,0.118717,-0.00296552,0.00882963
2.08,1,-0.0135739,0.054334,0.492706,-4.19443,-0.0679079
2.08,2,0.651387,0.725619,-0.352642,-1.52167,-0.0742318
2.08,3,-0.00412435,-0.00400711,-0.00269946,0.000447292,-0.000117238
2.08,4,-0.715401,-0.675358,-0.199063,-0.220815,-0.0400433
2.08,5,0.45711,0.439467,0.28912,0.00148338,0.0176439
2.09,0,0.188375,0.179548,0.118717,-0.00309358,0.00882646
2.09,1,-0.00859966,0.0592601,0.492526,-4.19197,-0.0678597
2.09,2,0.647917,0.722092,-0.352658,-1.51994,-0.0741753
2.09,3,-0.00415043,-0.0040341,-0.00269939,0.000456323,-0.000116331
2.09,4,-0.717396,-0.677349,-0.199077,-0.220842,-0.0400475
2.09,5,0.460002,0.442358,0.28912,0.00148376,0.0176439
2.1,0,0.189559,0.180735,0.118716,-0.00321767,0.00882329
2.1,1,-0.00362542,0.0641843,0.492344,-4.18942,-0.0678097
2.1,2,0.644447,0.718565,-0.352675,-1.51821,-0.0741187
2.1,3,-0.00417652,-0.00406109,-0.00269894,0.000465105,-0.000115426
2.1,4,-0.719391,-0.67934,-0.199091,-0.220868,-0.0400516
2.1,5,0.462893,0.445249,0.28912,0.00148412,0.017644
2.11,0,0.190743,0.181922,0.118714,-0.00333762,0.00882014
2.11,1,0.00134881,0.0691068,0.492162,-4.1868,-0.0677579
2.11,2,0.640977,0.715039,-0.352692,-1.51647,-0.0740619
2.11,3,-0.00420261,-0.00408808,-0.00269816,0.000473623,-0.000114528
2.11,4,-0.721386,-0.681331,-0.199106,-0.220892,-0.0400556
2.11,5,0.465784,0.44814,0.28912,0.00148446,0.0176441
2.12,0,0.191927,0.18311,0.118711,-0.00345329,0.00881701
2.12,1,0.00632304,0.0740274,0.491979,-4.18411,-0.0677043
2.12,2,0.637507,0.711512,-0.352709,-1.51473,-0.0740049
2.12,3,-0.00422869,-0.00411506,-0.00269708,0.000481864,-0.000113639
2.12,4,-0.723381,-0.683322,-0.199121,-0.220915,-0.0400594
2.12,5,0.468676,0.451031,0.28912,0.00148477,0.0176442
2.13,0,0.193111,0.184297,0.118707,-0.00356464,0.00881392
2.13,1,0.0112973,0.0789461,0.491796,-4.18134,-0.0676489
2.13,2,0.634037,0.707984,-0.352726,-1.51298,-0.0739478
2.13,3,-0.00425478,-0.00414202,-0.00269574,0.000489821,-0.000112762
2.13,4,-0.725376,-0.685313,-0.199136,-0.220937,-0.0400631
2.13,5,0.471567,0.453923,0.28912,0.00148506,0.0176442
2.14,0,0.194295,0.185484,0.118702,-0.00367162,0.00881088
2.14,1,0.0162715,0.0838631,0.491613,-4.1785,-0.0675916
2.14,2,0.630567,0.704457,-0.352743,-1.51123,-0.0738904
2.14,3,-0.00428087,-0.00416897,-0.00269415,0.000497492,-0.0001119
2.14,4,-0.727371,-0.687305,-0.199151,-0.220957,-0.0400666
2.14,5,0.474458,0.456814,0.289121,0.00148533,0.0176443
2.15,0,0.195479,0.186671,0.118697,-0.00377428,0.00880789
2.15,1,0.0212457,0.0887782,0.491431,-4.17559,-0.0675325
2.15,2,0.627096,0.700929,-0.35276,-1.50947,-0.073833
2.15,3,-0.00430696,-0.0041959,-0.00269238,0.000504874,-0.000111055
2.15,4,-0.729366,-0.689296,-0.199165,-0.220977,-0.0400699
2.15,5,0.477349,0.459705,0.289121,0.00148558,0.0176444
2.16,0,0.196663,0.187858,0.11869,-0.00387268,0.00880496
2.16,1,0.02622,0.0936915,0.491249,-4.17261,-0.0674716
2.16,2,0.623626,0.697402,-0.352776,-1.50771,-0.0737753
2.16,3,-0.00433304,-0.00422281,-0.00269043,0.000511971,-0.000110229
2.16,4,-0.731361,-0.691288,-0.199179,-0.220995,-0.0400731
2.16,5,0.480241,0.462596,0.289121,0.0014858,0.0176444
2.17,0,0.197847,0.189045,0.118684,-0.00396694,0.00880209
2.17,1,0.0311942,0.098603,0.491068,-4.16956,-0.0674088
2.17,2,0.620156,0.693874,-0.352792,-1.50594,-0.0737175
2.17,3,-0.00435913,-0.00424971,-0.00268836,0.00051879,-0.000109423
2.17,4,-0.733356,-0.69328,-0.199193,-0.221013,-0.0400762
2.17,5,0.483132,0.465487,0.289122,0.001486,0.0176445
2.18,0,0.199031,0.190231,0.118676,-0.00405718,0.0087993
2.18,1,0.0361684,0.103513,0.490887,-4.16643,-0.0673443
2.18,2,0.616686,0.690346,-0.352807,-1.50417,-0.0736595
2.18,3,-0.00438522,-0.00427658,-0.0026862,0.000525338,-0.000108638
2.18,4,-0.735351,-0.695272,-0.199206,-0.22103,-0.0400792
2.18,5,0.486023,0.468379,0.289122,0.00148618,0.0176446
2.19,0,0.200215,0.191418,0.118669,-0.00414361,0.00879658
2.19,1,0.0411427,0.108421,0.490708,-4.16324,-0.0672779
2.19,2,0.613216,0.686818,-0.352821,-1.5024,-0.0736014
2.19,3,-0.0044113,-0.00430343,-0.00268396,0.000531627,-0.000107875
2.19,4,-0.737346,-0.697264,-0.199218,-0.221047,-0.040082
2.19,5,0.488914,0.47127,0.289122,0.00148634,0.0176446
2.2,0,0.201399,0.192605,0.118661,-0.0042264,0.00879393
2.2,1,0.0461169,0.113327,0.49053,-4.15998,-0.0672098
2.2,2,0.609746,0.683289,-0.352835,-1.50063,-0.0735432
2.2,3,-0.00443739,-0.00433026,-0.0026817,0.000537669,-0.000107135
2.2,4,-0.739341,-0.699256,-0.19923,-0.221063,-0.0400847
2.2,5,0.491806,0.474161,0.289123,0.00148648,0.0176447
2.21,0,0.202583,0.193791,0.118653,-0.00430578,0.00879136
2.21,1,0.0510911,0.118231,0.490353,-4.15665,-0.0671399
2.21,2,0.606276,0.679761,-0.352847,-1.49885,-0.0734848
2.21,3,-0.00446348,-0.00435706,-0.00267942,0.000543479,-0.000106417
2.21,4,-0.741336,-0.701249,-0.199241,-0.221078,-0.0400873
2.21,5,0.494697,0.477052,0.289123,0.0014866,0.0176447
2.22,0,0.203767,0.194978,0.118646,-0.00438199,0.00878887
2.22,1,0.0560654,0.123134,0.490178,-4.15326,-0.0670682
2.22,2,0.602806,0.676233,-0.352858,-1.49707,-0.0734263
2.22,3,-0.00448956,-0.00438384,-0.00267717,0.000549075,-0.000105723
2.22,4,-0.743331,-0.703241,-0.199251,-0.221093,-0.0400898
2.22,5,0.497588,0.479944,0.289123,0.0014867,0.0176447
2.23,0,0.204951,0.196164,0.118638,-0.00445528,0.00878646
2.23,1,0.0610396,0.128034,0.490004,-4.1498,-0.0669948
2.23,2,0.599336,0.672704,-0.352869,-1.49529,-0.0733677
2.23,3,-0.00451565,-0.0044106,-0.00267495,0.000554472,-0.00010505
2.23,4,-0.745326,-0.705234,-0.19926,-0.221108,-0.0400922
2.23,5,0.50048,0.482835,0.289124,0.00148679,0.0176448
2.24,0,0.206135,0.197351,0.11863,-0.00452592,0.00878412
2.24,1,0.0660138,0.132933,0.489832,-4.14628,-0.0669197
2.24,2,0.595866,0.669175,-0.352878,-1.49351,-0.073309
2.24,3,-0.00454174,-0.00443734,-0.00267281,0.00055969,-0.000104399
2.24,4,-0.747321,-0.707226,-0.199267,-0.221122,-0.0400945
2.24,5,0.503371,0.485726,0.289124,0.00148686,0.0176448
2.25,0,0.207319,0.198537,0.118623,-0.00459417,0.00878186
2.25,1,0.0709881,0.137831,0.489661,-4.14269,-0.0668428
2.25,2,0.592396,0.665646,-0.352886,-1.49173,-0.0732502
2.25,3,-0.00456782,-0.00446406,-0.00267074,0.000564748,-0.00010377
2.25,4,-0.749316,-0.709219,-0.199275,-0.221136,-0.0400967
2.25,5,0.506262,0.488617,0.289124,0.00148692,0.0176448
2.26,0,0.208503,0.199723,0.118616,-0.00466029,0.00877968
2.26,1,0.0759623,0.142727,0.489492,-4.13905,-0.0667643
2.26,2,0.588926,0.662117,-0.352893,-1.48995,-0.0731914
2.26,3,-0.00459391,-0.00449075,-0.00266878,0.000569666,-0.00010316
2.26,4,-0.751311,-0.711212,-0.199281,-0.221151,-0.0400989
2.26,5,0.509153,0.491509,0.289125,0.00148697,0.0176449
2.27,0,0.209687,0.200909,0.118609,-0.00472457,0.00877756
2.27,1,0.0809365,0.147621,0.489324,-4.13533,-0.066684
2.27,2,0.585456,0.658588,-0.3529,-1.48817,-0.0731324
2.27,3,-0.00462,-0.00451743,-0.00266693,0.000574463,-0.00010257
2.27,4,-0.753305,-0.713204,-0.199286,-0.221165,-0.040101
2.27,5,0.512045,0.4944,0.289125,0.00148701,0.0176449
2.28,0,0.210871,0.202095,0.118602,-0.00478726,0.0087755
2.28,1,0.0859108,0.152513,0.489158,-4.13156,-0.0666021
2.28,2,0.581986,0.655059,-0.352905,-1.48639,-0.0730735
2.28,3,-0.00464609,-0.00454409,-0.00266521,0.000579159,-0.000101997
2.28,4,-0.7553,-0.715197,-0.19929,-0.221179,-0.0401031
2.28,5,0.514936,0.497291,0.289125,0.00148704,0.0176449
2.29,0,0.212055,0.203281,0.118596,-0.00484862,0.00877352
2.29,1,0.090885,0.157404,0.488994,-4.12772,-0.0665186
2.29,2,0.578516,0.65153,-0.352909,-1.48462,-0.0730144
2.29,3,-0.00467217,-0.00457073,-0.00266363,0.000583773,-0.00010144
2.29,4,-0.757295,-0.71719,-0.199293,-0.221194,-0.0401051
2.29,5,0.517827,0.500182,0.289126,0.00148706,0.0176449
2.3,0,0.213239,0.204467,0.118591,-0.0049089,0.00877158
2.3,1,0.0958592,0.162293,0.488831,-4.12383,-0.0664334
2.3,2,0.575046,0.648001,-0.352912,-1.48284,-0.0729554
2.3,3,-0.00469826,-0.00459736,-0.00266219,0.000588324,-0.000100899
2.3,4,-0.75929,-0.719183,-0.199296,-0.221209,-0.0401071
2.3,5,0.520718,0.503074,0.289126,0.00148708,0.017645
2.31,0,0.214423,0.205653,0.118586,-0.00496834,0.00876971
2.31,1,0.100833,0.16718,0.488669,-4.11987,-0.0663465
2.31,2,0.571576,0.644472,-0.352914,-1.48106,-0.0728963
2.31,3,-0.00472435,-0.00462398,-0.00266091,0.000592831,-0.000100371
2.31,4,-0.761285,-0.721176,-0.199298,-0.221224,-0.0401091
2.31,5,0.52361,0.505965,0.289126,0.00148709,0.017645
2.32,0,0.215607,0.206839,0.118581,-0.00502717,0.00876788
2.32,1,0.105808,0.172066,0.488509,-4.11585,-0.0662581
2.32,2,0.568106,0.640943,-0.352915,-1.47928,-0.0728372
2.32,3,-0.00475043,-0.00465058,-0.00265978,0.000597311,-9.98555e-05
2.32,4,-0.76328,-0.723169,-0.199299,-0.221239,-0.040111
2.32,5,0.526501,0.508856,0.289126,0.0014871,0.017645
2.33,0,0.216791,0.208025,0.118576,-0.00508558,0.0087661
2.33,1,0.110782,0.17695,0.48835,-4.11177,-0.0661681
2.33,2,0.564636,0.637414,-0.352916,-1.47751,-0.072778
2.33,3,-0.00477652,-0.00467717,-0.0026588,0.000601781,-9.93502e-05
2.33,4,-0.765275,-0.725162,-0.199299,-0.221254,-0.040113
2.33,5,0.529392,0.511747,0.289126,0.00148711,0.017645
2.34,0,0.217975,0.20921,0.118573,-0.00514378,0.00876435
2.34,1,0.115756,0.181833,0.488193,-4.10764,-0.0660765
2.34,2,0.561166,0.633885,-0.352916,-1.47574,-0.0727189
2.34,3,-0.00480261,-0.00470375,-0.00265799,0.000606255,-9.88537e-05
2.34,4,-0.76727,-0.727155,-0.199299,-0.22127,-0.0401149
2.34,5,0.532284,0.514639,0.289126,0.00148712,0.017645
2.35,0,0.219159,0.210396,0.118569,-0.00520194,0.00876265
2.35,1,0.12073,0.186714,0.488036,-4.10344,-0.0659833
2.35,2,0.557696,0.630356,-0.352915,-1.47396,-0.0726598
2.35,3,-0.00482869,-0.00473033,-0.00265732,0.000610748,-9.83646e-05
2.35,4,-0.769265,-0.729148,-0.199298,-0.221286,-0.0401169
2.35,5,0.535175,0.51753,0.289127,0.00148713,0.017645
2.36,0,0.220343,0.211582,0.118566,-0.00526022,0.00876097
2.36,1,0.125705,0.191593,0.487881,-4.09919,-0.0658886
2.36,2,0.554226,0.626826,-0.352914,-1.47219,-0.0726007
2.36,3,-0.00485478,-0.0047569,-0.00265681,0.000615274,-9.78812e-05
2.36,4,-0.77126,-0.731141,-0.199297,-0.221302,-0.0401189
2.36,5,0.538066,0.520421,0.289127,0.00148714,0.017645
2.37,0,0.221527,0.212767,0.118564,-0.00531877,0.00875932
2.37,1,0.130679,0.196471,0.487727,-4.09487,-0.0657923
2.37,2,0.550756,0.623297,-0.352912,-1.47043,-0.0725416
2.37,3,-0.00488087,-0.00478347,-0.00265644,0.000619843,-9.74022e-05
2.37,4,-0.773255,-0.733134,-0.199296,-0.221319,-0.0401209
2.37,5,0.540957,0.523312,0.289127,0.00148715,0.017645
2.38,0,0.222711,0.213953,0.118562,-0.0053777,0.0087577
2.38,1,0.135653,0.201348,0.487574,-4.0905,-0.0656945
2.38,2,0.547286,0.619768,-0.352909,-1.46866,-0.0724826
2.38,3,-0.00490696,-0.00481003,-0.00265621,0.000624467,-9.69261e-05
2.38,4,-0.77525,-0.735127,-0.199294,-0.221336,-0.0401229
2.38,5,0.543849,0.526204,0.289127,0.00148717,0.017645
2.39,0,0.223895,0.215139,0.11856,-0.00543712,0.00875609
2.39,1,0.140627,0.206223,0.487421,-4.08607,-0.0655952
2.39,2,0.543816,0.616239,-0.352906,-1.46689,-0.0724235
2.39,3,-0.00493304,-0.00483659,-0.00265612,0.000629155,-9.64516e-05
2.39,4,-0.777245,-0.73712,-0.199291,-0.221353,-0.0401249
2.39,5,0.54674,0.529095,0.289127,0.00148719,0.017645
2.4,0,0.225079,0.216324,0.118559,-0.00549711,0.0087545
2.4,1,0.145602,0.211096,0.48727,-4.08158,-0.0654944
2.4,2,0.540346,0.61271,-0.352903,-1.46513,-0.0723645
2.4,3,-0.00495913,-0.00486315,-0.00265614,0.000633913,-9.59773e-05
2.4,4,-0.77924,-0.739113,-0.199289,-0.221371,-0.0401269
2.4,5,0.549631,0.531986,0.289127,0.00148722,0.0176451
2.41,0,0.226263,0.21751,0.118558,-0.00555775,0.00875291
2.41,1,0.150576,0.215968,0.487119,-4.07704,-0.065392
2.41,2,0.536875,0.609181,-0.3529,-1.46337,-0.0723055
2.41,3,-0.00498522,-0.00488971,-0.00265628,0.000638749,-9.55021e-05
2.41,4,-0.781235,-0.741106,-0.199286,-0.221389,-0.040129
2.41,5,0.552523,0.534877,0.289127,0.00148725,0.0176451
2.42,0,0.227447,0.218695,0.118558,-0.00561908,0.00875134
2.42,1,0.15555,0.220838,0.486968,-4.07243,-0.0652881
2.42,2,0.533405,0.605652,-0.352897,-1.4616,-0.0722466
2.42,3,-0.0050113,-0.00491628,-0.00265653,0.000643667,-9.5025e-05
2.42,4,-0.78323,-0.743099,-0.199283,-0.221407,-0.0401311
2.42,5,0.555414,0.537769,0.289127,0.00148728,0.0176451
2.43,0,0.228631,0.219881,0.118557,-0.00568114,0.00874977
2.43,1,0.160524,0.225707,0.486819,-4.06777,-0.0651827
2.43,2,0.529935,0.602123,-0.352893,-1.45984,-0.0721877
2.43,3,-0.00503739,-0.00494285,-0.00265687,0.000648672,-9.45449e-05
2.43,4,-0.785225,-0.745091,-0.19928,-0.221426,-0.0401333
2.43,5,0.558305,0.54066,0.289127,0.00148733,0.0176451
2.44,0,0.229815,0.221066,0.118557,-0.00574394,0.00874819
2.44,1,0.165498,0.230574,0.486669,-4.06304,-0.0650759
2.44,2,0.526465,0.598594,-0.352889,-1.45809,-0.0721288
2.44,3,-0.00506348,-0.00496942,-0.00265729,0.000653765,-9.40609e-05
2.44,4,-0.78722,-0.747084,-0.199277,-0.221445,-0.0401354
2.44,5,0.561196,0.543551,0.289127,0.00148737,0.0176451
2.45,0,0.230999,0.222252,0.118557,-0.00580749,0.00874662
2.45,1,0.170473,0.23544,0.48652,-4.05826,-0.0649675
2.45,2,0.522995,0.595065,-0.352886,-1.45633,-0.07207
2.45,3,-0.00508956,-0.00499599,-0.00265778,0.000658948,-9.35723e-05
2.45,4,-0.789215,-0.749077,-0.199274,-0.221464,-0.0401376
2.45,5,0.564088,0.546443,0.289127,0.00148743,0.0176451
2.46,0,0.232183,0.223438,0.118558,-0.00587178,0.00874505
2.46,1,0.175447,0.240305,0.486371,-4.05342,-0.0648577
2.46,2,0.519525,0.591536,-0.352882,-1.45457,-0.0720112
2.46,3,-0.00511565,-0.00502257,-0.00265834,0.000664221,-9.30784e-05
2.46,4,-0.79121,-0.75107,-0.199272,-0.221483,-0.0401398
2.46,5,0.566979,0.549334,0.289127,0.00148749,0.0176451
2.47,0,0.233367,0.224623,0.118558,-0.00593678,0.00874347
2.47,1,0.180421,0.245167,0.486223,-4.04852,-0.0647463
2.47,2,0.516055,0.588008,-0.352878,-1.45282,-0.0719524
2.47,3,-0.00514174,-0.00504916,-0.00265895,0.000669583,-9.25786e-05
2.47,4,-0.793204,-0.753062,-0.199269,-0.221502,-0.0401421
2.47,5,0.56987,0.552225,0.289127,0.00148755,0.0176451
2.48,0,0.234551,0.225809,0.118559,-0.00600247,0.00874188
2.48,1,0.185395,0.250029,0.486075,-4.04356,-0.0646335
2.48,2,0.512585,0.584479,-0.352875,-1.45106,-0.0718937
2.48,3,-0.00516782,-0.00507575,-0.0026596,0.000675033,-9.20725e-05
2.48,4,-0.795199,-0.755055,-0.199266,-0.221522,-0.0401444
2.48,5,0.572761,0.555116,0.289126,0.00148762,0.0176451
2.49,0,0.235735,0.226994,0.11856,-0.00606879,0.00874028
2.49,1,0.19037,0.254889,0.485926,-4.03855,-0.0645192
2.49,2,0.509115,0.58095,-0.352872,-1.44931,-0.071835
2.49,3,-0.00519391,-0.00510235,-0.00266028,0.000680567,-9.15598e-05
2.49,4,-0.797194,-0.757048,-0.199264,-0.221541,-0.0401467
2.49,5,0.575653,0.558008,0.289126,0.0014877,0.0176451
2.5,0,0.236919,0.22818,0.118561,-0.0061357,0.00873868
2.5,1,0.195344,0.259747,0.485778,-4.03347,-0.0644034
2.5,2,0.505645,0.577421,-0.352869,-1.44755,-0.0717763
2.5,3,-0.00522,-0.00512896,-0.00266097,0.000686183,-9.10402e-05
2.5,4,-0.799189,-0.75904,-0.199262,-0.221561,-0.040149
2.5,5,0.578544,0.560899,0.289126,0.00148778,0.0176451
2.51,0,0.238103,0.229366,0.118562,-0.00620314,0.00873707
2.51,1,0.200318,0.264604,0.48563,-4.02834,-0.0642862
2.51,2,0.502175,0.573893,-0.352866,-1.4458,-0.0717177
2.51,3,-0.00524609,-0.00515557,-0.00266168,0.000691876,-9.05135e-05
2.51,4,-0.801184,-0.761033,-0.19926,-0.221581,-0.0401513
2.51,5,0.581435,0.56379,0.289126,0.00148787,0.0176451
2.52,0,0.239287,0.230551,0.118563,-0.00627103,0.00873544
2.52,1,0.205292,0.26946,0.485482,-4.02314,-0.0641674
2.52,2,0.498705,0.570364,-0.352863,-1.44405,-0.0716591
2.52,3,-0.00527217,-0.00518219,-0.0026624,0.000697641,-8.99797e-05
2.52,4,-0.803179,-0.763026,-0.199258,-0.221601,-0.0401537
2.52,5,0.584327,0.566681,0.289126,0.00148797,0.0176452
2.53,0,0.240471,0.231737,0.118564,-0.0063393,0.00873381
2.53,1,0.210267,0.274314,0.485334,-4.01789,-0.0640472
2.53,2,0.495235,0.566836,-0.352861,-1.44229,-0.0716005
2.53,3,-0.00529826,-0.00520882,-0.0026631,0.000703474,-8.94387e-05
2.53,4,-0.805174,-0.765018,-0.199256,-0.22162,-0.0401561
2.53,5,0.587218,0.569573,0.289126,0.00148806,0.0176452
2.54,0,0.241655,0.232923,0.118565,-0.00640788,0.00873217
2.54,1,0.215241,0.279166,0.485186,-4.01258,-0.0639255
2.54,2,0.491765,0.563307,-0.352859,-1.44054,-0.071542
2.54,3,-0.00532435,-0.00523546,-0.00266379,0.000709368,-8.88909e-05
2.54,4,-0.807169,-0.767011,-0.199255,-0.22164,-0.0401585
2.54,5,0.590109,0.572464,0.289126,0.00148816,0.0176452
2.55,0,0.242839,0.234108,0.118566,-0.0064767,0.00873051
2.55,1,0.220215,0.284017,0.485038,-4.00721,-0.0638023
2.55,2,0.488295,0.559778,-0.352857,-1.43879,-0.0714834
2.55,3,-0.00535043,-0.0052621,-0.00266446,0.000715317,-8.83362e-05
2.55,4,-0.809164,-0.769003,-0.199254,-0.22166,-0.0401609
2.55,5,0.593,0.575355,0.289126,0.00148827,0.0176452
2.56,0,0.244023,0.235294,0.118567,-0.00654566,0.00872885
2.56,1,0.225189,0.288867,0.48489,-4.00178,-0.0636776
2.56,2,0.484825,0.55625,-0.352855,-1.43704,-0.0714249
2.56,3,-0.00537652,-0.00528875,-0.00266511,0.000721316,-8.77749e-05
2.56,4,-0.811159,-0.770996,-0.199254,-0.221679,-0.0401633
2.56,5,0.595892,0.578246,0.289126,0.00148838,0.0176452
2.57,0,0.245207,0.23648,0.118567,-0.0066147,0.00872718
2.57,1,0.230163,0.293715,0.484742,-3.99629,-0.0635515
2.57,2,0.481355,0.552721,-0.352854,-1.43528,-0.0713664
2.57,3,-0.00540261,-0.0053154,-0.00266572,0.000727358,-8.72074e-05
2.57,4,-0.813154,-0.772988,-0.199253,-0.221699,-0.0401657
2.57,5,0.598783,0.581138,0.289126,0.00148849,0.0176452
2.58,0,0.246391,0.237665,0.118568,-0.00668372,0.00872551
2.58,1,0.235138,0.298562,0.484594,-3.99074,-0.0634239
2.58,2,0.477885,0.549193,-0.352853,-1.43353,-0.0713079
2.58,3,-0.00542869,-0.00534206,-0.00266629,0.000733437,-8.66339e-05
2.58,4,-0.815149,-0.774981,-0.199253,-0.221718,-0.0401681
2.58,5,0.601674,0.584029,0.289126,0.0014886,0.0176453
2.59,0,0.247575,0.238851,0.118569,-0.00675266,0.00872383
2.59,1,0.240112,0.303407,0.484446,-3.98513,-0.0632948
2.59,2,0.474415,0.545664,-0.352852,-1.43178,-0.0712494
2.59,3,-0.00545478,-0.00536873,-0.00266683,0.000739546,-8.6055e-05
2.59,4,-0.817144,-0.776973,-0.199253,-0.221737,-0.0401705
2.59,5,0.604565,0.58692,0.289126,0.00148872,0.0176453
2.6,0,0.248759,0.240037,0.118569,-0.00682143,0.00872214
2.6,1,0.245086,0.30825,0.484298,-3.97946,-0.0631642
2.6,2,0.470945,0.542136,-0.352852,-1.43002,-0.071191
2.6,3,-0.00548087,-0.0053954,-0.00266731,0.000745679,-8.5471e-05
2.6,4,-0.819139,-0.778966,-0.199254,-0.221756,-0.0401729
2.6,5,0.607457,0.589811,0.289125,0.00148884,0.0176453
2.61,0,0.249943,0.241222,0.118569,-0.00688996,0.00872045
2.61,1,0.25006,0.313093,0.48415,-3.97373,-0.0630321
2.61,2,0.467475,0.538607,-0.352852,-1.42827,-0.0711325
2.61,3,-0.00550696,-0.00542207,-0.00266776,0.000751831,-8.48823e-05
2.61,4,-0.821134,-0.780958,-0.199255,-0.221775,-0.0401753
2.61,5,0.610348,0.592703,0.289125,0.00148896,0.0176453
2.62,0,0.251127,0.242408,0.118569,-0.00695818,0.00871876
2.62,1,0.255035,0.317933,0.484002,-3.96795,-0.0628986
2.62,2,0.464005,0.535079,-0.352852,-1.42652,-0.071074
2.62,3,-0.00553304,-0.00544875,-0.00266815,0.000757995,-8.42895e-05
2.62,4,-0.823129,-0.782951,-0.199255,-0.221794,-0.0401777
2.62,5,0.613239,0.595594,0.289125,0.00148908,0.0176453
2.63,0,0.252311,0.243594,0.11857,-0.00702602,0.00871706
2.63,1,0.260009,0.322772,0.483853,-3.9621,-0.0627635
2.63,2,0.460535,0.53155,-0.352852,-1.42476,-0.0710155
2.63,3,-0.00555913,-0.00547544,-0.00266849,0.000764165,-8.3693e-05
2.63,4,-0.825124,-0.784944,-0.199257,-0.221813,-0.0401801
2.63,5,0.616131,0.598485,0.289125,0.0014892,0.0176454
2.64,0,0.253495,0.244779,0.118569,-0.00709342,0.00871537
2.64,1,0.264983,0.32761,0.483705,-3.9562,-0.062627
2.64,2,0.457065,0.528022,-0.352853,-1.42301,-0.070957
2.64,3,-0.00558522,-0.00550212,-0.00266878,0.000770336,-8.30934e-05
2.64,4,-0.827119,-0.786936,-0.199258,-0.221831,-0.0401825
2.64,5,0.619022,0.601376,0.289125,0.00148932,0.0176454
2.65,0,0.254679,0.245965,0.118569,-0.00716033,0.00871368
2.65,1,0.269957,0.332446,0.483557,-3.95023,-0.062489
2.65,2,0.453595,0.524493,-0.352853,-1.42125,-0.0708985
2.65,3,-0.0056113,-0.00552881,-0.00266903,0.000776504,-8.24911e-05
2.65,4,-0.829114,-0.788929,-0.19926,-0.221849,-0.0401849
2.65,5,0.621913,0.604268,0.289125,0.00148944,0.0176454
2.66,0,0.255863,0.247151,0.118569,-0.00722669,0.00871199
2.66,1,0.274932,0.337281,0.483409,-3.94421,-0.0623496
2.66,2,0.450124,0.520965,-0.352854,-1.41949,-0.07084
2.66,3,-0.00563739,-0.0055555,-0.00266922,0.000782664,-8.18867e-05
2.66,4,-0.831108,-0.790921,-0.199261,-0.221867,-0.0401872
2.66,5,0.624804,0.607159,0.289125,0.00148956,0.0176454
2.67,0,0.257047,0.248336,0.118568,-0.00729245,0.00871031
2.67,1,0.279906,0.342114,0.483262,-3.93813,-0.0622086
2.67,2,0.446654,0.517436,-0.352855,-1.41774,-0.0707815
2.67,3,-0.00566348,-0.0055822,-0.00266936,0.000788811,-8.12807e-05
2.67,4,-0.833103,-0.792914,-0.199263,-0.221885,-0.0401895
2.67,5,0.627696,0.61005,0.289125,0.00148967,0.0176454
2.68,0,0.258231,0.249522,0.118568,-0.00735757,0.00870863
2.68,1,0.28488,0.346946,0.483114,-3.93199,-0.0620662
2.68,2,0.443184,0.513907,-0.352857,-1.41598,-0.070723
2.68,3,-0.00568956,-0.00560889,-0.00266946,0.000794942,-8.06734e-05
2.68,4,-0.835098,-0.794907,-0.199265,-0.221902,-0.0401918
2.68,5,0.630587,0.612941,0.289125,0.00148979,0.0176455
2.69,0,0.259415,0.250708,0.118567,-0.00742203,0.00870696
2.69,1,0.289854,0.351777,0.482967,-3.92579,-0.0619223
2.69,2,0.439714,0.510379,-0.352858,-1.41422,-0.0706645
2.69,3,-0.00571565,-0.00563559,-0.00266951,0.000801054,-8.00654e-05
2.69,4,-0.837093,-0.796899,-0.199267,-0.221919,-0.0401941
2.69,5,0.633478,0.615833,0.289125,0.00148991,0.0176455
2.7,0,0.260599,0.251893,0.118566,-0.00748578,0.0087053
2.7,1,0.294829,0.356605,0.482819,-3.91953,-0.0617769
2.7,2,0.436244,0.50685,-0.352859,-1.41246,-0.0706059
2.7,3,-0.00574174,-0.00566228,-0.00266952,0.000807143,-7.94571e-05
2.7,4,-0.839088,-0.798892,-0.19927,-0.221936,-0.0401964
2.7,5,0.636369,0.618724,0.289125,0.00149002,0.0176455
2.71,0,0.261783,0.253079,0.118565,-0.0075488,0.00870365
2.71,1,0.299803,0.361433,0.482672,-3.91322,-0.0616301
2.71,2,0.432774,0.503322,-0.352861,-1.4107,-0.0705474
2.71,3,-0.00576782,-0.00568898,-0.00266949,0.000813207,-7.8849e-05
2.71,4,-0.841083,-0.800885,-0.199272,-0.221953,-0.0401986
2.71,5,0.639261,0.621615,0.289125,0.00149014,0.0176455
2.72,0,0.262967,0.254265,0.118564,-0.00761107,0.008702
2.72,1,0.304777,0.366259,0.482525,-3.90685,-0.0614817
2.72,2,0.429304,0.499793,-0.352862,-1.40894,-0.0704888
2.72,3,-0.00579391,-0.00571567,-0.00266943,0.000819244,-7.82413e-05
2.72,4,-0.843078,-0.802877,-0.199274,-0.221969,-0.0402008
2.72,5,0.642152,0.624506,0.289125,0.00149025,0.0176456
2.73,0,0.264151,0.25545,0.118563,-0.00767258,0.00870037
2.73,1,0.309751,0.371083,0.482379,-3.90042,-0.061332
2.73,2,0.425834,0.496264,-0.352864,-1.40718,-0.0704302
2.73,3,-0.00582,-0.00574236,-0.00266933,0.000825253,-7.76345e-05
2.73,4,-0.845073,-0.80487,-0.199277,-0.221986,-0.040203
2.73,5,0.645043,0.627398,0.289125,0.00149036,0.0176456
2.74,0,0.265335,0.256636,0.118561,-0.00773332,0.00869876
2.74,1,0.314725,0.375906,0.482233,-3.89393,-0.0611807
2.74,2,0.422364,0.492736,-0.352866,-1.40542,-0.0703716
2.74,3,-0.00584609,-0.00576906,-0.0026692,0.000831232,-7.70288e-05
2.74,4,-0.847068,-0.806863,-0.199279,-0.222002,-0.0402052
2.74,5,0.647935,0.630289,0.289125,0.00149047,0.0176456
2.75,0,0.266519,0.257822,0.11856,-0.00779328,0.00869715
2.75,1,0.3197,0.380728,0.482087,-3.88738,-0.061028
2.75,2,0.418894,0.489207,-0.352867,-1.40365,-0.070313
2.75,3,-0.00587217,-0.00579575,-0.00266904,0.00083718,-7.64246e-05
2.75,4,-0.849063,-0.808856,-0.199282,-0.222018,-0.0402073
2.75,5,0.650826,0.63318,0.289125,0.00149057,0.0176456
2.76,0,0.267703,0.259007,0.118558,-0.00785245,0.00869557
2.76,1,0.324674,0.385548,0.481941,-3.88078,-0.0608738
2.76,2,0.415424,0.485678,-0.352869,-1.40189,-0.0702543
2.76,3,-0.00589826,-0.00582244,-0.00266886,0.000843098,-7.58221e-05
2.76,4,-0.851058,-0.810849,-0.199284,-0.222033,-0.0402094
2.76,5,0.653717,0.636071,0.289125,0.00149068,0.0176456
2.77,0,0.268887,0.260193,0.118557,-0.00791085,0.00869399
2.77,1,0.329648,0.390366,0.481796,-3.87412,-0.0607182
2.77,2,0.411954,0.48215,-0.352871,-1.40013,-0.0701957
2.77,3,-0.00592435,-0.00584912,-0.00266867,0.000848984,-7.52215e-05
2.77,4,-0.853053,-0.812841,-0.199287,-0.222049,-0.0402115
2.77,5,0.656608,0.638963,0.289125,0.00149078,0.0176457
2.78,0,0.270071,0.261378,0.118555,-0.00796848,0.00869243
2.78,1,0.334622,0.395184,0.481652,-3.8674,-0.0605612
2.78,2,0.408484,0.478621,-0.352872,-1.39837,-0.070137
2.78,3,-0.00595043,-0.00587581,-0.00266845,0.00085484,-7.4623e-05
2.78,4,-0.855048,-0.814834,-0.19929,-0.222064,-0.0402136
2.78,5,0.6595,0.641854,0.289125,0.00149088,0.0176457
2.79,0,0.271255,0.262564,0.118554,-0.00802535,0.00869089
2.79,1,0.339597,0.399999,0.481508,-3.86063,-0.0604027
2.79,2,0.405014,0.475092,-0.352874,-1.3966,-0.0700783
2.79,3,-0.00597652,-0.00590249,-0.00266822,0.000860665,-7.40267e-05
2.79,4,-0.857043,-0.816827,-0.199292,-0.222079,-0.0402156
2.79,5,0.662391,0.644745,0.289125,0.00149098,0.0176457
2.8,0,0.272439,0.263749,0.118552,-0.00808146,0.00868936
2.8,1,0.344571,0.404814,0.481364,-3.8538,-0.0602427
2.8,2,0.401544,0.471564,-0.352875,-1.39484,-0.0700196
2.8,3,-0.00600261,-0.00592917,-0.00266798,0.000866461,-7.34327e-05
2.8,4,-0.859038,-0.81882,-0.199295,-0.222094,-0.0402177
2.8,5,0.665282,0.647636,0.289125,0.00149107,0.0176457
2.81,0,0.273623,0.264935,0.11855,-0.00813684,0.00868786
2.81,1,0.349545,0.409626,0.48122,-3.84691,-0.0600813
2.81,2,0.398074,0.468035,-0.352877,-1.39307,-0.0699609
2.81,3,-0.00602869,-0.00595585,-0.00266773,0.000872228,-7.28412e-05
2.81,4,-0.861033,-0.820813,-0.199297,-0.222109,-0.0402196
2.81,5,0.668173,0.650528,0.289125,0.00149117,0.0176458
2.82,0,0.274807,0.26612,0.118549,-0.00819149,0.00868636
2.82,1,0.354519,0.414438,0.481078,-3.83997,-0.0599185
2.82,2,0.394604,0.464506,-0.352878,-1.39131,-0.0699021
2.82,3,-0.00605478,-0.00598253,-0.00266748,0.000877969,-7.22522e-05
2.82,4,-0.863028,-0.822806,-0.199299,-0.222123,-0.0402216
2.82,5,0.671065,0.653419,0.289125,0.00149126,0.0176458
2.83,0,0.275991,0.267306,0.118547,-0.00824544,0.00868489
2.83,1,0.359494,0.419248,0.480935,-3.83298,-0.0597543
2.83,2,0.391134,0.460977,-0.352879,-1.38954,-0.0698434
2.83,3,-0.00608087,-0.0060092,-0.00266723,0.000883683,-7.16657e-05
2.83,4,-0.865023,-0.824799,-0.199302,-0.222138,-0.0402236
2.83,5,0.673956,0.65631,0.289125,0.00149135,0.0176458
2.84,0,0.277175,0.268491,0.118545,-0.00829871,0.00868343
2.84,1,0.364468,0.424056,0.480793,-3.82592,-0.0595886
2.84,2,0.387664,0.457448,-0.35288,-1.38778,-0.0697846
2.84,3,-0.00610696,-0.00603587,-0.00266698,0.000889373,-7.10817e-05
2.84,4,-0.867018,-0.826792,-0.199304,-0.222152,-0.0402255
2.84,5,0.676847,0.659201,0.289125,0.00149144,0.0176458
2.85,0,0.278359,0.269677,0.118544,-0.00835132,0.00868199
2.85,1,0.369442,0.428864,0.480652,-3.81882,-0.0594215
2.85,2,0.384194,0.45392,-0.352881,-1.38601,-0.0697259
2.85,3,-0.00613304,-0.00606254,-0.00266674,0.00089504,-7.05002e-05
2.85,4,-0.869013,-0.828785,-0.199306,-0.222166,-0.0402274
2.85,5,0.679739,0.662093,0.289125,0.00149153,0.0176458
2.86,0,0.279543,0.270862,0.118542,-0.00840328,0.00868056
2.86,1,0.374416,0.433669,0.480511,-3.81166,-0.059253
2.86,2,0.380724,0.450391,-0.352882,-1.38425,-0.0696671
2.86,3,-0.00615913,-0.00608921,-0.0026665,0.000900687,-6.99211e-05
2.86,4,-0.871007,-0.830778,-0.199308,-0.22218,-0.0402293
2.86,5,0.68263,0.664984,0.289126,0.00149161,0.0176459
2.87,0,0.280727,0.272048,0.11854,-0.00845461,0.00867915
2.87,1,0.37939,0.438474,0.480371,-3.80444,-0.0590832
2.87,2,0.377254,0.446862,-0.352883,-1.38248,-0.0696083
2.87,3,-0.00618522,-0.00611587,-0.00266626,0.000906314,-6.93444e-05
2.87,4,-0.873002,-0.832771,-0.19931,-0.222194,-0.0402311
2.87,5,0.685521,0.667875,0.289126,0.0014917,0.0176459
2.88,0,0.281911,0.273233,0.118539,-0.00850534,0.00867776
2.88,1,0.384365,0.443277,0.480231,-3.79717,-0.0589119
2.88,2,0.373784,0.443333,-0.352884,-1.38072,-0.0695495
2.88,3,-0.0062113,-0.00614253,-0.00266604,0.000911924,-6.87699e-05
2.88,4,-0.874997,-0.834764,-0.199312,-0.222207,-0.0402329
2.88,5,0.688412,0.670767,0.289126,0.00149178,0.0176459
2.89,0,0.283095,0.274418,0.118537,-0.00855549,0.00867638
2.89,1,0.389339,0.448078,0.480092,-3.78984,-0.0587392
2.89,2,0.370314,0.439804,-0.352885,-1.37895,-0.0694907
2.89,3,-0.00623739,-0.00616919,-0.00266582,0.000917518,-6.81977e-05
2.89,4,-0.876992,-0.836758,-0.199314,-0.222221,-0.0402348
2.89,5,0.691304,0.673658,0.289126,0.00149187,0.0176459
2.9,0,0.284279,0.275604,0.118535,-0.00860508,0.00867503
2.9,1,0.394313,0.452878,0.479953,-3.78246,-0.0585651
2.9,2,0.366844,0.436275,-0.352885,-1.37719,-0.0694319
2.9,3,-0.00626348,-0.00619585,-0.00266562,0.000923098,-6.76275e-05
2.9,4,-0.878987,-0.838751,-0.199316,-0.222234,-0.0402366
2.9,5,0.694195,0.676549,0.289126,0.00149195,0.0176459
2.91,0,0.285463,0.276789,0.118534,-0.00865412,0.00867368
2.91,1,0.399287,0.457677,0.479815,-3.77503,-0.0583896
2.91,2,0.363373,0.432747,-0.352886,-1.37542,-0.0693731
2.91,3,-0.00628956,-0.0062225,-0.00266543,0.000928666,-6.70593e-05
2.91,4,-0.880982,-0.840744,-0.199318,-0.222248,-0.0402383
2.91,5,0.697086,0.67944,0.289126,0.00149203,0.0176459
2.92,0,0.286647,0.277974,0.118532,-0.00870263,0.00867235
2.92,1,0.404262,0.462474,0.479678,-3.76754,-0.0582128
2.92,2,0.359903,0.429218,-0.352886,-1.37366,-0.0693143
2.92,3,-0.00631565,-0.00624916,-0.00266525,0.000934224,-6.64929e-05
2.92,4,-0.882977,-0.842737,-0.19932,-0.222261,-0.0402401
2.92,5,0.699977,0.682332,0.289126,0.00149211,0.017646
2.93,0,0.287831,0.27916,0.118531,-0.00875063,0.00867104
2.93,1,0.409236,0.46727,0.47954,-3.76,-0.0580346
2.93,2,0.356433,0.425689,-0.352886,-1.37189,-0.0692554
2.93,3,-0.00634174,-0.00627581,-0.00266509,0.000939772,-6.59282e-05
2.93,4,-0.884972,-0.84473,-0.199321,-0.222274,-0.0402418
2.93,5,0.702869,0.685223,0.289126,0.00149219,0.017646
2.94,0,0.289015,0.280345,0.118529,-0.00879813,0.00866974
2.94,1,0.41421,0.472065,0.479404,-3.75241,-0.057855
2.94,2,0.352963,0.42216,-0.352887,-1.37013,-0.0691966
2.94,3,-0.00636782,-0.00630246,-0.00266494,0.000945313,-6.53651e-05
2.94,4,-0.886967,-0.846724,-0.199323,-0.222287,-0.0402436
2.94,5,0.70576,0.688114,0.289126,0.00149227,0.017646
2.95,0,0.290199,0.28153,0.118528,-0.00884516,0.00866846
2.95,1,0.419184,0.476858,0.479268,-3.74477,-0.0576741
2.95,2,0.349493,0.418631,-0.352887,-1.36836,-0.0691378
2.95,3,-0.00639391,-0.00632911,-0.0026648,0.000950848,-6.48034e-05
2.95,4,-0.888962,-0.848717,-0.199325,-0.2223,-0.0402453
2.95,5,0.708651,0.691005,0.289126,0.00149235,0.017646
2.96,0,0.291383,0.282716,0.118526,-0.00889171,0.00866719
2.96,1,0.424159,0.48165,0.479132,-3.73707,-0.0574918
2.96,2,0.346023,0.415102,-0.352887,-1.3666,-0.069079
2.96,3,-0.00642,-0.00635576,-0.00266468,0.000956378,-6.4243e-05
2.96,4,-0.890957,-0.85071,-0.199326,-0.222313,-0.040247
2.96,5,0.711543,0.693897,0.289126,0.00149243,0.017646
2.97,0,0.292567,0.283901,0.118525,-0.0089378,0.00866593
2.97,1,0.429133,0.486441,0.478997,-3.72932,-0.0573081
2.97,2,0.342553,0.411573,-0.352887,-1.36483,-0.0690201
2.97,3,-0.00644609,-0.0063824,-0.00266457,0.000961904,-6.36838e-05
2.97,4,-0.892952,-0.852703,-0.199328,-0.222325,-0.0402486
2.97,5,0.714434,0.696788,0.289126,0.00149251,0.017646
2.98,0,0.293751,0.285086,0.118524,-0.00898344,0.00866469
2.98,1,0.434107,0.49123,0.478863,-3.72151,-0.0571231
2.98,2,0.339083,0.408045,-0.352887,-1.36307,-0.0689613
2.98,3,-0.00647217,-0.00640905,-0.00266447,0.000967426,-6.31256e-05
2.98,4,-0.894947,-0.854697,-0.199329,-0.222338,-0.0402503
2.98,5,0.717325,0.699679,0.289126,0.00149259,0.0176461
2.99,0,0.294935,0.286271,0.118522,-0.00902864,0.00866346
2.99,1,0.439081,0.496018,0.478729,-3.71366,-0.0569368
2.99,2,0.335613,0.404516,-0.352887,-1.3613,-0.0689025
2.99,3,-0.00649826,-0.00643569,-0.00266438,0.000972947,-6.25683e-05
2.99,4,-0.896942,-0.85669,-0.199331,-0.22235,-0.040252
2.99,5,0.720216,0.70257,0.289126,0.00149267,0.0176461
3,0,0.296119,0.287456,0.118521,-0.0090734,0.00866225
3,1,0.444055,0.500805,0.478595,-3.70575,-0.0567491
3,2,0.332143,0.400987,-0.352886,-1.35954,-0.0688436
3,3,-0.00652435,-0.00646233,-0.00266431,0.000978466,-6.20119e-05
3,4,-0.898937,-0.858683,-0.199332,-0.222363,-0.0402536
3,5,0.723108,0.705462,0.289126,0.00149275,0.0176461
3.01,0,0.297303,0.288642,0.11852,-0.00911773,0.00866105
3.01,1,0.44903,0.50559,0.478462,-3.69779,-0.0565601
3.01,2,0.328673,0.397458,-0.352886,-1.35777,-0.0687848
3.01,3,-0.00655043,-0.00648898,-0.00266424,0.000983984,-6.14561e-05
3.01,4,-0.900932,-0.860677,-0.199333,-0.222375,-0.0402552
3.01,5,0.725999,0.708353,0.289126,0.00149283,0.0176461
3.02,0,0.298487,0.289827,0.118519,-0.00916163,0.00865986
3.02,1,0.454004,0.510374,0.47833,-3.68978,-0.0563697
3.02,2,0.325203,0.393929,-0.352886,-1.35601,-0.068726
3.02,3,-0.00657652,-0.00651562,-0.00266419,0.000989502,-6.0901e-05
3.02,4,-0.902927,-0.86267,-0.199335,-0.222387,-0.0402568
3.02,5,0.72889,0.711244,0.289126,0.00149291,0.0176461
3.03,0,0.299671,0.291012,0.118517,-0.0092051,0.00865868
3.03,1,0.458978,0.515156,0.478198,-3.68172,-0.0561781
3.03,2,0.321733,0.3904,-0.352886,-1.35424,-0.0686672
3.03,3,-0.00660261,-0.00654226,-0.00266414,0.000995019,-6.03463e-05
3.03,4,-0.904922,-0.864663,-0.199336,-0.222399,-0.0402584
3.03,5,0.731782,0.714135,0.289126,0.00149299,0.0176461
3.04,0,0.300855,0.292197,0.118516,-0.00924814,0.00865751
3.04,1,0.463952,0.519938,0.478066,-3.6736,-0.0559851
3.04,2,0.318263,0.386871,-0.352885,-1.35248,-0.0686084
3.04,3,-0.00662869,-0.0065689,-0.00266409,0.00100054,-5.97921e-05
3.04,4,-0.906917,-0.866657,-0.199338,-0.222411,-0.04026
3.04,5,0.734673,0.717027,0.289126,0.00149307,0.0176462
3.05,0,0.302039,0.293382,0.118515,-0.00929076,0.00865636
3.05,1,0.468927,0.524717,0.477935,-3.66544,-0.0557908
3.05,2,0.314793,0.383342,-0.352885,-1.35072,-0.0685496
3.05,3,-0.00665478,-0.00659554,-0.00266406,0.00100605,-5.92384e-05
3.05,4,-0.908912,-0.86865,-0.199339,-0.222423,-0.0402616
3.05,5,0.737564,0.719918,0.289126,0.00149315,0.0176462
3.06,0,0.303223,0.294568,0.118514,-0.00933294,0.00865522
3.06,1,0.473901,0.529496,0.477805,-3.65722,-0.0555952
3.06,2,0.311323,0.379814,-0.352885,-1.34895,-0.0684907
3.06,3,-0.00668087,-0.00662218,-0.00266403,0.00101157,-5.86849e-05
3.06,4,-0.910906,-0.870643,-0.19934,-0.222435,-0.0402631
3.06,5,0.740455,0.722809,0.289126,0.00149323,0.0176462
3.07,0,0.304407,0.295753,0.118513,-0.00937469,0.00865408
3.07,1,0.478875,0.534273,0.477675,-3.64896,-0.0553983
3.07,2,0.307853,0.376285,-0.352885,-1.34719,-0.0684319
3.07,3,-0.00670695,-0.00664882,-0.002664,0.00101708,-5.81317e-05
3.07,4,-0.912901,-0.872637,-0.199342,-0.222446,-0.0402647
3.07,5,0.743347,0.7257,0.289126,0.00149331,0.0176462
3.08,0,0.305591,0.296938,0.118512,-0.009416,0.00865297
3.08,1,0.483849,0.539049,0.477545,-3.64064,-0.0552001
3.08,2,0.304383,0.372756,-0.352884,-1.34543,-0.0683731
3.08,3,-0.00673304,-0.00667546,-0.00266397,0.0010226,-5.75788e-05
3.08,4,-0.914896,-0.87463,-0.199343,-0.222458,-0.0402662
3.08,5,0.746238,0.728592,0.289126,0.00149339,0.0176462
3.09,0,0.306775,0.298123,0.11851,-0.00945687,0.00865186
3.09,1,0.488824,0.543824,0.477416,-3.63227,-0.0550006
3.09,2,0.300913,0.369227,-0.352884,-1.34366,-0.0683143
3.09,3,-0.00675913,-0.0067021,-0.00266395,0.00102811,-5.70262e-05
3.09,4,-0.916891,-0.876624,-0.199344,-0.222469,-0.0402677
3.09,5,0.749129,0.731483,0.289126,0.00149347,0.0176462
3.1,0,0.307959,0.299308,0.118509,-0.00949729,0.00865076
3.1,1,0.493798,0.548598,0.477287,-3.62385,-0.0547998
3.1,2,0.297443,0.365698,-0.352884,-1.3419,-0.0682555
3.1,3,-0.00678522,-0.00672874,-0.00266393,0.00103362,-5.64737e-05
3.1,4,-0.918886,-0.878617,-0.199346,-0.222481,-0.0402692
3.1,5,0.75202,0.734374,0.289126,0.00149355,0.0176463
3.11,0,0.309143,0.300493,0.118508,-0.00953726,0.00864968
3.11,1,0.498772,0.55337,0.477158,-3.61539,-0.0545978
3.11,2,0.293973,0.362169,-0.352883,-1.34014,-0.0681967
3.11,3,-0.0068113,-0.00675538,-0.0026639,0.00103913,-5.59215e-05
3.11,4,-0.920881,-0.880611,-0.199347,-0.222492,-0.0402707
3.11,5,0.754912,0.737265,0.289126,0.00149363,0.0176463
3.12,0,0.310327,0.301678,0.118507,-0.00957677,0.0086486
3.12,1,0.503746,0.558141,0.477031,-3.60687,-0.0543944
3.12,2,0.290503,0.358641,-0.352883,-1.33837,-0.0681379
3.12,3,-0.00683739,-0.00678202,-0.00266388,0.00104463,-5.53695e-05
3.12,4,-0.922876,-0.882604,-0.199349,-0.222503,-0.0402721
3.12,5,0.757803,0.740157,0.289126,0.00149372,0.0176463
3.13,0,0.311511,0.302863,0.118506,-0.00961581,0.00864754
3.13,1,0.50872,0.56291,0.476903,-3.5983,-0.0541898
3.13,2,0.287033,0.355112,-0.352883,-1.33661,-0.0680792
3.13,3,-0.00686348,-0.00680866,-0.00266385,0.00105013,-5.48178e-05
3.13,4,-0.924871,-0.884598,-0.19935,-0.222514,-0.0402736
3.13,5,0.760694,0.743048,0.289126,0.0014938,0.0176463
3.14,0,0.312695,0.304048,0.118505,-0.00965437,0.00864649
3.14,1,0.513695,0.567679,0.476776,-3.58968,-0.0539839
3.14,2,0.283563,0.351583,-0.352882,-1.33485,-0.0680204
3.14,3,-0.00688956,-0.0068353,-0.00266382,0.00105563,-5.42664e-05
3.14,4,-0.926866,-0.886591,-0.199352,-0.222524,-0.040275
3.14,5,0.763586,0.745939,0.289126,0.00149388,0.0176463
3.15,0,0.313879,0.305233,0.118504,-0.00969246,0.00864545
3.15,1,0.518669,0.572446,0.47665,-3.58102,-0.0537767
3.15,2,0.280093,0.348054,-0.352882,-1.33308,-0.0679616
3.15,3,-0.00691565,-0.00686194,-0.00266379,0.00106112,-5.37153e-05
3.15,4,-0.928861,-0.888585,-0.199353,-0.222535,-0.0402764
3.15,5,0.766477,0.74883,0.289126,0.00149396,0.0176463
3.16,0,0.315063,0.306418,0.118502,-0.00973005,0.00864442
3.16,1,0.523643,0.577211,0.476523,-3.5723,-0.0535683
3.16,2,0.276623,0.344525,-0.352882,-1.33132,-0.0679028
3.16,3,-0.00694174,-0.00688857,-0.00266375,0.00106661,-5.31646e-05
3.16,4,-0.930856,-0.890578,-0.199355,-0.222545,-0.0402779
3.16,5,0.769368,0.751722,0.289126,0.00149404,0.0176464
3.17,0,0.316247,0.307603,0.118501,-0.00976715,0.00864341
3.17,1,0.528617,0.581976,0.476398,-3.56354,-0.0533586
3.17,2,0.273152,0.340996,-0.352882,-1.32956,-0.067844
3.17,3,-0.00696782,-0.00691521,-0.00266371,0.00107208,-5.26142e-05
3.17,4,-0.932851,-0.892572,-0.199357,-0.222556,-0.0402792
3.17,5,0.772259,0.754613,0.289126,0.00149412,0.0176464
3.18,0,0.317431,0.308788,0.1185,-0.00980375,0.00864241
3.18,1,0.533592,0.586739,0.476272,-3.55472,-0.0531477
3.18,2,0.269682,0.337468,-0.352882,-1.32779,-0.0677852
3.18,3,-0.00699391,-0.00694185,-0.00266366,0.00107755,-5.20643e-05
3.18,4,-0.934846,-0.894565,-0.199358,-0.222566,-0.0402806
3.18,5,0.775151,0.757504,0.289126,0.0014942,0.0176464
3.19,0,0.318615,0.309973,0.118499,-0.00983984,0.00864141
3.19,1,0.538566,0.591501,0.476148,-3.54586,-0.0529355
3.19,2,0.266212,0.333939,-0.352882,-1.32603,-0.0677265
3.19,3,-0.00702,-0.00696848,-0.00266361,0.00108302,-5.1515e-05
3.19,4,-0.936841,-0.896559,-0.19936,-0.222576,-0.040282
3.19,5,0.778042,0.760395,0.289126,0.00149428,0.0176464
3.2,0,0.319799,0.311158,0.118498,-0.00987541,0.00864043
3.2,1,0.54354,0.596262,0.476023,-3.53695,-0.052722
3.2,2,0.262742,0.33041,-0.352881,-1.32427,-0.0676677
3.2,3,-0.00704609,-0.00699512,-0.00266355,0.00108847,-5.09661e-05
3.2,4,-0.938836,-0.898552,-0.199362,-0.222586,-0.0402833
3.2,5,0.780933,0.763287,0.289126,0.00149436,0.0176464
3.21,0,0.320983,0.312343,0.118496,-0.00991046,0.00863947
3.21,1,0.548514,0.601022,0.475899,-3.52799,-0.0525073
3.21,2,0.259272,0.326881,-0.352881,-1.3225,-0.0676089
3.21,3,-0.00707217,-0.00702175,-0.00266349,0.00109391,-5.04179e-05
3.21,4,-0.940831,-0.900546,-0.199363,-0.222596,-0.0402846
3.21,5,0.783824,0.766178,0.289126,0.00149444,0.0176464
3.22,0,0.322167,0.313528,0.118495,-0.00994499,0.00863851
3.22,1,0.553489,0.60578,0.475776,-3.51898,-0.0522914
3.22,2,0.255802,0.323352,-0.352881,-1.32074,-0.0675501
3.22,3,-0.00709826,-0.00704839,-0.00266341,0.00109934,-4.98704e-05
3.22,4,-0.942826,-0.90254,-0.199365,-0.222605,-0.040286
3.22,5,0.786716,0.769069,0.289126,0.00149452,0.0176465
3.23,0,0.323351,0.314713,0.118494,-0.00997898,0.00863757
3.23,1,0.558463,0.610537,0.475653,-3.50993,-0.0520743
3.23,2,0.252332,0.319824,-0.352881,-1.31898,-0.0674914
3.23,3,-0.00712435,-0.00707502,-0.00266334,0.00110477,-4.93236e-05
3.23,4,-0.944821,-0.904533,-0.199367,-0.222615,-0.0402872
3.23,5,0.789607,0.771961,0.289126,0.0014946,0.0176465
3.24,0,0.324535,0.315898,0.118493,-0.0100124,0.00863664
3.24,1,0.563437,0.615293,0.47553,-3.50083,-0.0518559
3.24,2,0.248862,0.316295,-0.352881,-1.31722,-0.0674326
3.24,3,-0.00715043,-0.00710166,-0.00266325,0.00111018,-4.87777e-05
3.24,4,-0.946816,-0.906527,-0.199369,-0.222624,-0.0402885
3.24,5,0.792498,0.774852,0.289126,0.00149468,0.0176465
3.25,0,0.325719,0.317083,0.118491,-0.0100454,0.00863572
3.25,1,0.568411,0.620048,0.475408,-3.49168,-0.0516363
3.25,2,0.245392,0.312766,-0.352881,-1.31545,-0.0673738
3.25,3,-0.00717652,-0.00712829,-0.00266316,0.00111557,-4.82326e-05
3.25,4,-0.94881,-0.908521,-0.199371,-0.222633,-0.0402898
3.25,5,0.79539,0.777743,0.289126,0.00149476,0.0176465
3.26,0,0.326903,0.318268,0.11849,-0.0100777,0.00863481
3.26,1,0.573386,0.624801,0.475286,-3.48248,-0.0514155
3.26,2,0.241922,0.309237,-0.352881,-1.31369,-0.0673151
3.26,3,-0.00720261,-0.00715492,-0.00266307,0.00112096,-4.76884e-05
3.26,4,-0.950805,-0.910514,-0.199372,-0.222642,-0.040291
3.26,5,0.798281,0.780634,0.289126,0.00149484,0.0176465
3.27,0,0.328087,0.319453,0.118489,-0.0101095,0.00863392
3.27,1,0.57836,0.629553,0.475165,-3.47323,-0.0511934
3.27,2,0.238452,0.305708,-0.352881,-1.31193,-0.0672563
3.27,3,-0.00722869,-0.00718155,-0.00266297,0.00112633,-4.71452e-05
3.27,4,-0.9528,-0.912508,-0.199374,-0.222651,-0.0402922
3.27,5,0.801172,0.783526,0.289126,0.00149492,0.0176465
3.28,0,0.329271,0.320638,0.118487,-0.0101408,0.00863304
3.28,1,0.583334,0.634304,0.475044,-3.46394,-0.0509702
3.28,2,0.234982,0.30218,-0.352881,-1.31016,-0.0671975
3.28,3,-0.00725478,-0.00720818,-0.00266286,0.00113168,-4.66031e-05
3.28,4,-0.954795,-0.914502,-0.199376,-0.222659,-0.0402934
3.28,5,0.804063,0.786417,0.289126,0.00149499,0.0176465
3.29,0,0.330455,0.321823,0.118486,-0.0101715,0.00863218
3.29,1,0.588308,0.639054,0.474924,-3.4546,-0.0507457
3.29,2,0.231512,0.298651,-0.352882,-1.3084,-0.0671387
3.29,3,-0.00728087,-0.00723481,-0.00266275,0.00113703,-4.60621e-05
3.29,4,-0.95679,-0.916496,-0.199378,-0.222668,-0.0402946
3.29,5,0.806955,0.789308,0.289126,0.00149507,0.0176466
3.3,0,0.331639,0.323007,0.118485,-0.0102017,0.00863132
3.3,1,0.593282,0.643803,0.474804,-3.44521,-0.0505201
3.3,2,0.228042,0.295122,-0.352882,-1.30664,-0.06708
3.3,3,-0.00730695,-0.00726143,-0.00266263,0.00114236,-4.55222e-05
3.3,4,-0.958785,-0.918489,-0.19938,-0.222676,-0.0402957
3.3,5,0.809846,0.792199,0.289126,0.00149515,0.0176466
3.31,0,0.332823,0.324192,0.118484,-0.0102313,0.00863048
3.31,1,0.598257,0.64855,0.474685,-3.43578,-0.0502932
3.31,2,0.224572,0.291593,-0.352882,-1.30487,-0.0670212
3.31,3,-0.00733304,-0.00728806,-0.00266251,0.00114767,-4.49835e-05
3.31,4,-0.96078,-0.920483,-0.199382,-0.222684,-0.0402969
3.31,5,0.812737,0.795091,0.289126,0.00149523,0.0176466
3.32,0,0.334007,0.325377,0.118482,-0.0102604,0.00862966
3.32,1,0.603231,0.653296,0.474566,-3.4263,-0.0500652
3.32,2,0.221102,0.288064,-0.352882,-1.30311,-0.0669624
3.32,3,-0.00735913,-0.00731468,-0.00266238,0.00115297,-4.4446e-05
3.32,4,-0.962775,-0.922477,-0.199384,-0.222692,-0.040298
3.32,5,0.815628,0.797982,0.289126,0.0014953,0.0176466
3.33,0,0.335191,0.326562,0.118481,-0.0102889,0.00862884
3.33,1,0.608205,0.658041,0.474447,-3.41678,-0.049836
3.33,2,0.217632,0.284535,-0.352882,-1.30134,-0.0669036
3.33,3,-0.00738522,-0.00734131,-0.00266225,0.00115825,-4.39099e-05
3.33,4,-0.96477,-0.924471,-0.199386,-0.2227,-0.0402991
3.33,5,0.81852,0.800873,0.289126,0.00149538,0.0176466
3.34,0,0.336375,0.327747,0.11848,-0.0103168,0.00862804
3.34,1,0.613179,0.662785,0.474329,-3.40721,-0.0496055
3.34,2,0.214162,0.281007,-0.352882,-1.29958,-0.0668448
3.34,3,-0.0074113,-0.00736793,-0.00266212,0.00116352,-4.3375e-05
3.34,4,-0.966765,-0.926465,-0.199388,-0.222707,-0.0403002
3.34,5,0.821411,0.803764,0.289126,0.00149545,0.0176466
3.35,0,0.337559,0.328932,0.118478,-0.0103442,0.00862726
3.35,1,0.618154,0.667528,0.474212,-3.39759,-0.049374
3.35,2,0.210692,0.277478,-0.352882,-1.29782,-0.0667861
3.35,3,-0.00743739,-0.00739455,-0.00266198,0.00116877,-4.28415e-05
3.35,4,-0.96876,-0.928459,-0.19939,-0.222715,-0.0403012
3.35,5,0.824302,0.806656,0.289126,0.00149553,0.0176467
3.36,0,0.338743,0.330116,0.118477,-0.0103711,0.00862648
3.36,1,0.623128,0.672269,0.474095,-3.38793,-0.0491412
3.36,2,0.207222,0.273949,-0.352882,-1.29605,-0.0667273
3.36,3,-0.00746348,-0.00742117,-0.00266184,0.00117401,-4.23094e-05
3.36,4,-0.970755,-0.930453,-0.199392,-0.222722,-0.0403023
3.36,5,0.827194,0.809547,0.289126,0.0014956,0.0176467
3.37,0,0.339927,0.331301,0.118475,-0.0103973,0.00862572
3.37,1,0.628102,0.677009,0.473978,-3.37823,-0.0489073
3.37,2,0.203752,0.27042,-0.352883,-1.29429,-0.0666685
3.37,3,-0.00748956,-0.00744778,-0.0026617,0.00117923,-4.17787e-05
3.37,4,-0.97275,-0.932447,-0.199394,-0.222729,-0.0403033
3.37,5,0.830085,0.812438,0.289126,0.00149567,0.0176467
3.38,0,0.341447,0.332486,0.118474,0.00302409,0.00896116
3.38,1,0.632394,0.681748,0.473862,-3.39575,-0.0493541
3.38,2,0.200601,0.266891,-0.352883,-1.28294,-0.0662901
3.38,3,-0.00740481,-0.0074744,-0.00266155,0.00229287,6.95941e-05
3.38,4,-0.974624,-0.934441,-0.199397,-0.221772,-0.0401837
3.38,5,0.832191,0.815329,0.289126,-0.00242872,0.0168618
3.39,0,0.345993,0.333688,0.122593,0.124428,0.0123052
3.39,1,0.630549,0.686326,0.440256,-3.55184,-0.0557768
3.39,2,0.200328,0.263652,-0.293759,-1.31223,-0.063325
3.39,3,-0.00632246,-0.00743408,0.0128944,0.0033796,0.00111162
3.39,4,-0.975414,-0.936518,-0.213462,-0.204434,-0.0388956
3.39,5,0.827234,0.818036,0.245721,-0.0277271,0.00919783
3.4,0,0.350539,0.334963,0.132282,0.226171,0.0155755
3.4,1,0.628704,0.690492,0.39712,-3.66288,-0.061788
3.4,2,0.200054,0.261078,-0.22934,-1.37204,-0.0610239
3.4,3,-0.00524011,-0.00715341,0.0412021,-0.00558821,0.0019133
3.4,4,-0.976204,-0.938634,-0.206612,-0.197256,-0.0375702
3.4,5,0.822276,0.820045,0.161141,-0.03719,0.00223044
3.41,0,0.355084,0.336357,0.14577,0.311767,0.0187269
3.41,1,0.626859,0.694226,0.353977,-3.75659,-0.0673665
3.41,2,0.19978,0.259089,-0.175492,-1.42829,-0.059309
3.41,3,-0.00415776,-0.0065804,0.070052,-0.0178048,0.00242264
3.41,4,-0.976994,-0.940581,-0.183267,-0.19967,-0.036413
3.41,5,0.817318,0.821136,0.0663357,-0.0389913,-0.00381811
3.42,0,0.35963,0.337903,0.162016,0.383054,0.0217276
3.42,1,0.625014,0.697532,0.311751,-3.83598,-0.0725182
3.42,2,0.199506,0.257584,-0.131428,-1.47948,-0.0580778
3.42,3,-0.00307541,-0.00574081,0.0945036,-0.0300481,0.0026654
3.42,4,-0.977783,-0.942248,-0.152737,-0.207911,-0.035535
3.42,5,0.812361,0.821293,-0.0246557,-0.037265,-0.00893234
3.43,0,0.364176,0.339622,0.180344,0.441125,0.0245539
3.43,1,0.623169,0.700424,0.270864,-3.90278,-0.0772547
3.43,2,0.199233,0.256471,-0.0960369,-1.52508,-0.0572386
3.43,3,-0.00199306,-0.00468866,0.113077,-0.0408899,0.0026956
3.43,4,-0.978573,-0.943601,-0.121081,-0.219238,-0.0349723
3.43,5,0.807403,0.820589,-0.10615,-0.0340867,-0.0131863
3.44,0,0.368722,0.341534,0.200243,0.486788,0.0271879
3.44,1,0.621324,0.702914,0.231519,-3.95819,-0.0815907
3.44,2,0.198959,0.255669,-0.0682631,-1.56479,-0.0567106
3.44,3,-0.000910714,-0.00348308,0.125854,-0.0497888,0.00257237
3.44,4,-0.979363,-0.944648,-0.0919207,-0.231757,-0.0347147
3.44,5,0.802445,0.819131,-0.176506,-0.0304795,-0.0166863
3.45,0,0.373268,0.343651,0.221289,0.520784,0.0296163
3.45,1,0.619479,0.705021,0.193792,-4.00306,-0.0855422
3.45,2,0.198685,0.255108,-0.0471203,-1.59845,-0.0564231
3.45,3,0.000171635,-0.00217838,0.133553,-0.0566315,0.00235001
3.45,4,-0.980153,-0.945427,-0.0671992,-0.244203,-0.0347254
3.45,5,0.797488,0.817031,-0.235958,-0.0269287,-0.0195432
3.46,0,0.377813,0.345984,0.2431,0.543888,0.0318297
3.46,1,0.617633,0.706759,0.157681,-4.03806,-0.0891253
3.46,2,0.198411,0.254726,-0.0316973,-1.62605,-0.0563148
3.46,3,0.00125398,-0.000820396,0.137078,-0.0615032,0.00207438
3.46,4,-0.980942,-0.945988,-0.04774,-0.255767,-0.0349546
3.46,5,0.79253,0.814391,-0.285529,-0.0236466,-0.021861
3.47,0,0.382359,0.348537,0.265321,0.556938,0.0338225
3.47,1,0.615788,0.708144,0.12315,-4.06369,-0.092356
3.47,2,0.198138,0.254471,-0.0211585,-1.64768,-0.0563333
3.47,3,0.00233633,0.000554114,0.137328,-0.0645745,0.00178222
3.47,4,-0.981732,-0.946383,-0.0336477,-0.265967,-0.0353488
3.47,5,0.787572,0.811304,-0.326501,-0.0207071,-0.0237315
3.48,0,0.386905,0.351313,0.287618,0.560841,0.0355924
3.48,1,0.613943,0.709193,0.0901465,-4.08043,-0.0952499
3.48,2,0.197864,0.254298,-0.0147436,-1.66353,-0.0564338
3.48,3,0.00341868,0.00191691,0.135107,-0.0660465,0.00150177
3.48,4,-0.982522,-0.946666,-0.024592,-0.274551,-0.0358558
3.48,5,0.782615,0.807848,-0.360168,-0.0181169,-0.0252335
3.49,0,0.391451,0.35431,0.309686,0.556556,0.0371403
3.49,1,0.612098,0.70992,0.0586248,-4.08875,-0.0978219
3.49,2,0.19759,0.254169,-0.0117647,-1.67384,-0.0565791
3.49,3,0.00450103,0.00324719,0.131106,-0.066125,0.00125384
3.49,4,-0.983312,-0.946883,-0.0200029,-0.281425,-0.0364283
3.49,5,0.777657,0.80409,-0.387719,-0.015851,-0.0264333
3.5,0,0.395996,0.357526,0.331244,0.545074,0.0384702
3.5,1,0.610253,0.71034,0.0285485,-4.08911,-0.100087
3.5,2,0.197316,0.254054,-0.011603,-1.67894,-0.0567382
3.5,3,0.00558338,0.00453039,0.125899,-0.0650095,0.00105298
3.5,4,-0.984101,-0.947076,-0.0192023,-0.286601,-0.0370253
3.5,5,0.772699,0.800086,-0.410198,-0.0138725,-0.0273864
3.51,0,0.400542,0.360954,0.352045,0.5274,0.0395884
3.51,1,0.608408,0.710466,-0.000104218,-4.08203,-0.102058
3.51,2,0.197043,0.253929,-0.0137049,-1.67917,-0.056886
3.51,3,0.00666573,0.00575714,0.119958,-0.0628887,0.000908585
3.51,4,-0.984891,-0.947278,-0.0214892,-0.290157,-0.0376127
3.51,5,0.767742,0.79588,-0.428499,-0.0121418,-0.0281383
3.52,0,0.405088,0.364584,0.371875,0.504526,0.0405038
3.52,1,0.606563,0.710314,-0.0273398,-4.06804,-0.103752
3.52,2,0.196769,0.253771,-0.0175776,-1.67492,-0.0570027
3.52,3,0.00774808,0.00692225,0.113662,-0.0599391,0.000825825
3.52,4,-0.985681,-0.947517,-0.0261917,-0.292211,-0.0381634
3.52,5,0.762784,0.791511,-0.443372,-0.0106214,-0.0287266
3.53,0,0.409634,0.368407,0.390555,0.477417,0.0412271
3.53,1,0.604718,0.709898,-0.0531514,-4.04775,-0.10518
3.53,2,0.196495,0.253568,-0.0227849,-1.66662,-0.0570729
3.53,3,0.00883043,0.00802391,0.107316,-0.0563246,0.00080652
3.53,4,-0.986471,-0.947814,-0.0326969,-0.292905,-0.0386567
3.53,5,0.757826,0.787008,-0.455439,-0.00927871,-0.0291821
3.54,0,0.41418,0.372409,0.407943,0.446993,0.0417705
3.54,1,0.602873,0.709231,-0.0775215,-4.02178,-0.106358
3.54,2,0.196221,0.253307,-0.0289429,-1.65468,-0.0570856
3.54,3,0.00991277,0.00906296,0.101158,-0.0521965,0.000849815
3.54,4,-0.98726,-0.948183,-0.0404647,-0.292389,-0.0390776
3.54,5,0.752869,0.782399,-0.465211,-0.00808628,-0.0295299
3.55,0,0.418725,0.376578,0.423931,0.414118,0.0421478
3.55,1,0.601027,0.708329,-0.100425,-3.99077,-0.107301
3.55,2,0.195948,0.252981,-0.0357162,-1.63956,-0.057033
3.55,3,0.0109951,0.0100423,0.0953703,-0.0476943,0.000952786
3.55,4,-0.98805,-0.948634,-0.0490324,-0.290812,-0.0394161
3.55,5,0.747911,0.777702,-0.473104,-0.00702193,-0.0297907
3.56,0,0.423271,0.380898,0.438446,0.379589,0.0423732
3.56,1,0.599182,0.707205,-0.121833,-3.95542,-0.108023
3.56,2,0.195674,0.252585,-0.0428141,-1.62169,-0.0569108
3.56,3,0.0120775,0.0109665,0.0900903,-0.0429448,0.00111094
3.56,4,-0.98884,-0.949173,-0.0580121,-0.288324,-0.0396663
3.56,5,0.742953,0.772934,-0.479458,-0.00606833,-0.0299812
3.57,0,0.427817,0.385355,0.451447,0.344129,0.0424618
3.57,1,0.597337,0.705876,-0.141716,-3.91642,-0.108539
3.57,2,0.1954,0.252117,-0.0499867,-1.60153,-0.0567169
3.57,3,0.0131598,0.0118412,0.0854151,-0.0380628,0.00131863
3.57,4,-0.98963,-0.949804,-0.0670853,-0.285065,-0.039826
3.57,5,0.737996,0.768111,-0.484548,-0.00521223,-0.0301153
3.58,0,0.432363,0.389934,0.462921,0.308386,0.0424287
3.58,1,0.595492,0.704357,-0.160047,-3.87446,-0.108865
3.58,2,0.195126,0.251578,-0.057022,-1.57951,-0.0564519
3.58,3,0.0142422,0.0126727,0.081408,-0.0331505,0.00156943
3.58,4,-0.990419,-0.950524,-0.0759957,-0.281167,-0.0398957
3.58,5,0.733038,0.763242,-0.488595,-0.00444375,-0.0302045
3.59,0,0.436909,0.394619,0.472881,0.272929,0.0422893
3.59,1,0.593647,0.702663,-0.176804,-3.83024,-0.109016
3.59,2,0.194853,0.250971,-0.0637425,-1.55606,-0.0561181
3.59,3,0.0153245,0.0134681,0.0781039,-0.0282978,0.00185646
3.59,4,-0.991209,-0.951331,-0.0845413,-0.276754,-0.0398781
3.59,5,0.72808,0.758338,-0.491781,-0.00375561,-0.030258
3.6,0,0.441454,0.399396,0.481363,0.238248,0.0420584
3.6,1,0.591802,0.700811,-0.191971,-3.78443,-0.109009
3.6,2,0.194579,0.250298,-0.0700024,-1.53158,-0.0557196
3.6,3,0.0164069,0.0142343,0.0755134,-0.023582,0.0021726
3.6,4,-0.991999,-0.952221,-0.0925667,-0.271939,-0.0397778
3.6,5,0.723123,0.753406,-0.494254,-0.00314247,-0.0302837
3.61,0,0.446,0.40425,0.488422,0.204759,0.0417506
3.61,1,0.589957,0.698815,-0.205543,-3.73769,-0.108858
3.61,2,0.194305,0.249567,-0.0756851,-1.50648,-0.0552615
3.61,3,0.0174892,0.0149784,0.0736266,-0.0190683,0.00251077
3.61,4,-0.992789,-0.953188,-0.0999556,-0.266828,-0.0396007
3.61,5,0.718165,0.748453,-0.496134,-0.00260026,-0.0302881
3.62,0,0.450546,0.409166,0.494128,0.172804,0.0413797
3.62,1,0.588112,0.696692,-0.217521,-3.69065,-0.10858
3.62,2,0.194031,0.248782,-0.0807001,-1.48111,-0.0547503
3.62,3,0.0185716,0.0157075,0.0724174,-0.01481,0.00286405
3.62,4,-0.993578,-0.954225,-0.106625,-0.261516,-0.0393536
3.62,5,0.713207,0.743484,-0.497521,-0.00212572,-0.0302764
3.63,0,0.455092,0.414133,0.498565,0.142659,0.0409588
3.63,1,0.586267,0.694458,-0.227922,-3.64391,-0.108192
3.63,2,0.193758,0.24795,-0.0849809,-1.45582,-0.0541929
3.63,3,0.0196539,0.016428,0.071846,-0.0108489,0.00322587
3.63,4,-0.994368,-0.955324,-0.11252,-0.256092,-0.039044
3.63,5,0.70825,0.738503,-0.498499,-0.00171598,-0.0302532
3.64,0,0.459638,0.419137,0.501823,0.114534,0.0405001
3.64,1,0.584422,0.692129,-0.236769,-3.59801,-0.107708
3.64,2,0.193484,0.247081,-0.0884827,-1.43094,-0.0535969
3.64,3,0.0207363,0.0171461,0.0718625,-0.00721617,0.00359013
3.64,4,-0.995158,-0.956478,-0.117608,-0.250635,-0.0386799
3.64,5,0.703292,0.733514,-0.49914,-0.00136825,-0.0302221
3.65,0,0.464183,0.424169,0.504003,0.088584,0.0400148
3.65,1,0.582576,0.68972,-0.2441,-3.55345,-0.107144
3.65,2,0.19321,0.24618,-0.0911799,-1.40675,-0.0529703
3.65,3,0.0218186,0.0178674,0.0724093,-0.00393297,0.00395126
3.65,4,-0.995948,-0.957678,-0.121874,-0.245218,-0.0382694
3.65,5,0.698334,0.72852,-0.499503,-0.00107959,-0.0301861
3.66,0,0.468729,0.429216,0.505206,0.06491,0.0395132
3.66,1,0.580731,0.687246,-0.249959,-3.5107,-0.106514
3.66,2,0.192936,0.245257,-0.0930644,-1.38351,-0.0523212
3.66,3,0.022901,0.0185967,0.073424,-0.00101143,0.00430429
3.66,4,-0.996737,-0.958917,-0.125323,-0.239905,-0.0378208
3.66,5,0.693377,0.723524,-0.499641,-0.000846812,-0.0301478
3.67,0,0.473275,0.43427,0.505537,0.0435671,0.0390044
3.67,1,0.578886,0.684721,-0.254405,-3.47016,-0.105834
3.67,2,0.192663,0.24432,-0.094143,-1.36145,-0.0516577
3.67,3,0.0239833,0.0193384,0.0748413,0.00154433,0.00464491
3.67,4,-0.997527,-0.960185,-0.127968,-0.234753,-0.0373421
3.67,5,0.688419,0.718528,-0.499598,-0.000666406,-0.0301092
3.68,0,0.477821,0.439324,0.505099,0.0245696,0.0384967
3.68,1,0.577041,0.682158,-0.257503,-3.43218,-0.105117
3.68,2,0.192389,0.243377,-0.0944359,-1.34076,-0.0509878
3.68,3,0.0250657,0.0200962,0.0765955,0.00373722,0.00496945
3.68,4,-0.998317,-0.961476,-0.129836,-0.229812,-0.0368413
3.68,5,0.683461,0.713533,-0.499414,-0.000534518,-0.0300718
3.69,0,0.482367,0.444369,0.503995,0.00789587,0.037997
3.69,1,0.575196,0.679572,-0.259327,-3.39707,-0.104376
3.69,2,0.192115,0.242434,-0.0939747,-1.32162,-0.0503191
3.69,3,0.026148,0.0208731,0.0786215,0.00557612,0.0052749
3.69,4,-0.999107,-0.962781,-0.130962,-0.225126,-0.0363259
3.69,5,0.678504,0.70854,-0.499123,-0.000446998,-0.0300368
3.7,0,0.486912,0.449401,0.502324,-0.00650583,0.0375116
3.7,1,0.573351,0.676975,-0.25996,-3.36507,-0.103624
3.7,2,0.191841,0.2415,-0.0928005,-1.30417,-0.049659
3.7,3,0.0272304,0.0216715,0.0808567,0.00707486,0.00555889
3.7,4,-0.999896,-0.964093,-0.131386,-0.220732,-0.0358031
3.7,5,0.673546,0.703551,-0.498755,-0.000399455,-0.0300052
3.71,0,0.491458,0.454412,0.50018,-0.018713,0.0370456
3.71,1,0.571506,0.674377,-0.259488,-3.33637,-0.102871
3.71,2,0.191568,0.240582,-0.0909626,-1.2885,-0.0490143
3.71,3,0.0283127,0.0224931,0.0832422,0.00825121,0.00581965
3.71,4,-1.00069,-0.965406,-0.131158,-0.216659,-0.0352797
3.71,5,0.668588,0.698566,-0.498335,-0.000387341,-0.0299776
3.72,0,0.496004,0.459401,0.497651,-0.0288241,0.0366033
3.72,1,0.569661,0.671789,-0.258004,-3.31113,-0.102129
3.72,2,0.191294,0.239685,-0.0885166,-1.27471,-0.0483914
3.72,3,0.0293951,0.0233391,0.0857232,0.00912599,0.00605599
3.72,4,-1.00148,-0.966714,-0.130328,-0.212932,-0.034762
3.72,5,0.663631,0.693585,-0.497886,-0.00040604,-0.0299544
3.73,0,0.50055,0.464362,0.494823,-0.0369546,0.0361879
3.73,1,0.567816,0.669222,-0.255605,-3.28943,-0.101406
3.73,2,0.19102,0.238816,-0.0855229,-1.26284,-0.0477961
3.73,3,0.0304774,0.0242102,0.0882501,0.00972221,0.00626723
3.73,4,-1.00227,-0.96801,-0.128952,-0.209569,-0.0342556
3.73,5,0.658673,0.688609,-0.497425,-0.000450958,-0.0299357
3.74,0,0.505095,0.469293,0.491772,-0.043233,0.0358021
3.74,1,0.56597,0.666683,-0.252389,-3.27132,-0.100712
3.74,2,0.190746,0.23798,-0.0820457,-1.25291,-0.0472333
3.74,3,0.0315597,0.0251066,0.0907787,0.0100643,0.00645315
3.74,4,-1.00306,-0.96929,-0.127087,-0.206582,-0.0337657
3.74,5,0.653715,0.683637,-0.496968,-0.000517608,-0.0299216
3.75,0,0.509641,0.474194,0.488568,-0.0477976,0.0354477
3.75,1,0.564125,0.66418,-0.248457,-3.25681,-0.100054
3.75,2,0.190473,0.23718,-0.0781513,-1.24493,-0.0467077
3.75,3,0.0326421,0.0260281,0.0932703,0.0101775,0.00661397
3.75,4,-1.00385,-0.970548,-0.124793,-0.203978,-0.0332969
3.75,5,0.648758,0.67867,-0.496528,-0.00060169,-0.029912
3.76,0,0.514187,0.479061,0.485275,-0.0507931,0.0351258
3.76,1,0.56228,0.66172,-0.24391,-3.24585,-0.0994396
3.76,2,0.190199,0.236422,-0.0739073,-1.23888,-0.046223
3.76,3,0.0337244,0.0269742,0.0956919,0.0100871,0.00675022
3.76,4,-1.00463,-0.971782,-0.12213,-0.20176,-0.0328531
3.76,5,0.6438,0.673707,-0.496115,-0.000699154,-0.0299067
3.77,0,0.518733,0.483896,0.481951,-0.0523682,0.0348371
3.77,1,0.560435,0.659308,-0.238848,-3.23838,-0.098873
3.77,2,0.189925,0.235707,-0.0693814,-1.23471,-0.0457824
3.77,3,0.0348068,0.027944,0.0980159,0.00981824,0.00686278
3.77,4,-1.00542,-0.972987,-0.119155,-0.199923,-0.0324376
3.77,5,0.638842,0.668748,-0.495735,-0.000806253,-0.0299054
3.78,0,0.523279,0.488697,0.478646,-0.0526726,0.0345816
3.78,1,0.55859,0.656949,-0.233367,-3.23428,-0.0983595
3.78,2,0.189651,0.23504,-0.0646404,-1.23237,-0.0453883
3.78,3,0.0358891,0.0289364,0.10022,0.00939539,0.00695274
3.78,4,-1.00621,-0.974161,-0.11593,-0.198462,-0.0320534
3.78,5,0.633885,0.663792,-0.495394,-0.00091958,-0.0299076
3.79,0,0.527824,0.493466,0.475403,-0.0518557,0.0343589
3.79,1,0.556745,0.654648,-0.227563,-3.23342,-0.0979026
3.79,2,0.189378,0.23442,-0.0597493,-1.23177,-0.0450424
3.79,3,0.0369715,0.0299501,0.102287,0.00884193,0.0070214
3.79,4,-1.007,-0.975301,-0.112509,-0.197366,-0.0317025
3.79,5,0.628927,0.65884,-0.495096,-0.00103609,-0.029913
3.8,0,0.53237,0.498202,0.472261,-0.0500636,0.034168
3.8,1,0.5549,0.652405,-0.221528,-3.23562,-0.0975052
3.8,2,0.189104,0.23385,-0.0547709,-1.23284,-0.044746
3.8,3,0.0380538,0.0309836,0.104203,0.00818007,0.00707021
3.8,4,-1.00779,-0.976407,-0.108949,-0.196619,-0.0313867
3.8,5,0.623969,0.65389,-0.494841,-0.00115312,-0.0299211
3.81,0,0.536916,0.502908,0.469251,-0.0474387,0.0340079
3.81,1,0.553055,0.650224,-0.215348,-3.24071,-0.0971689
3.81,2,0.18883,0.23333,-0.0497648,-1.23546,-0.0444996
3.81,3,0.0391362,0.0320355,0.105961,0.0074306,0.00710073
3.81,4,-1.00858,-0.977477,-0.105302,-0.196204,-0.0311069
3.81,5,0.619012,0.648943,-0.494631,-0.00126839,-0.0299316
3.82,0,0.541462,0.507585,0.466399,-0.0441172,0.033877
3.82,1,0.55121,0.648104,-0.209107,-3.24847,-0.0968948
3.82,2,0.188556,0.232859,-0.0447871,-1.23952,-0.0443031
3.82,3,0.0402185,0.033104,0.107555,0.00661279,0.00711456
3.82,4,-1.00937,-0.978509,-0.101618,-0.196102,-0.0308639
3.82,5,0.614054,0.643998,-0.494464,-0.00137996,-0.0299439
3.83,0,0.546008,0.512234,0.463725,-0.040229,0.0337736
3.83,1,0.549364,0.646048,-0.20288,-3.25869,-0.0966832
3.83,2,0.188283,0.232439,-0.0398898,-1.2449,-0.044156
3.83,3,0.0413009,0.0341875,0.108982,0.00574432,0.00711338
3.83,4,-1.01016,-0.979505,-0.097943,-0.19629,-0.0306577
3.83,5,0.609096,0.639054,-0.494339,-0.00148628,-0.0299576
3.84,0,0.550553,0.516857,0.461245,-0.0358959,0.033696
3.84,1,0.547519,0.644053,-0.196738,-3.27112,-0.0965334
3.84,2,0.188009,0.232066,-0.0351205,-1.25148,-0.0440572
3.84,3,0.0423832,0.0352844,0.110245,0.00484127,0.00709882
3.84,4,-1.01095,-0.980465,-0.0943202,-0.196744,-0.030488
3.84,5,0.604139,0.634111,-0.494253,-0.0015861,-0.0299724
3.85,0,0.555099,0.521457,0.458971,-0.0312315,0.033642
3.85,1,0.545674,0.642118,-0.190747,-3.28553,-0.0964442
3.85,2,0.187735,0.23174,-0.0305222,-1.25911,-0.0440052
3.85,3,0.0434656,0.0363931,0.111345,0.00391809,0.00707254
3.85,4,-1.01174,-0.981388,-0.0907884,-0.197438,-0.0303541
3.85,5,0.599181,0.629169,-0.494202,-0.00167848,-0.0299878
3.86,0,0.559645,0.526035,0.456908,-0.0263405,0.0336096
3.86,1,0.543829,0.640243,-0.184962,-3.30167,-0.0964138
3.86,2,0.187461,0.231459,-0.026133,-1.26768,-0.0439981
3.86,3,0.0445479,0.0375118,0.112289,0.00298767,0.00703611
3.86,4,-1.01253,-0.982277,-0.0873825,-0.198347,-0.0302548
3.86,5,0.594223,0.624227,-0.494184,-0.00176277,-0.0300036
3.87,0,0.564191,0.530594,0.455061,-0.0213181,0.0335967
3.87,1,0.541984,0.638424,-0.179437,-3.31929,-0.09644
3.87,2,0.187188,0.231221,-0.0219861,-1.27703,-0.0440335
3.87,3,0.0456303,0.0386392,0.113083,0.00206135,0.00699109
3.87,4,-1.01332,-0.983133,-0.0841336,-0.199443,-0.0301887
3.87,5,0.589266,0.619285,-0.494194,-0.00183853,-0.0300194
3.88,0,0.568737,0.535136,0.45343,-0.0162502,0.033601
3.88,1,0.540139,0.636659,-0.174215,-3.33814,-0.0965197
3.88,2,0.186914,0.231023,-0.0181097,-1.28705,-0.044109
3.88,3,0.0467126,0.0397737,0.113734,0.00114899,0.00693892
3.88,4,-1.01411,-0.983958,-0.0810682,-0.200699,-0.0301542
3.88,5,0.584308,0.614343,-0.49423,-0.00190556,-0.0300349
3.89,0,0.573282,0.539662,0.45201,-0.011213,0.0336205
3.89,1,0.538294,0.634944,-0.169334,-3.35799,-0.0966498
3.89,2,0.18664,0.230862,-0.0145269,-1.29759,-0.0442216
3.89,3,0.047795,0.040914,0.114251,0.000259061,0.00688097
3.89,4,-1.0149,-0.984752,-0.0782088,-0.202089,-0.0301491
3.89,5,0.57935,0.6094,-0.494287,-0.00196381,-0.03005
3.9,0,0.577828,0.544175,0.450797,-0.00627322,0.033653
3.9,1,0.536449,0.633275,-0.164824,-3.37859,-0.0968267
3.9,2,0.186366,0.230735,-0.0112562,-1.30854,-0.0443683
3.9,3,0.0488773,0.0420588,0.114645,-0.000601277,0.00681855
3.9,4,-1.01569,-0.98552,-0.075574,-0.203585,-0.0301715
3.9,5,0.574393,0.604457,-0.494362,-0.00201341,-0.0300644
3.91,0,0.582374,0.548677,0.449783,-0.00148835,0.0336965
3.91,1,0.534604,0.63165,-0.160711,-3.39973,-0.0970465
3.91,2,0.186093,0.230638,-0.00831102,-1.31976,-0.044546
3.91,3,0.0499597,0.0432069,0.114924,-0.00142612,0.00675283
3.91,4,-1.01648,-0.986262,-0.073178,-0.205162,-0.0302189
3.91,5,0.569435,0.599513,-0.49445,-0.00205459,-0.0300779
3.92,0,0.58692,0.553171,0.448958,0.00309323,0.0337492
3.92,1,0.532758,0.630064,-0.157012,-3.42117,-0.0973052
3.92,2,0.185819,0.23057,-0.0057004,-1.33114,-0.0447512
3.92,3,0.051042,0.0443571,0.115099,-0.0022107,0.00668489
3.92,4,-1.01727,-0.986982,-0.0710314,-0.206795,-0.0302888
3.92,5,0.564477,0.594568,-0.49455,-0.0020877,-0.0300906
3.93,0,0.591465,0.557656,0.448311,0.00743177,0.0338091
3.93,1,0.530913,0.628512,-0.153739,-3.44272,-0.0975985
3.93,2,0.185545,0.230526,-0.003429,-1.34256,-0.0449808
3.93,3,0.0521244,0.0455087,0.115181,-0.00295133,0.00661572
3.93,4,-1.01806,-0.987682,-0.0691409,-0.208461,-0.0303789
3.93,5,0.55952,0.589622,-0.494658,-0.00211316,-0.0301021
3.94,0,0.596011,0.562137,0.447829,0.0114957,0.0338746
3.94,1,0.529068,0.62699,-0.150899,-3.46419,-0.0979222
3.94,2,0.185271,0.230502,-0.00149734,-1.35394,-0.0452311
3.94,3,0.0532067,0.0466605,0.115179,-0.0036453,0.00654621
3.94,4,-1.01885,-0.988364,-0.0675098,-0.210136,-0.0304864
3.94,5,0.554562,0.584675,-0.494772,-0.00213145,-0.0301126
3.95,0,0.600557,0.566613,0.4475,0.0152613,0.033944
3.95,1,0.527223,0.625495,-0.148492,-3.4854,-0.0982719
3.95,2,0.184998,0.230496,9.78181e-05,-1.36516,-0.0454989
3.95,3,0.0542891,0.0478119,0.115103,-0.00429078,0.00647713
3.95,4,-1.01964,-0.989031,-0.066138,-0.211802,-0.0306088
3.95,5,0.549604,0.579726,-0.494888,-0.00214309,-0.0301219
3.96,0,0.605103,0.571087,0.447309,0.0187118,0.034016
3.96,1,0.525378,0.624021,-0.146515,-3.50619,-0.0986434
3.96,2,0.184724,0.230505,0.00136325,-1.37615,-0.0457809
3.96,3,0.0553714,0.0489623,0.114964,-0.00488679,0.00640916
3.96,4,-1.02043,-0.989686,-0.0650226,-0.213437,-0.0307435
3.96,5,0.544647,0.574777,-0.495005,-0.00214864,-0.03013
3.97,0,0.609649,0.57556,0.447243,0.0218371,0.0340891
3.97,1,0.523533,0.622565,-0.144958,-3.52642,-0.0990322
3.97,2,0.18445,0.230524,0.0023089,-1.38683,-0.0460737
3.97,3,0.0564538,0.0501109,0.11477,-0.00543304,0.00634289
3.97,4,-1.02122,-0.990331,-0.0641576,-0.215025,-0.030888
3.97,5,0.539689,0.569826,-0.495121,-0.00214866,-0.030137
3.98,0,0.614194,0.580032,0.447287,0.024633,0.0341623
3.98,1,0.521688,0.621122,-0.143809,-3.54595,-0.0994344
3.98,2,0.184176,0.230551,0.00294753,-1.39713,-0.0463743
3.98,3,0.0575361,0.0512573,0.11453,-0.00592994,0.00627883
3.98,4,-1.02201,-0.990969,-0.0635348,-0.216551,-0.0310398
3.98,5,0.534731,0.564874,-0.495235,-0.00214374,-0.0301428
3.99,0,0.61874,0.584506,0.447427,0.0271006,0.0342346
3.99,1,0.519843,0.619689,-0.143052,-3.56468,-0.0998459
3.99,2,0.183903,0.230582,0.00329441,-1.40698,-0.0466797
3.99,3,0.0586185,0.0524011,0.114254,-0.00637844,0.00621737
3.99,4,-1.0228,-0.991602,-0.0631436,-0.218001,-0.0311966
3.99,5,0.529774,0.559921,-0.495344,-0.00213445,-0.0301475
4,0,0.623286,0.588981,0.44765,0.0292457,0.0343049
4,1,0.517998,0.61826,-0.142666,-3.58252,-0.100263
4,2,0.183629,0.230616,0.00336694,-1.41634,-0.046987
4,3,0.0597008,0.053542,0.113947,-0.00678003,0.00615884
4,4,-1.02359,-0.992233,-0.0629717,-0.219362,-0.031356
4,5,0.524816,0.554967,-0.495449,-0.00212135,-0.0301512
4.01,0,0.627832,0.593459,0.447943,0.0310779,0.0343726
4.01,1,0.516152,0.616834,-0.142629,-3.59939,-0.100682
4.01,2,0.183355,0.230649,0.00318433,-1.42518,-0.0472936
4.01,3,0.0607832,0.0546797,0.113619,-0.00713662,0.00610351
4.01,4,-1.02438,-0.992862,-0.0630051,-0.220626,-0.031516
4.01,5,0.519858,0.550012,-0.495547,-0.00210502,-0.0301538
4.02,0,0.632378,0.59794,0.448292,0.0326105,0.0344371
4.02,1,0.514307,0.615407,-0.142917,-3.61522,-0.101099
4.02,2,0.183081,0.230678,0.00276721,-1.43345,-0.0475971
4.02,3,0.0618655,0.055814,0.113276,-0.00745049,0.00605154
4.02,4,-1.02517,-0.993494,-0.0632284,-0.221783,-0.0316746
4.02,5,0.514901,0.545056,-0.495638,-0.00208599,-0.0301555
4.03,0,0.636923,0.602426,0.448685,0.0338593,0.0344979
4.03,1,0.512462,0.613975,-0.143503,-3.62998,-0.101512
4.03,2,0.182808,0.230703,0.00213732,-1.44113,-0.0478952
4.03,3,0.0629479,0.0569448,0.112925,-0.00772423,0.00600305
4.03,4,-1.02596,-0.994128,-0.0636252,-0.222828,-0.03183
4.03,5,0.509943,0.540099,-0.495723,-0.00206477,-0.0301563
4.04,0,0.641469,0.606915,0.449112,0.0348426,0.0345545
4.04,1,0.510617,0.612535,-0.144359,-3.64364,-0.101918
4.04,2,0.182534,0.23072,0.00131722,-1.44821,-0.048186
4.04,3,0.0640302,0.0580721,0.11257,-0.00796066,0.00595811
4.04,4,-1.02675,-0.994767,-0.0641785,-0.223756,-0.0319806
4.04,5,0.504985,0.535142,-0.495799,-0.00204187,-0.0301563
4.05,0,0.646015,0.611408,0.449563,0.0355801,0.0346067
4.05,1,0.508772,0.611086,-0.145456,-3.65617,-0.102314
4.05,2,0.18226,0.230728,0.000329912,-1.45469,-0.0484676
4.05,3,0.0651126,0.0591959,0.112216,-0.00816279,0.00591671
4.05,4,-1.02754,-0.995413,-0.0648706,-0.224564,-0.0321249
4.05,5,0.500028,0.530183,-0.495868,-0.00201776,-0.0301556
4.06,0,0.650561,0.615906,0.450027,0.0360929,0.0346543
4.06,1,0.506927,0.609624,-0.146764,-3.66759,-0.102697
4.06,2,0.181986,0.230725,-0.000801406,-1.46055,-0.0487386
4.06,3,0.0661949,0.0603161,0.11187,-0.00833375,0.00587881
4.06,4,-1.02833,-0.996066,-0.0656835,-0.225251,-0.0322615
4.06,5,0.49507,0.525224,-0.495928,-0.00199288,-0.0301543
4.07,0,0.655107,0.620409,0.450496,0.0364026,0.0346973
4.07,1,0.505082,0.608148,-0.148253,-3.6779,-0.103066
4.07,2,0.181713,0.23071,-0.00205362,-1.46582,-0.0489975
4.07,3,0.0672773,0.0614329,0.111533,-0.00847674,0.00584432
4.07,4,-1.02912,-0.996727,-0.0665993,-0.225816,-0.0323895
4.07,5,0.490112,0.520265,-0.49598,-0.00196764,-0.0301523
4.08,0,0.659652,0.624917,0.450963,0.0365311,0.0347355
4.08,1,0.503237,0.606657,-0.149894,-3.68712,-0.10342
4.08,2,0.181439,0.230682,-0.00340397,-1.47049,-0.0492434
4.08,3,0.0683596,0.0625465,0.11121,-0.008595,0.00581312
4.08,4,-1.02991,-0.997399,-0.0676003,-0.226262,-0.0325078
4.08,5,0.485155,0.515305,-0.496025,-0.00194243,-0.03015
4.09,0,0.664198,0.629429,0.451422,0.0365004,0.0347691
4.09,1,0.501392,0.605148,-0.151658,-3.69529,-0.103757
4.09,2,0.181165,0.23064,-0.00483027,-1.4746,-0.0494753
4.09,3,0.069442,0.0636569,0.110904,-0.00869173,0.00578507
4.09,4,-1.0307,-0.998081,-0.068669,-0.226591,-0.0326157
4.09,5,0.480197,0.510344,-0.496061,-0.00191758,-0.0301472
4.1,0,0.668744,0.633946,0.451866,0.0363318,0.0347983
4.1,1,0.499546,0.603622,-0.153516,-3.70245,-0.104075
4.1,2,0.180891,0.230584,-0.00631108,-1.47816,-0.0496926
4.1,3,0.0705243,0.0647643,0.110616,-0.00877011,0.00575997
4.1,4,-1.03149,-0.998774,-0.0697885,-0.226807,-0.0327127
4.1,5,0.475239,0.505384,-0.49609,-0.00189342,-0.0301441
4.11,0,0.67329,0.638467,0.452292,0.0360462,0.034823
4.11,1,0.497701,0.602076,-0.155441,-3.70866,-0.104374
4.11,2,0.180618,0.230512,-0.00782598,-1.4812,-0.0498949
4.11,3,0.0716067,0.065869,0.110349,-0.00883318,0.00573765
4.11,4,-1.03228,-0.999478,-0.0709427,-0.226914,-0.0327982
4.11,5,0.470282,0.500423,-0.496111,-0.00187022,-0.0301407
4.12,0,0.677836,0.642992,0.452694,0.0356634,0.0348437
4.12,1,0.495856,0.600511,-0.157406,-3.71396,-0.104654
4.12,2,0.180344,0.230426,-0.00935563,-1.48375,-0.050082
4.12,3,0.072689,0.0669711,0.110104,-0.00888388,0.00571787
4.12,4,-1.03307,-1.00019,-0.0721161,-0.226919,-0.0328721
4.12,5,0.465324,0.495461,-0.496125,-0.00184823,-0.0301372
4.13,0,0.682381,0.647521,0.453072,0.035202,0.0348604
4.13,1,0.494011,0.598926,-0.159388,-3.71842,-0.104915
4.13,2,0.18007,0.230324,-0.010882,-1.48585,-0.0502538
4.13,3,0.0737714,0.0680709,0.109882,-0.00892501,0.00570041
4.13,4,-1.03386,-1.00092,-0.0732944,-0.226826,-0.0329342
4.13,5,0.460366,0.4905,-0.496133,-0.00182766,-0.0301335
4.14,0,0.686927,0.652054,0.453421,0.0346794,0.0348736
4.14,1,0.492166,0.597321,-0.161362,-3.72211,-0.105155
4.14,2,0.179796,0.230207,-0.0123883,-1.48754,-0.0504104
4.14,3,0.0748537,0.0691686,0.109683,-0.00895918,0.00568506
4.14,4,-1.03465,-1.00166,-0.0744641,-0.226644,-0.0329845
4.14,5,0.455409,0.485539,-0.496135,-0.00180869,-0.0301298
4.15,0,0.691473,0.65659,0.453741,0.0341117,0.0348834
4.15,1,0.490321,0.595697,-0.163308,-3.7251,-0.105376
4.15,2,0.179523,0.230075,-0.0138594,-1.48885,-0.0505522
4.15,3,0.075936,0.0702645,0.109507,-0.00898883,0.00567156
4.15,4,-1.03543,-1.00241,-0.0756129,-0.22638,-0.0330233
4.15,5,0.450451,0.480577,-0.496131,-0.00179144,-0.0301262
4.16,0,0.696019,0.661129,0.45403,0.0335134,0.0348901
4.16,1,0.488476,0.594053,-0.165206,-3.72747,-0.105577
4.16,2,0.179249,0.229928,-0.0152814,-1.48982,-0.0506795
4.16,3,0.0770184,0.0713587,0.109355,-0.00901617,0.00565969
4.16,4,-1.03622,-1.00317,-0.0767297,-0.226041,-0.0330508
4.16,5,0.445494,0.475616,-0.496123,-0.00177604,-0.0301226
4.17,0,0.700564,0.66567,0.45429,0.0328974,0.0348942
4.17,1,0.486631,0.592391,-0.167039,-3.72929,-0.10576
4.17,2,0.178975,0.229768,-0.0166424,-1.4905,-0.0507929
4.17,3,0.0781007,0.0724515,0.109226,-0.00904324,0.00564922
4.17,4,-1.03701,-1.00395,-0.0778044,-0.225636,-0.0330673
4.17,5,0.440536,0.470655,-0.496109,-0.00176255,-0.0301191
4.18,0,0.70511,0.670215,0.454518,0.0322755,0.0348958
4.18,1,0.484786,0.590711,-0.168791,-3.73063,-0.105925
4.18,2,0.178701,0.229594,-0.0179317,-1.49093,-0.050893
4.18,3,0.0791831,0.0735432,0.109118,-0.00907184,0.00563992
4.18,4,-1.0378,-1.00473,-0.0788285,-0.225172,-0.0330733
4.18,5,0.435578,0.465694,-0.496092,-0.00175101,-0.0301157
4.19,0,0.709656,0.674761,0.454718,0.0316574,0.0348953
4.19,1,0.48294,0.589014,-0.170449,-3.73158,-0.106073
4.19,2,0.178428,0.229408,-0.0191403,-1.49114,-0.0509807
4.19,3,0.0802654,0.0746339,0.109032,-0.00910356,0.00563158
4.19,4,-1.03859,-1.00552,-0.0797942,-0.224658,-0.0330694
4.19,5,0.430621,0.460733,-0.496072,-0.00174145,-0.0301126
4.2,0,0.714202,0.679309,0.454888,0.0310518,0.0348929
4.2,1,0.481095,0.5873,-0.172002,-3.7322,-0.106205
4.2,2,0.178154,0.229211,-0.0202607,-1.49118,-0.0510569
4.2,3,0.0813478,0.0757238,0.108966,-0.00913978,0.00562398
4.2,4,-1.03938,-1.00633,-0.0806954,-0.224102,-0.0330562
4.2,5,0.425663,0.455773,-0.496048,-0.00173383,-0.0301097
4.21,0,0.718748,0.683859,0.455032,0.0304657,0.034889
4.21,1,0.47925,0.585572,-0.17344,-3.73257,-0.106322
4.21,2,0.17788,0.229002,-0.0212873,-1.49109,-0.0511223
4.21,3,0.0824301,0.0768132,0.108919,-0.00918167,0.00561695
4.21,4,-1.04017,-1.00714,-0.081527,-0.223511,-0.0330344
4.21,5,0.420705,0.450812,-0.496023,-0.00172814,-0.030107
4.22,0,0.723293,0.68841,0.455149,0.029905,0.0348838
4.22,1,0.477405,0.583831,-0.174757,-3.73275,-0.106426
4.22,2,0.177606,0.228784,-0.0222154,-1.49091,-0.051178
4.22,3,0.0835125,0.0779022,0.108889,-0.0092302,0.00561029
4.22,4,-1.04096,-1.00796,-0.082285,-0.222894,-0.0330046
4.22,5,0.415748,0.445852,-0.495995,-0.00172429,-0.0301046
4.23,0,0.727839,0.692962,0.455243,0.029374,0.0348776
4.23,1,0.47556,0.582076,-0.175946,-3.73282,-0.106516
4.23,2,0.177333,0.228557,-0.0230423,-1.49066,-0.0512249
4.23,3,0.0845948,0.078991,0.108874,-0.00928616,0.00560384
4.23,4,-1.04175,-1.00879,-0.0829665,-0.222258,-0.0329677
4.23,5,0.41079,0.440892,-0.495967,-0.00172221,-0.0301024
4.24,0,0.732385,0.697515,0.455315,0.0288763,0.0348705
4.24,1,0.473715,0.580311,-0.177004,-3.73284,-0.106596
4.24,2,0.177059,0.228323,-0.0237663,-1.49039,-0.0512642
4.24,3,0.0856772,0.0800797,0.108875,-0.00935014,0.00559746
4.24,4,-1.04254,-1.00962,-0.0835699,-0.22161,-0.0329244
4.24,5,0.405832,0.435933,-0.495937,-0.0017218,-0.0301006
4.25,0,0.736931,0.702068,0.455367,0.0284139,0.0348629
4.25,1,0.47187,0.578536,-0.177929,-3.73286,-0.106666
4.25,2,0.176785,0.228082,-0.0243871,-1.49013,-0.0512968
4.25,3,0.0867595,0.0811685,0.108888,-0.00942257,0.005591
4.25,4,-1.04333,-1.01046,-0.0840943,-0.220957,-0.0328755
4.25,5,0.400875,0.430974,-0.495908,-0.00172294,-0.030099
4.26,0,0.741477,0.706622,0.455401,0.0279884,0.0348548
4.26,1,0.470025,0.576752,-0.178721,-3.73293,-0.106727
4.26,2,0.176511,0.227835,-0.0249056,-1.4899,-0.0513237
4.26,3,0.0878419,0.0822575,0.108912,-0.00950373,0.00558435
4.26,4,-1.04412,-1.0113,-0.0845401,-0.220304,-0.0328218
4.26,5,0.395917,0.426015,-0.495878,-0.00172551,-0.0300978
4.27,0,0.746022,0.711176,0.455419,0.0276,0.0348465
4.27,1,0.46818,0.574961,-0.179381,-3.73312,-0.106782
4.27,2,0.176238,0.227584,-0.0253237,-1.48973,-0.051346
4.27,3,0.0889242,0.0833468,0.108946,-0.00959375,0.0055774
4.27,4,-1.04491,-1.01215,-0.0849083,-0.219658,-0.032764
4.27,5,0.390959,0.421056,-0.495849,-0.00172936,-0.0300968
4.28,0,0.750568,0.71573,0.455424,0.0272486,0.034838
4.28,1,0.466334,0.573164,-0.179912,-3.73346,-0.10683
4.28,2,0.175964,0.227328,-0.0256443,-1.48965,-0.0513647
4.28,3,0.0900066,0.0844365,0.108989,-0.00969266,0.00557006
4.28,4,-1.0457,-1.013,-0.0852006,-0.219024,-0.032703
4.28,5,0.386002,0.416098,-0.495821,-0.00173435,-0.0300962
4.29,0,0.755114,0.720284,0.455417,0.0269332,0.0348296
4.29,1,0.464489,0.571363,-0.180318,-3.73399,-0.106873
4.29,2,0.17569,0.227071,-0.0258714,-1.48968,-0.0513807
4.29,3,0.0910889,0.0855267,0.109038,-0.00980035,0.00556225
4.29,4,-1.04649,-1.01385,-0.0854198,-0.218406,-0.0326395
4.29,5,0.381044,0.41114,-0.495795,-0.00174033,-0.0300958
4.3,0,0.75966,0.724838,0.4554,0.0266524,0.0348213
4.3,1,0.462644,0.569558,-0.180604,-3.73474,-0.106914
4.3,2,0.175416,0.226811,-0.0260093,-1.48983,-0.0513949
4.3,3,0.0921713,0.0866174,0.109093,-0.00991662,0.00555392
4.3,4,-1.04728,-1.01471,-0.085569,-0.217809,-0.0325742
4.3,5,0.376086,0.406182,-0.49577,-0.00174716,-0.0300956
4.31,0,0.764206,0.729392,0.455375,0.0264044,0.0348132
4.31,1,0.460799,0.567751,-0.180775,-3.73575,-0.106952
4.31,2,0.175143,0.226551,-0.0260635,-1.49012,-0.0514082
4.31,3,0.0932536,0.0877086,0.109152,-0.0100412,0.00554502
4.31,4,-1.04807,-1.01556,-0.0856519,-0.217236,-0.0325077
4.31,5,0.371129,0.401224,-0.495746,-0.00175467,-0.0300957
4.32,0,0.768751,0.733946,0.455344,0.0261869,0.0348054
4.32,1,0.458954,0.565943,-0.180839,-3.73703,-0.106989
4.32,2,0.174869,0.22629,-0.0260397,-1.49056,-0.0514214
4.32,3,0.094336,0.0888005,0.109215,-0.0101737,0.0055355
4.32,4,-1.04886,-1.01642,-0.0856729,-0.21669,-0.0324408
4.32,5,0.366171,0.396267,-0.495725,-0.00176273,-0.030096
4.33,0,0.773297,0.738499,0.455307,0.0259975,0.034798
4.33,1,0.457109,0.564134,-0.180803,-3.73861,-0.107026
4.33,2,0.174595,0.22603,-0.0259441,-1.49117,-0.0514352
4.33,3,0.0954183,0.089893,0.109279,-0.0103138,0.00552535
4.33,4,-1.04965,-1.01728,-0.0856364,-0.216174,-0.032374
4.33,5,0.361213,0.39131,-0.495705,-0.00177119,-0.0300966
4.34,0,0.777843,0.743052,0.455268,0.0258335,0.0347909
4.34,1,0.455264,0.562327,-0.180676,-3.7405,-0.107063
4.34,2,0.174321,0.225772,-0.0257834,-1.49194,-0.0514503
4.34,3,0.0965007,0.0909861,0.109344,-0.010461,0.00551455
4.34,4,-1.05044,-1.01813,-0.0855474,-0.215689,-0.0323078
4.34,5,0.356256,0.386353,-0.495688,-0.00177991,-0.0300973
4.35,0,0.782389,0.747604,0.455226,0.0256924,0.0347843
4.35,1,0.453419,0.560521,-0.180465,-3.74271,-0.107103
4.35,2,0.174048,0.225515,-0.0255643,-1.49289,-0.0514674
4.35,3,0.097583,0.0920799,0.10941,-0.0106148,0.0055031
4.35,4,-1.05123,-1.01899,-0.085411,-0.215237,-0.0322428
4.35,5,0.351298,0.381396,-0.495673,-0.00178875,-0.0300981
4.36,0,0.786935,0.752156,0.455183,0.0255713,0.034778
4.36,1,0.451574,0.558718,-0.18018,-3.74525,-0.107145
4.36,2,0.173774,0.225261,-0.0252939,-1.49402,-0.0514869
4.36,3,0.0986654,0.0931744,0.109475,-0.0107748,0.00549099
4.36,4,-1.05202,-1.01984,-0.0852325,-0.214819,-0.0321794
4.36,5,0.34634,0.376439,-0.49566,-0.0017976,-0.0300991
4.37,0,0.79148,0.756708,0.455141,0.0254675,0.0347722
4.37,1,0.449728,0.556918,-0.17983,-3.74811,-0.10719
4.37,2,0.1735,0.225009,-0.0249791,-1.49533,-0.0515095
4.37,3,0.0997477,0.0942695,0.109538,-0.0109404,0.00547825
4.37,4,-1.05281,-1.02069,-0.0850173,-0.214435,-0.032118
4.37,5,0.341383,0.371483,-0.49565,-0.00180635,-0.0301003
4.38,0,0.796026,0.761259,0.455098,0.0253784,0.0347668
4.38,1,0.447883,0.555122,-0.179423,-3.75129,-0.107239
4.38,2,0.173226,0.224762,-0.024627,-1.49681,-0.0515353
4.38,3,0.10083,0.0953652,0.1096,-0.011111,0.00546487
4.38,4,-1.0536,-1.02154,-0.0847707,-0.214086,-0.0320589
4.38,5,0.336425,0.366526,-0.495641,-0.00181489,-0.0301015
4.39,0,0.800572,0.76581,0.455058,0.0253014,0.0347619
4.39,1,0.446038,0.55333,-0.178969,-3.75478,-0.107292
4.39,2,0.172953,0.224517,-0.0242445,-1.49846,-0.0515649
4.39,3,0.101912,0.0964615,0.109659,-0.0112862,0.0054509
4.39,4,-1.05439,-1.02239,-0.0844981,-0.21377,-0.0320024
4.39,5,0.331467,0.36157,-0.495635,-0.00182312,-0.0301027
4.4,0,0.805118,0.77036,0.455019,0.0252343,0.0347573
4.4,1,0.444193,0.551543,-0.178476,-3.75858,-0.10735
4.4,2,0.172679,0.224277,-0.0238383,-1.50028,-0.0515984
4.4,3,0.102995,0.0975584,0.109715,-0.0114655,0.00543635
4.4,4,-1.05518,-1.02323,-0.0842047,-0.213488,-0.0319488
4.4,5,0.32651,0.356614,-0.495631,-0.00183098,-0.0301041
4.41,0,0.809663,0.77491,0.454983,0.0251749,0.0347531
4.41,1,0.442348,0.549762,-0.177954,-3.76268,-0.107414
4.41,2,0.172405,0.224041,-0.023415,-1.50225,-0.0516361
4.41,3,0.104077,0.0986559,0.109768,-0.0116484,0.00542125
4.41,4,-1.05597,-1.02407,-0.0838956,-0.213237,-0.0318981
4.41,5,0.321552,0.351657,-0.495629,-0.00183838,-0.0301054
4.42,0,0.814209,0.77946,0.45495,0.0251211,0.0347492
4.42,1,0.440503,0.547985,-0.177411,-3.76705,-0.107482
4.42,2,0.172131,0.223809,-0.0229807,-1.50438,-0.0516781
4.42,3,0.105159,0.0997538,0.109818,-0.0118344,0.00540564
4.42,4,-1.05676,-1.02491,-0.0835755,-0.213018,-0.0318507
4.42,5,0.316594,0.346701,-0.495629,-0.00184527,-0.0301068
4.43,0,0.818755,0.784009,0.454919,0.0250712,0.0347457
4.43,1,0.438658,0.546214,-0.176854,-3.77168,-0.107556
4.43,2,0.171858,0.223582,-0.0225413,-1.50665,-0.0517244
4.43,3,0.106242,0.100852,0.109864,-0.012023,0.00538955
4.43,4,-1.05755,-1.02574,-0.0832493,-0.212827,-0.0318065
4.43,5,0.311637,0.341745,-0.495631,-0.00185161,-0.0301082
4.44,0,0.823301,0.788558,0.454892,0.0250237,0.0347425
4.44,1,0.436813,0.544448,-0.176292,-3.77656,-0.107636
4.44,2,0.171584,0.223359,-0.0221023,-1.50905,-0.0517752
4.44,3,0.107324,0.101951,0.109907,-0.0122138,0.00537302
4.44,4,-1.05834,-1.02657,-0.0829212,-0.212664,-0.0317655
4.44,5,0.306679,0.336788,-0.495634,-0.00185735,-0.0301095
4.45,0,0.827847,0.793107,0.454867,0.0249772,0.0347395
4.45,1,0.434968,0.542689,-0.17573,-3.78165,-0.107721
4.45,2,0.17131,0.22314,-0.0216688,-1.51157,-0.0518303
4.45,3,0.108407,0.10305,0.109946,-0.0124065,0.00535609
4.45,4,-1.05913,-1.0274,-0.0825953,-0.212525,-0.0317279
4.45,5,0.301721,0.331832,-0.495639,-0.00186247,-0.0301108
4.46,0,0.832392,0.797656,0.454846,0.0249307,0.0347367
4.46,1,0.433123,0.540934,-0.175176,-3.78695,-0.107812
4.46,2,0.171036,0.222926,-0.0212454,-1.5142,-0.0518897
4.46,3,0.109489,0.10415,0.109981,-0.0126006,0.00533879
4.46,4,-1.05992,-1.02822,-0.0822752,-0.21241,-0.0316934
4.46,5,0.296764,0.326876,-0.495644,-0.00186696,-0.0301121
4.47,0,0.836938,0.802204,0.454828,0.0248833,0.0347342
4.47,1,0.431277,0.539186,-0.174636,-3.79242,-0.107908
4.47,2,0.170763,0.222716,-0.0208363,-1.51693,-0.0519533
4.47,3,0.110571,0.10525,0.110012,-0.0127959,0.00532115
4.47,4,-1.06071,-1.02904,-0.0819645,-0.212315,-0.0316621
4.47,5,0.291806,0.321919,-0.495651,-0.0018708,-0.0301132
4.48,0,0.841484,0.806752,0.454812,0.0248344,0.0347318
4.48,1,0.429432,0.537442,-0.174115,-3.79805,-0.10801
4.48,2,0.170489,0.22251,-0.0204452,-1.51973,-0.0520208
4.48,3,0.111654,0.10635,0.11004,-0.012992,0.00530322
4.48,4,-1.0615,-1.02986,-0.0816661,-0.212238,-0.0316339
4.48,5,0.286848,0.316963,-0.495659,-0.00187401,-0.0301143
4.49,0,0.84603,0.8113,0.454799,0.0247834,0.0347295
4.49,1,0.427587,0.535704,-0.173618,-3.80381,-0.108117
4.49,2,0.170215,0.222307,-0.0200755,-1.52261,-0.0520922
4.49,3,0.112736,0.107451,0.110065,-0.0131886,0.00528503
4.49,4,-1.06229,-1.03068,-0.0813827,-0.212177,-0.0316086
4.49,5,0.281891,0.312006,-0.495668,-0.00187659,-0.0301154
4.5,0,0.850576,0.815848,0.454788,0.0247301,0.0347274
4.5,1,0.425742,0.53397,-0.173148,-3.80968,-0.108228
4.5,2,0.169941,0.222108,-0.0197297,-1.52555,-0.0521671
4.5,3,0.113818,0.108552,0.110086,-0.0133856,0.00526661
4.5,4,-1.06308,-1.03149,-0.0811166,-0.212129,-0.031586
4.5,5,0.276933,0.307049,-0.495677,-0.00187856,-0.0301163
4.51,0,0.855121,0.820396,0.45478,0.0246743,0.0347253
4.51,1,0.423897,0.532241,-0.17271,-3.81564,-0.108344
4.51,2,0.169668,0.221913,-0.0194103,-1.52854,-0.0522453
4.51,3,0.114901,0.109653,0.110104,-0.0135827,0.00524799
4.51,4,-1.06387,-1.0323,-0.0808698,-0.212092,-0.0315659
4.51,5,0.271975,0.302092,-0.495686,-0.00187995,-0.0301172
4.52,0,0.859667,0.824944,0.454773,0.0246162,0.0347234
4.52,1,0.422052,0.530516,-0.172306,-3.82166,-0.108464
4.52,2,0.169394,0.22172,-0.019119,-1.53156,-0.0523266
4.52,3,0.115983,0.110754,0.11012,-0.0137798,0.00522921
4.52,4,-1.06466,-1.03311,-0.0806437,-0.212064,-0.0315482
4.52,5,0.267018,0.297136,-0.495696,-0.00188077,-0.0301179
4.53,0,0.864213,0.829492,0.454767,0.0245558,0.0347215
4.53,1,0.420207,0.528795,-0.171939,-3.82773,-0.108589
4.53,2,0.16912,0.221531,-0.0188572,-1.5346,-0.0524106
4.53,3,0.117065,0.111855,0.110133,-0.0139766,0.00521029
4.53,4,-1.06545,-1.03391,-0.0804396,-0.212042,-0.0315327
4.53,5,0.26206,0.292179,-0.495706,-0.00188108,-0.0301186
4.54,0,0.868759,0.834039,0.454763,0.0244934,0.0347196
4.54,1,0.418362,0.527078,-0.17161,-3.83382,-0.108716
4.54,2,0.168846,0.221343,-0.0186259,-1.53766,-0.0524971
4.54,3,0.118148,0.112956,0.110143,-0.0141732,0.00519125
4.54,4,-1.06624,-1.03472,-0.0802584,-0.212023,-0.0315191
4.54,5,0.257102,0.287221,-0.495715,-0.00188091,-0.0301191
4.55,0,0.873305,0.838587,0.45476,0.0244294,0.0347178
4.55,1,0.416517,0.525363,-0.17132,-3.83991,-0.108847
4.55,2,0.168573,0.221158,-0.0184256,-1.54072,-0.0525857
4.55,3,0.11923,0.114058,0.110151,-0.0143693,0.00517213
4.55,4,-1.06702,-1.03552,-0.0801007,-0.212006,-0.0315071
4.55,5,0.252145,0.282264,-0.495725,-0.00188029,-0.0301196
4.56,0,0.87785,0.843134,0.454758,0.0243642,0.034716
4.56,1,0.414671,0.523651,-0.17107,-3.84599,-0.10898
4.56,2,0.168299,0.220975,-0.0182564,-1.54377,-0.0526762
4.56,3,0.120312,0.115159,0.110157,-0.0145649,0.00515293
4.56,4,-1.06781,-1.03632,-0.0799668,-0.211989,-0.0314966
4.56,5,0.247187,0.277307,-0.495734,-0.00187928,-0.0301199
4.57,0,0.882396,0.847682,0.454756,0.0242982,0.0347142
4.57,1,0.412826,0.521942,-0.170861,-3.85204,-0.109116
4.57,2,0.168025,0.220793,-0.0181182,-1.54681,-0.0527681
4.57,3,0.121395,0.116261,0.110161,-0.01476,0.00513369
4.57,4,-1.0686,-1.03712,-0.0798565,-0.21197,-0.0314873
4.57,5,0.242229,0.27235,-0.495743,-0.00187791,-0.0301202
4.58,0,0.886942,0.85223,0.454755,0.024232,0.0347124
4.58,1,0.410981,0.520234,-0.170691,-3.85805,-0.109253
4.58,2,0.167751,0.220613,-0.0180103,-1.54982,-0.0528613
4.58,3,0.122477,0.117363,0.110164,-0.0149546,0.0051144
4.58,4,-1.06939,-1.03792,-0.0797696,-0.211947,-0.031479
4.58,5,0.237272,0.267392,-0.495752,-0.00187625,-0.0301204
4.59,0,0.891488,0.856777,0.454754,0.0241661,0.0347107
4.59,1,0.409136,0.518528,-0.170561,-3.864,-0.109392
4.59,2,0.167478,0.220433,-0.017932,-1.5528,-0.0529554
4.59,3,0.123559,0.118464,0.110166,-0.0151485,0.0050951
4.59,4,-1.07018,-1.03871,-0.0797055,-0.211919,-0.0314714
4.59,5,0.232314,0.262434,-0.49576,-0.00187433,-0.0301205
4.6,0,0.896034,0.861325,0.454752,0.024101,0.0347089
4.6,1,0.407291,0.516823,-0.170469,-3.86988,-0.109532
4.6,2,0.167204,0.220254,-0.0178821,-1.55574,-0.0530501
4.6,3,0.124642,0.119566,0.110166,-0.015342,0.00507579
4.6,4,-1.07097,-1.03951,-0.0796636,-0.211883,-0.0314644
4.6,5,0.227356,0.257477,-0.495768,-0.00187221,-0.0301205
4.61,0,0.900579,0.865872,0.45475,0.0240372,0.0347072
4.61,1,0.405446,0.515119,-0.170413,-3.87568,-0.109673
4.61,2,0.16693,0.220075,-0.0178594,-1.55864,-0.0531452
4.61,3,0.125724,0.120668,0.110166,-0.0155348,0.00505647
4.61,4,-1.07176,-1.04031,-0.0796428,-0.211839,-0.0314576
4.61,5,0.222399,0.252519,-0.495774,-0.00186992,-0.0301204
4.62,0,0.905125,0.87042,0.454748,0.0239751,0.0347055
4.62,1,0.403601,0.513415,-0.170392,-3.88138,-0.109814
4.62,2,0.166656,0.219897,-0.0178622,-1.56149,-0.0532404
4.62,3,0.126806,0.121769,0.110165,-0.0157272,0.00503717
4.62,4,-1.07255,-1.0411,-0.0796421,-0.211786,-0.0314509
4.62,5,0.217441,0.247561,-0.49578,-0.00186752,-0.0301203
4.63,0,0.909671,0.874967,0.454746,0.0239153,0.0347038
4.63,1,0.401756,0.511711,-0.170404,-3.88699,-0.109955
4.63,2,0.166383,0.219718,-0.0178889,-1.56428,-0.0533354
4.63,3,0.127889,0.122871,0.110163,-0.015919,0.00501788
4.63,4,-1.07334,-1.0419,-0.0796602,-0.211723,-0.0314442
4.63,5,0.212483,0.242603,-0.495786,-0.00186505,-0.0301202
4.64,0,0.914217,0.879515,0.454743,0.0238581,0.0347022
4.64,1,0.399911,0.510007,-0.170447,-3.8925,-0.110096
4.64,2,0.166109,0.219539,-0.0179377,-1.56702,-0.05343
4.64,3,0.128971,0.123973,0.110161,-0.0161105,0.00499861
4.64,4,-1.07413,-1.0427,-0.0796957,-0.211649,-0.0314371
4.64,5,0.207526,0.237646,-0.49579,-0.00186255,-0.0301199
4.65,0,0.918762,0.884062,0.454739,0.0238039,0.0347006
4.65,1,0.398065,0.508302,-0.170517,-3.8979,-0.110236
4.65,2,0.165835,0.219359,-0.0180064,-1.56971,-0.053524
4.65,3,0.130053,0.125074,0.110159,-0.0163016,0.00497936
4.65,4,-1.07492,-1.04349,-0.0797472,-0.211564,-0.0314297
4.65,5,0.202568,0.232688,-0.495794,-0.00186006,-0.0301197
4.66,0,0.923308,0.888609,0.454735,0.0237529,0.034699
4.66,1,0.39622,0.506596,-0.170614,-3.90319,-0.110376
4.66,2,0.165561,0.219179,-0.0180933,-1.57233,-0.0536172
4.66,3,0.131136,0.126176,0.110156,-0.0164924,0.00496014
4.66,4,-1.07571,-1.04429,-0.0798132,-0.211466,-0.0314216
4.66,5,0.19761,0.22773,-0.495798,-0.00185761,-0.0301194
4.67,0,0.927854,0.893157,0.454731,0.0237053,0.0346974
4.67,1,0.394375,0.504889,-0.170733,-3.90836,-0.110514
4.67,2,0.165288,0.218997,-0.018196,-1.57489,-0.0537095
4.67,3,0.132218,0.127277,0.110154,-0.0166829,0.00494094
4.67,4,-1.0765,-1.04509,-0.079892,-0.211356,-0.0314128
4.67,5,0.192653,0.222772,-0.4958,-0.00185525,-0.030119
4.68,0,0.9324,0.897704,0.454726,0.0236614,0.034696
4.68,1,0.39253,0.503181,-0.170873,-3.91342,-0.110651
4.68,2,0.165014,0.218814,-0.0183126,-1.57739,-0.0538006
4.68,3,0.133301,0.128379,0.110151,-0.0168733,0.00492176
4.68,4,-1.07729,-1.04589,-0.0799821,-0.211234,-0.0314031
4.68,5,0.187695,0.217814,-0.495802,-0.00185299,-0.0301187
4.69,0,0.936946,0.902251,0.45472,0.0236212,0.0346945
4.69,1,0.390685,0.501472,-0.171031,-3.91837,-0.110787
4.69,2,0.16474,0.218631,-0.018441,-1.57984,-0.0538906
4.69,3,0.134383,0.12948,0.110149,-0.0170636,0.00490261
4.69,4,-1.07808,-1.04669,-0.0800819,-0.211099,-0.0313925
4.69,5,0.182737,0.212856,-0.495803,-0.00185087,-0.0301183
4.7,0,0.941491,0.906798,0.454714,0.0235847,0.0346931
4.7,1,0.38884,0.49976,-0.171203,-3.92321,-0.11092
4.7,2,0.164466,0.218445,-0.018579,-1.58222,-0.0539792
4.7,3,0.135465,0.130582,0.110148,-0.0172539,0.00488347
4.7,4,-1.07887,-1.04749,-0.0801897,-0.210952,-0.0313809
4.7,5,0.17778,0.207898,-0.495803,-0.00184891,-0.030118
4.71,0,0.946037,0.911345,0.454707,0.0235518,0.0346918
4.71,1,0.386995,0.498047,-0.171388,-3.92794,-0.111053
4.71,2,0.164193,0.218259,-0.0187247,-1.58454,-0.0540663
4.71,3,0.136548,0.131683,0.110146,-0.0174442,0.00486435
4.71,4,-1.07966,-1.04829,-0.080304,-0.210793,-0.0313681
4.71,5,0.172822,0.20294,-0.495803,-0.00184713,-0.0301176
4.72,0,0.950583,0.915892,0.4547,0.0235226,0.0346906
4.72,1,0.38515,0.496332,-0.171582,-3.93256,-0.111183
4.72,2,0.163919,0.218071,-0.0188761,-1.58681,-0.054152
4.72,3,0.13763,0.132785,0.110145,-0.0176346,0.00484525
4.72,4,-1.08045,-1.0491,-0.0804233,-0.210621,-0.0313541
4.72,5,0.167864,0.197982,-0.495802,-0.00184555,-0.0301172
4.73,0,0.955129,0.920439,0.454693,0.0234967,0.0346894
4.73,1,0.383305,0.494615,-0.171783,-3.93709,-0.111311
4.73,2,0.163645,0.217881,-0.0190312,-1.58902,-0.0542361
4.73,3,0.138712,0.133886,0.110144,-0.0178252,0.00482615
4.73,4,-1.08124,-1.0499,-0.0805462,-0.210439,-0.031339
4.73,5,0.162907,0.193024,-0.495801,-0.00184417,-0.0301169
4.74,0,0.959675,0.924986,0.454686,0.023474,0.0346883
4.74,1,0.381459,0.492896,-0.17199,-3.94151,-0.111437
4.74,2,0.163371,0.21769,-0.0191884,-1.59118,-0.0543187
4.74,3,0.139795,0.134988,0.110144,-0.0180161,0.00480705
4.74,4,-1.08203,-1.05071,-0.0806711,-0.210245,-0.0313226
4.74,5,0.157949,0.188066,-0.495799,-0.00184301,-0.0301166
4.75,0,0.96422,0.929533,0.454679,0.0234543,0.0346873
4.75,1,0.379614,0.491175,-0.172198,-3.94585,-0.111561
4.75,2,0.163098,0.217497,-0.019346,-1.5933,-0.0543997
4.75,3,0.140877,0.136089,0.110145,-0.0182073,0.00478796
4.75,4,-1.08282,-1.05151,-0.0807968,-0.210041,-0.0313049
4.75,5,0.152991,0.183108,-0.495797,-0.00184208,-0.0301162
4.76,0,0.968766,0.93408,0.454672,0.0234371,0.0346863
4.76,1,0.377769,0.489452,-0.172407,-3.9501,-0.111683
4.76,2,0.162824,0.217303,-0.0195024,-1.59537,-0.0544791
4.76,3,0.141959,0.13719,0.110146,-0.0183988,0.00476885
4.76,4,-1.08361,-1.05232,-0.0809222,-0.209827,-0.031286
4.76,5,0.148034,0.17815,-0.495794,-0.00184137,-0.0301159
4.77,0,0.973312,0.938627,0.454665,0.0234222,0.0346854
4.77,1,0.375924,0.487727,-0.172614,-3.95428,-0.111803
4.77,2,0.16255,0.217107,-0.0196562,-1.5974,-0.054557
4.77,3,0.143042,0.138292,0.110147,-0.0185908,0.00474974
4.77,4,-1.0844,-1.05313,-0.081046,-0.209604,-0.0312659
4.77,5,0.143076,0.173192,-0.495792,-0.00184089,-0.0301157
4.78,0,0.977858,0.943173,0.454658,0.0234092,0.0346846
4.78,1,0.374079,0.486,-0.172817,-3.95838,-0.111921
4.78,2,0.162276,0.21691,-0.019806,-1.59939,-0.0546334
4.78,3,0.144124,0.139393,0.110149,-0.0187832,0.00473061
4.78,4,-1.08519,-1.05394,-0.0811672,-0.209372,-0.0312445
4.78,5,0.138118,0.168234,-0.495789,-0.00184064,-0.0301154
4.79,0,0.982404,0.94772,0.454652,0.0233977,0.0346839
4.79,1,0.372234,0.484271,-0.173016,-3.96242,-0.112037
4.79,2,0.162003,0.216711,-0.0199509,-1.60135,-0.0547083
4.79,3,0.145206,0.140495,0.110151,-0.0189762,0.00471146
4.79,4,-1.08598,-1.05476,-0.0812849,-0.209133,-0.0312219
4.79,5,0.133161,0.163276,-0.495785,-0.00184061,-0.0301152
4.8,0,0.986949,0.952266,0.454646,0.0233873,0.0346832
4.8,1,0.370389,0.482539,-0.173208,-3.9664,-0.112151
4.8,2,0.161729,0.216511,-0.0200897,-1.60327,-0.0547817
4.8,3,0.146289,0.141596,0.110154,-0.0191697,0.00469228
4.8,4,-1.08677,-1.05557,-0.0813984,-0.208886,-0.0311982
4.8,5,0.128203,0.158318,-0.495782,-0.0018408,-0.0301151
4.81,0,0.991495,0.956813,0.454641,0.0233776,0.0346825
4.81,1,0.368544,0.480806,-0.173392,-3.97033,-0.112263
4.81,2,0.161455,0.216309,-0.0202217,-1.60517,-0.0548539
4.81,3,0.147371,0.142698,0.110157,-0.0193638,0.00467307
4.81,4,-1.08756,-1.05639,-0.0815068,-0.208633,-0.0311733
4.81,5,0.123245,0.15336,-0.495778,-0.00184119,-0.0301149
4.82,0,0.996041,0.961359,0.454636,0.023368,0.0346819
4.82,1,0.366699,0.479071,-0.173566,-3.97421,-0.112373
4.82,2,0.161181,0.216106,-0.020346,-1.60705,-0.0549247
4.82,3,0.148453,0.1438,0.110161,-0.0195585,0.00465382
4.82,4,-1.08835,-1.0572,-0.0816097,-0.208375,-0.0311475
4.82,5,0.118288,0.148403,-0.495775,-0.00184178,-0.0301148
4.83,0,1.00059,0.965905,0.454632,0.0233583,0.0346814
4.83,1,0.364853,0.477335,-0.173731,-3.97806,-0.112481
4.83,2,0.160908,0.215902,-0.0204621,-1.60891,-0.0549943
4.83,3,0.149536,0.144901,0.110165,-0.0197539,0.00463454
4.83,4,-1.08914,-1.05802,-0.0817065,-0.208111,-0.0311206
4.83,5,0.11333,0.143445,-0.495771,-0.00184255,-0.0301148
4.84,0,1.00513,0.970452,0.454629,0.023348,0.0346809
4.84,1,0.363008,0.475597,-0.173886,-3.98187,-0.112588
4.84,2,0.160634,0.215697,-0.0205696,-1.61075,-0.0550629
4.84,3,0.150618,0.146003,0.11017,-0.01995,0.0046152
4.84,4,-1.08993,-1.05883,-0.0817968,-0.207844,-0.0310928
4.84,5,0.108372,0.138487,-0.495767,-0.00184349,-0.0301147
4.85,0,1.00968,0.974998,0.454626,0.0233366,0.0346804
4.85,1,0.361163,0.473857,-0.174029,-3.98566,-0.112694
4.85,2,0.16036,0.21549,-0.0206681,-1.61257,-0.0551304
4.85,3,0.1517,0.147105,0.110175,-0.0201468,0.00459582
4.85,4,-1.09072,-1.05965,-0.0818804,-0.207572,-0.0310641
4.85,5,0.103415,0.13353,-0.495764,-0.00184458,-0.0301147
4.86,0,1.01422,0.979544,0.454624,0.0233239,0.0346799
4.86,1,0.359318,0.472116,-0.17416,-3.98943,-0.112798
4.86,2,0.160086,0.215283,-0.0207575,-1.61439,-0.0551969
4.86,3,0.152783,0.148206,0.11018,-0.0203443,0.00457639
4.86,4,-1.09151,-1.06047,-0.0819571,-0.207298,-0.0310346
4.86,5,0.0984571,0.128572,-0.49576,-0.00184582,-0.0301148
4.87,0,1.01877,0.98409,0.454623,0.0233094,0.0346795
4.87,1,0.357473,0.470374,-0.17428,-3.99319,-0.112901
4.87,2,0.159813,0.215075,-0.0208377,-1.6162,-0.0552627
4.87,3,0.153865,0.149308,0.110186,-0.0205426,0.00455691
4.87,4,-1.0923,-1.06129,-0.0820268,-0.207022,-0.0310044
4.87,5,0.0934994,0.123614,-0.495757,-0.00184718,-0.0301149
4.88,0,1.02332,0.988637,0.454623,0.0232928,0.034679
4.88,1,0.355628,0.46863,-0.174388,-3.99693,-0.113002
4.88,2,0.159539,0.214866,-0.0209087,-1.61801,-0.0553276
4.88,3,0.154948,0.15041,0.110192,-0.0207416,0.00453736
4.88,4,-1.09309,-1.06211,-0.0820894,-0.206743,-0.0309735
4.88,5,0.0885418,0.118657,-0.495754,-0.00184865,-0.030115
4.89,0,1.02786,0.993183,0.454623,0.0232739,0.0346786
4.89,1,0.353783,0.466886,-0.174484,-4.00067,-0.113103
4.89,2,0.159265,0.214657,-0.0209706,-1.61982,-0.055392
4.89,3,0.15603,0.151512,0.110198,-0.0209413,0.00451776
4.89,4,-1.09388,-1.06293,-0.0821451,-0.206464,-0.030942
4.89,5,0.0835841,0.113699,-0.495751,-0.00185021,-0.0301151
4.9,0,1.03241,0.997729,0.454625,0.0232523,0.0346781
4.9,1,0.351938,0.465141,-0.174568,-4.00441,-0.113203
4.9,2,0.158991,0.214447,-0.0210237,-1.62162,-0.0554557
4.9,3,0.157112,0.152614,0.110205,-0.0211418,0.00449809
4.9,4,-1.09467,-1.06376,-0.0821939,-0.206184,-0.0309101
4.9,5,0.0786264,0.108742,-0.495749,-0.00185185,-0.0301153
4.91,0,1.03695,1.00228,0.454627,0.0232278,0.0346777
4.91,1,0.350093,0.463394,-0.174641,-4.00815,-0.113302
4.91,2,0.158718,0.214237,-0.0210683,-1.62343,-0.055519
4.91,3,0.158195,0.153716,0.110211,-0.0213431,0.00447836
4.91,4,-1.09546,-1.06458,-0.0822362,-0.205903,-0.0308776
4.91,5,0.0736688,0.103784,-0.495746,-0.00185354,-0.0301155
4.92,0,1.0415,1.00682,0.454629,0.0232003,0.0346772
4.92,1,0.348247,0.461648,-0.174703,-4.0119,-0.1134
4.92,2,0.158444,0.214026,-0.0211047,-1.62525,-0.0555818
4.92,3,0.159277,0.154818,0.110218,-0.0215451,0.00445856
4.92,4,-1.09625,-1.0654,-0.0822721,-0.205623,-0.0308448
4.92,5,0.0687111,0.0988268,-0.495744,-0.00185529,-0.0301157
4.93,0,1.04604,1.01137,0.454633,0.0231696,0.0346767
4.93,1,0.346402,0.4599,-0.174754,-4.01566,-0.113498
4.93,2,0.15817,0.213814,-0.0211334,-1.62706,-0.0556444
4.93,3,0.160359,0.155921,0.110225,-0.0217479,0.00443869
4.93,4,-1.09704,-1.06622,-0.0823019,-0.205342,-0.0308117
4.93,5,0.0637534,0.0938694,-0.495742,-0.00185706,-0.0301159
4.94,0,1.05059,1.01591,0.454636,0.0231355,0.0346761
4.94,1,0.344557,0.458153,-0.174796,-4.01943,-0.113595
4.94,2,0.157896,0.213603,-0.0211549,-1.62889,-0.0557067
4.94,3,0.161442,0.157023,0.110232,-0.0219514,0.00441876
4.94,4,-1.09783,-1.06705,-0.0823261,-0.205063,-0.0307783
4.94,5,0.0587958,0.088912,-0.49574,-0.00185885,-0.0301162
4.95,0,1.05514,1.02046,0.454641,0.023098,0.0346755
4.95,1,0.342712,0.456404,-0.174828,-4.02321,-0.113692
4.95,2,0.157623,0.213391,-0.0211697,-1.63072,-0.0557688
4.95,3,0.162524,0.158125,0.110239,-0.0221557,0.00439875
4.95,4,-1.09861,-1.06787,-0.0823451,-0.204785,-0.0307447
4.95,5,0.0538381,0.0839546,-0.495739,-0.00186065,-0.0301164
4.96,0,1.05968,1.02501,0.454646,0.023057,0.0346749
4.96,1,0.340867,0.454656,-0.174851,-4.02701,-0.113789
4.96,2,0.157349,0.21318,-0.0211783,-1.63257,-0.0558308
4.96,3,0.163606,0.159228,0.110246,-0.0223608,0.00437867
4.96,4,-1.0994,-1.06869,-0.0823591,-0.204507,-0.0307109
4.96,5,0.0488805,0.0789972,-0.495737,-0.00186243,-0.0301167
4.97,0,1.06423,1.02955,0.454652,0.0230126,0.0346742
4.97,1,0.339022,0.452907,-0.174867,-4.03082,-0.113886
4.97,2,0.157075,0.212968,-0.0211815,-1.63442,-0.0558927
4.97,3,0.164689,0.16033,0.110253,-0.0225665,0.00435852
4.97,4,-1.10019,-1.06952,-0.0823688,-0.204231,-0.030677
4.97,5,0.0439228,0.0740398,-0.495736,-0.0018642,-0.030117
4.98,0,1.06877,1.0341,0.454657,0.0229648,0.0346734
4.98,1,0.337177,0.451159,-0.174876,-4.03465,-0.113982
4.98,2,0.156801,0.212756,-0.0211798,-1.63628,-0.0559547
4.98,3,0.165771,0.161433,0.11026,-0.022773,0.0043383
4.98,4,-1.10098,-1.07034,-0.0823745,-0.203957,-0.030643
4.98,5,0.0389651,0.0690825,-0.495736,-0.00186593,-0.0301173
4.99,0,1.07332,1.03865,0.454664,0.0229135,0.0346726
4.99,1,0.335332,0.44941,-0.174878,-4.03849,-0.114078
4.99,2,0.156528,0.212544,-0.0211738,-1.63815,-0.0560166
4.99,3,0.166853,0.162535,0.110267,-0.0229802,0.00431801
4.99,4,-1.10177,-1.07116,-0.0823768,-0.203684,-0.030609
4.99,5,0.0340075,0.0641251,-0.495735,-0.00186763,-0.0301176
5,0,1.07787,1.04319,0.45467,0.0228591,0.0346717
5,1,0.333487,0.447661,-0.174876,-4.04236,-0.114175
5,2,0.156254,0.212333,-0.0211641,-1.64003,-0.0560787
5,3,0.167936,0.163638,0.110274,-0.0231882,0.00429765
5,4,-1.10256,-1.07199,-0.082376,-0.203412,-0.030575
5,5,0.0290498,0.0591678,-0.495735,-0.00186928,-0.030118
5.01,0,1.08241,1.04774,0.454677,0.0228014,0.0346708
5.01,1,0.331641,0.445912,-0.174868,-4.04624,-0.114271
5.01,2,0.15598,0.212121,-0.0211514,-1.64192,-0.0561409
5.01,3,0.169018,0.164741,0.110282,-0.0233968,0.00427721
5.01,4,-1.10335,-1.07281,-0.0823727,-0.203141,-0.030541
5.01,5,0.0240921,0.0542104,-0.495735,-0.00187087,-0.0301183
5.02,0,1.08696,1.05229,0.454683,0.0227408,0.0346698
5.02,1,0.329796,0.444164,-0.174857,-4.05013,-0.114367
5.02,2,0.155706,0.211909,-0.0211362,-1.64382,-0.0562032
5.02,3,0.1701,0.165844,0.110289,-0.0236061,0.00425671
5.02,4,-1.10414,-1.07364,-0.0823673,-0.202873,-0.030507
5.02,5,0.0191345,0.0492531,-0.495735,-0.00187241,-0.0301186
5.03,0,1.0915,1.05683,0.45469,0.0226773,0.0346687
5.03,1,0.327951,0.442415,-0.174842,-4.05404,-0.114464
5.03,2,0.155433,0.211698,-0.0211192,-1.64573,-0.0562657
5.03,3,0.171183,0.166947,0.110296,-0.0238161,0.00423613
5.03,4,-1.10493,-1.07446,-0.0823604,-0.202605,-0.0304731
5.03,5,0.0141768,0.0442957,-0.495735,-0.00187388,-0.0301189
5.04,0,1.09605,1.06138,0.454697,0.0226112,0.0346675
5.04,1,0.326106,0.440667,-0.174825,-4.05796,-0.114561
5.04,2,0.155159,0.211487,-0.0211009,-1.64765,-0.0563283
5.04,3,0.172265,0.16805,0.110303,-0.0240267,0.00421549
5.04,4,-1.10572,-1.07528,-0.0823522,-0.202338,-0.0304393
5.04,5,0.00921916,0.0393384,-0.495736,-0.00187528,-0.0301192
5.05,0,1.10059,1.06593,0.454704,0.0225427,0.0346663
5.05,1,0.324261,0.438919,-0.174807,-4.06189,-0.114658
5.05,2,0.154885,0.211276,-0.0210819,-1.64957,-0.0563912
5.05,3,0.173347,0.169153,0.11031,-0.024238,0.00419477
5.05,4,-1.10651,-1.07611,-0.0823433,-0.202073,-0.0304056
5.05,5,0.00426149,0.034381,-0.495736,-0.00187662,-0.0301195
5.06,0,1.10514,1.07047,0.45471,0.022472,0.0346651
5.06,1,0.322416,0.437171,-0.174787,-4.06584,-0.114755
5.06,2,0.154611,0.211066,-0.0210626,-1.6515,-0.0564542
5.06,3,0.17443,0.170256,0.110316,-0.0244499,0.00417399
5.06,4,-1.1073,-1.07693,-0.082334,-0.201809,-0.030372
5.06,5,-0.000696169,0.0294236,-0.495737,-0.00187788,-0.0301198
5.07,0,1.10969,1.07502,0.454716,0.0223993,0.0346637
5.07,1,0.320571,0.435423,-0.174768,-4.06979,-0.114852
5.07,2,0.154338,0.210855,-0.0210435,-1.65344,-0.0565174
5.07,3,0.175512,0.171359,0.110323,-0.0246625,0.00415314
5.07,4,-1.10809,-1.07775,-0.0823247,-0.201545,-0.0303384
5.07,5,-0.00565383,0.0244663,-0.495738,-0.00187907,-0.0301201
5.08,0,1.11423,1.07957,0.454722,0.0223248,0.0346623
5.08,1,0.318726,0.433676,-0.174748,-4.07375,-0.11495
5.08,2,0.154064,0.210645,-0.0210251,-1.65538,-0.0565809
5.08,3,0.176594,0.172462,0.11033,-0.0248757,0.00413222
5.08,4,-1.10888,-1.07858,-0.0823157,-0.201282,-0.030305
5.08,5,-0.0106115,0.0195089,-0.495739,-0.00188019,-0.0301204
5.09,0,1.11878,1.08412,0.454728,0.0222489,0.0346608
5.09,1,0.316881,0.431928,-0.17473,-4.07771,-0.115048
5.09,2,0.15379,0.210435,-0.0210077,-1.65732,-0.0566445
5.09,3,0.177677,0.173566,0.110336,-0.0250894,0.00411123
5.09,4,-1.10967,-1.0794,-0.0823074,-0.201019,-0.0302716
5.09,5,-0.0155692,0.0145515,-0.49574,-0.00188124,-0.0301206
5.1,0,1.12332,1.08866,0.454734,0.0221717,0.0346593
5.1,1,0.315035,0.430181,-0.174713,-4.08168,-0.115145
5.1,2,0.153516,0.210225,-0.0209918,-1.65926,-0.0567082
5.1,3,0.178759,0.174669,0.110343,-0.0253038,0.00409018
5.1,4,-1.11046,-1.08022,-0.0822999,-0.200757,-0.0302383
5.1,5,-0.0205268,0.00959407,-0.495741,-0.00188223,-0.0301209
5.11,0,1.12787,1.09321,0.454739,0.0220934,0.0346577
5.11,1,0.31319,0.428434,-0.174698,-4.08565,-0.115244
5.11,2,0.153243,0.210015,-0.0209775,-1.66121,-0.0567721
5.11,3,0.179842,0.175772,0.110349,-0.0255188,0.00406907
5.11,4,-1.11125,-1.08105,-0.0822937,-0.200494,-0.0302051
5.11,5,-0.0254845,0.00463666,-0.495742,-0.00188315,-0.0301211
5.12,0,1.13241,1.09776,0.454743,0.0220144,0.0346561
5.12,1,0.311345,0.426687,-0.174685,-4.08961,-0.115342
5.12,2,0.152969,0.209805,-0.0209652,-1.66315,-0.0568362
5.12,3,0.180924,0.176876,0.110355,-0.0257344,0.00404789
5.12,4,-1.11204,-1.08187,-0.0822888,-0.200231,-0.030172
5.12,5,-0.0304421,-0.000320766,-0.495743,-0.00188401,-0.0301214
5.13,0,1.13696,1.10231,0.454748,0.0219349,0.0346545
5.13,1,0.3095,0.42494,-0.174675,-4.09358,-0.11544
5.13,2,0.152695,0.209595,-0.0209552,-1.6651,-0.0569003
5.13,3,0.182006,0.17798,0.110362,-0.0259505,0.00402665
5.13,4,-1.11283,-1.08269,-0.0822855,-0.199968,-0.0301388
5.13,5,-0.0353998,-0.0052782,-0.495744,-0.00188481,-0.0301216
5.14,0,1.14151,1.10685,0.454752,0.021855,0.0346527
5.14,1,0.307655,0.423194,-0.174668,-4.09754,-0.115538
5.14,2,0.152421,0.209386,-0.0209475,-1.66704,-0.0569646
5.14,3,0.183089,0.179083,0.110368,-0.0261672,0.00400535
5.14,4,-1.11362,-1.08351,-0.082284,-0.199704,-0.0301057
5.14,5,-0.0403575,-0.0102356,-0.495745,-0.00188556,-0.0301218
5.15,0,1.14605,1.1114,0.454755,0.021775,0.034651
5.15,1,0.30581,0.421447,-0.174664,-4.10149,-0.115637
5.15,2,0.152148,0.209176,-0.0209424,-1.66898,-0.0570289
5.15,3,0.184171,0.180187,0.110374,-0.0263844,0.00398399
5.15,4,-1.11441,-1.08434,-0.0822842,-0.199439,-0.0300727
5.15,5,-0.0453151,-0.0151931,-0.495746,-0.00188626,-0.030122
5.16,0,1.1506,1.11595,0.454758,0.0216951,0.0346492
5.16,1,0.303965,0.4197,-0.174663,-4.10543,-0.115735
5.16,2,0.151874,0.208967,-0.0209399,-1.67092,-0.0570932
5.16,3,0.185253,0.181291,0.11038,-0.0266022,0.00396256
5.16,4,-1.1152,-1.08516,-0.0822865,-0.199173,-0.0300395
5.16,5,-0.0502728,-0.0201506,-0.495747,-0.00188692,-0.0301222
5.17,0,1.15514,1.1205,0.45476,0.0216154,0.0346474
5.17,1,0.30212,0.417954,-0.174665,-4.10936,-0.115834
5.17,2,0.1516,0.208758,-0.0209402,-1.67285,-0.0571576
5.17,3,0.186336,0.182395,0.110386,-0.0268206,0.00394108
5.17,4,-1.11599,-1.08598,-0.0822907,-0.198906,-0.0300064
5.17,5,-0.0552305,-0.0251081,-0.495748,-0.00188755,-0.0301224
5.18,0,1.15969,1.12504,0.454763,0.0215362,0.0346456
5.18,1,0.300275,0.416207,-0.174671,-4.11328,-0.115932
5.18,2,0.151326,0.208548,-0.0209431,-1.67477,-0.0572219
5.18,3,0.187418,0.183498,0.110391,-0.0270394,0.00391954
5.18,4,-1.11678,-1.08681,-0.0822969,-0.198637,-0.0299732
5.18,5,-0.0601881,-0.0300655,-0.495749,-0.00188814,-0.0301226
5.19,0,1.16424,1.12959,0.454764,0.0214576,0.0346438
5.19,1,0.298429,0.41446,-0.174681,-4.11718,-0.116031
5.19,2,0.151053,0.208339,-0.0209489,-1.67669,-0.0572862
5.19,3,0.1885,0.184602,0.110397,-0.0272588,0.00389795
5.19,4,-1.11757,-1.08763,-0.0823052,-0.198367,-0.02994
5.19,5,-0.0651458,-0.035023,-0.49575,-0.0018887,-0.0301227
5.2,0,1.16878,1.13414,0.454765,0.0213797,0.0346419
5.2,1,0.296584,0.412713,-0.174694,-4.12107,-0.116129
5.2,2,0.150779,0.208129,-0.0209574,-1.6786,-0.0573504
5.2,3,0.189583,0.185706,0.110403,-0.0274787,0.00387629
5.2,4,-1.11836,-1.08845,-0.0823155,-0.198095,-0.0299066
5.2,5,-0.0701035,-0.0399805,-0.495751,-0.00188925,-0.0301229
5.21,0,1.17333,1.13869,0.454766,0.0213026,0.03464
5.21,1,0.294739,0.410966,-0.174711,-4.12495,-0.116227
5.21,2,0.150505,0.20792,-0.0209686,-1.6805,-0.0574145
5.21,3,0.190665,0.18681,0.110408,-0.0276992,0.00385458
5.21,4,-1.11915,-1.08928,-0.0823279,-0.197821,-0.0298731
5.21,5,-0.0750611,-0.0449381,-0.495752,-0.00188978,-0.0301231
5.22,0,1.17787,1.14323,0.454767,0.0212265,0.0346382
5.22,1,0.292894,0.409219,-0.174731,-4.1288,-0.116325
5.22,2,0.150231,0.20771,-0.0209823,-1.68239,-0.0574785
5.22,3,0.191747,0.187915,0.110414,-0.0279201,0.00383282
5.22,4,-1.11994,-1.0901,-0.0823421,-0.197545,-0.0298395
5.22,5,-0.0800188,-0.0498956,-0.495752,-0.0018903,-0.0301232
5.23,0,1.18242,1.14778,0.454767,0.0211514,0.0346363
5.23,1,0.291049,0.407472,-0.174755,-4.13264,-0.116423
5.23,2,0.149958,0.2075,-0.0209986,-1.68427,-0.0575424
5.23,3,0.19283,0.189019,0.110419,-0.0281416,0.003811
5.23,4,-1.12073,-1.09092,-0.0823583,-0.197267,-0.0298058
5.23,5,-0.0849764,-0.0548531,-0.495753,-0.00189081,-0.0301233
5.24,0,1.18696,1.15233,0.454766,0.0210774,0.0346344
5.24,1,0.289204,0.405724,-0.174781,-4.13645,-0.11652
5.24,2,0.149684,0.20729,-0.0210172,-1.68615,-0.057606
5.24,3,0.193912,0.190123,0.110425,-0.0283635,0.00378912
5.24,4,-1.12152,-1.09175,-0.0823762,-0.196986,-0.0297718
5.24,5,-0.0899341,-0.0598106,-0.495753,-0.00189132,-0.0301235
5.25,0,1.19151,1.15688,0.454766,0.0210046,0.0346325
5.25,1,0.287359,0.403976,-0.174811,-4.14025,-0.116617
5.25,2,0.14941,0.20708,-0.021038,-1.68801,-0.0576695
5.25,3,0.194994,0.191227,0.11043,-0.028586,0.0037672
5.25,4,-1.12231,-1.09257,-0.0823958,-0.196704,-0.0297377
5.25,5,-0.0948918,-0.0647682,-0.495754,-0.00189184,-0.0301236
5.26,0,1.19606,1.16143,0.454765,0.0209328,0.0346307
5.26,1,0.285514,0.402228,-0.174844,-4.14402,-0.116714
5.26,2,0.149136,0.206869,-0.021061,-1.68986,-0.0577327
5.26,3,0.196077,0.192332,0.110435,-0.028809,0.00374522
5.26,4,-1.1231,-1.09339,-0.082417,-0.196419,-0.0297034
5.26,5,-0.0998494,-0.0697257,-0.495754,-0.00189237,-0.0301237
5.27,0,1.2006,1.16597,0.454764,0.0208623,0.0346288
5.27,1,0.283669,0.400479,-0.174879,-4.14778,-0.11681
5.27,2,0.148863,0.206658,-0.0210858,-1.6917,-0.0577957
5.27,3,0.197159,0.193436,0.11044,-0.0290324,0.00372319
5.27,4,-1.12389,-1.09422,-0.0824396,-0.196131,-0.0296688
5.27,5,-0.104807,-0.0746833,-0.495754,-0.00189291,-0.0301238
5.28,0,1.20515,1.17052,0.454762,0.0207929,0.034627
5.28,1,0.281823,0.39873,-0.174917,-4.15151,-0.116907
5.28,2,0.148589,0.206447,-0.0211124,-1.69353,-0.0578585
5.28,3,0.198241,0.19454,0.110446,-0.0292564,0.0037011
5.28,4,-1.12468,-1.09504,-0.0824636,-0.195841,-0.0296341
5.28,5,-0.109765,-0.0796408,-0.495754,-0.00189346,-0.030124
5.29,0,1.20969,1.17507,0.454761,0.0207247,0.0346252
5.29,1,0.279978,0.396981,-0.174957,-4.15522,-0.117002
5.29,2,0.148315,0.206236,-0.0211406,-1.69535,-0.0579209
5.29,3,0.199324,0.195645,0.110451,-0.0294808,0.00367897
5.29,4,-1.12547,-1.09587,-0.0824888,-0.195548,-0.029599
5.29,5,-0.114722,-0.0845983,-0.495754,-0.00189404,-0.0301241
5.3,0,1.21424,1.17962,0.454759,0.0206576,0.0346234
5.3,1,0.278133,0.395231,-0.174999,-4.1589,-0.117098
5.3,2,0.148041,0.206024,-0.0211701,-1.69715,-0.0579831
5.3,3,0.200406,0.196749,0.110456,-0.0297057,0.00365678
5.3,4,-1.12626,-1.09669,-0.082515,-0.195253,-0.0295637
5.3,5,-0.11968,-0.0895559,-0.495754,-0.00189463,-0.0301242
5.31,0,1.21878,1.18416,0.454757,0.0205916,0.0346216
5.31,1,0.276288,0.393481,-0.175043,-4.16257,-0.117192
5.31,2,0.147768,0.205813,-0.0212009,-1.69895,-0.058045
5.31,3,0.201489,0.197854,0.110461,-0.0299311,0.00363454
5.31,4,-1.12705,-1.09752,-0.0825421,-0.194955,-0.0295282
5.31,5,-0.124638,-0.0945134,-0.495754,-0.00189525,-0.0301243
5.32,0,1.22333,1.18871,0.454755,0.0205266,0.0346198
5.32,1,0.274443,0.39173,-0.175089,-4.16621,-0.117287
5.32,2,0.147494,0.2056,-0.0212326,-1.70073,-0.0581066
5.32,3,0.202571,0.198959,0.110466,-0.030157,0.00361225
5.32,4,-1.12784,-1.09834,-0.08257,-0.194654,-0.0294924
5.32,5,-0.129595,-0.099471,-0.495754,-0.0018959,-0.0301244
5.33,0,1.22788,1.19326,0.454753,0.0204626,0.0346181
5.33,1,0.272598,0.389979,-0.175136,-4.16983,-0.117381
5.33,2,0.14722,0.205388,-0.0212653,-1.7025,-0.0581678
5.33,3,0.203653,0.200063,0.110471,-0.0303834,0.00358992
5.33,4,-1.12863,-1.09917,-0.0825986,-0.194351,-0.0294563
5.33,5,-0.134553,-0.104429,-0.495754,-0.00189658,-0.0301246
5.34,0,1.23242,1.19781,0.454751,0.0203995,0.0346163
5.34,1,0.270753,0.388227,-0.175183,-4.17342,-0.117474
5.34,2,0.146946,0.205175,-0.0212985,-1.70427,-0.0582287
5.34,3,0.204736,0.201168,0.110476,-0.0306102,0.00356753
5.34,4,-1.12942,-1.1,-0.0826276,-0.194045,-0.0294199
5.34,5,-0.139511,-0.109386,-0.495754,-0.00189729,-0.0301247
5.35,0,1.23697,1.20235,0.454749,0.0203371,0.0346146
5.35,1,0.268908,0.386475,-0.175232,-4.177,-0.117567
5.35,2,0.146673,0.204962,-0.0213323,-1.70601,-0.0582893
5.35,3,0.205818,0.202273,0.110481,-0.0308375,0.00354509
5.35,4,-1.1302,-1.10082,-0.0826571,-0.193737,-0.0293832
5.35,5,-0.144468,-0.114344,-0.495753,-0.00189802,-0.0301248
5.36,0,1.24151,1.2069,0.454747,0.0202755,0.0346129
5.36,1,0.267063,0.384722,-0.175281,-4.18055,-0.11766
5.36,2,0.146399,0.204748,-0.0213664,-1.70775,-0.0583496
5.36,3,0.2069,0.203378,0.110486,-0.0310653,0.00352261
5.36,4,-1.13099,-1.10165,-0.0826868,-0.193426,-0.0293462
5.36,5,-0.149426,-0.119301,-0.495753,-0.00189879,-0.0301249
5.37,0,1.24606,1.21145,0.454745,0.0202145,0.0346113
5.37,1,0.265218,0.382969,-0.175331,-4.18408,-0.117752
5.37,2,0.146125,0.204535,-0.0214008,-1.70948,-0.0584095
5.37,3,0.207983,0.204483,0.110491,-0.0312936,0.00350007
5.37,4,-1.13178,-1.10248,-0.0827166,-0.193113,-0.0293089
5.37,5,-0.154384,-0.124259,-0.495753,-0.00189959,-0.0301251
5.38,0,1.25061,1.216,0.454743,0.0201541,0.0346096
5.38,1,0.263372,0.381216,-0.175381,-4.18759,-0.117843
5.38,2,0.145851,0.20432,-0.0214351,-1.7112,-0.058469
5.38,3,0.209065,0.205587,0.110495,-0.0315224,0.00347749
5.38,4,-1.13257,-1.1033,-0.0827465,-0.192797,-0.0292713
5.38,5,-0.159341,-0.129216,-0.495752,-0.00190043,-0.0301252
5.39,0,1.25515,1.22054,0.454742,0.020094,0.034608
5.39,1,0.261527,0.379462,-0.175431,-4.19108,-0.117934
5.39,2,0.145578,0.204106,-0.0214694,-1.71291,-0.0585282
5.39,3,0.210147,0.206692,0.1105,-0.0317516,0.00345486
5.39,4,-1.13336,-1.10413,-0.0827762,-0.192479,-0.0292335
5.39,5,-0.164299,-0.134174,-0.495752,-0.00190129,-0.0301254
5.4,0,1.2597,1.22509,0.45474,0.0200343,0.0346064
5.4,1,0.259682,0.377707,-0.175481,-4.19455,-0.118025
5.4,2,0.145304,0.203891,-0.0215034,-1.71461,-0.0585871
5.4,3,0.21123,0.207797,0.110505,-0.0319813,0.00343218
5.4,4,-1.13415,-1.10496,-0.0828059,-0.192159,-0.0291953
5.4,5,-0.169257,-0.139131,-0.495751,-0.00190219,-0.0301255
5.41,0,1.26424,1.22964,0.454738,0.0199749,0.0346048
5.41,1,0.257837,0.375952,-0.175531,-4.19801,-0.118115
5.41,2,0.14503,0.203676,-0.0215372,-1.71629,-0.0586456
5.41,3,0.212312,0.208903,0.11051,-0.0322115,0.00340945
5.41,4,-1.13494,-1.10579,-0.0828352,-0.191837,-0.0291568
5.41,5,-0.174214,-0.144089,-0.495751,-0.00190311,-0.0301257
5.42,0,1.26879,1.23419,0.454737,0.0199156,0.0346032
5.42,1,0.255992,0.374196,-0.17558,-4.20144,-0.118204
5.42,2,0.144756,0.20346,-0.0215705,-1.71797,-0.0587038
5.42,3,0.213394,0.210008,0.110515,-0.0324421,0.00338667
5.42,4,-1.13573,-1.10662,-0.0828643,-0.191512,-0.029118
5.42,5,-0.179172,-0.149046,-0.49575,-0.00190407,-0.0301258
5.43,0,1.27333,1.23873,0.454736,0.0198563,0.0346016
5.43,1,0.254147,0.37244,-0.175628,-4.20486,-0.118294
5.43,2,0.144483,0.203244,-0.0216033,-1.71964,-0.0587617
5.43,3,0.214477,0.211113,0.110519,-0.0326732,0.00336385
5.43,4,-1.13652,-1.10744,-0.0828929,-0.191185,-0.029079
5.43,5,-0.18413,-0.154004,-0.49575,-0.00190505,-0.030126
5.44,0,1.27788,1.24328,0.454735,0.019797,0.0346
5.44,1,0.252302,0.370684,-0.175676,-4.20825,-0.118382
5.44,2,0.144209,0.203028,-0.0216356,-1.72131,-0.0588192
5.44,3,0.215559,0.212218,0.110524,-0.0329048,0.00334097
5.44,4,-1.13731,-1.10827,-0.0829211,-0.190857,-0.0290397
5.44,5,-0.189087,-0.158961,-0.495749,-0.00190606,-0.0301262
5.45,0,1.28243,1.24783,0.454734,0.0197375,0.0345985
5.45,1,0.250457,0.368927,-0.175724,-4.21164,-0.11847
5.45,2,0.143935,0.202811,-0.0216672,-1.72296,-0.0588764
5.45,3,0.216641,0.213323,0.110529,-0.0331369,0.00331805
5.45,4,-1.1381,-1.1091,-0.0829488,-0.190526,-0.029
5.45,5,-0.194045,-0.163919,-0.495749,-0.00190709,-0.0301263
5.46,0,1.28697,1.25237,0.454733,0.0196778,0.0345969
5.46,1,0.248612,0.367169,-0.17577,-4.215,-0.118558
5.46,2,0.143661,0.202595,-0.0216981,-1.7246,-0.0589333
5.46,3,0.217724,0.214429,0.110534,-0.0333694,0.00329509
5.46,4,-1.13889,-1.10993,-0.082976,-0.190193,-0.0289601
5.46,5,-0.199003,-0.168876,-0.495748,-0.00190815,-0.0301265
5.47,0,1.29152,1.25692,0.454733,0.0196178,0.0345954
5.47,1,0.246766,0.365411,-0.175816,-4.21835,-0.118645
5.47,2,0.143388,0.202378,-0.0217284,-1.72624,-0.0589899
5.47,3,0.218806,0.215534,0.110539,-0.0336024,0.00327207
5.47,4,-1.13968,-1.11076,-0.0830025,-0.189859,-0.02892
5.47,5,-0.20396,-0.173834,-0.495748,-0.00190923,-0.0301267
5.48,0,1.29606,1.26147,0.454732,0.0195574,0.0345939
5.48,1,0.244921,0.363653,-0.17586,-4.22168,-0.118732
5.48,2,0.143114,0.20216,-0.0217579,-1.72787,-0.0590462
5.48,3,0.219888,0.216639,0.110543,-0.0338359,0.00324901
5.48,4,-1.14047,-1.11159,-0.0830285,-0.189522,-0.0288796
5.48,5,-0.208918,-0.178791,-0.495747,-0.00191033,-0.0301269
5.49,0,1.30061,1.26602,0.454732,0.0194966,0.0345923
5.49,1,0.243076,0.361894,-0.175904,-4.225,-0.118818
5.49,2,0.14284,0.201942,-0.0217866,-1.72949,-0.0591023
5.49,3,0.220971,0.217745,0.110548,-0.0340698,0.0032259
5.49,4,-1.14126,-1.11242,-0.0830539,-0.189184,-0.0288389
5.49,5,-0.213876,-0.183749,-0.495747,-0.00191144,-0.0301271
5.5,0,1.30515,1.27056,0.454732,0.0194352,0.0345908
5.5,1,0.241231,0.360135,-0.175947,-4.22831,-0.118904
5.5,2,0.142566,0.201724,-0.0218146,-1.73111,-0.059158
5.5,3,0.222053,0.21885,0.110553,-0.0343042,0.00320274
5.5,4,-1.14205,-1.11325,-0.0830786,-0.188844,-0.028798
5.5,5,-0.218833,-0.188706,-0.495746,-0.00191257,-0.0301273
5.51,0,1.3097,1.27511,0.454733,0.0193733,0.0345893
5.51,1,0.239386,0.358375,-0.175989,-4.2316,-0.118989
5.51,2,0.142293,0.201506,-0.0218418,-1.73272,-0.0592134
5.51,3,0.223135,0.219956,0.110557,-0.034539,0.00317954
5.51,4,-1.14284,-1.11408,-0.0831028,-0.188503,-0.0287568
5.51,5,-0.223791,-0.193664,-0.495746,-0.00191372,-0.0301275
5.52,0,1.31425,1.27966,0.454733,0.0193108,0.0345877
5.52,1,0.237541,0.356615,-0.176029,-4.23488,-0.119074
5.52,2,0.142019,0.201287,-0.0218683,-1.73432,-0.0592686
5.52,3,0.224218,0.221062,0.110562,-0.0347743,0.00315629
5.52,4,-1.14363,-1.11492,-0.0831263,-0.18816,-0.0287154
5.52,5,-0.228749,-0.198621,-0.495745,-0.00191488,-0.0301277
5.53,0,1.31879,1.28421,0.454733,0.0192476,0.0345862
5.53,1,0.235696,0.354854,-0.176069,-4.23814,-0.119159
5.53,2,0.141745,0.201069,-0.021894,-1.73592,-0.0593235
5.53,3,0.2253,0.222167,0.110567,-0.0350101,0.00313299
5.53,4,-1.14442,-1.11575,-0.0831493,-0.187815,-0.0286737
5.53,5,-0.233706,-0.203578,-0.495745,-0.00191605,-0.0301279
5.54,0,1.32334,1.28875,0.454734,0.0191838,0.0345846
5.54,1,0.233851,0.353094,-0.176108,-4.24139,-0.119243
5.54,2,0.141471,0.20085,-0.021919,-1.73751,-0.0593782
5.54,3,0.226383,0.223273,0.110571,-0.0352463,0.00310965
5.54,4,-1.14521,-1.11658,-0.0831716,-0.187469,-0.0286319
5.54,5,-0.238664,-0.208536,-0.495745,-0.00191723,-0.0301281
5.55,0,1.32788,1.2933,0.454735,0.0191192,0.0345831
5.55,1,0.232006,0.351332,-0.176146,-4.24463,-0.119327
5.55,2,0.141198,0.20063,-0.0219434,-1.73909,-0.0594326
5.55,3,0.227465,0.224379,0.110576,-0.035483,0.00308626
5.55,4,-1.146,-1.11741,-0.0831934,-0.187122,-0.0285898
5.55,5,-0.243622,-0.213493,-0.495744,-0.00191841,-0.0301283
5.56,0,1.33243,1.29785,0.454736,0.0190539,0.0345815
5.56,1,0.23016,0.349571,-0.176183,-4.24786,-0.11941
5.56,2,0.140924,0.200411,-0.0219672,-1.74067,-0.0594868
5.56,3,0.228547,0.225484,0.110581,-0.0357201,0.00306282
5.56,4,-1.14679,-1.11824,-0.0832147,-0.186773,-0.0285475
5.56,5,-0.248579,-0.218451,-0.495744,-0.00191961,-0.0301286
5.57,0,1.33698,1.3024,0.454737,0.0189878,0.03458
5.57,1,0.228315,0.347809,-0.17622,-4.25107,-0.119493
5.57,2,0.14065,0.200191,-0.0219903,-1.74224,-0.0595408
5.57,3,0.22963,0.22659,0.110585,-0.0359577,0.00303934
5.57,4,-1.14758,-1.11907,-0.0832355,-0.186422,-0.028505
5.57,5,-0.253537,-0.223408,-0.495744,-0.0019208,-0.0301288
5.58,0,1.34152,1.30694,0.454738,0.018921,0.0345784
5.58,1,0.22647,0.346046,-0.176255,-4.25427,-0.119576
5.58,2,0.140376,0.199971,-0.0220129,-1.74381,-0.0595945
5.58,3,0.230712,0.227696,0.11059,-0.0361957,0.00301581
5.58,4,-1.14837,-1.11991,-0.0832558,-0.18607,-0.0284623
5.58,5,-0.258495,-0.228366,-0.495744,-0.001922,-0.030129
5.59,0,1.34607,1.31149,0.454739,0.0188534,0.0345768
5.59,1,0.224625,0.344283,-0.17629,-4.25746,-0.119658
5.59,2,0.140103,0.199751,-0.022035,-1.74537,-0.059648
5.59,3,0.231794,0.228802,0.110594,-0.0364342,0.00299224
5.59,4,-1.14916,-1.12074,-0.0832757,-0.185717,-0.0284193
5.59,5,-0.263452,-0.233323,-0.495743,-0.0019232,-0.0301292
5.6,0,1.35061,1.31604,0.454741,0.0187851,0.0345752
5.6,1,0.22278,0.34252,-0.176324,-4.26064,-0.11974
5.6,2,0.139829,0.19953,-0.0220567,-1.74692,-0.0597013
5.6,3,0.232877,0.229908,0.110599,-0.0366731,0.00296862
5.6,4,-1.14995,-1.12157,-0.0832952,-0.185362,-0.0283762
5.6,5,-0.26841,-0.23828,-0.495743,-0.00192441,-0.0301295
5.61,0,1.35516,1.32058,0.454742,0.018716,0.0345736
5.61,1,0.220935,0.340757,-0.176358,-4.26381,-0.119822
5.61,2,0.139555,0.199309,-0.022078,-1.74847,-0.0597543
5.61,3,0.233959,0.231014,0.110603,-0.0369125,0.00294496
5.61,4,-1.15074,-1.12241,-0.0833143,-0.185006,-0.0283329
5.61,5,-0.273368,-0.243238,-0.495743,-0.00192561,-0.0301297
5.62,0,1.3597,1.32513,0.454743,0.0186462,0.0345719
5.62,1,0.21909,0.338993,-0.176391,-4.26696,-0.119903
5.62,2,0.139281,0.199089,-0.022099,-1.75002,-0.0598072
5.62,3,0.235041,0.23212,0.110608,-0.0371523,0.00292125
5.62,4,-1.15153,-1.12324,-0.0833332,-0.184649,-0.0282894
5.62,5,-0.278325,-0.248195,-0.495743,-0.00192681,-0.0301299
5.63,0,1.36425,1.32968,0.454745,0.0185756,0.0345703
5.63,1,0.217245,0.337229,-0.176424,-4.27011,-0.119984
5.63,2,0.139008,0.198867,-0.0221196,-1.75156,-0.0598598
5.63,3,0.236124,0.233226,0.110612,-0.0373925,0.00289749
5.63,4,-1.15232,-1.12407,-0.0833517,-0.18429,-0.0282457
5.63,5,-0.283283,-0.253153,-0.495743,-0.00192801,-0.0301302
5.64,0,1.3688,1.33423,0.454746,0.0185044,0.0345686
5.64,1,0.2154,0.335465,-0.176456,-4.27324,-0.120065
5.64,2,0.138734,0.198646,-0.0221401,-1.75309,-0.0599123
5.64,3,0.237206,0.234332,0.110617,-0.0376332,0.00287369
5.64,4,-1.15311,-1.12491,-0.0833701,-0.18393,-0.0282019
5.64,5,-0.288241,-0.25811,-0.495743,-0.00192921,-0.0301304
5.65,0,1.37334,1.33877,0.454748,0.0184325,0.0345669
5.65,1,0.213554,0.3337,-0.176489,-4.27635,-0.120145
5.65,2,0.13846,0.198425,-0.0221603,-1.75462,-0.0599645
5.65,3,0.238288,0.235439,0.110621,-0.0378743,0.00284985
5.65,4,-1.1539,-1.12574,-0.0833882,-0.183568,-0.0281578
5.65,5,-0.293198,-0.263068,-0.495743,-0.00193041,-0.0301306
5.66,0,1.37789,1.34332,0.45475,0.0183599,0.0345652
5.66,1,0.211709,0.331935,-0.17652,-4.27946,-0.120226
5.66,2,0.138186,0.198203,-0.0221804,-1.75614,-0.0600166
5.66,3,0.239371,0.236545,0.110626,-0.0381158,0.00282596
5.66,4,-1.15469,-1.12657,-0.0834062,-0.183206,-0.0281136
5.66,5,-0.298156,-0.268025,-0.495743,-0.0019316,-0.0301309
5.67,0,1.38243,1.34787,0.454751,0.0182868,0.0345635
5.67,1,0.209864,0.330169,-0.176552,-4.28255,-0.120305
5.67,2,0.137913,0.197981,-0.0222005,-1.75765,-0.0600684
5.67,3,0.240453,0.237651,0.11063,-0.0383578,0.00280203
5.67,4,-1.15548,-1.12741,-0.083424,-0.182841,-0.0280692
5.67,5,-0.303114,-0.272982,-0.495743,-0.00193279,-0.0301311
5.68,0,1.38698,1.35242,0.454753,0.0182131,0.0345618
5.68,1,0.208019,0.328404,-0.176584,-4.28564,-0.120385
5.68,2,0.137639,0.197759,-0.0222204,-1.75916,-0.06012
5.68,3,0.241535,0.238757,0.110634,-0.0386001,0.00277805
5.68,4,-1.15627,-1.12824,-0.0834418,-0.182476,-0.0280246
5.68,5,-0.308071,-0.27794,-0.495743,-0.00193398,-0.0301314
5.69,0,1.39152,1.35696,0.454754,0.0181388,0.03456
5.69,1,0.206174,0.326638,-0.176615,-4.2887,-0.120464
5.69,2,0.137365,0.197537,-0.0222404,-1.76066,-0.0601715
5.69,3,0.242618,0.239864,0.110639,-0.0388429,0.00275403
5.69,4,-1.15706,-1.12908,-0.0834595,-0.182109,-0.0279798
5.69,5,-0.313029,-0.282897,-0.495743,-0.00193516,-0.0301316
5.7,0,1.39607,1.36151,0.454756,0.018064,0.0345583
5.7,1,0.204329,0.324871,-0.176647,-4.29176,-0.120543
5.7,2,0.137091,0.197314,-0.0222605,-1.76216,-0.0602227
5.7,3,0.2437,0.24097,0.110643,-0.0390861,0.00272997
5.7,4,-1.15785,-1.12991,-0.0834772,-0.18174,-0.0279349
5.7,5,-0.317987,-0.287855,-0.495743,-0.00193635,-0.0301318
5.71,0,1.40062,1.36606,0.454757,0.0179887,0.0345565
5.71,1,0.202484,0.323105,-0.176679,-4.2948,-0.120621
5.71,2,0.136818,0.197091,-0.0222806,-1.76365,-0.0602737
5.71,3,0.244782,0.242077,0.110647,-0.0393298,0.00270586
5.71,4,-1.15864,-1.13075,-0.0834949,-0.181371,-0.0278897
5.71,5,-0.322944,-0.292812,-0.495743,-0.00193752,-0.0301321
5.72,0,1.40516,1.37061,0.454759,0.017913,0.0345547
5.72,1,0.200639,0.321338,-0.176711,-4.29783,-0.120699
5.72,2,0.136544,0.196868,-0.0223009,-1.76514,-0.0603246
5.72,3,0.245865,0.243183,0.110652,-0.0395738,0.00268172
5.72,4,-1.15943,-1.13158,-0.0835126,-0.180999,-0.0278444
5.72,5,-0.327902,-0.29777,-0.495743,-0.0019387,-0.0301323
5.73,0,1.40971,1.37516,0.45476,0.0178369,0.0345529
5.73,1,0.198794,0.319571,-0.176743,-4.30085,-0.120777
5.73,2,0.13627,0.196645,-0.0223212,-1.76661,-0.0603752
5.73,3,0.246947,0.24429,0.110656,-0.0398182,0.00265753
5.73,4,-1.16022,-1.13242,-0.0835304,-0.180627,-0.027799
5.73,5,-0.33286,-0.302727,-0.495743,-0.00193988,-0.0301325
5.74,0,1.41425,1.3797,0.454761,0.0177604,0.0345511
5.74,1,0.196948,0.317803,-0.176775,-4.30386,-0.120855
5.74,2,0.135996,0.196422,-0.0223418,-1.76809,-0.0604256
5.74,3,0.24803,0.245396,0.11066,-0.0400631,0.00263329
5.74,4,-1.161,-1.13325,-0.0835482,-0.180252,-0.0277533
5.74,5,-0.337817,-0.307684,-0.495743,-0.00194105,-0.0301328
5.75,0,1.4188,1.38425,0.454762,0.0176836,0.0345493
5.75,1,0.195103,0.316035,-0.176807,-4.30685,-0.120932
5.75,2,0.135723,0.196198,-0.0223625,-1.76955,-0.0604758
5.75,3,0.249112,0.246503,0.110664,-0.0403083,0.00260902
5.75,4,-1.16179,-1.13409,-0.0835661,-0.179877,-0.0277075
5.75,5,-0.342775,-0.312642,-0.495743,-0.00194222,-0.030133
5.76,0,1.42335,1.3888,0.454764,0.0176065,0.0345474
5.76,1,0.193258,0.314267,-0.17684,-4.30982,-0.121009
5.76,2,0.135449,0.195975,-0.0223835,-1.77101,-0.0605258
5.76,3,0.250194,0.24761,0.110668,-0.040554,0.0025847
5.76,4,-1.16258,-1.13492,-0.0835842,-0.1795,-0.0276615
5.76,5,-0.347733,-0.317599,-0.495743,-0.00194339,-0.0301332
5.77,0,1.42789,1.39335,0.454765,0.0175292,0.0345456
5.77,1,0.191413,0.312498,-0.176873,-4.31278,-0.121085
5.77,2,0.135175,0.195751,-0.0224047,-1.77246,-0.0605756
5.77,3,0.251277,0.248716,0.110672,-0.0408,0.00256035
5.77,4,-1.16337,-1.13576,-0.0836023,-0.179121,-0.0276153
5.77,5,-0.35269,-0.322557,-0.495743,-0.00194456,-0.0301335
5.78,0,1.43244,1.39789,0.454766,0.0174516,0.0345437
5.78,1,0.189568,0.310729,-0.176906,-4.31573,-0.121161
5.78,2,0.134901,0.195527,-0.0224261,-1.7739,-0.0606252
5.78,3,0.252359,0.249823,0.110677,-0.0410464,0.00253595
5.78,4,-1.16416,-1.1366,-0.0836206,-0.178741,-0.0275689
5.78,5,-0.357648,-0.327514,-0.495743,-0.00194573,-0.0301337
5.79,0,1.43698,1.40244,0.454767,0.0173738,0.0345418
5.79,1,0.187723,0.30896,-0.17694,-4.31867,-0.121237
5.79,2,0.134628,0.195302,-0.0224478,-1.77534,-0.0606746
5.79,3,0.253441,0.25093,0.110681,-0.0412932,0.00251151
5.79,4,-1.16495,-1.13743,-0.083639,-0.178359,-0.0275223
5.79,5,-0.362606,-0.332472,-0.495743,-0.00194691,-0.0301339
5.8,0,1.44153,1.40699,0.454768,0.0172958,0.03454
5.8,1,0.185878,0.30719,-0.176974,-4.32159,-0.121313
5.8,2,0.134354,0.195078,-0.0224698,-1.77677,-0.0607238
5.8,3,0.254524,0.252037,0.110685,-0.0415404,0.00248703
5.8,4,-1.16574,-1.13827,-0.0836576,-0.177976,-0.0274756
5.8,5,-0.367563,-0.337429,-0.495743,-0.00194808,-0.0301342
5.81,0,1.44607,1.41154,0.454768,0.0172176,0.0345381
5.81,1,0.184033,0.305421,-0.177008,-4.32449,-0.121388
5.81,2,0.13408,0.194853,-0.0224919,-1.7782,-0.0607727
5.81,3,0.255606,0.253143,0.110689,-0.041788,0.00246251
5.81,4,-1.16653,-1.1391,-0.0836763,-0.177591,-0.0274287
5.81,5,-0.372521,-0.342386,-0.495743,-0.00194926,-0.0301344
5.82,0,1.45062,1.41608,0.454769,0.0171393,0.0345362
5.82,1,0.182188,0.30365,-0.177042,-4.32738,-0.121463
5.82,2,0.133806,0.194628,-0.0225144,-1.77961,-0.0608214
5.82,3,0.256688,0.25425,0.110692,-0.042036,0.00243795
5.82,4,-1.16732,-1.13994,-0.0836951,-0.177205,-0.0273816
5.82,5,-0.377479,-0.347344,-0.495743,-0.00195043,-0.0301347
5.83,0,1.45517,1.42063,0.45477,0.017061,0.0345343
5.83,1,0.180342,0.30188,-0.177077,-4.33026,-0.121537
5.83,2,0.133533,0.194402,-0.0225371,-1.78102,-0.0608699
5.83,3,0.257771,0.255357,0.110696,-0.0422843,0.00241336
5.83,4,-1.16811,-1.14078,-0.0837141,-0.176817,-0.0273342
5.83,5,-0.382436,-0.352301,-0.495743,-0.00195162,-0.0301349
5.84,0,1.45971,1.42518,0.454771,0.0169825,0.0345324
5.84,1,0.178497,0.300109,-0.177113,-4.33312,-0.121611
5.84,2,0.133259,0.194177,-0.0225601,-1.78242,-0.0609181
5.84,3,0.258853,0.256464,0.1107,-0.042533,0.00238872
5.84,4,-1.1689,-1.14162,-0.0837333,-0.176427,-0.0272867
5.84,5,-0.387394,-0.357259,-0.495743,-0.0019528,-0.0301351
5.85,0,1.46426,1.42973,0.454771,0.0169039,0.0345304
5.85,1,0.176652,0.298337,-0.177148,-4.33596,-0.121685
5.85,2,0.132985,0.193951,-0.0225833,-1.78382,-0.0609661
5.85,3,0.259935,0.257571,0.110704,-0.042782,0.00236404
5.85,4,-1.16969,-1.14245,-0.0837525,-0.176036,-0.0272391
5.85,5,-0.392352,-0.362216,-0.495743,-0.00195399,-0.0301354
5.86,0,1.4688,1.43427,0.454772,0.0168253,0.0345285
5.86,1,0.174807,0.296566,-0.177184,-4.33879,-0.121759
5.86,2,0.132711,0.193725,-0.0226068,-1.7852,-0.0610139
5.86,3,0.261018,0.258678,0.110708,-0.0430314,0.00233933
5.86,4,-1.17048,-1.14329,-0.0837719,-0.175643,-0.0271912
5.86,5,-0.397309,-0.367174,-0.495743,-0.00195519,-0.0301356
5.87,0,1.47335,1.43882,0.454772,0.0167466,0.0345266
5.87,1,0.172962,0.294794,-0.177221,-4.3416,-0.121832
5.87,2,0.132438,0.193499,-0.0226305,-1.78658,-0.0610615
5.87,3,0.2621,0.259785,0.110712,-0.0432812,0.00231458
5.87,4,-1.17127,-1.14413,-0.0837914,-0.175249,-0.0271431
5.87,5,-0.402267,-0.372131,-0.495743,-0.00195639,-0.0301358
5.88,0,1.47789,1.44337,0.454773,0.0166679,0.0345247
5.88,1,0.171117,0.293021,-0.177257,-4.3444,-0.121904
5.88,2,0.132164,0.193273,-0.0226544,-1.78796,-0.0611088
5.88,3,0.263182,0.260893,0.110715,-0.0435314,0.00228979
5.88,4,-1.17206,-1.14497,-0.083811,-0.174853,-0.0270948
5.88,5,-0.407225,-0.377088,-0.495743,-0.00195759,-0.0301361
5.89,0,1.48244,1.44792,0.454773,0.0165891,0.0345227
5.89,1,0.169272,0.291248,-0.177294,-4.34718,-0.121977
5.89,2,0.13189,0.193046,-0.0226785,-1.78932,-0.0611559
5.89,3,0.264265,0.262,0.110719,-0.0437818,0.00226496
5.89,4,-1.17285,-1.1458,-0.0838308,-0.174455,-0.0270464
5.89,5,-0.412182,-0.382046,-0.495742,-0.0019588,-0.0301363
5.9,0,1.48699,1.45247,0.454774,0.0165103,0.0345208
5.9,1,0.167427,0.289475,-0.177331,-4.34995,-0.122049
5.9,2,0.131616,0.192819,-0.0227028,-1.79068,-0.0612027
5.9,3,0.265347,0.263107,0.110723,-0.0440327,0.0022401
5.9,4,-1.17364,-1.14664,-0.0838506,-0.174056,-0.0269977
5.9,5,-0.41714,-0.387003,-0.495742,-0.00196002,-0.0301365
5.91,0,1.49153,1.45701,0.454774,0.0164315,0.0345188
5.91,1,0.165582,0.287702,-0.177368,-4.3527,-0.12212
5.91,2,0.131343,0.192592,-0.0227273,-1.79202,-0.0612493
5.91,3,0.266429,0.264214,0.110726,-0.0442839,0.0022152
5.91,4,-1.17443,-1.14748,-0.0838705,-0.173655,-0.0269488
5.91,5,-0.422098,-0.391961,-0.495742,-0.00196125,-0.0301368
5.92,0,1.49608,1.46156,0.454774,0.0163526,0.0345169
5.92,1,0.163736,0.285928,-0.177406,-4.35544,-0.122191
5.92,2,0.131069,0.192364,-0.0227519,-1.79337,-0.0612956
5.92,3,0.267512,0.265322,0.11073,-0.0445354,0.00219027
5.92,4,-1.17522,-1.14832,-0.0838905,-0.173253,-0.0268998
5.92,5,-0.427055,-0.396918,-0.495742,-0.00196248,-0.030137
5.93,0,1.50062,1.46611,0.454774,0.0162737,0.0345149
5.93,1,0.161891,0.284154,-0.177444,-4.35816,-0.122262
5.93,2,0.130795,0.192137,-0.0227767,-1.7947,-0.0613417
5.93,3,0.268594,0.266429,0.110734,-0.0447873,0.00216529
5.93,4,-1.17601,-1.14916,-0.0839105,-0.172849,-0.0268505
5.93,5,-0.432013,-0.401876,-0.495742,-0.00196372,-0.0301373
5.94,0,1.50517,1.47066,0.454775,0.0161947,0.034513
5.94,1,0.160046,0.282379,-0.177482,-4.36086,-0.122333
5.94,2,0.130521,0.191909,-0.0228016,-1.79602,-0.0613876
5.94,3,0.269676,0.267536,0.110737,-0.0450395,0.00214029
5.94,4,-1.1768,-1.15,-0.0839306,-0.172443,-0.026801
5.94,5,-0.436971,-0.406833,-0.495742,-0.00196497,-0.0301375
5.95,0,1.50972,1.4752,0.454775,0.0161157,0.034511
5.95,1,0.158201,0.280604,-0.17752,-4.36355,-0.122403
5.95,2,0.130248,0.191681,-0.0228266,-1.79734,-0.0614332
5.95,3,0.270759,0.268644,0.110741,-0.045292,0.00211524
5.95,4,-1.17759,-1.15084,-0.0839507,-0.172035,-0.0267514
5.95,5,-0.441928,-0.41179,-0.495742,-0.00196623,-0.0301378
5.96,0,1.51426,1.47975,0.454775,0.0160367,0.0345091
5.96,1,0.156356,0.278829,-0.177559,-4.36622,-0.122473
5.96,2,0.129974,0.191452,-0.0228518,-1.79865,-0.0614785
5.96,3,0.271841,0.269751,0.110744,-0.0455449,0.00209017
5.96,4,-1.17838,-1.15168,-0.0839708,-0.171626,-0.0267015
5.96,5,-0.446886,-0.416748,-0.495742,-0.00196749,-0.030138
5.97,0,1.51881,1.4843,0.454775,0.0159576,0.0345071
5.97,1,0.154511,0.277053,-0.177597,-4.36888,-0.122542
5.97,2,0.1297,0.191224,-0.022877,-1.79995,-0.0615236
5.97,3,0.272924,0.270858,0.110748,-0.0457981,0.00206505
5.97,4,-1.17917,-1.15252,-0.083991,-0.171216,-0.0266514
5.97,5,-0.451844,-0.421705,-0.495742,-0.00196876,-0.0301382
5.98,0,1.52335,1.48885,0.454776,0.0158784,0.0345051
5.98,1,0.152666,0.275277,-0.177636,-4.37152,-0.122611
5.98,2,0.129426,0.190995,-0.0229023,-1.80125,-0.0615684
5.98,3,0.274006,0.271966,0.110751,-0.0460516,0.00203991
5.98,4,-1.17996,-1.15336,-0.0840112,-0.170804,-0.0266011
5.98,5,-0.456801,-0.426663,-0.495741,-0.00197004,-0.0301385
5.99,0,1.5279,1.4934,0.454776,0.0157991,0.0345032
5.99,1,0.150821,0.2735,-0.177674,-4.37415,-0.122679
5.99,2,0.129153,0.190766,-0.0229276,-1.80254,-0.061613
5.99,3,0.275088,0.273074,0.110754,-0.0463054,0.00201473
5.99,4,-1.18075,-1.1542,-0.0840313,-0.17039,-0.0265507
5.99,5,-0.461759,-0.43162,-0.495741,-0.00197133,-0.0301387
6,0,1.53244,1.49794,0.454776,0.0157198,0.0345012
6,1,0.148976,0.271723,-0.177713,-4.37676,-0.122747
6,2,0.128879,0.190536,-0.022953,-1.80382,-0.0616574
6,3,0.276171,0.274181,0.110758,-0.0465596,0.00198951
6,4,-1.18154,-1.15504,-0.0840515,-0.169974,-0.0265
6,5,-0.466716,-0.436577,-0.495741,-0.00197263,-0.030139
6.01,0,1.53699,1.50249,0.454776,0.0156404,0.0344992
6.01,1,0.14713,0.269946,-0.177752,-4.37935,-0.122815
6.01,2,0.128605,0.190307,-0.0229785,-1.80509,-0.0617014
6.01,3,0.277253,0.275289,0.110761,-0.0468141,0.00196426
6.01,4,-1.18233,-1.15588,-0.0840716,-0.169557,-0.0264491
6.01,5,-0.471674,-0.441535,-0.495741,-0.00197393,-0.0301392
6.02,0,1.54154,1.50704,0.454776,0.0155609,0.0344973
6.02,1,0.145285,0.268168,-0.177791,-4.38193,-0.122883
6.02,2,0.128331,0.190077,-0.0230039,-1.80635,-0.0617453
6.02,3,0.278335,0.276396,0.110764,-0.0470689,0.00193898
6.02,4,-1.18312,-1.15672,-0.0840916,-0.169138,-0.026398
6.02,5,-0.476632,-0.446492,-0.495741,-0.00197524,-0.0301395
6.03,0,1.54608,1.51159,0.454777,0.0154812,0.0344953
6.03,1,0.14344,0.26639,-0.17783,-4.38449,-0.12295
6.03,2,0.128058,0.189846,-0.0230294,-1.80761,-0.0617888
6.03,3,0.279418,0.277504,0.110768,-0.047324,0.00191367
6.03,4,-1.18391,-1.15756,-0.0841117,-0.168718,-0.0263468
6.03,5,-0.481589,-0.45145,-0.495741,-0.00197656,-0.0301398
6.04,0,1.55063,1.51613,0.454777,0.0154015,0.0344933
6.04,1,0.141595,0.264611,-0.177869,-4.38704,-0.123016
6.04,2,0.127784,0.189616,-0.0230549,-1.80886,-0.0618322
6.04,3,0.2805,0.278612,0.110771,-0.0475794,0.00188832
6.04,4,-1.1847,-1.1584,-0.0841316,-0.168296,-0.0262953
6.04,5,-0.486547,-0.456407,-0.495741,-0.00197789,-0.03014
6.05,0,1.55517,1.52068,0.454777,0.0153216,0.0344913
6.05,1,0.13975,0.262832,-0.177908,-4.38957,-0.123082
6.05,2,0.12751,0.189385,-0.0230803,-1.8101,-0.0618752
6.05,3,0.281582,0.279719,0.110774,-0.0478351,0.00186294
6.05,4,-1.18549,-1.15924,-0.0841516,-0.167873,-0.0262436
6.05,5,-0.491505,-0.461365,-0.49574,-0.00197923,-0.0301403
6.06,0,1.55972,1.52523,0.454777,0.0152415,0.0344893
6.06,1,0.137905,0.261053,-0.177947,-4.39209,-0.123148
6.06,2,0.127236,0.189154,-0.0231058,-1.81133,-0.061918
6.06,3,0.282665,0.280827,0.110777,-0.0480911,0.00183753
6.06,4,-1.18628,-1.16009,-0.0841714,-0.167448,-0.0261917
6.06,5,-0.496462,-0.466322,-0.49574,-0.00198057,-0.0301405
6.07,0,1.56426,1.52978,0.454778,0.0151613,0.0344874
6.07,1,0.13606,0.259273,-0.177986,-4.39459,-0.123214
6.07,2,0.126963,0.188923,-0.0231312,-1.81256,-0.0619606
6.07,3,0.283747,0.281935,0.110781,-0.0483474,0.00181209
6.07,4,-1.18707,-1.16093,-0.0841912,-0.167022,-0.0261397
6.07,5,-0.50142,-0.471279,-0.49574,-0.00198192,-0.0301408
6.08,0,1.56881,1.53433,0.454778,0.0150809,0.0344854
6.08,1,0.134215,0.257493,-0.178025,-4.39707,-0.123279
6.08,2,0.126689,0.188692,-0.0231566,-1.81377,-0.0620029
6.08,3,0.284829,0.283043,0.110784,-0.048604,0.00178662
6.08,4,-1.18786,-1.16177,-0.0842109,-0.166594,-0.0260874
6.08,5,-0.506378,-0.476237,-0.49574,-0.00198328,-0.0301411
6.09,0,1.57336,1.53887,0.454778,0.0150004,0.0344834
6.09,1,0.13237,0.255713,-0.178064,-4.39954,-0.123343
6.09,2,0.126415,0.18846,-0.023182,-1.81498,-0.0620449
6.09,3,0.285912,0.284151,0.110787,-0.0488609,0.00176111
6.09,4,-1.18865,-1.16261,-0.0842306,-0.166164,-0.0260349
6.09,5,-0.511335,-0.481194,-0.49574,-0.00198464,-0.0301413
6.1,0,1.5779,1.54342,0.454779,0.0149196,0.0344814
6.1,1,0.130524,0.253932,-0.178102,-4.402,-0.123408
6.1,2,0.126141,0.188228,-0.0232074,-1.81619,-0.0620867
6.1,3,0.286994,0.285258,0.11079,-0.0491181,0.00173558
6.1,4,-1.18944,-1.16345,-0.0842501,-0.165733,-0.0259822
6.1,5,-0.516293,-0.486152,-0.49574,-0.00198601,-0.0301416
6.11,0,1.58245,1.54797,0.454779,0.0148387,0.0344794
6.11,1,0.128679,0.252151,-0.178141,-4.40443,-0.123471
6.11,2,0.125868,0.187996,-0.0232327,-1.81738,-0.0621282
6.11,3,0.288076,0.286366,0.110793,-0.0493755,0.00171001
6.11,4,-1.19023,-1.1643,-0.0842696,-0.1653,-0.0259294
6.11,5,-0.521251,-0.491109,-0.49574,-0.00198739,-0.0301419
6.12,0,1.58699,1.55252,0.454779,0.0147576,0.0344774
6.12,1,0.126834,0.250369,-0.17818,-4.40686,-0.123535
6.12,2,0.125594,0.187763,-0.0232579,-1.81857,-0.0621695
6.12,3,0.289159,0.287474,0.110796,-0.0496333,0.00168442
6.12,4,-1.19102,-1.16514,-0.084289,-0.164866,-0.0258763
6.12,5,-0.526208,-0.496066,-0.495739,-0.00198877,-0.0301421
6.13,0,1.59154,1.55706,0.45478,0.0146762,0.0344754
6.13,1,0.124989,0.248587,-0.178219,-4.40926,-0.123598
6.13,2,0.12532,0.187531,-0.0232832,-1.81975,-0.0622106
6.13,3,0.290241,0.288582,0.110799,-0.0498913,0.00165879
6.13,4,-1.19181,-1.16598,-0.0843083,-0.164431,-0.0258231
6.13,5,-0.531166,-0.501024,-0.495739,-0.00199016,-0.0301424
6.14,0,1.59609,1.56161,0.45478,0.0145946,0.0344734
6.14,1,0.123144,0.246805,-0.178258,-4.41166,-0.123661
6.14,2,0.125046,0.187298,-0.0233084,-1.82092,-0.0622513
6.14,3,0.291323,0.28969,0.110802,-0.0501496,0.00163314
6.14,4,-1.19259,-1.16683,-0.0843276,-0.163993,-0.0257696
6.14,5,-0.536124,-0.505981,-0.495739,-0.00199156,-0.0301427
6.15,0,1.60063,1.56616,0.454781,0.0145128,0.0344714
6.15,1,0.121299,0.245022,-0.178296,-4.41403,-0.123723
6.15,2,0.124773,0.187064,-0.0233336,-1.82209,-0.0622919
6.15,3,0.292406,0.290798,0.110805,-0.0504082,0.00160745
6.15,4,-1.19338,-1.16767,-0.0843467,-0.163555,-0.025716
6.15,5,-0.541081,-0.510939,-0.495739,-0.00199296,-0.0301429
6.16,0,1.60518,1.57071,0.454781,0.0144308,0.0344693
6.16,1,0.119454,0.243239,-0.178335,-4.41639,-0.123785
6.16,2,0.124499,0.186831,-0.0233587,-1.82325,-0.0623321
6.16,3,0.293488,0.291906,0.110807,-0.050667,0.00158174
6.16,4,-1.19417,-1.16851,-0.0843658,-0.163115,-0.0256622
6.16,5,-0.546039,-0.515896,-0.495739,-0.00199437,-0.0301432
6.17,0,1.60972,1.57526,0.454782,0.0143486,0.0344673
6.17,1,0.117609,0.241455,-0.178374,-4.41874,-0.123847
6.17,2,0.124225,0.186597,-0.0233838,-1.8244,-0.0623722
6.17,3,0.294571,0.293015,0.11081,-0.0509261,0.001556
6.17,4,-1.19496,-1.16936,-0.0843848,-0.162673,-0.0256082
6.17,5,-0.550997,-0.520853,-0.495739,-0.00199578,-0.0301435
6.18,0,1.61427,1.5798,0.454782,0.0142661,0.0344653
6.18,1,0.115764,0.239671,-0.178412,-4.42107,-0.123908
6.18,2,0.123951,0.186363,-0.0234089,-1.82554,-0.0624119
6.18,3,0.295653,0.294123,0.110813,-0.0511855,0.00153023
6.18,4,-1.19575,-1.1702,-0.0844037,-0.16223,-0.025554
6.18,5,-0.555954,-0.525811,-0.495739,-0.0019972,-0.0301438
6.19,0,1.61881,1.58435,0.454782,0.0141834,0.0344633
6.19,1,0.113919,0.237887,-0.178451,-4.42339,-0.123968
6.19,2,0.123678,0.186129,-0.0234339,-1.82668,-0.0624515
6.19,3,0.296735,0.295231,0.110816,-0.0514451,0.00150444
6.19,4,-1.19654,-1.17104,-0.0844225,-0.161785,-0.0254996
6.19,5,-0.560912,-0.530768,-0.495739,-0.00199862,-0.030144
6.2,0,1.62336,1.5889,0.454783,0.0141004,0.0344612
6.2,1,0.112073,0.236102,-0.178489,-4.42569,-0.124029
6.2,2,0.123404,0.185895,-0.023459,-1.8278,-0.0624907
6.2,3,0.297818,0.296339,0.110818,-0.051705,0.00147861
6.2,4,-1.19733,-1.17189,-0.0844412,-0.161339,-0.025445
6.2,5,-0.56587,-0.535725,-0.495738,-0.00200005,-0.0301443
6.21,0,1.62791,1.59345,0.454784,0.0140172,0.0344592
6.21,1,0.110228,0.234317,-0.178528,-4.42797,-0.124089
6.21,2,0.12313,0.18566,-0.023484,-1.82893,-0.0625298
6.21,3,0.2989,0.297447,0.110821,-0.0519651,0.00145276
6.21,4,-1.19812,-1.17273,-0.0844599,-0.160892,-0.0253902
6.21,5,-0.570827,-0.540683,-0.495738,-0.00200148,-0.0301446
6.22,0,1.63245,1.59799,0.454784,0.0139337,0.0344571
6.22,1,0.108383,0.232532,-0.178566,-4.43024,-0.124148
6.22,2,0.122856,0.185425,-0.0235089,-1.83004,-0.0625685
6.22,3,0.299982,0.298555,0.110824,-0.0522255,0.00142688
6.22,4,-1.19891,-1.17358,-0.0844785,-0.160443,-0.0253353
6.22,5,-0.575785,-0.54564,-0.495738,-0.00200292,-0.0301449
6.23,0,1.637,1.60254,0.454785,0.01385,0.0344551
6.23,1,0.106538,0.230746,-0.178605,-4.43249,-0.124208
6.23,2,0.122583,0.18519,-0.0235339,-1.83114,-0.0626071
6.23,3,0.301065,0.299664,0.110826,-0.0524861,0.00140098
6.23,4,-1.1997,-1.17442,-0.084497,-0.159993,-0.0252801
6.23,5,-0.580743,-0.550598,-0.495738,-0.00200436,-0.0301452
6.24,0,1.64154,1.60709,0.454785,0.0137661,0.034453
6.24,1,0.104693,0.22896,-0.178643,-4.43473,-0.124267
6.24,2,0.122309,0.184954,-0.0235589,-1.83224,-0.0626453
6.24,3,0.302147,0.300772,0.110829,-0.0527469,0.00137505
6.24,4,-1.20049,-1.17527,-0.0845155,-0.159541,-0.0252248
6.24,5,-0.5857,-0.555555,-0.495738,-0.00200581,-0.0301454
6.25,0,1.64609,1.61164,0.454786,0.0136819,0.034451
6.25,1,0.102848,0.227173,-0.178682,-4.43696,-0.124325
6.25,2,0.122035,0.184718,-0.0235838,-1.83333,-0.0626834
6.25,3,0.303229,0.30188,0.110832,-0.053008,0.00134909
6.25,4,-1.20128,-1.17611,-0.0845339,-0.159088,-0.0251693
6.25,5,-0.590658,-0.560512,-0.495738,-0.00200726,-0.0301457
6.26,0,1.65063,1.61619,0.454786,0.0135975,0.0344489
6.26,1,0.101003,0.225386,-0.17872,-4.43916,-0.124383
6.26,2,0.121761,0.184482,-0.0236088,-1.83442,-0.0627211
6.26,3,0.304312,0.302989,0.110834,-0.0532694,0.00132311
6.26,4,-1.20207,-1.17696,-0.0845523,-0.158633,-0.0251136
6.26,5,-0.595616,-0.56547,-0.495738,-0.00200871,-0.030146
6.27,0,1.65518,1.62073,0.454787,0.0135129,0.0344468
6.27,1,0.0991576,0.223598,-0.178759,-4.44136,-0.124441
6.27,2,0.121488,0.184246,-0.0236338,-1.83549,-0.0627587
6.27,3,0.305394,0.304097,0.110837,-0.0535309,0.00129711
6.27,4,-1.20286,-1.1778,-0.0845705,-0.158177,-0.0250577
6.27,5,-0.600573,-0.570427,-0.495738,-0.00201017,-0.0301463
6.28,0,1.65973,1.62528,0.454787,0.013428,0.0344448
6.28,1,0.0973125,0.221811,-0.178797,-4.44353,-0.124498
6.28,2,0.121214,0.18401,-0.0236587,-1.83656,-0.0627959
6.28,3,0.306476,0.305205,0.110839,-0.0537927,0.00127108
6.28,4,-1.20365,-1.17865,-0.0845888,-0.157719,-0.0250017
6.28,5,-0.605531,-0.575384,-0.495738,-0.00201164,-0.0301466
6.29,0,1.66427,1.62983,0.454788,0.0133429,0.0344427
6.29,1,0.0954674,0.220022,-0.178836,-4.44569,-0.124555
6.29,2,0.12094,0.183773,-0.0236837,-1.83762,-0.062833
6.29,3,0.307559,0.306314,0.110842,-0.0540547,0.00124502
6.29,4,-1.20444,-1.1795,-0.084607,-0.15726,-0.0249455
6.29,5,-0.610489,-0.580342,-0.495737,-0.0020131,-0.0301469
6.3,0,1.66882,1.63438,0.454788,0.0132575,0.0344406
6.3,1,0.0936223,0.218234,-0.178874,-4.44784,-0.124612
6.3,2,0.120666,0.183536,-0.0237087,-1.83867,-0.0628697
6.3,3,0.308641,0.307422,0.110844,-0.054317,0.00121894
6.3,4,-1.20523,-1.18034,-0.0846251,-0.1568,-0.024889
6.3,5,-0.615446,-0.585299,-0.495737,-0.00201458,-0.0301472
6.31,0,1.67336,1.63893,0.454789,0.013172,0.0344385
6.31,1,0.0917772,0.216445,-0.178913,-4.44997,-0.124668
6.31,2,0.120393,0.183299,-0.0237338,-1.83972,-0.0629063
6.31,3,0.309723,0.308531,0.110846,-0.0545794,0.00119284
6.31,4,-1.20602,-1.18119,-0.0846432,-0.156338,-0.0248324
6.31,5,-0.620404,-0.590257,-0.495737,-0.00201605,-0.0301474
6.32,0,1.67791,1.64347,0.45479,0.0130862,0.0344364
6.32,1,0.0899321,0.214656,-0.178951,-4.45209,-0.124723
6.32,2,0.120119,0.183061,-0.0237588,-1.84076,-0.0629425
6.32,3,0.310806,0.309639,0.110849,-0.0548421,0.00116671
6.32,4,-1.20681,-1.18203,-0.0846612,-0.155875,-0.0247756
6.32,5,-0.625362,-0.595214,-0.495737,-0.00201753,-0.0301477
6.33,0,1.68246,1.64802,0.45479,0.0130002,0.0344343
6.33,1,0.088087,0.212866,-0.17899,-4.45418,-0.124779
6.33,2,0.119845,0.182824,-0.0237839,-1.84179,-0.0629786
6.33,3,0.311888,0.310748,0.110851,-0.055105,0.00114056
6.33,4,-1.2076,-1.18288,-0.0846792,-0.15541,-0.0247187
6.33,5,-0.630319,-0.600171,-0.495737,-0.00201902,-0.030148
6.34,0,1.687,1.65257,0.454791,0.012914,0.0344322
6.34,1,0.0862419,0.211076,-0.179029,-4.45627,-0.124834
6.34,2,0.119571,0.182586,-0.023809,-1.84281,-0.0630143
6.34,3,0.31297,0.311856,0.110853,-0.055368,0.00111439
6.34,4,-1.20839,-1.18373,-0.0846972,-0.154944,-0.0246615
6.34,5,-0.635277,-0.605129,-0.495737,-0.00202051,-0.0301483
6.35,0,1.69155,1.65712,0.454791,0.0128275,0.03443
6.35,1,0.0843967,0.209285,-0.179068,-4.45834,-0.124888
6.35,2,0.119298,0.182347,-0.0238341,-1.84383,-0.0630498
6.35,3,0.314053,0.312965,0.110855,-0.0556313,0.00108819
6.35,4,-1.20918,-1.18458,-0.0847151,-0.154476,-0.0246042
6.35,5,-0.640235,-0.610086,-0.495737,-0.002022,-0.0301486
6.36,0,1.69609,1.66166,0.454792,0.0127409,0.0344279
6.36,1,0.0825516,0.207494,-0.179106,-4.46039,-0.124943
6.36,2,0.119024,0.182109,-0.0238593,-1.84483,-0.0630851
6.36,3,0.315135,0.314073,0.110858,-0.0558948,0.00106197
6.36,4,-1.20997,-1.18542,-0.084733,-0.154007,-0.0245467
6.36,5,-0.645192,-0.615043,-0.495737,-0.0020235,-0.0301489
6.37,0,1.70064,1.66621,0.454792,0.0126541,0.0344258
6.37,1,0.0807065,0.205703,-0.179145,-4.46243,-0.124997
6.37,2,0.11875,0.18187,-0.0238845,-1.84584,-0.0631201
6.37,3,0.316217,0.315182,0.11086,-0.0561585,0.00103574
6.37,4,-1.21076,-1.18627,-0.0847509,-0.153537,-0.024489
6.37,5,-0.65015,-0.620001,-0.495737,-0.002025,-0.0301492
6.38,0,1.70518,1.67076,0.454793,0.0125671,0.0344236
6.38,1,0.0788614,0.203911,-0.179184,-4.46445,-0.12505
6.38,2,0.118476,0.181631,-0.0239097,-1.84683,-0.0631549
6.38,3,0.3173,0.31629,0.110862,-0.0564223,0.00100948
6.38,4,-1.21155,-1.18712,-0.0847687,-0.153065,-0.0244312
6.38,5,-0.655108,-0.624958,-0.495737,-0.0020265,-0.0301495
6.39,0,1.70973,1.67531,0.454793,0.0124799,0.0344215
6.39,1,0.0770163,0.202119,-0.179223,-4.46645,-0.125103
6.39,2,0.118203,0.181392,-0.023935,-1.84781,-0.0631894
6.39,3,0.318382,0.317399,0.110864,-0.0566864,0.000983195
6.39,4,-1.21234,-1.18797,-0.0847865,-0.152592,-0.0243731
6.39,5,-0.660065,-0.629916,-0.495737,-0.00202801,-0.0301498
6.4,0,1.71428,1.67986,0.454794,0.0123925,0.0344194
6.4,1,0.0751712,0.200327,-0.179262,-4.46844,-0.125156
6.4,2,0.117929,0.181153,-0.0239604,-1.84879,-0.0632237
6.4,3,0.319465,0.318508,0.110866,-0.0569506,0.000956894
6.4,4,-1.21313,-1.18881,-0.0848042,-0.152117,-0.0243149
6.4,5,-0.665023,-0.634873,-0.495737,-0.00202953,-0.0301501
6.41,0,1.71882,1.6844,0.454794,0.012305,0.0344172
6.41,1,0.0733261,0.198534,-0.179301,-4.47042,-0.125208
6.41,2,0.117655,0.180913,-0.0239858,-1.84976,-0.0632577
6.41,3,0.320547,0.319616,0.110868,-0.057215,0.000930572
6.41,4,-1.21392,-1.18966,-0.084822,-0.151641,-0.0242565
6.41,5,-0.669981,-0.63983,-0.495736,-0.00203105,-0.0301504
6.42,0,1.72337,1.68895,0.454795,0.0122172,0.0344151
6.42,1,0.071481,0.196741,-0.17934,-4.47237,-0.12526
6.42,2,0.117381,0.180673,-0.0240112,-1.85072,-0.0632914
6.42,3,0.321629,0.320725,0.11087,-0.0574796,0.000904231
6.42,4,-1.21471,-1.19051,-0.0848397,-0.151164,-0.024198
6.42,5,-0.674938,-0.644788,-0.495736,-0.00203257,-0.0301507
6.43,0,1.72791,1.6935,0.454795,0.0121293,0.0344129
6.43,1,0.0696359,0.194947,-0.179379,-4.47432,-0.125311
6.43,2,0.117108,0.180433,-0.0240366,-1.85167,-0.0633249
6.43,3,0.322712,0.321834,0.110872,-0.0577444,0.000877871
6.43,4,-1.2155,-1.19136,-0.0848573,-0.150685,-0.0241392
6.43,5,-0.679896,-0.649745,-0.495736,-0.0020341,-0.030151
6.44,0,1.73246,1.69805,0.454796,0.0120412,0.0344107
6.44,1,0.0677908,0.193153,-0.179419,-4.47624,-0.125362
6.44,2,0.116834,0.180192,-0.0240622,-1.85262,-0.0633582
6.44,3,0.323794,0.322942,0.110874,-0.0580093,0.000851491
6.44,4,-1.21629,-1.19221,-0.084875,-0.150205,-0.0240803
6.44,5,-0.684854,-0.654702,-0.495736,-0.00203563,-0.0301513
6.45,0,1.737,1.7026,0.454796,0.011953,0.0344086
6.45,1,0.0659456,0.191359,-0.179458,-4.47815,-0.125413
6.45,2,0.11656,0.179951,-0.0240877,-1.85356,-0.0633912
6.45,3,0.324876,0.324051,0.110876,-0.0582744,0.000825092
6.45,4,-1.21708,-1.19306,-0.0848926,-0.149723,-0.0240212
6.45,5,-0.689811,-0.65966,-0.495736,-0.00203717,-0.0301516
6.46,0,1.74155,1.70714,0.454797,0.0118646,0.0344064
6.46,1,0.0641005,0.189564,-0.179497,-4.48005,-0.125463
6.46,2,0.116286,0.17971,-0.0241133,-1.85449,-0.0634239
6.46,3,0.325959,0.32516,0.110877,-0.0585397,0.000798676
6.46,4,-1.21787,-1.1939,-0.0849102,-0.14924,-0.0239619
6.46,5,-0.694769,-0.664617,-0.495736,-0.00203871,-0.0301519
6.47,0,1.7461,1.71169,0.454797,0.0117761,0.0344042
6.47,1,0.0622554,0.187769,-0.179537,-4.48192,-0.125513
6.47,2,0.116013,0.179469,-0.024139,-1.85541,-0.0634564
6.47,3,0.327041,0.326269,0.110879,-0.0588051,0.000772241
6.47,4,-1.21866,-1.19475,-0.0849277,-0.148756,-0.0239025
6.47,5,-0.699727,-0.669574,-0.495736,-0.00204026,-0.0301522
6.48,0,1.75064,1.71624,0.454798,0.0116873,0.034402
6.48,1,0.0604103,0.185973,-0.179576,-4.48379,-0.125563
6.48,2,0.115739,0.179227,-0.0241647,-1.85633,-0.0634886
6.48,3,0.328123,0.327378,0.110881,-0.0590706,0.000745789
6.48,4,-1.21945,-1.1956,-0.0849452,-0.14827,-0.0238429
6.48,5,-0.704684,-0.674532,-0.495736,-0.00204181,-0.0301525
6.49,0,1.75519,1.72079,0.454798,0.0115985,0.0343998
6.49,1,0.0585652,0.184177,-0.179616,-4.48563,-0.125612
6.49,2,0.115465,0.178986,-0.0241904,-1.85724,-0.0635206
6.49,3,0.329206,0.328486,0.110883,-0.0593364,0.000719319
6.49,4,-1.22024,-1.19645,-0.0849627,-0.147783,-0.0237831
6.49,5,-0.709642,-0.679489,-0.495736,-0.00204336,-0.0301528
6.5,0,1.75973,1.72534,0.454799,0.0115095,0.0343976
6.5,1,0.0567201,0.182381,-0.179656,-4.48746,-0.125661
6.5,2,0.115191,0.178744,-0.0242162,-1.85814,-0.0635523
6.5,3,0.330288,0.329595,0.110884,-0.0596022,0.000692833
6.5,4,-1.22103,-1.1973,-0.0849802,-0.147295,-0.0237231
6.5,5,-0.7146,-0.684447,-0.495736,-0.00204492,-0.0301531
6.51,0,1.76428,1.72988,0.454799,0.0114203,0.0343954
6.51,1,0.054875,0.180584,-0.179695,-4.48928,-0.125709
6.51,2,0.114918,0.178501,-0.024242,-1.85903,-0.0635837
6.51,3,0.33137,0.330704,0.110886,-0.0598682,0.00066633
6.51,4,-1.22182,-1.19815,-0.0849976,-0.146805,-0.0236629
6.51,5,-0.719557,-0.689404,-0.495736,-0.00204649,-0.0301534
6.52,0,1.76883,1.73443,0.454799,0.011331,0.0343932
6.52,1,0.0530299,0.178787,-0.179735,-4.49108,-0.125757
6.52,2,0.114644,0.178259,-0.0242678,-1.85991,-0.0636149
6.52,3,0.332453,0.331813,0.110887,-0.0601344,0.000639811
6.52,4,-1.22261,-1.199,-0.085015,-0.146313,-0.0236026
6.52,5,-0.724515,-0.694361,-0.495735,-0.00204806,-0.0301537
6.53,0,1.77337,1.73898,0.4548,0.0112416,0.034391
6.53,1,0.0511848,0.176989,-0.179775,-4.49286,-0.125805
6.53,2,0.11437,0.178016,-0.0242937,-1.86079,-0.0636458
6.53,3,0.333535,0.332922,0.110889,-0.0604007,0.000613277
6.53,4,-1.2234,-1.19985,-0.0850323,-0.145821,-0.0235421
6.53,5,-0.729473,-0.699319,-0.495735,-0.00204964,-0.030154
6.54,0,1.77792,1.74353,0.4548,0.011152,0.0343888
6.54,1,0.0493397,0.175191,-0.179815,-4.49462,-0.125852
6.54,2,0.114096,0.177773,-0.0243197,-1.86166,-0.0636765
6.54,3,0.334617,0.334031,0.110891,-0.0606671,0.000586727
6.54,4,-1.22418,-1.2007,-0.0850496,-0.145327,-0.0234815
6.54,5,-0.73443,-0.704276,-0.495735,-0.00205122,-0.0301544
6.55,0,1.78246,1.74808,0.454801,0.0110623,0.0343866
6.55,1,0.0474945,0.173393,-0.179855,-4.49637,-0.125898
6.55,2,0.113823,0.177529,-0.0243457,-1.86252,-0.0637069
6.55,3,0.3357,0.33514,0.110892,-0.0609336,0.000560162
6.55,4,-1.22497,-1.20155,-0.0850669,-0.144831,-0.0234206
6.55,5,-0.739388,-0.709233,-0.495735,-0.0020528,-0.0301547
6.56,0,1.78701,1.75262,0.454801,0.0109724,0.0343844
6.56,1,0.0456494,0.171594,-0.179895,-4.49811,-0.125945
6.56,2,0.113549,0.177286,-0.0243717,-1.86337,-0.063737
6.56,3,0.336782,0.336249,0.110893,-0.0612003,0.000533582
6.56,4,-1.22576,-1.2024,-0.0850842,-0.144335,-0.0233596
6.56,5,-0.744346,-0.714191,-0.495735,-0.00205439,-0.030155
6.57,0,1.79155,1.75717,0.454801,0.0108824,0.0343822
6.57,1,0.0438043,0.169795,-0.179935,-4.49982,-0.125991
6.57,2,0.113275,0.177042,-0.0243977,-1.86421,-0.0637669
6.57,3,0.337864,0.337357,0.110895,-0.061467,0.000506988
6.57,4,-1.22655,-1.20326,-0.0851014,-0.143837,-0.0232984
6.57,5,-0.749303,-0.719148,-0.495735,-0.00205599,-0.0301553
6.58,0,1.7961,1.76172,0.454802,0.0107922,0.0343799
6.58,1,0.0419592,0.167995,-0.179975,-4.50153,-0.126036
6.58,2,0.113001,0.176798,-0.0244238,-1.86505,-0.0637966
6.58,3,0.338947,0.338466,0.110896,-0.0617339,0.000480381
6.58,4,-1.22734,-1.20411,-0.0851185,-0.143337,-0.023237
6.58,5,-0.754261,-0.724105,-0.495735,-0.00205759,-0.0301556
6.59,0,1.80065,1.76627,0.454802,0.010702,0.0343777
6.59,1,0.0401141,0.166196,-0.180015,-4.50321,-0.126081
6.59,2,0.112728,0.176554,-0.0244499,-1.86588,-0.0638259
6.59,3,0.340029,0.339575,0.110898,-0.062001,0.00045376
6.59,4,-1.22813,-1.20496,-0.0851357,-0.142836,-0.0231755
6.59,5,-0.759219,-0.729063,-0.495735,-0.00205919,-0.0301559
6.6,0,1.80519,1.77082,0.454803,0.0106116,0.0343755
6.6,1,0.038269,0.164395,-0.180056,-4.50488,-0.126126
6.6,2,0.112454,0.176309,-0.0244761,-1.8667,-0.063855
6.6,3,0.341112,0.340684,0.110899,-0.0622681,0.000427126
6.6,4,-1.22892,-1.20581,-0.0851527,-0.142334,-0.0231138
6.6,5,-0.764176,-0.73402,-0.495735,-0.0020608,-0.0301562
6.61,0,1.80974,1.77536,0.454803,0.010521,0.0343732
6.61,1,0.0364239,0.162594,-0.180096,-4.50653,-0.12617
6.61,2,0.11218,0.176064,-0.0245022,-1.86751,-0.0638839
6.61,3,0.342194,0.341793,0.1109,-0.0625353,0.000400479
6.61,4,-1.22971,-1.20666,-0.0851698,-0.141831,-0.0230519
6.61,5,-0.769134,-0.738977,-0.495735,-0.00206242,-0.0301566
6.62,0,1.81428,1.77991,0.454803,0.0104303,0.034371
6.62,1,0.0345788,0.160793,-0.180136,-4.50817,-0.126214
6.62,2,0.111906,0.175819,-0.0245284,-1.86832,-0.0639125
6.62,3,0.343276,0.342902,0.110901,-0.0628026,0.000373819
6.62,4,-1.2305,-1.20751,-0.0851868,-0.141326,-0.0229899
6.62,5,-0.774092,-0.743935,-0.495734,-0.00206404,-0.0301569
6.63,0,1.81883,1.78446,0.454804,0.0103395,0.0343688
6.63,1,0.0327337,0.158992,-0.180177,-4.50979,-0.126258
6.63,2,0.111633,0.175573,-0.0245547,-1.86911,-0.0639408
6.63,3,0.344359,0.344011,0.110903,-0.06307,0.000347148
6.63,4,-1.23129,-1.20836,-0.0852037,-0.14082,-0.0229277
6.63,5,-0.779049,-0.748892,-0.495734,-0.00206566,-0.0301572
6.64,0,1.82337,1.78901,0.454804,0.0102486,0.0343665
6.64,1,0.0308886,0.15719,-0.180217,-4.51139,-0.126301
6.64,2,0.111359,0.175328,-0.0245809,-1.8699,-0.0639689
6.64,3,0.345441,0.34512,0.110904,-0.0633375,0.000320466
6.64,4,-1.23208,-1.20922,-0.0852206,-0.140312,-0.0228653
6.64,5,-0.784007,-0.753849,-0.495734,-0.00206729,-0.0301575
6.65,0,1.82792,1.79356,0.454804,0.0101575,0.0343643
6.65,1,0.0290435,0.155387,-0.180258,-4.51298,-0.126344
6.65,2,0.111085,0.175082,-0.0246072,-1.87068,-0.0639966
6.65,3,0.346523,0.346229,0.110905,-0.0636051,0.000293772
6.65,4,-1.23287,-1.21007,-0.0852374,-0.139803,-0.0228028
6.65,5,-0.788965,-0.758807,-0.495734,-0.00206893,-0.0301578
6.66,0,1.83247,1.7981,0.454805,0.0100663,0.034362
6.66,1,0.0271983,0.153584,-0.180298,-4.51455,-0.126386
6.66,2,0.110811,0.174836,-0.0246335,-1.87146,-0.0640242
6.66,3,0.347606,0.347339,0.110906,-0.0638728,0.000267067
6.66,4,-1.23366,-1.21092,-0.0852542,-0.139293,-0.02274
6.66,5,-0.793922,-0.763764,-0.495734,-0.00207056,-0.0301582
6.67,0,1.83701,1.80265,0.454805,0.00997491,0.0343598
6.67,1,0.0253532,0.151781,-0.180339,-4.5161,-0.126428
6.67,2,0.110538,0.174589,-0.0246598,-1.87222,-0.0640514
6.67,3,0.348688,0.348448,0.110907,-0.0641406,0.000240352
6.67,4,-1.23445,-1.21177,-0.085271,-0.138782,-0.0226771
6.67,5,-0.79888,-0.768721,-0.495734,-0.00207221,-0.0301585
6.68,0,1.84156,1.8072,0.454805,0.00988342,0.0343575
6.68,1,0.0235081,0.149978,-0.180379,-4.51764,-0.126469
6.68,2,0.110264,0.174342,-0.0246862,-1.87298,-0.0640785
6.68,3,0.34977,0.349557,0.110908,-0.0644084,0.000213627
6.68,4,-1.23524,-1.21263,-0.0852877,-0.138269,-0.0226141
6.68,5,-0.803838,-0.773679,-0.495734,-0.00207386,-0.0301588
6.69,0,1.8461,1.81175,0.454806,0.0097918,0.0343552
6.69,1,0.021663,0.148174,-0.18042,-4.51916,-0.126511
6.69,2,0.10999,0.174095,-0.0247126,-1.87373,-0.0641052
6.69,3,0.350853,0.350666,0.110909,-0.0646763,0.000186892
6.69,4,-1.23603,-1.21348,-0.0853043,-0.137755,-0.0225509
6.69,5,-0.808795,-0.778636,-0.495734,-0.00207551,-0.0301591
6.7,0,1.85065,1.8163,0.454806,0.00970005,0.034353
6.7,1,0.0198179,0.146369,-0.18046,-4.52067,-0.126551
6.7,2,0.109716,0.173848,-0.024739,-1.87447,-0.0641317
6.7,3,0.351935,0.351775,0.11091,-0.0649443,0.000160148
6.7,4,-1.23682,-1.21433,-0.0853209,-0.137239,-0.0224875
6.7,5,-0.813753,-0.783593,-0.495734,-0.00207717,-0.0301595
6.71,0,1.8552,1.82084,0.454806,0.00960815,0.0343507
6.71,1,0.0179728,0.144564,-0.180501,-4.52216,-0.126592
6.71,2,0.109443,0.1736,-0.0247654,-1.87521,-0.0641579
6.71,3,0.353017,0.352884,0.110911,-0.0652124,0.000133395
6.71,4,-1.23761,-1.21519,-0.0853375,-0.136723,-0.0224239
6.71,5,-0.818711,-0.788551,-0.495734,-0.00207883,-0.0301598
6.72,0,1.85974,1.82539,0.454807,0.00951613,0.0343484
6.72,1,0.0161277,0.142759,-0.180542,-4.52363,-0.126631
6.72,2,0.109169,0.173353,-0.0247918,-1.87593,-0.0641838
6.72,3,0.3541,0.353993,0.110911,-0.0654805,0.000106634
6.72,4,-1.2384,-1.21604,-0.085354,-0.136205,-0.0223602
6.72,5,-0.823668,-0.793508,-0.495733,-0.0020805,-0.0301601
6.73,0,1.86429,1.82994,0.454807,0.00942397,0.0343461
6.73,1,0.0142826,0.140953,-0.180583,-4.52509,-0.126671
6.73,2,0.108895,0.173105,-0.0248183,-1.87665,-0.0642095
6.73,3,0.355182,0.355102,0.110912,-0.0657487,7.98643e-05
6.73,4,-1.23919,-1.21689,-0.0853704,-0.135686,-0.0222963
6.73,5,-0.828626,-0.798465,-0.495733,-0.00208217,-0.0301604
6.74,0,1.86883,1.83449,0.454807,0.00933167,0.0343439
6.74,1,0.0124375,0.139147,-0.180623,-4.52653,-0.12671
6.74,2,0.108621,0.172856,-0.0248447,-1.87736,-0.064235
6.74,3,0.356264,0.356211,0.110913,-0.0660169,5.30872e-05
6.74,4,-1.23998,-1.21775,-0.0853868,-0.135165,-0.0222323
6.74,5,-0.833584,-0.803423,-0.495733,-0.00208385,-0.0301608
6.75,0,1.87338,1.83904,0.454808,0.00923924,0.0343416
6.75,1,0.0105924,0.137341,-0.180664,-4.52795,-0.126749
6.75,2,0.108348,0.172608,-0.0248712,-1.87806,-0.0642601
6.75,3,0.357347,0.35732,0.110914,-0.0662852,2.63027e-05
6.75,4,-1.24077,-1.2186,-0.0854031,-0.134643,-0.0221681
6.75,5,-0.838541,-0.80838,-0.495733,-0.00208553,-0.0301611
6.76,0,1.87792,1.84359,0.454808,0.00914668,0.0343393
6.76,1,0.00874724,0.135534,-0.180705,-4.52936,-0.126787
6.76,2,0.108074,0.172359,-0.0248977,-1.87875,-0.064285
6.76,3,0.358429,0.35843,0.110914,-0.0665535,-4.88719e-07
6.76,4,-1.24156,-1.21946,-0.0854194,-0.13412,-0.0221037
6.76,5,-0.843499,-0.813337,-0.495733,-0.00208721,-0.0301614
6.77,0,1.88247,1.84813,0.454808,0.00905398,0.034337
6.77,1,0.00690213,0.133727,-0.180746,-4.53075,-0.126825
6.77,2,0.1078,0.17211,-0.0249243,-1.87944,-0.0643096
6.77,3,0.359511,0.359539,0.110915,-0.0668218,-2.72866e-05
6.77,4,-1.24235,-1.22031,-0.0854356,-0.133596,-0.0220392
6.77,5,-0.848457,-0.818295,-0.495733,-0.0020889,-0.0301618
6.78,0,1.88702,1.85268,0.454809,0.00896114,0.0343347
6.78,1,0.00505702,0.131919,-0.180787,-4.53212,-0.126862
6.78,2,0.107526,0.17186,-0.0249508,-1.88012,-0.064334
6.78,3,0.360594,0.360648,0.110916,-0.0670902,-5.40907e-05
6.78,4,-1.24314,-1.22116,-0.0854518,-0.13307,-0.0219745
6.78,5,-0.853414,-0.823252,-0.495733,-0.0020906,-0.0301621
6.79,0,1.89156,1.85723,0.454809,0.00886818,0.0343324
6.79,1,0.00321191,0.130111,-0.180828,-4.53348,-0.126899
6.79,2,0.107253,0.171611,-0.0249774,-1.88079,-0.0643581
6.79,3,0.361676,0.361757,0.110916,-0.0673587,-8.09005e-05
6.79,4,-1.24393,-1.22202,-0.0854679,-0.132543,-0.0219096
6.79,5,-0.858372,-0.828209,-0.495733,-0.0020923,-0.0301624
6.8,0,1.89611,1.86178,0.45481,0.00877508,0.0343301
6.8,1,0.0013668,0.128303,-0.180869,-4.53482,-0.126936
6.8,2,0.106979,0.171361,-0.025004,-1.88145,-0.0643819
6.8,3,0.362758,0.362866,0.110917,-0.0676271,-0.000107716
6.8,4,-1.24472,-1.22287,-0.0854839,-0.132015,-0.0218446
6.8,5,-0.86333,-0.833167,-0.495733,-0.002094,-0.0301628
6.81,0,1.90065,1.86633,0.45481,0.00868184,0.0343278
6.81,1,-0.000478307,0.126494,-0.18091,-4.53615,-0.126972
6.81,2,0.106705,0.171111,-0.0250306,-1.8821,-0.0644055
6.81,3,0.363841,0.363975,0.110917,-0.0678956,-0.000134536
6.81,4,-1.24551,-1.22373,-0.0854999,-0.131485,-0.0217794
6.81,5,-0.868287,-0.838124,-0.495733,-0.00209571,-0.0301631
6.82,0,1.9052,1.87087,0.45481,0.00858848,0.0343255
6.82,1,-0.00232342,0.124684,-0.180951,-4.53746,-0.127008
6.82,2,0.106431,0.17086,-0.0250572,-1.88275,-0.0644288
6.82,3,0.364923,0.365085,0.110918,-0.0681641,-0.00016136
6.82,4,-1.2463,-1.22458,-0.0855159,-0.130955,-0.0217141
6.82,5,-0.873245,-0.843081,-0.495733,-0.00209742,-0.0301634
6.83,0,1.90974,1.87542,0.454811,0.00849498,0.0343232
6.83,1,-0.00416853,0.122875,-0.180992,-4.53875,-0.127043
6.83,2,0.106158,0.170609,-0.0250838,-1.88339,-0.0644518
6.83,3,0.366006,0.366194,0.110918,-0.0684326,-0.000188189
6.83,4,-1.24709,-1.22544,-0.0855317,-0.130423,-0.0216486
6.83,5,-0.878203,-0.848039,-0.495732,-0.00209913,-0.0301638
6.84,0,1.91429,1.87997,0.454811,0.00840135,0.0343208
6.84,1,-0.00601364,0.121064,-0.181033,-4.54002,-0.127078
6.84,2,0.105884,0.170358,-0.0251105,-1.88402,-0.0644746
6.84,3,0.367088,0.367303,0.110918,-0.0687012,-0.000215021
6.84,4,-1.24788,-1.22629,-0.0855476,-0.12989,-0.0215829
6.84,5,-0.88316,-0.852996,-0.495732,-0.00210085,-0.0301641
6.85,0,1.91884,1.88452,0.454811,0.00830759,0.0343185
6.85,1,-0.00785875,0.119254,-0.181074,-4.54128,-0.127113
6.85,2,0.10561,0.170107,-0.0251372,-1.88464,-0.0644971
6.85,3,0.36817,0.368412,0.110919,-0.0689697,-0.000241857
6.85,4,-1.24867,-1.22715,-0.0855634,-0.129355,-0.0215171
6.85,5,-0.888118,-0.857953,-0.495732,-0.00210258,-0.0301645
6.86,0,1.92338,1.88907,0.454812,0.0082137,0.0343162
6.86,1,-0.00970386,0.117443,-0.181115,-4.54252,-0.127147
6.86,2,0.105336,0.169856,-0.0251639,-1.88525,-0.0645193
6.86,3,0.369253,0.369521,0.110919,-0.0692383,-0.000268696
6.86,4,-1.24946,-1.22801,-0.0855791,-0.12882,-0.0214512
6.86,5,-0.893076,-0.862911,-0.495732,-0.00210431,-0.0301648
6.87,0,1.92793,1.89361,0.454812,0.00811968,0.0343139
6.87,1,-0.011549,0.115632,-0.181157,-4.54375,-0.12718
6.87,2,0.105063,0.169604,-0.0251906,-1.88586,-0.0645413
6.87,3,0.370335,0.37063,0.110919,-0.0695068,-0.000295537
6.87,4,-1.25025,-1.22886,-0.0855947,-0.128283,-0.021385
6.87,5,-0.898033,-0.867868,-0.495732,-0.00210604,-0.0301651
6.88,0,1.93247,1.89816,0.454812,0.00802554,0.0343116
6.88,1,-0.0133941,0.11382,-0.181198,-4.54496,-0.127214
6.88,2,0.104789,0.169352,-0.0252174,-1.88645,-0.064563
6.88,3,0.371417,0.37174,0.110919,-0.0697754,-0.000322381
6.88,4,-1.25104,-1.22972,-0.0856103,-0.127745,-0.0213187
6.88,5,-0.902991,-0.872825,-0.495732,-0.00210778,-0.0301655
6.89,0,1.93702,1.90271,0.454813,0.00793126,0.0343092
6.89,1,-0.0152392,0.112008,-0.181239,-4.54615,-0.127247
6.89,2,0.104515,0.169099,-0.0252441,-1.88704,-0.0645844
6.89,3,0.3725,0.372849,0.110919,-0.0700439,-0.000349226
6.89,4,-1.25183,-1.23057,-0.0856259,-0.127205,-0.0212523
6.89,5,-0.907949,-0.877783,-0.495732,-0.00210952,-0.0301658
6.9,0,1.94157,1.90726,0.454813,0.00783687,0.0343069
6.9,1,-0.0170843,0.110195,-0.181281,-4.54733,-0.127279
6.9,2,0.104241,0.168847,-0.0252709,-1.88762,-0.0646055
6.9,3,0.373582,0.373958,0.11092,-0.0703125,-0.000376072
6.9,4,-1.25262,-1.23143,-0.0856414,-0.126665,-0.0211857
6.9,5,-0.912906,-0.88274,-0.495732,-0.00211126,-0.0301662
6.91,0,1.94611,1.91181,0.454813,0.00774234,0.0343045
6.91,1,-0.0189294,0.108382,-0.181322,-4.54848,-0.127311
6.91,2,0.103968,0.168594,-0.0252977,-1.8882,-0.0646264
6.91,3,0.374664,0.375067,0.11092,-0.070581,-0.00040292
6.91,4,-1.25341,-1.23229,-0.0856568,-0.126123,-0.021119
6.91,5,-0.917864,-0.887697,-0.495732,-0.00211301,-0.0301665
6.92,0,1.95066,1.91635,0.454813,0.0076477,0.0343022
6.92,1,-0.0207745,0.106568,-0.181363,-4.54963,-0.127343
6.92,2,0.103694,0.168341,-0.0253246,-1.88876,-0.0646471
6.92,3,0.375747,0.376176,0.11092,-0.0708495,-0.000429767
6.92,4,-1.2542,-1.23314,-0.0856722,-0.12558,-0.0210521
6.92,5,-0.922821,-0.892655,-0.495732,-0.00211477,-0.0301669
6.93,0,1.9552,1.9209,0.454814,0.00755293,0.0342999
6.93,1,-0.0226196,0.104755,-0.181405,-4.55075,-0.127374
6.93,2,0.10342,0.168088,-0.0253514,-1.88932,-0.0646674
6.93,3,0.376829,0.377286,0.11092,-0.0711179,-0.000456615
6.93,4,-1.25499,-1.234,-0.0856875,-0.125036,-0.020985
6.93,5,-0.927779,-0.897612,-0.495732,-0.00211652,-0.0301672
6.94,0,1.95975,1.92545,0.454814,0.00745804,0.0342975
6.94,1,-0.0244647,0.10294,-0.181446,-4.55186,-0.127405
6.94,2,0.103146,0.167834,-0.0253783,-1.88987,-0.0646875
6.94,3,0.377911,0.378395,0.11092,-0.0713864,-0.000483463
6.94,4,-1.25577,-1.23486,-0.0857028,-0.124491,-0.0209178
6.94,5,-0.932737,-0.902569,-0.495732,-0.00211828,-0.0301675
6.95,0,1.96429,1.93,0.454814,0.00736303,0.0342952
6.95,1,-0.0263098,0.101126,-0.181488,-4.55295,-0.127435
6.95,2,0.102873,0.16758,-0.0254052,-1.89041,-0.0647073
6.95,3,0.378994,0.379504,0.11092,-0.0716548,-0.00051031
6.95,4,-1.25656,-1.23571,-0.085718,-0.123944,-0.0208504
6.95,5,-0.937694,-0.907527,-0.495731,-0.00212005,-0.0301679
6.96,0,1.96884,1.93455,0.454815,0.0072679,0.0342928
6.96,1,-0.028155,0.0993105,-0.181529,-4.55403,-0.127465
6.96,2,0.102599,0.167326,-0.0254321,-1.89094,-0.0647269
6.96,3,0.380076,0.380613,0.110919,-0.0719232,-0.000537155
6.96,4,-1.25735,-1.23657,-0.0857332,-0.123397,-0.0207829
6.96,5,-0.942652,-0.912484,-0.495731,-0.00212182,-0.0301682
6.97,0,1.97339,1.9391,0.454815,0.00717266,0.0342904
6.97,1,-0.0300001,0.097495,-0.181571,-4.55509,-0.127495
6.97,2,0.102325,0.167071,-0.025459,-1.89147,-0.0647462
6.97,3,0.381158,0.381722,0.110919,-0.0721915,-0.000563999
6.97,4,-1.25814,-1.23743,-0.0857483,-0.122848,-0.0207152
6.97,5,-0.94761,-0.917441,-0.495731,-0.00212359,-0.0301686
6.98,0,1.97793,1.94364,0.454815,0.00707729,0.0342881
6.98,1,-0.0318452,0.095679,-0.181612,-4.55613,-0.127524
6.98,2,0.102051,0.166817,-0.025486,-1.89198,-0.0647652
6.98,3,0.382241,0.382832,0.110919,-0.0724598,-0.000590842
6.98,4,-1.25893,-1.23829,-0.0857633,-0.122298,-0.0206474
6.98,5,-0.952567,-0.922399,-0.495731,-0.00212537,-0.0301689
6.99,0,1.98248,1.94819,0.454816,0.00698182,0.0342857
6.99,1,-0.0336903,0.0938627,-0.181654,-4.55716,-0.127553
6.99,2,0.101778,0.166562,-0.025513,-1.89249,-0.0647839
6.99,3,0.383323,0.383941,0.110919,-0.0727281,-0.000617681
6.99,4,-1.25972,-1.23914,-0.0857783,-0.121746,-0.0205795
6.99,5,-0.957525,-0.927356,-0.495731,-0.00212715,-0.0301693
7,0,1.98702,1.95274,0.454816,0.00688623,0.0342834
7,1,-0.0355354,0.0920459,-0.181696,-4.55816,-0.127581
7,2,0.101504,0.166306,-0.02554,-1.89299,-0.0648024
7,3,0.384405,0.38505,0.110918,-0.0729962,-0.000644518
7,4,-1.26051,-1.24,-0.0857933,-0.121194,-0.0205113
7,5,-0.962483,-0.932313,-0.495731,-0.00212894,-0.0301697
7.01,0,1.99157,1.95729,0.454816,0.00679053,0.034281
7.01,1,-0.0373805,0.0902287,-0.181738,-4.55916,-0.127609
7.01,2,0.10123,0.166051,-0.025567,-1.89348,-0.0648206
7.01,3,0.385488,0.386159,0.110918,-0.0732644,-0.000671352
7.01,4,-1.2613,-1.24086,-0.0858081,-0.12064,-0.0204431
7.01,5,-0.96744,-0.93727,-0.495731,-0.00213073,-0.03017
7.02,0,1.99612,1.96184,0.454817,0.00669472,0.0342786
7.02,1,-0.0392256,0.0884111,-0.181779,-4.56013,-0.127637
7.02,2,0.100956,0.165795,-0.0255941,-1.89397,-0.0648385
7.02,3,0.38657,0.387268,0.110918,-0.0735324,-0.000698182
7.02,4,-1.26209,-1.24172,-0.085823,-0.120086,-0.0203747
7.02,5,-0.972398,-0.942228,-0.495731,-0.00213252,-0.0301704
7.03,0,2.00066,1.96638,0.454817,0.00659881,0.0342762
7.03,1,-0.0410707,0.0865931,-0.181821,-4.56109,-0.127664
7.03,2,0.100683,0.165539,-0.0256211,-1.89444,-0.0648562
7.03,3,0.387653,0.388378,0.110917,-0.0738004,-0.000725008
7.03,4,-1.26288,-1.24258,-0.0858377,-0.11953,-0.0203061
7.03,5,-0.977356,-0.947185,-0.495731,-0.00213432,-0.0301707
7.04,0,2.00521,1.97093,0.454817,0.00650278,0.0342739
7.04,1,-0.0429158,0.0847746,-0.181863,-4.56203,-0.12769
7.04,2,0.100409,0.165282,-0.0256482,-1.89491,-0.0648736
7.04,3,0.388735,0.389487,0.110917,-0.0740684,-0.000751829
7.04,4,-1.26367,-1.24343,-0.0858524,-0.118973,-0.0202374
7.04,5,-0.982313,-0.952142,-0.495731,-0.00213612,-0.0301711
7.05,0,2.00975,1.97548,0.454817,0.00640665,0.0342715
7.05,1,-0.0447609,0.0829558,-0.181905,-4.56295,-0.127717
7.05,2,0.100135,0.165026,-0.0256753,-1.89537,-0.0648907
7.05,3,0.389817,0.390596,0.110916,-0.0743362,-0.000778646
7.05,4,-1.26446,-1.24429,-0.0858671,-0.118415,-0.0201685
7.05,5,-0.987271,-0.9571,-0.495731,-0.00213792,-0.0301714
7.06,0,2.0143,1.98003,0.454818,0.00631042,0.0342691
7.06,1,-0.0466061,0.0811365,-0.181947,-4.56386,-0.127743
7.06,2,0.0998614,0.164769,-0.0257025,-1.89582,-0.0649075
7.06,3,0.3909,0.391705,0.110916,-0.074604,-0.000805457
7.06,4,-1.26525,-1.24515,-0.0858817,-0.117855,-0.0200995
7.06,5,-0.992229,-0.962057,-0.495731,-0.00213973,-0.0301718
7.07,0,2.01884,1.98458,0.454818,0.00621408,0.0342667
7.07,1,-0.0484512,0.0793168,-0.181989,-4.56475,-0.127768
7.07,2,0.0995876,0.164512,-0.0257297,-1.89626,-0.0649241
7.07,3,0.391982,0.392814,0.110915,-0.0748717,-0.000832262
7.07,4,-1.26604,-1.24601,-0.0858962,-0.117295,-0.0200304
7.07,5,-0.997186,-0.967014,-0.49573,-0.00214154,-0.0301721
7.08,0,2.02339,1.98913,0.454818,0.00611764,0.0342643
7.08,1,-0.0502963,0.0774967,-0.182031,-4.56563,-0.127793
7.08,2,0.0993139,0.164254,-0.0257568,-1.8967,-0.0649404
7.08,3,0.393064,0.393923,0.110915,-0.0751393,-0.000859062
7.08,4,-1.26683,-1.24687,-0.0859107,-0.116733,-0.0199611
7.08,5,-1.00214,-0.971972,-0.49573,-0.00214336,-0.0301725
7.09,0,2.02794,1.99367,0.454819,0.00602111,0.0342619
7.09,1,-0.0521414,0.0756761,-0.182073,-4.56648,-0.127818
7.09,2,0.0990401,0.163997,-0.0257841,-1.89713,-0.0649564
7.09,3,0.394147,0.395032,0.110914,-0.0754068,-0.000885854
7.09,4,-1.26762,-1.24773,-0.0859251,-0.116171,-0.0198916
7.09,5,-1.0071,-0.976929,-0.49573,-0.00214518,-0.0301729
7.1,0,2.03248,1.99822,0.454819,0.00592447,0.0342595
7.1,1,-0.0539865,0.0738552,-0.182115,-4.56732,-0.127842
7.1,2,0.0987664,0.163739,-0.0258113,-1.89754,-0.0649722
7.1,3,0.395229,0.396142,0.110913,-0.0756743,-0.00091264
7.1,4,-1.26841,-1.24859,-0.0859395,-0.115607,-0.0198221
7.1,5,-1.01206,-0.981886,-0.49573,-0.002147,-0.0301732
7.11,0,2.03703,2.00277,0.454819,0.00582774,0.0342571
7.11,1,-0.0558316,0.0720338,-0.182157,-4.56814,-0.127865
7.11,2,0.0984926,0.16348,-0.0258385,-1.89795,-0.0649877
7.11,3,0.396311,0.397251,0.110912,-0.0759416,-0.000939418
7.11,4,-1.2692,-1.24945,-0.0859538,-0.115042,-0.0197523
7.11,5,-1.01702,-0.986844,-0.49573,-0.00214883,-0.0301736
7.12,0,2.04157,2.00732,0.454819,0.00573091,0.0342547
7.12,1,-0.0576767,0.070212,-0.182199,-4.56895,-0.127889
7.12,2,0.0982189,0.163222,-0.0258658,-1.89836,-0.0650029
7.12,3,0.397394,0.39836,0.110912,-0.0762088,-0.000966188
7.12,4,-1.26999,-1.25031,-0.0859681,-0.114476,-0.0196825
7.12,5,-1.02197,-0.991801,-0.49573,-0.00215066,-0.0301739
7.13,0,2.04612,2.01187,0.45482,0.00563398,0.0342523
7.13,1,-0.0595218,0.0683898,-0.182241,-4.56974,-0.127912
7.13,2,0.0979451,0.162963,-0.0258931,-1.89875,-0.0650178
7.13,3,0.398476,0.399469,0.110911,-0.0764759,-0.00099295
7.13,4,-1.27078,-1.25117,-0.0859823,-0.113909,-0.0196125
7.13,5,-1.02693,-0.996758,-0.49573,-0.0021525,-0.0301743
7.14,0,2.05066,2.01641,0.45482,0.00553697,0.0342499
7.14,1,-0.0613669,0.0665671,-0.182284,-4.57051,-0.127934
7.14,2,0.0976714,0.162704,-0.0259205,-1.89913,-0.0650325
7.14,3,0.399558,0.400578,0.11091,-0.0767429,-0.0010197
7.14,4,-1.27157,-1.25203,-0.0859964,-0.11334,-0.0195423
7.14,5,-1.03189,-1.00172,-0.49573,-0.00215434,-0.0301747
7.15,0,2.05521,2.02096,0.45482,0.00543986,0.0342475
7.15,1,-0.063212,0.0647441,-0.182326,-4.57127,-0.127956
7.15,2,0.0973976,0.162445,-0.0259478,-1.89951,-0.0650469
7.15,3,0.400641,0.401687,0.110909,-0.0770098,-0.00104645
7.15,4,-1.27236,-1.25289,-0.0860105,-0.112771,-0.019472
7.15,5,-1.03685,-1.00667,-0.49573,-0.00215618,-0.030175
7.16,0,2.05976,2.02551,0.45482,0.00534266,0.0342451
7.16,1,-0.0650572,0.0629206,-0.182368,-4.572,-0.127978
7.16,2,0.0971239,0.162185,-0.0259752,-1.89988,-0.065061
7.16,3,0.401723,0.402796,0.110908,-0.0772766,-0.00107318
7.16,4,-1.27315,-1.25375,-0.0860245,-0.1122,-0.0194016
7.16,5,-1.04181,-1.01163,-0.49573,-0.00215803,-0.0301754
7.17,0,2.0643,2.03006,0.454821,0.00524538,0.0342427
7.17,1,-0.0669023,0.0610966,-0.18241,-4.57272,-0.127999
7.17,2,0.0968501,0.161925,-0.0260026,-1.90024,-0.0650749
7.17,3,0.402805,0.403905,0.110907,-0.0775432,-0.00109991
7.17,4,-1.27394,-1.25461,-0.0860384,-0.111629,-0.019331
7.17,5,-1.04676,-1.01659,-0.49573,-0.00215988,-0.0301758
7.18,0,2.06885,2.03461,0.454821,0.005148,0.0342403
7.18,1,-0.0687474,0.0592723,-0.182453,-4.57343,-0.12802
7.18,2,0.0965764,0.161665,-0.02603,-1.90059,-0.0650885
7.18,3,0.403888,0.405014,0.110906,-0.0778097,-0.00112662
7.18,4,-1.27473,-1.25547,-0.0860523,-0.111056,-0.0192603
7.18,5,-1.05172,-1.02154,-0.49573,-0.00216173,-0.0301761
7.19,0,2.07339,2.03916,0.454821,0.00505054,0.0342378
7.19,1,-0.0705925,0.0574476,-0.182495,-4.57412,-0.12804
7.19,2,0.0963026,0.161404,-0.0260574,-1.90094,-0.0651018
7.19,3,0.40497,0.406123,0.110905,-0.0780761,-0.00115332
7.19,4,-1.27552,-1.25633,-0.0860662,-0.110483,-0.0191894
7.19,5,-1.05668,-1.0265,-0.49573,-0.00216359,-0.0301765
7.2,0,2.07794,2.0437,0.454821,0.00495299,0.0342354
7.2,1,-0.0724376,0.0556224,-0.182538,-4.57478,-0.12806
7.2,2,0.0960289,0.161144,-0.0260849,-1.90127,-0.0651148
7.2,3,0.406052,0.407232,0.110904,-0.0783423,-0.00118002
7.2,4,-1.27631,-1.25719,-0.0860799,-0.109908,-0.0191185
7.2,5,-1.06164,-1.03146,-0.495729,-0.00216545,-0.0301769
7.21,0,2.08249,2.04825,0.454822,0.00485536,0.034233
7.21,1,-0.0742827,0.0537968,-0.18258,-4.57544,-0.128079
7.21,2,0.0957551,0.160883,-0.0261123,-1.9016,-0.0651275
7.21,3,0.407135,0.408341,0.110902,-0.0786084,-0.0012067
7.21,4,-1.2771,-1.25805,-0.0860936,-0.109332,-0.0190473
7.21,5,-1.06659,-1.03642,-0.495729,-0.00216731,-0.0301772
7.22,0,2.08703,2.0528,0.454822,0.00475765,0.0342306
7.22,1,-0.0761278,0.0519707,-0.182623,-4.57607,-0.128099
7.22,2,0.0954814,0.160621,-0.0261398,-1.90192,-0.06514
7.22,3,0.408217,0.40945,0.110901,-0.0788743,-0.00123336
7.22,4,-1.27789,-1.25891,-0.0861073,-0.108755,-0.0189761
7.22,5,-1.07155,-1.04137,-0.495729,-0.00216918,-0.0301776
7.23,0,2.09158,2.05735,0.454822,0.00465986,0.0342281
7.23,1,-0.0779729,0.0501443,-0.182665,-4.57669,-0.128117
7.23,2,0.0952076,0.16036,-0.0261673,-1.90223,-0.0651522
7.23,3,0.409299,0.410559,0.1109,-0.0791401,-0.00126002
7.23,4,-1.27868,-1.25977,-0.0861209,-0.108177,-0.0189047
7.23,5,-1.07651,-1.04633,-0.495729,-0.00217105,-0.030178
7.24,0,2.09612,2.0619,0.454822,0.00456198,0.0342257
7.24,1,-0.079818,0.0483174,-0.182708,-4.57729,-0.128135
7.24,2,0.0949339,0.160098,-0.0261949,-1.90253,-0.0651641
7.24,3,0.410382,0.411668,0.110899,-0.0794057,-0.00128666
7.24,4,-1.27947,-1.26063,-0.0861344,-0.107598,-0.0188331
7.24,5,-1.08147,-1.05129,-0.495729,-0.00217293,-0.0301783
7.25,0,2.10067,2.06644,0.454822,0.00446403,0.0342233
7.25,1,-0.0816631,0.0464901,-0.182751,-4.57788,-0.128153
7.25,2,0.0946601,0.159836,-0.0262224,-1.90283,-0.0651758
7.25,3,0.411464,0.412777,0.110897,-0.0796712,-0.00131329
7.25,4,-1.28026,-1.2615,-0.0861479,-0.107018,-0.0187615
7.25,5,-1.08642,-1.05625,-0.495729,-0.00217481,-0.0301787
7.26,0,2.10521,2.07099,0.454823,0.004366,0.0342209
7.26,1,-0.0835082,0.0446623,-0.182793,-4.57844,-0.128171
7.26,2,0.0943864,0.159574,-0.02625,-1.90311,-0.0651872
7.26,3,0.412547,0.413886,0.110896,-0.0799365,-0.0013399
7.26,4,-1.28105,-1.26236,-0.0861613,-0.106437,-0.0186897
7.26,5,-1.09138,-1.0612,-0.495729,-0.00217669,-0.0301791
7.27,0,2.10976,2.07554,0.454823,0.00426789,0.0342184
7.27,1,-0.0853534,0.0428341,-0.182836,-4.57899,-0.128188
7.27,2,0.0941126,0.159311,-0.0262776,-1.90339,-0.0651982
7.27,3,0.413629,0.414995,0.110894,-0.0802016,-0.00136651
7.27,4,-1.28184,-1.26322,-0.0861746,-0.105854,-0.0186177
7.27,5,-1.09634,-1.06616,-0.495729,-0.00217858,-0.0301795
7.28,0,2.11431,2.08009,0.454823,0.0041697,0.034216
7.28,1,-0.0871985,0.0410056,-0.182879,-4.57953,-0.128204
7.28,2,0.0938389,0.159048,-0.0263052,-1.90366,-0.0652091
7.28,3,0.414711,0.416104,0.110893,-0.0804666,-0.00139309
7.28,4,-1.28263,-1.26408,-0.0861879,-0.105271,-0.0185457
7.28,5,-1.1013,-1.07112,-0.495729,-0.00218047,-0.0301798
7.29,0,2.11885,2.08464,0.454823,0.00407144,0.0342135
7.29,1,-0.0890436,0.0391765,-0.182921,-4.58004,-0.12822
7.29,2,0.0935651,0.158785,-0.0263328,-1.90392,-0.0652196
7.29,3,0.415794,0.417213,0.110891,-0.0807314,-0.00141966
7.29,4,-1.28342,-1.26494,-0.0862011,-0.104687,-0.0184735
7.29,5,-1.10626,-1.07607,-0.495729,-0.00218236,-0.0301802
7.3,0,2.1234,2.08919,0.454824,0.00397311,0.0342111
7.3,1,-0.0908887,0.0373471,-0.182964,-4.58054,-0.128236
7.3,2,0.0932914,0.158521,-0.0263605,-1.90418,-0.0652299
7.3,3,0.416876,0.418322,0.11089,-0.0809959,-0.00144622
7.3,4,-1.28421,-1.2658,-0.0862143,-0.104102,-0.0184011
7.3,5,-1.11121,-1.08103,-0.495729,-0.00218426,-0.0301806
7.31,0,2.12794,2.09373,0.454824,0.00387471,0.0342086
7.31,1,-0.0927338,0.0355172,-0.183007,-4.58102,-0.128251
7.31,2,0.0930176,0.158257,-0.0263882,-1.90442,-0.0652399
7.31,3,0.417958,0.419431,0.110888,-0.0812604,-0.00147275
7.31,4,-1.285,-1.26667,-0.0862274,-0.103516,-0.0183287
7.31,5,-1.11617,-1.08599,-0.495729,-0.00218616,-0.030181
7.32,0,2.13249,2.09828,0.454824,0.00377623,0.0342062
7.32,1,-0.0945789,0.0336869,-0.18305,-4.58148,-0.128266
7.32,2,0.0927439,0.157993,-0.0264159,-1.90466,-0.0652496
7.32,3,0.419041,0.42054,0.110886,-0.0815246,-0.00149928
7.32,4,-1.28579,-1.26753,-0.0862404,-0.102928,-0.0182561
7.32,5,-1.12113,-1.09095,-0.495729,-0.00218806,-0.0301813
7.33,0,2.13703,2.10283,0.454824,0.00367769,0.0342038
7.33,1,-0.096424,0.0318562,-0.183093,-4.58193,-0.12828
7.33,2,0.0924701,0.157729,-0.0264436,-1.90488,-0.065259
7.33,3,0.420123,0.421649,0.110885,-0.0817886,-0.00152578
7.33,4,-1.28658,-1.26839,-0.0862534,-0.10234,-0.0181833
7.33,5,-1.12609,-1.0959,-0.495729,-0.00218997,-0.0301817
7.34,0,2.14158,2.10738,0.454824,0.00357907,0.0342013
7.34,1,-0.0982691,0.030025,-0.183136,-4.58236,-0.128294
7.34,2,0.0921964,0.157465,-0.0264713,-1.9051,-0.0652682
7.34,3,0.421205,0.422758,0.110883,-0.0820524,-0.00155227
7.34,4,-1.28736,-1.26925,-0.0862663,-0.101751,-0.0181105
7.34,5,-1.13104,-1.10086,-0.495728,-0.00219188,-0.0301821
7.35,0,2.14613,2.11193,0.454825,0.00348039,0.0341988
7.35,1,-0.100114,0.0281934,-0.183179,-4.58277,-0.128308
7.35,2,0.0919226,0.1572,-0.026499,-1.90531,-0.0652771
7.35,3,0.422288,0.423866,0.110881,-0.082316,-0.00157874
7.35,4,-1.28815,-1.27012,-0.0862791,-0.10116,-0.0180375
7.35,5,-1.136,-1.10582,-0.495728,-0.00219379,-0.0301825
7.36,0,2.15067,2.11648,0.454825,0.00338164,0.0341964
7.36,1,-0.101959,0.0263614,-0.183222,-4.58316,-0.128321
7.36,2,0.0916489,0.156935,-0.0265268,-1.90552,-0.0652857
7.36,3,0.42337,0.424975,0.110879,-0.0825794,-0.00160519
7.36,4,-1.28894,-1.27098,-0.0862919,-0.100569,-0.0179644
7.36,5,-1.14096,-1.11078,-0.495728,-0.00219571,-0.0301828
7.37,0,2.15522,2.12102,0.454825,0.00328282,0.0341939
7.37,1,-0.103804,0.0245289,-0.183265,-4.58354,-0.128333
7.37,2,0.0913751,0.156669,-0.0265546,-1.90571,-0.065294
7.37,3,0.424452,0.426084,0.110877,-0.0828426,-0.00163162
7.37,4,-1.28973,-1.27184,-0.0863046,-0.0999768,-0.0178911
7.37,5,-1.14592,-1.11573,-0.495728,-0.00219763,-0.0301832
7.38,0,2.15976,2.12557,0.454825,0.00318395,0.0341915
7.38,1,-0.10565,0.0226961,-0.183308,-4.5839,-0.128346
7.38,2,0.0911014,0.156403,-0.0265824,-1.9059,-0.0653021
7.38,3,0.425535,0.427193,0.110875,-0.0831056,-0.00165804
7.38,4,-1.29052,-1.27271,-0.0863172,-0.0993835,-0.0178178
7.38,5,-1.15087,-1.12069,-0.495728,-0.00219955,-0.0301836
7.39,0,2.16431,2.13012,0.454825,0.003085,0.034189
7.39,1,-0.107495,0.0208627,-0.183351,-4.58424,-0.128357
7.39,2,0.0908276,0.156137,-0.0266102,-1.90607,-0.0653098
7.39,3,0.426617,0.428301,0.110873,-0.0833683,-0.00168443
7.39,4,-1.29131,-1.27357,-0.0863298,-0.0987893,-0.0177443
7.39,5,-1.15583,-1.12565,-0.495728,-0.00220148,-0.030184
7.4,0,2.16886,2.13467,0.454825,0.002986,0.0341866
7.4,1,-0.10934,0.019029,-0.183394,-4.58457,-0.128369
7.4,2,0.0905539,0.155871,-0.026638,-1.90624,-0.0653173
7.4,3,0.427699,0.42941,0.110871,-0.0836309,-0.00171081
7.4,4,-1.2921,-1.27443,-0.0863423,-0.0981941,-0.0176707
7.4,5,-1.16079,-1.1306,-0.495728,-0.00220341,-0.0301844
7.41,0,2.1734,2.13922,0.454826,0.00288694,0.0341841
7.41,1,-0.111185,0.0171948,-0.183437,-4.58488,-0.12838
7.41,2,0.0902801,0.155605,-0.0266659,-1.9064,-0.0653245
7.41,3,0.428782,0.430519,0.110869,-0.0838932,-0.00173716
7.41,4,-1.29289,-1.2753,-0.0863547,-0.097598,-0.0175969
7.41,5,-1.16575,-1.13556,-0.495728,-0.00220534,-0.0301847
7.42,0,2.17795,2.14377,0.454826,0.00278781,0.0341816
7.42,1,-0.11303,0.0153602,-0.18348,-4.58517,-0.12839
7.42,2,0.0900064,0.155338,-0.0266938,-1.90656,-0.0653315
7.42,3,0.429864,0.431628,0.110867,-0.0841552,-0.00176349
7.42,4,-1.29368,-1.27616,-0.0863671,-0.0970008,-0.017523
7.42,5,-1.1707,-1.14052,-0.495728,-0.00220728,-0.0301851
7.43,0,2.18249,2.14831,0.454826,0.00268863,0.0341792
7.43,1,-0.114875,0.0135252,-0.183523,-4.58544,-0.1284
7.43,2,0.0897326,0.155071,-0.0267217,-1.9067,-0.0653381
7.43,3,0.430946,0.432736,0.110865,-0.084417,-0.0017898
7.43,4,-1.29447,-1.27702,-0.0863794,-0.0964028,-0.0174491
7.43,5,-1.17566,-1.14548,-0.495728,-0.00220922,-0.0301855
7.44,0,2.18704,2.15286,0.454826,0.00258939,0.0341767
7.44,1,-0.11672,0.0116897,-0.183567,-4.5857,-0.12841
7.44,2,0.0894589,0.154803,-0.0267496,-1.90684,-0.0653445
7.44,3,0.432029,0.433845,0.110863,-0.0846786,-0.00181609
7.44,4,-1.29526,-1.27789,-0.0863916,-0.0958037,-0.0173749
7.44,5,-1.18062,-1.15043,-0.495728,-0.00221116,-0.0301859
7.45,0,2.19158,2.15741,0.454826,0.00249009,0.0341742
7.45,1,-0.118565,0.00985379,-0.18361,-4.58593,-0.128419
7.45,2,0.0891851,0.154536,-0.0267775,-1.90696,-0.0653506
7.45,3,0.433111,0.434954,0.110861,-0.0849399,-0.00184236
7.45,4,-1.29605,-1.27875,-0.0864038,-0.0952038,-0.0173007
7.45,5,-1.18558,-1.15539,-0.495728,-0.00221311,-0.0301863
7.46,0,2.19613,2.16196,0.454826,0.00239074,0.0341717
7.46,1,-0.12041,0.00801745,-0.183653,-4.58616,-0.128428
7.46,2,0.0889114,0.154268,-0.0268054,-1.90708,-0.0653564
7.46,3,0.434193,0.436062,0.110858,-0.085201,-0.0018686
7.46,4,-1.29684,-1.27962,-0.0864159,-0.0946029,-0.0172264
7.46,5,-1.19054,-1.16035,-0.495728,-0.00221506,-0.0301867
7.47,0,2.20068,2.16651,0.454827,0.00229133,0.0341693
7.47,1,-0.122256,0.00618068,-0.183697,-4.58636,-0.128436
7.47,2,0.0886376,0.154,-0.0268334,-1.90719,-0.065362
7.47,3,0.435276,0.437171,0.110856,-0.0854618,-0.00189482
7.47,4,-1.29763,-1.28048,-0.086428,-0.094001,-0.0171519
7.47,5,-1.19549,-1.16531,-0.495728,-0.00221701,-0.0301871
7.48,0,2.20522,2.17105,0.454827,0.00219188,0.0341668
7.48,1,-0.124101,0.00434348,-0.18374,-4.58655,-0.128444
7.48,2,0.0883639,0.153731,-0.0268614,-1.90729,-0.0653673
7.48,3,0.436358,0.438279,0.110854,-0.0857223,-0.00192102
7.48,4,-1.29842,-1.28134,-0.0864399,-0.0933983,-0.0170773
7.48,5,-1.20045,-1.17026,-0.495728,-0.00221896,-0.0301874
7.49,0,2.20977,2.1756,0.454827,0.00209237,0.0341643
7.49,1,-0.125946,0.00250584,-0.183783,-4.58671,-0.128452
7.49,2,0.0880901,0.153462,-0.0268893,-1.90739,-0.0653722
7.49,3,0.437441,0.439388,0.110851,-0.0859826,-0.00194719
7.49,4,-1.29921,-1.28221,-0.0864519,-0.0927946,-0.0170026
7.49,5,-1.20541,-1.17522,-0.495728,-0.00222092,-0.0301878
7.5,0,2.21431,2.18015,0.454827,0.00199281,0.0341618
7.5,1,-0.127791,0.000667762,-0.183827,-4.58687,-0.128459
7.5,2,0.0878164,0.153193,-0.0269174,-1.90747,-0.0653769
7.5,3,0.438523,0.440496,0.110849,-0.0862426,-0.00197334
7.5,4,-1.3,-1.28307,-0.0864637,-0.09219,-0.0169277
7.5,5,-1.21037,-1.18018,-0.495727,-0.00222288,-0.0301882
7.51,0,2.21886,2.1847,0.454827,0.0018932,0.0341594
7.51,1,-0.129636,-0.00117075,-0.18387,-4.587,-0.128465
7.51,2,0.0875426,0.152924,-0.0269454,-1.90755,-0.0653814
7.51,3,0.439605,0.441605,0.110846,-0.0865023,-0.00199947
7.51,4,-1.30079,-1.28394,-0.0864755,-0.0915845,-0.0168528
7.51,5,-1.21532,-1.18513,-0.495727,-0.00222485,-0.0301886
7.52,0,2.2234,2.18925,0.454827,0.00179354,0.0341569
7.52,1,-0.131481,-0.00300969,-0.183914,-4.58711,-0.128471
7.52,2,0.0872689,0.152654,-0.0269734,-1.90762,-0.0653855
7.52,3,0.440688,0.442713,0.110844,-0.0867618,-0.00202556
7.52,4,-1.30158,-1.2848,-0.0864872,-0.0909781,-0.0167777
7.52,5,-1.22028,-1.19009,-0.495727,-0.00222681,-0.030189
7.53,0,2.22795,2.1938,0.454827,0.00169384,0.0341544
7.53,1,-0.133326,-0.00484907,-0.183957,-4.58721,-0.128477
7.53,2,0.0869951,0.152384,-0.0270015,-1.90768,-0.0653894
7.53,3,0.44177,0.443822,0.110841,-0.0870209,-0.00205164
7.53,4,-1.30237,-1.28567,-0.0864988,-0.0903707,-0.0167025
7.53,5,-1.22524,-1.19505,-0.495727,-0.00222878,-0.0301894
7.54,0,2.2325,2.19834,0.454828,0.00159409,0.0341519
7.54,1,-0.135171,-0.00668888,-0.184001,-4.58729,-0.128482
7.54,2,0.0867214,0.152114,-0.0270296,-1.90773,-0.0653929
7.54,3,0.442852,0.44493,0.110838,-0.0872798,-0.00207768
7.54,4,-1.30316,-1.28653,-0.0865104,-0.0897625,-0.0166272
7.54,5,-1.2302,-1.20001,-0.495727,-0.00223076,-0.0301898
7.55,0,2.23704,2.20289,0.454828,0.0014943,0.0341494
7.55,1,-0.137016,-0.00852913,-0.184045,-4.58736,-0.128487
7.55,2,0.0864476,0.151844,-0.0270577,-1.90777,-0.0653962
7.55,3,0.443935,0.446038,0.110836,-0.0875383,-0.0021037
7.55,4,-1.30395,-1.2874,-0.0865219,-0.0891534,-0.0165518
7.55,5,-1.23515,-1.20496,-0.495727,-0.00223273,-0.0301902
7.56,0,2.24159,2.20744,0.454828,0.00139446,0.0341469
7.56,1,-0.138862,-0.0103698,-0.184088,-4.5874,-0.128492
7.56,2,0.0861739,0.151573,-0.0270858,-1.90781,-0.0653993
7.56,3,0.445017,0.447147,0.110833,-0.0877966,-0.00212969
7.56,4,-1.30474,-1.28826,-0.0865333,-0.0885435,-0.0164763
7.56,5,-1.24011,-1.20992,-0.495727,-0.00223471,-0.0301906
7.57,0,2.24613,2.21199,0.454828,0.00129459,0.0341445
7.57,1,-0.140707,-0.0122109,-0.184132,-4.58743,-0.128496
7.57,2,0.0859001,0.151302,-0.0271139,-1.90783,-0.065402
7.57,3,0.446099,0.448255,0.11083,-0.0880546,-0.00215566
7.57,4,-1.30553,-1.28913,-0.0865447,-0.0879326,-0.0164006
7.57,5,-1.24507,-1.21488,-0.495727,-0.00223669,-0.030191
7.58,0,2.25068,2.21654,0.454828,0.00119467,0.034142
7.58,1,-0.142552,-0.0140525,-0.184176,-4.58744,-0.128499
7.58,2,0.0856264,0.151031,-0.027142,-1.90785,-0.0654045
7.58,3,0.447182,0.449363,0.110827,-0.0883122,-0.00218159
7.58,4,-1.30632,-1.28999,-0.0865559,-0.0873209,-0.0163249
7.58,5,-1.25003,-1.21984,-0.495727,-0.00223867,-0.0301914
7.59,0,2.25523,2.22109,0.454828,0.00109472,0.0341395
7.59,1,-0.144397,-0.0158945,-0.184219,-4.58744,-0.128502
7.59,2,0.0853526,0.150759,-0.0271702,-1.90786,-0.0654066
7.59,3,0.448264,0.450472,0.110824,-0.0885696,-0.0022075
7.59,4,-1.30711,-1.29086,-0.0865672,-0.0867083,-0.016249
7.59,5,-1.25498,-1.22479,-0.495727,-0.00224066,-0.0301917
7.6,0,2.25977,2.22563,0.454828,0.000994724,0.034137
7.6,1,-0.146242,-0.0177369,-0.184263,-4.58741,-0.128505
7.6,2,0.0850789,0.150487,-0.0271984,-1.90786,-0.0654085
7.6,3,0.449346,0.45158,0.110821,-0.0888266,-0.00223338
7.6,4,-1.3079,-1.29173,-0.0865783,-0.0860948,-0.016173
7.6,5,-1.25994,-1.22975,-0.495727,-0.00224265,-0.0301921
7.61,0,2.26432,2.23018,0.454828,0.000894696,0.0341345
7.61,1,-0.148087,-0.0195798,-0.184307,-4.58737,-0.128507
7.61,2,0.0848051,0.150215,-0.0272265,-1.90785,-0.0654101
7.61,3,0.450429,0.452688,0.110818,-0.0890833,-0.00225923
7.61,4,-1.30869,-1.29259,-0.0865894,-0.0854805,-0.0160969
7.61,5,-1.2649,-1.23471,-0.495727,-0.00224464,-0.0301925
7.62,0,2.26886,2.23473,0.454829,0.000794632,0.034132
7.62,1,-0.149932,-0.0214231,-0.184351,-4.58731,-0.128509
7.62,2,0.0845314,0.149943,-0.0272547,-1.90783,-0.0654115
7.62,3,0.451511,0.453796,0.110815,-0.0893397,-0.00228505
7.62,4,-1.30948,-1.29346,-0.0866004,-0.0848654,-0.0160207
7.62,5,-1.26986,-1.23966,-0.495727,-0.00224664,-0.0301929
7.63,0,2.27341,2.23928,0.454829,0.000694534,0.0341295
7.63,1,-0.151777,-0.0232668,-0.184394,-4.58724,-0.12851
7.63,2,0.0842576,0.14967,-0.027283,-1.90781,-0.0654125
7.63,3,0.452593,0.454904,0.110812,-0.0895957,-0.00231083
7.63,4,-1.31027,-1.29432,-0.0866114,-0.0842494,-0.0159444
7.63,5,-1.27482,-1.24462,-0.495727,-0.00224864,-0.0301933
7.64,0,2.27795,2.24383,0.454829,0.000594405,0.034127
7.64,1,-0.153622,-0.025111,-0.184438,-4.58714,-0.128511
7.64,2,0.0839839,0.149397,-0.0273112,-1.90778,-0.0654133
7.64,3,0.453676,0.456012,0.110809,-0.0898514,-0.00233659
7.64,4,-1.31106,-1.29519,-0.0866222,-0.0836326,-0.015868
7.64,5,-1.27977,-1.24958,-0.495727,-0.00225064,-0.0301937
7.65,0,2.2825,2.24838,0.454829,0.000494244,0.0341245
7.65,1,-0.155468,-0.0269557,-0.184482,-4.58703,-0.128512
7.65,2,0.0837101,0.149124,-0.0273395,-1.90773,-0.0654138
7.65,3,0.454758,0.45712,0.110806,-0.0901068,-0.00236232
7.65,4,-1.31185,-1.29606,-0.086633,-0.0830149,-0.0157914
7.65,5,-1.28473,-1.25454,-0.495727,-0.00225264,-0.0301941
7.66,0,2.28705,2.25292,0.454829,0.000394054,0.034122
7.66,1,-0.157313,-0.0288007,-0.184526,-4.5869,-0.128512
7.66,2,0.0834364,0.14885,-0.0273677,-1.90768,-0.065414
7.66,3,0.45584,0.458228,0.110803,-0.0903618,-0.00238801
7.66,4,-1.31264,-1.29692,-0.0866438,-0.0823964,-0.0157148
7.66,5,-1.28969,-1.25949,-0.495727,-0.00225464,-0.0301945
7.67,0,2.29159,2.25747,0.454829,0.000293835,0.0341195
7.67,1,-0.159158,-0.0306462,-0.18457,-4.58675,-0.128512
7.67,2,0.0831626,0.148576,-0.027396,-1.90762,-0.0654139
7.67,3,0.456923,0.459336,0.1108,-0.0906165,-0.00241367
7.67,4,-1.31343,-1.29779,-0.0866544,-0.0817771,-0.015638
7.67,5,-1.29465,-1.26445,-0.495726,-0.00225665,-0.0301949
7.68,0,2.29614,2.26202,0.454829,0.00019359,0.034117
7.68,1,-0.161003,-0.0324922,-0.184614,-4.58659,-0.128511
7.68,2,0.0828889,0.148302,-0.0274243,-1.90756,-0.0654135
7.68,3,0.458005,0.460444,0.110796,-0.0908708,-0.0024393
7.68,4,-1.31422,-1.29866,-0.086665,-0.081157,-0.0155612
7.68,5,-1.2996,-1.26941,-0.495726,-0.00225866,-0.0301953
7.69,0,2.29518,2.26656,0.453025,-0.214362,0.0286179
7.69,1,-0.162464,-0.0343479,-0.188229,-4.55994,-0.128116
7.69,2,0.0843119,0.148048,-0.0196379,-1.87282,-0.0637365
7.69,3,0.457886,0.46154,0.105755,-0.099997,-0.00365441
7.69,4,-1.31236,-1.29952,-0.0849942,-0.060268,-0.0128456
7.69,5,-1.29859,-1.27432,-0.477738,0.0219728,-0.0242697
7.7,0,2.29056,2.27104,0.441334,-0.543151,0.0195213
7.7,1,-0.163668,-0.0362818,-0.19738,-4.50332,-0.127386
7.7,2,0.086866,0.147974,0.00253695,-1.8383,-0.0611077
7.7,3,0.456966,0.462466,0.0794118,-0.102654,-0.00550068
7.7,4,-1.30875,-1.30027,-0.0633117,-0.0362021,-0.00848224
7.7,5,-1.2936,-1.27864,-0.386733,0.0412298,-0.014958
7.71,0,2.28594,2.27534,0.420603,-0.838094,0.0105928
7.71,1,-0.164873,-0.0382962,-0.204411,-4.44983,-0.126577
7.71,2,0.0894202,0.148117,0.023693,-1.80828,-0.0586964
7.71,3,0.456045,0.463063,0.0427533,-0.0958319,-0.00701799
7.71,4,-1.30514,-1.30069,-0.023026,-0.0240602,-0.00444665
7.71,5,-1.28861,-1.28184,-0.262988,0.0450627,-0.00676676
7.72,0,2.28131,2.2794,0.392463,-1.10084,0.00191366
7.72,1,-0.166077,-0.0403686,-0.209234,-4.40065,-0.125709
7.72,2,0.0919744,0.148464,0.0435936,-1.78187,-0.0564895
7.72,3,0.455125,0.463277,0.00393539,-0.0838802,-0.00815189
7.72,4,-1.30153,-1.30065,0.0264508,-0.0201939,-0.00087106
7.72,5,-1.28362,-1.28376,-0.133806,0.0408479,0.00014125
7.73,0,2.27669,2.28314,0.358172,-1.33249,-0.00644939
7.73,1,-0.167282,-0.0424777,-0.21199,-4.3562,-0.124804
7.73,2,0.0945286,0.149004,0.06246,-1.7592,-0.0544759
7.73,3,0.454204,0.463112,-0.032545,-0.0695514,-0.00890784
7.73,4,-1.29791,-1.3001,0.0785271,-0.0217347,0.0021911
7.73,5,-1.27863,-1.28442,-0.0131335,0.0329228,0.00579655
7.74,0,2.27207,2.28651,0.318747,-1.53386,-0.0144405
7.74,1,-0.168487,-0.0446036,-0.212804,-4.31691,-0.123883
7.74,2,0.0970827,0.149728,0.0804141,-1.7402,-0.0526458
7.74,3,0.453284,0.462607,-0.0643992,-0.0545924,-0.00932319
7.74,4,-1.2943,-1.29904,0.128969,-0.0265741,0.0047388
7.74,5,-1.27364,-1.28396,0.0927792,0.0237829,0.0103233
7.75,0,2.26745,2.28946,0.275055,-1.70569,-0.0220132
7.75,1,-0.169691,-0.0467277,-0.211819,-4.28308,-0.122964
7.75,2,0.0996369,0.150627,0.0975195,-1.72475,-0.0509905
7.75,3,0.452364,0.461814,-0.0906664,-0.0401034,-0.00945033
7.75,4,-1.29069,-1.29749,0.175269,-0.0332075,0.00680336
7.75,5,-1.26864,-1.28253,0.182032,0.0148014,0.0138822
7.76,0,2.26283,2.29195,0.227865,-1.84876,-0.0291292
7.76,1,-0.170896,-0.0488327,-0.209199,-4.25493,-0.122063
7.76,2,0.102191,0.151693,0.11381,-1.71267,-0.0495018
7.76,3,0.451443,0.46079,-0.111171,-0.0267632,-0.00934656
7.76,4,-1.28707,-1.29551,0.216142,-0.0405981,0.0084341
7.76,5,-1.26365,-1.28029,0.255056,0.00667741,0.0166388
7.77,0,2.2582,2.29396,0.177881,-1.96394,-0.0357574
7.77,1,-0.1721,-0.0509035,-0.205128,-4.23249,-0.121197
7.77,2,0.104745,0.152917,0.129306,-1.70376,-0.0481716
7.77,3,0.450523,0.459591,-0.126186,-0.0149716,-0.0090683
7.77,4,-1.28346,-1.29315,0.251138,-0.0480624,0.00968832
7.77,5,-1.25866,-1.27741,0.313413,-0.000286931,0.0187474
7.78,0,2.25358,2.29545,0.125757,-2.05221,-0.0418734
7.78,1,-0.173305,-0.0529264,-0.19981,-4.21571,-0.120379
7.78,2,0.107299,0.154291,0.144022,-1.69781,-0.0469921
7.78,3,0.449603,0.45827,-0.136228,-0.00494066,-0.00866772
7.78,4,-1.27985,-1.29047,0.28035,-0.055178,0.0106246
7.78,5,-1.25367,-1.27401,0.359114,-0.00601553,0.0203437
7.79,0,2.24896,2.29642,0.0721087,-2.1147,-0.0474593
7.79,1,-0.17451,-0.0548903,-0.193452,-4.20442,-0.119619
7.79,2,0.109854,0.155809,0.157968,-1.6946,-0.0459554
7.79,3,0.448682,0.456873,-0.141927,0.00324473,-0.00819115
7.79,4,-1.27623,-1.28753,0.3042,-0.0617101,0.0112988
7.79,5,-1.24868,-1.27022,0.394231,-0.0105546,0.0215429
7.8,0,2.24434,2.29684,0.0175179,-2.15268,-0.052503
7.8,1,-0.175714,-0.0567859,-0.186263,-4.19834,-0.118928
7.8,2,0.112408,0.157462,0.171154,-1.69393,-0.0450541
7.8,3,0.447762,0.45544,-0.143951,0.00958677,-0.00767836
7.8,4,-1.27262,-1.28438,0.323286,-0.0675538,0.0117611
7.8,5,-1.24369,-1.26613,0.420703,-0.0140105,0.0224401
7.81,0,2.23971,2.29671,-0.0374664,-2.16753,-0.0569983
7.81,1,-0.176919,-0.058606,-0.178446,-4.19717,-0.118313
7.81,2,0.114962,0.159242,0.18359,-1.69559,-0.0442805
7.81,3,0.446842,0.454004,-0.142952,0.0141466,-0.00716248
7.81,4,-1.26901,-1.28106,0.338274,-0.0726909,0.0120557
7.81,5,-1.2387,-1.26181,0.440242,-0.0165133,0.0231119
7.82,0,2.23509,2.29604,-0.0923284,-2.16077,-0.060944
7.82,1,-0.178123,-0.0603453,-0.170194,-4.20054,-0.117778
7.82,2,0.117516,0.161143,0.195285,-1.69938,-0.0436271
7.82,3,0.445921,0.452591,-0.139546,0.0170248,-0.0066703
7.82,4,-1.2654,-1.27762,0.349832,-0.0771573,0.0122199
7.82,5,-1.2337,-1.25732,0.454313,-0.0181965,0.0236195
7.83,0,2.23047,2.29481,-0.146586,-2.134,-0.064344
7.83,1,-0.179328,-0.0620006,-0.161683,-4.20805,-0.117327
7.83,2,0.12007,0.163157,0.206246,-1.70509,-0.0430867
7.83,3,0.445001,0.451224,-0.134291,0.0183466,-0.0062228
7.83,4,-1.26178,-1.27407,0.358587,-0.0810188,0.0122843
7.83,5,-1.22871,-1.25272,0.464132,-0.0191863,0.0240107
7.84,0,2.22585,2.29305,-0.199795,-2.08889,-0.0672068
7.84,1,-0.180533,-0.0635701,-0.153077,-4.21927,-0.116962
7.84,2,0.122624,0.165276,0.216483,-1.71252,-0.0426519
7.84,3,0.44408,0.449916,-0.127682,0.0182524,-0.00583567
7.84,4,-1.25817,-1.27044,0.365094,-0.0843547,0.012274
7.84,5,-1.22372,-1.24804,0.470694,-0.0195965,0.0243223
7.85,0,2.22122,2.29077,-0.251546,-2.02717,-0.0695452
7.85,1,-0.181737,-0.0650538,-0.14452,-4.23378,-0.116683
7.85,2,0.125179,0.167494,0.226001,-1.72147,-0.0423155
7.85,3,0.44316,0.44868,-0.12015,0.0168895,-0.00552004
7.85,4,-1.25456,-1.26677,0.369833,-0.0872467,0.0122087
7.85,5,-1.21873,-1.24331,0.474799,-0.0195274,0.0245825
7.86,0,2.2166,2.28798,-0.30147,-1.95063,-0.0713759
7.86,1,-0.182942,-0.0664527,-0.136139,-4.25115,-0.116489
7.86,2,0.127733,0.169803,0.23481,-1.73173,-0.0420704
7.86,3,0.44224,0.447523,-0.112063,0.0144072,-0.00528306
7.86,4,-1.25094,-1.26305,0.373204,-0.0897713,0.0121039
7.86,5,-1.21374,-1.23855,0.477086,-0.0190655,0.024812
7.87,0,2.21198,2.2847,-0.349239,-1.86104,-0.072719
7.87,1,-0.184146,-0.0677692,-0.128043,-4.27096,-0.116377
7.87,2,0.130287,0.172196,0.242917,-1.74312,-0.0419095
7.87,3,0.441319,0.446448,-0.10373,0.0109526,-0.00512854
7.87,4,-1.24733,-1.2593,0.375533,-0.0919962,0.0119713
7.87,5,-1.20875,-1.23377,0.478056,-0.0182851,0.0250263
7.88,0,2.20736,2.28095,-0.394565,-1.76021,-0.0735976
7.88,1,-0.185351,-0.0690069,-0.120326,-4.29279,-0.116344
7.88,2,0.132841,0.174667,0.25033,-1.75543,-0.0418258
7.88,3,0.440399,0.445456,-0.0954047,0.00666792,-0.00505749
7.88,4,-1.24372,-1.25554,0.377074,-0.0939779,0.0118199
7.88,5,-1.20376,-1.22899,0.478104,-0.0172496,0.0252363
7.89,0,2.20273,2.27677,-0.437202,-1.64989,-0.0740375
7.89,1,-0.186556,-0.0701698,-0.113064,-4.31624,-0.116386
7.89,2,0.135395,0.177208,0.25706,-1.7685,-0.0418125
7.89,3,0.439479,0.444547,-0.0872925,0.00168875,-0.00506867
7.89,4,-1.2401,-1.25176,0.378028,-0.095762,0.0116565
7.89,5,-1.19876,-1.22421,0.477534,-0.0160134,0.0254494
7.9,0,2.19811,2.27218,-0.476947,-1.53183,-0.0740668
7.9,1,-0.18776,-0.0712629,-0.106321,-4.34093,-0.116497
7.9,2,0.137949,0.179812,0.263118,-1.78212,-0.0418628
7.9,3,0.438558,0.443717,-0.0795553,-0.00385715,-0.00515903
7.9,4,-1.23649,-1.24798,0.378543,-0.0973831,0.0114861
7.9,5,-1.19377,-1.21944,0.476584,-0.0146231,0.0256704
7.91,0,2.19349,2.26721,-0.513633,-1.40771,-0.0737153
7.91,1,-0.188965,-0.0722917,-0.100144,-4.36649,-0.116673
7.91,2,0.140504,0.182474,0.268516,-1.79613,-0.04197
7.91,3,0.437638,0.442962,-0.0723176,-0.0098505,-0.00532411
7.91,4,-1.23288,-1.24419,0.378731,-0.0988667,0.0113124
7.91,5,-1.18878,-1.21468,0.475433,-0.0131189,0.0259022
7.92,0,2.18887,2.26188,-0.547139,-1.27916,-0.0730144
7.92,1,-0.190169,-0.0732619,-0.0945692,-4.39259,-0.116907
7.92,2,0.143058,0.185185,0.27327,-1.81037,-0.0421277
7.92,3,0.436718,0.442276,-0.0656715,-0.0161808,-0.00555837
7.92,4,-1.22927,-1.2404,0.378672,-0.100231,0.0111382
7.92,5,-1.18379,-1.20994,0.474219,-0.0115359,0.026146
7.93,0,2.18424,2.25624,-0.577377,-1.14773,-0.0719964
7.93,1,-0.191374,-0.0741799,-0.0896217,-4.4189,-0.117194
7.93,2,0.145612,0.187941,0.277397,-1.82468,-0.0423294
7.93,3,0.435797,0.441653,-0.0596818,-0.0227461,-0.00585552
7.93,4,-1.22565,-1.23662,0.378423,-0.101486,0.0109657
7.93,5,-1.1788,-1.2052,0.473043,-0.00990441,0.0264017
7.94,0,2.17962,2.25032,-0.604298,-1.01487,-0.0706942
7.94,1,-0.192579,-0.0750519,-0.0853156,-4.44512,-0.117527
7.94,2,0.148166,0.190735,0.280917,-1.83891,-0.0425691
7.94,3,0.434877,0.441086,-0.0543904,-0.0294534,-0.00620876
7.94,4,-1.22204,-1.23284,0.378025,-0.10264,0.0107965
7.94,5,-1.17381,-1.20048,0.471981,-0.00825117,0.0266686
7.95,0,2.175,2.24414,-0.627889,-0.881978,-0.0691411
7.95,1,-0.193783,-0.0758844,-0.0816555,-4.47099,-0.117899
7.95,2,0.15072,0.193561,0.283852,-1.85293,-0.0428407
7.95,3,0.433956,0.440567,-0.04982,-0.0362175,-0.00661096
7.95,4,-1.21843,-1.22906,0.377507,-0.103697,0.0106321
7.95,5,-1.16882,-1.19576,0.471087,-0.00659955,0.0269453
7.96,0,2.17038,2.23775,-0.648166,-0.750315,-0.0673704
7.96,1,-0.194988,-0.0766838,-0.0786378,-4.49624,-0.118304
7.96,2,0.153274,0.196413,0.286226,-1.86661,-0.0431386
7.96,3,0.433036,0.440091,-0.0459782,-0.0429616,-0.00705485
7.96,4,-1.21481,-1.22529,0.37689,-0.104659,0.0104733
7.96,5,-1.16382,-1.19105,0.470397,-0.00497,0.0272298
7.97,0,2.16576,2.23117,-0.66518,-0.621054,-0.0654148
7.97,1,-0.196192,-0.0774566,-0.0762516,-4.52068,-0.118736
7.97,2,0.155829,0.199286,0.288065,-1.87985,-0.0434572
7.97,3,0.432116,0.439649,-0.0428594,-0.0496162,-0.00753318
7.97,4,-1.2112,-1.22152,0.376193,-0.105527,0.0103212
7.97,5,-1.15883,-1.18635,0.469934,-0.00338037,0.02752
7.98,0,2.16113,2.22444,-0.679004,-0.49526,-0.0633068
7.98,1,-0.197397,-0.0782088,-0.0744791,-4.54409,-0.119188
7.98,2,0.158383,0.202174,0.289398,-1.89254,-0.0437914
7.98,3,0.431195,0.439234,-0.0404482,-0.0561189,-0.00803879
7.98,4,-1.20759,-1.21776,0.375429,-0.106304,0.0101764
7.98,5,-1.15384,-1.18165,0.469711,-0.00184605,0.0278135
7.99,0,2.15651,2.21759,-0.68974,-0.373883,-0.0610776
7.99,1,-0.198602,-0.0789466,-0.0732969,-4.56631,-0.119655
7.99,2,0.160937,0.205073,0.290255,-1.9046,-0.0441363
7.99,3,0.430275,0.43884,-0.0387211,-0.0624145,-0.00856472
7.99,4,-1.20397,-1.21401,0.374613,-0.10699,0.0100395
7.99,5,-1.14885,-1.17696,0.469731,-0.000380214,0.0281078
8,0,2.15189,2.21065,-0.697511,-0.257766,-0.0587574
8,1,-0.199806,-0.0796757,-0.0726764,-4.58719,-0.12013
8,2,0.163491,0.207978,0.290669,-1.91596,-0.0444873
8,3,0.429355,0.438459,-0.0376483,-0.068454,-0.0091043
8,4,-1.20036,-1.21027,0.373759,-0.107591,0.00991107
8,5,-1.14386,-1.17226,0.469991,0.0010061,0.0284007
8.01,0,2.14727,2.20364,-0.702457,-0.147638,-0.0563752
8.01,1,-0.201011,-0.0804016,-0.0725851,-4.60661,-0.120609
8.01,2,0.166045,0.210886,0.290673,-1.92655,-0.0448402
8.01,3,0.428434,0.438085,-0.0371948,-0.0741949,-0.00965117
8.01,4,-1.19675,-1.20654,0.372881,-0.10811,0.0097913
8.01,5,-1.13887,-1.16756,0.470482,0.00230384,0.0286897
8.02,0,2.14264,2.1966,-0.704739,-0.044117,-0.0539584
8.02,1,-0.202215,-0.0811293,-0.0729867,-4.62448,-0.121086
8.02,2,0.168599,0.21379,0.290301,-1.93633,-0.045191
8.02,3,0.427514,0.437713,-0.037322,-0.0796003,-0.0101994
8.02,4,-1.19314,-1.20282,0.371993,-0.108554,0.00968037
8.02,5,-1.13388,-1.16285,0.471189,0.00350586,0.0289725
8.03,0,2.13802,2.18955,-0.704529,0.0522845,-0.0515325
8.03,1,-0.20342,-0.0818635,-0.0738422,-4.64073,-0.121556
8.03,2,0.171154,0.21669,0.289588,-1.94526,-0.0455362
8.03,3,0.426594,0.437337,-0.0379884,-0.0846395,-0.0107433
8.03,4,-1.18952,-1.1991,0.371111,-0.108929,0.0095783
8.03,5,-1.12888,-1.15813,0.472097,0.00460677,0.0292472
8.04,0,2.1334,2.18252,-0.702009,0.141161,-0.0491217
8.04,1,-0.204625,-0.0826085,-0.0751105,-4.65531,-0.122016
8.04,2,0.173708,0.21958,0.288571,-1.95332,-0.0458726
8.04,3,0.425673,0.436951,-0.0391504,-0.0892872,-0.0112777
8.04,4,-1.18591,-1.19539,0.370248,-0.109245,0.00948496
8.04,5,-1.12389,-1.1534,0.473187,0.00560285,0.0295118
8.05,0,2.12878,2.17552,-0.697373,0.222209,-0.0467478
8.05,1,-0.205829,-0.0833684,-0.0767489,-4.66818,-0.122461
8.05,2,0.176262,0.222459,0.287284,-1.96048,-0.0461972
8.05,3,0.424753,0.436551,-0.0407628,-0.0935231,-0.0117981
8.05,4,-1.1823,-1.1917,0.369421,-0.10951,0.00940005
8.05,5,-1.1189,-1.14867,0.474436,0.00649195,0.0297646
8.06,0,2.12415,2.16858,-0.69082,0.29522,-0.044431
8.06,1,-0.207034,-0.0841464,-0.0787136,-4.67935,-0.122887
8.06,2,0.178816,0.225324,0.285763,-1.96676,-0.0465077
8.06,3,0.423832,0.436132,-0.0427797,-0.0973326,-0.0123
8.06,4,-1.17868,-1.18801,0.368641,-0.109735,0.00932318
8.06,5,-1.11391,-1.14391,0.475823,0.00727332,0.0300041
8.07,0,2.11953,2.16172,-0.68255,0.360079,-0.0421893
8.07,1,-0.208238,-0.0849457,-0.0809607,-4.68882,-0.123293
8.07,2,0.18137,0.228172,0.284043,-1.97214,-0.0468019
8.07,3,0.422912,0.435692,-0.0451545,-0.100706,-0.0127798
8.07,4,-1.17507,-1.18432,0.367922,-0.109931,0.00925377
8.07,5,-1.10892,-1.13915,0.477326,0.00794751,0.0302291
8.08,0,2.11491,2.15495,-0.67277,0.416756,-0.0400388
8.08,1,-0.209443,-0.0857688,-0.0834463,-4.69663,-0.123674
8.08,2,0.183924,0.231002,0.28216,-1.97666,-0.0470779
8.08,3,0.421992,0.435226,-0.0478405,-0.103637,-0.0132341
8.08,4,-1.17146,-1.18065,0.367273,-0.110107,0.00919118
8.08,5,-1.10393,-1.13437,0.478921,0.00851624,0.0304385
8.09,0,2.11029,2.14828,-0.661681,0.465302,-0.0379935
8.09,1,-0.210648,-0.0866179,-0.0861269,-4.70281,-0.12403
8.09,2,0.186479,0.233813,0.280144,-1.98032,-0.0473343
8.09,3,0.421071,0.434731,-0.0507914,-0.106126,-0.01366
8.09,4,-1.16784,-1.17698,0.366705,-0.110275,0.00913464
8.09,5,-1.09894,-1.12957,0.480585,0.00898227,0.0306316
8.1,0,2.10566,2.14173,-0.649485,0.505841,-0.0360653
8.1,1,-0.211852,-0.0874946,-0.0889604,-4.70742,-0.124358
8.1,2,0.189033,0.236603,0.27803,-1.98316,-0.04757
8.1,3,0.420151,0.434206,-0.0539615,-0.108175,-0.0140552
8.1,4,-1.16423,-1.17331,0.366224,-0.110445,0.00908331
8.1,5,-1.09394,-1.12475,0.482298,0.00934926,0.0308077
8.11,0,2.10104,2.13531,-0.636379,0.538566,-0.0342643
8.11,1,-0.213057,-0.0884003,-0.0919058,-4.71054,-0.124656
8.11,2,0.191587,0.239371,0.275847,-1.98522,-0.0477842
8.11,3,0.419231,0.433648,-0.057306,-0.109793,-0.0144177
8.11,4,-1.16062,-1.16965,0.365834,-0.110627,0.00903628
8.11,5,-1.08895,-1.11992,0.484038,0.00962164,0.0309666
8.12,0,2.09642,2.12902,-0.622555,0.563728,-0.0325984
8.12,1,-0.214261,-0.0893359,-0.094924,-4.71224,-0.124925
8.12,2,0.194141,0.242117,0.273625,-1.98654,-0.0479763
8.12,3,0.41831,0.433056,-0.0607814,-0.110991,-0.014746
8.12,4,-1.15701,-1.166,0.365539,-0.110828,0.00899264
8.12,5,-1.08396,-1.11507,0.485785,0.00980447,0.031108
8.13,0,2.0918,2.12287,-0.608196,0.581636,-0.0310738
8.13,1,-0.215466,-0.090302,-0.0979781,-4.71262,-0.125164
8.13,2,0.196695,0.244841,0.271389,-1.98716,-0.0481461
8.13,3,0.41739,0.432429,-0.0643457,-0.111782,-0.015039
8.13,4,-1.15339,-1.16234,0.365339,-0.111058,0.00895143
8.13,5,-1.07897,-1.1102,0.487522,0.00990336,0.031232
8.14,0,2.08717,2.11687,-0.59348,0.59264,-0.029695
8.14,1,-0.21667,-0.0912986,-0.101033,-4.71178,-0.125372
8.14,2,0.19925,0.247543,0.269167,-1.98714,-0.0482936
8.14,3,0.416469,0.431766,-0.0679586,-0.112185,-0.015296
8.14,4,-1.14978,-1.15869,0.365232,-0.111322,0.00891171
8.14,5,-1.07398,-1.10532,0.489231,0.00992433,0.0313387
8.15,0,2.08255,2.11102,-0.578571,0.597137,-0.0284644
8.15,1,-0.217875,-0.0923256,-0.104057,-4.70981,-0.12555
8.15,2,0.201804,0.250223,0.266979,-1.98653,-0.048419
8.15,3,0.415549,0.431066,-0.0715822,-0.112219,-0.0155169
8.15,4,-1.14617,-1.15504,0.365216,-0.111628,0.00887254
8.15,5,-1.06899,-1.10042,0.490898,0.00987368,0.0314286
8.16,0,2.07793,2.10531,-0.563628,0.595551,-0.0273833
8.16,1,-0.21908,-0.0933825,-0.107021,-4.70683,-0.125697
8.16,2,0.204358,0.252881,0.264849,-1.98538,-0.0485228
8.16,3,0.414629,0.43033,-0.0751806,-0.111908,-0.0157016
8.16,4,-1.14255,-1.15139,0.365287,-0.111979,0.00883305
8.16,5,-1.064,-1.0955,0.492509,0.00975795,0.0315021
8.17,0,2.07331,2.09976,-0.548795,0.588339,-0.0264512
8.17,1,-0.220284,-0.0944686,-0.109897,-4.70294,-0.125816
8.17,2,0.206912,0.255518,0.262793,-1.98376,-0.0486058
8.17,3,0.413708,0.429559,-0.0787206,-0.111274,-0.0158506
8.17,4,-1.13894,-1.14773,0.365437,-0.112379,0.00879242
8.17,5,-1.059,-1.09056,0.494052,0.00958375,0.0315599
8.18,0,2.06869,2.09435,-0.534206,0.575975,-0.0256661
8.18,1,-0.221489,-0.0955829,-0.112663,-4.69825,-0.125906
8.18,2,0.209466,0.258135,0.260828,-1.98172,-0.0486686
8.18,3,0.412788,0.428753,-0.0821716,-0.110344,-0.0159647
8.18,4,-1.13533,-1.14408,0.365661,-0.112831,0.00874987
8.18,5,-1.05401,-1.08562,0.495518,0.00935777,0.0316026
8.19,0,2.06406,2.08909,-0.519983,0.558948,-0.025025
8.19,1,-0.222693,-0.0967241,-0.115296,-4.69289,-0.125969
8.19,2,0.21202,0.260733,0.25897,-1.97931,-0.0487124
8.19,3,0.411868,0.427913,-0.0855059,-0.109146,-0.0160449
8.19,4,-1.13171,-1.14042,0.365949,-0.113337,0.00870473
8.19,5,-1.04902,-1.08065,0.496898,0.00908663,0.0316312
8.2,0,2.05944,2.08396,-0.506234,0.537759,-0.0245236
8.2,1,-0.223898,-0.0978909,-0.11778,-4.68695,-0.126007
8.2,2,0.214575,0.263313,0.257229,-1.97661,-0.0487383
8.2,3,0.410947,0.42704,-0.0886989,-0.107706,-0.0160925
8.2,4,-1.1281,-1.13676,0.366294,-0.113896,0.00865638
8.2,5,-1.04403,-1.07568,0.498185,0.00877685,0.0316465
8.21,0,2.05482,2.07897,-0.493058,0.512909,-0.0241566
8.21,1,-0.225103,-0.0990816,-0.1201,-4.68054,-0.126021
8.21,2,0.217129,0.265876,0.255615,-1.97365,-0.0487474
8.21,3,0.410027,0.426136,-0.0917289,-0.106054,-0.0161091
8.21,4,-1.12449,-1.13309,0.366687,-0.114509,0.00860431
8.21,5,-1.03904,-1.07069,0.499374,0.00843478,0.0316494
8.22,0,2.0502,2.07411,-0.480538,0.484901,-0.0239178
8.22,1,-0.226307,-0.100295,-0.122243,-4.67378,-0.126013
8.22,2,0.219683,0.268424,0.254136,-1.97051,-0.0487412
8.22,3,0.409107,0.425203,-0.0945773,-0.104217,-0.0160964
8.22,4,-1.12088,-1.12942,0.367118,-0.115174,0.0085481
8.22,5,-1.03405,-1.06569,0.500461,0.00806657,0.031641
8.23,0,2.04557,2.06937,-0.468747,0.454229,-0.0238003
8.23,1,-0.227512,-0.101528,-0.1242,-4.66676,-0.125984
8.23,2,0.222237,0.270958,0.252798,-1.96722,-0.0487209
8.23,3,0.408186,0.424242,-0.0972286,-0.102225,-0.0160562
8.23,4,-1.11726,-1.12575,0.367579,-0.115891,0.0084874
8.23,5,-1.02906,-1.06068,0.501444,0.0076781,0.0316223
8.24,0,2.04095,2.06475,-0.457745,0.421378,-0.0237964
8.24,1,-0.228716,-0.10278,-0.125965,-4.65957,-0.125937
8.24,2,0.224791,0.273479,0.251605,-1.96385,-0.048688
8.24,3,0.407266,0.423257,-0.0996706,-0.100104,-0.0159907
8.24,4,-1.11365,-1.12207,0.368062,-0.116656,0.00842196
8.24,5,-1.02407,-1.05566,0.502322,0.00727498,0.0315943
8.25,0,2.03633,2.06023,-0.447579,0.386819,-0.023898
8.25,1,-0.229921,-0.104048,-0.127534,-4.65231,-0.125873
8.25,2,0.227345,0.275989,0.250557,-1.96043,-0.048644
8.25,3,0.406345,0.422247,-0.101894,-0.0978829,-0.0159019
8.25,4,-1.11004,-1.11839,0.368559,-0.117466,0.00835161
8.25,5,-1.01907,-1.05063,0.503094,0.00686249,0.0315582
8.26,0,2.03171,2.0558,-0.438287,0.351006,-0.0240964
8.26,1,-0.231126,-0.105331,-0.128905,-4.64506,-0.125794
8.26,2,0.2299,0.27849,0.249656,-1.95702,-0.0485903
8.26,3,0.405425,0.421217,-0.103892,-0.0955867,-0.0157922
8.26,4,-1.10642,-1.1147,0.369061,-0.11832,0.00827626
8.26,5,-1.01408,-1.0456,0.503762,0.00644554,0.0315149
8.27,0,2.02708,2.05147,-0.429895,0.314372,-0.0243828
8.27,1,-0.23233,-0.106627,-0.130078,-4.6379,-0.125703
8.27,2,0.232454,0.280982,0.248899,-1.95365,-0.0485284
8.27,3,0.404505,0.420168,-0.10566,-0.0932407,-0.0156637
8.27,4,-1.10281,-1.11101,0.369562,-0.119214,0.00819589
8.27,5,-1.00909,-1.04056,0.504328,0.00602873,0.0314654
8.28,0,2.02246,2.04721,-0.422417,0.277324,-0.0247481
8.28,1,-0.233535,-0.107933,-0.131057,-4.6309,-0.125602
8.28,2,0.235008,0.283468,0.248284,-1.95036,-0.0484597
8.28,3,0.403584,0.419103,-0.107199,-0.0908685,-0.0155188
8.28,4,-1.0992,-1.10731,0.370055,-0.120143,0.00811055
8.28,5,-1.0041,-1.03551,0.504794,0.00561623,0.0314109
8.29,0,2.01784,2.04302,-0.415858,0.240248,-0.0251832
8.29,1,-0.234739,-0.109248,-0.131845,-4.62411,-0.125491
8.29,2,0.237562,0.285948,0.247806,-1.94718,-0.0483857
8.29,3,0.402664,0.418024,-0.108509,-0.0884922,-0.0153598
8.29,4,-1.09558,-1.1036,0.370536,-0.121105,0.00802034
8.29,5,-0.999108,-1.03046,0.505165,0.00521187,0.0313522
8.3,0,2.01322,2.0389,-0.410217,0.2035,-0.0256788
8.3,1,-0.235944,-0.11057,-0.13245,-4.6176,-0.125374
8.3,2,0.240116,0.288424,0.247461,-1.94415,-0.0483076
8.3,3,0.401744,0.416933,-0.109594,-0.0861323,-0.0151889
8.3,4,-1.09197,-1.0999,0.370998,-0.122096,0.00792542
8.3,5,-0.994117,-1.02541,0.505443,0.00481907,0.0312904
8.31,0,2.00859,2.03482,-0.405479,0.167407,-0.0262258
8.31,1,-0.237149,-0.111897,-0.132879,-4.61142,-0.125251
8.31,2,0.24267,0.290897,0.247241,-1.94128,-0.0482267
8.31,3,0.400823,0.415832,-0.11046,-0.0838077,-0.0150084
8.31,4,-1.08836,-1.09618,0.371439,-0.123112,0.00782599
8.31,5,-0.989125,-1.02035,0.505634,0.00444086,0.0312262
8.32,0,2.00397,2.03079,-0.401626,0.132268,-0.0268153
8.32,1,-0.238353,-0.113228,-0.13314,-4.60561,-0.125126
8.32,2,0.245225,0.293369,0.247138,-1.93861,-0.0481443
8.32,3,0.399903,0.414723,-0.111114,-0.0815352,-0.0148204
8.32,4,-1.08475,-1.09247,0.371855,-0.124149,0.00772228
8.32,5,-0.984134,-1.01529,0.505744,0.0040799,0.0311606
8.33,0,1.99935,2.02679,-0.398631,0.0983498,-0.0274386
8.33,1,-0.239558,-0.11456,-0.133245,-4.60019,-0.124998
8.33,2,0.247779,0.29584,0.247146,-1.93614,-0.0480614
8.33,3,0.398983,0.41361,-0.111566,-0.0793302,-0.014627
8.33,4,-1.08113,-1.08875,0.372244,-0.125205,0.00761457
8.33,5,-0.979143,-1.01024,0.505778,0.00373843,0.0310943
8.34,0,1.99473,2.02281,-0.396459,0.0658889,-0.0280872
8.34,1,-0.240762,-0.115892,-0.133203,-4.59521,-0.12487
8.34,2,0.250333,0.298312,0.247256,-1.93389,-0.0479793
8.34,3,0.398062,0.412492,-0.111825,-0.0772059,-0.0144301
8.34,4,-1.07752,-1.08502,0.372602,-0.126276,0.00750313
8.34,5,-0.974151,-1.00518,0.505741,0.00341837,0.0310281
8.35,0,1.9901,2.01886,-0.395074,0.0350913,-0.0287533
8.35,1,-0.241967,-0.117223,-0.133028,-4.59067,-0.124744
8.35,2,0.252887,0.300786,0.247458,-1.93188,-0.0478987
8.35,3,0.397142,0.411373,-0.111904,-0.0751739,-0.0142316
8.35,4,-1.07391,-1.08129,0.372929,-0.127358,0.00738828
8.35,5,-0.96916,-1.00012,0.505639,0.00312125,0.0309626
8.36,0,1.98548,2.01491,-0.394431,0.00613193,-0.029429
8.36,1,-0.243172,-0.118552,-0.13273,-4.5866,-0.12462
8.36,2,0.255441,0.303262,0.247742,-1.9301,-0.0478206
8.36,3,0.396221,0.410255,-0.111815,-0.073244,-0.0140333
8.36,4,-1.07029,-1.07756,0.373224,-0.128449,0.00727034
8.36,5,-0.964168,-0.995067,0.50548,0.00284824,0.0308984
8.37,0,1.98086,2.01097,-0.394484,-0.0208442,-0.0301074
8.37,1,-0.244376,-0.119877,-0.132323,-4.583,-0.124499
8.37,2,0.257995,0.305741,0.2481,-1.92857,-0.0477458
8.37,3,0.395301,0.409138,-0.111572,-0.071424,-0.0138367
8.37,4,-1.06668,-1.07383,0.373485,-0.129546,0.00714964
8.37,5,-0.959177,-0.990013,0.505269,0.0026002,0.0308362
8.38,0,1.97624,2.00702,-0.395181,-0.0457214,-0.0307816
8.38,1,-0.245581,-0.121198,-0.13182,-4.57987,-0.124383
8.38,2,0.26055,0.308224,0.248522,-1.92729,-0.0476749
8.38,3,0.394381,0.408024,-0.111189,-0.0697204,-0.0136434
8.38,4,-1.06307,-1.07009,0.373714,-0.130645,0.0070265
8.38,5,-0.954186,-0.984962,0.505012,0.00237767,0.0307763
8.39,0,1.97162,2.00306,-0.39647,-0.0684124,-0.0314455
8.39,1,-0.246785,-0.122513,-0.131233,-4.57721,-0.124273
8.39,2,0.263104,0.310712,0.248998,-1.92625,-0.0476085
8.39,3,0.39346,0.406915,-0.11068,-0.0681377,-0.0134545
8.39,4,-1.05945,-1.06636,0.37391,-0.131745,0.00690125
8.39,5,-0.949194,-0.979913,0.504716,0.00218088,0.0307191
8.4,0,1.96699,1.99909,-0.398296,-0.088857,-0.0320936
8.4,1,-0.24799,-0.123821,-0.130576,-4.57502,-0.124169
8.4,2,0.265658,0.313205,0.249518,-1.92545,-0.0475471
8.4,3,0.39254,0.405811,-0.110059,-0.0666791,-0.0132714
8.4,4,-1.05584,-1.06262,0.374073,-0.132843,0.00677423
8.4,5,-0.944203,-0.974868,0.504387,0.00200981,0.0306652
8.41,0,1.96237,1.99509,-0.400603,-0.107021,-0.0327207
8.41,1,-0.249195,-0.125123,-0.12986,-4.57327,-0.124071
8.41,2,0.268212,0.315703,0.250074,-1.92488,-0.0474912
8.41,3,0.39162,0.404715,-0.109341,-0.0653463,-0.0130951
8.41,4,-1.05223,-1.05887,0.374205,-0.133936,0.00664574
8.41,5,-0.939211,-0.969826,0.50403,0.00186416,0.0306146
8.42,0,1.95775,1.99107,-0.403334,-0.122893,-0.0333224
8.42,1,-0.250399,-0.126418,-0.129098,-4.57197,-0.123982
8.42,2,0.270766,0.318207,0.250657,-1.92454,-0.0474409
8.42,3,0.390699,0.403626,-0.108541,-0.0641394,-0.0129264
8.42,4,-1.04862,-1.05513,0.374305,-0.135024,0.00651611
8.42,5,-0.93422,-0.964788,0.503652,0.00174341,0.0305678
8.43,0,1.95313,1.98702,-0.406433,-0.136487,-0.0338947
8.43,1,-0.251604,-0.127704,-0.128302,-4.57107,-0.123899
8.43,2,0.27332,0.320717,0.251258,-1.92442,-0.0473966
8.43,3,0.389779,0.402545,-0.107672,-0.0630577,-0.0127661
8.43,4,-1.045,-1.05139,0.374376,-0.136103,0.00638564
8.43,5,-0.929229,-0.959753,0.503258,0.00164682,0.0305248
8.44,0,1.9485,1.98294,-0.409844,-0.147835,-0.0344342
8.44,1,-0.252808,-0.128983,-0.127484,-4.57057,-0.123826
8.44,2,0.275875,0.323233,0.25187,-1.92449,-0.0473584
8.44,3,0.388859,0.401473,-0.106748,-0.0620989,-0.0126148
8.44,4,-1.04139,-1.04764,0.374419,-0.137172,0.00625462
8.44,5,-0.924237,-0.954723,0.502853,0.00157348,0.0304859
8.45,0,1.94388,1.97882,-0.413512,-0.15699,-0.0349381
8.45,1,-0.254013,-0.130253,-0.126653,-4.57044,-0.12376
8.45,2,0.278429,0.325755,0.252483,-1.92476,-0.0473263
8.45,3,0.387938,0.400411,-0.105782,-0.06126,-0.0124729
8.45,4,-1.03778,-1.0439,0.374433,-0.13823,0.00612333
8.45,5,-0.919246,-0.949697,0.502442,0.00152229,0.030451
8.46,0,1.93926,1.97466,-0.417383,-0.16402,-0.0354043
8.46,1,-0.255218,-0.131515,-0.12582,-4.57064,-0.123703
8.46,2,0.280983,0.328283,0.253093,-1.9252,-0.0473003
8.46,3,0.387018,0.399359,-0.104787,-0.060537,-0.0123409
8.46,4,-1.03416,-1.04016,0.374422,-0.139275,0.00599203
8.46,5,-0.914254,-0.944675,0.502031,0.00149204,0.0304202
8.47,0,1.93464,1.97047,-0.421406,-0.169012,-0.0358308
8.47,1,-0.256422,-0.132769,-0.124994,-4.57116,-0.123653
8.47,2,0.283537,0.330818,0.253692,-1.9258,-0.0472804
8.47,3,0.386097,0.398316,-0.103775,-0.0599249,-0.012219
8.47,4,-1.03055,-1.03641,0.374386,-0.140305,0.00586099
8.47,5,-0.909263,-0.939657,0.501622,0.00148138,0.0303936
8.48,0,1.93001,1.96623,-0.425532,-0.172062,-0.0362165
8.48,1,-0.257627,-0.134014,-0.124183,-4.57195,-0.123613
8.48,2,0.286091,0.333358,0.254274,-1.92654,-0.0472664
8.48,3,0.385177,0.397284,-0.102756,-0.0594183,-0.0121072
8.48,4,-1.02694,-1.03267,0.374327,-0.14132,0.00573043
8.48,5,-0.904272,-0.934643,0.50122,0.00148887,0.030371
8.49,0,1.92539,1.96195,-0.429714,-0.17328,-0.0365606
8.49,1,-0.258831,-0.135252,-0.123396,-4.573,-0.12358
8.49,2,0.288645,0.335903,0.254835,-1.92741,-0.047258
8.49,3,0.384257,0.396262,-0.101742,-0.0590109,-0.0120056
8.49,4,-1.02332,-1.02893,0.374247,-0.142319,0.00560057
8.49,5,-0.89928,-0.929633,0.500829,0.001513,0.0303523
8.5,0,1.92077,1.95763,-0.433907,-0.172787,-0.0368627
8.5,1,-0.260036,-0.136481,-0.122639,-4.57426,-0.123555
8.5,2,0.2912,0.338455,0.25537,-1.92839,-0.0472552
8.5,3,0.383336,0.39525,-0.100741,-0.0586961,-0.0119141
8.5,4,-1.01971,-1.02518,0.374146,-0.1433,0.00547164
8.5,5,-0.894289,-0.924626,0.500452,0.00155221,0.0303375
8.51,0,1.91615,1.95327,-0.438072,-0.170707,-0.0371231
8.51,1,-0.261241,-0.137704,-0.121919,-4.57571,-0.123537
8.51,2,0.293754,0.341011,0.255874,-1.92947,-0.0472575
8.51,3,0.382416,0.394248,-0.099762,-0.0584669,-0.0118324
8.51,4,-1.0161,-1.02144,0.374027,-0.144263,0.00534382
8.51,5,-0.889297,-0.919624,0.500091,0.00160491,0.0303264
8.52,0,1.91152,1.94887,-0.44217,-0.167175,-0.0373421
8.52,1,-0.262445,-0.138919,-0.121239,-4.57732,-0.123526
8.52,2,0.296308,0.343573,0.256345,-1.93063,-0.0472647
8.52,3,0.381496,0.393256,-0.0988134,-0.058316,-0.0117604
8.52,4,-1.01249,-1.0177,0.373891,-0.145207,0.00521728
8.52,5,-0.884306,-0.914625,0.499749,0.00166949,0.0303188
8.53,0,1.9069,1.94442,-0.446167,-0.162328,-0.0375207
8.53,1,-0.26365,-0.140128,-0.120606,-4.57905,-0.123522
8.53,2,0.298862,0.346139,0.25678,-1.93185,-0.0472764
8.53,3,0.380575,0.392273,-0.0979018,-0.0582357,-0.0116977
8.53,4,-1.00887,-1.01396,0.37374,-0.146133,0.00509218
8.53,5,-0.879315,-0.909629,0.499427,0.00174434,0.0303145
8.54,0,1.90228,1.93994,-0.450032,-0.156306,-0.0376601
8.54,1,-0.264854,-0.141331,-0.120022,-4.58087,-0.123523
8.54,2,0.301416,0.348709,0.257176,-1.93312,-0.0472922
8.54,3,0.379655,0.391299,-0.0970331,-0.0582186,-0.0116438
8.54,4,-1.00526,-1.01023,0.373576,-0.147038,0.00496867
8.54,5,-0.874323,-0.904637,0.499129,0.0018279,0.0303133
8.55,0,1.89766,1.93542,-0.453738,-0.149249,-0.0377616
8.55,1,-0.266059,-0.142528,-0.119489,-4.58276,-0.123531
8.55,2,0.30397,0.351282,0.257533,-1.93442,-0.0473118
8.55,3,0.378735,0.390333,-0.0962127,-0.0582567,-0.0115984
8.55,4,-1.00165,-1.00649,0.373399,-0.147925,0.00484687
8.55,5,-0.869332,-0.899647,0.498854,0.00191862,0.0303149
8.56,0,1.89303,1.93086,-0.457261,-0.1413,-0.0378271
8.56,1,-0.267264,-0.14372,-0.119011,-4.58469,-0.123543
8.56,2,0.306525,0.353859,0.257849,-1.93574,-0.0473348
8.56,3,0.377814,0.389375,-0.0954447,-0.0583426,-0.0115609
8.56,4,-0.998034,-1.00276,0.373213,-0.148791,0.00472689
8.56,5,-0.86434,-0.89466,0.498603,0.002015,0.0303192
8.57,0,1.88841,1.92627,-0.46058,-0.132596,-0.0378584
8.57,1,-0.268468,-0.144908,-0.118589,-4.58663,-0.12356
8.57,2,0.309079,0.356439,0.258124,-1.93707,-0.0473606
8.57,3,0.376894,0.388425,-0.0947327,-0.0584686,-0.0115308
8.57,4,-0.994421,-0.999029,0.373018,-0.149638,0.00460883
8.57,5,-0.859349,-0.889675,0.498378,0.00211562,0.0303258
8.58,0,1.88379,1.92165,-0.463678,-0.123276,-0.0378578
8.58,1,-0.269673,-0.146092,-0.118223,-4.58856,-0.123581
8.58,2,0.311633,0.359022,0.258357,-1.93838,-0.047389
8.58,3,0.375973,0.387481,-0.0940794,-0.0586273,-0.0115075
8.58,4,-0.990808,-0.9953,0.372816,-0.150466,0.00449275
8.58,5,-0.854358,-0.884692,0.498179,0.00221912,0.0303346
8.59,0,1.87917,1.917,-0.466542,-0.113471,-0.0378274
8.59,1,-0.270877,-0.147272,-0.117912,-4.59046,-0.123605
8.59,2,0.314187,0.361607,0.258549,-1.93968,-0.0474195
8.59,3,0.375053,0.386543,-0.0934868,-0.0588117,-0.0114904
8.59,4,-0.987195,-0.991573,0.372609,-0.151275,0.00437872
8.59,5,-0.849366,-0.879711,0.498005,0.00232422,0.0303451
8.6,0,1.87455,1.91232,-0.46916,-0.10331,-0.0377698
8.6,1,-0.272082,-0.14845,-0.117658,-4.5923,-0.123632
8.6,2,0.316741,0.364193,0.258702,-1.94095,-0.0474517
8.6,3,0.374133,0.385612,-0.0929561,-0.0590148,-0.0114788
8.6,4,-0.983582,-0.987848,0.372399,-0.152065,0.00426678
8.6,5,-0.844375,-0.874732,0.497856,0.00242973,0.0303573
8.61,0,1.86992,1.90761,-0.471526,-0.0929137,-0.0376873
8.61,1,-0.273287,-0.149626,-0.117457,-4.59407,-0.123661
8.61,2,0.319296,0.366781,0.258815,-1.94219,-0.0474852
8.61,3,0.373212,0.384685,-0.0924878,-0.0592301,-0.0114723
8.61,4,-0.979969,-0.984126,0.372186,-0.152837,0.00415696
8.61,5,-0.839383,-0.869754,0.497733,0.00253456,0.0303709
8.62,0,1.8653,1.90288,-0.473636,-0.0823984,-0.0375826
8.62,1,-0.274491,-0.150799,-0.117309,-4.59575,-0.123692
8.62,2,0.32185,0.369369,0.258891,-1.94337,-0.0475196
8.62,3,0.372292,0.383762,-0.092082,-0.0594513,-0.01147
8.62,4,-0.976356,-0.980405,0.371973,-0.153593,0.00404927
8.62,5,-0.834392,-0.864778,0.497633,0.00263771,0.0303855
8.63,0,1.86068,1.89814,-0.475486,-0.0718725,-0.0374583
8.63,1,-0.275696,-0.151972,-0.117212,-4.59732,-0.123724
8.63,2,0.324404,0.371958,0.258931,-1.9445,-0.0475546
8.63,3,0.371372,0.382843,-0.0917378,-0.0596727,-0.0114715
8.63,4,-0.972743,-0.976686,0.371761,-0.154331,0.0039437
8.63,5,-0.829401,-0.859802,0.497556,0.00273829,0.030401
8.64,0,1.85606,1.89337,-0.477079,-0.0614367,-0.0373168
8.64,1,-0.2769,-0.153144,-0.117163,-4.59878,-0.123757
8.64,2,0.326958,0.374548,0.258937,-1.94557,-0.0475898
8.64,3,0.370451,0.381927,-0.0914541,-0.0598888,-0.0114761
8.64,4,-0.96913,-0.97297,0.371552,-0.155054,0.00384023
8.64,5,-0.824409,-0.854826,0.497501,0.00283551,0.0304172
8.65,0,1.85143,1.88859,-0.478417,-0.0511836,-0.0371608
8.65,1,-0.278105,-0.154315,-0.11716,-4.60011,-0.12379
8.65,2,0.329512,0.377137,0.258912,-1.94657,-0.0476249
8.65,3,0.369531,0.381014,-0.0912293,-0.0600948,-0.0114832
8.65,4,-0.965517,-0.969256,0.371346,-0.155762,0.00373884
8.65,5,-0.819418,-0.849852,0.497467,0.00292867,0.0304338
8.66,0,1.84681,1.8838,-0.479506,-0.0411976,-0.0369929
8.66,1,-0.27931,-0.155487,-0.117199,-4.60131,-0.123823
8.66,2,0.332066,0.379726,0.258857,-1.9475,-0.0476596
8.66,3,0.368611,0.380103,-0.0910612,-0.0602861,-0.0114923
8.66,4,-0.961904,-0.965543,0.371146,-0.156457,0.00363949
8.66,5,-0.814426,-0.844877,0.497453,0.00301719,0.0304506
8.67,0,1.84219,1.879,-0.480353,-0.0315543,-0.0368153
8.67,1,-0.280514,-0.156659,-0.117277,-4.60236,-0.123855
8.67,2,0.334621,0.382314,0.258776,-1.94836,-0.0476935
8.67,3,0.36769,0.379193,-0.0909473,-0.0604587,-0.0115027
8.67,4,-0.958291,-0.961833,0.370951,-0.157139,0.0035421
8.67,5,-0.809435,-0.839902,0.497456,0.00310057,0.0304675
8.68,0,1.83757,1.8742,-0.480968,-0.0223209,-0.0366306
8.68,1,-0.281719,-0.157833,-0.117391,-4.60327,-0.123886
8.68,2,0.337175,0.384901,0.258671,-1.94914,-0.0477266
8.68,3,0.36677,0.378284,-0.0908847,-0.060609,-0.011514
8.68,4,-0.954678,-0.958124,0.370764,-0.157809,0.00344662
8.68,5,-0.804444,-0.834928,0.497475,0.00317842,0.0304842
8.69,0,1.83294,1.86938,-0.481361,-0.0135555,-0.036441
8.69,1,-0.282923,-0.159007,-0.117537,-4.60403,-0.123916
8.69,2,0.339729,0.387487,0.258545,-1.94984,-0.0477584
8.69,3,0.365849,0.377375,-0.0908703,-0.060734,-0.0115256
8.69,4,-0.951065,-0.954418,0.370584,-0.158468,0.00335298
8.69,5,-0.799452,-0.829953,0.49751,0.00325043,0.0305007
8.7,0,1.82832,1.86457,-0.481545,-0.00530794,-0.0362486
8.7,1,-0.284128,-0.160184,-0.117711,-4.60463,-0.123944
8.7,2,0.342283,0.390072,0.258399,-1.95047,-0.0477889
8.7,3,0.364929,0.376466,-0.0909008,-0.060831,-0.0115371
8.7,4,-0.947452,-0.950713,0.370413,-0.159118,0.00326108
8.7,5,-0.794461,-0.824978,0.497557,0.0033164,0.0305167
8.71,0,1.8237,1.85975,-0.481532,0.00238063,-0.0360554
8.71,1,-0.285332,-0.161362,-0.11791,-4.60509,-0.123971
8.71,2,0.344837,0.392655,0.258238,-1.95101,-0.0478179
8.71,3,0.364009,0.375557,-0.0909725,-0.0608978,-0.0115481
8.71,4,-0.943839,-0.94701,0.370252,-0.159759,0.00317084
8.71,5,-0.789469,-0.820002,0.497617,0.00337618,0.0305322
8.72,0,1.81908,1.85494,-0.481338,0.00947733,-0.0358634
8.72,1,-0.286537,-0.162542,-0.118131,-4.6054,-0.123995
8.72,2,0.347391,0.395237,0.258064,-1.95148,-0.0478451
8.72,3,0.363088,0.374647,-0.0910819,-0.0609329,-0.0115582
8.72,4,-0.940226,-0.943308,0.370101,-0.160393,0.00308216
8.72,5,-0.784478,-0.815025,0.497686,0.00342974,0.0305471
8.73,0,1.81445,1.85013,-0.480976,0.0159573,-0.0356743
8.73,1,-0.287742,-0.163725,-0.118369,-4.60557,-0.124017
8.73,2,0.349946,0.397816,0.257878,-1.95187,-0.0478706
8.73,3,0.362168,0.373735,-0.0912251,-0.0609348,-0.011567
8.73,4,-0.936613,-0.939608,0.36996,-0.16102,0.00299494
8.73,5,-0.779487,-0.810048,0.497763,0.00347707,0.0305612
8.74,0,1.80983,1.84532,-0.480462,0.0218032,-0.0354896
8.74,1,-0.288946,-0.16491,-0.118621,-4.60559,-0.124036
8.74,2,0.3525,0.400394,0.257684,-1.95219,-0.0478941
8.74,3,0.361248,0.372822,-0.0913983,-0.0609027,-0.0115742
8.74,4,-0.933,-0.935909,0.369829,-0.161642,0.00290906
8.74,5,-0.774495,-0.80507,0.497848,0.00351826,0.0305745
8.75,0,1.80521,1.84052,-0.479813,0.0270052,-0.0353108
8.75,1,-0.290151,-0.166097,-0.118884,-4.60548,-0.124053
8.75,2,0.355054,0.40297,0.257485,-1.95244,-0.0479157
8.75,3,0.360327,0.371907,-0.0915977,-0.0608362,-0.0115795
8.75,4,-0.929387,-0.932211,0.36971,-0.162259,0.00282443
8.75,5,-0.769504,-0.800091,0.497938,0.00355346,0.0305869
8.76,0,1.80059,1.83573,-0.479043,0.0315602,-0.0351392
8.76,1,-0.291355,-0.167288,-0.119154,-4.60524,-0.124068
8.76,2,0.357608,0.405543,0.257282,-1.95262,-0.0479353
8.76,3,0.359407,0.37099,-0.0918193,-0.060735,-0.0115827
8.76,4,-0.925774,-0.928515,0.369601,-0.162873,0.00274094
8.76,5,-0.764512,-0.795111,0.498031,0.00358284,0.0305985
8.77,0,1.79596,1.83094,-0.478169,0.0354716,-0.0349759
8.77,1,-0.29256,-0.168481,-0.119428,-4.60488,-0.124079
8.77,2,0.360162,0.408115,0.257077,-1.95274,-0.0479528
8.77,3,0.358487,0.37007,-0.0920595,-0.0605996,-0.0115835
8.77,4,-0.922161,-0.924819,0.369503,-0.163484,0.00265847
8.77,5,-0.759521,-0.79013,0.498128,0.00360666,0.030609
8.78,0,1.79134,1.82616,-0.477207,0.0387485,-0.0348218
8.78,1,-0.293765,-0.169677,-0.119704,-4.60441,-0.124088
8.78,2,0.362716,0.410685,0.256873,-1.95279,-0.0479683
8.78,3,0.357566,0.369148,-0.0923145,-0.0604303,-0.0115819
8.78,4,-0.918548,-0.921125,0.369416,-0.164093,0.00257692
8.78,5,-0.75453,-0.785148,0.498226,0.00362517,0.0306186
8.79,0,1.78672,1.8214,-0.476172,0.0414056,-0.0346778
8.79,1,-0.294969,-0.170875,-0.119978,-4.60383,-0.124094
8.79,2,0.365271,0.413252,0.256672,-1.9528,-0.0479817
8.79,3,0.356646,0.368223,-0.0925809,-0.0602281,-0.0115777
8.79,4,-0.914935,-0.917431,0.369339,-0.1647,0.00249619
8.79,5,-0.749538,-0.780165,0.498324,0.0036387,0.0306272
8.8,0,1.7821,1.81664,-0.475079,0.0434625,-0.0345444
8.8,1,-0.296174,-0.172076,-0.120249,-4.60315,-0.124097
8.8,2,0.367825,0.415818,0.256474,-1.95274,-0.0479932
8.8,3,0.355725,0.367296,-0.0928551,-0.0599941,-0.0115707
8.8,4,-0.911322,-0.913738,0.369273,-0.165307,0.00241616
8.8,5,-0.744547,-0.775182,0.498422,0.00364756,0.0306348
8.81,0,1.77748,1.8119,-0.473944,0.044943,-0.0344222
8.81,1,-0.297378,-0.17328,-0.120513,-4.60238,-0.124098
8.81,2,0.370379,0.418382,0.256283,-1.95265,-0.0480027
8.81,3,0.354805,0.366366,-0.093134,-0.0597296,-0.011561
8.81,4,-0.907709,-0.910045,0.369215,-0.165914,0.00233676
8.81,5,-0.739555,-0.770197,0.498517,0.00365213,0.0306415
8.82,0,1.77285,1.80716,-0.472779,0.0458748,-0.0343115
8.82,1,-0.298583,-0.174487,-0.120769,-4.60154,-0.124096
8.82,2,0.372933,0.420943,0.256098,-1.95251,-0.0480103
8.82,3,0.353885,0.365433,-0.0934145,-0.0594361,-0.0115485
8.82,4,-0.904096,-0.906354,0.369167,-0.166521,0.00225787
8.82,5,-0.734564,-0.765211,0.49861,0.00365276,0.0306472
8.83,0,1.76823,1.80244,-0.471598,0.0462889,-0.0342126
8.83,1,-0.299788,-0.175696,-0.121015,-4.60062,-0.124092
8.83,2,0.375487,0.423503,0.255922,-1.95233,-0.0480162
8.83,3,0.352964,0.364498,-0.0936938,-0.0591153,-0.0115332
8.83,4,-0.900483,-0.902662,0.369128,-0.167129,0.00217942
8.83,5,-0.729573,-0.760225,0.4987,0.00364984,0.030652
8.84,0,1.76361,1.79773,-0.470413,0.0462189,-0.0341255
8.84,1,-0.300992,-0.176907,-0.12125,-4.59964,-0.124085
8.84,2,0.378041,0.426062,0.255754,-1.95212,-0.0480203
8.84,3,0.352044,0.363559,-0.0939692,-0.0587692,-0.0115151
8.84,4,-0.89687,-0.898971,0.369096,-0.167737,0.00210132
8.84,5,-0.724581,-0.755237,0.498786,0.00364374,0.0306559
8.85,0,1.75899,1.79304,-0.469237,0.0457007,-0.0340503
8.85,1,-0.302197,-0.178121,-0.121471,-4.59861,-0.124076
8.85,2,0.380596,0.428618,0.255597,-1.95188,-0.0480228
8.85,3,0.351124,0.362618,-0.0942383,-0.0583996,-0.0114943
8.85,4,-0.893257,-0.89528,0.369071,-0.168348,0.0020235
8.85,5,-0.71959,-0.750249,0.498867,0.00363486,0.030659
8.86,0,1.75436,1.78835,-0.468079,0.044772,-0.0339867
8.86,1,-0.303401,-0.179337,-0.121678,-4.59754,-0.124064
8.86,2,0.38315,0.431174,0.25545,-1.95161,-0.0480238
8.86,3,0.350203,0.361674,-0.0944989,-0.0580086,-0.0114708
8.86,4,-0.889644,-0.89159,0.369053,-0.16896,0.00194588
8.86,5,-0.714598,-0.74526,0.498943,0.00362358,0.0306613
8.87,0,1.74974,1.78368,-0.46695,0.0434717,-0.0339345
8.87,1,-0.304606,-0.180555,-0.121871,-4.59643,-0.124051
8.87,2,0.385704,0.433727,0.255315,-1.95133,-0.0480234
8.87,3,0.349283,0.360728,-0.0947491,-0.0575984,-0.0114448
8.87,4,-0.886031,-0.887899,0.369041,-0.169573,0.00186842
8.87,5,-0.709607,-0.74027,0.499014,0.00361026,0.0306629
8.88,0,1.74512,1.77901,-0.465858,0.0418394,-0.0338934
8.88,1,-0.305811,-0.181775,-0.122048,-4.5953,-0.124036
8.88,2,0.388258,0.43628,0.255191,-1.95103,-0.0480216
8.88,3,0.348363,0.359779,-0.0949873,-0.057171,-0.0114163
8.88,4,-0.882418,-0.884209,0.369033,-0.170188,0.00179106
8.88,5,-0.704616,-0.735279,0.499079,0.00359527,0.0306638
8.89,0,1.7405,1.77436,-0.464812,0.0399151,-0.033863
8.89,1,-0.307015,-0.182996,-0.122209,-4.59414,-0.124019
8.89,2,0.390812,0.438831,0.255079,-1.95072,-0.0480188
8.89,3,0.347442,0.358828,-0.0952119,-0.0567287,-0.0113856
8.89,4,-0.878805,-0.880518,0.36903,-0.170805,0.00171374
8.89,5,-0.699624,-0.730288,0.499138,0.00357896,0.0306641
8.9,0,1.73587,1.76972,-0.463817,0.0377387,-0.0338428
8.9,1,-0.30822,-0.184219,-0.122354,-4.59297,-0.124001
8.9,2,0.393366,0.441381,0.254979,-1.9504,-0.0480148
8.9,3,0.346522,0.357874,-0.0954218,-0.0562735,-0.0113527
8.9,4,-0.875192,-0.876828,0.369031,-0.171424,0.00163643
8.9,5,-0.694633,-0.725297,0.499191,0.00356166,0.0306638
8.91,0,1.73125,1.76508,-0.462879,0.0353499,-0.0338322
8.91,1,-0.309424,-0.185443,-0.122483,-4.5918,-0.123981
8.91,2,0.395921,0.443931,0.25489,-1.95008,-0.0480099
8.91,3,0.345601,0.356919,-0.095616,-0.0558077,-0.0113177
8.91,4,-0.871579,-0.873138,0.369034,-0.172044,0.00155911
8.91,5,-0.689641,-0.720304,0.499238,0.00354369,0.030663
8.92,0,1.72663,1.76046,-0.462004,0.0327872,-0.0338307
8.92,1,-0.310629,-0.186669,-0.122596,-4.59063,-0.12396
8.92,2,0.398475,0.446479,0.254813,-1.94975,-0.0480042
8.92,3,0.344681,0.355962,-0.0957936,-0.0553332,-0.0112809
8.92,4,-0.867966,-0.869447,0.369039,-0.172666,0.00148174
8.92,5,-0.68465,-0.715312,0.499279,0.00352533,0.0306618
8.93,0,1.72201,1.75584,-0.461196,0.0300884,-0.0338375
8.93,1,-0.311834,-0.187895,-0.122693,-4.58946,-0.123938
8.93,2,0.401029,0.449027,0.254747,-1.94943,-0.0479978
8.93,3,0.343761,0.355003,-0.0959542,-0.0548522,-0.0112425
8.93,4,-0.864353,-0.865757,0.369046,-0.173288,0.00140431
8.93,5,-0.679659,-0.710319,0.499314,0.00350686,0.0306602
8.94,0,1.71738,1.75124,-0.460457,0.0272896,-0.033852
8.94,1,-0.313038,-0.189123,-0.122774,-4.5883,-0.123916
8.94,2,0.403583,0.451574,0.254692,-1.94911,-0.0479908
8.94,3,0.34284,0.354043,-0.0960975,-0.0543664,-0.0112025
8.94,4,-0.86074,-0.862067,0.369053,-0.173912,0.00132681
8.94,5,-0.674667,-0.705326,0.499343,0.00348852,0.0306583
8.95,0,1.71276,1.74664,-0.45979,0.0244255,-0.0338736
8.95,1,-0.314243,-0.190351,-0.122841,-4.58716,-0.123892
8.95,2,0.406137,0.454121,0.254647,-1.94879,-0.0479833
8.95,3,0.34192,0.353081,-0.0962232,-0.0538778,-0.0111612
8.95,4,-0.857127,-0.858376,0.36906,-0.174536,0.00124924
8.95,5,-0.669676,-0.700332,0.499367,0.00347055,0.0306561
8.96,0,1.70814,1.74204,-0.459195,0.0215288,-0.0339014
8.96,1,-0.315447,-0.191579,-0.122894,-4.58604,-0.123868
8.96,2,0.408691,0.456667,0.254612,-1.94849,-0.0479754
8.96,3,0.341,0.352118,-0.0963314,-0.0533881,-0.0111187
8.96,4,-0.853514,-0.854685,0.369067,-0.175161,0.00117159
8.96,5,-0.664684,-0.695338,0.499385,0.00345314,0.0306538
8.97,0,1.70352,1.73745,-0.458674,0.0186304,-0.0339348
8.97,1,-0.316652,-0.192809,-0.122933,-4.58494,-0.123843
8.97,2,0.411246,0.459213,0.254587,-1.94819,-0.0479672
8.97,3,0.340079,0.351154,-0.0964223,-0.0528989,-0.0110752
8.97,4,-0.849901,-0.850995,0.369072,-0.175785,0.00109389
8.97,5,-0.659693,-0.690344,0.499399,0.00343648,0.0306512
8.98,0,1.69889,1.73287,-0.458225,0.0157587,-0.0339729
8.98,1,-0.317857,-0.194038,-0.12296,-4.58386,-0.123819
8.98,2,0.4138,0.461759,0.254569,-1.9479,-0.0479588
8.98,3,0.339159,0.35019,-0.0964963,-0.0524117,-0.011031
8.98,4,-0.846288,-0.847304,0.369076,-0.176409,0.00101614
8.98,5,-0.654702,-0.68535,0.499407,0.00342071,0.0306486
8.99,0,1.69427,1.72829,-0.457849,0.01294,-0.0340152
8.99,1,-0.319061,-0.195268,-0.122976,-4.58281,-0.123793
8.99,2,0.416354,0.464304,0.25456,-1.94763,-0.0479503
8.99,3,0.338239,0.349225,-0.0965539,-0.0519279,-0.010986
8.99,4,-0.842675,-0.843613,0.369078,-0.177032,0.000938361
8.99,5,-0.64971,-0.680356,0.499411,0.00340597,0.0306459
9,0,1.68965,1.72371,-0.457544,0.0101982,-0.0340608
9,1,-0.320266,-0.196498,-0.122981,-4.58179,-0.123768
9,2,0.418908,0.46685,0.254557,-1.94736,-0.0479417
9,3,0.337318,0.348259,-0.0965956,-0.0514487,-0.0109406
9,4,-0.839062,-0.839922,0.369078,-0.177654,0.000860577
9,5,-0.644719,-0.675362,0.499412,0.00339236,0.0306432
9.01,0,1.68503,1.71914,-0.457307,0.00755481,-0.0341091
9.01,1,-0.32147,-0.197727,-0.122977,-4.58079,-0.123743
9.01,2,0.421462,0.469395,0.254561,-1.94711,-0.0479331
9.01,3,0.336398,0.347293,-0.0966223,-0.0509752,-0.0108949
9.01,4,-0.835449,-0.836232,0.369074,-0.178274,0.000782815
9.01,5,-0.639727,-0.670368,0.499408,0.00337997,0.0306405
9.02,0,1.68041,1.71456,-0.457135,0.00502874,-0.0341594
9.02,1,-0.322675,-0.198957,-0.122964,-4.57983,-0.123718
9.02,2,0.424016,0.471941,0.25457,-1.94688,-0.0479246
9.02,3,0.335477,0.346326,-0.0966346,-0.0505084,-0.0108489
9.02,4,-0.831836,-0.832541,0.369067,-0.178893,0.000705106
9.02,5,-0.634736,-0.665374,0.499401,0.00336887,0.0306378
9.03,0,1.67578,1.70999,-0.457027,0.00263649,-0.0342111
9.03,1,-0.32388,-0.200187,-0.122944,-4.57889,-0.123693
9.03,2,0.426571,0.474487,0.254584,-1.94665,-0.0479162
9.03,3,0.334557,0.34536,-0.0966336,-0.0500492,-0.0108029
9.03,4,-0.828223,-0.82885,0.369057,-0.179509,0.000627484
9.03,5,-0.629745,-0.66038,0.499391,0.0033591,0.0306353
9.04,0,1.67116,1.70542,-0.456978,0.000392105,-0.0342635
9.04,1,-0.325084,-0.201416,-0.122917,-4.57798,-0.123668
9.04,2,0.429125,0.477033,0.254601,-1.94644,-0.0479079
9.04,3,0.333637,0.344394,-0.0966201,-0.0495982,-0.010757
9.04,4,-0.82461,-0.82516,0.369043,-0.180122,0.000549985
9.04,5,-0.624753,-0.655386,0.499378,0.00335067,0.0306328
9.05,0,1.66654,1.70085,-0.456984,-0.00169281,-0.0343161
9.05,1,-0.326289,-0.202645,-0.122886,-4.5771,-0.123644
9.05,2,0.431679,0.479579,0.254622,-1.94624,-0.0478999
9.05,3,0.332716,0.343428,-0.0965953,-0.049156,-0.0107113
9.05,4,-0.820997,-0.821469,0.369025,-0.180731,0.000472647
9.05,5,-0.619762,-0.650392,0.499363,0.00334361,0.0306305
9.06,0,1.66192,1.69628,-0.457042,-0.00360902,-0.0343684
9.06,1,-0.327493,-0.203874,-0.12285,-4.57624,-0.12362
9.06,2,0.434233,0.482125,0.254646,-1.94605,-0.0478921
9.06,3,0.331796,0.342462,-0.0965601,-0.0487231,-0.0106659
9.06,4,-0.817384,-0.817779,0.369003,-0.181338,0.000395509
9.06,5,-0.61477,-0.645399,0.499347,0.00333791,0.0306284
9.07,0,1.65729,1.69171,-0.457148,-0.00534953,-0.0344198
9.07,1,-0.328698,-0.205102,-0.122811,-4.57541,-0.123596
9.07,2,0.436787,0.484672,0.254671,-1.94588,-0.0478845
9.07,3,0.330876,0.341497,-0.0965155,-0.0482998,-0.0106209
9.07,4,-0.813771,-0.814089,0.368977,-0.18194,0.000318613
9.07,5,-0.609779,-0.640405,0.499328,0.00333354,0.0306264
9.08,0,1.65267,1.68714,-0.457296,-0.00690957,-0.0344699
9.08,1,-0.329903,-0.20633,-0.12277,-4.57461,-0.123573
9.08,2,0.439341,0.487219,0.254697,-1.94571,-0.0478772
9.08,3,0.329955,0.340532,-0.0964628,-0.0478864,-0.0105764
9.08,4,-0.810158,-0.8104,0.368947,-0.182538,0.000242
9.08,5,-0.604788,-0.635412,0.499309,0.00333046,0.0306246
9.09,0,1.64805,1.68257,-0.457483,-0.00828643,-0.0345184
9.09,1,-0.331107,-0.207557,-0.122727,-4.57382,-0.12355
9.09,2,0.441896,0.489766,0.254723,-1.94555,-0.0478701
9.09,3,0.329035,0.339567,-0.0964028,-0.047483,-0.0105325
9.09,4,-0.806545,-0.806711,0.368913,-0.183131,0.000165711
9.09,5,-0.599796,-0.630419,0.499289,0.00332863,0.030623
9.1,0,1.64343,1.67799,-0.457703,-0.00947936,-0.0345647
9.1,1,-0.332312,-0.208784,-0.122684,-4.57305,-0.123528
9.1,2,0.44445,0.492313,0.25475,-1.9454,-0.0478633
9.1,3,0.328115,0.338604,-0.0963369,-0.0470895,-0.0104892
9.1,4,-0.802932,-0.803022,0.368874,-0.183719,8.97882e-05
9.1,5,-0.594805,-0.625427,0.499268,0.00332799,0.0306217
9.11,0,1.6388,1.67341,-0.457953,-0.0104894,-0.0346087
9.11,1,-0.333516,-0.210011,-0.122642,-4.5723,-0.123506
9.11,2,0.447004,0.494861,0.254775,-1.94525,-0.0478568
9.11,3,0.327194,0.337641,-0.0962658,-0.0467059,-0.0104465
9.11,4,-0.799319,-0.799333,0.368832,-0.184302,1.42718e-05
9.11,5,-0.589813,-0.620434,0.499247,0.00332848,0.0306205
9.12,0,1.63418,1.66883,-0.458228,-0.0113193,-0.0346501
9.12,1,-0.334721,-0.211237,-0.1226,-4.57156,-0.123484
9.12,2,0.449558,0.497409,0.2548,-1.94511,-0.0478505
9.12,3,0.326274,0.336678,-0.0961908,-0.0463321,-0.0104047
9.12,4,-0.795706,-0.795645,0.368785,-0.184879,-6.0798e-05
9.12,5,-0.584822,-0.615442,0.499226,0.00333002,0.0306196
9.13,0,1.62956,1.66425,-0.458523,-0.0119734,-0.0346886
9.13,1,-0.335926,-0.212463,-0.12256,-4.57083,-0.123463
9.13,2,0.452112,0.499957,0.254822,-1.94498,-0.0478445
9.13,3,0.325353,0.335717,-0.0961127,-0.0459678,-0.0103635
9.13,4,-0.792093,-0.791957,0.368735,-0.185451,-0.000135383
9.13,5,-0.579831,-0.610449,0.499205,0.00333254,0.0306188
9.14,0,1.62494,1.65966,-0.458835,-0.0124574,-0.034724
9.14,1,-0.33713,-0.213688,-0.122523,-4.57011,-0.123442
9.14,2,0.454667,0.502505,0.254843,-1.94485,-0.0478386
9.14,3,0.324433,0.334756,-0.0960326,-0.0456127,-0.0103232
9.14,4,-0.78848,-0.78827,0.368681,-0.186016,-0.000209444
9.14,5,-0.574839,-0.605458,0.499185,0.00333594,0.0306183
9.15,0,1.62031,1.65507,-0.459158,-0.012778,-0.0347563
9.15,1,-0.338335,-0.214913,-0.122489,-4.56939,-0.123422
9.15,2,0.457221,0.505054,0.254861,-1.94471,-0.047833
9.15,3,0.323513,0.333796,-0.0959512,-0.0452663,-0.0102837
9.15,4,-0.784867,-0.784584,0.368624,-0.186576,-0.000282948
9.15,5,-0.569848,-0.600466,0.499165,0.00334016,0.0306179
9.16,0,1.61569,1.65048,-0.459489,-0.0129434,-0.0347853
9.16,1,-0.339539,-0.216138,-0.122458,-4.56868,-0.123401
9.16,2,0.459775,0.507602,0.254877,-1.94458,-0.0478275
9.16,3,0.322592,0.332837,-0.0958695,-0.0449284,-0.010245
9.16,4,-0.781254,-0.780898,0.368563,-0.187129,-0.00035586
9.16,5,-0.564856,-0.595474,0.499146,0.00334509,0.0306178
9.17,0,1.61107,1.64588,-0.459825,-0.0129624,-0.0348109
9.17,1,-0.340744,-0.217362,-0.122431,-4.56797,-0.123382
9.17,2,0.462329,0.510151,0.25489,-1.94445,-0.0478222
9.17,3,0.321672,0.331879,-0.0957881,-0.0445984,-0.0102071
9.17,4,-0.777641,-0.777213,0.3685,-0.187675,-0.000428148
9.17,5,-0.559865,-0.590483,0.499128,0.00335065,0.0306178
9.18,0,1.60645,1.64128,-0.460161,-0.0128447,-0.0348332
9.18,1,-0.341949,-0.218587,-0.122408,-4.56726,-0.123362
9.18,2,0.464883,0.5127,0.254899,-1.94431,-0.047817
9.18,3,0.320752,0.330922,-0.0957079,-0.0442758,-0.0101701
9.18,4,-0.774028,-0.773528,0.368433,-0.188215,-0.000499783
9.18,5,-0.554874,-0.585492,0.499111,0.00335675,0.030618
9.19,0,1.60182,1.63668,-0.460495,-0.0126006,-0.0348521
9.19,1,-0.343153,-0.21981,-0.122389,-4.56654,-0.123343
9.19,2,0.467437,0.515249,0.254905,-1.94417,-0.0478118
9.19,3,0.319831,0.329965,-0.0956294,-0.0439601,-0.0101338
9.19,4,-0.770415,-0.769844,0.368364,-0.188748,-0.000570739
9.19,5,-0.549882,-0.580501,0.499096,0.00336331,0.0306184
9.2,0,1.5972,1.63207,-0.460823,-0.0122408,-0.0348678
9.2,1,-0.344358,-0.221034,-0.122375,-4.56581,-0.123323
9.2,2,0.469992,0.517798,0.254908,-1.94402,-0.0478067
9.2,3,0.318911,0.329009,-0.0955533,-0.0436507,-0.0100983
9.2,4,-0.766802,-0.766161,0.368292,-0.189274,-0.00064099
9.2,5,-0.544891,-0.57551,0.499081,0.00337024,0.0306189
9.21,0,1.59258,1.62746,-0.461143,-0.0117766,-0.0348801
9.21,1,-0.345562,-0.222258,-0.122365,-4.56508,-0.123304
9.21,2,0.472546,0.520347,0.254908,-1.94386,-0.0478017
9.21,3,0.317991,0.328054,-0.09548,-0.043347,-0.0100635
9.21,4,-0.763189,-0.762478,0.368219,-0.189794,-0.000710516
9.21,5,-0.539899,-0.570519,0.499068,0.00337746,0.0306196
9.22,0,1.58796,1.62285,-0.461452,-0.0112193,-0.0348894
9.22,1,-0.346767,-0.223482,-0.122361,-4.56433,-0.123285
9.22,2,0.4751,0.522896,0.254903,-1.9437,-0.0477965
9.22,3,0.31707,0.3271,-0.09541,-0.0430485,-0.0100295
9.22,4,-0.759576,-0.758797,0.368144,-0.190306,-0.000779295
9.22,5,-0.534908,-0.565528,0.499056,0.00338489,0.0306204
9.23,0,1.58334,1.61823,-0.461748,-0.0105802,-0.0348956
9.23,1,-0.347971,-0.224705,-0.122361,-4.56357,-0.123266
9.23,2,0.477654,0.525445,0.254896,-1.94353,-0.0477914
9.23,3,0.31615,0.326146,-0.0953437,-0.0427546,-0.00999608
9.23,4,-0.755963,-0.755116,0.368067,-0.190812,-0.000847313
9.23,5,-0.529917,-0.560538,0.499046,0.00339246,0.0306213
9.24,0,1.57871,1.61361,-0.462029,-0.00987082,-0.0348989
9.24,1,-0.349176,-0.225929,-0.122366,-4.56279,-0.123247
9.24,2,0.480208,0.527994,0.254885,-1.94335,-0.0477861
9.24,3,0.315229,0.325193,-0.0952813,-0.0424648,-0.00996336
9.24,4,-0.75235,-0.751435,0.367989,-0.191311,-0.000914555
9.24,5,-0.524925,-0.555548,0.499037,0.0034001,0.0306222
9.25,0,1.57409,1.60899,-0.462293,-0.00910237,-0.0348996
9.25,1,-0.350381,-0.227153,-0.122375,-4.562,-0.123228
9.25,2,0.482762,0.530543,0.254871,-1.94316,-0.0477807
9.25,3,0.314309,0.32424,-0.0952233,-0.0421783,-0.00993123
9.25,4,-0.748737,-0.747756,0.367909,-0.191803,-0.000981008
9.25,5,-0.519934,-0.550557,0.499029,0.00340776,0.0306233
9.26,0,1.56947,1.60437,-0.46254,-0.00828589,-0.0348976
9.26,1,-0.351585,-0.228376,-0.122389,-4.56119,-0.123209
9.26,2,0.485317,0.533092,0.254854,-1.94296,-0.0477751
9.26,3,0.313389,0.323288,-0.0951697,-0.0418948,-0.00989966
9.26,4,-0.745124,-0.744077,0.367829,-0.192288,-0.00104666
9.26,5,-0.514942,-0.545567,0.499023,0.00341536,0.0306245
9.27,0,1.56485,1.59974,-0.462767,-0.00743207,-0.0348934
9.27,1,-0.35279,-0.2296,-0.122408,-4.56036,-0.12319
9.27,2,0.487871,0.53564,0.254833,-1.94275,-0.0477694
9.27,3,0.312468,0.322337,-0.0951206,-0.0416137,-0.0098686
9.27,4,-0.741511,-0.740399,0.367749,-0.192766,-0.00111152
9.27,5,-0.509951,-0.540577,0.499018,0.00342286,0.0306257
9.28,0,1.56022,1.59511,-0.462975,-0.00655121,-0.0348869
9.28,1,-0.353994,-0.230825,-0.122431,-4.5595,-0.12317
9.28,2,0.490425,0.538188,0.25481,-1.94252,-0.0477634
9.28,3,0.311548,0.321386,-0.0950762,-0.0413343,-0.00983801
9.28,4,-0.737898,-0.736722,0.367668,-0.193238,-0.00117556
9.28,5,-0.50496,-0.535587,0.499014,0.0034302,0.0306269
9.29,0,1.5556,1.59048,-0.463162,-0.00565312,-0.0348785
9.29,1,-0.355199,-0.232049,-0.122457,-4.55863,-0.12315
9.29,2,0.492979,0.540736,0.254784,-1.94229,-0.0477572
9.29,3,0.310628,0.320435,-0.0950366,-0.0410564,-0.00980783
9.29,4,-0.734285,-0.733046,0.367587,-0.193704,-0.0012388
9.29,5,-0.499968,-0.530596,0.499012,0.00343736,0.0306282
9.3,0,1.55098,1.58585,-0.463329,-0.0047471,-0.0348683
9.3,1,-0.356404,-0.233274,-0.122488,-4.55773,-0.12313
9.3,2,0.495533,0.543284,0.254756,-1.94203,-0.0477507
9.3,3,0.309707,0.319485,-0.0950015,-0.0407794,-0.00977803
9.3,4,-0.730672,-0.729371,0.367506,-0.194163,-0.00130122
9.3,5,-0.494977,-0.525606,0.49901,0.0034443,0.0306295
9.31,0,1.54636,1.58121,-0.463474,-0.00384183,-0.0348566
9.31,1,-0.357608,-0.234499,-0.122521,-4.55681,-0.123109
9.31,2,0.498087,0.545831,0.254725,-1.94177,-0.047744
9.31,3,0.308787,0.318535,-0.0949711,-0.0405028,-0.00974855
9.31,4,-0.727059,-0.725696,0.367425,-0.194615,-0.00136283
9.31,5,-0.489986,-0.520616,0.499009,0.00345098,0.0306308
9.32,0,1.54173,1.57658,-0.463599,-0.00294537,-0.0348435
9.32,1,-0.358813,-0.235724,-0.122558,-4.55587,-0.123089
9.32,2,0.500642,0.548378,0.254692,-1.94149,-0.0477369
9.32,3,0.307867,0.317586,-0.0949451,-0.0402264,-0.00971935
9.32,4,-0.723446,-0.722022,0.367344,-0.195061,-0.00142364
9.32,5,-0.484994,-0.515626,0.49901,0.00345738,0.0306321
9.33,0,1.53711,1.57194,-0.463703,-0.00206512,-0.0348293
9.33,1,-0.360017,-0.23695,-0.122598,-4.5549,-0.123067
9.33,2,0.503196,0.550925,0.254658,-1.9412,-0.0477294
9.33,3,0.306946,0.316637,-0.0949235,-0.0399497,-0.00969038
9.33,4,-0.719833,-0.718349,0.367265,-0.195502,-0.00148365
9.33,5,-0.480003,-0.510636,0.499011,0.00346348,0.0306334
9.34,0,1.53249,1.5673,-0.463787,-0.0012078,-0.0348142
9.34,1,-0.361222,-0.238176,-0.12264,-4.55391,-0.123046
9.34,2,0.50575,0.553472,0.254622,-1.94089,-0.0477217
9.34,3,0.306026,0.315687,-0.0949061,-0.0396725,-0.00966161
9.34,4,-0.71622,-0.714677,0.367186,-0.195936,-0.00154287
9.34,5,-0.475011,-0.505646,0.499013,0.00346927,0.0306346
9.35,0,1.52787,1.56267,-0.463852,-0.000379416,-0.0347984
9.35,1,-0.362427,-0.239403,-0.122685,-4.5529,-0.123024
9.35,2,0.508304,0.556018,0.254584,-1.94057,-0.0477135
9.35,3,0.305105,0.314738,-0.0948926,-0.0393944,-0.00963299
9.35,4,-0.712607,-0.711006,0.367107,-0.196364,-0.0016013
9.35,5,-0.47002,-0.500656,0.499016,0.00347474,0.0306359
9.36,0,1.52324,1.55803,-0.463898,0.000414741,-0.034782
9.36,1,-0.363631,-0.24063,-0.122731,-4.55186,-0.123001
9.36,2,0.510858,0.558563,0.254546,-1.94024,-0.047705
9.36,3,0.304185,0.31379,-0.0948828,-0.0391152,-0.00960449
9.36,4,-0.708994,-0.707335,0.36703,-0.196787,-0.00165895
9.36,5,-0.465029,-0.495666,0.499019,0.00347989,0.0306371
9.37,0,1.51862,1.55339,-0.463926,0.00117008,-0.0347652
9.37,1,-0.364836,-0.241858,-0.122779,-4.5508,-0.122978
9.37,2,0.513412,0.561108,0.254506,-1.93989,-0.047696
9.37,3,0.303265,0.312841,-0.0948765,-0.0388347,-0.00957606
9.37,4,-0.705381,-0.703665,0.366954,-0.197204,-0.00171583
9.37,5,-0.460037,-0.490675,0.499023,0.00348471,0.0306383
9.38,0,1.514,1.54875,-0.463937,0.00188274,-0.0347482
9.38,1,-0.36604,-0.243086,-0.122828,-4.54971,-0.122955
9.38,2,0.515967,0.563653,0.254466,-1.93953,-0.0476867
9.38,3,0.302344,0.311892,-0.0948734,-0.0385528,-0.00954768
9.38,4,-0.701768,-0.699996,0.366879,-0.197615,-0.00177196
9.38,5,-0.455046,-0.485685,0.499027,0.0034892,0.0306395
9.39,0,1.50938,1.54411,-0.463933,0.00254951,-0.0347313
9.39,1,-0.367245,-0.244314,-0.122878,-4.5486,-0.122931
9.39,2,0.518521,0.566198,0.254425,-1.93916,-0.047677
9.39,3,0.301424,0.310943,-0.0948733,-0.0382692,-0.00951931
9.39,4,-0.698155,-0.696328,0.366805,-0.198021,-0.00182735
9.39,5,-0.450054,-0.480695,0.499031,0.00349338,0.0306406
9.4,0,1.50475,1.53947,-0.463915,0.0031679,-0.0347144
9.4,1,-0.36845,-0.245543,-0.122928,-4.54747,-0.122906
9.4,2,0.521075,0.568742,0.254384,-1.93877,-0.0476668
9.4,3,0.300504,0.309995,-0.0948758,-0.0379839,-0.00949093
9.4,4,-0.694542,-0.69266,0.366732,-0.198422,-0.001882
9.4,5,-0.445063,-0.475705,0.499036,0.00349726,0.0306416
9.41,0,1.50013,1.53483,-0.463883,0.00373604,-0.0346978
9.41,1,-0.369654,-0.246773,-0.122979,-4.54632,-0.122881
9.41,2,0.523629,0.571285,0.254343,-1.93838,-0.0476563
9.41,3,0.299583,0.309046,-0.0948806,-0.0376968,-0.00946252
9.41,4,-0.690929,-0.688993,0.366661,-0.198818,-0.00193593
9.41,5,-0.440072,-0.470714,0.499041,0.00350083,0.0306426
9.42,0,1.49551,1.53019,-0.463839,0.00425269,-0.0346816
9.42,1,-0.370859,-0.248003,-0.12303,-4.54515,-0.122856
9.42,2,0.526183,0.573829,0.254302,-1.93796,-0.0476453
9.42,3,0.298663,0.308097,-0.0948875,-0.0374079,-0.00943404
9.42,4,-0.687316,-0.685327,0.36659,-0.199208,-0.00198915
9.42,5,-0.43508,-0.465724,0.499046,0.00350413,0.0306436
9.43,0,1.49089,1.52555,-0.463784,0.00471722,-0.0346659
9.43,1,-0.372063,-0.249233,-0.123082,-4.54395,-0.12283
9.43,2,0.528737,0.576371,0.254262,-1.93754,-0.0476339
9.43,3,0.297742,0.307148,-0.0948962,-0.0371171,-0.00940548
9.43,4,-0.683703,-0.681661,0.366521,-0.199594,-0.00204167
9.43,5,-0.430089,-0.460733,0.499051,0.00350715,0.0306445
9.44,0,1.48627,1.52092,-0.46372,0.00512951,-0.0346508
9.44,1,-0.373268,-0.250465,-0.123132,-4.54274,-0.122803
9.44,2,0.531292,0.578914,0.254221,-1.93711,-0.0476222
9.44,3,0.296822,0.306199,-0.0949063,-0.0368245,-0.00937683
9.44,4,-0.68009,-0.677996,0.366453,-0.199975,-0.00209352
9.44,5,-0.425097,-0.455743,0.499056,0.00350993,0.0306454
9.45,0,1.48164,1.51628,-0.463648,0.00549,-0.0346363
9.45,1,-0.374473,-0.251696,-0.123182,-4.54151,-0.122776
9.45,2,0.533846,0.581456,0.254181,-1.93666,-0.04761
9.45,3,0.295902,0.30525,-0.0949176,-0.0365301,-0.00934807
9.45,4,-0.676477,-0.674332,0.366387,-0.200351,-0.00214468
9.45,5,-0.420106,-0.450752,0.499061,0.00351249,0.0306462
9.46,0,1.47702,1.51164,-0.463569,0.00579958,-0.0346227
9.46,1,-0.375677,-0.252928,-0.123232,-4.54026,-0.122749
9.46,2,0.5364,0.583997,0.254142,-1.93621,-0.0475974
9.46,3,0.294981,0.304301,-0.0949298,-0.036234,-0.00931919
9.46,4,-0.672864,-0.670669,0.366321,-0.200722,-0.00219519
9.46,5,-0.415115,-0.445761,0.499066,0.00351483,0.0306469
9.47,0,1.4724,1.50701,-0.463484,0.00605958,-0.0346098
9.47,1,-0.376882,-0.254161,-0.123281,-4.539,-0.122721
9.47,2,0.538954,0.586539,0.254103,-1.93574,-0.0475845
9.47,3,0.294061,0.303351,-0.0949427,-0.0359363,-0.00929019
9.47,4,-0.669251,-0.667006,0.366256,-0.201089,-0.00224505
9.47,5,-0.410123,-0.440771,0.499071,0.00351697,0.0306476
9.48,0,1.46778,1.50237,-0.463395,0.00627171,-0.0345978
9.48,1,-0.378086,-0.255394,-0.123328,-4.53772,-0.122693
9.48,2,0.541508,0.589079,0.254065,-1.93526,-0.0475711
9.48,3,0.293141,0.302402,-0.0949559,-0.035637,-0.00926105
9.48,4,-0.665638,-0.663344,0.366193,-0.201451,-0.00229427
9.48,5,-0.405132,-0.43578,0.499075,0.00351895,0.0306483
9.49,0,1.46315,1.49774,-0.463303,0.00643804,-0.0345868
9.49,1,-0.379291,-0.256627,-0.123375,-4.53642,-0.122664
9.49,2,0.544062,0.59162,0.254028,-1.93478,-0.0475574
9.49,3,0.29222,0.301452,-0.0949693,-0.0353363,-0.00923178
9.49,4,-0.662025,-0.659682,0.366131,-0.201808,-0.00234286
9.49,5,-0.40014,-0.430789,0.49908,0.00352078,0.0306489
9.5,0,1.45853,1.49311,-0.463209,0.00656092,-0.0345766
9.5,1,-0.380496,-0.257861,-0.12342,-4.53511,-0.122634
9.5,2,0.546617,0.59416,0.253992,-1.93428,-0.0475433
9.5,3,0.2913,0.300502,-0.0949826,-0.0350343,-0.00920238
9.5,4,-0.658412,-0.656021,0.366069,-0.202161,-0.00239082
9.5,5,-0.395149,-0.425798,0.499084,0.00352247,0.0306495
9.51,0,1.45391,1.48848,-0.463114,0.00664297,-0.0345675
9.51,1,-0.3817,-0.259096,-0.123464,-4.53378,-0.122604
9.51,2,0.549171,0.5967,0.253957,-1.93378,-0.0475289
9.51,3,0.29038,0.299552,-0.0949956,-0.0347311,-0.00917285
9.51,4,-0.654799,-0.652361,0.366008,-0.20251,-0.00243818
9.51,5,-0.390158,-0.420808,0.499087,0.00352406,0.0306501
9.52,0,1.44929,1.48385,-0.463019,0.00668702,-0.0345592
9.52,1,-0.382905,-0.260331,-0.123507,-4.53244,-0.122574
9.52,2,0.551725,0.599239,0.253923,-1.93327,-0.0475141
9.52,3,0.289459,0.298602,-0.0950082,-0.034427,-0.00914319
9.52,4,-0.651186,-0.648701,0.365948,-0.202854,-0.00248494
9.52,5,-0.385166,-0.415817,0.499091,0.00352554,0.0306506
9.53,0,1.44466,1.47922,-0.462925,0.00669605,-0.0345519
9.53,1,-0.384109,-0.261566,-0.123548,-4.53109,-0.122543
9.53,2,0.554279,0.601778,0.25389,-1.93275,-0.047499
9.53,3,0.288539,0.297652,-0.0950201,-0.034122,-0.0091134
9.53,4,-0.647573,-0.645042,0.365889,-0.203193,-0.00253109
9.53,5,-0.380175,-0.410826,0.499094,0.00352695,0.030651
9.54,0,1.44004,1.47459,-0.462832,0.00667319,-0.0345456
9.54,1,-0.385314,-0.262802,-0.123588,-4.52973,-0.122512
9.54,2,0.556833,0.604317,0.253858,-1.93222,-0.0474835
9.54,3,0.287618,0.296702,-0.0950312,-0.0338163,-0.00908351
9.54,4,-0.64396,-0.641383,0.36583,-0.203528,-0.00257666
9.54,5,-0.375183,-0.405835,0.499097,0.0035283,0.0306515
9.55,0,1.43542,1.46996,-0.462742,0.00662164,-0.0345401
9.55,1,-0.386519,-0.264038,-0.123626,-4.52835,-0.122481
9.55,2,0.559387,0.606855,0.253827,-1.93169,-0.0474678
9.55,3,0.286698,0.295752,-0.0950414,-0.0335102,-0.0090535
9.55,4,-0.640347,-0.637725,0.365771,-0.203859,-0.00262164
9.55,5,-0.370192,-0.400844,0.499099,0.00352961,0.0306519
9.56,0,1.4308,1.46533,-0.462656,0.00654466,-0.0345356
9.56,1,-0.387723,-0.265274,-0.123663,-4.52697,-0.122449
9.56,2,0.561942,0.609393,0.253797,-1.93114,-0.0474517
9.56,3,0.285778,0.294801,-0.0950505,-0.0332037,-0.0090234
9.56,4,-0.636734,-0.634068,0.365713,-0.204185,-0.00266604
9.56,5,-0.365201,-0.395853,0.499102,0.00353088,0.0306523
9.57,0,1.42617,1.46071,-0.462573,0.00644553,-0.0345319
9.57,1,-0.388928,-0.266511,-0.123699,-4.52557,-0.122417
9.57,2,0.564496,0.611931,0.253768,-1.9306,-0.0474353
9.57,3,0.284857,0.293851,-0.0950585,-0.032897,-0.00899321
9.57,4,-0.633121,-0.630411,0.365656,-0.204507,-0.00270986
9.57,5,-0.360209,-0.390862,0.499104,0.00353213,0.0306527
9.58,0,1.42155,1.45608,-0.462495,0.0063275,-0.0345289
9.58,1,-0.390132,-0.267748,-0.123733,-4.52416,-0.122384
9.58,2,0.56705,0.614469,0.25374,-1.93004,-0.0474187
9.58,3,0.283937,0.2929,-0.0950653,-0.0325904,-0.00896296
9.58,4,-0.629508,-0.626755,0.365598,-0.204824,-0.0027531
9.58,5,-0.355218,-0.385871,0.499105,0.00353337,0.030653
9.59,0,1.41693,1.45146,-0.462422,0.00619377,-0.0345268
9.59,1,-0.391337,-0.268986,-0.123766,-4.52275,-0.122351
9.59,2,0.569604,0.617006,0.253712,-1.92948,-0.0474018
9.59,3,0.283017,0.291949,-0.0950708,-0.0322839,-0.00893264
9.59,4,-0.625895,-0.623099,0.365541,-0.205137,-0.00279577
9.59,5,-0.350226,-0.38088,0.499107,0.00353461,0.0306533
9.6,0,1.41231,1.44683,-0.462354,0.00604747,-0.0345253
9.6,1,-0.392542,-0.270224,-0.123798,-4.52132,-0.122318
9.6,2,0.572158,0.619543,0.253686,-1.92891,-0.0473846
9.6,3,0.282096,0.290999,-0.095075,-0.0319777,-0.00890227
9.6,4,-0.622282,-0.619444,0.365484,-0.205445,-0.00283787
9.6,5,-0.345235,-0.375889,0.499108,0.00353587,0.0306537
9.61,0,1.40768,1.44221,-0.462291,0.00589163,-0.0345245
9.61,1,-0.393746,-0.271462,-0.123829,-4.51989,-0.122284
9.61,2,0.574713,0.62208,0.25366,-1.92833,-0.0473671
9.61,3,0.281176,0.290048,-0.0950778,-0.031672,-0.00887186
9.61,4,-0.618669,-0.61579,0.365426,-0.205748,-0.00287939
9.61,5,-0.340244,-0.370898,0.499109,0.00353714,0.030654
9.62,0,1.40306,1.43759,-0.462234,0.00572915,-0.0345243
9.62,1,-0.394951,-0.2727,-0.123858,-4.51845,-0.122251
9.62,2,0.577267,0.624616,0.253635,-1.92775,-0.0473494
9.62,3,0.280256,0.289097,-0.0950793,-0.0313669,-0.00884144
9.62,4,-0.615056,-0.612136,0.365369,-0.206047,-0.00292034
9.62,5,-0.335252,-0.365906,0.49911,0.00353843,0.0306543
9.63,0,1.39844,1.43296,-0.462183,0.00556279,-0.0345246
9.63,1,-0.396155,-0.273939,-0.123887,-4.51699,-0.122216
9.63,2,0.579821,0.627152,0.25361,-1.92716,-0.0473314
9.63,3,0.279335,0.288146,-0.0950793,-0.0310625,-0.00881101
9.63,4,-0.611443,-0.608482,0.365311,-0.206342,-0.00296072
9.63,5,-0.330261,-0.360915,0.49911,0.00353975,0.0306546
9.64,0,1.39382,1.42834,-0.462138,0.00539515,-0.0345254
9.64,1,-0.39736,-0.275178,-0.123915,-4.51553,-0.122182
9.64,2,0.582375,0.629688,0.253587,-1.92657,-0.0473132
9.64,3,0.278415,0.287195,-0.095078,-0.0307591,-0.00878059
9.64,4,-0.60783,-0.604829,0.365254,-0.206631,-0.00300052
9.64,5,-0.325269,-0.355924,0.499111,0.0035411,0.0306549
9.65,0,1.3892,1.42372,-0.462099,0.00522864,-0.0345267
9.65,1,-0.398565,-0.276417,-0.123942,-4.51407,-0.122147
9.65,2,0.584929,0.632224,0.253563,-1.92597,-0.0472948
9.65,3,0.277494,0.286245,-0.0950754,-0.0304566,-0.00875019
9.65,4,-0.604217,-0.601177,0.365196,-0.206916,-0.00303974
9.65,5,-0.320278,-0.350933,0.499111,0.00354248,0.0306552
9.66,0,1.38457,1.4191,-0.462065,0.00506551,-0.0345283
9.66,1,-0.399769,-0.277657,-0.123968,-4.51259,-0.122112
9.66,2,0.587483,0.63476,0.25354,-1.92537,-0.0472762
9.66,3,0.276574,0.285294,-0.0950715,-0.0301553,-0.00871982
9.66,4,-0.600604,-0.597526,0.365137,-0.207196,-0.00307838
9.66,5,-0.315287,-0.345942,0.499111,0.0035439,0.0306554
9.67,0,1.37995,1.41448,-0.462038,0.0049078,-0.0345301
9.67,1,-0.400974,-0.278897,-0.123993,-4.5111,-0.122077
9.67,2,0.590038,0.637295,0.253518,-1.92475,-0.0472573
9.67,3,0.275654,0.284343,-0.0950663,-0.0298552,-0.0086895
9.67,4,-0.596991,-0.593875,0.365079,-0.207471,-0.00311644
9.67,5,-0.310295,-0.340951,0.499111,0.00354535,0.0306557
9.68,0,1.37533,1.40986,-0.462016,0.00475735,-0.0345323
9.68,1,-0.402178,-0.280137,-0.124018,-4.50961,-0.122042
9.68,2,0.592592,0.63983,0.253496,-1.92414,-0.0472381
9.68,3,0.274733,0.283393,-0.0950599,-0.0295564,-0.00865923
9.68,4,-0.593378,-0.590224,0.36502,-0.207741,-0.0031539
9.68,5,-0.305304,-0.33596,0.499111,0.00354683,0.030656
9.69,0,1.37071,1.40524,-0.462,0.0046158,-0.0345346
9.69,1,-0.403383,-0.281377,-0.124043,-4.50811,-0.122006
9.69,2,0.595146,0.642365,0.253474,-1.92351,-0.0472188
9.69,3,0.273813,0.282442,-0.0950523,-0.029259,-0.00862904
9.69,4,-0.589765,-0.586574,0.36496,-0.208006,-0.00319078
9.69,5,-0.300312,-0.330969,0.499111,0.00354834,0.0306563
9.7,0,1.36608,1.40062,-0.461989,0.00448457,-0.034537
9.7,1,-0.404588,-0.282618,-0.124067,-4.50659,-0.12197
9.7,2,0.5977,0.644899,0.253452,-1.92288,-0.0471993
9.7,3,0.272893,0.281492,-0.0950437,-0.028963,-0.00859893
9.7,4,-0.586152,-0.582925,0.3649,-0.208266,-0.00322705
9.7,5,-0.295321,-0.325978,0.49911,0.00354988,0.0306566
9.71,0,1.36146,1.396,-0.461983,0.0043649,-0.0345396
9.71,1,-0.405792,-0.283858,-0.124091,-4.50507,-0.121934
9.71,2,0.600254,0.647434,0.25343,-1.92224,-0.0471795
9.71,3,0.271972,0.280541,-0.0950341,-0.0286686,-0.0085689
9.71,4,-0.582539,-0.579276,0.36484,-0.208522,-0.00326272
9.71,5,-0.29033,-0.320986,0.49911,0.00355145,0.0306569
9.72,0,1.35684,1.39138,-0.461981,0.00425782,-0.0345421
9.72,1,-0.406997,-0.285099,-0.124115,-4.50354,-0.121897
9.72,2,0.602808,0.649968,0.253408,-1.9216,-0.0471595
9.72,3,0.271052,0.279591,-0.0950235,-0.0283758,-0.00853899
9.72,4,-0.578926,-0.575628,0.364779,-0.208772,-0.00329779
9.72,5,-0.285338,-0.315995,0.49911,0.00355303,0.0306572
9.73,0,1.35222,1.38676,-0.461984,0.00416413,-0.0345447
9.73,1,-0.408201,-0.286341,-0.124139,-4.502,-0.121861
9.73,2,0.605363,0.652502,0.253387,-1.92095,-0.0471393
9.73,3,0.270132,0.278641,-0.0950121,-0.0280845,-0.00850918
9.73,4,-0.575313,-0.571981,0.364717,-0.209016,-0.00333224
9.73,5,-0.280347,-0.311004,0.49911,0.00355463,0.0306575
9.74,0,1.34759,1.38214,-0.461991,0.00408449,-0.0345472
9.74,1,-0.409406,-0.287582,-0.124163,-4.50046,-0.121824
9.74,2,0.607917,0.655036,0.253365,-1.9203,-0.0471189
9.74,3,0.269211,0.277691,-0.0949999,-0.0277949,-0.00847949
9.74,4,-0.5717,-0.568334,0.364655,-0.209256,-0.00336607
9.74,5,-0.275355,-0.306013,0.499109,0.00355625,0.0306578
9.75,0,1.34297,1.37752,-0.462001,0.00401934,-0.0345496
9.75,1,-0.410611,-0.288824,-0.124187,-4.4989,-0.121786
9.75,2,0.610471,0.657569,0.253343,-1.91963,-0.0470982
9.75,3,0.268291,0.276741,-0.094987,-0.027507,-0.00844992
9.75,4,-0.568087,-0.564688,0.364593,-0.209491,-0.00339928
9.75,5,-0.270364,-0.301022,0.499109,0.00355787,0.0306581
9.76,0,1.33835,1.3729,-0.462015,0.00396895,-0.0345519
9.76,1,-0.411815,-0.290066,-0.124211,-4.49733,-0.121749
9.76,2,0.613025,0.660102,0.253321,-1.91896,-0.0470774
9.76,3,0.26737,0.275791,-0.0949735,-0.0272208,-0.00842049
9.76,4,-0.564474,-0.561042,0.36453,-0.20972,-0.00343186
9.76,5,-0.265373,-0.296031,0.499109,0.0035595,0.0306584
9.77,0,1.33373,1.36828,-0.462032,0.00393343,-0.0345541
9.77,1,-0.41302,-0.291308,-0.124235,-4.49575,-0.121711
9.77,2,0.615579,0.662636,0.253299,-1.91829,-0.0470563
9.77,3,0.26645,0.274841,-0.0949595,-0.0269363,-0.0083912
9.77,4,-0.560861,-0.557397,0.364466,-0.209944,-0.00346381
9.77,5,-0.260381,-0.29104,0.499109,0.00356112,0.0306587
9.78,0,1.3291,1.36366,-0.462051,0.00391274,-0.034556
9.78,1,-0.414224,-0.292551,-0.12426,-4.49416,-0.121674
9.78,2,0.618133,0.665168,0.253277,-1.9176,-0.047035
9.78,3,0.26553,0.273892,-0.0949451,-0.0266534,-0.00836204
9.78,4,-0.557248,-0.553753,0.364402,-0.210162,-0.00349513
9.78,5,-0.25539,-0.286049,0.499108,0.00356274,0.0306591
9.79,0,1.32448,1.35904,-0.462072,0.00390668,-0.0345578
9.79,1,-0.415429,-0.293794,-0.124284,-4.49256,-0.121635
9.79,2,0.620688,0.667701,0.253255,-1.91691,-0.0470135
9.79,3,0.264609,0.272942,-0.0949302,-0.0263723,-0.00833304
9.79,4,-0.553635,-0.550109,0.364338,-0.210375,-0.0035258
9.79,5,-0.250398,-0.281058,0.499108,0.00356435,0.0306594
9.8,0,1.31986,1.35442,-0.462096,0.00391493,-0.0345593
9.8,1,-0.416633,-0.295036,-0.124309,-4.49095,-0.121597
9.8,2,0.623242,0.670233,0.253232,-1.91622,-0.0469917
9.8,3,0.263689,0.271993,-0.0949151,-0.0260928,-0.00830418
9.8,4,-0.550022,-0.546466,0.364273,-0.210583,-0.00355582
9.8,5,-0.245407,-0.276067,0.499108,0.00356594,0.0306597
9.81,0,1.31524,1.3498,-0.46212,0.00393706,-0.0345606
9.81,1,-0.417838,-0.29628,-0.124335,-4.48933,-0.121558
9.81,2,0.625796,0.672766,0.253209,-1.91551,-0.0469698
9.81,3,0.262769,0.271044,-0.0948998,-0.025815,-0.00827548
9.81,4,-0.546409,-0.542824,0.364207,-0.210785,-0.00358519
9.81,5,-0.240416,-0.271076,0.499108,0.00356751,0.03066
9.82,0,1.31061,1.34518,-0.462146,0.00397251,-0.0345616
9.82,1,-0.419043,-0.297523,-0.12436,-4.4877,-0.121519
9.82,2,0.62835,0.675298,0.253186,-1.9148,-0.0469475
9.82,3,0.261848,0.270095,-0.0948842,-0.0255388,-0.00824693
9.82,4,-0.542796,-0.539182,0.364141,-0.210982,-0.0036139
9.82,5,-0.235424,-0.266084,0.499108,0.00356906,0.0306603
9.83,0,1.30599,1.34055,-0.462172,0.00402066,-0.0345624
9.83,1,-0.420247,-0.298767,-0.124387,-4.48605,-0.12148
9.83,2,0.630904,0.677829,0.253162,-1.91408,-0.0469251
9.83,3,0.260928,0.269146,-0.0948686,-0.0252642,-0.00821854
9.83,4,-0.539183,-0.535541,0.364075,-0.211173,-0.00364196
9.83,5,-0.230433,-0.261093,0.499109,0.00357057,0.0306606
9.84,0,1.30137,1.33593,-0.462199,0.00408077,-0.0345629
9.84,1,-0.421452,-0.300011,-0.124413,-4.4844,-0.121441
9.84,2,0.633458,0.680361,0.253138,-1.91335,-0.0469024
9.84,3,0.260008,0.268198,-0.094853,-0.0249913,-0.00819031
9.84,4,-0.53557,-0.531901,0.364009,-0.211359,-0.00366935
9.84,5,-0.225441,-0.256102,0.499109,0.00357206,0.0306609
9.85,0,1.29675,1.33131,-0.462226,0.00415207,-0.0345632
9.85,1,-0.422656,-0.301255,-0.12444,-4.48273,-0.121401
9.85,2,0.636013,0.682892,0.253114,-1.91261,-0.0468795
9.85,3,0.259087,0.267249,-0.0948374,-0.0247198,-0.00816223
9.85,4,-0.531957,-0.528261,0.363942,-0.21154,-0.00369607
9.85,5,-0.22045,-0.251111,0.499109,0.00357351,0.0306612
9.86,0,1.29213,1.32669,-0.462253,0.00423372,-0.0345631
9.86,1,-0.423861,-0.3025,-0.124468,-4.48105,-0.121361
9.86,2,0.638567,0.685423,0.25309,-1.91187,-0.0468563
9.86,3,0.258167,0.266301,-0.0948218,-0.0244499,-0.0081343
9.86,4,-0.528344,-0.524622,0.363875,-0.211715,-0.00372213
9.86,5,-0.215459,-0.24612,0.49911,0.00357492,0.0306616
9.87,0,1.2875,1.32207,-0.462279,0.00432483,-0.0345628
9.87,1,-0.425066,-0.303745,-0.124496,-4.47935,-0.121321
9.87,2,0.641121,0.687954,0.253065,-1.91112,-0.0468329
9.87,3,0.257246,0.265353,-0.0948064,-0.0241815,-0.00810653
9.87,4,-0.524731,-0.520984,0.363808,-0.211884,-0.00374751
9.87,5,-0.210467,-0.241129,0.49911,0.00357629,0.0306619
9.88,0,1.28288,1.31744,-0.462305,0.0044245,-0.0345623
9.88,1,-0.42627,-0.30499,-0.124524,-4.47765,-0.121281
9.88,2,0.643675,0.690484,0.25304,-1.91036,-0.0468093
9.88,3,0.256326,0.264405,-0.0947911,-0.0239145,-0.00807892
9.88,4,-0.521118,-0.517346,0.36374,-0.212048,-0.00377222
9.88,5,-0.205476,-0.236138,0.49911,0.00357761,0.0306622
9.89,0,1.27826,1.31282,-0.46233,0.00453179,-0.0345615
9.89,1,-0.427475,-0.306235,-0.124553,-4.47593,-0.12124
9.89,2,0.646229,0.693015,0.253015,-1.90959,-0.0467854
9.89,3,0.255406,0.263457,-0.094776,-0.0236489,-0.00805145
9.89,4,-0.517505,-0.513709,0.363672,-0.212206,-0.00379625
9.89,5,-0.200484,-0.231147,0.499111,0.0035789,0.0306624
9.9,0,1.27364,1.3082,-0.462354,0.00464577,-0.0345604
9.9,1,-0.428679,-0.307481,-0.124582,-4.4742,-0.121199
9.9,2,0.648783,0.695545,0.252989,-1.90881,-0.0467612
9.9,3,0.254485,0.26251,-0.0947611,-0.0233847,-0.00802414
9.9,4,-0.513892,-0.510072,0.363604,-0.212359,-0.00381961
9.9,5,-0.195493,-0.226156,0.499112,0.00358013,0.0306627
9.91,0,1.26901,1.30357,-0.462377,0.0047655,-0.0345591
9.91,1,-0.429884,-0.308727,-0.124611,-4.47246,-0.121157
9.91,2,0.651338,0.698074,0.252963,-1.90803,-0.0467368
9.91,3,0.253565,0.261562,-0.0947465,-0.0231218,-0.00799697
9.91,4,-0.510279,-0.506437,0.363536,-0.212506,-0.00384228
9.91,5,-0.190502,-0.221165,0.499112,0.00358132,0.030663
9.92,0,1.26439,1.29895,-0.462398,0.00489004,-0.0345576
9.92,1,-0.431089,-0.309973,-0.124641,-4.4707,-0.121116
9.92,2,0.653892,0.700604,0.252937,-1.90724,-0.0467121
9.92,3,0.252645,0.260615,-0.0947321,-0.0228603,-0.00796995
9.92,4,-0.506666,-0.502802,0.363468,-0.212648,-0.00386427
9.92,5,-0.18551,-0.216173,0.499113,0.00358245,0.0306633
9.93,0,1.25977,1.29432,-0.462418,0.0050185,-0.0345559
9.93,1,-0.432293,-0.31122,-0.124671,-4.46893,-0.121074
9.93,2,0.656446,0.703133,0.252911,-1.90644,-0.0466871
9.93,3,0.251724,0.259667,-0.094718,-0.0225999,-0.00794307
9.93,4,-0.503053,-0.499167,0.3634,-0.212785,-0.00388558
9.93,5,-0.180519,-0.211182,0.499114,0.00358354,0.0306635
9.94,0,1.25515,1.2897,-0.462437,0.00514999,-0.034554
9.94,1,-0.433498,-0.312467,-0.124701,-4.46715,-0.121031
9.94,2,0.659,0.705662,0.252885,-1.90563,-0.0466619
9.94,3,0.250804,0.25872,-0.0947042,-0.0223408,-0.00791633
9.94,4,-0.49944,-0.495534,0.363332,-0.212916,-0.00390621
9.94,5,-0.175527,-0.206191,0.499115,0.00358458,0.0306638
9.95,0,1.25052,1.28508,-0.462454,0.00528366,-0.0345519
9.95,1,-0.434702,-0.313714,-0.124732,-4.46535,-0.120989
9.95,2,0.661554,0.708191,0.252858,-1.90481,-0.0466365
9.95,3,0.249884,0.257773,-0.0946907,-0.0220829,-0.00788973
9.95,4,-0.495827,-0.491901,0.363264,-0.213041,-0.00392616
9.95,5,-0.170536,-0.2012,0.499115,0.00358558,0.030664
9.96,0,1.2459,1.28045,-0.462469,0.00541871,-0.0345497
9.96,1,-0.435907,-0.314961,-0.124763,-4.46354,-0.120946
9.96,2,0.664108,0.710719,0.252831,-1.90399,-0.0466107
9.96,3,0.248963,0.256826,-0.0946774,-0.0218262,-0.00786326
9.96,4,-0.492214,-0.488269,0.363195,-0.213161,-0.00394542
9.96,5,-0.165545,-0.196209,0.499116,0.00358652,0.0306643
9.97,0,1.24128,1.27583,-0.462482,0.00555437,-0.0345473
9.97,1,-0.437112,-0.316209,-0.124794,-4.46172,-0.120903
9.97,2,0.666663,0.713247,0.252805,-1.90315,-0.0465847
9.97,3,0.248043,0.25588,-0.0946645,-0.0215705,-0.00783692
9.97,4,-0.488601,-0.484637,0.363127,-0.213276,-0.00396401
9.97,5,-0.160553,-0.191218,0.499117,0.00358742,0.0306645
9.98,0,1.23666,1.2712,-0.462494,0.00568994,-0.0345448
9.98,1,-0.438316,-0.317457,-0.124826,-4.45989,-0.120859
9.98,2,0.669217,0.715775,0.252778,-1.90231,-0.0465585
9.98,3,0.247122,0.254933,-0.0946518,-0.021316,-0.00781071
9.98,4,-0.484988,-0.481006,0.363059,-0.213385,-0.00398191
9.98,5,-0.155562,-0.186227,0.499118,0.00358827,0.0306647
9.99,0,1.23203,1.26658,-0.462504,0.00582474,-0.0345422
9.99,1,-0.439521,-0.318706,-0.124857,-4.45804,-0.120815
9.99,2,0.671771,0.718303,0.252751,-1.90146,-0.0465319
9.99,3,0.246202,0.253987,-0.0946395,-0.0210626,-0.00778463
9.99,4,-0.481375,-0.477376,0.362991,-0.213488,-0.00399912
9.99,5,-0.15057,-0.181235,0.499119,0.00358908,0.030665
10,0,1.22741,1.26195,-0.462512,0.00595818,-0.0345395
10,1,-0.440725,-0.319954,-0.124889,-4.45618,-0.120771
10,2,0.674325,0.72083,0.252724,-1.9006,-0.0465051
10,3,0.245282,0.25304,-0.0946274,-0.0208102,-0.00775866
10,4,-0.477762,-0.473746,0.362923,-0.213587,-0.00401566
10,5,-0.145579,-0.176244,0.49912,0.00358984,0.0306652
10.01,0,1.22279,1.25733,-0.462519,0.00608971,-0.0345367
10.01,1,-0.44193,-0.321203,-0.124921,-4.4543,-0.120727
10.01,2,0.676879,0.723357,0.252697,-1.89973,-0.046478
10.01,3,0.244361,0.252094,-0.0946155,-0.0205589,-0.00773282
10.01,4,-0.474149,-0.470118,0.362855,-0.21368,-0.00403152
10.01,5,-0.140588,-0.171253,0.499121,0.00359056,0.0306654
10.02,0,1.21817,1.2527,-0.462524,0.00621883,-0.0345339
10.02,1,-0.443135,-0.322453,-0.124953,-4.45242,-0.120682
10.02,2,0.679433,0.725884,0.25267,-1.89886,-0.0464507
10.02,3,0.243441,0.251148,-0.0946039,-0.0203086,-0.00770709
10.02,4,-0.470536,-0.466489,0.362787,-0.213767,-0.0040467
10.02,5,-0.135596,-0.166262,0.499122,0.00359124,0.0306655
10.03,0,1.21354,1.24808,-0.462528,0.00634512,-0.034531
10.03,1,-0.444339,-0.323702,-0.124984,-4.45052,-0.120637
10.03,2,0.681988,0.728411,0.252643,-1.89798,-0.0464231
10.03,3,0.242521,0.250202,-0.0945925,-0.0200593,-0.00768148
10.03,4,-0.466923,-0.462862,0.362719,-0.213849,-0.0040612
10.03,5,-0.130605,-0.161271,0.499122,0.00359189,0.0306657
10.04,0,1.20892,1.24345,-0.46253,0.00646821,-0.0345281
10.04,1,-0.445544,-0.324952,-0.125016,-4.4486,-0.120591
10.04,2,0.684542,0.730937,0.252616,-1.89709,-0.0463952
10.04,3,0.2416,0.249256,-0.0945813,-0.019811,-0.00765598
10.04,4,-0.46331,-0.459235,0.362652,-0.213926,-0.00407503
10.04,5,-0.125613,-0.156279,0.499123,0.00359249,0.0306659
10.05,0,1.2043,1.23883,-0.462531,0.00658778,-0.0345251
10.05,1,-0.446748,-0.326203,-0.125048,-4.44668,-0.120546
10.05,2,0.687096,0.733463,0.252589,-1.89619,-0.046367
10.05,3,0.24068,0.248311,-0.0945703,-0.0195638,-0.00763059
10.05,4,-0.459697,-0.455609,0.362584,-0.213998,-0.00408818
10.05,5,-0.120622,-0.151288,0.499124,0.00359306,0.0306661
10.06,0,1.19968,1.2342,-0.462531,0.00670359,-0.0345222
10.06,1,-0.447953,-0.327453,-0.12508,-4.44474,-0.1205
10.06,2,0.68965,0.735989,0.252562,-1.89528,-0.0463386
10.06,3,0.23976,0.247365,-0.0945595,-0.0193175,-0.00760531
10.06,4,-0.456084,-0.451983,0.362517,-0.214064,-0.00410066
10.06,5,-0.115631,-0.146297,0.499125,0.0035936,0.0306662
10.07,0,1.19506,1.22957,-0.462529,0.00681543,-0.0345193
10.07,1,-0.449158,-0.328704,-0.125112,-4.44279,-0.120453
10.07,2,0.692204,0.738514,0.252535,-1.89437,-0.0463099
10.07,3,0.238839,0.246419,-0.0945488,-0.0190722,-0.00758014
10.07,4,-0.452471,-0.448359,0.36245,-0.214125,-0.00411246
10.07,5,-0.110639,-0.141306,0.499126,0.0035941,0.0306664
10.08,0,1.19043,1.22495,-0.462526,0.00692316,-0.0345164
10.08,1,-0.450362,-0.329956,-0.125144,-4.44083,-0.120406
10.08,2,0.694758,0.741039,0.252508,-1.89344,-0.0462809
10.08,3,0.237919,0.245474,-0.0945382,-0.0188278,-0.00755508
10.08,4,-0.448858,-0.444735,0.362383,-0.21418,-0.0041236
10.08,5,-0.105648,-0.136314,0.499126,0.00359458,0.0306665
10.09,0,1.18581,1.22032,-0.462523,0.00702669,-0.0345135
10.09,1,-0.451567,-0.331207,-0.125175,-4.43885,-0.120359
10.09,2,0.697313,0.743564,0.252481,-1.89251,-0.0462517
10.09,3,0.236998,0.244529,-0.0945278,-0.0185845,-0.00753012
10.09,4,-0.445245,-0.441111,0.362316,-0.214231,-0.00413407
10.09,5,-0.100656,-0.131323,0.499127,0.00359502,0.0306666
10.1,0,1.18119,1.2157,-0.462518,0.00712598,-0.0345107
10.1,1,-0.452771,-0.332459,-0.125207,-4.43686,-0.120312
10.1,2,0.699867,0.746089,0.252455,-1.89157,-0.0462222
10.1,3,0.236078,0.243583,-0.0945174,-0.0183422,-0.00750526
10.1,4,-0.441632,-0.437488,0.36225,-0.214276,-0.00414387
10.1,5,-0.095665,-0.126332,0.499128,0.00359544,0.0306667
10.11,0,1.17657,1.21107,-0.462513,0.00722102,-0.0345079
10.11,1,-0.453976,-0.333712,-0.125239,-4.43486,-0.120264
10.11,2,0.702421,0.748613,0.252428,-1.89063,-0.0461924
10.11,3,0.235158,0.242638,-0.094507,-0.0181009,-0.00748051
10.11,4,-0.438019,-0.433866,0.362183,-0.214316,-0.004153
10.11,5,-0.0906736,-0.12134,0.499128,0.00359583,0.0306669
10.12,0,1.17194,1.20645,-0.462507,0.00731185,-0.0345052
10.12,1,-0.455181,-0.334964,-0.12527,-4.43285,-0.120216
10.12,2,0.704975,0.751138,0.252402,-1.88967,-0.0461624
10.12,3,0.234237,0.241693,-0.0944968,-0.0178605,-0.00745586
10.12,4,-0.434406,-0.430245,0.362117,-0.21435,-0.00416147
10.12,5,-0.0856822,-0.116349,0.499129,0.0035962,0.030667
10.13,0,1.16732,1.20182,-0.462501,0.00739858,-0.0345026
10.13,1,-0.456385,-0.336217,-0.125301,-4.43083,-0.120168
10.13,2,0.707529,0.753661,0.252375,-1.88871,-0.0461321
10.13,3,0.233317,0.240748,-0.0944865,-0.0176212,-0.00743131
10.13,4,-0.430793,-0.426624,0.36205,-0.214379,-0.00416927
10.13,5,-0.0806908,-0.111358,0.49913,0.00359654,0.0306671
10.14,0,1.1627,1.1972,-0.462494,0.0074813,-0.0345
10.14,1,-0.45759,-0.33747,-0.125332,-4.42879,-0.12012
10.14,2,0.710084,0.756185,0.252349,-1.88774,-0.0461015
10.14,3,0.232397,0.239803,-0.0944762,-0.017383,-0.00740687
10.14,4,-0.42718,-0.423004,0.361984,-0.214404,-0.00417642
10.14,5,-0.0756994,-0.106367,0.49913,0.00359686,0.0306672
10.15,0,1.15808,1.19257,-0.462486,0.00756016,-0.0344975
10.15,1,-0.458794,-0.338724,-0.125363,-4.42674,-0.120071
10.15,2,0.712638,0.758708,0.252323,-1.88677,-0.0460707
10.15,3,0.231476,0.238859,-0.0944659,-0.0171457,-0.00738253
10.15,4,-0.423567,-0.419384,0.361918,-0.214422,-0.0041829
10.15,5,-0.070708,-0.101375,0.499131,0.00359716,0.0306673
10.16,0,1.15345,1.18795,-0.462479,0.00763535,-0.034495
10.16,1,-0.459999,-0.339977,-0.125394,-4.42468,-0.120022
10.16,2,0.715192,0.761231,0.252297,-1.88578,-0.0460396
10.16,3,0.230556,0.237914,-0.0944556,-0.0169095,-0.00735829
10.16,4,-0.419954,-0.415765,0.361852,-0.214436,-0.00418873
10.16,5,-0.0657166,-0.096384,0.499131,0.00359744,0.0306674
10.17,0,1.14883,1.18332,-0.462471,0.00770707,-0.0344927
10.17,1,-0.461204,-0.341232,-0.125425,-4.42261,-0.119972
10.17,2,0.717746,0.763754,0.252271,-1.88479,-0.0460083
10.17,3,0.229636,0.23697,-0.0944452,-0.0166744,-0.00733416
10.17,4,-0.416341,-0.412147,0.361787,-0.214444,-0.00419389
10.17,5,-0.0607252,-0.0913927,0.499132,0.0035977,0.0306674
10.18,0,1.14421,1.1787,-0.462464,0.00777552,-0.0344904
10.18,1,-0.462408,-0.342486,-0.125455,-4.42052,-0.119922
10.18,2,0.7203,0.766277,0.252246,-1.88379,-0.0459767
10.18,3,0.228715,0.236025,-0.0944348,-0.0164404,-0.00731012
10.18,4,-0.412728,-0.40853,0.361721,-0.214448,-0.0041984
10.18,5,-0.0557338,-0.0864013,0.499132,0.00359794,0.0306675
10.19,0,1.13959,1.17407,-0.462456,0.00784096,-0.0344882
10.19,1,-0.463613,-0.343741,-0.125486,-4.41843,-0.119872
10.19,2,0.722854,0.768799,0.25222,-1.88278,-0.0459448
10.19,3,0.227795,0.235081,-0.0944243,-0.0162074,-0.0072862
10.19,4,-0.409115,-0.404913,0.361655,-0.214446,-0.00420225
10.19,5,-0.0507424,-0.08141,0.499133,0.00359815,0.0306676
10.2,0,1.13496,1.16945,-0.462448,0.00790361,-0.034486
10.2,1,-0.464817,-0.344996,-0.125516,-4.41632,-0.119822
10.2,2,0.725409,0.771321,0.252194,-1.88177,-0.0459127
10.2,3,0.226874,0.234137,-0.0944137,-0.0159756,-0.00726238
10.2,4,-0.405502,-0.401297,0.36159,-0.214439,-0.00420545
10.2,5,-0.045751,-0.0764187,0.499133,0.00359835,0.0306677
10.21,0,1.13034,1.16483,-0.462441,0.00796375,-0.034484
10.21,1,-0.466022,-0.346251,-0.125546,-4.4142,-0.119771
10.21,2,0.727963,0.773843,0.252169,-1.88075,-0.0458803
10.21,3,0.225954,0.233193,-0.094403,-0.0157448,-0.00723866
10.21,4,-0.401889,-0.397681,0.361525,-0.214426,-0.00420799
10.21,5,-0.0407596,-0.0714273,0.499134,0.00359853,0.0306677
10.22,0,1.12572,1.1602,-0.462434,0.00802164,-0.034482
10.22,1,-0.467227,-0.347507,-0.125576,-4.41207,-0.11972
10.22,2,0.730517,0.776365,0.252144,-1.87972,-0.0458477
10.22,3,0.225034,0.232249,-0.0943922,-0.0155153,-0.00721506
10.22,4,-0.398276,-0.394066,0.361459,-0.214409,-0.00420988
10.22,5,-0.0357682,-0.066436,0.499134,0.00359869,0.0306678
10.23,0,1.1211,1.15558,-0.462427,0.00807753,-0.0344801
10.23,1,-0.468431,-0.348763,-0.125606,-4.40992,-0.119669
10.23,2,0.733071,0.778886,0.252119,-1.87868,-0.0458148
10.23,3,0.224113,0.231305,-0.0943813,-0.0152868,-0.00719156
10.23,4,-0.394663,-0.390452,0.361394,-0.214386,-0.00421112
10.23,5,-0.0307768,-0.0614447,0.499135,0.00359883,0.0306678
10.24,0,1.11647,1.15095,-0.46242,0.0081317,-0.0344782
10.24,1,-0.469636,-0.350019,-0.125636,-4.40777,-0.119617
10.24,2,0.735625,0.781407,0.252093,-1.87764,-0.0457817
10.24,3,0.223193,0.230361,-0.0943703,-0.0150596,-0.00716817
10.24,4,-0.39105,-0.386838,0.361329,-0.214358,-0.0042117
10.24,5,-0.0257854,-0.0564533,0.499135,0.00359894,0.0306679
10.25,0,1.11185,1.14633,-0.462414,0.00818441,-0.0344764
10.25,1,-0.47084,-0.351275,-0.125665,-4.4056,-0.119565
10.25,2,0.738179,0.783928,0.252068,-1.87659,-0.0457483
10.25,3,0.222273,0.229418,-0.0943591,-0.0148335,-0.00714489
10.25,4,-0.387437,-0.383226,0.361263,-0.214325,-0.00421163
10.25,5,-0.020794,-0.051462,0.499136,0.00359904,0.0306679
10.26,0,1.10723,1.1417,-0.462408,0.00823591,-0.0344747
10.26,1,-0.472045,-0.352532,-0.125695,-4.40343,-0.119513
10.26,2,0.740734,0.786448,0.252044,-1.87553,-0.0457147
10.26,3,0.221352,0.228474,-0.0943478,-0.0146086,-0.00712173
10.26,4,-0.383824,-0.379613,0.361198,-0.214286,-0.00421091
10.26,5,-0.0158026,-0.0464706,0.499136,0.00359912,0.030668
10.27,0,1.10261,1.13708,-0.462403,0.00828645,-0.034473
10.27,1,-0.47325,-0.353789,-0.125724,-4.40124,-0.11946
10.27,2,0.743288,0.788969,0.252019,-1.87446,-0.0456808
10.27,3,0.220432,0.227531,-0.0943364,-0.0143849,-0.00709868
10.27,4,-0.380211,-0.376002,0.361133,-0.214243,-0.00420954
10.27,5,-0.0108112,-0.0414792,0.499136,0.00359917,0.030668
10.28,0,1.09799,1.13246,-0.462398,0.00833628,-0.0344714
10.28,1,-0.474454,-0.355047,-0.125753,-4.39904,-0.119407
10.28,2,0.745842,0.791489,0.251994,-1.87339,-0.0456467
10.28,3,0.219512,0.226587,-0.0943249,-0.0141625,-0.00707574
10.28,4,-0.376598,-0.372391,0.361068,-0.214194,-0.00420752
10.28,5,-0.00581982,-0.0364879,0.499137,0.0035992,0.0306681
10.29,0,1.09336,1.12783,-0.462393,0.00838562,-0.0344699
10.29,1,-0.475659,-0.356304,-0.125783,-4.39683,-0.119354
10.29,2,0.748396,0.794008,0.251969,-1.87231,-0.0456124
10.29,3,0.218591,0.225644,-0.0943132,-0.0139413,-0.00705292
10.29,4,-0.372985,-0.36878,0.361003,-0.21414,-0.00420484
10.29,5,-0.000828418,-0.0314965,0.499137,0.00359921,0.0306681
10.3,0,1.08874,1.12321,-0.462389,0.00843469,-0.0344683
10.3,1,-0.476863,-0.357562,-0.125812,-4.3946,-0.119301
10.3,2,0.75095,0.796528,0.251945,-1.87122,-0.0455777
10.3,3,0.217671,0.224701,-0.0943014,-0.0137214,-0.00703022
10.3,4,-0.369372,-0.365171,0.360938,-0.214081,-0.00420152
10.3,5,0.00416298,-0.0265051,0.499138,0.0035992,0.0306681
10.31,0,1.08412,1.11858,-0.462386,0.00848368,-0.0344668
10.31,1,-0.478068,-0.358821,-0.125841,-4.39237,-0.119247
10.31,2,0.753504,0.799047,0.25192,-1.87013,-0.0455429
10.31,3,0.21675,0.223758,-0.0942895,-0.0135027,-0.00700764
10.31,4,-0.365759,-0.361562,0.360873,-0.214017,-0.00419755
10.31,5,0.00915438,-0.0215137,0.499138,0.00359916,0.0306681
10.32,0,1.0795,1.11396,-0.462383,0.00853279,-0.0344654
10.32,1,-0.479272,-0.360079,-0.12587,-4.39012,-0.119193
10.32,2,0.756059,0.801566,0.251895,-1.86902,-0.0455078
10.32,3,0.21583,0.222815,-0.0942774,-0.0132853,-0.00698517
10.32,4,-0.362146,-0.357953,0.360808,-0.213947,-0.00419292
10.32,5,0.0141458,-0.0165224,0.499139,0.00359909,0.0306681
10.33,0,1.07487,1.10934,-0.46238,0.00858219,-0.0344639
10.33,1,-0.480477,-0.361338,-0.125899,-4.38787,-0.119139
10.33,2,0.758613,0.804085,0.251871,-1.86791,-0.0454724
10.33,3,0.21491,0.221873,-0.0942652,-0.0130692,-0.00696283
10.33,4,-0.358533,-0.354346,0.360743,-0.213873,-0.00418765
10.33,5,0.0191372,-0.011531,0.499139,0.003599,0.0306681
10.34,0,1.07025,1.10471,-0.462378,0.00863202,-0.0344625
10.34,1,-0.481682,-0.362597,-0.125928,-4.3856,-0.119085
10.34,2,0.761167,0.806604,0.251846,-1.8668,-0.0454368
10.34,3,0.213989,0.22093,-0.0942529,-0.0128543,-0.00694061
10.34,4,-0.35492,-0.350738,0.360678,-0.213793,-0.00418172
10.34,5,0.0241286,-0.00653958,0.49914,0.00359889,0.0306682
10.35,0,1.06563,1.10009,-0.462376,0.00868242,-0.0344612
10.35,1,-0.482886,-0.363857,-0.125957,-4.38332,-0.11903
10.35,2,0.763721,0.809122,0.251822,-1.86567,-0.045401
10.35,3,0.213069,0.219987,-0.0942405,-0.0126408,-0.00691851
10.35,4,-0.351307,-0.347132,0.360613,-0.213708,-0.00417515
10.35,5,0.02912,-0.00154818,0.49914,0.00359874,0.0306682
10.36,0,1.06101,1.09547,-0.462375,0.00873351,-0.0344598
10.36,1,-0.484091,-0.365116,-0.125986,-4.38102,-0.118975
10.36,2,0.766275,0.81164,0.251797,-1.86454,-0.0453649
10.36,3,0.212149,0.219045,-0.094228,-0.0124286,-0.00689654
10.36,4,-0.347694,-0.343526,0.360548,-0.213617,-0.00416793
10.36,5,0.0341114,0.00344323,0.499141,0.00359857,0.0306681
10.37,0,1.05638,1.09084,-0.462374,0.0087854,-0.0344584
10.37,1,-0.485295,-0.366376,-0.126015,-4.37872,-0.118919
10.37,2,0.768829,0.814158,0.251773,-1.8634,-0.0453286
10.37,3,0.211228,0.218103,-0.0942154,-0.0122177,-0.00687469
10.37,4,-0.344081,-0.339921,0.360483,-0.213522,-0.00416005
10.37,5,0.0391028,0.00843463,0.499141,0.00359837,0.0306681
10.38,0,1.05176,1.08622,-0.462374,0.00883817,-0.0344571
10.38,1,-0.4865,-0.367637,-0.126044,-4.37641,-0.118863
10.38,2,0.771384,0.816676,0.251749,-1.86226,-0.045292
10.38,3,0.210308,0.217161,-0.0942027,-0.0120081,-0.00685297
10.38,4,-0.340468,-0.336317,0.360418,-0.213421,-0.00415153
10.38,5,0.0440942,0.013426,0.499142,0.00359814,0.0306681
10.39,0,1.04714,1.08159,-0.462373,0.00889189,-0.0344557
10.39,1,-0.487705,-0.368897,-0.126073,-4.37408,-0.118807
10.39,2,0.773938,0.819193,0.251724,-1.8611,-0.0452552
10.39,3,0.209388,0.216219,-0.0941899,-0.0117998,-0.00683138
10.39,4,-0.336855,-0.332713,0.360353,-0.213315,-0.00414235
10.39,5,0.0490856,0.0184175,0.499142,0.00359787,0.0306681
10.4,0,1.04252,1.07697,-0.462374,0.00894661,-0.0344544
10.4,1,-0.488909,-0.370158,-0.126101,-4.37174,-0.118751
10.4,2,0.776492,0.82171,0.2517,-1.85994,-0.0452181
10.4,3,0.208467,0.215277,-0.094177,-0.0115929,-0.00680992
10.4,4,-0.333242,-0.32911,0.360288,-0.213204,-0.00413253
10.4,5,0.054077,0.0234089,0.499143,0.00359758,0.0306681
10.41,0,1.03789,1.07235,-0.462374,0.00900237,-0.034453
10.41,1,-0.490114,-0.371419,-0.12613,-4.36939,-0.118695
10.41,2,0.779046,0.824227,0.251676,-1.85878,-0.0451808
10.41,3,0.207547,0.214335,-0.0941641,-0.0113874,-0.00678858
10.41,4,-0.329629,-0.325507,0.360223,-0.213088,-0.00412206
10.41,5,0.0590684,0.0284003,0.499143,0.00359726,0.030668
10.42,0,1.03327,1.06772,-0.462375,0.00905919,-0.0344516
10.42,1,-0.491318,-0.372681,-0.126159,-4.36703,-0.118638
10.42,2,0.7816,0.826744,0.251651,-1.8576,-0.0451433
10.42,3,0.206626,0.213394,-0.0941511,-0.0111831,-0.00676738
10.42,4,-0.326016,-0.321905,0.360158,-0.212967,-0.00411094
10.42,5,0.0640598,0.0333918,0.499144,0.00359691,0.030668
10.43,0,1.02865,1.0631,-0.462376,0.00911707,-0.0344503
10.43,1,-0.492523,-0.373943,-0.126188,-4.36466,-0.118581
10.43,2,0.784154,0.82926,0.251627,-1.85642,-0.0451055
10.43,3,0.205706,0.212452,-0.094138,-0.0109802,-0.0067463
10.43,4,-0.322403,-0.318304,0.360093,-0.21284,-0.00409917
10.43,5,0.0690512,0.0383832,0.499144,0.00359652,0.030668
10.44,0,1.02403,1.05848,-0.462377,0.00917602,-0.0344489
10.44,1,-0.493728,-0.375205,-0.126217,-4.36227,-0.118523
10.44,2,0.786709,0.831776,0.251603,-1.85523,-0.0450674
10.44,3,0.204786,0.211511,-0.0941249,-0.0107787,-0.00672536
10.44,4,-0.31879,-0.314704,0.360028,-0.212708,-0.00408675
10.44,5,0.0740426,0.0433746,0.499145,0.00359611,0.0306679
10.45,0,1.0194,1.05385,-0.462378,0.00923602,-0.0344475
10.45,1,-0.494932,-0.376467,-0.126246,-4.35988,-0.118465
10.45,2,0.789263,0.834292,0.251578,-1.85403,-0.0450292
10.45,3,0.203865,0.21057,-0.0941117,-0.0105785,-0.00670455
10.45,4,-0.315177,-0.311104,0.359964,-0.212571,-0.00407368
10.45,5,0.079034,0.0483661,0.499146,0.00359566,0.0306679
10.46,0,1.01478,1.04923,-0.46238,0.00929705,-0.0344461
10.46,1,-0.496137,-0.37773,-0.126275,-4.35747,-0.118407
10.46,2,0.791817,0.836808,0.251554,-1.85283,-0.0449906
10.46,3,0.202945,0.209629,-0.0940984,-0.0103796,-0.00668387
10.46,4,-0.311564,-0.307504,0.359899,-0.212429,-0.00405996
10.46,5,0.0840254,0.0533576,0.499146,0.00359517,0.0306678
10.47,0,1.01016,1.0446,-0.462382,0.00935905,-0.0344446
10.47,1,-0.497341,-0.378992,-0.126304,-4.35505,-0.118349
10.47,2,0.794371,0.839323,0.25153,-1.85162,-0.0449519
10.47,3,0.202025,0.208688,-0.0940852,-0.0101821,-0.00666332
10.47,4,-0.307951,-0.303906,0.359834,-0.212282,-0.00404559
10.47,5,0.0890168,0.058349,0.499147,0.00359466,0.0306677
10.48,0,1.00554,1.03998,-0.462383,0.009422,-0.0344432
10.48,1,-0.498546,-0.380256,-0.126333,-4.35262,-0.11829
10.48,2,0.796925,0.841838,0.251505,-1.8504,-0.0449129
10.48,3,0.201104,0.207747,-0.0940719,-0.00998594,-0.00664291
10.48,4,-0.304338,-0.300308,0.359769,-0.212129,-0.00403058
10.48,5,0.0940082,0.0633405,0.499147,0.00359411,0.0306677
10.49,0,1.00092,1.03536,-0.462385,0.00948583,-0.0344417
10.49,1,-0.499751,-0.381519,-0.126362,-4.35017,-0.118232
10.49,2,0.799479,0.844353,0.251481,-1.84917,-0.0448736
10.49,3,0.200184,0.206807,-0.0940585,-0.00979113,-0.00662262
10.49,4,-0.300725,-0.29671,0.359704,-0.211971,-0.00401491
10.49,5,0.0989996,0.068332,0.499148,0.00359354,0.0306676
10.5,0,0.999991,1.03074,-0.46075,0.152356,-0.0307473
10.5,1,-0.499992,-0.382764,-0.120552,-4.32744,-0.117228
10.5,2,0.79999,0.846836,0.241751,-1.88888,-0.0468458
10.5,3,0.2,0.205893,-0.0857279,-0.00749147,-0.00589282
10.5,4,-0.300003,-0.293124,0.356016,-0.233041,-0.00687914
10.5,5,0.0999978,0.0732623,0.479933,-0.0103021,0.0267356
10.51,0,0.999991,1.02616,-0.453993,0.315058,-0.026173
10.51,1,-0.499992,-0.383887,-0.105009,-4.32915,-0.116104
10.51,2,0.79999,0.849124,0.217551,-1.90911,-0.0491336
10.51,3,0.2,0.205155,-0.0633236,-0.0135555,-0.00515496
10.51,4,-0.300003,-0.289664,0.335016,-0.250217,-0.0103386
10.51,5,0.0999978,0.0777733,0.425173,-0.0164292,0.0222245
10.52,0,0.999991,1.02168,-0.442827,0.460834,-0.0216912
10.52,1,-0.499992,-0.384844,-0.0880505,-4.34176,-0.115148
10.52,2,0.79999,0.851161,0.192563,-1.92024,-0.0511706
10.52,3,0.2,0.204648,-0.0407554,-0.0220301,-0.00464833
10.52,4,-0.300003,-0.286498,0.299987,-0.258028,-0.0135043
10.52,5,0.0999978,0.081691,0.364665,-0.0178653,0.0183068
10.53,0,0.999991,1.01733,-0.427912,0.590053,-0.0173421
10.53,1,-0.499992,-0.385635,-0.0720545,-4.3581,-0.114356
10.53,2,0.79999,0.852957,0.169346,-1.9277,-0.0529668
10.53,3,0.2,0.204346,-0.0222486,-0.0301153,-0.00434644
10.53,4,-0.300003,-0.283723,0.258632,-0.25955,-0.0162793
10.53,5,0.0999978,0.0850236,0.308521,-0.0176854,0.0149742
10.54,0,0.999991,1.01315,-0.409778,0.702924,-0.0131602
10.54,1,-0.499992,-0.386276,-0.057845,-4.37509,-0.113716
10.54,2,0.79999,0.854533,0.148262,-1.9328,-0.0545425
10.54,3,0.2,0.204204,-0.0084065,-0.0369942,-0.00420381
10.54,4,-0.300003,-0.28137,0.216489,-0.257307,-0.0186328
10.54,5,0.0999978,0.0878321,0.259273,-0.016953,0.0121658
10.55,0,0.999991,1.00917,-0.388891,0.799665,-0.00917524
10.55,1,-0.499992,-0.386786,-0.0457173,-4.39108,-0.113206
10.55,2,0.79999,0.855909,0.129272,-1.93611,-0.055919
10.55,3,0.2,0.204176,0.00127577,-0.0425267,-0.00417612
10.55,4,-0.300003,-0.279426,0.176839,-0.253033,-0.0205767
10.55,5,0.0999978,0.0901867,0.216976,-0.0160368,0.00981117
10.56,0,0.999991,1.0054,-0.365688,0.880576,-0.0054122
10.56,1,-0.499992,-0.387186,-0.0357059,-4.4051,-0.112805
10.56,2,0.79999,0.857107,0.112244,-1.93798,-0.0571165
10.56,3,0.2,0.204226,0.00755787,-0.0467939,-0.00422592
10.56,4,-0.300003,-0.277857,0.141366,-0.247852,-0.0221461
10.56,5,0.0999978,0.0921535,0.180957,-0.0150654,0.00784436
10.57,0,0.999991,1.00188,-0.340582,0.946066,-0.001892
10.57,1,-0.499992,-0.387498,-0.0276982,-4.41666,-0.112494
10.57,2,0.79999,0.858144,0.0970194,-1.93865,-0.0581538
10.57,3,0.2,0.204323,0.0111756,-0.0499385,-0.00432331
10.57,4,-0.300003,-0.276615,0.11073,-0.242462,-0.0233872
10.57,5,0.0999978,0.0937908,0.150402,-0.0140857,0.00620702
10.58,0,0.999991,0.998622,-0.313972,0.996656,0.00136854
10.58,1,-0.499992,-0.387739,-0.0215017,-4.42559,-0.112252
10.58,2,0.79999,0.859038,0.0834308,-1.9383,-0.059048
10.58,3,0.2,0.204445,0.0127616,-0.0521094,-0.00444524
10.58,4,-0.300003,-0.275654,0.0849713,-0.237277,-0.0243489
10.58,5,0.0999978,0.095149,0.124539,-0.0131175,0.00484882
10.59,0,0.999991,0.995634,-0.286239,1.03298,0.0043565
10.59,1,-0.499992,-0.387928,-0.0168868,-4.4319,-0.112064
10.59,2,0.79999,0.859805,0.0713152,-1.93707,-0.0598145
10.59,3,0.2,0.204574,0.0128346,-0.053444,-0.00457432
10.59,4,-0.300003,-0.274924,0.0637797,-0.232518,-0.0250785
10.59,5,0.0999978,0.0962712,0.102683,-0.0121715,0.00372669
10.6,0,0.999991,0.992928,-0.257748,1.05575,0.00706266
10.6,1,-0.499992,-0.388077,-0.0136148,-4.43572,-0.111914
10.6,2,0.79999,0.860458,0.0605192,-1.93506,-0.0604673
10.6,3,0.2,0.204698,0.0118095,-0.0540635,-0.00469779
10.6,4,-0.300003,-0.274384,0.0466689,-0.228287,-0.025619
10.6,5,0.0999978,0.097194,0.0842478,-0.0112551,0.00280385
10.61,0,0.999991,0.990509,-0.228845,1.06579,0.00948138
10.61,1,-0.499992,-0.388201,-0.0114543,-4.43726,-0.111791
10.61,2,0.79999,0.861009,0.0509029,-1.93237,-0.0610187
10.61,3,0.2,0.204806,0.0100133,-0.0540732,-0.00480652
10.61,4,-0.300003,-0.273994,0.0330869,-0.22461,-0.0260083
10.61,5,0.0999978,0.0979489,0.0687273,-0.0103734,0.00204895
10.62,0,0.999991,0.98838,-0.199854,1.06397,0.0116103
10.62,1,-0.499992,-0.388308,-0.0101916,-4.43678,-0.111684
10.62,2,0.79999,0.86147,0.0423408,-1.92908,-0.0614798
10.62,3,0.2,0.204894,0.00770136,-0.0535636,-0.00489428
10.62,4,-0.300003,-0.273724,0.0224822,-0.22147,-0.0262786
10.62,5,0.0999978,0.0985626,0.0556891,-0.00953035,0.00143528
10.63,0,0.999991,0.98654,-0.171076,1.05124,0.0134503
10.63,1,-0.499992,-0.388406,-0.00963492,-4.43451,-0.111585
10.63,2,0.79999,0.861851,0.0347227,-1.92526,-0.0618606
10.63,3,0.2,0.204957,0.00507098,-0.0526128,-0.00495702
10.63,4,-0.300003,-0.273546,0.0143407,-0.218825,-0.0264568
10.63,5,0.0999978,0.0990578,0.0447619,-0.00872814,0.000940087
10.64,0,0.999991,0.984986,-0.14279,1.02857,0.015005
10.64,1,-0.499992,-0.388502,-0.0096167,-4.43073,-0.11149
10.64,2,0.79999,0.86216,0.027952,-1.921,-0.0621699
10.64,3,0.2,0.204992,0.00227353,-0.0512884,-0.00499243
10.64,4,-0.300003,-0.273438,0.00820405,-0.216622,-0.026565
10.64,5,0.0999978,0.0994538,0.0356268,-0.00796769,0.00054407
10.65,0,0.999991,0.98371,-0.115246,0.996965,0.0162807
10.65,1,-0.499992,-0.3886,-0.00999306,-4.42568,-0.111392
10.65,2,0.79999,0.862406,0.0219454,-1.91636,-0.0624158
10.65,3,0.2,0.204999,-0.000575833,-0.0496494,-0.00499949
10.65,4,-0.300003,-0.273382,0.00367621,-0.214806,-0.026621
10.65,5,0.0999978,0.099767,0.0280099,-0.00724874,0.000230845
10.66,0,0.999991,0.982705,-0.0886713,0.957457,0.0172861
10.66,1,-0.499992,-0.388703,-0.0106425,-4.4196,-0.111288
10.66,2,0.79999,0.862596,0.0166305,-1.91142,-0.0626054
10.66,3,0.2,0.204978,-0.0033902,-0.0477478,-0.0049782
10.66,4,-0.300003,-0.273364,0.000422765,-0.213323,-0.0266389
10.66,5,0.0999978,0.100011,0.0216761,-0.00657007,-1.34468e-05
10.67,0,0.999991,0.981959,-0.0632635,0.911071,0.018032
10.67,1,-0.499992,-0.388814,-0.0114641,-4.4127,-0.111177
10.67,2,0.79999,0.862736,0.0119447,-1.90625,-0.0627455
10.67,3,0.2,0.204929,-0.00610457,-0.0456299,-0.00492926
10.67,4,-0.300003,-0.273373,-0.0018334,-0.212123,-0.02663
10.67,5,0.0999978,0.100198,0.0164244,-0.00592984,-0.000200506
10.68,0,0.999991,0.98146,-0.0391945,0.858827,0.0185311
10.68,1,-0.499992,-0.388934,-0.0123749,-4.40519,-0.111058
10.68,2,0.79999,0.862832,0.00783355,-1.90092,-0.0628419
10.68,3,0.2,0.204854,-0.00867085,-0.0433371,-0.00485396
10.68,4,-0.300003,-0.2734,-0.00331847,-0.211164,-0.0266029
10.68,5,0.0999978,0.100338,0.0120829,-0.0053258,-0.000340184
10.69,0,0.999991,0.981193,-0.016609,0.801728,0.0187975
10.69,1,-0.499992,-0.389063,-0.0133081,-4.39723,-0.110929
10.69,2,0.79999,0.86289,0.00424937,-1.8955,-0.0629001
10.69,3,0.2,0.204754,-0.011054,-0.0409075,-0.00475398
10.69,4,-0.300003,-0.273438,-0.00421472,-0.210408,-0.0265644
10.69,5,0.0999978,0.100439,0.00850582,-0.00475556,-0.000440763
10.7,0,0.999991,0.981144,0.00437491,0.740749,0.0188469
10.7,1,-0.499992,-0.389201,-0.0142108,-4.389,-0.110791
10.7,2,0.79999,0.862915,0.00114974,-1.89005,-0.0629251
10.7,3,0.2,0.204631,-0.0132289,-0.0383757,-0.0046313
10.7,4,-0.300003,-0.273483,-0.00466738,-0.209822,-0.0265195
10.7,5,0.0999978,0.100507,0.00556948,-0.00421678,-0.000509188
10.71,0,0.999991,0.981295,0.0236646,0.67683,0.0186956
10.71,1,-0.499992,-0.389347,-0.0150418,-4.38064,-0.110644
10.71,2,0.79999,0.862912,-0.00150341,-1.88464,-0.0629217
10.71,3,0.2,0.204488,-0.0151785,-0.0357739,-0.0044881
10.71,4,-0.300003,-0.273531,-0.00479106,-0.209379,-0.0264719
10.71,5,0.0999978,0.100549,0.00316967,-0.0037073,-0.00055128
10.72,0,0.999991,0.98163,0.0411923,0.610865,0.0183611
10.72,1,-0.499992,-0.389502,-0.0157701,-4.37227,-0.11049
10.72,2,0.79999,0.862884,-0.00374481,-1.87933,-0.062894
10.72,3,0.2,0.204326,-0.0168916,-0.033132,-0.00432669
10.72,4,-0.300003,-0.273578,-0.00467535,-0.209058,-0.0264244
10.72,5,0.0999978,0.10057,0.00121896,-0.00322523,-0.000571909
10.73,0,0.999991,0.98213,0.0569139,0.543705,0.0178612
10.73,1,-0.499992,-0.389663,-0.0163731,-4.36402,-0.110328
10.73,2,0.79999,0.862836,-0.00560661,-1.87417,-0.062846
10.73,3,0.2,0.204149,-0.0183619,-0.0304777,-0.00414949
10.73,4,-0.300003,-0.273624,-0.00438971,-0.208838,-0.0263791
10.73,5,0.0999978,0.100573,-0.000355775,-0.00276904,-0.000575154
10.74,0,0.999991,0.982777,0.0708076,0.476141,0.0172141
10.74,1,-0.499992,-0.38983,-0.0168356,-4.35597,-0.110162
10.74,2,0.79999,0.862772,-0.00711895,-1.8692,-0.0627813
10.74,3,0.2,0.203959,-0.0195873,-0.0278369,-0.00395893
10.74,4,-0.300003,-0.273665,-0.00398758,-0.208705,-0.0263374
10.74,5,0.0999978,0.100562,-0.00161541,-0.00233753,-0.000564431
10.75,0,0.999991,0.983553,0.082872,0.408911,0.0164382
10.75,1,-0.499992,-0.39,-0.0171482,-4.34823,-0.109992
10.75,2,0.79999,0.862694,-0.00831043,-1.86448,-0.0627033
10.75,3,0.2,0.203757,-0.0205688,-0.0252333,-0.00375746
10.75,4,-0.300003,-0.273703,-0.00350975,-0.208646,-0.0263001
10.75,5,0.0999978,0.10054,-0.00261053,-0.00192986,-0.000542604
10.76,0,0.999991,0.984439,0.0931251,0.342687,0.0155516
10.76,1,-0.499992,-0.390172,-0.0173069,-4.34085,-0.109819
10.76,2,0.79999,0.862605,-0.00920847,-1.86004,-0.0626151
10.76,3,0.2,0.203547,-0.0213103,-0.0226888,-0.0035475
10.76,4,-0.300003,-0.273735,-0.00298712,-0.208649,-0.0262678
10.76,5,0.0999978,0.10051,-0.00338307,-0.00154549,-0.000512081
10.77,0,0.999991,0.985419,0.101603,0.278082,0.0145722
10.77,1,-0.499992,-0.390345,-0.0173114,-4.33391,-0.109646
10.77,2,0.79999,0.86251,-0.00983952,-1.8559,-0.0625193
10.77,3,0.2,0.203331,-0.0218181,-0.0202232,-0.00333141
10.77,4,-0.300003,-0.273762,-0.00244294,-0.208706,-0.0262409
10.77,5,0.0999978,0.100473,-0.0039678,-0.00118412,-0.000474893
10.78,0,0.999991,0.986473,0.108355,0.215642,0.0135177
10.78,1,-0.499992,-0.390518,-0.0171652,-4.32745,-0.109474
10.78,2,0.79999,0.862409,-0.0102292,-1.8521,-0.0624186
10.78,3,0.2,0.203111,-0.0221008,-0.0178545,-0.00311149
10.78,4,-0.300003,-0.273783,-0.00189458,-0.208809,-0.0262195
10.78,5,0.0999978,0.100431,-0.00439357,-0.000845689,-0.000432752
10.79,0,0.999991,0.987586,0.113448,0.155846,0.0124048
10.79,1,-0.499992,-0.390688,-0.0168745,-4.32152,-0.109304
10.79,2,0.79999,0.862305,-0.0104023,-1.84865,-0.0623152
10.79,3,0.2,0.20289,-0.0221686,-0.0155982,-0.00288994
10.79,4,-0.300003,-0.273799,-0.00135489,-0.208951,-0.0262036
10.79,5,0.0999978,0.100385,-0.00468445,-0.000530237,-0.000387114
10.8,0,0.999991,0.988741,0.116959,0.0991113,0.0112497
10.8,1,-0.499992,-0.390855,-0.0164476,-4.31614,-0.109137
10.8,2,0.79999,0.862201,-0.0103829,-1.84557,-0.0622111
10.8,3,0.2,0.202669,-0.0220336,-0.0134682,-0.00266883
10.8,4,-0.300003,-0.27381,-0.000833316,-0.209127,-0.0261929
10.8,5,0.0999978,0.100337,-0.00486057,-0.0002379,-0.000339214
10.81,0,0.999991,0.989923,0.118975,0.0457879,0.0100678
10.81,1,-0.499992,-0.391016,-0.015895,-4.31133,-0.108975
10.81,2,0.79999,0.862098,-0.0101944,-1.84286,-0.0621082
10.81,3,0.2,0.20245,-0.0217092,-0.0114758,-0.00245013
10.81,4,-0.300003,-0.273815,-0.000336719,-0.20933,-0.0261873
10.81,5,0.0999978,0.100288,-0.00493893,3.11648e-05,-0.000290103
10.82,0,0.999991,0.991117,0.119593,-0.00383618,0.00887358
10.82,1,-0.499992,-0.391171,-0.0152282,-4.30712,-0.10882
10.82,2,0.79999,0.861998,-0.00985926,-1.84052,-0.062008
10.82,3,0.2,0.202235,-0.0212101,-0.00963041,-0.00223565
10.82,4,-0.300003,-0.273816,0.000129974,-0.209557,-0.0261865
10.82,5,0.0999978,0.100239,-0.00493403,0.000276823,-0.000240677
10.83,0,0.999991,0.99231,0.118916,-0.049534,0.00768035
10.83,1,-0.499992,-0.39132,-0.0144599,-4.3035,-0.108672
10.83,2,0.79999,0.861902,-0.0093991,-1.83856,-0.0619118
10.83,3,0.2,0.202027,-0.0205518,-0.00793932,-0.00202704
10.83,4,-0.300003,-0.273812,0.000563298,-0.209804,-0.0261903
10.83,5,0.0999978,0.10019,-0.00485834,0.000499006,-0.0001917
10.84,0,0.999991,0.99349,0.117053,-0.0911375,0.00650051
10.84,1,-0.499992,-0.39146,-0.0136035,-4.30047,-0.108532
10.84,2,0.79999,0.861811,-0.00883454,-1.83696,-0.0618208
10.84,3,0.2,0.201826,-0.0197507,-0.00640775,-0.00182582
10.84,4,-0.300003,-0.273805,0.000960877,-0.210065,-0.0261981
10.84,5,0.0999978,0.100142,-0.00472275,0.000697742,-0.000143817
10.85,0,0.999991,0.994645,0.114115,-0.128534,0.0053453
10.85,1,-0.499992,-0.39159,-0.0126729,-4.29802,-0.108401
10.85,2,0.79999,0.861726,-0.00818512,-1.83571,-0.061736
10.85,3,0.2,0.201633,-0.0188237,-0.00503894,-0.00163331
10.85,4,-0.300003,-0.273793,0.00132116,-0.210338,-0.0262097
10.85,5,0.0999978,0.100095,-0.00453682,0.000873178,-9.75738e-05
10.86,0,0.999991,0.995766,0.110219,-0.161664,0.00422483
10.86,1,-0.499992,-0.391712,-0.0116819,-4.29614,-0.10828
10.86,2,0.79999,0.861648,-0.0074693,-1.8348,-0.061658
10.86,3,0.2,0.20145,-0.0177878,-0.00383425,-0.00145069
10.86,4,-0.300003,-0.273778,0.00164325,-0.21062,-0.0262247
10.86,5,0.0999978,0.100051,-0.00430911,0.0010256,-5.34268e-05
10.87,0,0.999991,0.996843,0.10548,-0.190517,0.00314806
10.87,1,-0.499992,-0.391823,-0.0106447,-4.29481,-0.108169
10.87,2,0.79999,0.861578,-0.00670428,-1.83422,-0.0615875
10.87,3,0.2,0.201279,-0.0166603,-0.00279328,-0.00127895
10.87,4,-0.300003,-0.27376,0.0019267,-0.210905,-0.0262428
10.87,5,0.0999978,0.10001,-0.00404727,0.00115543,-1.17506e-05
10.88,0,0.999991,0.997868,0.100012,-0.215126,0.00212278
10.88,1,-0.499992,-0.391924,-0.00957489,-4.294,-0.108068
10.88,2,0.79999,0.861515,-0.00590604,-1.83393,-0.0615249
10.88,3,0.2,0.201119,-0.0154583,-0.00191401,-0.0011189
10.88,4,-0.300003,-0.273739,0.0021715,-0.211193,-0.0262634
10.88,5,0.0999978,0.0999707,-0.00375827,0.00126324,2.71523e-05
10.89,0,0.999991,0.998835,0.0939315,-0.235569,0.00115564
10.89,1,-0.499992,-0.392013,-0.00848584,-4.29367,-0.107978
10.89,2,0.79999,0.861461,-0.00508922,-1.83393,-0.0614703
10.89,3,0.2,0.200971,-0.0141986,-0.00119289,-0.000971204
10.89,4,-0.300003,-0.273716,0.00237795,-0.211479,-0.0262863
10.89,5,0.0999978,0.0999348,-0.0034484,0.00134975,6.30455e-05
10.9,0,0.999991,0.999739,0.0873482,-0.251958,0.000252162
10.9,1,-0.499992,-0.392092,-0.00739028,-4.29381,-0.107899
10.9,2,0.79999,0.861414,-0.00426716,-1.83418,-0.0614239
10.9,3,0.2,0.200836,-0.0128974,-0.000625029,-0.000836347
10.9,4,-0.300003,-0.273692,0.00254662,-0.211762,-0.026311
10.9,5,0.0999978,0.0999021,-0.00312344,0.00141579,9.57524e-05
10.91,0,0.999991,1.00057,0.0803705,-0.26444,-0.000583224
10.91,1,-0.499992,-0.39216,-0.00630029,-4.29436,-0.107832
10.91,2,0.79999,0.861376,-0.00345181,-1.83467,-0.0613857
10.91,3,0.2,0.200714,-0.0115704,-0.000204348,-0.000714657
10.91,4,-0.300003,-0.273665,0.00267835,-0.212037,-0.0263372
10.91,5,0.0999978,0.0998727,-0.00278862,0.00146234,0.000125151
10.92,0,0.999991,1.00134,0.0731019,-0.273192,-0.00134715
10.92,1,-0.499992,-0.392217,-0.00522712,-4.2953,-0.107774
10.92,2,0.79999,0.861346,-0.00265383,-1.83536,-0.0613556
10.92,3,0.2,0.200606,-0.0102323,7.62851e-05,-0.000606309
10.92,4,-0.300003,-0.273638,0.00277418,-0.212304,-0.0263646
10.92,5,0.0999978,0.0998467,-0.00244872,0.00149047,0.00015117
10.93,0,0.999991,1.00203,0.0656408,-0.278413,-0.00203725
10.93,1,-0.499992,-0.392264,-0.00418112,-4.29657,-0.107728
10.93,2,0.79999,0.861324,-0.0018825,-1.83624,-0.0613333
10.93,3,0.2,0.200511,-0.00889711,0.000224887,-0.000511338
10.93,4,-0.300003,-0.27361,0.0028354,-0.212559,-0.0263927
10.93,5,0.0999978,0.0998241,-0.00210807,0.00150133,0.000173783
10.94,0,0.999991,1.00264,0.0580801,-0.280325,-0.00265212
10.94,1,-0.499992,-0.3923,-0.00317169,-4.29815,-0.107692
10.94,2,0.79999,0.861309,-0.00114583,-1.83727,-0.0613186
10.94,3,0.2,0.200429,-0.00757771,0.000250209,-0.000429641
10.94,4,-0.300003,-0.273581,0.00286347,-0.212802,-0.0264212
10.94,5,0.0999978,0.0998048,-0.00177055,0.00149618,0.000193003
10.95,0,0.999991,1.00318,0.0505063,-0.279169,-0.00319124
10.95,1,-0.499992,-0.392326,-0.00220718,-4.29999,-0.107665
10.95,2,0.79999,0.861301,-0.000450552,-1.83843,-0.061311
10.95,3,0.2,0.200361,-0.00628593,0.00016159,-0.000360997
10.95,4,-0.300003,-0.273553,0.00286004,-0.213029,-0.0264499
10.95,5,0.0999978,0.099789,-0.00143966,0.00147631,0.000208882
10.96,0,0.999991,1.00365,0.0429992,-0.275195,-0.00365493
10.96,1,-0.499992,-0.392343,-0.00129488,-4.30205,-0.107648
10.96,2,0.79999,0.8613,0.000197798,-1.8397,-0.0613101
10.96,3,0.2,0.200305,-0.00503247,-3.11903e-05,-0.000305067
10.96,4,-0.300003,-0.273524,0.00282696,-0.21324,-0.0264783
10.96,5,0.0999978,0.0997763,-0.00111845,0.00144305,0.000221503
10.97,0,0.999991,1.00404,0.0356318,-0.268666,-0.00404426
10.97,1,-0.499992,-0.392351,-0.000441025,-4.30428,-0.10764
10.97,2,0.79999,0.861306,0.000794838,-1.84105,-0.0613154
10.97,3,0.2,0.200261,-0.00382686,-0.000318045,-0.000261416
10.97,4,-0.300003,-0.273496,0.00276622,-0.213433,-0.0265063
10.97,5,0.0999978,0.0997669,-0.000809631,0.00139778,0.000230978
10.98,0,0.999991,1.00435,0.0284699,-0.259849,-0.00436099
10.98,1,-0.499992,-0.392351,0.00034928,-4.30665,-0.10764
10.98,2,0.79999,0.861317,0.00133727,-1.84247,-0.0613264
10.98,3,0.2,0.200229,-0.00267747,-0.000688709,-0.000229519
10.98,4,-0.300003,-0.273469,0.00267998,-0.213608,-0.0265335
10.98,5,0.0999978,0.0997604,-0.000515502,0.00134187,0.000237443
10.99,0,0.999991,1.0046,0.021572,-0.249016,-0.00460751
10.99,1,-0.499992,-0.392344,0.00107199,-4.30912,-0.107648
10.99,2,0.79999,0.861333,0.00182281,-1.84392,-0.0613425
10.99,3,0.2,0.200209,-0.00159144,-0.00113286,-0.000208772
10.99,4,-0.300003,-0.273443,0.00257052,-0.213763,-0.0265597
10.99,5,0.0999978,0.0997568,-0.000238017,0.00127669,0.000241058
