sim_t,joint,desired,actual,velocity,torque,error
0,0,0,0,0,0,0
0,1,-0.8,-0.8,0,0,0
0,2,1.2,1.2,0,-6.66134e-15,-2.22045e-16
0,3,0,0,0,0,0
0,4,-0.4,-0.4,0,0,0
0,5,0,0,0,0,0
0.01,0,0,0,0,0,0
0.01,1,-0.8,-0.799036,0.16595,-0.536428,-0.000964426
0.01,2,1.2,1.20018,0.0384837,-0.0823016,-0.000177805
0.01,3,0,0,0,0,0
0.01,4,-0.4,-0.401011,-0.1636,0.089886,0.00101077
0.01,5,0,0,0,0,0
0.02,0,0,0,0,0,0
0.02,1,-0.8,-0.796699,0.2836,-0.982847,-0.00330121
0.02,2,1.2,1.20089,0.100179,-0.227177,-0.000893941
0.02,3,0,0,0,0,0
0.02,4,-0.4,-0.402999,-0.213878,0.130932,0.00299909
0.02,5,0,0,0,0,0
0.03,0,0,0,0,0,0
0.03,1,-0.8,-0.79336,0.371512,-1.38016,-0.00664049
0.03,2,1.2,1.20226,0.165307,-0.398268,-0.00225512
0.03,3,0,0,0,0,0
0.03,4,-0.4,-0.40506,-0.191605,0.136286,0.00506038
0.03,5,0,0,0,0,0
0.04,0,0,0,0,0,0
0.04,1,-0.8,-0.789258,0.439158,-1.74714,-0.0107418
0.04,2,1.2,1.20425,0.226588,-0.580675,-0.00424998
0.04,3,0,0,0,0,0
0.04,4,-0.4,-0.406654,-0.128913,0.117692,0.00665443
0.04,5,0,0,0,0,0
0.05,0,0,0,0,0,0
0.05,1,-0.8,-0.784566,0.491833,-2.09285,-0.0154339
0.05,2,1.2,1.20682,0.281133,-0.766927,-0.00682205
0.05,3,0,0,0,0,0
0.05,4,-0.4,-0.407507,-0.0480056,0.0840564,0.0075067
0.05,5,0,0,0,0,0
0.06,0,0,0,0,0,0
0.06,1,-0.8,-0.779414,0.532665,-2.42142,-0.0205856
0.06,2,1.2,1.2099,0.327782,-0.952464,-0.00989669
0.06,3,0,0,0,0,0
0.06,4,-0.4,-0.407519,0.0368425,0.0417314,0.00751908
0.06,5,0,0,0,0,0
0.07,0,0,0,0,0,0
0.07,1,-0.8,-0.77391,0.563557,-2.73426,-0.0260898
0.07,2,1.2,1.21339,0.366159,-1.13409,-0.0133924
0.07,3,0,0,0,0,0
0.07,4,-0.4,-0.406703,0.117015,-0.00488035,0.00670341
0.07,5,0,0,0,0,0
0.08,0,0,0,0,0,0
0.08,1,-0.8,-0.768146,0.585705,-3.03128,-0.031854
0.08,2,1.2,1.21723,0.396296,-1.30939,-0.0172265
0.08,3,0,0,0,0,0
0.08,4,-0.4,-0.405135,0.18773,-0.0527828,0.00513529
0.08,5,0,0,0,0,0
0.09,0,0,0,0,0,0
0.09,1,-0.8,-0.762205,0.599905,-3.31154,-0.0377955
0.09,2,1.2,1.22132,0.418456,-1.47645,-0.0213178
0.09,3,0,0,0,0,0
0.09,4,-0.4,-0.402923,0.246709,-0.0999671,0.00292345
0.09,5,0,0,0,0,0
0.1,0,0,0,0,0,0
0.1,1,-0.8,-0.756162,0.606744,-3.57375,-0.043838
0.1,2,1.2,1.22559,0.43304,-1.63374,-0.0255886
0.1,3,0,0,0,0,0
0.1,4,-0.4,-0.40019,0.293258,-0.145108,0.000190081
0.1,5,0,0,0,0,0
0.11,0,0,0,0,0,0
0.11,1,-0.8,-0.750089,0.606714,-3.81657,-0.0499108
0.11,2,1.2,1.22997,0.440534,-1.78004,-0.0299659
0.11,3,0,0,0,0,0
0.11,4,-0.4,-0.397059,0.327642,-0.187352,-0.00294137
0.11,5,0,0,0,0,0
0.12,0,0,0,0,0,0
0.12,1,-0.8,-0.744052,0.600284,-4.03876,-0.0559476
0.12,2,1.2,1.23438,0.441472,-1.91439,-0.0343815
0.12,3,0,0,0,0,0
0.12,4,-0.4,-0.393647,0.350674,-0.226164,-0.0063534
0.12,5,0,0,0,0,0
0.13,0,0,0,0,0,0
0.13,1,-0.8,-0.738113,0.587937,-4.2393,-0.0618872
0.13,2,1.2,1.23877,0.436424,-2.03604,-0.0387732
0.13,3,0,0,0,0,0
0.13,4,-0.4,-0.390062,0.363451,-0.261232,-0.00993838
0.13,5,0,0,0,0,0
0.14,0,0,0,0,0,0
0.14,1,-0.8,-0.732327,0.570184,-4.41748,-0.0676732
0.14,2,1.2,1.24308,0.425975,-2.14448,-0.0430842
0.14,3,0,0,0,0,0
0.14,4,-0.4,-0.3864,0.367186,-0.292396,-0.0136004
0.14,5,0,0,0,0,0
0.15,0,0,0,0,0,0
0.15,1,-0.8,-0.726746,0.547576,-4.57291,-0.0732545
0.15,2,1.2,1.24726,0.410723,-2.23936,-0.0472638
0.15,3,0,0,0,0,0
0.15,4,-0.4,-0.382744,0.363109,-0.319601,-0.0172558
0.15,5,0,0,0,0,0
0.16,0,0,0,0,0,0
0.16,1,-0.8,-0.721414,0.520693,-4.70551,-0.0785856
0.16,2,1.2,1.25127,0.391267,-2.32055,-0.0512672
0.16,3,0,0,0,0,0
0.16,4,-0.4,-0.379167,0.352406,-0.342867,-0.020833
0.16,5,0,0,0,0,0
0.17,0,0,0,0,0,0
0.17,1,-0.8,-0.716373,0.490142,-4.81552,-0.0836273
0.17,2,1.2,1.25506,0.368208,-2.38809,-0.0550558
0.17,3,0,0,0,0,0
0.17,4,-0.4,-0.375728,0.33619,-0.362271,-0.024272
0.17,5,0,0,0,0,0
0.18,0,0,0,0,0,0
0.18,1,-0.8,-0.711654,0.456543,-4.90348,-0.0883462
0.18,2,1.2,1.2586,0.342139,-2.44218,-0.0585967
0.18,3,0,0,0,0,0
0.18,4,-0.4,-0.372477,0.31549,-0.377932,-0.0275233
0.18,5,0,0,0,0,0
0.19,0,0,0,0,0,0
0.19,1,-0.8,-0.707285,0.420518,-4.97017,-0.0927152
0.19,2,1.2,1.26186,0.313646,-2.48319,-0.0618631
0.19,3,0,0,0,0,0
0.19,4,-0.4,-0.369453,0.291246,-0.390002,-0.0305474
0.19,5,0,0,0,0,0
0.2,0,0,0,0,0,0
0.2,1,-0.8,-0.703286,0.382682,-5.01659,-0.0967136
0.2,2,1.2,1.26483,0.283299,-2.51162,-0.064834
0.2,3,0,0,0,0,0
0.2,4,-0.4,-0.366686,0.264309,-0.398663,-0.0333136
0.2,5,0,0,0,0,0
0.21,0,0,0,0,0,0
0.21,1,-0.8,-0.699674,0.343629,-5.04394,-0.100326
0.21,2,1.2,1.26749,0.251651,-2.52811,-0.0674938
0.21,3,0,0,0,0,0
0.21,4,-0.4,-0.364201,0.235448,-0.404118,-0.0357993
0.21,5,0,0,0,0,0
0.22,0,0,0,0,0,0
0.22,1,-0.8,-0.696455,0.303927,-5.05356,-0.103545
0.22,2,1.2,1.26983,0.219228,-2.53343,-0.0698324
0.22,3,0,0,0,0,0
0.22,4,-0.4,-0.362011,0.205355,-0.406589,-0.037989
0.22,5,0,0,0,0,0
0.23,0,0,0,0,0,0
0.23,1,-0.8,-0.693635,0.264109,-5.04692,-0.106365
0.23,2,1.2,1.27184,0.186531,-2.52841,-0.0718449
0.23,3,0,0,0,0,0
0.23,4,-0.4,-0.360126,0.174649,-0.406316,-0.0398739
0.23,5,0,0,0,0,0
0.24,0,0,0,0,0,0
0.24,1,-0.8,-0.691212,0.224666,-5.02553,-0.108788
0.24,2,1.2,1.27353,0.154026,-2.51398,-0.0735311
0.24,3,0,0,0,0,0
0.24,4,-0.4,-0.358549,0.143881,-0.403549,-0.041451
0.24,5,0,0,0,0,0
0.25,0,0,0,0,0,0
0.25,1,-0.8,-0.689178,0.186045,-4.99101,-0.110822
0.25,2,1.2,1.2749,0.12214,-2.49114,-0.0748953
0.25,3,0,0,0,0,0
0.25,4,-0.4,-0.357278,0.113541,-0.39855,-0.0427224
0.25,5,0,0,0,0,0
0.26,0,0,0,0,0,0
0.26,1,-0.8,-0.687525,0.148643,-4.94495,-0.112475
0.26,2,1.2,1.27595,0.0912627,-2.4609,-0.0759459
0.26,3,0,0,0,0,0
0.26,4,-0.4,-0.356305,0.084053,-0.391585,-0.0436948
0.26,5,0,0,0,0,0
0.27,0,0,0,0,0,0
0.27,1,-0.8,-0.686237,0.112809,-4.88896,-0.113763
0.27,2,1.2,1.27669,0.0617363,-2.42432,-0.0766948
0.27,3,0,0,0,0,0
0.27,4,-0.4,-0.355621,0.0557871,-0.382923,-0.0443787
0.27,5,0,0,0,0,0
0.28,0,0,0,0,0,0
0.28,1,-0.8,-0.685297,0.0788394,-4.82463,-0.114703
0.28,2,1.2,1.27716,0.0338582,-2.38244,-0.0771574
0.28,3,0,0,0,0,0
0.28,4,-0.4,-0.355212,0.0290557,-0.372833,-0.0447882
0.28,5,0,0,0,0,0
0.29,0,0,0,0,0,0
0.29,1,-0.8,-0.684686,0.0469823,-4.75352,-0.115314
0.29,2,1.2,1.27735,0.00787764,-2.3363,-0.0773514
0.29,3,0,0,0,0,0
0.29,4,-0.4,-0.35506,0.00411722,-0.361579,-0.04494
0.29,5,0,0,0,0,0
0.3,0,0,0,0,0,0
0.3,1,-0.8,-0.68438,0.017437,-4.6771,-0.11562
0.3,2,1.2,1.2773,-0.0160044,-2.2869,-0.0772971
0.3,3,0,0,0,0,0
0.3,4,-0.4,-0.355147,-0.0188215,-0.349416,-0.0448533
0.3,5,0,0,0,0,0
0.31,0,0,0,0,0,0
0.31,1,-0.8,-0.684357,-0.00964384,-4.59679,-0.115643
0.31,2,1.2,1.27702,-0.0376346,-2.23522,-0.0770161
0.31,3,0,0,0,0,0
0.31,4,-0.4,-0.355451,-0.0396033,-0.33659,-0.0445489
0.31,5,0,0,0,0,0
0.32,0,0,0,0,0,0
0.32,1,-0.8,-0.68459,-0.0341515,-4.51393,-0.11541
0.32,2,1.2,1.27653,-0.056906,-2.18214,-0.0765318
0.32,3,0,0,0,0,0
0.32,4,-0.4,-0.355951,-0.0581182,-0.323334,-0.0440492
0.32,5,0,0,0,0,0
0.33,0,0,0,0,0,0
0.33,1,-0.8,-0.685054,-0.0560184,-4.42977,-0.114946
0.33,2,1.2,1.27587,-0.0737559,-2.12853,-0.0758681
0.33,3,0,0,0,0,0
0.33,4,-0.4,-0.356623,-0.0743006,-0.309866,-0.043377
0.33,5,0,0,0,0,0
0.34,0,0,0,0,0,0
0.34,1,-0.8,-0.685722,-0.075215,-4.34546,-0.114278
0.34,2,1.2,1.27505,-0.0881631,-2.07515,-0.0750493
0.34,3,0,0,0,0,0
0.34,4,-0.4,-0.357444,-0.0881258,-0.296386,-0.0425561
0.34,5,0,0,0,0,0
0.35,0,0,0,0,0,0
0.35,1,-0.8,-0.686568,-0.0917463,-4.26205,-0.113432
0.35,2,1.2,1.2741,-0.100145,-2.0227,-0.0740998
0.35,3,0,0,0,0,0
0.35,4,-0.4,-0.35839,-0.0996066,-0.283075,-0.0416097
0.35,5,0,0,0,0,0
0.36,0,0,0,0,0,0
0.36,1,-0.8,-0.687564,-0.105649,-4.1805,-0.112436
0.36,2,1.2,1.27304,-0.109752,-1.9718,-0.0730435
0.36,3,0,0,0,0,0
0.36,4,-0.4,-0.359439,-0.10879,-0.270095,-0.0405613
0.36,5,0,0,0,0,0
0.37,0,0,0,0,0,0
0.37,1,-0.8,-0.688685,-0.116989,-4.10165,-0.111315
0.37,2,1.2,1.2719,-0.117066,-1.92299,-0.0719039
0.37,3,0,0,0,0,0
0.37,4,-0.4,-0.360567,-0.115752,-0.25759,-0.0394333
0.37,5,0,0,0,0,0
0.38,0,0,0,0,0,0
0.38,1,-0.8,-0.689905,-0.125854,-4.02623,-0.110095
0.38,2,1.2,1.2707,-0.122194,-1.87671,-0.0707033
0.38,3,0,0,0,0,0
0.38,4,-0.4,-0.361753,-0.120595,-0.245682,-0.0382474
0.38,5,0,0,0,0,0
0.39,0,0,0,0,0,0
0.39,1,-0.8,-0.691202,-0.132356,-3.95487,-0.108798
0.39,2,1.2,1.26946,-0.125266,-1.83335,-0.0694629
0.39,3,0,0,0,0,0
0.39,4,-0.4,-0.362976,-0.123442,-0.234473,-0.0370242
0.39,5,0,0,0,0,0
0.4,0,0,0,0,0,0
0.4,1,-0.8,-0.69255,-0.136626,-3.88811,-0.10745
0.4,2,1.2,1.2682,-0.126428,-1.79321,-0.0682023
0.4,3,0,0,0,0,0
0.4,4,-0.4,-0.364217,-0.124435,-0.224046,-0.0357829
0.4,5,0,0,0,0,0
0.41,0,0,0,0,0,0
0.41,1,-0.8,-0.69393,-0.138806,-3.82637,-0.10607
0.41,2,1.2,1.26694,-0.125839,-1.75652,-0.0669399
0.41,3,0,0,0,0,0
0.41,4,-0.4,-0.365459,-0.123726,-0.214466,-0.0345411
0.41,5,0,0,0,0,0
0.42,0,0,0,0,0,0
0.42,1,-0.8,-0.695321,-0.139056,-3.76998,-0.104679
0.42,2,1.2,1.26569,-0.12367,-1.72343,-0.0656922
0.42,3,0,0,0,0,0
0.42,4,-0.4,-0.366685,-0.121481,-0.205779,-0.033315
0.42,5,0,0,0,0,0
0.43,0,0,0,0,0,0
0.43,1,-0.8,-0.696705,-0.137542,-3.71918,-0.103295
0.43,2,1.2,1.26447,-0.120094,-1.69403,-0.0644741
0.43,3,0,0,0,0,0
0.43,4,-0.4,-0.367881,-0.117869,-0.198017,-0.032119
0.43,5,0,0,0,0,0
0.44,0,0,0,0,0,0
0.44,1,-0.8,-0.698064,-0.134436,-3.67411,-0.101936
0.44,2,1.2,1.2633,-0.115289,-1.66838,-0.0632986
0.44,3,0,0,0,0,0
0.44,4,-0.4,-0.369034,-0.113062,-0.191195,-0.0309658
0.44,5,0,0,0,0,0
0.45,0,0,0,0,0,0
0.45,1,-0.8,-0.699385,-0.129918,-3.63485,-0.100615
0.45,2,1.2,1.26218,-0.109432,-1.64645,-0.0621772
0.45,3,0,0,0,0,0
0.45,4,-0.4,-0.370134,-0.107234,-0.185315,-0.0298665
0.45,5,0,0,0,0,0
0.46,0,0,0,0,0,0
0.46,1,-0.8,-0.700654,-0.124166,-3.60136,-0.0993465
0.46,2,1.2,1.26112,-0.102697,-1.62818,-0.0611192
0.46,3,0,0,0,0,0
0.46,4,-0.4,-0.37117,-0.100554,-0.180365,-0.0288303
0.46,5,0,0,0,0,0
0.47,0,0,0,0,0,0
0.47,1,-0.8,-0.701859,-0.11736,-3.57358,-0.0981415
0.47,2,1.2,1.26013,-0.0952533,-1.61347,-0.0601327
0.47,3,0,0,0,0,0
0.47,4,-0.4,-0.372135,-0.0931865,-0.176325,-0.0278647
0.47,5,0,0,0,0,0
0.48,0,0,0,0,0,0
0.48,1,-0.8,-0.702991,-0.109677,-3.55135,-0.0970095
0.48,2,1.2,1.25922,-0.0872628,-1.60219,-0.0592237
0.48,3,0,0,0,0,0
0.48,4,-0.4,-0.373024,-0.0852915,-0.173162,-0.0269759
0.48,5,0,0,0,0,0
0.49,0,0,0,0,0,0
0.49,1,-0.8,-0.704042,-0.101288,-3.53447,-0.0959583
0.49,2,1.2,1.2584,-0.078879,-1.59415,-0.0583969
0.49,3,0,0,0,0,0
0.49,4,-0.4,-0.373832,-0.0770186,-0.170837,-0.0261683
0.49,5,0,0,0,0,0
0.5,0,4.42597e-05,0,0,0.00177039,4.42597e-05
0.5,1,-0.799726,-0.705006,-0.0923593,-3.51172,-0.0947199
0.5,2,1.19969,1.25766,-0.0702455,-1.59853,-0.0579672
0.5,3,0.000497315,0,0,0.00497315,0.000497315
0.5,4,-0.399993,-0.374555,-0.068509,-0.169248,-0.0254379
0.5,5,-4.18895e-06,0,0,-2.09448e-05,-4.18895e-06
0.51,0,0.000486857,4.85554e-06,0.00115327,0.0158203,0.000482001
0.51,1,-0.796983,-0.705822,-0.0699995,-3.43644,-0.0911609
0.51,2,1.19657,1.25691,-0.083454,-1.64313,-0.0603348
0.51,3,0.00547047,8.90903e-05,0.0209683,0.0412328,0.00538138
0.51,4,-0.399924,-0.375153,-0.0511985,-0.172574,-0.0247717
0.51,5,-4.60785e-05,-7.16795e-05,-0.0159669,0.00491807,2.5601e-05
0.52,0,0.000929454,2.91329e-05,0.00360253,0.0252053,0.000900321
0.52,1,-0.79424,-0.706342,-0.0364822,-3.40649,-0.0878983
0.52,2,1.19345,1.25591,-0.112851,-1.64812,-0.0624608
0.52,3,0.0104436,0.000520611,0.0632383,0.0612871,0.00992301
0.52,4,-0.399856,-0.375563,-0.0334939,-0.177594,-0.0242926
0.52,5,-8.7968e-05,-0.000354685,-0.0377948,0.012672,0.000266717
0.53,0,0.00137205,8.17506e-05,0.00668203,0.0315659,0.0012903
0.53,1,-0.791498,-0.70651,-0.000691775,-3.39743,-0.0849876
0.53,2,1.19034,1.25462,-0.143379,-1.64165,-0.0642802
0.53,3,0.0154168,0.0014272,0.113755,0.0716429,0.0139896
0.53,4,-0.399787,-0.375829,-0.021915,-0.180704,-0.0239577
0.53,5,-0.000129857,-0.000820252,-0.0523326,0.0191517,0.000690395
0.54,0,0.00181465,0.000166908,0.0100394,0.0357915,0.00164774
0.54,1,-0.788755,-0.706324,0.0340977,-3.39952,-0.0824308
0.54,2,1.18722,1.25303,-0.170512,-1.63331,-0.0658112
0.54,3,0.0203899,0.00285396,0.166355,0.0755466,0.017536
0.54,4,-0.399718,-0.37601,-0.0156488,-0.181837,-0.0237077
0.54,5,-0.000171747,-0.00138034,-0.0577254,0.0233606,0.00120859
0.55,0,0.00225725,0.00028615,0.013465,0.0384487,0.0019711
0.55,1,-0.786012,-0.705802,0.066686,-3.40847,-0.0802103
0.55,2,1.1841,1.2512,-0.193247,-1.62636,-0.067095
0.55,3,0.0253631,0.00480219,0.217769,0.0749478,0.0205609
0.55,4,-0.399649,-0.376148,-0.0126027,-0.181707,-0.023501
0.55,5,-0.000213637,-0.0019512,-0.0556145,0.0253722,0.00173757
0.56,0,0.00269984,0.000439378,0.0168254,0.0399425,0.00226047
0.56,1,-0.783269,-0.704968,0.0966835,-3.42212,-0.0783017
0.56,2,1.18098,1.24916,-0.211728,-1.6218,-0.0681751
0.56,3,0.0303362,0.00724881,0.266105,0.0712111,0.0230874
0.56,4,-0.39958,-0.376265,-0.0110275,-0.18101,-0.0233155
0.56,5,-0.000255526,-0.0024708,-0.0483748,0.0255888,0.00221527
0.57,0,0.00314244,0.000625428,0.0200334,0.0405803,0.00251701
0.57,1,-0.780527,-0.703848,0.124037,-3.43925,-0.0766784
0.57,2,1.17787,1.24696,-0.226443,-1.61986,-0.0690916
0.57,3,0.0353094,0.0101564,0.310253,0.0653778,0.0251529
0.57,4,-0.399512,-0.376368,-0.00978353,-0.180254,-0.0231432
0.57,5,-0.000297416,-0.00290017,-0.0381904,0.0244709,0.00260276
0.58,0,0.00358504,0.000842456,0.0230349,0.0405986,0.00274258
0.58,1,-0.777784,-0.70247,0.148837,-3.45909,-0.0753145
0.58,2,1.17475,1.24463,-0.237953,-1.62047,-0.069879
0.58,3,0.0402825,0.0134795,0.349605,0.058267,0.026803
0.58,4,-0.399443,-0.376458,-0.00824361,-0.179755,-0.0229847
0.58,5,-0.000339305,-0.00321982,-0.0267965,0.0224415,0.00288051
0.59,0,0.00402763,0.00108821,0.0257994,0.0401788,0.00293942
0.59,1,-0.775041,-0.700856,0.171236,-3.48112,-0.0741853
0.59,2,1.17163,1.2422,-0.246793,-1.62341,-0.0705665
0.59,3,0.0452557,0.0171685,0.383918,0.0505214,0.0280872
0.59,4,-0.399374,-0.376529,-0.00613654,-0.179688,-0.0228445
0.59,5,-0.000381195,-0.00342497,-0.0154591,0.0198566,0.00304378
0.6,0,0.00447023,0.00136025,0.0283143,0.0394564,0.00310999
0.6,1,-0.772299,-0.699031,0.191406,-3.50492,-0.0732676
0.6,2,1.16851,1.23969,-0.253452,-1.62843,-0.0711779
0.6,3,0.0502288,0.0211728,0.41321,0.0426339,0.029056
0.6,4,-0.399305,-0.376576,-0.00341399,-0.180123,-0.0227288
0.6,5,-0.000423084,-0.0035212,-0.00503173,0.0170001,0.00309812
0.61,0,0.00491283,0.00165606,0.0305804,0.0385298,0.00325677
0.61,1,-0.769556,-0.697016,0.209522,-3.53018,-0.0725402
0.61,2,1.16539,1.23713,-0.258356,-1.63527,-0.0717327
0.61,3,0.055202,0.0254434,0.437693,0.0349699,0.0297586
0.61,4,-0.399236,-0.376593,-0.000154275,-0.18107,-0.0226434
0.61,5,-0.000464974,-0.00352071,0.00396642,0.0140888,0.00305574
0.62,0,0.00535543,0.0019732,0.0326073,0.0374671,0.00338223
0.62,1,-0.766813,-0.69483,0.225747,-3.55658,-0.0719835
0.62,2,1.16228,1.23452,-0.261876,-1.64364,-0.0722463
0.62,3,0.0601751,0.029934,0.45771,0.027786,0.0302412
0.62,4,-0.399167,-0.376575,0.00350202,-0.182494,-0.0225929
0.62,5,-0.000506863,-0.0034394,0.0112749,0.0112802,0.00293254
0.63,0,0.00579802,0.00230937,0.034411,0.0363131,0.00348865
0.63,1,-0.76407,-0.692491,0.240233,-3.58387,-0.0715793
0.63,2,1.15916,1.23189,-0.26433,-1.65327,-0.0727309
0.63,3,0.0651483,0.0346021,0.473689,0.0212487,0.0305462
0.63,4,-0.399099,-0.376518,0.00739262,-0.184339,-0.0225804
0.63,5,-0.000548753,-0.00329469,0.0168242,0.00868242,0.00274594
0.64,0,0.00624062,0.00266244,0.0360109,0.0350946,0.00357818
0.64,1,-0.761328,-0.690017,0.253114,-3.61178,-0.071311
0.64,2,1.15604,1.22924,-0.265986,-1.66389,-0.0731955
0.64,3,0.0701215,0.03941,0.486105,0.0154515,0.0307114
0.64,4,-0.39903,-0.376423,0.0113579,-0.186538,-0.0226073
0.64,5,-0.000590642,-0.0031039,0.0206793,0.0063625,0.00251326
0.65,0,0.00668322,0.00303048,0.0374278,0.0338259,0.00365274
0.65,1,-0.758585,-0.687422,0.264515,-3.64008,-0.0711633
0.65,2,1.15292,1.22657,-0.267069,-1.67527,-0.0736469
0.65,3,0.0750946,0.0443248,0.495446,0.0104305,0.0307698
0.65,4,-0.398961,-0.376287,0.0152541,-0.189016,-0.0226736
0.65,5,-0.000632532,-0.00288319,0.0229931,0.00435537,0.00225066
0.66,0,0.00712582,0.00341179,0.0386828,0.0325125,0.00371403
0.66,1,-0.755842,-0.68472,0.274545,-3.66851,-0.071122
0.66,2,1.14981,1.2239,-0.267766,-1.68716,-0.0740897
0.66,3,0.0800678,0.0493183,0.502194,0.00617828,0.0307495
0.66,4,-0.398892,-0.376114,0.0189599,-0.191704,-0.022778
0.66,5,-0.000674421,-0.00264687,0.0239703,0.00267119,0.00197245
0.67,0,0.00756841,0.00380485,0.0397959,0.0311548,0.00376356
0.67,1,-0.7531,-0.681926,0.283302,-3.69686,-0.0711739
0.67,2,1.14669,1.22122,-0.268228,-1.69935,-0.0745269
0.67,3,0.0850409,0.0543672,0.506802,0.00265634,0.0306737
0.67,4,-0.398823,-0.375906,0.0223786,-0.194532,-0.0229178
0.67,5,-0.000716311,-0.00240707,0.0238395,0.00130196,0.00169076
0.68,0,0.00801101,0.00420834,0.0407853,0.0297506,0.00380267
0.68,1,-0.750357,-0.67905,0.290879,-3.72491,-0.0713069
0.68,2,1.14357,1.21853,-0.26858,-1.71165,-0.0749603
0.68,3,0.0900141,0.0594523,0.509688,-0.00019517,0.0305617
0.68,4,-0.398755,-0.375665,0.0254372,-0.197438,-0.02309
0.68,5,-0.0007582,-0.00217359,0.022833,0.000227027,0.00141539
0.69,0,0.00845361,0.00462113,0.0416673,0.0282972,0.00383248
0.69,1,-0.747614,-0.676105,0.297358,-3.75245,-0.0715094
0.69,2,1.14045,1.21584,-0.268916,-1.72387,-0.0753902
0.69,3,0.0949872,0.0645586,0.511225,-0.00244884,0.0304286
0.69,4,-0.398686,-0.375395,0.028085,-0.200366,-0.0232905
0.69,5,-0.00080009,-0.00195394,0.0211721,-0.000582387,0.00115385
0.7,0,0.0088962,0.00504221,0.0424556,0.0267929,0.00385399
0.7,1,-0.744872,-0.6731,0.302818,-3.7793,-0.0717711
0.7,2,1.13734,1.21315,-0.269313,-1.73587,-0.0758165
0.7,3,0.0999604,0.0696744,0.511738,-0.00418341,0.030286
0.7,4,-0.398617,-0.375102,0.0302906,-0.203265,-0.023515
0.7,5,-0.000841979,-0.00175355,0.0190579,-0.00115954,0.000911568
0.71,0,0.0093388,0.00547072,0.043162,0.0252375,0.00386809
0.71,1,-0.742129,-0.670047,0.307331,-3.80528,-0.0720822
0.71,2,1.13422,1.21046,-0.269825,-1.7475,-0.0762383
0.71,3,0.104934,0.074791,0.511506,-0.00547866,0.0301425
0.71,4,-0.398548,-0.374789,0.0320392,-0.206092,-0.0237591
0.71,5,-0.000883869,-0.00157596,0.016666,-0.00153936,0.00069209
0.72,0,0.0097814,0.00590588,0.0437958,0.0236334,0.00387552
0.72,1,-0.739386,-0.666953,0.31097,-3.83025,-0.0724335
0.72,2,1.1311,1.20776,-0.270492,-1.75864,-0.0766541
0.72,3,0.109907,0.0799023,0.510759,-0.00641164,0.0300044
0.72,4,-0.398479,-0.374461,0.03333,-0.20881,-0.0240182
0.72,5,-0.000925758,-0.00142312,0.0141438,-0.00175636,0.000497358
0.73,0,0.010224,0.00634702,0.0443647,0.0219851,0.00387698
0.73,1,-0.736643,-0.663827,0.313802,-3.85407,-0.0728167
0.73,2,1.12798,1.20505,-0.271339,-1.76919,-0.0770622
0.73,3,0.11488,0.0850042,0.509684,-0.00705407,0.0298756
0.73,4,-0.398411,-0.374123,0.0341734,-0.211388,-0.0242877
0.73,5,-0.000967648,-0.00129564,0.0116105,-0.00184316,0.000327997
0.74,0,0.0106666,0.00679351,0.0448744,0.0202999,0.00387308
0.74,1,-0.733901,-0.660677,0.315892,-3.87664,-0.0732241
0.74,2,1.12487,1.20233,-0.272379,-1.77907,-0.0774608
0.74,3,0.119853,0.0900942,0.50843,-0.00747064,0.0297587
0.74,4,-0.398342,-0.373779,0.0345888,-0.2138,-0.0245632
0.74,5,-0.00100954,-0.00119313,0.0091581,-0.00182948,0.000183589
0.75,0,0.0111092,0.0072448,0.0453295,0.0185869,0.00386439
0.75,1,-0.731158,-0.657509,0.317306,-3.89786,-0.0736486
0.75,2,1.12175,1.1996,-0.273615,-1.78821,-0.077848
0.75,3,0.124826,0.0951713,0.507111,-0.00771812,0.0296548
0.75,4,-0.398273,-0.373432,0.0346023,-0.216027,-0.0248407
0.75,5,-0.00105143,-0.00111436,0.00685431,-0.00174162,6.29338e-05
0.76,0,0.0115518,0.00770036,0.0457333,0.0168572,0.00385143
0.76,1,-0.728415,-0.654331,0.318106,-3.91767,-0.0740838
0.76,2,1.11863,1.19685,-0.275045,-1.79656,-0.0782217
0.76,3,0.129799,0.100235,0.50581,-0.00784506,0.0295641
0.76,4,-0.398204,-0.373088,0.0342454,-0.218053,-0.0251163
0.76,5,-0.00109332,-0.00105759,0.00474513,-0.00160216,-3.57238e-05
0.77,0,0.0119944,0.00815969,0.0460883,0.0151232,0.0038347
0.77,1,-0.725673,-0.651149,0.318354,-3.93602,-0.074524
0.77,2,1.11551,1.19409,-0.276658,-1.80409,-0.0785801
0.77,3,0.134772,0.105286,0.504586,-0.00789194,0.0294859
0.77,4,-0.398135,-0.372749,0.0335528,-0.219867,-0.0253864
0.77,5,-0.00113521,-0.00102071,0.00285826,-0.00142996,-0.000114496
0.78,0,0.012437,0.0086223,0.0463964,0.013398,0.00381468
0.78,1,-0.72293,-0.647966,0.318109,-3.95288,-0.0749638
0.78,2,1.1124,1.19132,-0.278437,-1.81077,-0.0789215
0.78,3,0.139746,0.110326,0.503477,-0.00789158,0.0294194
0.78,4,-0.398067,-0.372419,0.0325619,-0.221464,-0.0256479
0.78,5,-0.0011771,-0.00100141,0.00120637,-0.00124035,-0.000175687
0.79,0,0.0128796,0.00908775,0.0466592,0.0116955,0.00379183
0.79,1,-0.720187,-0.644788,0.31743,-3.96824,-0.0753988
0.79,2,1.10928,1.18852,-0.280365,-1.8166,-0.0792442
0.79,3,0.144719,0.115355,0.502505,-0.00786986,0.0293633
0.79,4,-0.397998,-0.3721,0.031311,-0.222839,-0.025898
0.79,5,-0.00121898,-0.000997325,-0.000209759,-0.00104537,-0.000221659
0.8,0,0.0133222,0.00955558,0.0468781,0.0100295,0.0037666
0.8,1,-0.717444,-0.64162,0.316374,-3.98212,-0.0758249
0.8,2,1.10616,1.18571,-0.282418,-1.82157,-0.0795469
0.8,3,0.149692,0.120376,0.501679,-0.00784649,0.0293161
0.8,4,-0.397929,-0.371795,0.029839,-0.223994,-0.0261344
0.8,5,-0.00126087,-0.00100614,-0.00139832,-0.000854164,-0.000254732
0.81,0,0.0137648,0.0100254,0.0470544,0.00841314,0.00373941
0.81,1,-0.714702,-0.638463,0.314994,-3.99453,-0.0762386
0.81,2,1.10304,1.18287,-0.284574,-1.82571,-0.0798285
0.81,3,0.154665,0.125389,0.500998,-0.00783583,0.0292763
0.81,4,-0.39786,-0.371505,0.0281842,-0.224932,-0.026355
0.81,5,-0.00130276,-0.00102566,-0.00237396,-0.000673332,-0.000277104
0.82,0,0.0142074,0.0104967,0.0471894,0.00685924,0.00371069
0.82,1,-0.711959,-0.635322,0.313344,-4.00551,-0.0766369
0.82,2,1.09993,1.18001,-0.286806,-1.82903,-0.0800881
0.82,3,0.159638,0.130396,0.500456,-0.00784778,0.0292426
0.82,4,-0.397791,-0.371233,0.026384,-0.225658,-0.0265582
0.82,5,-0.00134465,-0.00105385,-0.00315558,-0.000507341,-0.000290803
0.83,0,0.01465,0.0109691,0.0472846,0.00537939,0.00368083
0.83,1,-0.709216,-0.632199,0.311471,-4.01511,-0.0770175
0.83,2,1.09681,1.17713,-0.28909,-1.83157,-0.0803251
0.83,3,0.164611,0.135398,0.50004,-0.00788856,0.0292135
0.83,4,-0.397723,-0.37098,0.0244744,-0.22618,-0.0267428
0.83,5,-0.00138654,-0.00108889,-0.00376456,-0.000358904,-0.000297654
0.84,0,0.0150926,0.0114423,0.0473418,0.00398401,0.00365024
0.84,1,-0.706474,-0.629095,0.309424,-4.02341,-0.0773784
0.84,2,1.09369,1.17423,-0.2914,-1.83337,-0.0805391
0.84,3,0.169585,0.140396,0.499737,-0.00796147,0.0291881
0.84,4,-0.397654,-0.370746,0.0224893,-0.226508,-0.0269079
0.84,5,-0.00142843,-0.00112917,-0.00422323,-0.000229334,-0.000299261
0.85,0,0.0155352,0.0119159,0.0473629,0.00268214,0.00361927
0.85,1,-0.703731,-0.626013,0.307247,-4.03046,-0.0777181
0.85,2,1.09057,1.1713,-0.293714,-1.83447,-0.08073
0.85,3,0.174558,0.145393,0.49953,-0.00806756,0.029165
0.85,4,-0.397585,-0.370532,0.0204606,-0.226653,-0.0270529
0.85,5,-0.00147032,-0.00117332,-0.00455383,-0.000118866,-0.000297003
0.86,0,0.0159778,0.0123895,0.04735,0.0014813,0.00358828
0.86,1,-0.700988,-0.622953,0.304981,-4.03636,-0.0780354
0.86,2,1.08746,1.16835,-0.296006,-1.83492,-0.0808978
0.86,3,0.179531,0.150387,0.499405,-0.00820622,0.0291437
0.86,4,-0.397516,-0.370339,0.0184177,-0.226628,-0.0271774
0.86,5,-0.00151221,-0.00122017,-0.00477761,-2.69343e-05,-0.000292044
0.87,0,0.0164204,0.0128628,0.0473055,0.00038742,0.0035576
0.87,1,-0.698245,-0.619916,0.302663,-4.04118,-0.0783298
0.87,2,1.08434,1.16538,-0.298256,-1.83477,-0.0810429
0.87,3,0.184504,0.155381,0.499345,-0.00837567,0.0291231
0.87,4,-0.397447,-0.370166,0.0163876,-0.226447,-0.0272816
0.87,5,-0.0015541,-0.00126876,-0.0049143,4.75852e-05,-0.000285341
0.88,0,0.016863,0.0133354,0.047232,-0.000595124,0.00352752
0.88,1,-0.695503,-0.616902,0.300329,-4.04502,-0.0786009
0.88,2,1.08122,1.16239,-0.300443,-1.83409,-0.0811658
0.88,3,0.189477,0.160374,0.499337,-0.00857334,0.0291029
0.88,4,-0.397379,-0.370013,0.0143943,-0.226123,-0.0273657
0.88,5,-0.00159599,-0.00131832,-0.00498172,0.000106182,-0.000277666
0.89,0,0.0173056,0.0138072,0.0471322,-0.00146355,0.00349833
0.89,1,-0.69276,-0.613911,0.29801,-4.04798,-0.0788487
0.89,2,1.0781,1.15937,-0.302551,-1.83292,-0.0812673
0.89,3,0.19445,0.165368,0.49937,-0.00879627,0.0290825
0.89,4,-0.39731,-0.36988,0.0124594,-0.225671,-0.0274301
0.89,5,-0.00163788,-0.00136826,-0.00499558,0.000150552,-0.000269624
0.9,0,0.0177481,0.0142779,0.047009,-0.00221658,0.00347026
0.9,1,-0.690017,-0.610944,0.295734,-4.05014,-0.0790735
0.9,2,1.07499,1.15633,-0.304561,-1.83132,-0.0813482
0.9,3,0.199423,0.170362,0.49943,-0.00904129,0.0290617
0.9,4,-0.397241,-0.369765,0.0106015,-0.225106,-0.0274756
0.9,5,-0.00167977,-0.0014181,-0.00496946,0.00018247,-0.000261674
0.91,0,0.0181907,0.0147472,0.0468654,-0.00285438,0.00344355
0.91,1,-0.687275,-0.607999,0.293526,-4.05161,-0.0792759
0.91,2,1.07187,1.15328,-0.306462,-1.82936,-0.0814096
0.91,3,0.204397,0.175356,0.499511,-0.00930527,0.0290401
0.91,4,-0.397172,-0.369669,0.00883656,-0.224443,-0.0275031
0.91,5,-0.00172166,-0.00146751,-0.00491483,0.0002037,-0.00025415
0.92,0,0.0186333,0.015215,0.0467043,-0.00337845,0.00341836
0.92,1,-0.684532,-0.605075,0.291408,-4.05249,-0.0794567
0.92,2,1.06875,1.1502,-0.308242,-1.8271,-0.0814527
0.92,3,0.20937,0.180352,0.499603,-0.0095852,0.0290177
0.92,4,-0.397103,-0.36959,0.00717795,-0.223696,-0.0275134
0.92,5,-0.00176355,-0.00151626,-0.00484117,0.000215931,-0.000247284
0.93,0,0.0190759,0.0156811,0.0465288,-0.00379153,0.00339487
0.93,1,-0.681789,-0.602172,0.289398,-4.05287,-0.0796169
0.93,2,1.06563,1.14711,-0.30989,-1.82458,-0.0814787
0.93,3,0.214343,0.185349,0.499701,-0.00987835,0.0289942
0.93,4,-0.397035,-0.369527,0.00563634,-0.222881,-0.0275078
0.93,5,-0.00180544,-0.00156422,-0.00475613,0.000220724,-0.000241223
0.94,0,0.0195185,0.0161453,0.0463418,-0.00409744,0.0033732
0.94,1,-0.679046,-0.599289,0.287511,-4.05284,-0.0797577
0.94,2,1.06251,1.144,-0.311401,-1.82187,-0.0814889
0.94,3,0.219316,0.190346,0.499801,-0.0101822,0.0289698
0.94,4,-0.396966,-0.369478,0.00421996,-0.22201,-0.0274875
0.94,5,-0.00184733,-0.00161128,-0.00466574,0.000219494,-0.000236046
0.95,0,0.0199611,0.0166077,0.0461463,-0.00430096,0.00335345
0.95,1,-0.676304,-0.596423,0.28576,-4.0525,-0.0798804
0.95,2,1.0594,1.14088,-0.312768,-1.81901,-0.0814849
0.95,3,0.224289,0.195345,0.499899,-0.0104948,0.0289444
0.95,4,-0.396897,-0.369443,0.00293468,-0.221097,-0.0274537
0.95,5,-0.00188922,-0.00165744,-0.00457464,0.000213493,-0.00023178
0.96,0,0.0204037,0.017068,0.045945,-0.00440772,0.00333569
0.96,1,-0.673561,-0.593575,0.284154,-4.05191,-0.0799863
0.96,2,1.05628,1.13775,-0.31399,-1.81606,-0.0814679
0.96,3,0.229262,0.200344,0.499992,-0.0108141,0.0289181
0.96,4,-0.396828,-0.36942,0.00178419,-0.220155,-0.0274078
0.96,5,-0.00193111,-0.00170269,-0.00448624,0.000203809,-0.000228413
0.97,0,0.0208463,0.0175264,0.0457407,-0.00442401,0.00331995
0.97,1,-0.670818,-0.590741,0.2827,-4.05118,-0.080077
0.97,2,1.05316,1.1346,-0.315064,-1.81306,-0.0814396
0.97,3,0.234235,0.205345,0.500079,-0.0111388,0.0288908
0.97,4,-0.396759,-0.369408,0.000770122,-0.219194,-0.0273512
0.97,5,-0.001973,-0.00174709,-0.00440295,0.00019137,-0.000225903
0.98,0,0.0212889,0.0179827,0.0455359,-0.00435671,0.00330627
0.98,1,-0.668076,-0.587922,0.281402,-4.05037,-0.080154
0.98,2,1.05004,1.13145,-0.315992,-1.81005,-0.0814013
0.98,3,0.239209,0.210346,0.500159,-0.0114675,0.0288628
0.98,4,-0.396691,-0.369405,-0.000107751,-0.218227,-0.0272851
0.98,5,-0.00201489,-0.0017907,-0.00432636,0.000176956,-0.00022419
0.99,0,0.0217315,0.0184369,0.0453328,-0.00421311,0.00329463
0.99,1,-0.665333,-0.585114,0.280262,-4.04955,-0.080219
0.99,2,1.04693,1.12828,-0.316776,-1.80708,-0.0813545
0.99,3,0.244182,0.215348,0.500231,-0.0117994,0.0288339
0.99,4,-0.396622,-0.369411,-0.000851348,-0.217263,-0.027211
0.99,5,-0.00205678,-0.00183357,-0.00425741,0.000161214,-0.000223202
1,0,0.0221741,0.0188891,0.0451336,-0.0040008,0.003285
1,1,-0.66259,-0.582317,0.279281,-4.04878,-0.0802733
1,2,1.04381,1.12511,-0.317419,-1.80418,-0.0813007
1,3,0.249155,0.220351,0.500296,-0.0121338,0.0288044
1,4,-0.396553,-0.369423,-0.0014641,-0.21631,-0.0271302
1,5,-0.00209866,-0.00187581,-0.00419655,0.000144672,-0.000222859
1.01,0,0.0226167,0.0193394,0.0449402,-0.00372758,0.00327733
1.01,1,-0.659848,-0.579529,0.278454,-4.04811,-0.0803188
1.01,2,1.04069,1.12193,-0.317927,-1.80138,-0.0812412
1.01,3,0.254128,0.225354,0.500354,-0.0124699,0.0287743
1.01,4,-0.396484,-0.36944,-0.00195074,-0.215377,-0.027044
1.01,5,-0.00214055,-0.00191747,-0.00414384,0.000127754,-0.000223079
1.02,0,0.0230593,0.0197878,0.0447545,-0.0034013,0.00327155
1.02,1,-0.657105,-0.576748,0.27778,-4.04761,-0.0803568
1.02,2,1.03757,1.11875,-0.318305,-1.79871,-0.0811773
1.02,3,0.259101,0.230358,0.500406,-0.0128075,0.0287436
1.02,4,-0.396415,-0.369462,-0.00231718,-0.21447,-0.0269536
1.02,5,-0.00218244,-0.00195866,-0.00409905,0.000110801,-0.000223783
1.03,0,0.0235019,0.0202343,0.0445777,-0.00302981,0.00326759
1.03,1,-0.654362,-0.573973,0.277253,-4.04731,-0.0803888
1.03,2,1.03446,1.11557,-0.318561,-1.79619,-0.0811103
1.03,3,0.264074,0.235362,0.500451,-0.0131463,0.0287124
1.03,4,-0.396347,-0.369486,-0.00257025,-0.213596,-0.0268601
1.03,5,-0.00222433,-0.00199944,-0.00406181,9.40772e-05,-0.000224893
1.04,0,0.0239445,0.0206792,0.0444113,-0.00262085,0.00326533
1.04,1,-0.651619,-0.571203,0.276865,-4.04725,-0.0804164
1.04,2,1.03134,1.11238,-0.318703,-1.79384,-0.0810414
1.04,3,0.269048,0.240367,0.500491,-0.013486,0.0286808
1.04,4,-0.396278,-0.369513,-0.00271759,-0.212759,-0.0267647
1.04,5,-0.00226622,-0.00203989,-0.00403158,7.77913e-05,-0.000226336
1.05,0,0.0243871,0.0211224,0.0442563,-0.00218198,0.00326468
1.05,1,-0.648877,-0.568436,0.276609,-4.04746,-0.0804408
1.05,2,1.02822,1.10919,-0.318739,-1.79167,-0.0809717
1.05,3,0.274021,0.245372,0.500526,-0.0138266,0.0286489
1.05,4,-0.396209,-0.369541,-0.00276744,-0.211964,-0.0266684
1.05,5,-0.00230811,-0.00208007,-0.00400778,6.21027e-05,-0.000228046
1.06,0,0.0248297,0.0215642,0.0441136,-0.00172047,0.0032655
1.06,1,-0.646134,-0.565671,0.276476,-4.04796,-0.0804634
1.06,2,1.0251,1.10601,-0.318678,-1.78971,-0.0809021
1.06,3,0.278994,0.250377,0.500557,-0.0141679,0.0286166
1.06,4,-0.39614,-0.369568,-0.00272852,-0.211212,-0.0265721
1.06,5,-0.00235,-0.00212004,-0.0039898,4.71332e-05,-0.000229961
1.07,0,0.0252723,0.0220046,0.0439837,-0.0012433,0.00326769
1.07,1,-0.643391,-0.562906,0.276457,-4.04878,-0.0804852
1.07,2,1.02199,1.10282,-0.31853,-1.78795,-0.0808337
1.07,3,0.283967,0.255383,0.500584,-0.0145099,0.028584
1.07,4,-0.396071,-0.369595,-0.00260982,-0.210508,-0.0264766
1.07,5,-0.00239189,-0.00215986,-0.00397703,3.29744e-05,-0.000232027
1.08,0,0.0257149,0.0224438,0.0438671,-0.000757063,0.0032711
1.08,1,-0.640649,-0.560141,0.276542,-4.04993,-0.0805075
1.08,2,1.01887,1.09964,-0.318304,-1.78641,-0.0807671
1.08,3,0.28894,0.260389,0.500608,-0.0148525,0.0285512
1.08,4,-0.396003,-0.36962,-0.00242053,-0.209851,-0.0263827
1.08,5,-0.00243378,-0.00219959,-0.00396889,1.9695e-05,-0.000234195
1.09,0,0.0261575,0.0228819,0.0437641,-0.000267933,0.00327561
1.09,1,-0.637906,-0.557375,0.27672,-4.05141,-0.0805311
1.09,2,1.01575,1.09645,-0.31801,-1.78508,-0.0807032
1.09,3,0.293913,0.265395,0.500629,-0.0151956,0.0285182
1.09,4,-0.395934,-0.369643,-0.00216985,-0.209243,-0.026291
1.09,5,-0.00247567,-0.00223925,-0.00396483,7.34502e-06,-0.000236421
1.1,0,0.0266001,0.023319,0.0436748,0.000218364,0.00328107
1.1,1,-0.635163,-0.554606,0.276981,-4.05322,-0.080557
1.1,2,1.01263,1.09328,-0.317658,-1.78396,-0.0806426
1.1,3,0.298886,0.270402,0.500648,-0.0155393,0.0284849
1.1,4,-0.395865,-0.369663,-0.00186691,-0.208684,-0.0262021
1.1,5,-0.00251756,-0.00227889,-0.00396432,-4.03983e-06,-0.000238667
1.11,0,0.0270427,0.0237553,0.0435991,0.000696587,0.00328734
1.11,1,-0.63242,-0.551835,0.277314,-4.05538,-0.0805858
1.11,2,1.00952,1.0901,-0.317256,-1.78306,-0.0805858
1.11,3,0.30386,0.275408,0.500664,-0.0158835,0.0284515
1.11,4,-0.395796,-0.36968,-0.00152066,-0.208172,-0.0261165
1.11,5,-0.00255945,-0.00231855,-0.00396691,-1.44354e-05,-0.000240902
1.12,0,0.0274853,0.024191,0.0435367,0.00116199,0.0032943
1.12,1,-0.629678,-0.549059,0.277708,-4.05786,-0.0806184
1.12,2,1.0064,1.08693,-0.316815,-1.78237,-0.0805332
1.12,3,0.308833,0.280415,0.500679,-0.016228,0.0284179
1.12,4,-0.395727,-0.369693,-0.00113976,-0.207707,-0.0260346
1.12,5,-0.00260134,-0.00235824,-0.00397217,-2.38272e-05,-0.000243095
1.13,0,0.0279279,0.0246261,0.0434874,0.00161034,0.00330182
1.13,1,-0.626935,-0.54628,0.278153,-4.06067,-0.0806552
1.13,2,1.00328,1.08377,-0.316342,-1.78187,-0.0804852
1.13,3,0.313806,0.285422,0.500692,-0.0165729,0.0283842
1.13,4,-0.395659,-0.369702,-0.000732524,-0.207287,-0.0259566
1.13,5,-0.00264323,-0.002398,-0.0039797,-3.22088e-05,-0.000245224
1.14,0,0.0283705,0.0250607,0.0434507,0.00203791,0.00330975
1.14,1,-0.624192,-0.543496,0.278638,-4.06378,-0.0806966
1.14,2,1.00016,1.08061,-0.315847,-1.78157,-0.0804421
1.14,3,0.318779,0.290429,0.500703,-0.0169179,0.0283504
1.14,4,-0.39559,-0.369707,-0.00030682,-0.206909,-0.0258828
1.14,5,-0.00268512,-0.00243785,-0.00398915,-3.95811e-05,-0.000247266
1.15,0,0.0288131,0.0254951,0.043426,0.00244152,0.00331799
1.15,1,-0.62145,-0.540706,0.279155,-4.06719,-0.0807431
1.15,2,0.997046,1.07745,-0.315337,-1.78145,-0.080404
1.15,3,0.323752,0.295436,0.500713,-0.017263,0.0283165
1.15,4,-0.395521,-0.369708,0.000129956,-0.206572,-0.0258133
1.15,5,-0.00272701,-0.0024778,-0.00400022,-4.59518e-05,-0.000249204
1.16,0,0.0292557,0.0259293,0.0434126,0.00281848,0.00332641
1.16,1,-0.618707,-0.537912,0.279692,-4.07087,-0.0807949
1.16,2,0.993928,1.0743,-0.314819,-1.78149,-0.080371
1.16,3,0.328725,0.300443,0.500721,-0.017608,0.0282825
1.16,4,-0.395452,-0.369704,0.000570942,-0.206271,-0.0257483
1.16,5,-0.0027689,-0.00251787,-0.00401262,-5.1335e-05,-0.000251024
1.17,0,0.0296983,0.0263634,0.0434098,0.00316658,0.0033349
1.17,1,-0.615964,-0.535112,0.280243,-4.07481,-0.0808521
1.17,2,0.99081,1.07115,-0.314301,-1.7817,-0.0803433
1.17,3,0.333699,0.30545,0.500727,-0.0179529,0.0282484
1.17,4,-0.395383,-0.369696,0.00100984,-0.206006,-0.0256876
1.17,5,-0.00281079,-0.00255807,-0.00402607,-5.57508e-05,-0.000252714
1.18,0,0.0301409,0.0267975,0.0434169,0.00348415,0.00334337
1.18,1,-0.613221,-0.532307,0.280798,-4.07899,-0.0809149
1.18,2,0.987693,1.06801,-0.313789,-1.78204,-0.0803207
1.18,3,0.338672,0.310457,0.500732,-0.0182974,0.0282142
1.18,4,-0.395315,-0.369683,0.00144095,-0.20577,-0.0256313
1.18,5,-0.00285268,-0.00259841,-0.00404033,-5.92258e-05,-0.000254265
1.19,0,0.0305835,0.0272318,0.0434329,0.00376993,0.00335172
1.19,1,-0.610479,-0.529496,0.28135,-4.08338,-0.0809832
1.19,2,0.984575,1.06488,-0.313288,-1.78252,-0.0803031
1.19,3,0.343645,0.315465,0.500736,-0.0186415,0.02818
1.19,4,-0.395246,-0.369667,0.00185916,-0.205563,-0.0255792
1.19,5,-0.00289457,-0.0026389,-0.00405519,-6.17921e-05,-0.00025567
1.2,0,0.0310261,0.0276662,0.0434571,0.00402313,0.00335986
1.2,1,-0.607736,-0.526679,0.281892,-4.08796,-0.081057
1.2,2,0.981458,1.06175,-0.312803,-1.78311,-0.0802905
1.2,3,0.348618,0.320472,0.500738,-0.0189849,0.0281458
1.2,4,-0.395177,-0.369646,0.00225999,-0.205379,-0.0255312
1.2,5,-0.00293645,-0.00267953,-0.00407044,-6.34876e-05,-0.000256924
1.21,0,0.0314687,0.0281009,0.0434884,0.00424339,0.00336772
1.21,1,-0.604993,-0.523857,0.282418,-4.0927,-0.0811361
1.21,2,0.97834,1.05862,-0.31234,-1.7838,-0.0802826
1.21,3,0.353591,0.32548,0.500739,-0.0193276,0.0281116
1.21,4,-0.395108,-0.369621,0.00263956,-0.205216,-0.0254871
1.21,5,-0.00297834,-0.00272032,-0.00408588,-6.43558e-05,-0.000258024
1.22,0,0.0319113,0.028536,0.0435261,0.0044307,0.00337523
1.22,1,-0.602251,-0.52103,0.282923,-4.09758,-0.0812204
1.22,2,0.975223,1.0555,-0.3119,-1.78458,-0.0802792
1.22,3,0.358564,0.330487,0.500738,-0.0196694,0.0280773
1.22,4,-0.395039,-0.369593,0.00299459,-0.205071,-0.0254467
1.22,5,-0.00302023,-0.00276126,-0.00410135,-6.4445e-05,-0.00025897
1.23,0,0.0323539,0.0289715,0.0435693,0.00458545,0.00338233
1.23,1,-0.599508,-0.518198,0.283401,-4.10259,-0.0813096
1.23,2,0.972105,1.05239,-0.311488,-1.78543,-0.0802801
1.23,3,0.363537,0.335494,0.500736,-0.0200102,0.0280431
1.23,4,-0.394971,-0.369561,0.0033224,-0.204938,-0.0254096
1.23,5,-0.00306212,-0.00280236,-0.00411666,-6.38081e-05,-0.000259761
1.24,0,0.0327965,0.0294075,0.0436169,0.00470833,0.00338898
1.24,1,-0.596765,-0.515362,0.283849,-4.10768,-0.0814034
1.24,2,0.968987,1.04927,-0.311107,-1.78633,-0.0802849
1.24,3,0.368511,0.340502,0.500732,-0.0203499,0.0280089
1.24,4,-0.394902,-0.369526,0.00362086,-0.204816,-0.0253757
1.24,5,-0.00310401,-0.00284361,-0.00413168,-6.25021e-05,-0.000260401
1.25,0,0.0332391,0.0298439,0.0436682,0.00480034,0.00339513
1.25,1,-0.594022,-0.512521,0.284264,-4.11285,-0.0815014
1.25,2,0.96587,1.04616,-0.310757,-1.78729,-0.0802934
1.25,3,0.373484,0.345509,0.500727,-0.0206883,0.0279748
1.25,4,-0.394833,-0.369488,0.00388838,-0.204701,-0.0253446
1.25,5,-0.0031459,-0.00288501,-0.00414627,-6.05875e-05,-0.000260893
1.26,0,0.0336816,0.0302809,0.0437223,0.00486274,0.00340074
1.26,1,-0.59128,-0.509676,0.284642,-4.11807,-0.0816035
1.26,2,0.962752,1.04306,-0.310441,-1.78827,-0.0803052
1.26,3,0.378457,0.350516,0.500721,-0.0210254,0.0279407
1.26,4,-0.394764,-0.369448,0.0041239,-0.20459,-0.025316
1.26,5,-0.00318779,-0.00292655,-0.00416029,-5.81274e-05,-0.000261243
1.27,0,0.0341242,0.0307184,0.0437785,0.00489702,0.00340581
1.27,1,-0.588537,-0.506828,0.284982,-4.12331,-0.0817091
1.27,2,0.959635,1.03995,-0.310159,-1.78928,-0.0803199
1.27,3,0.38343,0.355523,0.500713,-0.021361,0.0279067
1.27,4,-0.394695,-0.369406,0.00432682,-0.20448,-0.0252896
1.27,5,-0.00322968,-0.00296823,-0.00417363,-5.51869e-05,-0.000261455
1.28,0,0.0345668,0.0311565,0.0438358,0.00490485,0.00341031
1.28,1,-0.585794,-0.503976,0.285283,-4.12856,-0.0818179
1.28,2,0.956517,1.03685,-0.309912,-1.7903,-0.0803373
1.28,3,0.388403,0.36053,0.500705,-0.0216951,0.0278728
1.28,4,-0.394627,-0.369362,0.00449699,-0.204369,-0.025265
1.28,5,-0.00327157,-0.00301003,-0.0041862,-5.18325e-05,-0.000261539
1.29,0,0.0350094,0.0315952,0.0438937,0.00488807,0.00341423
1.29,1,-0.583052,-0.501122,0.285543,-4.13381,-0.0819295
1.29,2,0.953399,1.03376,-0.309699,-1.79131,-0.080357
1.29,3,0.393376,0.365537,0.500695,-0.0220277,0.0278389
1.29,4,-0.394558,-0.369316,0.00463465,-0.204253,-0.025242
1.29,5,-0.00331346,-0.00305196,-0.00419791,-4.81311e-05,-0.000261501
1.3,0,0.035452,0.0320345,0.0439514,0.00484868,0.00341757
1.3,1,-0.580309,-0.498265,0.285762,-4.13902,-0.0820434
1.3,2,0.950282,1.03066,-0.309521,-1.79231,-0.0803786
1.3,3,0.39835,0.370544,0.500684,-0.0223587,0.0278052
1.3,4,-0.394489,-0.369269,0.00474042,-0.204131,-0.0252201
1.3,5,-0.00335535,-0.003094,-0.00420869,-4.41493e-05,-0.000261351
1.31,0,0.0358946,0.0324743,0.0440083,0.00478872,0.00342034
1.31,1,-0.577566,-0.495407,0.285941,-4.1442,-0.0821594
1.31,2,0.947164,1.02757,-0.309376,-1.7933,-0.0804018
1.31,3,0.403323,0.375551,0.500673,-0.022688,0.0277716
1.31,4,-0.39442,-0.369221,0.00481525,-0.204001,-0.0251992
1.31,5,-0.00339724,-0.00313614,-0.00421848,-3.99529e-05,-0.000261099
1.32,0,0.0363372,0.0329147,0.0440639,0.00471036,0.00342255
1.32,1,-0.574823,-0.492547,0.286081,-4.14932,-0.0822769
1.32,2,0.944047,1.02447,-0.309264,-1.79426,-0.0804262
1.32,3,0.408296,0.380558,0.50066,-0.0230156,0.0277381
1.32,4,-0.394351,-0.369173,0.00486035,-0.20386,-0.0251788
1.32,5,-0.00343913,-0.00317837,-0.00422723,-3.5606e-05,-0.000260755
1.33,0,0.0367798,0.0333556,0.0441175,0.00461577,0.00342421
1.33,1,-0.572081,-0.489685,0.286181,-4.15437,-0.0823955
1.33,2,0.940929,1.02138,-0.309183,-1.79518,-0.0804516
1.33,3,0.413269,0.385564,0.500647,-0.0233416,0.0277047
1.33,4,-0.394283,-0.369124,0.00487719,-0.203708,-0.0251587
1.33,5,-0.00348102,-0.00322069,-0.00423492,-3.11702e-05,-0.000260329
1.34,0,0.0372224,0.0337971,0.0441689,0.00450715,0.00342535
1.34,1,-0.569338,-0.486823,0.286245,-4.15934,-0.082515
1.34,2,0.937812,1.01829,-0.309131,-1.79607,-0.0804777
1.34,3,0.418242,0.390571,0.500634,-0.0236658,0.0276714
1.34,4,-0.394214,-0.369075,0.00486745,-0.203543,-0.0251386
1.34,5,-0.00352291,-0.00326308,-0.00424152,-2.67046e-05,-0.000259832
1.35,0,0.037665,0.034239,0.0442176,0.00438669,0.00342599
1.35,1,-0.566595,-0.48396,0.286273,-4.16422,-0.082635
1.35,2,0.934694,1.0152,-0.309106,-1.79691,-0.0805041
1.35,3,0.423215,0.395577,0.500619,-0.0239885,0.0276383
1.35,4,-0.394145,-0.369027,0.00483297,-0.203363,-0.0251183
1.35,5,-0.0035648,-0.00330552,-0.00424704,-2.22646e-05,-0.000259275
1.36,0,0.0381076,0.0346815,0.0442632,0.00425655,0.00342615
1.36,1,-0.563853,-0.481098,0.286268,-4.169,-0.082755
1.36,2,0.931576,1.01211,-0.309107,-1.79771,-0.0805307
1.36,3,0.428188,0.400583,0.500605,-0.0243094,0.0276054
1.36,4,-0.394076,-0.368979,0.00477572,-0.203168,-0.0250976
1.36,5,-0.00360669,-0.00334802,-0.00425148,-1.79017e-05,-0.000258669
1.37,0,0.0385502,0.0351243,0.0443055,0.00411881,0.00342588
1.37,1,-0.56111,-0.478235,0.286232,-4.17369,-0.0828748
1.37,2,0.928459,1.00902,-0.309131,-1.79845,-0.080557
1.37,3,0.433162,0.405589,0.50059,-0.0246288,0.0275725
1.37,4,-0.394007,-0.368931,0.00469776,-0.202958,-0.0250761
1.37,5,-0.00364858,-0.00339055,-0.00425486,-1.36636e-05,-0.000258024
1.38,0,0.0389928,0.0355676,0.0443443,0.00397551,0.00342521
1.38,1,-0.558367,-0.475373,0.286167,-4.17826,-0.082994
1.38,2,0.925341,1.00592,-0.309176,-1.79914,-0.0805831
1.38,3,0.438135,0.410595,0.500575,-0.0249465,0.0275399
1.38,4,-0.393939,-0.368885,0.00460122,-0.202731,-0.0250538
1.38,5,-0.00369047,-0.00343311,-0.00425721,-9.5929e-06,-0.000257351
1.39,0,0.0394354,0.0360112,0.0443794,0.00382859,0.00342417
1.39,1,-0.555625,-0.472512,0.286076,-4.18273,-0.0831125
1.39,2,0.922224,1.00283,-0.30924,-1.79978,-0.0806086
1.39,3,0.443108,0.415601,0.500561,-0.0252628,0.0275074
1.39,4,-0.39387,-0.368839,0.00448827,-0.202487,-0.0250304
1.39,5,-0.00373236,-0.0034757,-0.00425858,-5.72792e-06,-0.000256661
1.4,0,0.039878,0.0364552,0.0444106,0.00367989,0.0034228
1.4,1,-0.552882,-0.469652,0.285962,-4.18708,-0.08323
1.4,2,0.919106,0.999739,-0.30932,-1.80036,-0.0806333
1.4,3,0.448081,0.420606,0.500546,-0.0255776,0.027475
1.4,4,-0.393801,-0.368795,0.00436106,-0.202227,-0.0250058
1.4,5,-0.00377425,-0.00351828,-0.00425901,-2.10186e-06,-0.000255961
1.41,0,0.0403206,0.0368995,0.0444381,0.00353111,0.00342113
1.41,1,-0.550139,-0.466793,0.285827,-4.19133,-0.0833461
1.41,2,0.915989,0.996646,-0.309414,-1.80089,-0.0806572
1.41,3,0.453054,0.425611,0.500531,-0.0258909,0.0274428
1.41,4,-0.393732,-0.368752,0.00422174,-0.201949,-0.0249798
1.41,5,-0.00381613,-0.00356087,-0.00425856,1.25701e-06,-0.000255262
1.42,0,0.0407632,0.037344,0.0444616,0.00338385,0.00341922
1.42,1,-0.547396,-0.463936,0.285673,-4.19545,-0.0834609
1.42,2,0.912871,0.993551,-0.309521,-1.80136,-0.0806801
1.42,3,0.458027,0.430617,0.500516,-0.0262029,0.0274107
1.42,4,-0.393663,-0.368711,0.00407241,-0.201656,-0.0249524
1.42,5,-0.00385802,-0.00360345,-0.00425729,4.32542e-06,-0.000254573
1.43,0,0.0412058,0.0377887,0.0444813,0.00323958,0.00341709
1.43,1,-0.544654,-0.46108,0.285505,-4.19947,-0.083574
1.43,2,0.909753,0.990455,-0.309637,-1.80178,-0.0807018
1.43,3,0.463001,0.435622,0.500502,-0.0265136,0.0273788
1.43,4,-0.393594,-0.368671,0.0039151,-0.201345,-0.0249235
1.43,5,-0.00389991,-0.00364601,-0.00425528,7.08505e-06,-0.0002539
1.44,0,0.0416484,0.0382336,0.0444972,0.00309961,0.00341478
1.44,1,-0.541911,-0.458226,0.285324,-4.20338,-0.0836853
1.44,2,0.906636,0.987358,-0.30976,-1.80215,-0.0807223
1.44,3,0.467974,0.440627,0.500488,-0.0268231,0.027347
1.44,4,-0.393526,-0.368633,0.00375175,-0.201019,-0.0248929
1.44,5,-0.0039418,-0.00368855,-0.00425258,9.52238e-06,-0.000253251
1.45,0,0.042091,0.0386787,0.0445094,0.00296511,0.00341233
1.45,1,-0.539168,-0.455373,0.285132,-4.20719,-0.0837948
1.45,2,0.903518,0.98426,-0.309889,-1.80247,-0.0807416
1.45,3,0.472947,0.445632,0.500474,-0.0271315,0.0273153
1.45,4,-0.393457,-0.368596,0.0035842,-0.200678,-0.0248607
1.45,5,-0.00398369,-0.00373106,-0.00424929,1.16286e-05,-0.000252632
1.46,0,0.0425336,0.0391238,0.0445181,0.00283712,0.00340979
1.46,1,-0.536426,-0.452523,0.284933,-4.21089,-0.0839023
1.46,2,0.900401,0.98116,-0.310022,-1.80274,-0.0807596
1.46,3,0.47792,0.450636,0.500461,-0.0274388,0.0272838
1.46,4,-0.393388,-0.368561,0.0034142,-0.200322,-0.0248268
1.46,5,-0.00402558,-0.00377353,-0.00424548,1.33993e-05,-0.000252049
1.47,0,0.0429762,0.039569,0.0445234,0.00271652,0.00340717
1.47,1,-0.533683,-0.449675,0.284729,-4.2145,-0.0840078
1.47,2,0.897283,0.978059,-0.310156,-1.80297,-0.0807762
1.47,3,0.482893,0.455641,0.500448,-0.027745,0.0272524
1.47,4,-0.393319,-0.368528,0.00324334,-0.199952,-0.0247912
1.47,5,-0.00406747,-0.00381597,-0.00424123,1.48344e-05,-0.000251507
1.48,0,0.0434188,0.0400143,0.0445256,0.00260405,0.00340452
1.48,1,-0.53094,-0.446829,0.284521,-4.21801,-0.0841113
1.48,2,0.894165,0.974957,-0.31029,-1.80316,-0.0807915
1.48,3,0.487866,0.460645,0.500436,-0.0280503,0.0272211
1.48,4,-0.39325,-0.368497,0.00307311,-0.199568,-0.0247539
1.48,5,-0.00410936,-0.00385835,-0.00423661,1.59375e-05,-0.000251009
1.49,0,0.0438614,0.0404595,0.0445247,0.0025003,0.00340186
1.49,1,-0.528197,-0.443985,0.284313,-4.22144,-0.0842126
1.49,2,0.891048,0.971853,-0.310423,-1.80332,-0.0808054
1.49,3,0.492839,0.465649,0.500425,-0.0283548,0.02719
1.49,4,-0.393182,-0.368467,0.00290486,-0.199172,-0.0247149
1.49,5,-0.00415125,-0.00390069,-0.00423171,1.67163e-05,-0.000250559
1.5,0,0.044304,0.0409048,0.0445212,0.00240574,0.00339923
1.5,1,-0.525455,-0.441143,0.284105,-4.22479,-0.0843119
1.5,2,0.88793,0.968748,-0.310553,-1.80344,-0.080818
1.5,3,0.497813,0.470654,0.500413,-0.0286584,0.027159
1.5,4,-0.393113,-0.368439,0.00273978,-0.198764,-0.0246743
1.5,5,-0.00419314,-0.00394298,-0.0042266,1.71812e-05,-0.00025016
1.51,0,0.0447466,0.0413499,0.0445151,0.00232068,0.00339665
1.51,1,-0.522712,-0.438303,0.283901,-4.22807,-0.0844091
1.51,2,0.884813,0.965642,-0.310678,-1.80353,-0.0808294
1.51,3,0.502786,0.475658,0.500403,-0.0289613,0.027128
1.51,4,-0.393044,-0.368412,0.00257893,-0.198345,-0.024632
1.51,5,-0.00423503,-0.00398522,-0.00422135,1.73459e-05,-0.000249812
1.52,0,0.0451892,0.041795,0.0445067,0.00224532,0.00339414
1.52,1,-0.519969,-0.435465,0.2837,-4.23127,-0.0845043
1.52,2,0.881695,0.962535,-0.310799,-1.80359,-0.0808395
1.52,3,0.507759,0.480662,0.500393,-0.0292636,0.0270972
1.52,4,-0.392975,-0.368387,0.00242324,-0.197916,-0.0245881
1.52,5,-0.00427692,-0.0040274,-0.00421604,1.72265e-05,-0.000249517
1.53,0,0.0456318,0.04224,0.0444964,0.00217975,0.00339172
1.53,1,-0.517227,-0.432629,0.283505,-4.23441,-0.0845975
1.53,2,0.878578,0.959426,-0.310913,-1.80363,-0.0808485
1.53,3,0.512732,0.485666,0.500384,-0.0295651,0.0270665
1.53,4,-0.392906,-0.368364,0.00227348,-0.197478,-0.0245427
1.53,5,-0.00431881,-0.00406953,-0.00421073,1.68415e-05,-0.000249276
1.54,0,0.0460744,0.0426849,0.0444843,0.00212392,0.00338942
1.54,1,-0.514484,-0.429795,0.283316,-4.2375,-0.0846888
1.54,2,0.87546,0.956316,-0.31102,-1.80365,-0.0808563
1.54,3,0.517705,0.490669,0.500375,-0.0298661,0.0270359
1.54,4,-0.392838,-0.368342,0.00213028,-0.197032,-0.0244958
1.54,5,-0.0043607,-0.00411161,-0.00420548,1.62111e-05,-0.000249087
1.55,0,0.046517,0.0431297,0.0444708,0.00207771,0.00338725
1.55,1,-0.511741,-0.426963,0.283136,-4.24054,-0.0847783
1.55,2,0.872342,0.953206,-0.31112,-1.80366,-0.0808632
1.55,3,0.522678,0.495673,0.500366,-0.0301666,0.0270053
1.55,4,-0.392769,-0.368321,0.00199417,-0.196578,-0.0244476
1.55,5,-0.00440259,-0.00415364,-0.00420035,1.53569e-05,-0.00024895
1.56,0,0.0469596,0.0435743,0.044456,0.00204087,0.00338522
1.56,1,-0.508998,-0.424132,0.282964,-4.24353,-0.084866
1.56,2,0.869225,0.950094,-0.311211,-1.80365,-0.080869
1.56,3,0.527652,0.500677,0.500358,-0.0304666,0.0269748
1.56,4,-0.3927,-0.368302,0.00186552,-0.196117,-0.024398
1.56,5,-0.00444448,-0.00419561,-0.00419539,1.43017e-05,-0.000248863
1.57,0,0.0474022,0.0440188,0.0444402,0.00201308,0.00338334
1.57,1,-0.506256,-0.421304,0.282802,-4.24648,-0.084952
1.57,2,0.866107,0.946981,-0.311294,-1.80363,-0.080874
1.57,3,0.532625,0.50568,0.500351,-0.0307661,0.0269445
1.57,4,-0.392631,-0.368284,0.00174459,-0.19565,-0.0243472
1.57,5,-0.00448637,-0.00423754,-0.00419065,1.30691e-05,-0.000248825
1.58,0,0.0478448,0.0444631,0.0444237,0.00199397,0.00338163
1.58,1,-0.503513,-0.418477,0.282649,-4.24941,-0.0850364
1.58,2,0.86299,0.943868,-0.311369,-1.80361,-0.0808783
1.58,3,0.537598,0.510684,0.500344,-0.0310652,0.0269141
1.58,4,-0.392562,-0.368267,0.00163155,-0.195177,-0.0242952
1.58,5,-0.00452826,-0.00427942,-0.00418616,1.16831e-05,-0.000248833
1.59,0,0.0482874,0.0449073,0.0444067,0.00198306,0.00338008
1.59,1,-0.50077,-0.415651,0.282507,-4.2523,-0.0851194
1.59,2,0.859872,0.940754,-0.311434,-1.80359,-0.0808818
1.59,3,0.542571,0.515687,0.500338,-0.0313638,0.0268839
1.59,4,-0.392494,-0.368252,0.00152642,-0.1947,-0.0242421
1.59,5,-0.00457015,-0.00432126,-0.00418196,1.01678e-05,-0.000248884
1.6,0,0.04873,0.0453512,0.0443895,0.00197985,0.00337871
1.6,1,-0.498028,-0.412827,0.282375,-4.25517,-0.0852011
1.6,2,0.856755,0.937639,-0.311491,-1.80356,-0.0808847
1.6,3,0.547544,0.52069,0.500332,-0.0316621,0.0268537
1.6,4,-0.392425,-0.368237,0.00142917,-0.194219,-0.0241881
1.6,5,-0.00461204,-0.00436306,-0.00417809,8.54702e-06,-0.000248976
1.61,0,0.0491726,0.045795,0.0443721,0.00198377,0.0033775
1.61,1,-0.495285,-0.410003,0.282253,-4.25802,-0.0852814
1.61,2,0.853637,0.934524,-0.311538,-1.80354,-0.0808871
1.61,3,0.552517,0.525694,0.500326,-0.03196,0.0268236
1.61,4,-0.392356,-0.368223,0.00133966,-0.193734,-0.0241331
1.61,5,-0.00465393,-0.00440482,-0.00417455,6.84441e-06,-0.000249104
1.62,0,0.0496151,0.0462387,0.0443549,0.00199422,0.00337647
1.62,1,-0.492542,-0.407182,0.282143,-4.26085,-0.0853606
1.62,2,0.850519,0.931408,-0.311578,-1.80352,-0.0808891
1.62,3,0.55749,0.530697,0.500321,-0.0322576,0.0267935
1.62,4,-0.392287,-0.36821,0.00125768,-0.193246,-0.0240772
1.62,5,-0.00469581,-0.00444655,-0.00417137,5.08276e-06,-0.000249266
1.63,0,0.0500577,0.0466821,0.044338,0.00201059,0.00337562
1.63,1,-0.489799,-0.404361,0.282042,-4.26368,-0.0854388
1.63,2,0.847402,0.928293,-0.311609,-1.8035,-0.0808907
1.63,3,0.562464,0.5357,0.500316,-0.0325548,0.0267635
1.63,4,-0.392218,-0.368198,0.00118294,-0.192756,-0.0240205
1.63,5,-0.0047377,-0.00448825,-0.00416857,3.284e-06,-0.000249457
1.64,0,0.0505003,0.0471254,0.0443216,0.00203222,0.00337492
1.64,1,-0.487057,-0.401541,0.281951,-4.26649,-0.085516
1.64,2,0.844284,0.925176,-0.311632,-1.8035,-0.0808921
1.64,3,0.567437,0.540703,0.500311,-0.0328516,0.0267335
1.64,4,-0.39215,-0.368186,0.00111512,-0.192263,-0.0239632
1.64,5,-0.00477959,-0.00452992,-0.00416614,1.46896e-06,-0.000249675
1.65,0,0.0509429,0.0475685,0.0443058,0.00205846,0.00337439
1.65,1,-0.484314,-0.398722,0.28187,-4.2693,-0.0855923
1.65,2,0.841167,0.92206,-0.311647,-1.8035,-0.0808932
1.65,3,0.57241,0.545706,0.500306,-0.0331481,0.0267036
1.65,4,-0.392081,-0.368176,0.00105382,-0.191769,-0.0239052
1.65,5,-0.00482148,-0.00457157,-0.0041641,-3.4278e-07,-0.000249915
1.66,0,0.0513855,0.0480115,0.0442907,0.00208864,0.00337402
1.66,1,-0.481571,-0.395903,0.281798,-4.27211,-0.0856679
1.66,2,0.838049,0.918943,-0.311656,-1.80352,-0.0808943
1.66,3,0.577383,0.550709,0.500301,-0.0334442,0.0266737
1.66,4,-0.392012,-0.368165,0.000998617,-0.191272,-0.0238466
1.66,5,-0.00486337,-0.0046132,-0.00416243,-2.13305e-06,-0.000250173
1.67,0,0.0518281,0.0484543,0.0442764,0.00212213,0.00337379
1.67,1,-0.478829,-0.393086,0.281735,-4.27492,-0.0857428
1.67,2,0.834931,0.915827,-0.311658,-1.80354,-0.0808953
1.67,3,0.582356,0.555712,0.500297,-0.0337399,0.0266438
1.67,4,-0.391943,-0.368156,0.000949048,-0.190775,-0.0237875
1.67,5,-0.00490526,-0.00465482,-0.00416114,-3.88518e-06,-0.000250445
1.68,0,0.0522707,0.048897,0.0442631,0.00215827,0.00337369
1.68,1,-0.476086,-0.390269,0.28168,-4.27773,-0.0858172
1.68,2,0.831814,0.91271,-0.311653,-1.80358,-0.0808963
1.68,3,0.587329,0.560715,0.500293,-0.0340352,0.026614
1.68,4,-0.391874,-0.368146,0.000904632,-0.190276,-0.023728
1.68,5,-0.00494715,-0.00469642,-0.0041602,-5.5841e-06,-0.000250729
1.69,0,0.0527133,0.0493396,0.0442509,0.00219643,0.00337373
1.69,1,-0.473343,-0.387452,0.281633,-4.28054,-0.085891
1.69,2,0.828696,0.909594,-0.311644,-1.80363,-0.0808974
1.69,3,0.592302,0.565718,0.500288,-0.0343301,0.0265843
1.69,4,-0.391806,-0.368138,0.000864867,-0.189776,-0.023668
1.69,5,-0.00498904,-0.00473802,-0.00415961,-7.21642e-06,-0.00025102
1.7,0,0.0531559,0.049782,0.0442397,0.00223602,0.00337388
1.7,1,-0.470601,-0.384636,0.281592,-4.28335,-0.0859644
1.7,2,0.825579,0.906477,-0.311629,-1.8037,-0.0808986
1.7,3,0.597276,0.570721,0.500284,-0.0346246,0.0265546
1.7,4,-0.391737,-0.368129,0.000829248,-0.189276,-0.0236076
1.7,5,-0.00503093,-0.00477962,-0.00415935,-8.77043e-06,-0.000251315
1.71,0,0.0535985,0.0502244,0.0442296,0.00227646,0.00337413
1.71,1,-0.467858,-0.38182,0.281558,-4.28617,-0.0860374
1.71,2,0.822461,0.903361,-0.31161,-1.80378,-0.0809
1.71,3,0.602249,0.575724,0.50028,-0.0349186,0.0265249
1.71,4,-0.391668,-0.368121,0.000797262,-0.188774,-0.023547
1.71,5,-0.00507282,-0.00482121,-0.0041594,-1.02361e-05,-0.000251611
1.72,0,0.0540411,0.0506666,0.0442207,0.0023172,0.00337448
1.72,1,-0.465115,-0.379005,0.281529,-4.28899,-0.0861101
1.72,2,0.819344,0.900245,-0.311587,-1.80387,-0.0809016
1.72,3,0.607222,0.580727,0.500275,-0.0352121,0.0264953
1.72,4,-0.391599,-0.368113,0.000768405,-0.188272,-0.023486
1.72,5,-0.00511471,-0.0048628,-0.00415973,-1.16053e-05,-0.000251905
1.73,0,0.0544837,0.0511088,0.044213,0.00235774,0.00337492
1.73,1,-0.462372,-0.37619,0.281505,-4.29182,-0.0861826
1.73,2,0.816226,0.897129,-0.311561,-1.80398,-0.0809035
1.73,3,0.612195,0.585729,0.500271,-0.035505,0.0264657
1.73,4,-0.39153,-0.368106,0.00074218,-0.187769,-0.0234247
1.73,5,-0.0051566,-0.00490441,-0.00416033,-1.28713e-05,-0.000252194
1.74,0,0.0549263,0.0515509,0.0442064,0.00239761,0.00337542
1.74,1,-0.45963,-0.373375,0.281484,-4.29464,-0.0862548
1.74,2,0.813108,0.894014,-0.311533,-1.8041,-0.0809056
1.74,3,0.617168,0.590732,0.500266,-0.0357975,0.0264362
1.74,4,-0.391462,-0.368098,0.000718104,-0.187265,-0.0233632
1.74,5,-0.00519849,-0.00494601,-0.00416117,-1.40291e-05,-0.000252476
1.75,0,0.0553689,0.0519929,0.044201,0.00243637,0.00337599
1.75,1,-0.456887,-0.37056,0.281468,-4.29748,-0.0863268
1.75,2,0.809991,0.890899,-0.311503,-1.80423,-0.080908
1.75,3,0.622141,0.595735,0.500261,-0.0360893,0.0264067
1.75,4,-0.391393,-0.368091,0.000695716,-0.186759,-0.0233014
1.75,5,-0.00524038,-0.00498763,-0.00416222,-1.50755e-05,-0.000252748
1.76,0,0.0558115,0.0524349,0.0441968,0.00247365,0.0033766
1.76,1,-0.454144,-0.367746,0.281453,-4.30031,-0.0863987
1.76,2,0.806873,0.887784,-0.31147,-1.80438,-0.0809107
1.76,3,0.627115,0.600737,0.500256,-0.0363805,0.0263773
1.76,4,-0.391324,-0.368085,0.000674573,-0.186253,-0.0232395
1.76,5,-0.00528227,-0.00502926,-0.00416345,-1.60086e-05,-0.000253009
1.77,0,0.0562541,0.0528769,0.0441936,0.00250909,0.00337725
1.77,1,-0.451402,-0.364931,0.281441,-4.30314,-0.0864705
1.77,2,0.803756,0.884669,-0.311437,-1.80454,-0.0809138
1.77,3,0.632088,0.60574,0.50025,-0.0366711,0.0263479
1.77,4,-0.391255,-0.368078,0.000654263,-0.185746,-0.0231773
1.77,5,-0.00532416,-0.0050709,-0.00416484,-1.68279e-05,-0.000253256
1.78,0,0.0566967,0.0533188,0.0441915,0.00254239,0.00337792
1.78,1,-0.448659,-0.362117,0.281431,-4.30598,-0.0865421
1.78,2,0.800638,0.881555,-0.311404,-1.80471,-0.0809172
1.78,3,0.637061,0.610742,0.500245,-0.0369609,0.0263186
1.78,4,-0.391186,-0.368071,0.000634397,-0.185237,-0.0231149
1.78,5,-0.00536605,-0.00511256,-0.00416637,-1.75343e-05,-0.000253489
1.79,0,0.0571393,0.0537607,0.0441904,0.00257331,0.00337861
1.79,1,-0.445916,-0.359302,0.281421,-4.30881,-0.0866136
1.79,2,0.797521,0.878441,-0.31137,-1.80489,-0.0809209
1.79,3,0.642034,0.615745,0.500239,-0.0372501,0.0262893
1.79,4,-0.391118,-0.368065,0.00061462,-0.184726,-0.0230524
1.79,5,-0.00540794,-0.00515423,-0.004168,-1.813e-05,-0.000253706
1.8,0,0.0575819,0.0542026,0.0441902,0.00260162,0.0033793
1.8,1,-0.443173,-0.356488,0.281412,-4.31164,-0.0866851
1.8,2,0.794403,0.875328,-0.311337,-1.80508,-0.080925
1.8,3,0.647007,0.620747,0.500233,-0.0375385,0.0262601
1.8,4,-0.391049,-0.368059,0.000594608,-0.184214,-0.0229896
1.8,5,-0.00544983,-0.00519592,-0.00416971,-1.86181e-05,-0.000253906
1.81,0,0.0580245,0.0546445,0.0441909,0.00262717,0.00338
1.81,1,-0.440431,-0.353674,0.281402,-4.31446,-0.0867564
1.81,2,0.791285,0.872215,-0.311304,-1.80527,-0.0809294
1.81,3,0.65198,0.625749,0.500227,-0.0378261,0.026231
1.81,4,-0.39098,-0.368053,0.000574068,-0.1837,-0.0229266
1.81,5,-0.00549172,-0.00523763,-0.00417147,-1.9003e-05,-0.000254089
1.82,0,0.0584671,0.0550864,0.0441924,0.00264981,0.00338068
1.82,1,-0.437688,-0.35086,0.281392,-4.31728,-0.0868277
1.82,2,0.788168,0.869102,-0.311272,-1.80548,-0.0809341
1.82,3,0.656953,0.630752,0.50022,-0.038113,0.0262019
1.82,4,-0.390911,-0.368048,0.000552742,-0.183184,-0.0228635
1.82,5,-0.0055336,-0.00527935,-0.00417327,-1.92896e-05,-0.000254254
1.83,0,0.0589097,0.0555284,0.0441947,0.00266947,0.00338134
1.83,1,-0.434945,-0.348046,0.281381,-4.3201,-0.0868989
1.83,2,0.78505,0.865989,-0.311241,-1.80569,-0.0809391
1.83,3,0.661927,0.635754,0.500213,-0.0383989,0.0261729
1.83,4,-0.390842,-0.368042,0.000530405,-0.182666,-0.0228001
1.83,5,-0.00557549,-0.00532109,-0.00417507,-1.9484e-05,-0.000254401
1.84,0,0.0593523,0.0559703,0.0441976,0.00268609,0.00338197
1.84,1,-0.432203,-0.345233,0.281368,-4.3229,-0.0869699
1.84,2,0.781933,0.862877,-0.311212,-1.80591,-0.0809444
1.84,3,0.6669,0.640756,0.500206,-0.0386841,0.026144
1.84,4,-0.390774,-0.368037,0.000506865,-0.182145,-0.0227364
1.84,5,-0.00561738,-0.00536285,-0.00417686,-1.95925e-05,-0.00025453
1.85,0,0.0597949,0.0564123,0.0442011,0.00269965,0.00338258
1.85,1,-0.42946,-0.342419,0.281353,-4.32569,-0.0870408
1.85,2,0.778815,0.859765,-0.311185,-1.80613,-0.08095
1.85,3,0.671873,0.645758,0.500199,-0.0389683,0.0261151
1.85,4,-0.390705,-0.368032,0.000481961,-0.181621,-0.0226726
1.85,5,-0.00565927,-0.00540463,-0.00417861,-1.96221e-05,-0.000254641
1.86,0,0.0602375,0.0568543,0.0442051,0.00271019,0.00338314
1.86,1,-0.426717,-0.339606,0.281337,-4.32847,-0.0871115
1.86,2,0.775697,0.856653,-0.31116,-1.80636,-0.0809559
1.86,3,0.676846,0.65076,0.500191,-0.0392516,0.0260863
1.86,4,-0.390636,-0.368028,0.000455565,-0.181095,-0.0226084
1.86,5,-0.00570116,-0.00544643,-0.00418032,-1.95804e-05,-0.000254735
1.87,0,0.0606801,0.0572964,0.0442096,0.00271774,0.00338366
1.87,1,-0.423974,-0.336792,0.281318,-4.33124,-0.0871821
1.87,2,0.77258,0.853542,-0.311137,-1.80659,-0.080962
1.87,3,0.681819,0.655762,0.500183,-0.0395339,0.0260576
1.87,4,-0.390567,-0.368023,0.000427578,-0.180566,-0.022544
1.87,5,-0.00574305,-0.00548824,-0.00418196,-1.94749e-05,-0.000254812
1.88,0,0.0611227,0.0577385,0.0442144,0.00272239,0.00338414
1.88,1,-0.421232,-0.333979,0.281297,-4.33399,-0.0872524
1.88,2,0.769462,0.850431,-0.311116,-1.80682,-0.0809683
1.88,3,0.686792,0.660763,0.500175,-0.0398153,0.026029
1.88,4,-0.390498,-0.368019,0.000397931,-0.180034,-0.0224793
1.88,5,-0.00578494,-0.00553007,-0.00418352,-1.93136e-05,-0.000254874
1.89,0,0.0615653,0.0581807,0.0442194,0.00272425,0.00338456
1.89,1,-0.418489,-0.331166,0.281273,-4.33672,-0.0873225
1.89,2,0.766345,0.84732,-0.311097,-1.80705,-0.0809749
1.89,3,0.691766,0.665765,0.500166,-0.0400957,0.0260004
1.89,4,-0.39043,-0.368015,0.000366579,-0.179498,-0.0224144
1.89,5,-0.00582683,-0.00557191,-0.00418498,-1.91044e-05,-0.00025492
1.9,0,0.0620079,0.0586229,0.0442247,0.00272342,0.00338494
1.9,1,-0.415746,-0.328354,0.281246,-4.33943,-0.0873924
1.9,2,0.763227,0.844209,-0.31108,-1.80729,-0.0809816
1.9,3,0.696739,0.670767,0.500158,-0.0403751,0.0259719
1.9,4,-0.390361,-0.368012,0.000333506,-0.178959,-0.022349
1.9,5,-0.00586872,-0.00561377,-0.00418635,-1.88552e-05,-0.000254952
1.91,0,0.0624505,0.0590652,0.0442301,0.00272007,0.00338526
1.91,1,-0.413004,-0.325542,0.281217,-4.34213,-0.087462
1.91,2,0.76011,0.841098,-0.311066,-1.80752,-0.0809884
1.91,3,0.701712,0.675768,0.500149,-0.0406534,0.0259436
1.91,4,-0.390292,-0.368009,0.000298716,-0.178416,-0.0222834
1.91,5,-0.00591061,-0.00565564,-0.0041876,-1.85739e-05,-0.000254971
1.92,0,0.0628931,0.0595075,0.0442355,0.00271436,0.00338552
1.92,1,-0.410261,-0.32273,0.281184,-4.3448,-0.0875313
1.92,2,0.756992,0.837987,-0.311054,-1.80775,-0.0809954
1.92,3,0.706685,0.68077,0.500139,-0.0409308,0.0259153
1.92,4,-0.390223,-0.368006,0.000262235,-0.17787,-0.0222174
1.92,5,-0.0059525,-0.00569752,-0.00418874,-1.8268e-05,-0.000254978
1.93,0,0.0633357,0.0599499,0.044241,0.00270645,0.00338574
1.93,1,-0.407518,-0.319918,0.281149,-4.34746,-0.0876002
1.93,2,0.753874,0.834877,-0.311044,-1.80799,-0.0810025
1.93,3,0.711658,0.685771,0.50013,-0.041207,0.0258871
1.93,4,-0.390154,-0.368003,0.000224108,-0.17732,-0.022151
1.93,5,-0.00599439,-0.00573942,-0.00418976,-1.79451e-05,-0.000254975
1.94,0,0.0637783,0.0603924,0.0442464,0.00269653,0.00338589
1.94,1,-0.404775,-0.317107,0.281111,-4.35009,-0.0876688
1.94,2,0.750757,0.831767,-0.311037,-1.80822,-0.0810097
1.94,3,0.716631,0.690772,0.50012,-0.0414822,0.025859
1.94,4,-0.390086,-0.368001,0.000184397,-0.176766,-0.0220842
1.94,5,-0.00603628,-0.00578132,-0.00419065,-1.76121e-05,-0.000254961
1.95,0,0.0642209,0.0608349,0.0442517,0.00268481,0.003386
1.95,1,-0.402033,-0.314296,0.281071,-4.35269,-0.087737
1.95,2,0.747639,0.828656,-0.311031,-1.80845,-0.0810169
1.95,3,0.721604,0.695773,0.500111,-0.0417564,0.025831
1.95,4,-0.390017,-0.368,0.000143177,-0.176208,-0.022017
1.95,5,-0.00607817,-0.00582323,-0.00419142,-1.72756e-05,-0.00025494
1.96,0,0.0646635,0.0612774,0.0442568,0.00267147,0.00338605
1.96,1,-0.39929,-0.311485,0.281028,-4.35527,-0.0878047
1.96,2,0.744522,0.825546,-0.311028,-1.80867,-0.0810242
1.96,3,0.726578,0.700775,0.500101,-0.0420294,0.0258031
1.96,4,-0.389948,-0.367999,0.000100537,-0.175646,-0.0219494
1.96,5,-0.00612006,-0.00586515,-0.00419206,-1.6942e-05,-0.000254912
1.97,0,0.0651061,0.06172,0.0442618,0.00265673,0.00338605
1.97,1,-0.396547,-0.308675,0.280982,-4.35783,-0.0878721
1.97,2,0.741404,0.822436,-0.311026,-1.80889,-0.0810315
1.97,3,0.731551,0.705775,0.500091,-0.0423014,0.0257753
1.97,4,-0.389879,-0.367998,5.65755e-05,-0.175079,-0.0218814
1.97,5,-0.00616195,-0.00590707,-0.00419257,-1.6617e-05,-0.000254878
1.98,0,0.0655486,0.0621626,0.0442665,0.00264078,0.003386
1.98,1,-0.393805,-0.305866,0.280934,-4.36036,-0.0879389
1.98,2,0.738287,0.819325,-0.311026,-1.80911,-0.0810389
1.98,3,0.736524,0.710776,0.500081,-0.0425722,0.0257476
1.98,4,-0.38981,-0.367997,1.14003e-05,-0.174509,-0.0218129
1.98,5,-0.00620384,-0.005949,-0.00419297,-1.63058e-05,-0.000254839
1.99,0,0.0659912,0.0626053,0.0442709,0.00262382,0.00338591
1.99,1,-0.391062,-0.303057,0.280883,-4.36286,-0.0880053
1.99,2,0.735169,0.816215,-0.311028,-1.80933,-0.0810462
1.99,3,0.741497,0.715777,0.50007,-0.042842,0.02572
1.99,4,-0.389742,-0.367998,-3.48756e-05,-0.173934,-0.0217439
1.99,5,-0.00624573,-0.00599093,-0.00419325,-1.60133e-05,-0.000254798
2,0,0.0664338,0.0630481,0.044275,0.00260606,0.00338578
2,1,-0.388319,-0.300248,0.280831,-4.36534,-0.0880711
2,2,0.732051,0.813105,-0.311031,-1.80954,-0.0810534
2,3,0.74647,0.720778,0.50006,-0.0431106,0.0256925
2,4,-0.389673,-0.367998,-8.21343e-05,-0.173355,-0.0216745
2,5,-0.00628762,-0.00603286,-0.00419341,-1.57435e-05,-0.000254754
2.01,0,0.0668764,0.0634908,0.0442788,0.00258768,0.0033856
2.01,1,-0.385576,-0.29744,0.280777,-4.36779,-0.0881364
2.01,2,0.728934,0.809994,-0.311036,-1.80975,-0.0810607
2.01,3,0.751443,0.725778,0.500049,-0.0433782,0.0256651
2.01,4,-0.389604,-0.367999,-0.000130255,-0.172772,-0.0216046
2.01,5,-0.00632951,-0.0060748,-0.00419347,-1.55002e-05,-0.000254709
2.02,0,0.067319,0.0639336,0.0442823,0.00256886,0.00338539
2.02,1,-0.382834,-0.294633,0.280721,-4.37021,-0.0882012
2.02,2,0.725816,0.806884,-0.311042,-1.80995,-0.0810679
2.02,3,0.756417,0.730779,0.500039,-0.0436447,0.0256379
2.02,4,-0.389535,-0.368001,-0.000179116,-0.172185,-0.0215343
2.02,5,-0.0063714,-0.00611673,-0.00419344,-1.52865e-05,-0.000254663
2.03,0,0.0677616,0.0643765,0.0442854,0.00254979,0.00338515
2.03,1,-0.380091,-0.291826,0.280663,-4.3726,-0.0882653
2.03,2,0.722699,0.803774,-0.311049,-1.81015,-0.081075
2.03,3,0.76139,0.735779,0.500028,-0.04391,0.0256107
2.03,4,-0.389466,-0.368003,-0.000228595,-0.171593,-0.0214634
2.03,5,-0.00641328,-0.00615867,-0.0041933,-1.51049e-05,-0.000254619
2.04,0,0.0682042,0.0648194,0.0442882,0.00253064,0.00338488
2.04,1,-0.377348,-0.289019,0.280604,-4.37497,-0.0883289
2.04,2,0.719581,0.800663,-0.311056,-1.81035,-0.081082
2.04,3,0.766363,0.740779,0.500017,-0.0441742,0.0255836
2.04,4,-0.389398,-0.368005,-0.000278574,-0.170997,-0.021392
2.04,5,-0.00645517,-0.0062006,-0.00419309,-1.49574e-05,-0.000254577
2.05,0,0.0686468,0.0652622,0.0442906,0.00251154,0.00338458
2.05,1,-0.374606,-0.286214,0.280544,-4.37731,-0.0883919
2.05,2,0.716463,0.797553,-0.311065,-1.81054,-0.081089
2.05,3,0.771336,0.745779,0.500006,-0.0444374,0.0255566
2.05,4,-0.389329,-0.368009,-0.000328934,-0.170397,-0.0213202
2.05,5,-0.00649706,-0.00624253,-0.0041928,-1.48456e-05,-0.000254537
2.06,0,0.0690894,0.0657052,0.0442926,0.00249266,0.00338426
2.06,1,-0.371863,-0.283409,0.280483,-4.37962,-0.0884543
2.06,2,0.713346,0.794442,-0.311074,-1.81073,-0.0810959
2.06,3,0.776309,0.750779,0.499996,-0.0446994,0.0255298
2.06,4,-0.38926,-0.368012,-0.000379563,-0.169793,-0.0212478
2.06,5,-0.00653895,-0.00628445,-0.00419244,-1.47704e-05,-0.0002545
2.07,0,0.069532,0.0661481,0.0442943,0.00247411,0.00338392
2.07,1,-0.36912,-0.280604,0.280421,-4.38191,-0.0885161
2.07,2,0.710228,0.791331,-0.311083,-1.81091,-0.0811027
2.07,3,0.781282,0.755779,0.499985,-0.0449603,0.0255031
2.07,4,-0.389191,-0.368016,-0.000430352,-0.169184,-0.0211749
2.07,5,-0.00658084,-0.00632637,-0.00419202,-1.47324e-05,-0.000254468
2.08,0,0.0699746,0.0665911,0.0442956,0.00245602,0.00338357
2.08,1,-0.366378,-0.2778,0.280359,-4.38417,-0.0885773
2.08,2,0.707111,0.78822,-0.311093,-1.81109,-0.0811094
2.08,3,0.786255,0.760779,0.499974,-0.0452202,0.0254764
2.08,4,-0.389122,-0.368021,-0.000481201,-0.168572,-0.0211015
2.08,5,-0.00662273,-0.00636829,-0.00419156,-1.47317e-05,-0.00025444
2.09,0,0.0704172,0.067034,0.0442966,0.00243849,0.0033832
2.09,1,-0.363635,-0.274997,0.280296,-4.3864,-0.0886378
2.09,2,0.703993,0.785109,-0.311103,-1.81127,-0.081116
2.09,3,0.791229,0.765779,0.499963,-0.0454789,0.0254499
2.09,4,-0.389054,-0.368026,-0.000532011,-0.167955,-0.0210277
2.09,5,-0.00666462,-0.00641021,-0.00419105,-1.4768e-05,-0.000254416
2.1,0,0.0708598,0.067477,0.0442972,0.00242161,0.00338283
2.1,1,-0.360892,-0.272194,0.280232,-4.3886,-0.0886977
2.1,2,0.700876,0.781998,-0.311113,-1.81145,-0.0811225
2.1,3,0.796202,0.770778,0.499952,-0.0457365,0.0254235
2.1,4,-0.388985,-0.368031,-0.000582694,-0.167335,-0.0209533
2.1,5,-0.00670651,-0.00645211,-0.00419051,-1.48404e-05,-0.000254398
2.11,0,0.0713024,0.06792,0.0442976,0.00240546,0.00338246
2.11,1,-0.358149,-0.269392,0.280169,-4.39079,-0.088757
2.11,2,0.697758,0.778887,-0.311123,-1.81162,-0.0811289
2.11,3,0.801175,0.775778,0.499941,-0.0459931,0.0253972
2.11,4,-0.388916,-0.368038,-0.000633169,-0.16671,-0.0208783
2.11,5,-0.0067484,-0.00649401,-0.00418994,-1.4948e-05,-0.000254386
2.12,0,0.071745,0.0683629,0.0442976,0.0023901,0.00338208
2.12,1,-0.355407,-0.266591,0.280105,-4.39294,-0.0888156
2.12,2,0.69464,0.775776,-0.311133,-1.81179,-0.0811351
2.12,3,0.806148,0.780777,0.49993,-0.0462486,0.025371
2.12,4,-0.388847,-0.368044,-0.00068336,-0.166082,-0.0208029
2.12,5,-0.00679029,-0.00653591,-0.00418936,-1.50895e-05,-0.000254379
2.13,0,0.0721876,0.0688059,0.0442974,0.00237558,0.0033817
2.13,1,-0.352664,-0.26379,0.280042,-4.39507,-0.0888736
2.13,2,0.691523,0.772664,-0.311143,-1.81195,-0.0811413
2.13,3,0.811121,0.785776,0.49992,-0.046503,0.0253449
2.13,4,-0.388778,-0.368051,-0.000733201,-0.16545,-0.020727
2.13,5,-0.00683218,-0.0065778,-0.00418876,-1.52631e-05,-0.000254378
2.14,0,0.0726302,0.0692489,0.044297,0.00236194,0.00338132
2.14,1,-0.349921,-0.26099,0.279979,-4.39717,-0.0889309
2.14,2,0.688405,0.769553,-0.311152,-1.81212,-0.0811474
2.14,3,0.816094,0.790775,0.499909,-0.0467563,0.0253189
2.14,4,-0.38871,-0.368059,-0.000782634,-0.164814,-0.0206506
2.14,5,-0.00687407,-0.00661969,-0.00418817,-1.5467e-05,-0.000254384
2.15,0,0.0730728,0.0696918,0.0442963,0.00234921,0.00338095
2.15,1,-0.347179,-0.258191,0.279916,-4.39926,-0.0889877
2.15,2,0.685288,0.766441,-0.311161,-1.81228,-0.0811534
2.15,3,0.821068,0.795775,0.499898,-0.0470085,0.025293
2.15,4,-0.388641,-0.368067,-0.000831606,-0.164174,-0.0205737
2.15,5,-0.00691596,-0.00666156,-0.00418758,-1.56991e-05,-0.000254395
2.16,0,0.0735154,0.0701348,0.0442954,0.00233741,0.00338059
2.16,1,-0.344436,-0.255392,0.279854,-4.40131,-0.0890438
2.16,2,0.68217,0.763329,-0.31117,-1.81244,-0.0811594
2.16,3,0.826041,0.800773,0.499887,-0.0472596,0.0252673
2.16,4,-0.388572,-0.368076,-0.000880076,-0.163531,-0.0204963
2.16,5,-0.00695785,-0.00670344,-0.004187,-1.59571e-05,-0.000254412
2.17,0,0.073958,0.0705778,0.0442944,0.00232652,0.00338024
2.17,1,-0.341693,-0.252594,0.279792,-4.40335,-0.0890993
2.17,2,0.679053,0.760218,-0.311177,-1.8126,-0.0811652
2.17,3,0.831014,0.805772,0.499876,-0.0475097,0.0252416
2.17,4,-0.388503,-0.368085,-0.000928007,-0.162884,-0.0204185
2.17,5,-0.00699974,-0.0067453,-0.00418644,-1.62388e-05,-0.000254434
2.18,0,0.0744006,0.0710207,0.0442932,0.00231656,0.0033799
2.18,1,-0.33895,-0.249796,0.279731,-4.40536,-0.0891542
2.18,2,0.675935,0.757106,-0.311185,-1.81276,-0.081171
2.18,3,0.835987,0.810771,0.499865,-0.0477586,0.025216
2.18,4,-0.388434,-0.368094,-0.000975369,-0.162233,-0.0203401
2.18,5,-0.00704163,-0.00678717,-0.0041859,-1.65417e-05,-0.000254462
2.19,0,0.0748432,0.0714636,0.0442918,0.00230749,0.00337957
2.19,1,-0.336208,-0.246999,0.27967,-4.40735,-0.0892084
2.19,2,0.672817,0.753994,-0.311192,-1.81292,-0.0811767
2.19,3,0.84096,0.81577,0.499854,-0.0480065,0.0251906
2.19,4,-0.388366,-0.368104,-0.00102214,-0.161579,-0.0202613
2.19,5,-0.00708352,-0.00682902,-0.00418538,-1.68633e-05,-0.000254496
2.2,0,0.0752858,0.0719065,0.0442904,0.0022993,0.00337926
2.2,1,-0.333465,-0.244203,0.27961,-4.40931,-0.0892621
2.2,2,0.6697,0.750882,-0.311198,-1.81307,-0.0811823
2.2,3,0.845933,0.820768,0.499844,-0.0482534,0.0251653
2.2,4,-0.388297,-0.368115,-0.00106831,-0.160922,-0.020182
2.2,5,-0.00712541,-0.00687087,-0.0041849,-1.7201e-05,-0.000254534
2.21,0,0.0757284,0.0723494,0.0442888,0.00229196,0.00337896
2.21,1,-0.330722,-0.241407,0.279551,-4.41126,-0.0893151
2.21,2,0.666582,0.74777,-0.311204,-1.81323,-0.0811879
2.21,3,0.850906,0.825766,0.499833,-0.0484991,0.0251401
2.21,4,-0.388228,-0.368126,-0.00111386,-0.160261,-0.0201023
2.21,5,-0.0071673,-0.00691272,-0.00418444,-1.75524e-05,-0.000254577
2.22,0,0.076171,0.0727923,0.0442873,0.00228542,0.00337868
2.22,1,-0.32798,-0.238612,0.279493,-4.41318,-0.0893676
2.22,2,0.663465,0.744658,-0.311209,-1.81338,-0.0811934
2.22,3,0.85588,0.830765,0.499822,-0.0487437,0.0251149
2.22,4,-0.388159,-0.368137,-0.0011588,-0.159597,-0.0200221
2.22,5,-0.00720919,-0.00695456,-0.00418403,-1.79149e-05,-0.000254625
2.23,0,0.0766136,0.0732352,0.0442856,0.00227964,0.00337841
2.23,1,-0.325237,-0.235817,0.279435,-4.41509,-0.0894195
2.23,2,0.660347,0.741546,-0.311213,-1.81354,-0.0811988
2.23,3,0.860853,0.835763,0.499811,-0.0489873,0.0250899
2.23,4,-0.38809,-0.368149,-0.00120312,-0.15893,-0.0199415
2.23,5,-0.00725108,-0.0069964,-0.00418364,-1.82862e-05,-0.000254676
2.24,0,0.0770562,0.073678,0.044284,0.00227457,0.00337816
2.24,1,-0.322494,-0.233023,0.279378,-4.41697,-0.0894709
2.24,2,0.657229,0.738434,-0.311217,-1.81369,-0.0812043
2.24,3,0.865826,0.840761,0.4998,-0.0492298,0.025065
2.24,4,-0.388021,-0.368161,-0.00124683,-0.15826,-0.0198604
2.24,5,-0.00729296,-0.00703823,-0.0041833,-1.86638e-05,-0.000254731
2.25,0,0.0774988,0.0741208,0.0442823,0.00227016,0.00337793
2.25,1,-0.319751,-0.23023,0.279322,-4.41883,-0.0895216
2.25,2,0.654112,0.735322,-0.31122,-1.81385,-0.0812097
2.25,3,0.870799,0.845759,0.499789,-0.0494712,0.0250402
2.25,4,-0.387953,-0.368174,-0.00128994,-0.157586,-0.0197789
2.25,5,-0.00733485,-0.00708006,-0.004183,-1.90456e-05,-0.000254789
2.26,0,0.0779414,0.0745637,0.0442807,0.00226634,0.00337771
2.26,1,-0.317009,-0.227437,0.279267,-4.42067,-0.0895718
2.26,2,0.650994,0.732209,-0.311223,-1.81401,-0.081215
2.26,3,0.875772,0.850757,0.499778,-0.0497114,0.0250156
2.26,4,-0.387884,-0.368187,-0.00133247,-0.156909,-0.019697
2.26,5,-0.00737674,-0.00712189,-0.00418274,-1.94295e-05,-0.00025485
2.27,0,0.078384,0.0750065,0.0442791,0.00226307,0.00337751
2.27,1,-0.314266,-0.224645,0.279212,-4.42249,-0.0896215
2.27,2,0.647877,0.729097,-0.311225,-1.81416,-0.0812204
2.27,3,0.880745,0.855754,0.499768,-0.0499506,0.024991
2.27,4,-0.387815,-0.3682,-0.00137443,-0.15623,-0.0196146
2.27,5,-0.00741863,-0.00716372,-0.00418251,-1.98134e-05,-0.000254914
2.28,0,0.0788266,0.0754492,0.0442776,0.00226027,0.00337733
2.28,1,-0.311523,-0.221853,0.279158,-4.4243,-0.0896706
2.28,2,0.644759,0.725985,-0.311226,-1.81432,-0.0812257
2.28,3,0.885719,0.860752,0.499757,-0.0501887,0.0249665
2.28,4,-0.387746,-0.368214,-0.00141584,-0.155547,-0.0195318
2.28,5,-0.00746052,-0.00720554,-0.00418233,-2.01954e-05,-0.000254979
2.29,0,0.0792692,0.075892,0.0442761,0.00225788,0.00337716
2.29,1,-0.308781,-0.219061,0.279104,-4.42608,-0.0897192
2.29,2,0.641642,0.722873,-0.311227,-1.81448,-0.081231
2.29,3,0.890692,0.865749,0.499746,-0.0504257,0.0249422
2.29,4,-0.387677,-0.368229,-0.00145673,-0.154861,-0.0194486
2.29,5,-0.00750241,-0.00724737,-0.00418219,-2.0574e-05,-0.000255046
2.3,0,0.0797118,0.0763348,0.0442747,0.00225584,0.003377
2.3,1,-0.306038,-0.216271,0.279052,-4.42784,-0.0897672
2.3,2,0.638524,0.71976,-0.311227,-1.81463,-0.0812363
2.3,3,0.895665,0.870747,0.499735,-0.0506615,0.0249179
2.3,4,-0.387609,-0.368244,-0.00149712,-0.154172,-0.019365
2.3,5,-0.0075443,-0.00728919,-0.00418208,-2.09476e-05,-0.000255114
2.31,0,0.0801544,0.0767775,0.0442734,0.0022541,0.00337686
2.31,1,-0.303295,-0.21348,0.279,-4.42959,-0.0898147
2.31,2,0.635406,0.716648,-0.311228,-1.81479,-0.0812416
2.31,3,0.900638,0.875744,0.499724,-0.0508962,0.0248938
2.31,4,-0.38754,-0.368259,-0.00153703,-0.15348,-0.019281
2.31,5,-0.00758619,-0.00733101,-0.00418201,-2.13148e-05,-0.000255183
2.32,0,0.080597,0.0772202,0.0442722,0.00225258,0.00337673
2.32,1,-0.300552,-0.210691,0.278948,-4.43131,-0.0898617
2.32,2,0.632289,0.713536,-0.311227,-1.81495,-0.0812469
2.32,3,0.905611,0.880741,0.499713,-0.0511298,0.0248698
2.32,4,-0.387471,-0.368274,-0.00157649,-0.152785,-0.0191967
2.32,5,-0.00762808,-0.00737283,-0.00418197,-2.16745e-05,-0.000255253
2.33,0,0.0810396,0.0776629,0.044271,0.00225124,0.00337661
2.33,1,-0.29781,-0.207902,0.278897,-4.43302,-0.0899082
2.33,2,0.629171,0.710424,-0.311226,-1.81511,-0.0812522
2.33,3,0.910584,0.885738,0.499701,-0.0513623,0.0248459
2.33,4,-0.387402,-0.36829,-0.00161553,-0.152087,-0.0191119
2.33,5,-0.00766997,-0.00741465,-0.00418196,-2.20256e-05,-0.000255323
2.34,0,0.0814821,0.0781056,0.04427,0.00225001,0.0033765
2.34,1,-0.295067,-0.205113,0.278846,-4.43471,-0.0899542
2.34,2,0.626054,0.707311,-0.311225,-1.81528,-0.0812576
2.34,3,0.915557,0.890735,0.49969,-0.0515936,0.0248221
2.34,4,-0.387333,-0.368307,-0.00165418,-0.151387,-0.0190267
2.34,5,-0.00771186,-0.00745647,-0.00418199,-2.23672e-05,-0.000255393
2.35,0,0.0819247,0.0785483,0.0442691,0.00224884,0.0033764
2.35,1,-0.292324,-0.202325,0.278796,-4.43637,-0.0899997
2.35,2,0.622936,0.704199,-0.311224,-1.81544,-0.0812629
2.35,3,0.920531,0.895732,0.499679,-0.0518237,0.0247984
2.35,4,-0.387265,-0.368324,-0.00169246,-0.150683,-0.0189411
2.35,5,-0.00775375,-0.00749829,-0.00418204,-2.26988e-05,-0.000255462
2.36,0,0.0823673,0.078991,0.0442683,0.00224767,0.00337631
2.36,1,-0.289582,-0.199537,0.278746,-4.43802,-0.0900446
2.36,2,0.619819,0.701087,-0.311223,-1.8156,-0.0812682
2.36,3,0.925504,0.900729,0.499668,-0.0520527,0.0247748
2.36,4,-0.387196,-0.368341,-0.0017304,-0.149977,-0.0188552
2.36,5,-0.00779564,-0.00754011,-0.00418211,-2.30198e-05,-0.000255531
2.37,0,0.0828099,0.0794337,0.0442676,0.00224647,0.00337623
2.37,1,-0.286839,-0.19675,0.278697,-4.43965,-0.0900891
2.37,2,0.616701,0.697975,-0.311221,-1.81577,-0.0812736
2.37,3,0.930477,0.905726,0.499656,-0.0522805,0.0247513
2.37,4,-0.387127,-0.368358,-0.00176802,-0.149267,-0.0187689
2.37,5,-0.00783753,-0.00758193,-0.00418221,-2.33298e-05,-0.000255599
2.38,0,0.0832525,0.0798764,0.044267,0.00224518,0.00337616
2.38,1,-0.284096,-0.193963,0.278647,-4.44127,-0.0901331
2.38,2,0.613583,0.694862,-0.311219,-1.81593,-0.081279
2.38,3,0.93545,0.910722,0.499645,-0.0525071,0.024728
2.38,4,-0.387058,-0.368376,-0.00180536,-0.148555,-0.0186822
2.38,5,-0.00787942,-0.00762375,-0.00418233,-2.36286e-05,-0.000255665
2.39,0,0.0836951,0.080319,0.0442666,0.00224377,0.00337609
2.39,1,-0.281353,-0.191177,0.278598,-4.44286,-0.0901766
2.39,2,0.610466,0.69175,-0.311217,-1.8161,-0.0812844
2.39,3,0.940423,0.915718,0.499634,-0.0527326,0.0247048
2.39,4,-0.386989,-0.368394,-0.00184242,-0.14784,-0.0185952
2.39,5,-0.00792131,-0.00766558,-0.00418246,-2.39162e-05,-0.000255731
2.4,0,0.0841377,0.0807617,0.0442662,0.0022422,0.00337602
2.4,1,-0.278611,-0.188391,0.278549,-4.44443,-0.0902196
2.4,2,0.607348,0.688638,-0.311215,-1.81626,-0.0812898
2.4,3,0.945396,0.920715,0.499622,-0.0529568,0.0246816
2.4,4,-0.386921,-0.368413,-0.00187924,-0.147122,-0.0185077
2.4,5,-0.0079632,-0.0077074,-0.00418261,-2.41927e-05,-0.000255795
2.41,0,0.0845803,0.0812044,0.0442659,0.00224044,0.00337596
2.41,1,-0.275868,-0.185606,0.2785,-4.44599,-0.0902621
2.41,2,0.604231,0.685526,-0.311213,-1.81643,-0.0812952
2.41,3,0.950369,0.925711,0.49961,-0.0531799,0.0246586
2.41,4,-0.386852,-0.368432,-0.00191584,-0.146401,-0.0184199
2.41,5,-0.00800509,-0.00774923,-0.00418277,-2.44581e-05,-0.000255858
2.42,0,0.0850229,0.081647,0.0442658,0.00223845,0.0033759
2.42,1,-0.273125,-0.182821,0.278451,-4.44752,-0.0903041
2.42,2,0.601113,0.682414,-0.311211,-1.8166,-0.0813007
2.42,3,0.955343,0.930707,0.499599,-0.0534017,0.0246357
2.42,4,-0.386783,-0.368451,-0.00195223,-0.145678,-0.0183318
2.42,5,-0.00804698,-0.00779106,-0.00418293,-2.47128e-05,-0.000255919
2.43,0,0.0854655,0.0820897,0.0442657,0.00223623,0.00337584
2.43,1,-0.270383,-0.180037,0.278403,-4.44903,-0.0903457
2.43,2,0.597995,0.679302,-0.311209,-1.81677,-0.0813062
2.43,3,0.960316,0.935703,0.499587,-0.0536224,0.024613
2.43,4,-0.386714,-0.368471,-0.00198844,-0.144952,-0.0182432
2.43,5,-0.00808887,-0.00783289,-0.00418311,-2.49573e-05,-0.000255978
2.44,0,0.0859081,0.0825323,0.0442658,0.00223373,0.00337578
2.44,1,-0.26764,-0.177253,0.278354,-4.45053,-0.0903867
2.44,2,0.594878,0.67619,-0.311206,-1.81694,-0.0813117
2.44,3,0.965289,0.940699,0.499575,-0.0538417,0.0245903
2.44,4,-0.386645,-0.368491,-0.00202447,-0.144223,-0.0181544
2.44,5,-0.00813075,-0.00787472,-0.00418328,-2.51919e-05,-0.000256035
2.45,0,0.0863507,0.082975,0.0442659,0.00223096,0.00337571
2.45,1,-0.264897,-0.17447,0.278305,-4.45201,-0.0904273
2.45,2,0.59176,0.673078,-0.311204,-1.81711,-0.0813172
2.45,3,0.970262,0.945694,0.499563,-0.0540599,0.0245678
2.45,4,-0.386577,-0.368512,-0.00206034,-0.143491,-0.0180651
2.45,5,-0.00817264,-0.00791655,-0.00418346,-2.54172e-05,-0.000256091
2.46,0,0.0867933,0.0834177,0.0442661,0.0022279,0.00337565
2.46,1,-0.262155,-0.171687,0.278256,-4.45346,-0.0904674
2.46,2,0.588643,0.669966,-0.311202,-1.81728,-0.0813228
2.46,3,0.975235,0.95069,0.499551,-0.0542768,0.0245454
2.46,4,-0.386508,-0.368532,-0.00209606,-0.142756,-0.0179755
2.46,5,-0.00821453,-0.00795839,-0.00418364,-2.56339e-05,-0.000256145
2.47,0,0.0872359,0.0838603,0.0442663,0.00222453,0.00337559
2.47,1,-0.259412,-0.168905,0.278207,-4.4549,-0.0905069
2.47,2,0.585525,0.666853,-0.3112,-1.81745,-0.0813283
2.47,3,0.980208,0.955685,0.499539,-0.0544925,0.0245231
2.47,4,-0.386439,-0.368553,-0.00213165,-0.142019,-0.0178856
2.47,5,-0.00825642,-0.00800023,-0.00418381,-2.58426e-05,-0.000256197
2.48,0,0.0876785,0.084303,0.0442666,0.00222086,0.00337552
2.48,1,-0.256669,-0.166123,0.278158,-4.45632,-0.090546
2.48,2,0.582408,0.663742,-0.311199,-1.81762,-0.0813339
2.48,3,0.985182,0.960681,0.499527,-0.0547069,0.0245009
2.48,4,-0.38637,-0.368575,-0.00216711,-0.141278,-0.0177952
2.48,5,-0.00829831,-0.00804207,-0.00418398,-2.6044e-05,-0.000256248
2.49,0,0.0881211,0.0847457,0.044267,0.00221688,0.00337545
2.49,1,-0.253926,-0.163342,0.278109,-4.45771,-0.0905846
2.49,2,0.57929,0.66063,-0.311197,-1.81779,-0.0813395
2.49,3,0.990155,0.965676,0.499515,-0.05492,0.0244789
2.49,4,-0.386301,-0.368597,-0.00220245,-0.140535,-0.0177046
2.49,5,-0.0083402,-0.00808391,-0.00418414,-2.62389e-05,-0.000256296
2.5,0,0.0885637,0.0851883,0.0442674,0.0022126,0.00337537
2.5,1,-0.251184,-0.160561,0.27806,-4.45909,-0.0906227
2.5,2,0.576172,0.657518,-0.311196,-1.81796,-0.0813451
2.5,3,0.995128,0.970671,0.499502,-0.0551319,0.0244569
2.5,4,-0.386233,-0.368619,-0.00223768,-0.13979,-0.0176135
2.5,5,-0.00838209,-0.00812575,-0.0041843,-2.64281e-05,-0.000256344
2.51,0,0.0890063,0.085631,0.0442679,0.00220801,0.00337529
2.51,1,-0.248441,-0.157781,0.27801,-4.46044,-0.0906603
2.51,2,0.573055,0.654406,-0.311194,-1.81813,-0.0813508
2.51,3,1.0001,0.975666,0.49949,-0.0553424,0.0244351
2.51,4,-0.386164,-0.368642,-0.00227279,-0.139041,-0.0175222
2.51,5,-0.00842398,-0.00816759,-0.00418445,-2.66122e-05,-0.000256389
2.52,0,0.0894489,0.0860737,0.0442684,0.00220314,0.00337521
2.52,1,-0.245698,-0.155001,0.27796,-4.46178,-0.0906975
2.52,2,0.569937,0.651294,-0.311193,-1.81831,-0.0813564
2.52,3,1.00507,0.980661,0.499477,-0.0555517,0.0244135
2.52,4,-0.386095,-0.368665,-0.00230779,-0.13829,-0.0174305
2.52,5,-0.00846587,-0.00820944,-0.00418459,-2.67922e-05,-0.000256434
2.53,0,0.0898915,0.0865164,0.0442689,0.00219798,0.00337512
2.53,1,-0.242956,-0.152221,0.27791,-4.46309,-0.0907341
2.53,2,0.56682,0.648182,-0.311192,-1.81848,-0.0813621
2.53,3,1.01005,0.985655,0.499465,-0.0557597,0.0243919
2.53,4,-0.386026,-0.368688,-0.00234268,-0.137536,-0.0173384
2.53,5,-0.00850776,-0.00825128,-0.00418471,-2.69687e-05,-0.000256477
2.54,0,0.0903341,0.0869591,0.0442695,0.00219255,0.00337502
2.54,1,-0.240213,-0.149443,0.27786,-4.46439,-0.0907702
2.54,2,0.563702,0.64507,-0.311191,-1.81865,-0.0813677
2.54,3,1.01502,0.99065,0.499452,-0.0559664,0.0243705
2.54,4,-0.385957,-0.368711,-0.00237746,-0.136779,-0.017246
2.54,5,-0.00854965,-0.00829313,-0.00418483,-2.71425e-05,-0.000256518
2.55,0,0.0907767,0.0874018,0.04427,0.00218686,0.00337492
2.55,1,-0.23747,-0.146664,0.27781,-4.46566,-0.0908058
2.55,2,0.560585,0.641958,-0.31119,-1.81882,-0.0813734
2.55,3,1.01999,0.995644,0.499439,-0.0561717,0.0243492
2.55,4,-0.385889,-0.368735,-0.00241213,-0.136019,-0.0171532
2.55,5,-0.00859154,-0.00833498,-0.00418493,-2.73144e-05,-0.000256559
2.56,0,0.0912193,0.0878445,0.0442706,0.00218092,0.00337482
2.56,1,-0.234727,-0.143887,0.277759,-4.46691,-0.0908409
2.56,2,0.557467,0.638846,-0.31119,-1.81899,-0.0813791
2.56,3,1.02497,1.00064,0.499427,-0.0563758,0.024328
2.56,4,-0.38582,-0.36876,-0.00244668,-0.135257,-0.0170601
2.56,5,-0.00863343,-0.00837683,-0.00418503,-2.7485e-05,-0.000256599
2.57,0,0.0916619,0.0882872,0.0442712,0.00217476,0.00337471
2.57,1,-0.231985,-0.141109,0.277709,-4.46815,-0.0908755
2.57,2,0.554349,0.635734,-0.311189,-1.81916,-0.0813848
2.57,3,1.02994,1.00563,0.499414,-0.0565785,0.024307
2.57,4,-0.385751,-0.368784,-0.00248111,-0.134492,-0.0169666
2.57,5,-0.00867532,-0.00841868,-0.00418511,-2.7655e-05,-0.000256637
2.58,0,0.0921045,0.0887299,0.0442717,0.0021684,0.00337459
2.58,1,-0.229242,-0.138332,0.277658,-4.46936,-0.0909096
2.58,2,0.551232,0.632622,-0.311189,-1.81934,-0.0813905
2.58,3,1.03491,1.01063,0.499401,-0.0567799,0.0242861
2.58,4,-0.385682,-0.368809,-0.00251542,-0.133725,-0.0168728
2.58,5,-0.00871721,-0.00846053,-0.00418517,-2.7825e-05,-0.000256675
2.59,0,0.0925471,0.0891726,0.0442723,0.00216184,0.00337447
2.59,1,-0.226499,-0.135556,0.277607,-4.47055,-0.0909432
2.59,2,0.548114,0.62951,-0.311189,-1.81951,-0.0813961
2.59,3,1.03989,1.01562,0.499388,-0.0569799,0.0242653
2.59,4,-0.385613,-0.368835,-0.00254961,-0.132955,-0.0167787
2.59,5,-0.0087591,-0.00850238,-0.00418523,-2.79956e-05,-0.000256713
2.6,0,0.0929897,0.0896153,0.0442728,0.0021551,0.00337434
2.6,1,-0.223757,-0.13278,0.277555,-4.47172,-0.0909763
2.6,2,0.544997,0.626398,-0.311189,-1.81968,-0.0814018
2.6,3,1.04486,1.02061,0.499375,-0.0571787,0.0242446
2.6,4,-0.385545,-0.36886,-0.00258366,-0.132182,-0.0166842
2.6,5,-0.00880099,-0.00854424,-0.00418527,-2.81674e-05,-0.00025675
2.61,0,0.0934323,0.0900581,0.0442733,0.00214822,0.0033742
2.61,1,-0.221014,-0.130005,0.277504,-4.47287,-0.0910088
2.61,2,0.541879,0.623287,-0.311189,-1.81985,-0.0814075
2.61,3,1.04983,1.02561,0.499362,-0.057376,0.0242241
2.61,4,-0.385476,-0.368886,-0.00261756,-0.131406,-0.0165894
2.61,5,-0.00884288,-0.00858609,-0.00418531,-2.83408e-05,-0.000256786
2.62,0,0.0938749,0.0905008,0.0442738,0.0021412,0.00337406
2.62,1,-0.218271,-0.12723,0.277452,-4.47399,-0.0910409
2.62,2,0.538761,0.620175,-0.311189,-1.82002,-0.0814132
2.62,3,1.05481,1.0306,0.499349,-0.0575721,0.0242037
2.62,4,-0.385407,-0.368913,-0.00265132,-0.130628,-0.0164942
2.62,5,-0.00888477,-0.00862794,-0.00418533,-2.85163e-05,-0.000256823
2.63,0,0.0943175,0.0909435,0.0442743,0.00213406,0.00337392
2.63,1,-0.215528,-0.124456,0.277401,-4.4751,-0.0910724
2.63,2,0.535644,0.617063,-0.311189,-1.82019,-0.0814189
2.63,3,1.05978,1.0356,0.499335,-0.0577667,0.0241834
2.63,4,-0.385338,-0.36894,-0.00268493,-0.129847,-0.0163987
2.63,5,-0.00892666,-0.0086698,-0.00418534,-2.86943e-05,-0.000256859
2.64,0,0.0947601,0.0913863,0.0442747,0.00212683,0.00337377
2.64,1,-0.212786,-0.121682,0.277349,-4.47618,-0.0911034
2.64,2,0.532526,0.613951,-0.31119,-1.82036,-0.0814246
2.64,3,1.06475,1.04059,0.499322,-0.05796,0.0241633
2.64,4,-0.385269,-0.368967,-0.00271837,-0.129064,-0.0163029
2.64,5,-0.00896855,-0.00871165,-0.00418534,-2.8875e-05,-0.000256895
2.65,0,0.0952027,0.091829,0.0442751,0.00211952,0.00337362
2.65,1,-0.210043,-0.118909,0.277297,-4.47725,-0.0911339
2.65,2,0.529409,0.610839,-0.31119,-1.82053,-0.0814303
2.65,3,1.06973,1.04558,0.499309,-0.058152,0.0241433
2.65,4,-0.385201,-0.368994,-0.00275165,-0.128278,-0.0162067
2.65,5,-0.00901043,-0.0087535,-0.00418533,-2.90588e-05,-0.000256931
2.66,0,0.0956453,0.0922718,0.0442755,0.00211215,0.00337347
2.66,1,-0.2073,-0.116136,0.277245,-4.47829,-0.0911639
2.66,2,0.526291,0.607727,-0.311191,-1.8207,-0.081436
2.66,3,1.0747,1.05057,0.499295,-0.0583425,0.0241235
2.66,4,-0.385132,-0.369022,-0.00278475,-0.127489,-0.0161102
2.66,5,-0.00905232,-0.00879536,-0.00418531,-2.92459e-05,-0.000256968
2.67,0,0.0960879,0.0927145,0.0442758,0.00210473,0.00337331
2.67,1,-0.204558,-0.113364,0.277192,-4.47931,-0.0911933
2.67,2,0.523174,0.604615,-0.311191,-1.82087,-0.0814416
2.67,3,1.07967,1.05557,0.499282,-0.0585317,0.0241037
2.67,4,-0.385063,-0.36905,-0.00281767,-0.126698,-0.0160134
2.67,5,-0.00909421,-0.00883721,-0.00418528,-2.94365e-05,-0.000257004
2.68,0,0.0965305,0.0931573,0.0442761,0.00209729,0.00337314
2.68,1,-0.201815,-0.110593,0.27714,-4.48031,-0.0912223
2.68,2,0.520056,0.601503,-0.311192,-1.82104,-0.0814473
2.68,3,1.08464,1.06056,0.499268,-0.0587195,0.0240841
2.68,4,-0.384994,-0.369078,-0.00285039,-0.125904,-0.0159162
2.68,5,-0.0091361,-0.00887906,-0.00418525,-2.96307e-05,-0.000257041
2.69,0,0.096973,0.0936001,0.0442764,0.00208983,0.00337298
2.69,1,-0.199072,-0.107822,0.277088,-4.48129,-0.0912507
2.69,2,0.516938,0.598391,-0.311192,-1.8212,-0.081453
2.69,3,1.08962,1.06555,0.499255,-0.0589059,0.0240647
2.69,4,-0.384925,-0.369107,-0.00288292,-0.125108,-0.0158187
2.69,5,-0.00917799,-0.00892091,-0.00418521,-2.98286e-05,-0.000257078
2.7,0,0.0974156,0.0940428,0.0442767,0.00208237,0.00337281
2.7,1,-0.196329,-0.105051,0.277036,-4.48225,-0.0912785
2.7,2,0.513821,0.595279,-0.311193,-1.82137,-0.0814586
2.7,3,1.09459,1.07055,0.499241,-0.0590909,0.0240454
2.7,4,-0.384857,-0.369136,-0.00291525,-0.12431,-0.0157209
2.7,5,-0.00921988,-0.00896277,-0.00418517,-3.00302e-05,-0.000257116
2.71,0,0.0978582,0.0944856,0.0442769,0.00207493,0.00337264
2.71,1,-0.193587,-0.102281,0.276983,-4.48319,-0.0913059
2.71,2,0.510703,0.592168,-0.311194,-1.82154,-0.0814642
2.71,3,1.09956,1.07554,0.499227,-0.0592746,0.0240262
2.71,4,-0.384788,-0.369165,-0.00294736,-0.123508,-0.0156228
2.71,5,-0.00926177,-0.00900462,-0.00418512,-3.02355e-05,-0.000257154
2.72,0,0.0983008,0.0949284,0.044277,0.0020675,0.00337247
2.72,1,-0.190844,-0.0995113,0.276931,-4.4841,-0.0913327
2.72,2,0.507586,0.589056,-0.311194,-1.82171,-0.0814699
2.72,3,1.10454,1.08053,0.499214,-0.0594568,0.0240071
2.72,4,-0.384719,-0.369195,-0.00297926,-0.122705,-0.0155243
2.72,5,-0.00930366,-0.00904647,-0.00418506,-3.04445e-05,-0.000257193
2.73,0,0.0987434,0.0953711,0.0442772,0.00206011,0.00337229
2.73,1,-0.188101,-0.0967423,0.276879,-4.485,-0.091359
2.73,2,0.504468,0.585944,-0.311195,-1.82188,-0.0814755
2.73,3,1.10951,1.08552,0.4992,-0.0596376,0.0239882
2.73,4,-0.38465,-0.369225,-0.00301094,-0.121899,-0.0154256
2.73,5,-0.00934555,-0.00908832,-0.00418501,-3.06571e-05,-0.000257232
2.74,0,0.099186,0.0958139,0.0442773,0.00205277,0.00337212
2.74,1,-0.185359,-0.0939738,0.276826,-4.48587,-0.0913848
2.74,2,0.501351,0.582832,-0.311196,-1.82204,-0.0814811
2.74,3,1.11448,1.09051,0.499186,-0.0598171,0.0239695
2.74,4,-0.384581,-0.369255,-0.00304239,-0.121091,-0.0153265
2.74,5,-0.00938744,-0.00913017,-0.00418495,-3.08732e-05,-0.000257272
2.75,0,0.0996286,0.0962567,0.0442774,0.00204547,0.00337194
2.75,1,-0.182616,-0.0912058,0.276774,-4.48673,-0.0914101
2.75,2,0.498233,0.57972,-0.311197,-1.82221,-0.0814868
2.75,3,1.11946,1.09551,0.499172,-0.0599951,0.0239508
2.75,4,-0.384513,-0.369286,-0.00307361,-0.12028,-0.0152271
2.75,5,-0.00942933,-0.00917202,-0.00418489,-3.10927e-05,-0.000257312
2.76,0,0.100071,0.0966995,0.0442774,0.00203823,0.00337176
2.76,1,-0.179873,-0.0884384,0.276721,-4.48756,-0.0914348
2.76,2,0.495115,0.576608,-0.311197,-1.82238,-0.0814924
2.76,3,1.12443,1.1005,0.499158,-0.0601717,0.0239323
2.76,4,-0.384444,-0.369316,-0.00310459,-0.119467,-0.0151274
2.76,5,-0.00947122,-0.00921387,-0.00418483,-3.13154e-05,-0.000257353
2.77,0,0.100514,0.0971422,0.0442775,0.00203106,0.00337159
2.77,1,-0.177131,-0.0856715,0.276669,-4.48837,-0.0914591
2.77,2,0.491998,0.573496,-0.311198,-1.82254,-0.081498
2.77,3,1.1294,1.10549,0.499144,-0.0603469,0.023914
2.77,4,-0.384375,-0.369348,-0.00313533,-0.118651,-0.0150273
2.77,5,-0.00951311,-0.00925571,-0.00418477,-3.15411e-05,-0.000257394
2.78,0,0.100956,0.097585,0.0442775,0.00202395,0.00337141
2.78,1,-0.174388,-0.082905,0.276617,-4.48916,-0.0914828
2.78,2,0.48888,0.570384,-0.311198,-1.82271,-0.0815036
2.78,3,1.13438,1.11048,0.49913,-0.0605206,0.0238958
2.78,4,-0.384306,-0.369379,-0.00316583,-0.117833,-0.014927
2.78,5,-0.009555,-0.00929756,-0.00418471,-3.17696e-05,-0.000257437
2.79,0,0.101399,0.0980278,0.0442774,0.00201691,0.00337123
2.79,1,-0.171645,-0.0801392,0.276565,-4.48993,-0.0915059
2.79,2,0.485763,0.567272,-0.311199,-1.82288,-0.0815092
2.79,3,1.13935,1.11547,0.499116,-0.0606929,0.0238777
2.79,4,-0.384237,-0.369411,-0.00319608,-0.117013,-0.0148264
2.79,5,-0.00959689,-0.00933941,-0.00418465,-3.20007e-05,-0.000257479
2.8,0,0.101842,0.0984706,0.0442774,0.00200993,0.00337105
2.8,1,-0.168902,-0.0773738,0.276513,-4.49068,-0.0915286
2.8,2,0.482645,0.56416,-0.311199,-1.82304,-0.0815147
2.8,3,1.14432,1.12046,0.499102,-0.0608638,0.0238598
2.8,4,-0.384169,-0.369443,-0.00322607,-0.116191,-0.0147255
2.8,5,-0.00963878,-0.00938125,-0.0041846,-3.22342e-05,-0.000257523
2.81,0,0.102284,0.0989133,0.0442774,0.00200303,0.00337088
2.81,1,-0.16616,-0.074609,0.276461,-4.49141,-0.0915507
2.81,2,0.479527,0.561048,-0.3112,-1.82321,-0.0815203
2.81,3,1.1493,1.12545,0.499088,-0.0610333,0.023842
2.81,4,-0.3841,-0.369476,-0.00325582,-0.115366,-0.0146242
2.81,5,-0.00968067,-0.0094231,-0.00418454,-3.24698e-05,-0.000257566
2.82,0,0.102727,0.0993561,0.0442773,0.00199621,0.0033707
2.82,1,-0.163417,-0.0718446,0.276409,-4.49212,-0.0915723
2.82,2,0.47641,0.557936,-0.3112,-1.82338,-0.0815259
2.82,3,1.15427,1.13044,0.499074,-0.0612013,0.0238243
2.82,4,-0.384031,-0.369508,-0.00328531,-0.114539,-0.0145227
2.82,5,-0.00972256,-0.00946495,-0.00418449,-3.27074e-05,-0.000257611
2.83,0,0.103169,0.0997989,0.0442772,0.00198945,0.00337053
2.83,1,-0.160674,-0.0690808,0.276357,-4.49281,-0.0915934
2.83,2,0.473292,0.554824,-0.311201,-1.82354,-0.0815315
2.83,3,1.15924,1.13544,0.49906,-0.0613679,0.0238068
2.83,4,-0.383962,-0.369541,-0.00331454,-0.11371,-0.0144209
2.83,5,-0.00976445,-0.00950679,-0.00418444,-3.29466e-05,-0.000257656
2.84,0,0.103612,0.100242,0.0442771,0.00198276,0.00337035
2.84,1,-0.157932,-0.0663176,0.276305,-4.49347,-0.091614
2.84,2,0.470175,0.551712,-0.311201,-1.82371,-0.0815371
2.84,3,1.16422,1.14043,0.499046,-0.061533,0.0237894
2.84,4,-0.383893,-0.369575,-0.00334351,-0.112879,-0.0143188
2.84,5,-0.00980634,-0.00954863,-0.00418439,-3.31872e-05,-0.000257701
2.85,0,0.104055,0.100684,0.044277,0.00197614,0.00337018
2.85,1,-0.155189,-0.0635548,0.276253,-4.49412,-0.091634
2.85,2,0.467057,0.5486,-0.311201,-1.82388,-0.0815426
2.85,3,1.16919,1.14542,0.499031,-0.0616966,0.0237722
2.85,4,-0.383825,-0.369608,-0.00337223,-0.112045,-0.0142164
2.85,5,-0.00984822,-0.00959048,-0.00418435,-3.3429e-05,-0.000257747
2.86,0,0.104497,0.101127,0.0442769,0.00196957,0.00337001
2.86,1,-0.152446,-0.0607925,0.276201,-4.49475,-0.0916536
2.86,2,0.46394,0.545488,-0.311201,-1.82404,-0.0815482
2.86,3,1.17416,1.15041,0.499017,-0.0618588,0.0237551
2.86,4,-0.383756,-0.369642,-0.00340068,-0.111209,-0.0141137
2.86,5,-0.00989011,-0.00963232,-0.00418431,-3.36718e-05,-0.000257793
2.87,0,0.10494,0.10157,0.0442768,0.00196307,0.00336984
2.87,1,-0.149703,-0.0580308,0.27615,-4.49535,-0.0916726
2.87,2,0.460822,0.542376,-0.311201,-1.82421,-0.0815538
2.87,3,1.17913,1.1554,0.499003,-0.0620196,0.0237382
2.87,4,-0.383687,-0.369676,-0.00342887,-0.110372,-0.0140107
2.87,5,-0.009932,-0.00967416,-0.00418428,-3.39153e-05,-0.00025784
2.88,0,0.105382,0.102013,0.0442767,0.00195662,0.00336967
2.88,1,-0.146961,-0.0552696,0.276098,-4.49594,-0.0916911
2.88,2,0.457704,0.539264,-0.311201,-1.82438,-0.0815593
2.88,3,1.18411,1.16039,0.498988,-0.0621788,0.0237214
2.88,4,-0.383618,-0.369711,-0.0034568,-0.109532,-0.0139075
2.88,5,-0.00997389,-0.00971601,-0.00418425,-3.41594e-05,-0.000257887
2.89,0,0.105825,0.102455,0.0442765,0.00195022,0.0033695
2.89,1,-0.144218,-0.0525089,0.276047,-4.4965,-0.0917091
2.89,2,0.454587,0.536152,-0.311201,-1.82454,-0.0815649
2.89,3,1.18908,1.16538,0.498974,-0.0623366,0.0237048
2.89,4,-0.383549,-0.369745,-0.00348447,-0.10869,-0.013804
2.89,5,-0.0100158,-0.00975785,-0.00418422,-3.44037e-05,-0.000257934
2.9,0,0.106268,0.102898,0.0442764,0.00194387,0.00336933
2.9,1,-0.141475,-0.0497487,0.275996,-4.49705,-0.0917266
2.9,2,0.451469,0.53304,-0.311201,-1.82471,-0.0815705
2.9,3,1.19405,1.17037,0.498959,-0.062493,0.0236882
2.9,4,-0.383481,-0.36978,-0.00351188,-0.107846,-0.0137002
2.9,5,-0.0100577,-0.00979969,-0.00418419,-3.46482e-05,-0.000257981
2.91,0,0.10671,0.103341,0.0442763,0.00193755,0.00336916
2.91,1,-0.138733,-0.046989,0.275944,-4.49757,-0.0917435
2.91,2,0.448352,0.529928,-0.311201,-1.82488,-0.081576
2.91,3,1.19903,1.17536,0.498945,-0.0626478,0.0236719
2.91,4,-0.383412,-0.369816,-0.00353902,-0.106999,-0.0135961
2.91,5,-0.0100996,-0.00984153,-0.00418417,-3.48926e-05,-0.000258029
2.92,0,0.107153,0.103784,0.0442762,0.00193127,0.003369
2.92,1,-0.13599,-0.0442299,0.275893,-4.49808,-0.09176
2.92,2,0.445234,0.526816,-0.311201,-1.82505,-0.0815816
2.92,3,1.204,1.18034,0.49893,-0.0628012,0.0236557
2.92,4,-0.383343,-0.369851,-0.00356591,-0.106151,-0.0134918
2.92,5,-0.0101415,-0.00988337,-0.00418416,-3.51368e-05,-0.000258077
2.93,0,0.107595,0.104227,0.0442761,0.00192501,0.00336883
2.93,1,-0.133247,-0.0414712,0.275842,-4.49856,-0.0917759
2.93,2,0.442117,0.523704,-0.311201,-1.82521,-0.0815872
2.93,3,1.20897,1.18533,0.498915,-0.062953,0.0236396
2.93,4,-0.383274,-0.369887,-0.00359253,-0.105301,-0.0133872
2.93,5,-0.0101833,-0.00992522,-0.00418415,-3.53806e-05,-0.000258125
2.94,0,0.108038,0.104669,0.044276,0.00191878,0.00336867
2.94,1,-0.130504,-0.0387131,0.275791,-4.49903,-0.0917914
2.94,2,0.438999,0.520592,-0.3112,-1.82538,-0.0815927
2.94,3,1.21395,1.19032,0.498901,-0.0631034,0.0236237
2.94,4,-0.383205,-0.369923,-0.00361889,-0.104449,-0.0132823
2.94,5,-0.0102252,-0.00996706,-0.00418414,-3.5624e-05,-0.000258173
2.95,0,0.108481,0.105112,0.0442759,0.00191256,0.00336851
2.95,1,-0.127762,-0.0359555,0.27574,-4.49947,-0.0918063
2.95,2,0.435881,0.51748,-0.3112,-1.82555,-0.0815983
2.95,3,1.21892,1.19531,0.498886,-0.0632522,0.0236079
2.95,4,-0.383137,-0.369959,-0.003645,-0.103595,-0.0131772
2.95,5,-0.0102671,-0.0100089,-0.00418413,-3.58667e-05,-0.000258221
2.96,0,0.108923,0.105555,0.0442758,0.00190636,0.00336835
2.96,1,-0.125019,-0.0331983,0.275689,-4.4999,-0.0918207
2.96,2,0.432764,0.514368,-0.3112,-1.82572,-0.0816039
2.96,3,1.22389,1.2003,0.498871,-0.0633996,0.0235923
2.96,4,-0.383068,-0.369996,-0.00367084,-0.102739,-0.0130718
2.96,5,-0.010309,-0.0100507,-0.00418413,-3.61087e-05,-0.000258269
2.97,0,0.109366,0.105998,0.0442758,0.00190016,0.00336819
2.97,1,-0.122276,-0.0304417,0.275639,-4.5003,-0.0918346
2.97,2,0.429646,0.511256,-0.311199,-1.82589,-0.0816095
2.97,3,1.22887,1.20529,0.498856,-0.0635455,0.0235768
2.97,4,-0.382999,-0.370033,-0.00369643,-0.101881,-0.0129661
2.97,5,-0.0103509,-0.0100926,-0.00418413,-3.63499e-05,-0.000258318
2.98,0,0.109808,0.10644,0.0442757,0.00189396,0.00336803
2.98,1,-0.119534,-0.0276856,0.275588,-4.50068,-0.091848
2.98,2,0.426529,0.508144,-0.311199,-1.82605,-0.0816151
2.98,3,1.23384,1.21028,0.498841,-0.0636898,0.0235615
2.98,4,-0.38293,-0.37007,-0.00372176,-0.101021,-0.0128602
2.98,5,-0.0103928,-0.0101344,-0.00418413,-3.65902e-05,-0.000258366
2.99,0,0.110251,0.106883,0.0442756,0.00188775,0.00336787
2.99,1,-0.116791,-0.02493,0.275537,-4.50105,-0.0918609
2.99,2,0.423411,0.505032,-0.311198,-1.82622,-0.0816207
2.99,3,1.23881,1.21527,0.498826,-0.0638326,0.0235463
2.99,4,-0.382861,-0.370107,-0.00374683,-0.100159,-0.012754
2.99,5,-0.0104347,-0.0101763,-0.00418414,-3.68296e-05,-0.000258414
3,0,0.110694,0.107326,0.0442756,0.00188153,0.00336771
3,1,-0.114048,-0.0221749,0.275487,-4.50139,-0.0918733
3,2,0.420293,0.50192,-0.311198,-1.82639,-0.0816263
3,3,1.24379,1.22025,0.498811,-0.0639739,0.0235313
3,4,-0.382793,-0.370145,-0.00377164,-0.0992953,-0.0126476
3,5,-0.0104766,-0.0102181,-0.00418414,-3.7068e-05,-0.000258462
3.01,0,0.111136,0.107769,0.0442756,0.0018753,0.00336755
3.01,1,-0.111305,-0.0194203,0.275436,-4.50171,-0.0918851
3.01,2,0.417176,0.498808,-0.311197,-1.82656,-0.0816319
3.01,3,1.24876,1.22524,0.498796,-0.0641137,0.0235164
3.01,4,-0.382724,-0.370183,-0.0037962,-0.0984297,-0.012541
3.01,5,-0.0105185,-0.0102599,-0.00418415,-3.73054e-05,-0.00025851
3.02,0,0.111579,0.108211,0.0442755,0.00186905,0.00336739
3.02,1,-0.108563,-0.0166662,0.275386,-4.50202,-0.0918965
3.02,2,0.414058,0.495696,-0.311197,-1.82673,-0.0816375
3.02,3,1.25373,1.23023,0.498781,-0.0642519,0.0235017
3.02,4,-0.382655,-0.370221,-0.0038205,-0.0975624,-0.0124341
3.02,5,-0.0105603,-0.0103018,-0.00418416,-3.75418e-05,-0.000258558
3.03,0,0.112021,0.108654,0.0442755,0.00186278,0.00336723
3.03,1,-0.10582,-0.0139127,0.275335,-4.5023,-0.0919074
3.03,2,0.410941,0.492584,-0.311196,-1.8269,-0.0816431
3.03,3,1.2587,1.23522,0.498766,-0.0643886,0.0234871
3.03,4,-0.382586,-0.370259,-0.00384455,-0.0966933,-0.0123269
3.03,5,-0.0106022,-0.0103436,-0.00418418,-3.77771e-05,-0.000258606
3.04,0,0.112464,0.109097,0.0442755,0.00185648,0.00336707
3.04,1,-0.103077,-0.0111596,0.275285,-4.50256,-0.0919177
3.04,2,0.407823,0.489472,-0.311196,-1.82707,-0.0816487
3.04,3,1.26368,1.24021,0.498751,-0.0645237,0.0234727
3.04,4,-0.382517,-0.370298,-0.00386835,-0.0958223,-0.0122196
3.04,5,-0.0106441,-0.0103855,-0.00418419,-3.80115e-05,-0.000258654
3.05,0,0.112907,0.10954,0.0442755,0.00185015,0.00336692
3.05,1,-0.100335,-0.00840702,0.275234,-4.50281,-0.0919276
3.05,2,0.404706,0.48636,-0.311195,-1.82724,-0.0816543
3.05,3,1.26865,1.24519,0.498736,-0.0646573,0.0234584
3.05,4,-0.382448,-0.370337,-0.00389189,-0.0949496,-0.0121119
3.05,5,-0.010686,-0.0104273,-0.0041842,-3.82448e-05,-0.000258701
3.06,0,0.113349,0.109982,0.0442755,0.00184379,0.00336676
3.06,1,-0.0975919,-0.00565496,0.275184,-4.50303,-0.091937
3.06,2,0.401588,0.483248,-0.311195,-1.82741,-0.08166
3.06,3,1.27362,1.25018,0.49872,-0.0647894,0.0234443
3.06,4,-0.38238,-0.370376,-0.00391518,-0.0940752,-0.0120041
3.06,5,-0.0107279,-0.0104692,-0.00418422,-3.84772e-05,-0.000258749
3.07,0,0.113792,0.110425,0.0442755,0.00183739,0.0033666
3.07,1,-0.0948492,-0.0029034,0.275134,-4.50323,-0.0919458
3.07,2,0.39847,0.480136,-0.311194,-1.82758,-0.0816656
3.07,3,1.2786,1.25517,0.498705,-0.0649199,0.0234303
3.07,4,-0.382311,-0.370415,-0.00393821,-0.093199,-0.011896
3.07,5,-0.0107698,-0.010511,-0.00418424,-3.87086e-05,-0.000258796
3.08,0,0.114234,0.110868,0.0442756,0.00183096,0.00336644
3.08,1,-0.0921065,-0.000152337,0.275083,-4.50342,-0.0919542
3.08,2,0.395353,0.477024,-0.311193,-1.82775,-0.0816712
3.08,3,1.28357,1.26015,0.49869,-0.0650488,0.0234165
3.08,4,-0.382242,-0.370454,-0.003961,-0.0923212,-0.0117877
3.08,5,-0.0108117,-0.0105528,-0.00418425,-3.89391e-05,-0.000258843
3.09,0,0.114677,0.111311,0.0442756,0.00182449,0.00336628
3.09,1,-0.0893638,0.00259822,0.275033,-4.50358,-0.091962
3.09,2,0.392235,0.473912,-0.311193,-1.82792,-0.0816769
3.09,3,1.28854,1.26514,0.498674,-0.0651762,0.0234028
3.09,4,-0.382173,-0.370494,-0.00398353,-0.0914416,-0.0116792
3.09,5,-0.0108536,-0.0105947,-0.00418427,-3.91688e-05,-0.00025889
3.1,0,0.11512,0.111753,0.0442757,0.00181797,0.00336612
3.1,1,-0.0866211,0.00534827,0.274983,-4.50372,-0.0919693
3.1,2,0.389118,0.4708,-0.311192,-1.82809,-0.0816825
3.1,3,1.29352,1.27013,0.498659,-0.065302,0.0233893
3.1,4,-0.382104,-0.370534,-0.0040058,-0.0905604,-0.0115704
3.1,5,-0.0108955,-0.0106365,-0.00418428,-3.93976e-05,-0.000258937
3.11,0,0.115562,0.112196,0.0442757,0.00181142,0.00336596
3.11,1,-0.0838784,0.00809783,0.274933,-4.50385,-0.0919762
3.11,2,0.386,0.467688,-0.311191,-1.82826,-0.0816882
3.11,3,1.29849,1.27511,0.498643,-0.0654262,0.023376
3.11,4,-0.382036,-0.370574,-0.00402782,-0.0896775,-0.0114614
3.11,5,-0.0109374,-0.0106784,-0.0041843,-3.96258e-05,-0.000258983
3.12,0,0.116005,0.112639,0.0442758,0.00180482,0.0033658
3.12,1,-0.0811357,0.0108469,0.274882,-4.50395,-0.0919825
3.12,2,0.382883,0.464576,-0.311191,-1.82843,-0.0816939
3.12,3,1.30346,1.2801,0.498628,-0.0655489,0.0233628
3.12,4,-0.381967,-0.370615,-0.00404959,-0.088793,-0.0113522
3.12,5,-0.0109792,-0.0107202,-0.00418432,-3.98532e-05,-0.00025903
3.13,0,0.116447,0.113082,0.0442759,0.00179818,0.00336564
3.13,1,-0.0783929,0.0135954,0.274832,-4.50403,-0.0919884
3.13,2,0.379765,0.461464,-0.31119,-1.82861,-0.0816995
3.13,3,1.30844,1.28509,0.498612,-0.0656699,0.0233498
3.13,4,-0.381898,-0.370655,-0.00407111,-0.0879069,-0.0112428
3.13,5,-0.0110211,-0.0107621,-0.00418433,-4.008e-05,-0.000259076
3.14,0,0.11689,0.113524,0.0442759,0.0017915,0.00336548
3.14,1,-0.0756502,0.0163435,0.274782,-4.50409,-0.0919937
3.14,2,0.376647,0.458353,-0.31119,-1.82878,-0.0817052
3.14,3,1.31341,1.29007,0.498597,-0.0657894,0.0233369
3.14,4,-0.381829,-0.370696,-0.00409237,-0.0870192,-0.0111332
3.14,5,-0.011063,-0.0108039,-0.00418435,-4.03063e-05,-0.000259122
3.15,0,0.117333,0.113967,0.044276,0.00178478,0.00336532
3.15,1,-0.0729075,0.019091,0.274732,-4.50414,-0.0919985
3.15,2,0.37353,0.455241,-0.311189,-1.82895,-0.0817109
3.15,3,1.31838,1.29506,0.498581,-0.0659073,0.0233241
3.15,4,-0.38176,-0.370737,-0.00411338,-0.08613,-0.0110233
3.15,5,-0.0111049,-0.0108457,-0.00418436,-4.0532e-05,-0.000259168
3.16,0,0.117775,0.11441,0.0442761,0.00177801,0.00336516
3.16,1,-0.0701648,0.0218381,0.274682,-4.50416,-0.0920029
3.16,2,0.370412,0.452129,-0.311188,-1.82912,-0.0817166
3.16,3,1.32336,1.30004,0.498565,-0.0660236,0.0233116
3.16,4,-0.381692,-0.370778,-0.00413414,-0.0852392,-0.0109133
3.16,5,-0.0111468,-0.0108876,-0.00418437,-4.07574e-05,-0.000259214
3.17,0,0.118218,0.114853,0.0442762,0.0017712,0.00336499
3.17,1,-0.0674221,0.0245846,0.274632,-4.50416,-0.0920067
3.17,2,0.367295,0.449017,-0.311188,-1.82929,-0.0817223
3.17,3,1.32833,1.30503,0.49855,-0.0661382,0.0232992
3.17,4,-0.381623,-0.37082,-0.00415464,-0.0843469,-0.010803
3.17,5,-0.0111887,-0.0109294,-0.00418438,-4.09823e-05,-0.00025926
3.18,0,0.11866,0.115295,0.0442762,0.00176435,0.00336483
3.18,1,-0.0646794,0.0273306,0.274582,-4.50415,-0.09201
3.18,2,0.364177,0.445905,-0.311187,-1.82947,-0.081728
3.18,3,1.3333,1.31002,0.498534,-0.0662513,0.0232869
3.18,4,-0.381554,-0.370861,-0.00417488,-0.0834531,-0.0106926
3.18,5,-0.0112306,-0.0109713,-0.0041844,-4.1207e-05,-0.000259305
3.19,0,0.119103,0.115738,0.0442763,0.00175746,0.00336466
3.19,1,-0.0619367,0.0300762,0.274532,-4.50411,-0.0920129
3.19,2,0.361059,0.442793,-0.311186,-1.82964,-0.0817337
3.19,3,1.33828,1.315,0.498518,-0.0663628,0.0232748
3.19,4,-0.381485,-0.370903,-0.00419487,-0.0825578,-0.0105819
3.19,5,-0.0112725,-0.0110131,-0.00418441,-4.14314e-05,-0.000259351
3.2,0,0.119546,0.116181,0.0442764,0.00175054,0.00336449
3.2,1,-0.059194,0.0328212,0.274482,-4.50405,-0.0920152
3.2,2,0.357942,0.439681,-0.311186,-1.82981,-0.0817394
3.2,3,1.34325,1.31999,0.498502,-0.0664727,0.0232629
3.2,4,-0.381416,-0.370945,-0.0042146,-0.0816611,-0.010471
3.2,5,-0.0113144,-0.011055,-0.00418442,-4.16555e-05,-0.000259396
3.21,0,0.119988,0.116624,0.0442765,0.00174357,0.00336433
3.21,1,-0.0564513,0.0355658,0.274432,-4.50398,-0.092017
3.21,2,0.354824,0.436569,-0.311185,-1.82998,-0.0817452
3.21,3,1.34822,1.32497,0.498486,-0.0665809,0.0232511
3.21,4,-0.381348,-0.370988,-0.00423408,-0.0807629,-0.01036
3.21,5,-0.0113562,-0.0110968,-0.00418442,-4.18796e-05,-0.000259441
3.22,0,0.120431,0.117067,0.0442766,0.00173657,0.00336416
3.22,1,-0.0537085,0.0383098,0.274382,-4.50388,-0.0920184
3.22,2,0.351707,0.433458,-0.311184,-1.83016,-0.0817509
3.22,3,1.35319,1.32996,0.49847,-0.0666875,0.0232395
3.22,4,-0.381279,-0.37103,-0.00425329,-0.0798633,-0.0102487
3.22,5,-0.0113981,-0.0111387,-0.00418443,-4.21035e-05,-0.000259487
3.23,0,0.120873,0.117509,0.0442767,0.00172953,0.00336399
3.23,1,-0.0509658,0.0410534,0.274332,-4.50376,-0.0920192
3.23,2,0.348589,0.430346,-0.311184,-1.83033,-0.0817566
3.23,3,1.35817,1.33494,0.498454,-0.0667925,0.023228
3.23,4,-0.38121,-0.371073,-0.00427225,-0.0789623,-0.0101373
3.23,5,-0.01144,-0.0111805,-0.00418444,-4.23274e-05,-0.000259532
3.24,0,0.121316,0.117952,0.0442768,0.00172246,0.00336382
3.24,1,-0.0482231,0.0437964,0.274282,-4.50363,-0.0920195
3.24,2,0.345472,0.427234,-0.311183,-1.83051,-0.0817624
3.24,3,1.36314,1.33992,0.498438,-0.0668959,0.0232167
3.24,4,-0.381141,-0.371116,-0.00429095,-0.0780599,-0.0100257
3.24,5,-0.0114819,-0.0112223,-0.00418444,-4.25512e-05,-0.000259577
3.25,0,0.121758,0.118395,0.0442769,0.00171536,0.00336365
3.25,1,-0.0454804,0.046539,0.274232,-4.50347,-0.0920194
3.25,2,0.342354,0.424122,-0.311182,-1.83068,-0.0817681
3.25,3,1.36811,1.34491,0.498422,-0.0669976,0.0232056
3.25,4,-0.381072,-0.371159,-0.00430939,-0.0771562,-0.00991386
3.25,5,-0.0115238,-0.0112642,-0.00418445,-4.27751e-05,-0.000259622
3.26,0,0.122201,0.118838,0.0442769,0.00170823,0.00336348
3.26,1,-0.0427377,0.049281,0.274182,-4.50329,-0.0920187
3.26,2,0.339236,0.42101,-0.311182,-1.83085,-0.0817739
3.26,3,1.37309,1.34989,0.498406,-0.0670977,0.0231946
3.26,4,-0.381004,-0.371202,-0.00432757,-0.0762511,-0.00980187
3.26,5,-0.0115657,-0.011306,-0.00418445,-4.2999e-05,-0.000259667
3.27,0,0.122644,0.11928,0.044277,0.00170107,0.0033633
3.27,1,-0.039995,0.0520225,0.274132,-4.5031,-0.0920175
3.27,2,0.336119,0.417899,-0.311181,-1.83103,-0.0817797
3.27,3,1.37806,1.35488,0.49839,-0.0671962,0.0231838
3.27,4,-0.380935,-0.371245,-0.00434548,-0.0753448,-0.00968969
3.27,5,-0.0116076,-0.0113479,-0.00418446,-4.32229e-05,-0.000259712
3.28,0,0.123086,0.119723,0.0442771,0.00169389,0.00336313
3.28,1,-0.0372523,0.0547636,0.274083,-4.50288,-0.0920159
3.28,2,0.333001,0.414787,-0.311181,-1.8312,-0.0817854
3.28,3,1.38303,1.35986,0.498373,-0.067293,0.0231731
3.28,4,-0.380866,-0.371289,-0.00436314,-0.0744371,-0.00957733
3.28,5,-0.0116495,-0.0113897,-0.00418446,-4.3447e-05,-0.000259757
3.29,0,0.123529,0.120166,0.0442772,0.00168667,0.00336296
3.29,1,-0.0345096,0.0575041,0.274033,-4.50265,-0.0920137
3.29,2,0.329884,0.411675,-0.31118,-1.83138,-0.0817912
3.29,3,1.38801,1.36484,0.498357,-0.0673881,0.0231626
3.29,4,-0.380797,-0.371332,-0.00438053,-0.0735282,-0.0094648
3.29,5,-0.0116914,-0.0114316,-0.00418446,-4.36711e-05,-0.000259802
3.3,0,0.123971,0.120609,0.0442773,0.00167944,0.00336278
3.3,1,-0.0317669,0.0602442,0.273983,-4.50239,-0.0920111
3.3,2,0.326766,0.408563,-0.311179,-1.83155,-0.081797
3.3,3,1.39298,1.36983,0.498341,-0.0674817,0.0231523
3.3,4,-0.380728,-0.371376,-0.00439765,-0.072618,-0.0093521
3.3,5,-0.0117333,-0.0114734,-0.00418446,-4.38954e-05,-0.000259847
3.31,0,0.124414,0.121051,0.0442773,0.00167218,0.00336261
3.31,1,-0.0290242,0.0629838,0.273933,-4.50212,-0.0920079
3.31,2,0.323649,0.405451,-0.311179,-1.83173,-0.0818028
3.31,3,1.39795,1.37481,0.498325,-0.0675735,0.0231421
3.31,4,-0.38066,-0.37142,-0.00441452,-0.0717066,-0.00923923
3.31,5,-0.0117751,-0.0115153,-0.00418446,-4.41197e-05,-0.000259892
3.32,0,0.124857,0.121494,0.0442774,0.0016649,0.00336243
3.32,1,-0.0262814,0.0657228,0.273884,-4.50182,-0.0920043
3.32,2,0.320531,0.40234,-0.311178,-1.8319,-0.0818086
3.32,3,1.40293,1.37979,0.498308,-0.0676637,0.0231321
3.32,4,-0.380591,-0.371465,-0.00443111,-0.070794,-0.00912619
3.32,5,-0.011817,-0.0115571,-0.00418446,-4.43442e-05,-0.000259937
3.33,0,0.125299,0.121937,0.0442775,0.00165761,0.00336225
3.33,1,-0.0235387,0.0684614,0.273834,-4.50151,-0.0920001
3.33,2,0.317413,0.399228,-0.311177,-1.83208,-0.0818144
3.33,3,1.4079,1.38478,0.498292,-0.0677523,0.0231223
3.33,4,-0.380522,-0.371509,-0.00444744,-0.0698802,-0.00901299
3.33,5,-0.0118589,-0.0115989,-0.00418446,-4.45688e-05,-0.000259981
3.34,0,0.125742,0.12238,0.0442775,0.00165029,0.00336207
3.34,1,-0.020796,0.0711995,0.273784,-4.50117,-0.0919955
3.34,2,0.314296,0.396116,-0.311176,-1.83225,-0.0818202
3.34,3,1.41287,1.38976,0.498275,-0.0678391,0.0231126
3.34,4,-0.380453,-0.371554,-0.00446351,-0.0689652,-0.00889962
3.34,5,-0.0119008,-0.0116408,-0.00418446,-4.47936e-05,-0.000260026
3.35,0,0.126184,0.122823,0.0442776,0.00164296,0.00336189
3.35,1,-0.0180533,0.073937,0.273735,-4.50082,-0.0919903
3.35,2,0.311178,0.393004,-0.311176,-1.83243,-0.081826
3.35,3,1.41785,1.39474,0.498259,-0.0679244,0.0231031
3.35,4,-0.380384,-0.371598,-0.00447931,-0.0680491,-0.0087861
3.35,5,-0.0119427,-0.0116826,-0.00418446,-4.50184e-05,-0.000260071
3.36,0,0.126627,0.123265,0.0442777,0.00163561,0.00336172
3.36,1,-0.0153106,0.0766741,0.273685,-4.50044,-0.0919847
3.36,2,0.308061,0.389892,-0.311175,-1.8326,-0.0818318
3.36,3,1.42282,1.39973,0.498242,-0.0680079,0.0230938
3.36,4,-0.380316,-0.371643,-0.00449484,-0.0671319,-0.00867242
3.36,5,-0.0119846,-0.0117245,-0.00418446,-4.52433e-05,-0.000260116
3.37,0,0.12707,0.123708,0.0442777,0.00162824,0.00336154
3.37,1,-0.0125679,0.0794107,0.273636,-4.50005,-0.0919786
3.37,2,0.304943,0.386781,-0.311174,-1.83278,-0.0818377
3.37,3,1.42779,1.40471,0.498226,-0.0680897,0.0230846
3.37,4,-0.380247,-0.371688,-0.0045101,-0.0662136,-0.00855858
3.37,5,-0.0120265,-0.0117663,-0.00418446,-4.54683e-05,-0.000260161
3.38,0,0.127512,0.124151,0.0442778,0.00162086,0.00336136
3.38,1,-0.00982519,0.0821468,0.273587,-4.49964,-0.091972
3.38,2,0.301825,0.383669,-0.311174,-1.83296,-0.0818435
3.38,3,1.43277,1.40969,0.498209,-0.0681699,0.0230756
3.38,4,-0.380178,-0.371733,-0.00452509,-0.0652942,-0.0084446
3.38,5,-0.0120684,-0.0118082,-0.00418446,-4.56934e-05,-0.000260206
3.39,0,0.127955,0.124594,0.0442778,0.00161347,0.00336117
3.39,1,-0.00708248,0.0848824,0.273537,-4.4992,-0.0919648
3.39,2,0.298708,0.380557,-0.311173,-1.83313,-0.0818494
3.39,3,1.43774,1.41467,0.498193,-0.0682484,0.0230667
3.39,4,-0.380109,-0.371779,-0.00453981,-0.0643738,-0.00833046
3.39,5,-0.0121103,-0.01185,-0.00418446,-4.59185e-05,-0.000260251
3.4,0,0.128397,0.125036,0.0442779,0.00160607,0.00336099
3.4,1,-0.00433976,0.0876175,0.273488,-4.49875,-0.0919572
3.4,2,0.29559,0.377446,-0.311172,-1.83331,-0.0818552
3.4,3,1.44271,1.41965,0.498176,-0.0683252,0.023058
3.4,4,-0.38004,-0.371824,-0.00455426,-0.0634523,-0.00821618
3.4,5,-0.0121521,-0.0118919,-0.00418445,-4.61436e-05,-0.000260296
3.41,0,0.12884,0.125479,0.0442779,0.00159865,0.00336081
3.41,1,-0.00159705,0.0903521,0.273439,-4.49828,-0.0919491
3.41,2,0.292473,0.374334,-0.311171,-1.83349,-0.0818611
3.41,3,1.44768,1.42464,0.498159,-0.0684004,0.0230495
3.41,4,-0.379972,-0.37187,-0.00456844,-0.0625298,-0.00810176
3.41,5,-0.012194,-0.0119337,-0.00418445,-4.63687e-05,-0.000260341
3.42,0,0.129283,0.125922,0.044278,0.00159122,0.00336063
3.42,1,0.00114566,0.0930862,0.273389,-4.49779,-0.0919405
3.42,2,0.289355,0.371222,-0.31117,-1.83367,-0.0818669
3.42,3,1.45266,1.42962,0.498142,-0.0684738,0.0230412
3.42,4,-0.379903,-0.371916,-0.00458235,-0.0616064,-0.00798719
3.42,5,-0.0122359,-0.0119755,-0.00418445,-4.65938e-05,-0.000260386
3.43,0,0.129725,0.126365,0.044278,0.00158377,0.00336045
3.43,1,0.00388837,0.0958198,0.27334,-4.49728,-0.0919314
3.43,2,0.286238,0.36811,-0.31117,-1.83385,-0.0818728
3.43,3,1.45763,1.4346,0.498126,-0.0685455,0.023033
3.43,4,-0.379834,-0.371962,-0.00459599,-0.0606819,-0.00787249
3.43,5,-0.0122778,-0.0120174,-0.00418445,-4.68188e-05,-0.000260431
3.44,0,0.130168,0.126808,0.0442781,0.00157632,0.00336026
3.44,1,0.00663108,0.0985529,0.273291,-4.49675,-0.0919219
3.44,2,0.28312,0.364999,-0.311169,-1.83402,-0.0818787
3.44,3,1.4626,1.43958,0.498109,-0.0686156,0.023025
3.44,4,-0.379765,-0.372008,-0.00460936,-0.0597566,-0.00775766
3.44,5,-0.0123197,-0.0120592,-0.00418445,-4.70437e-05,-0.000260476
3.45,0,0.13061,0.12725,0.0442781,0.00156886,0.00336008
3.45,1,0.00937379,0.101286,0.273242,-4.4962,-0.0919118
3.45,2,0.280002,0.361887,-0.311168,-1.8342,-0.0818846
3.45,3,1.46758,1.44456,0.498092,-0.0686839,0.0230171
3.45,4,-0.379696,-0.372054,-0.00462245,-0.0588303,-0.00764269
3.45,5,-0.0123616,-0.0121011,-0.00418445,-4.72685e-05,-0.000260521
3.46,0,0.131053,0.127693,0.0442781,0.00156138,0.0033599
3.46,1,0.0121165,0.104018,0.273193,-4.49563,-0.0919012
3.46,2,0.276885,0.358775,-0.311167,-1.83438,-0.0818905
3.46,3,1.47255,1.44954,0.498075,-0.0687506,0.0230095
3.46,4,-0.379628,-0.3721,-0.00463527,-0.0579031,-0.00752759
3.46,5,-0.0124035,-0.0121429,-0.00418445,-4.74932e-05,-0.000260566
3.47,0,0.131496,0.128136,0.0442782,0.00155389,0.00335971
3.47,1,0.0148592,0.106749,0.273144,-4.49504,-0.0918902
3.47,2,0.273767,0.355664,-0.311166,-1.83456,-0.0818964
3.47,3,1.47752,1.45452,0.498058,-0.0688155,0.023002
3.47,4,-0.379559,-0.372146,-0.00464781,-0.056975,-0.00741237
3.47,5,-0.0124454,-0.0121848,-0.00418446,-4.77177e-05,-0.000260611
3.48,0,0.131938,0.128579,0.0442782,0.00154639,0.00335953
3.48,1,0.0176019,0.109481,0.273095,-4.49443,-0.0918786
3.48,2,0.27065,0.352552,-0.311165,-1.83474,-0.0819023
3.48,3,1.4825,1.4595,0.498041,-0.0688787,0.0229946
3.48,4,-0.37949,-0.372193,-0.00466009,-0.0560461,-0.00729702
3.48,5,-0.0124873,-0.0122266,-0.00418446,-4.7942e-05,-0.000260656
3.49,0,0.132381,0.129021,0.0442783,0.00153888,0.00335934
3.49,1,0.0203446,0.112211,0.273046,-4.4938,-0.0918666
3.49,2,0.267532,0.34944,-0.311164,-1.83492,-0.0819083
3.49,3,1.48747,1.46448,0.498024,-0.0689402,0.0229874
3.49,4,-0.379421,-0.37224,-0.00467208,-0.0551163,-0.00718155
3.49,5,-0.0125292,-0.0122685,-0.00418446,-4.81661e-05,-0.000260701
3.5,0,0.132823,0.129464,0.0442783,0.00153136,0.00335916
3.5,1,0.0230873,0.114941,0.272997,-4.49315,-0.0918541
3.5,2,0.264415,0.346329,-0.311164,-1.8351,-0.0819142
3.5,3,1.49244,1.46946,0.498007,-0.069,0.0229804
3.5,4,-0.379352,-0.372286,-0.00468381,-0.0541858,-0.00706596
3.5,5,-0.012571,-0.0123103,-0.00418446,-4.83899e-05,-0.000260746
3.51,0,0.133266,0.129907,0.0442783,0.00152382,0.00335897
3.51,1,0.02583,0.117671,0.272948,-4.49249,-0.0918411
3.51,2,0.261297,0.343217,-0.311163,-1.83528,-0.0819202
3.51,3,1.49742,1.47444,0.49799,-0.0690581,0.0229736
3.51,4,-0.379284,-0.372333,-0.00469525,-0.0532544,-0.00695026
3.51,5,-0.0126129,-0.0123521,-0.00418446,-4.86134e-05,-0.000260791
3.52,0,0.133709,0.13035,0.0442784,0.00151627,0.00335878
3.52,1,0.0285728,0.1204,0.2729,-4.4918,-0.0918276
3.52,2,0.258179,0.340105,-0.311162,-1.83546,-0.0819261
3.52,3,1.50239,1.47942,0.497973,-0.0691144,0.022967
3.52,4,-0.379215,-0.37238,-0.00470643,-0.0523223,-0.00683444
3.52,5,-0.0126548,-0.012394,-0.00418447,-4.88366e-05,-0.000260835
3.53,0,0.134151,0.130793,0.0442784,0.00150871,0.0033586
3.53,1,0.0313155,0.123129,0.272851,-4.4911,-0.0918136
3.53,2,0.255062,0.336994,-0.311161,-1.83564,-0.0819321
3.53,3,1.50736,1.4844,0.497956,-0.0691691,0.0229605
3.53,4,-0.379146,-0.372427,-0.00471732,-0.0513894,-0.00671851
3.53,5,-0.0126967,-0.0124358,-0.00418447,-4.90595e-05,-0.00026088
3.54,0,0.134594,0.131235,0.0442784,0.00150113,0.00335841
3.54,1,0.0340582,0.125857,0.272802,-4.49037,-0.0917991
3.54,2,0.251944,0.333882,-0.31116,-1.83582,-0.0819381
3.54,3,1.51234,1.48938,0.497939,-0.069222,0.0229542
3.54,4,-0.379077,-0.372475,-0.00472794,-0.0504559,-0.00660248
3.54,5,-0.0127386,-0.0124777,-0.00418448,-4.9282e-05,-0.000260925
3.55,0,0.135036,0.131678,0.0442785,0.00149355,0.00335822
3.55,1,0.0368009,0.128585,0.272754,-4.48963,-0.0917842
3.55,2,0.248827,0.330771,-0.311159,-1.836,-0.0819441
3.55,3,1.51731,1.49436,0.497922,-0.0692731,0.022948
3.55,4,-0.379008,-0.372522,-0.00473829,-0.0495216,-0.00648634
3.55,5,-0.0127805,-0.0125195,-0.00418448,-4.95042e-05,-0.00026097
3.56,0,0.135479,0.132121,0.0442785,0.00148594,0.00335804
3.56,1,0.0395436,0.131312,0.272705,-4.48887,-0.0917687
3.56,2,0.245709,0.327659,-0.311158,-1.83619,-0.08195
3.56,3,1.52228,1.49934,0.497905,-0.0693226,0.022942
3.56,4,-0.37894,-0.372569,-0.00474836,-0.0485866,-0.0063701
3.56,5,-0.0128224,-0.0125614,-0.00418449,-4.97259e-05,-0.000261014
3.57,0,0.135922,0.132564,0.0442785,0.00147832,0.00335785
3.57,1,0.0422863,0.134039,0.272657,-4.48808,-0.0917528
3.57,2,0.242591,0.324548,-0.311157,-1.83637,-0.0819561
3.57,3,1.52726,1.50432,0.497888,-0.0693703,0.0229362
3.57,4,-0.378871,-0.372617,-0.00475815,-0.047651,-0.00625376
3.57,5,-0.0128643,-0.0126032,-0.00418449,-4.99472e-05,-0.000261059
3.58,0,0.136364,0.133007,0.0442786,0.00147069,0.00335766
3.58,1,0.045029,0.136765,0.272608,-4.48728,-0.0917364
3.58,2,0.239474,0.321436,-0.311156,-1.83655,-0.0819621
3.58,3,1.53223,1.5093,0.49787,-0.0694162,0.0229306
3.58,4,-0.378802,-0.372665,-0.00476766,-0.0467148,-0.00613732
3.58,5,-0.0129062,-0.0126451,-0.0041845,-5.01681e-05,-0.000261104
3.59,0,0.136807,0.133449,0.0442786,0.00146304,0.00335747
3.59,1,0.0477717,0.139491,0.27256,-4.48646,-0.0917195
3.59,2,0.236356,0.318324,-0.311155,-1.83673,-0.0819681
3.59,3,1.5372,1.51428,0.497853,-0.0694604,0.0229252
3.59,4,-0.378733,-0.372712,-0.0047769,-0.0457779,-0.00602079
3.59,5,-0.012948,-0.0126869,-0.00418451,-5.03885e-05,-0.000261148
3.6,0,0.137249,0.133892,0.0442786,0.00145537,0.00335728
3.6,1,0.0505144,0.142217,0.272512,-4.48562,-0.0917021
3.6,2,0.233239,0.315213,-0.311153,-1.83692,-0.0819741
3.6,3,1.54217,1.51925,0.497836,-0.0695029,0.0229199
3.6,4,-0.378664,-0.37276,-0.00478586,-0.0448404,-0.00590417
3.6,5,-0.0129899,-0.0127287,-0.00418451,-5.06084e-05,-0.000261192
3.61,0,0.137692,0.134335,0.0442787,0.00144769,0.00335709
3.61,1,0.0532571,0.144941,0.272463,-4.48476,-0.0916843
3.61,2,0.230121,0.312101,-0.311152,-1.8371,-0.0819802
3.61,3,1.54715,1.52423,0.497819,-0.0695437,0.0229148
3.61,4,-0.378596,-0.372808,-0.00479454,-0.0439024,-0.00578746
3.61,5,-0.0130318,-0.0127706,-0.00418452,-5.08278e-05,-0.000261237
3.62,0,0.138135,0.134778,0.0442787,0.00143999,0.0033569
3.62,1,0.0559999,0.147666,0.272415,-4.48388,-0.0916659
3.62,2,0.227004,0.30899,-0.311151,-1.83728,-0.0819863
3.62,3,1.55212,1.52921,0.497801,-0.0695826,0.0229098
3.62,4,-0.378527,-0.372856,-0.00480294,-0.0429639,-0.00567067
3.62,5,-0.0130737,-0.0128124,-0.00418453,-5.10467e-05,-0.000261281
3.63,0,0.138577,0.13522,0.0442787,0.00143227,0.00335671
3.63,1,0.0587426,0.15039,0.272367,-4.48299,-0.0916471
3.63,2,0.223886,0.305878,-0.31115,-1.83747,-0.0819923
3.63,3,1.55709,1.53419,0.497784,-0.0696199,0.0229051
3.63,4,-0.378458,-0.372904,-0.00481107,-0.0420248,-0.00555379
3.63,5,-0.0131156,-0.0128543,-0.00418454,-5.12651e-05,-0.000261325
3.64,0,0.13902,0.135663,0.0442788,0.00142453,0.00335652
3.64,1,0.0614853,0.153113,0.272319,-4.48207,-0.0916278
3.64,2,0.220768,0.302767,-0.311149,-1.83765,-0.0819984
3.64,3,1.56207,1.53917,0.497767,-0.0696553,0.0229005
3.64,4,-0.378389,-0.372952,-0.00481892,-0.0410852,-0.00543684
3.64,5,-0.0131575,-0.0128961,-0.00418455,-5.1483e-05,-0.000261369
3.65,0,0.139462,0.136106,0.0442788,0.00141678,0.00335633
3.65,1,0.064228,0.155836,0.272271,-4.48113,-0.091608
3.65,2,0.217651,0.299655,-0.311148,-1.83784,-0.0820045
3.65,3,1.56704,1.54414,0.497749,-0.0696891,0.022896
3.65,4,-0.37832,-0.373001,-0.00482649,-0.0401452,-0.0053198
3.65,5,-0.0131994,-0.012938,-0.00418456,-5.17003e-05,-0.000261413
3.66,0,0.139905,0.136549,0.0442789,0.001409,0.00335614
3.66,1,0.0669707,0.158558,0.272223,-4.48018,-0.0915878
3.66,2,0.214533,0.296544,-0.311147,-1.83802,-0.0820106
3.66,3,1.57201,1.54912,0.497732,-0.069721,0.0228918
3.66,4,-0.378252,-0.373049,-0.00483378,-0.0392047,-0.00520269
3.66,5,-0.0132413,-0.0129798,-0.00418456,-5.19171e-05,-0.000261457
3.67,0,0.140348,0.136992,0.0442789,0.00140121,0.00335595
3.67,1,0.0697134,0.16128,0.272175,-4.47921,-0.091567
3.67,2,0.211416,0.293432,-0.311146,-1.83821,-0.0820167
3.67,3,1.57699,1.5541,0.497714,-0.0697512,0.0228877
3.67,4,-0.378183,-0.373097,-0.00484079,-0.0382637,-0.00508552
3.67,5,-0.0132832,-0.0130217,-0.00418457,-5.21333e-05,-0.000261501
3.68,0,0.14079,0.137434,0.044279,0.00139339,0.00335576
3.68,1,0.0724561,0.164002,0.272127,-4.47821,-0.0915458
3.68,2,0.208298,0.290321,-0.311144,-1.8384,-0.0820229
3.68,3,1.58196,1.55908,0.497697,-0.0697797,0.0228838
3.68,4,-0.378114,-0.373146,-0.00484752,-0.0373224,-0.00496827
3.68,5,-0.0133251,-0.0130635,-0.00418458,-5.23489e-05,-0.000261545
3.69,0,0.141233,0.137877,0.044279,0.00138555,0.00335556
3.69,1,0.0751988,0.166723,0.272079,-4.4772,-0.0915241
3.69,2,0.205181,0.28721,-0.311143,-1.83858,-0.082029
3.69,3,1.58693,1.56405,0.497679,-0.0698064,0.0228801
3.69,4,-0.378045,-0.373194,-0.00485398,-0.0363806,-0.00485095
3.69,5,-0.0133669,-0.0131054,-0.00418459,-5.2564e-05,-0.000261588
3.7,0,0.141675,0.13832,0.044279,0.0013777,0.00335537
3.7,1,0.0779415,0.169443,0.272032,-4.47617,-0.0915019
3.7,2,0.202063,0.284098,-0.311142,-1.83877,-0.0820351
3.7,3,1.59191,1.56903,0.497662,-0.0698313,0.0228766
3.7,4,-0.377976,-0.373243,-0.00486015,-0.0354385,-0.00473358
3.7,5,-0.0134088,-0.0131472,-0.0041846,-5.27785e-05,-0.000261632
3.71,0,0.142118,0.138763,0.0442791,0.00136982,0.00335518
3.71,1,0.0806843,0.172164,0.271984,-4.47512,-0.0914793
3.71,2,0.198945,0.280987,-0.311141,-1.83896,-0.0820413
3.71,3,1.59688,1.57401,0.497644,-0.0698544,0.0228732
3.71,4,-0.377908,-0.373291,-0.00486604,-0.0344961,-0.00461614
3.71,5,-0.0134507,-0.013189,-0.00418462,-5.29924e-05,-0.000261675
3.72,0,0.142561,0.139206,0.0442791,0.00136192,0.00335498
3.72,1,0.083427,0.174883,0.271936,-4.47405,-0.0914561
3.72,2,0.195828,0.277875,-0.31114,-1.83915,-0.0820475
3.72,3,1.60185,1.57898,0.497627,-0.0698758,0.02287
3.72,4,-0.377839,-0.37334,-0.00487166,-0.0335533,-0.00449865
3.72,5,-0.0134926,-0.0132309,-0.00418463,-5.32056e-05,-0.000261719
3.73,0,0.143003,0.139648,0.0442792,0.001354,0.00335479
3.73,1,0.0861697,0.177602,0.271889,-4.47297,-0.0914325
3.73,2,0.19271,0.274764,-0.311138,-1.83933,-0.0820537
3.73,3,1.60683,1.58396,0.497609,-0.0698954,0.022867
3.73,4,-0.37777,-0.373389,-0.00487699,-0.0326103,-0.0043811
3.73,5,-0.0135345,-0.0132727,-0.00418464,-5.34183e-05,-0.000261762
3.74,0,0.143446,0.140091,0.0442792,0.00134606,0.00335459
3.74,1,0.0889124,0.180321,0.271841,-4.47186,-0.0914084
3.74,2,0.189593,0.271653,-0.311137,-1.83952,-0.0820599
3.74,3,1.6118,1.58893,0.497591,-0.0699132,0.0228642
3.74,4,-0.377701,-0.373438,-0.00488205,-0.031667,-0.0042635
3.74,5,-0.0135764,-0.0133146,-0.00418465,-5.36304e-05,-0.000261805
3.75,0,0.143888,0.140534,0.0442793,0.00133809,0.0033544
3.75,1,0.0916551,0.183039,0.271794,-4.47074,-0.0913839
3.75,2,0.186475,0.268541,-0.311136,-1.83971,-0.0820661
3.75,3,1.61677,1.59391,0.497574,-0.0699292,0.0228615
3.75,4,-0.377632,-0.373486,-0.00488682,-0.0307234,-0.00414585
3.75,5,-0.0136183,-0.0133564,-0.00418466,-5.38419e-05,-0.000261848
3.76,0,0.144331,0.140977,0.0442793,0.00133011,0.0033542
3.76,1,0.0943978,0.185757,0.271746,-4.46959,-0.0913588
3.76,2,0.183357,0.26543,-0.311135,-1.8399,-0.0820723
3.76,3,1.62175,1.59889,0.497556,-0.0699435,0.022859
3.76,4,-0.377564,-0.373535,-0.00489132,-0.0297796,-0.00402815
3.76,5,-0.0136602,-0.0133983,-0.00418467,-5.40528e-05,-0.000261891
3.77,0,0.144774,0.14142,0.0442794,0.0013221,0.00335401
3.77,1,0.0971405,0.188474,0.271699,-4.46843,-0.0913333
3.77,2,0.18024,0.262318,-0.311133,-1.84009,-0.0820786
3.77,3,1.62672,1.60386,0.497538,-0.069956,0.0228567
3.77,4,-0.377495,-0.373584,-0.00489553,-0.0288355,-0.00391041
3.77,5,-0.0137021,-0.0134401,-0.00418468,-5.42631e-05,-0.000261934
3.78,0,0.145216,0.141862,0.0442794,0.00131407,0.00335381
3.78,1,0.0998832,0.191191,0.271652,-4.46725,-0.0913074
3.78,2,0.177122,0.259207,-0.311132,-1.84028,-0.0820848
3.78,3,1.63169,1.60884,0.497521,-0.0699667,0.0228546
3.78,4,-0.377426,-0.373633,-0.00489947,-0.0278913,-0.00379263
3.78,5,-0.0137439,-0.013482,-0.00418469,-5.44727e-05,-0.000261976
3.79,0,0.145659,0.142305,0.0442795,0.00130601,0.00335361
3.79,1,0.102626,0.193907,0.271604,-4.46605,-0.0912809
3.79,2,0.174005,0.256096,-0.311131,-1.84047,-0.0820911
3.79,3,1.63666,1.61381,0.497503,-0.0699756,0.0228526
3.79,4,-0.377357,-0.373682,-0.00490312,-0.026947,-0.00367482
3.79,5,-0.0137858,-0.0135238,-0.00418471,-5.46818e-05,-0.000262019
3.8,0,0.146101,0.142748,0.0442795,0.00129794,0.00335341
3.8,1,0.105369,0.196623,0.271557,-4.46483,-0.091254
3.8,2,0.170887,0.252985,-0.31113,-1.84066,-0.0820974
3.8,3,1.64164,1.61879,0.497485,-0.0699827,0.0228508
3.8,4,-0.377288,-0.373731,-0.00490649,-0.0260025,-0.00355696
3.8,5,-0.0138277,-0.0135657,-0.00418472,-5.48902e-05,-0.000262061
3.81,0,0.146544,0.143191,0.0442796,0.00128984,0.00335322
3.81,1,0.108111,0.199338,0.27151,-4.46359,-0.0912266
3.81,2,0.16777,0.249873,-0.311128,-1.84085,-0.0821036
3.81,3,1.64661,1.62376,0.497467,-0.069988,0.0228492
3.81,4,-0.37722,-0.37378,-0.00490958,-0.0250579,-0.00343908
3.81,5,-0.0138696,-0.0136075,-0.00418473,-5.50979e-05,-0.000262103
3.82,0,0.146987,0.143634,0.0442796,0.00128172,0.00335302
3.82,1,0.110854,0.202053,0.271463,-4.46234,-0.0911987
3.82,2,0.164652,0.246762,-0.311127,-1.84104,-0.0821099
3.82,3,1.65158,1.62874,0.497449,-0.0699916,0.0228478
3.82,4,-0.377151,-0.37383,-0.00491239,-0.0241131,-0.00332117
3.82,5,-0.0139115,-0.0136494,-0.00418474,-5.53051e-05,-0.000262146
3.83,0,0.147429,0.144076,0.0442797,0.00127358,0.00335282
3.83,1,0.113597,0.204767,0.271416,-4.46106,-0.0911704
3.83,2,0.161534,0.243651,-0.311126,-1.84124,-0.0821163
3.83,3,1.65656,1.63371,0.497432,-0.0699933,0.0228466
3.83,4,-0.377082,-0.373879,-0.00491492,-0.0231683,-0.00320323
3.83,5,-0.0139534,-0.0136912,-0.00418475,-5.55116e-05,-0.000262188
3.84,0,0.147872,0.144519,0.0442798,0.00126541,0.00335262
3.84,1,0.116339,0.207481,0.271369,-4.45977,-0.0911415
3.84,2,0.158417,0.240539,-0.311124,-1.84143,-0.0821226
3.84,3,1.66153,1.63868,0.497414,-0.0699933,0.0228455
3.84,4,-0.377013,-0.373928,-0.00491717,-0.0222235,-0.00308526
3.84,5,-0.0139953,-0.0137331,-0.00418477,-5.57175e-05,-0.000262229
3.85,0,0.148314,0.144962,0.0442798,0.00125722,0.00335242
3.85,1,0.119082,0.210194,0.271322,-4.45846,-0.0911123
3.85,2,0.155299,0.237428,-0.311123,-1.84162,-0.0821289
3.85,3,1.6665,1.64366,0.497396,-0.0699914,0.0228446
3.85,4,-0.376944,-0.373977,-0.00491913,-0.0212786,-0.00296728
3.85,5,-0.0140372,-0.0137749,-0.00418478,-5.59227e-05,-0.000262271
3.86,0,0.148757,0.145405,0.0442799,0.00124901,0.00335222
3.86,1,0.121825,0.212907,0.271275,-4.45713,-0.0910825
3.86,2,0.152182,0.234317,-0.311122,-1.84182,-0.0821353
3.86,3,1.67148,1.64863,0.497378,-0.0699878,0.0228439
3.86,4,-0.376876,-0.374026,-0.00492082,-0.0203338,-0.00284927
3.86,5,-0.0140791,-0.0138168,-0.00418479,-5.61273e-05,-0.000262313
3.87,0,0.1492,0.145848,0.0442799,0.00124078,0.00335201
3.87,1,0.124568,0.21562,0.271228,-4.45578,-0.0910523
3.87,2,0.149064,0.231206,-0.31112,-1.84201,-0.0821417
3.87,3,1.67645,1.65361,0.49736,-0.0699823,0.0228434
3.87,4,-0.376807,-0.374075,-0.00492222,-0.0193889,-0.00273125
3.87,5,-0.014121,-0.0138586,-0.0041848,-5.63312e-05,-0.000262354
3.88,0,0.149642,0.14629,0.04428,0.00123253,0.00335181
3.88,1,0.12731,0.218332,0.271181,-4.45441,-0.0910216
3.88,2,0.145947,0.228095,-0.311119,-1.8422,-0.0821481
3.88,3,1.68142,1.65858,0.497342,-0.0699751,0.022843
3.88,4,-0.376738,-0.374125,-0.00492334,-0.0184441,-0.00261322
3.88,5,-0.0141628,-0.0139004,-0.00418482,-5.65345e-05,-0.000262396
3.89,0,0.150085,0.146733,0.04428,0.00122425,0.00335161
3.89,1,0.130053,0.221043,0.271135,-4.45302,-0.0909905
3.89,2,0.142829,0.224983,-0.311117,-1.8424,-0.0821545
3.89,3,1.6864,1.66355,0.497324,-0.0699661,0.0228429
3.89,4,-0.376669,-0.374174,-0.00492418,-0.0174994,-0.00249518
3.89,5,-0.0142047,-0.0139423,-0.00418483,-5.67371e-05,-0.000262437
3.9,0,0.150527,0.147176,0.0442801,0.00121595,0.0033514
3.9,1,0.132796,0.223755,0.271088,-4.45162,-0.0909588
3.9,2,0.139711,0.221872,-0.311116,-1.84259,-0.0821609
3.9,3,1.69137,1.66853,0.497306,-0.0699552,0.0228429
3.9,4,-0.3766,-0.374223,-0.00492474,-0.0165547,-0.00237714
3.9,5,-0.0142466,-0.0139841,-0.00418484,-5.69391e-05,-0.000262478
3.91,0,0.15097,0.147619,0.0442801,0.00120763,0.0033512
3.91,1,0.135538,0.226465,0.271041,-4.45019,-0.0909268
3.91,2,0.136594,0.218761,-0.311115,-1.84279,-0.0821673
3.91,3,1.69634,1.6735,0.497288,-0.0699426,0.0228431
3.91,4,-0.376531,-0.374272,-0.00492502,-0.0156102,-0.00225908
3.91,5,-0.0142885,-0.014026,-0.00418485,-5.71403e-05,-0.000262519
3.92,0,0.151413,0.148062,0.0442802,0.00119929,0.003351
3.92,1,0.138281,0.229175,0.270995,-4.44875,-0.0908942
3.92,2,0.133476,0.21565,-0.311113,-1.84299,-0.0821737
3.92,3,1.70132,1.67847,0.497271,-0.0699281,0.0228434
3.92,4,-0.376463,-0.374322,-0.00492501,-0.0146657,-0.00214103
3.92,5,-0.0143304,-0.0140678,-0.00418487,-5.73409e-05,-0.00026256
3.93,0,0.151855,0.148504,0.0442802,0.00119093,0.00335079
3.93,1,0.141024,0.231885,0.270948,-4.44729,-0.0908612
3.93,2,0.130359,0.212539,-0.311112,-1.84318,-0.0821802
3.93,3,1.70629,1.68344,0.497253,-0.0699119,0.022844
3.93,4,-0.376394,-0.374371,-0.00492473,-0.0137215,-0.00202298
3.93,5,-0.0143723,-0.0141097,-0.00418488,-5.75408e-05,-0.000262601
3.94,0,0.152298,0.148947,0.0442803,0.00118254,0.00335059
3.94,1,0.143767,0.234594,0.270902,-4.44581,-0.0908277
3.94,2,0.127241,0.209428,-0.31111,-1.84338,-0.0821867
3.94,3,1.71126,1.68842,0.497235,-0.0698938,0.0228447
3.94,4,-0.376325,-0.37442,-0.00492416,-0.0127774,-0.00190493
3.94,5,-0.0144142,-0.0141515,-0.00418489,-5.77399e-05,-0.000262642
3.95,0,0.15274,0.14939,0.0442804,0.00117414,0.00335038
3.95,1,0.146509,0.237303,0.270856,-4.44432,-0.0907938
3.95,2,0.124123,0.206317,-0.311109,-1.84358,-0.0821931
3.95,3,1.71624,1.69339,0.497217,-0.0698739,0.0228456
3.95,4,-0.376256,-0.374469,-0.00492331,-0.0118335,-0.00178689
3.95,5,-0.0144561,-0.0141934,-0.00418491,-5.79384e-05,-0.000262682
3.96,0,0.153183,0.149833,0.0442804,0.00116571,0.00335017
3.96,1,0.149252,0.240011,0.270809,-4.4428,-0.0907593
3.96,2,0.121006,0.203206,-0.311107,-1.84377,-0.0821996
3.96,3,1.72121,1.69836,0.497198,-0.0698523,0.0228467
3.96,4,-0.376187,-0.374519,-0.00492218,-0.0108898,-0.00166886
3.96,5,-0.014498,-0.0142352,-0.00418492,-5.81361e-05,-0.000262723
3.97,0,0.153625,0.150276,0.0442805,0.00115726,0.00334997
3.97,1,0.151995,0.242719,0.270763,-4.44127,-0.0907245
3.97,2,0.117888,0.200094,-0.311106,-1.84397,-0.0822062
3.97,3,1.72618,1.70333,0.49718,-0.0698288,0.022848
3.97,4,-0.376119,-0.374568,-0.00492076,-0.0099464,-0.00155085
3.97,5,-0.0145399,-0.0142771,-0.00418494,-5.83332e-05,-0.000262763
3.98,0,0.154068,0.150718,0.0442805,0.00114879,0.00334976
3.98,1,0.154737,0.245427,0.270717,-4.43972,-0.0906891
3.98,2,0.114771,0.196983,-0.311104,-1.84417,-0.0822127
3.98,3,1.73115,1.70831,0.497162,-0.0698035,0.0228494
3.98,4,-0.37605,-0.374617,-0.00491907,-0.00900324,-0.00143285
3.98,5,-0.0145817,-0.0143189,-0.00418495,-5.85294e-05,-0.000262803
3.99,0,0.154511,0.151161,0.0442806,0.0011403,0.00334955
3.99,1,0.15748,0.248133,0.270671,-4.43815,-0.0906533
3.99,2,0.111653,0.193872,-0.311103,-1.84437,-0.0822192
3.99,3,1.73613,1.71328,0.497144,-0.0697763,0.022851
3.99,4,-0.375981,-0.374666,-0.00491709,-0.00806036,-0.00131486
3.99,5,-0.0146236,-0.0143608,-0.00418496,-5.8725e-05,-0.000262843
4,0,0.154953,0.151604,0.0442806,0.00113178,0.00334934
4,1,0.160223,0.25084,0.270625,-4.43656,-0.0906171
4,2,0.108536,0.190761,-0.311101,-1.84457,-0.0822258
4,3,1.7411,1.71825,0.497126,-0.0697474,0.0228528
4,4,-0.375912,-0.374715,-0.00491483,-0.00711781,-0.0011969
4,5,-0.0146655,-0.0144026,-0.00418498,-5.89198e-05,-0.000262883
4.01,0,0.155396,0.152047,0.0442807,0.00112325,0.00334913
4.01,1,0.162966,0.253546,0.270579,-4.43495,-0.0905804
4.01,2,0.105418,0.18765,-0.3111,-1.84477,-0.0822324
4.01,3,1.74607,1.72322,0.497108,-0.0697167,0.0228548
4.01,4,-0.375843,-0.374765,-0.00491229,-0.00617558,-0.00107897
4.01,5,-0.0147074,-0.0144445,-0.00418499,-5.91138e-05,-0.000262922
4.02,0,0.155838,0.15249,0.0442807,0.00111469,0.00334892
4.02,1,0.165708,0.256251,0.270533,-4.43333,-0.0905432
4.02,2,0.1023,0.184539,-0.311098,-1.84497,-0.0822389
4.02,3,1.75105,1.72819,0.49709,-0.0696841,0.022857
4.02,4,-0.375775,-0.374814,-0.00490947,-0.00523371,-0.000961056
4.02,5,-0.0147493,-0.0144863,-0.00418501,-5.9307e-05,-0.000262962
4.03,0,0.156281,0.152932,0.0442808,0.00110612,0.00334871
4.03,1,0.168451,0.258957,0.270487,-4.43168,-0.0905056
4.03,2,0.0991828,0.181428,-0.311097,-1.84517,-0.0822455
4.03,3,1.75602,1.73316,0.497072,-0.0696497,0.0228593
4.03,4,-0.375706,-0.374863,-0.00490636,-0.00429222,-0.000843175
4.03,5,-0.0147912,-0.0145282,-0.00418502,-5.94994e-05,-0.000263001
4.04,0,0.156724,0.153375,0.0442808,0.00109752,0.0033485
4.04,1,0.171194,0.261661,0.270441,-4.43002,-0.0904675
4.04,2,0.0960653,0.178317,-0.311095,-1.84537,-0.0822522
4.04,3,1.76099,1.73813,0.497054,-0.0696135,0.0228619
4.04,4,-0.375637,-0.374912,-0.00490298,-0.00335113,-0.000725328
4.04,5,-0.0148331,-0.01457,-0.00418504,-5.96911e-05,-0.00026304
4.05,0,0.157166,0.153818,0.0442809,0.0010889,0.00334829
4.05,1,0.173936,0.264365,0.270395,-4.42834,-0.0904289
4.05,2,0.0929477,0.175206,-0.311094,-1.84558,-0.0822588
4.05,3,1.76597,1.7431,0.497036,-0.0695755,0.0228646
4.05,4,-0.375568,-0.374961,-0.00489931,-0.00241047,-0.000607515
4.05,5,-0.014875,-0.0146119,-0.00418505,-5.98819e-05,-0.000263079
4.06,0,0.157609,0.154261,0.0442809,0.00108026,0.00334808
4.06,1,0.176679,0.267069,0.27035,-4.42665,-0.0903899
4.06,2,0.0898301,0.172096,-0.311092,-1.84578,-0.0822655
4.06,3,1.77094,1.74807,0.497018,-0.0695357,0.0228675
4.06,4,-0.375499,-0.37501,-0.00489536,-0.00147025,-0.000489741
4.06,5,-0.0149169,-0.0146537,-0.00418507,-6.00719e-05,-0.000263118
4.07,0,0.158051,0.154704,0.044281,0.0010716,0.00334786
4.07,1,0.179422,0.269772,0.270304,-4.42493,-0.0903504
4.07,2,0.0867125,0.168985,-0.311091,-1.84598,-0.0822721
4.07,3,1.77591,1.75304,0.496999,-0.069494,0.0228706
4.07,4,-0.375431,-0.375059,-0.00489113,-0.000530504,-0.000372008
4.07,5,-0.0149587,-0.0146956,-0.00418508,-6.02611e-05,-0.000263157
4.08,0,0.158494,0.155146,0.0442811,0.00106292,0.00334765
4.08,1,0.182165,0.272475,0.270258,-4.4232,-0.0903105
4.08,2,0.0835949,0.165874,-0.311089,-1.84619,-0.0822788
4.08,3,1.78089,1.75801,0.496981,-0.0694505,0.0228738
4.08,4,-0.375362,-0.375108,-0.00488661,0.000408753,-0.000254319
4.08,5,-0.0150006,-0.0147374,-0.0041851,-6.04494e-05,-0.000263196
4.09,0,0.158937,0.155589,0.0442811,0.00105422,0.00334744
4.09,1,0.184907,0.275177,0.270213,-4.42144,-0.0902701
4.09,2,0.0804774,0.162763,-0.311087,-1.84639,-0.0822855
4.09,3,1.78586,1.76298,0.496963,-0.0694053,0.0228773
4.09,4,-0.375293,-0.375156,-0.00488182,0.0013475,-0.000136677
4.09,5,-0.0150425,-0.0147793,-0.00418511,-6.06369e-05,-0.000263234
4.1,0,0.159379,0.156032,0.0442812,0.0010455,0.00334722
4.1,1,0.18765,0.277879,0.270168,-4.41968,-0.0902293
4.1,2,0.0773598,0.159652,-0.311086,-1.84659,-0.0822922
4.1,3,1.79083,1.76795,0.496945,-0.0693581,0.0228809
4.1,4,-0.375224,-0.375205,-0.00487675,0.0022857,-1.90839e-05
4.1,5,-0.0150844,-0.0148211,-0.00418513,-6.08235e-05,-0.000263272
4.11,0,0.159822,0.156475,0.0442812,0.00103676,0.00334701
4.11,1,0.190393,0.280581,0.270122,-4.41789,-0.090188
4.11,2,0.0742422,0.156541,-0.311084,-1.8468,-0.0822989
4.11,3,1.79581,1.77292,0.496927,-0.0693092,0.0228847
4.11,4,-0.375155,-0.375254,-0.00487139,0.00322335,9.84568e-05
4.11,5,-0.0151263,-0.014863,-0.00418515,-6.10093e-05,-0.000263311
4.12,0,0.160264,0.156918,0.0442813,0.001028,0.00334679
4.12,1,0.193135,0.283282,0.270077,-4.41608,-0.0901463
4.12,2,0.0711246,0.15343,-0.311083,-1.84701,-0.0823057
4.12,3,1.80078,1.77789,0.496909,-0.0692585,0.0228887
4.12,4,-0.375087,-0.375303,-0.00486575,0.00416042,0.000215942
4.12,5,-0.0151682,-0.0149048,-0.00418516,-6.11941e-05,-0.000263349
4.13,0,0.160707,0.15736,0.0442813,0.00101921,0.00334658
4.13,1,0.195878,0.285982,0.270032,-4.41426,-0.0901041
4.13,2,0.0680071,0.150319,-0.311081,-1.84721,-0.0823124
4.13,3,1.80575,1.78286,0.49689,-0.0692059,0.0228928
4.13,4,-0.375018,-0.375351,-0.00485984,0.00509688,0.00033337
4.13,5,-0.0152101,-0.0149467,-0.00418518,-6.13781e-05,-0.000263386
4.14,0,0.16115,0.157803,0.0442814,0.00101041,0.00334636
4.14,1,0.198621,0.288682,0.269986,-4.41242,-0.0900615
4.14,2,0.0648895,0.147209,-0.311079,-1.84742,-0.0823192
4.14,3,1.81072,1.78783,0.496872,-0.0691515,0.0228972
4.14,4,-0.374949,-0.3754,-0.00485364,0.00603271,0.000450737
4.14,5,-0.015252,-0.0149885,-0.0041852,-6.15611e-05,-0.000263424
4.15,0,0.161592,0.158246,0.0442814,0.00100158,0.00334615
4.15,1,0.201364,0.291382,0.269941,-4.41056,-0.0900184
4.15,2,0.0617719,0.144098,-0.311078,-1.84763,-0.082326
4.15,3,1.8157,1.7928,0.496854,-0.0690953,0.0229017
4.15,4,-0.37488,-0.375448,-0.00484716,0.0069679,0.00056804
4.15,5,-0.0152939,-0.0150304,-0.00418521,-6.17432e-05,-0.000263461
4.16,0,0.162035,0.158689,0.0442815,0.000992736,0.00334593
4.16,1,0.204106,0.294081,0.269896,-4.40868,-0.0899748
4.16,2,0.0586543,0.140987,-0.311076,-1.84783,-0.0823328
4.16,3,1.82067,1.79776,0.496836,-0.0690372,0.0229064
4.16,4,-0.374811,-0.375497,-0.0048404,0.00790242,0.000685277
4.16,5,-0.0153358,-0.0150723,-0.00418523,-6.19244e-05,-0.000263499
4.17,0,0.162477,0.159132,0.0442815,0.000983869,0.00334571
4.17,1,0.206849,0.29678,0.269851,-4.40679,-0.0899308
4.17,2,0.0555367,0.137876,-0.311074,-1.84804,-0.0823397
4.17,3,1.82564,1.80273,0.496818,-0.0689774,0.0229113
4.17,4,-0.374743,-0.375545,-0.00483336,0.00883624,0.000802445
4.17,5,-0.0153776,-0.0151141,-0.00418525,-6.21046e-05,-0.000263536
4.18,0,0.16292,0.159575,0.0442816,0.000974981,0.00334549
4.18,1,0.209592,0.299478,0.269806,-4.40487,-0.0898864
4.18,2,0.0524192,0.134766,-0.311073,-1.84825,-0.0823465
4.18,3,1.83062,1.8077,0.4968,-0.0689157,0.0229164
4.18,4,-0.374674,-0.375593,-0.00482604,0.00976935,0.000919541
4.18,5,-0.0154195,-0.015156,-0.00418527,-6.22839e-05,-0.000263573
4.19,0,0.163363,0.160017,0.0442816,0.000966073,0.00334527
4.19,1,0.212334,0.302176,0.269762,-4.40294,-0.0898415
4.19,2,0.0493016,0.131655,-0.311071,-1.84846,-0.0823534
4.19,3,1.83559,1.81267,0.496781,-0.0688522,0.0229217
4.19,4,-0.374605,-0.375642,-0.00481844,0.0107017,0.00103656
4.19,5,-0.0154614,-0.0151978,-0.00418528,-6.24622e-05,-0.00026361
4.2,0,0.163805,0.16046,0.0442817,0.000957143,0.00334505
4.2,1,0.215077,0.304873,0.269717,-4.401,-0.0897961
4.2,2,0.046184,0.128544,-0.311069,-1.84867,-0.0823602
4.2,3,1.84056,1.81764,0.496763,-0.0687869,0.0229271
4.2,4,-0.374536,-0.37569,-0.00481055,0.0116333,0.00115351
4.2,5,-0.0155033,-0.0152397,-0.0041853,-6.26396e-05,-0.000263646
4.21,0,0.164248,0.160903,0.0442817,0.000948193,0.00334483
4.21,1,0.21782,0.30757,0.269672,-4.39903,-0.0897504
4.21,2,0.0430664,0.125434,-0.311068,-1.84888,-0.0823671
4.21,3,1.84554,1.8226,0.496745,-0.0687197,0.0229327
4.21,4,-0.374467,-0.375738,-0.00480239,0.0125642,0.00127037
4.21,5,-0.0155452,-0.0152815,-0.00418532,-6.28159e-05,-0.000263682
4.22,0,0.16469,0.161346,0.0442818,0.000939222,0.00334461
4.22,1,0.220562,0.310267,0.269627,-4.39705,-0.0897041
4.22,2,0.0399488,0.122323,-0.311066,-1.84909,-0.082374
4.22,3,1.85051,1.82757,0.496727,-0.0686508,0.0229385
4.22,4,-0.374399,-0.375786,-0.00479395,0.0134942,0.00138715
4.22,5,-0.0155871,-0.0153234,-0.00418534,-6.29913e-05,-0.000263719
4.23,0,0.165133,0.161789,0.0442818,0.00093023,0.00334439
4.23,1,0.223305,0.312963,0.269583,-4.39505,-0.0896574
4.23,2,0.0368313,0.119212,-0.311064,-1.8493,-0.082381
4.23,3,1.85548,1.83254,0.496708,-0.06858,0.0229445
4.23,4,-0.37433,-0.375834,-0.00478523,0.0144234,0.00150384
4.23,5,-0.015629,-0.0153652,-0.00418536,-6.31656e-05,-0.000263755
4.24,0,0.165576,0.162231,0.0442819,0.000921217,0.00334417
4.24,1,0.226048,0.315658,0.269538,-4.39303,-0.0896103
4.24,2,0.0337137,0.116102,-0.311062,-1.84951,-0.0823879
4.24,3,1.86046,1.83751,0.49669,-0.0685074,0.0229507
4.24,4,-0.374261,-0.375881,-0.00477624,0.0153517,0.00162045
4.24,5,-0.0156709,-0.0154071,-0.00418538,-6.3339e-05,-0.000263791
4.25,0,0.166018,0.162674,0.0442819,0.000912183,0.00334395
4.25,1,0.228791,0.318353,0.269494,-4.39099,-0.0895627
4.25,2,0.0305961,0.112991,-0.311061,-1.84973,-0.0823949
4.25,3,1.86543,1.84247,0.496672,-0.068433,0.022957
4.25,4,-0.374192,-0.375929,-0.00476696,0.0162792,0.00173696
4.25,5,-0.0157128,-0.0154489,-0.0041854,-6.35113e-05,-0.000263826
4.26,0,0.166461,0.163117,0.044282,0.000903128,0.00334373
4.26,1,0.231533,0.321048,0.26945,-4.38894,-0.0895147
4.26,2,0.0274785,0.10988,-0.311059,-1.84994,-0.0824019
4.26,3,1.8704,1.84744,0.496654,-0.0683567,0.0229636
4.26,4,-0.374123,-0.375977,-0.0047574,0.0172058,0.00185338
4.26,5,-0.0157546,-0.0154908,-0.00418542,-6.36825e-05,-0.000263862
4.27,0,0.166903,0.16356,0.044282,0.000894052,0.0033435
4.27,1,0.234276,0.323742,0.269405,-4.38687,-0.0894663
4.27,2,0.0243609,0.10677,-0.311057,-1.85015,-0.0824089
4.27,3,1.87538,1.85241,0.496636,-0.0682786,0.0229703
4.27,4,-0.374055,-0.376024,-0.00474757,0.0181314,0.00196971
4.27,5,-0.0157965,-0.0155326,-0.00418544,-6.38527e-05,-0.000263897
4.28,0,0.167346,0.164003,0.0442821,0.000884955,0.00334328
4.28,1,0.237019,0.326436,0.269361,-4.38478,-0.0894174
4.28,2,0.0212434,0.103659,-0.311055,-1.85037,-0.0824159
4.28,3,1.88035,1.85737,0.496617,-0.0681988,0.0229772
4.28,4,-0.373986,-0.376072,-0.00473745,0.0190562,0.00208593
4.28,5,-0.0158384,-0.0155745,-0.00418546,-6.40219e-05,-0.000263932
4.29,0,0.167789,0.164446,0.0442821,0.000875838,0.00334306
4.29,1,0.239761,0.329129,0.269317,-4.38267,-0.089368
4.29,2,0.0181258,0.100549,-0.311054,-1.85058,-0.0824229
4.29,3,1.88532,1.86234,0.496599,-0.0681171,0.0229842
4.29,4,-0.373917,-0.376119,-0.00472706,0.0199799,0.00220205
4.29,5,-0.0158803,-0.0156163,-0.00418548,-6.419e-05,-0.000263967
4.3,0,0.168231,0.164888,0.0442822,0.000866699,0.00334283
4.3,1,0.242504,0.331822,0.269273,-4.38055,-0.0893182
4.3,2,0.0150082,0.0974382,-0.311052,-1.8508,-0.08243
4.3,3,1.8903,1.8673,0.496581,-0.0680335,0.0229915
4.3,4,-0.373848,-0.376166,-0.00471639,0.0209027,0.00231806
4.3,5,-0.0159222,-0.0156582,-0.0041855,-6.4357e-05,-0.000264001
4.31,0,0.168674,0.165331,0.0442823,0.000857539,0.00334261
4.31,1,0.245247,0.334515,0.269229,-4.37841,-0.089268
4.31,2,0.0118906,0.0943277,-0.31105,-1.85101,-0.0824371
4.31,3,1.89527,1.87227,0.496563,-0.0679482,0.022999
4.31,4,-0.373779,-0.376213,-0.00470544,0.0218245,0.00243397
4.31,5,-0.0159641,-0.0157001,-0.00418552,-6.45229e-05,-0.000264036
4.32,0,0.169116,0.165774,0.0442823,0.000848358,0.00334238
4.32,1,0.24799,0.337207,0.269185,-4.37625,-0.0892174
4.32,2,0.00877305,0.0912172,-0.311048,-1.85123,-0.0824441
4.32,3,1.90024,1.87724,0.496545,-0.067861,0.0230066
4.32,4,-0.373711,-0.37626,-0.00469421,0.0227452,0.00254976
4.32,5,-0.016006,-0.0157419,-0.00418554,-6.46877e-05,-0.00026407
4.33,0,0.169559,0.166217,0.0442824,0.000839156,0.00334216
4.33,1,0.250732,0.339899,0.269141,-4.37407,-0.0891662
4.33,2,0.00565547,0.0881067,-0.311046,-1.85144,-0.0824512
4.33,3,1.90521,1.8822,0.496526,-0.0677721,0.0230144
4.33,4,-0.373642,-0.376307,-0.00468271,0.0236649,0.00266545
4.33,5,-0.0160479,-0.0157838,-0.00418556,-6.48515e-05,-0.000264104
4.34,0,0.170002,0.16666,0.0442824,0.000829933,0.00334193
4.34,1,0.253475,0.34259,0.269097,-4.37188,-0.0891147
4.34,2,0.00253789,0.0849963,-0.311045,-1.85166,-0.0824584
4.34,3,1.91019,1.88717,0.496508,-0.0676813,0.0230224
4.34,4,-0.373573,-0.376354,-0.00467093,0.0245836,0.00278101
4.34,5,-0.0160898,-0.0158256,-0.00418558,-6.50141e-05,-0.000264138
4.35,0,0.170444,0.167102,0.0442825,0.000820689,0.0033417
4.35,1,0.256218,0.34528,0.269053,-4.36967,-0.0890627
4.35,2,-0.000579686,0.0818858,-0.311043,-1.85188,-0.0824655
4.35,3,1.91516,1.89213,0.49649,-0.0675887,0.0230305
4.35,4,-0.373504,-0.376401,-0.00465887,0.0255011,0.00289646
4.35,5,-0.0161317,-0.0158675,-0.0041856,-6.51756e-05,-0.000264171
4.36,0,0.170887,0.167545,0.0442825,0.000811423,0.00334147
4.36,1,0.25896,0.347971,0.269009,-4.36744,-0.0890103
4.36,2,-0.00369726,0.0787754,-0.311041,-1.8521,-0.0824727
4.36,3,1.92013,1.8971,0.496472,-0.0674943,0.0230389
4.36,4,-0.373435,-0.376447,-0.00464654,0.0264175,0.00301178
4.36,5,-0.0161735,-0.0159093,-0.00418562,-6.53359e-05,-0.000264205
4.37,0,0.171329,0.167988,0.0442826,0.000802137,0.00334125
4.37,1,0.261703,0.350661,0.268966,-4.3652,-0.0889574
4.37,2,-0.00681484,0.075665,-0.311039,-1.85232,-0.0824799
4.37,3,1.92511,1.90206,0.496454,-0.067398,0.0230474
4.37,4,-0.373367,-0.376494,-0.00463393,0.0273328,0.00312698
4.37,5,-0.0162154,-0.0159512,-0.00418565,-6.54951e-05,-0.000264238
4.38,0,0.171772,0.168431,0.0442826,0.00079283,0.00334102
4.38,1,0.264446,0.35335,0.268922,-4.36293,-0.0889042
4.38,2,-0.00993242,0.0725546,-0.311037,-1.85254,-0.0824871
4.38,3,1.93008,1.90702,0.496436,-0.0673,0.0230561
4.38,4,-0.373298,-0.37654,-0.00462104,0.0282469,0.00324205
4.38,5,-0.0162573,-0.015993,-0.00418567,-6.56532e-05,-0.000264271
4.39,0,0.172215,0.168874,0.0442827,0.000783502,0.00334079
4.39,1,0.267189,0.356039,0.268879,-4.36065,-0.0888504
4.39,2,-0.01305,0.0694443,-0.311035,-1.85276,-0.0824943
4.39,3,1.93505,1.91199,0.496418,-0.0672002,0.023065
4.39,4,-0.373229,-0.376586,-0.00460788,0.0291599,0.00335699
4.39,5,-0.0162992,-0.0160349,-0.00418569,-6.58101e-05,-0.000264303
4.4,0,0.172657,0.169317,0.0442827,0.000774154,0.00334056
4.4,1,0.269931,0.358728,0.268835,-4.35836,-0.0887963
4.4,2,-0.0161676,0.0663339,-0.311033,-1.85298,-0.0825015
4.4,3,1.94003,1.91695,0.496399,-0.0670985,0.0230741
4.4,4,-0.37316,-0.376632,-0.00459445,0.0300716,0.0034718
4.4,5,-0.0163411,-0.0160768,-0.00418571,-6.59658e-05,-0.000264336
4.41,0,0.1731,0.169759,0.0442828,0.000764784,0.00334033
4.41,1,0.272674,0.361416,0.268792,-4.35604,-0.0887417
4.41,2,-0.0192852,0.0632236,-0.311031,-1.8532,-0.0825088
4.41,3,1.945,1.92192,0.496381,-0.066995,0.0230834
4.41,4,-0.373091,-0.376678,-0.00458073,0.0309821,0.00358647
4.41,5,-0.016383,-0.0161186,-0.00418574,-6.61204e-05,-0.000264368
4.42,0,0.173542,0.170202,0.0442828,0.000755393,0.0033401
4.42,1,0.275417,0.364103,0.268749,-4.35371,-0.0886866
4.42,2,-0.0224027,0.0601133,-0.31103,-1.85342,-0.082516
4.42,3,1.94997,1.92688,0.496363,-0.0668898,0.0230928
4.42,4,-0.373023,-0.376724,-0.00456675,0.0318914,0.003701
4.42,5,-0.0164249,-0.0161605,-0.00418576,-6.62737e-05,-0.0002644
4.43,0,0.173985,0.170645,0.0442829,0.000745982,0.00333987
4.43,1,0.278159,0.366791,0.268706,-4.35136,-0.0886312
4.43,2,-0.0255203,0.057003,-0.311028,-1.85364,-0.0825233
4.43,3,1.95495,1.93184,0.496345,-0.0667827,0.0231024
4.43,4,-0.372954,-0.376769,-0.00455249,0.0327994,0.00381539
4.43,5,-0.0164668,-0.0162023,-0.00418578,-6.64259e-05,-0.000264432
4.44,0,0.174428,0.171088,0.0442829,0.000736549,0.00333963
4.44,1,0.280902,0.369477,0.268662,-4.349,-0.0885753
4.44,2,-0.0286379,0.0538928,-0.311026,-1.85387,-0.0825307
4.44,3,1.95992,1.93681,0.496327,-0.0666738,0.0231122
4.44,4,-0.372885,-0.376815,-0.00453795,0.0337061,0.00392964
4.44,5,-0.0165087,-0.0162442,-0.0041858,-6.65769e-05,-0.000264464
4.45,0,0.17487,0.171531,0.044283,0.000727096,0.0033394
4.45,1,0.283645,0.372164,0.268619,-4.34662,-0.088519
4.45,2,-0.0317555,0.0507825,-0.311024,-1.85409,-0.082538
4.45,3,1.96489,1.94177,0.496309,-0.0665631,0.0231222
4.45,4,-0.372816,-0.37686,-0.00452314,0.0346115,0.00404374
4.45,5,-0.0165505,-0.0162861,-0.00418583,-6.67266e-05,-0.000264495
4.46,0,0.175313,0.171974,0.044283,0.000717623,0.00333917
4.46,1,0.286388,0.37485,0.268576,-4.34422,-0.0884622
4.46,2,-0.0348731,0.0476723,-0.311022,-1.85432,-0.0825453
4.46,3,1.96987,1.94673,0.496291,-0.0664506,0.0231324
4.46,4,-0.372747,-0.376905,-0.00450806,0.0355156,0.00415769
4.46,5,-0.0165924,-0.0163279,-0.00418585,-6.68751e-05,-0.000264526
4.47,0,0.175755,0.172416,0.0442831,0.000708129,0.00333893
4.47,1,0.28913,0.377535,0.268533,-4.3418,-0.088405
4.47,2,-0.0379906,0.0445621,-0.31102,-1.85454,-0.0825527
4.47,3,1.97484,1.9517,0.496273,-0.0663363,0.0231427
4.47,4,-0.372679,-0.37695,-0.0044927,0.0364183,0.00427149
4.47,5,-0.0166343,-0.0163698,-0.00418587,-6.70224e-05,-0.000264557
4.48,0,0.176198,0.172859,0.0442831,0.000698614,0.0033387
4.48,1,0.291873,0.38022,0.268491,-4.33937,-0.0883474
4.48,2,-0.0411082,0.0414519,-0.311018,-1.85477,-0.0825601
4.48,3,1.97981,1.95666,0.496255,-0.0662203,0.0231533
4.48,4,-0.37261,-0.376995,-0.00447707,0.0373196,0.00438514
4.48,5,-0.0166762,-0.0164116,-0.0041859,-6.71685e-05,-0.000264588
4.49,0,0.176641,0.173302,0.0442832,0.000689078,0.00333847
4.49,1,0.294616,0.382905,0.268448,-4.33692,-0.0882894
4.49,2,-0.0442258,0.0383417,-0.311016,-1.85499,-0.0825675
4.49,3,1.98479,1.96162,0.496237,-0.0661024,0.023164
4.49,4,-0.372541,-0.37704,-0.00446117,0.0382196,0.00449862
4.49,5,-0.0167181,-0.0164535,-0.00418592,-6.73133e-05,-0.000264618
4.5,0,0.177083,0.173745,0.0442832,0.000679523,0.00333823
4.5,1,0.297358,0.385589,0.268405,-4.33445,-0.0882309
4.5,2,-0.0473434,0.0352316,-0.311014,-1.85522,-0.0825749
4.5,3,1.98976,1.96658,0.496219,-0.0659827,0.0231748
4.5,4,-0.372472,-0.377084,-0.004445,0.0391181,0.00461195
4.5,5,-0.01676,-0.0164953,-0.00418595,-6.74569e-05,-0.000264648
4.51,0,0.177526,0.174188,0.0442833,0.000669946,0.003338
4.51,1,0.300101,0.388273,0.268362,-4.33197,-0.088172
4.51,2,-0.050461,0.0321214,-0.311012,-1.85545,-0.0825824
4.51,3,1.99473,1.97155,0.496201,-0.0658612,0.0231859
4.51,4,-0.372403,-0.377128,-0.00442855,0.0400152,0.00472511
4.51,5,-0.0168019,-0.0165372,-0.00418597,-6.75992e-05,-0.000264678
4.52,0,0.177968,0.174631,0.0442833,0.00066035,0.00333776
4.52,1,0.302844,0.390956,0.26832,-4.32947,-0.0881127
4.52,2,-0.0535785,0.0290113,-0.31101,-1.85567,-0.0825898
4.52,3,1.9997,1.97651,0.496183,-0.065738,0.0231972
4.52,4,-0.372335,-0.377173,-0.00441183,0.0409108,0.00483811
4.52,5,-0.0168438,-0.0165791,-0.004186,-6.77402e-05,-0.000264708
4.53,0,0.178411,0.175073,0.0442834,0.000650733,0.00333752
4.53,1,0.305586,0.393639,0.268277,-4.32695,-0.088053
4.53,2,-0.0566961,0.0259012,-0.311008,-1.8559,-0.0825973
4.53,3,2.00468,1.98147,0.496165,-0.0656129,0.0232086
4.53,4,-0.372266,-0.377217,-0.00439485,0.0418049,0.00495093
4.53,5,-0.0168857,-0.0166209,-0.00418602,-6.78799e-05,-0.000264737
4.54,0,0.178854,0.175516,0.0442835,0.000641096,0.00333729
4.54,1,0.308329,0.396322,0.268235,-4.32442,-0.0879928
4.54,2,-0.0598137,0.0227912,-0.311006,-1.85613,-0.0826048
4.54,3,2.00965,1.98643,0.496147,-0.0654861,0.0232202
4.54,4,-0.372197,-0.377261,-0.00437759,0.0426975,0.00506359
4.54,5,-0.0169276,-0.0166628,-0.00418604,-6.80183e-05,-0.000264766
4.55,0,0.179296,0.175959,0.0442835,0.000631439,0.00333705
4.55,1,0.311072,0.399004,0.268193,-4.32187,-0.0879322
4.55,2,-0.0629313,0.0196811,-0.311004,-1.85636,-0.0826124
4.55,3,2.01462,1.99139,0.496129,-0.0653574,0.023232
4.55,4,-0.372128,-0.377304,-0.00436006,0.0435886,0.00517607
4.55,5,-0.0169694,-0.0167046,-0.00418607,-6.81555e-05,-0.000264795
4.56,0,0.179739,0.176402,0.0442836,0.000621762,0.00333681
4.56,1,0.313815,0.401686,0.26815,-4.3193,-0.0878712
4.56,2,-0.0660488,0.0165711,-0.311002,-1.85659,-0.0826199
4.56,3,2.0196,1.99635,0.496111,-0.065227,0.0232439
4.56,4,-0.372059,-0.377348,-0.00434226,0.0444782,0.00528838
4.56,5,-0.0170113,-0.0167465,-0.0041861,-6.82913e-05,-0.000264824
4.57,0,0.180181,0.176845,0.0442836,0.000612064,0.00333657
4.57,1,0.316557,0.404367,0.268108,-4.31671,-0.0878097
4.57,2,-0.0691664,0.0134611,-0.311,-1.85682,-0.0826275
4.57,3,2.02457,2.00131,0.496093,-0.0650948,0.0232561
4.57,4,-0.371991,-0.377391,-0.00432419,0.0453661,0.0054005
4.57,5,-0.0170532,-0.0167884,-0.00418612,-6.84258e-05,-0.000264852
4.58,0,0.180624,0.177288,0.0442837,0.000602347,0.00333633
4.58,1,0.3193,0.407048,0.268066,-4.31411,-0.0877479
4.58,2,-0.072284,0.0103511,-0.310998,-1.85706,-0.0826351
4.58,3,2.02954,2.00628,0.496075,-0.0649609,0.0232684
4.58,4,-0.371922,-0.377434,-0.00430585,0.0462525,0.00551245
4.58,5,-0.0170951,-0.0168302,-0.00418615,-6.8559e-05,-0.000264881
4.59,0,0.181067,0.17773,0.0442837,0.000592611,0.00333609
4.59,1,0.322043,0.409728,0.268024,-4.3115,-0.0876856
4.59,2,-0.0754016,0.00724109,-0.310996,-1.85729,-0.0826427
4.59,3,2.03452,2.01124,0.496057,-0.0648251,0.0232809
4.59,4,-0.371853,-0.377477,-0.00428725,0.0471373,0.00562421
4.59,5,-0.017137,-0.0168721,-0.00418617,-6.86908e-05,-0.000264908
4.6,0,0.181509,0.178173,0.0442838,0.000582854,0.00333585
4.6,1,0.324785,0.412408,0.267982,-4.30886,-0.0876229
4.6,2,-0.0785192,0.00413114,-0.310994,-1.85752,-0.0826503
4.6,3,2.03949,2.0162,0.496039,-0.0646876,0.0232936
4.6,4,-0.371784,-0.37752,-0.00426838,0.0480204,0.00573578
4.6,5,-0.0171789,-0.016914,-0.0041862,-6.88213e-05,-0.000264936
4.61,0,0.181952,0.178616,0.0442838,0.000573078,0.00333561
4.61,1,0.327528,0.415088,0.26794,-4.30621,-0.0875598
4.61,2,-0.0816367,0.00102121,-0.310992,-1.85775,-0.0826579
4.61,3,2.04446,2.02116,0.496021,-0.0645483,0.0233065
4.61,4,-0.371715,-0.377562,-0.00424923,0.0489019,0.00584716
4.61,5,-0.0172208,-0.0169558,-0.00418622,-6.89505e-05,-0.000264964
4.62,0,0.182394,0.179059,0.0442839,0.000563282,0.00333537
4.62,1,0.330271,0.417767,0.267898,-4.30354,-0.0874962
4.62,2,-0.0847543,-0.00208871,-0.31099,-1.85799,-0.0826656
4.62,3,2.04944,2.02612,0.496003,-0.0644072,0.0233195
4.62,4,-0.371647,-0.377605,-0.00422983,0.0497817,0.00595835
4.62,5,-0.0172627,-0.0169977,-0.00418625,-6.90782e-05,-0.000264991
4.63,0,0.182837,0.179502,0.0442839,0.000553467,0.00333513
4.63,1,0.333014,0.420446,0.267856,-4.30086,-0.0874323
4.63,2,-0.0878719,-0.0051986,-0.310988,-1.85822,-0.0826733
4.63,3,2.05441,2.03108,0.495986,-0.0642643,0.0233327
4.63,4,-0.371578,-0.377647,-0.00421015,0.0506598,0.00606934
4.63,5,-0.0173046,-0.0170395,-0.00418628,-6.92046e-05,-0.000265018
4.64,0,0.18328,0.179945,0.044284,0.000543632,0.00333489
4.64,1,0.335756,0.423124,0.267815,-4.29816,-0.0873679
4.64,2,-0.0909895,-0.00830847,-0.310986,-1.85846,-0.082681
4.64,3,2.05938,2.03604,0.495968,-0.0641197,0.0233461
4.64,4,-0.371509,-0.377689,-0.00419021,0.0515362,0.00618013
4.64,5,-0.0173464,-0.0170814,-0.0041863,-6.93297e-05,-0.000265044
4.65,0,0.183722,0.180387,0.044284,0.000533779,0.00333464
4.65,1,0.338499,0.425802,0.267773,-4.29544,-0.0873031
4.65,2,-0.0941071,-0.0114183,-0.310984,-1.85869,-0.0826887
4.65,3,2.06436,2.041,0.49595,-0.0639734,0.0233597
4.65,4,-0.37144,-0.377731,-0.00417,0.0524108,0.00629073
4.65,5,-0.0173883,-0.0171233,-0.00418633,-6.94533e-05,-0.00026507
4.66,0,0.184165,0.18083,0.0442841,0.000523906,0.0033344
4.66,1,0.341242,0.42848,0.267731,-4.29271,-0.0872379
4.66,2,-0.0972246,-0.0145281,-0.310982,-1.85893,-0.0826965
4.66,3,2.06933,2.04596,0.495932,-0.0638252,0.0233734
4.66,4,-0.371371,-0.377772,-0.00414953,0.0532837,0.00640112
4.66,5,-0.0174302,-0.0171651,-0.00418636,-6.95755e-05,-0.000265097
4.67,0,0.184607,0.181273,0.0442841,0.000514014,0.00333416
4.67,1,0.343984,0.431157,0.26769,-4.28996,-0.0871723
4.67,2,-0.100342,-0.017638,-0.31098,-1.85917,-0.0827043
4.67,3,2.0743,2.05091,0.495915,-0.0636753,0.0233873
4.67,4,-0.371303,-0.377814,-0.00412879,0.0541548,0.0065113
4.67,5,-0.0174721,-0.017207,-0.00418638,-6.96964e-05,-0.000265122
4.68,0,0.18505,0.181716,0.0442842,0.000504103,0.00333391
4.68,1,0.346727,0.433833,0.267649,-4.28719,-0.0871062
4.68,2,-0.10346,-0.0207477,-0.310978,-1.85941,-0.082712
4.68,3,2.07928,2.05587,0.495897,-0.0635237,0.0234015
4.68,4,-0.371234,-0.377855,-0.00410779,0.0550241,0.00662128
4.68,5,-0.017514,-0.0172489,-0.00418641,-6.98158e-05,-0.000265148
4.69,0,0.185492,0.182159,0.0442842,0.000494173,0.00333367
4.69,1,0.34947,0.43651,0.267607,-4.28441,-0.0870398
4.69,2,-0.106577,-0.0238575,-0.310976,-1.85964,-0.0827199
4.69,3,2.08425,2.06083,0.495879,-0.0633703,0.0234157
4.69,4,-0.371165,-0.377896,-0.00408652,0.0558916,0.00673104
4.69,5,-0.0175559,-0.0172907,-0.00418644,-6.99337e-05,-0.000265173
4.7,0,0.185935,0.182602,0.0442843,0.000484224,0.00333342
4.7,1,0.352213,0.439185,0.267566,-4.28161,-0.0869729
4.7,2,-0.109695,-0.0269673,-0.310974,-1.85988,-0.0827277
4.7,3,2.08922,2.06579,0.495862,-0.0632151,0.0234302
4.7,4,-0.371096,-0.377937,-0.00406499,0.0567572,0.00684059
4.7,5,-0.0175978,-0.0173326,-0.00418647,-7.00503e-05,-0.000265198
4.71,0,0.186378,0.183045,0.0442843,0.000474256,0.00333318
4.71,1,0.354955,0.441861,0.267525,-4.2788,-0.0869056
4.71,2,-0.112813,-0.030077,-0.310972,-1.86012,-0.0827355
4.71,3,2.09419,2.07075,0.495844,-0.0630582,0.0234448
4.71,4,-0.371027,-0.377977,-0.00404319,0.057621,0.00694992
4.71,5,-0.0176397,-0.0173745,-0.00418649,-7.01654e-05,-0.000265223
4.72,0,0.18682,0.183487,0.0442843,0.00046427,0.00333293
4.72,1,0.357698,0.444536,0.267484,-4.27597,-0.0868379
4.72,2,-0.11593,-0.0331867,-0.31097,-1.86036,-0.0827434
4.72,3,2.09917,2.07571,0.495826,-0.0628995,0.0234596
4.72,4,-0.370958,-0.378018,-0.00402114,0.0584829,0.00705904
4.72,5,-0.0176816,-0.0174163,-0.00418652,-7.02791e-05,-0.000265247
4.73,0,0.187263,0.18393,0.0442844,0.000454266,0.00333269
4.73,1,0.360441,0.447211,0.267443,-4.27312,-0.0867698
4.73,2,-0.119048,-0.0362964,-0.310967,-1.8606,-0.0827513
4.73,3,2.10414,2.08067,0.495809,-0.0627391,0.0234746
4.73,4,-0.37089,-0.378058,-0.00399882,0.0593428,0.00716793
4.73,5,-0.0177235,-0.0174582,-0.00418655,-7.03913e-05,-0.000265271
4.74,0,0.187705,0.184373,0.0442844,0.000444243,0.00333244
4.74,1,0.363183,0.449885,0.267402,-4.27026,-0.0867013
4.74,2,-0.122165,-0.039406,-0.310965,-1.86085,-0.0827592
4.74,3,2.10911,2.08562,0.495791,-0.062577,0.0234898
4.74,4,-0.370821,-0.378097,-0.00397624,0.0602009,0.00727659
4.74,5,-0.0177653,-0.0175,-0.00418658,-7.0502e-05,-0.000265295
4.75,0,0.188148,0.184816,0.0442845,0.000434202,0.00333219
4.75,1,0.365926,0.452559,0.267361,-4.26738,-0.0866324
4.75,2,-0.125283,-0.0425157,-0.310963,-1.86109,-0.0827672
4.75,3,2.11409,2.09058,0.495774,-0.0624131,0.0235051
4.75,4,-0.370752,-0.378137,-0.0039534,0.061057,0.00738503
4.75,5,-0.0178072,-0.0175419,-0.00418661,-7.06113e-05,-0.000265319
4.76,0,0.188591,0.185259,0.0442845,0.000424143,0.00333194
4.76,1,0.368669,0.455232,0.26732,-4.26448,-0.0865631
4.76,2,-0.1284,-0.0456253,-0.310961,-1.86133,-0.0827751
4.76,3,2.11906,2.09554,0.495756,-0.0622475,0.0235206
4.76,4,-0.370683,-0.378177,-0.0039303,0.0619111,0.00749324
4.76,5,-0.0178491,-0.0175838,-0.00418664,-7.0719e-05,-0.000265342
4.77,0,0.189033,0.185702,0.0442846,0.000414066,0.0033317
4.77,1,0.371412,0.457905,0.267279,-4.26157,-0.0864934
4.77,2,-0.131518,-0.0487349,-0.310959,-1.86158,-0.0827831
4.77,3,2.12403,2.1005,0.495739,-0.0620802,0.0235363
4.77,4,-0.370614,-0.378216,-0.00390694,0.0627632,0.00760122
4.77,5,-0.017891,-0.0176256,-0.00418667,-7.08253e-05,-0.000265365
4.78,0,0.189476,0.186144,0.0442846,0.00040397,0.00333145
4.78,1,0.374154,0.460577,0.267239,-4.25865,-0.0864232
4.78,2,-0.134636,-0.0518445,-0.310957,-1.86182,-0.0827911
4.78,3,2.12901,2.10545,0.495721,-0.0619111,0.0235522
4.78,4,-0.370546,-0.378255,-0.00388332,0.0636133,0.00770896
4.78,5,-0.0179329,-0.0176675,-0.00418669,-7.09301e-05,-0.000265388
4.79,0,0.189918,0.186587,0.0442847,0.000393857,0.0033312
4.79,1,0.376897,0.46325,0.267198,-4.2557,-0.0863527
4.79,2,-0.137753,-0.054954,-0.310955,-1.86206,-0.0827991
4.79,3,2.13398,2.11041,0.495704,-0.0617403,0.0235682
4.79,4,-0.370477,-0.378293,-0.00385944,0.0644614,0.00781647
4.79,5,-0.0179748,-0.0177094,-0.00418672,-7.10334e-05,-0.00026541
4.8,0,0.190361,0.18703,0.0442847,0.000383727,0.00333095
4.8,1,0.37964,0.465921,0.267158,-4.25274,-0.0862817
4.8,2,-0.140871,-0.0580636,-0.310953,-1.86231,-0.0828072
4.8,3,2.13895,2.11537,0.495687,-0.0615678,0.0235844
4.8,4,-0.370408,-0.378332,-0.0038353,0.0653075,0.00792373
4.8,5,-0.0180167,-0.0177512,-0.00418675,-7.11351e-05,-0.000265432
4.81,0,0.190804,0.187473,0.0442848,0.000373579,0.0033307
4.81,1,0.382382,0.468593,0.267117,-4.24977,-0.0862104
4.81,2,-0.143988,-0.0611731,-0.31095,-1.86256,-0.0828152
4.81,3,2.14393,2.12033,0.495669,-0.0613936,0.0236008
4.81,4,-0.370339,-0.37837,-0.0038109,0.0661515,0.00803075
4.81,5,-0.0180586,-0.0177931,-0.00418678,-7.12353e-05,-0.000265454
4.82,0,0.191246,0.187916,0.0442848,0.000363413,0.00333045
4.82,1,0.385125,0.471264,0.267077,-4.24678,-0.0861386
4.82,2,-0.147106,-0.0642826,-0.310948,-1.8628,-0.0828233
4.82,3,2.1489,2.12528,0.495652,-0.0612176,0.0236174
4.82,4,-0.37027,-0.378408,-0.00378625,0.0669933,0.00813753
4.82,5,-0.0181005,-0.017835,-0.00418681,-7.1334e-05,-0.000265476
4.83,0,0.191689,0.188359,0.0442849,0.00035323,0.0033302
4.83,1,0.387868,0.473934,0.267037,-4.24377,-0.0860664
4.83,2,-0.150223,-0.067392,-0.310946,-1.86305,-0.0828314
4.83,3,2.15387,2.13024,0.495635,-0.0610399,0.0236341
4.83,4,-0.370202,-0.378446,-0.00376134,0.0678331,0.00824406
4.83,5,-0.0181423,-0.0178769,-0.00418684,-7.14312e-05,-0.000265497
4.84,0,0.192131,0.188802,0.0442849,0.00034303,0.00332994
4.84,1,0.390611,0.476604,0.266996,-4.24074,-0.0859939
4.84,2,-0.153341,-0.0705015,-0.310944,-1.8633,-0.0828396
4.84,3,2.15885,2.13519,0.495617,-0.0608606,0.023651
4.84,4,-0.370133,-0.378483,-0.00373617,0.0686708,0.00835033
4.84,5,-0.0181842,-0.0179187,-0.00418687,-7.15268e-05,-0.000265518
4.85,0,0.192574,0.189244,0.0442849,0.000332812,0.00332969
4.85,1,0.393353,0.479274,0.266956,-4.23771,-0.0859209
4.85,2,-0.156459,-0.0736109,-0.310942,-1.86355,-0.0828477
4.85,3,2.16382,2.14015,0.4956,-0.0606795,0.0236681
4.85,4,-0.370064,-0.37852,-0.00371075,0.0695062,0.00845636
4.85,5,-0.0182261,-0.0179606,-0.0041869,-7.16208e-05,-0.000265538
4.86,0,0.193017,0.189687,0.044285,0.000322578,0.00332944
4.86,1,0.396096,0.481943,0.266916,-4.23465,-0.0858475
4.86,2,-0.159576,-0.0767203,-0.31094,-1.8638,-0.0828559
4.86,3,2.16879,2.14511,0.495583,-0.0604967,0.0236853
4.86,4,-0.369995,-0.378557,-0.00368508,0.0703396,0.00856213
4.86,5,-0.018268,-0.0180025,-0.00418693,-7.17133e-05,-0.000265559
4.87,0,0.193459,0.19013,0.044285,0.000312327,0.00332919
4.87,1,0.398839,0.484612,0.266876,-4.23158,-0.0857738
4.87,2,-0.162694,-0.0798297,-0.310937,-1.86405,-0.0828641
4.87,3,2.17377,2.15006,0.495566,-0.0603123,0.0237027
4.87,4,-0.369926,-0.378594,-0.00365915,0.0711707,0.00866764
4.87,5,-0.0183099,-0.0180443,-0.00418696,-7.18042e-05,-0.000265579
4.88,0,0.193902,0.190573,0.0442851,0.000302059,0.00332893
4.88,1,0.401581,0.487281,0.266836,-4.22849,-0.0856996
4.88,2,-0.165811,-0.0829391,-0.310935,-1.8643,-0.0828723
4.88,3,2.17874,2.15502,0.495549,-0.0601261,0.0237203
4.88,4,-0.369858,-0.378631,-0.00363296,0.0719996,0.00877289
4.88,5,-0.0183518,-0.0180862,-0.00418699,-7.18935e-05,-0.000265598
4.89,0,0.194344,0.191016,0.0442851,0.000291775,0.00332868
4.89,1,0.404324,0.489949,0.266797,-4.22539,-0.085625
4.89,2,-0.168929,-0.0860484,-0.310933,-1.86455,-0.0828805
4.89,3,2.18371,2.15997,0.495532,-0.0599383,0.0237381
4.89,4,-0.369789,-0.378667,-0.00360653,0.0728263,0.00887787
4.89,5,-0.0183937,-0.0181281,-0.00418703,-7.19813e-05,-0.000265618
4.9,0,0.194787,0.191459,0.0442852,0.000281475,0.00332842
4.9,1,0.407067,0.492617,0.266757,-4.22227,-0.0855501
4.9,2,-0.172047,-0.0891577,-0.310931,-1.8648,-0.0828888
4.9,3,2.18868,2.16493,0.495515,-0.0597487,0.023756
4.9,4,-0.36972,-0.378703,-0.00357984,0.0736507,0.0089826
4.9,5,-0.0184356,-0.0181699,-0.00418706,-7.20674e-05,-0.000265637
4.91,0,0.19523,0.191901,0.0442852,0.000271158,0.00332817
4.91,1,0.409809,0.495284,0.266717,-4.21914,-0.0854747
4.91,2,-0.175164,-0.092267,-0.310929,-1.86505,-0.0828971
4.91,3,2.19366,2.16988,0.495498,-0.0595575,0.0237741
4.91,4,-0.369651,-0.378738,-0.00355289,0.0744728,0.00908705
4.91,5,-0.0184775,-0.0182118,-0.00418709,-7.21519e-05,-0.000265656
4.92,0,0.195672,0.192344,0.0442853,0.000260825,0.00332791
4.92,1,0.412552,0.497951,0.266678,-4.21599,-0.085399
4.92,2,-0.178282,-0.0953763,-0.310927,-1.86531,-0.0829054
4.92,3,2.19863,2.17484,0.495481,-0.0593646,0.0237924
4.92,4,-0.369582,-0.378774,-0.0035257,0.0752927,0.00919123
4.92,5,-0.0185194,-0.0182537,-0.00418712,-7.22348e-05,-0.000265674
4.93,0,0.196115,0.192787,0.0442853,0.000250476,0.00332766
4.93,1,0.415295,0.500618,0.266638,-4.21283,-0.0853228
4.93,2,-0.181399,-0.0984856,-0.310924,-1.86556,-0.0829137
4.93,3,2.2036,2.17979,0.495464,-0.05917,0.0238108
4.93,4,-0.369514,-0.378809,-0.00349826,0.0761102,0.00929514
4.93,5,-0.0185612,-0.0182956,-0.00418715,-7.23161e-05,-0.000265692
4.94,0,0.196557,0.19323,0.0442853,0.000240111,0.0033274
4.94,1,0.418038,0.503284,0.266599,-4.20965,-0.0852463
4.94,2,-0.184517,-0.101595,-0.310922,-1.86582,-0.0829221
4.94,3,2.20858,2.18475,0.495447,-0.0589738,0.0238294
4.94,4,-0.369445,-0.378844,-0.00347056,0.0769255,0.00939877
4.94,5,-0.0186031,-0.0183374,-0.00418718,-7.23958e-05,-0.00026571
4.95,0,0.197,0.193673,0.0442854,0.00022973,0.00332715
4.95,1,0.42078,0.50595,0.266559,-4.20645,-0.0851693
4.95,2,-0.187634,-0.104704,-0.31092,-1.86607,-0.0829304
4.95,3,2.21355,2.1897,0.49543,-0.0587759,0.0238482
4.95,4,-0.369376,-0.378878,-0.00344262,0.0777383,0.00950213
4.95,5,-0.018645,-0.0183793,-0.00418721,-7.24739e-05,-0.000265728
4.96,0,0.197443,0.194116,0.0442854,0.000219334,0.00332689
4.96,1,0.423523,0.508615,0.26652,-4.20324,-0.085092
4.96,2,-0.190752,-0.107813,-0.310918,-1.86633,-0.0829388
4.96,3,2.21852,2.19466,0.495413,-0.0585763,0.0238671
4.96,4,-0.369307,-0.378912,-0.00341443,0.0785488,0.0096052
4.96,5,-0.0186869,-0.0184212,-0.00418725,-7.25502e-05,-0.000265745
4.97,0,0.197885,0.194559,0.0442855,0.000208922,0.00332663
4.97,1,0.426266,0.51128,0.266481,-4.20001,-0.0850143
4.97,2,-0.19387,-0.110922,-0.310916,-1.86659,-0.0829472
4.97,3,2.2235,2.19961,0.495396,-0.0583751,0.0238863
4.97,4,-0.369238,-0.378946,-0.00338599,0.0793569,0.00970799
4.97,5,-0.0187288,-0.018463,-0.00418728,-7.2625e-05,-0.000265762
4.98,0,0.198328,0.195001,0.0442855,0.000198496,0.00332638
4.98,1,0.429008,0.513945,0.266442,-4.19677,-0.0849362
4.98,2,-0.196987,-0.114032,-0.310913,-1.86684,-0.0829557
4.98,3,2.22847,2.20456,0.495379,-0.0581722,0.0239055
4.98,4,-0.36917,-0.37898,-0.0033573,0.0801626,0.0098105
4.98,5,-0.0187707,-0.0185049,-0.00418731,-7.26981e-05,-0.000265778
4.99,0,0.19877,0.195444,0.0442855,0.000188054,0.00332612
4.99,1,0.431751,0.516609,0.266403,-4.19352,-0.0848577
4.99,2,-0.200105,-0.117141,-0.310911,-1.8671,-0.0829641
4.99,3,2.23344,2.20952,0.495363,-0.0579677,0.023925
4.99,4,-0.369101,-0.379014,-0.00332837,0.0809659,0.00991271
4.99,5,-0.0188126,-0.0185468,-0.00418734,-7.27695e-05,-0.000265794
5,0,0.199213,0.195887,0.0442856,0.000177597,0.00332586
5,1,0.434494,0.519273,0.266364,-4.19024,-0.0847788
5,2,-0.203222,-0.12025,-0.310909,-1.86736,-0.0829726
5,3,2.23842,2.21447,0.495346,-0.0577615,0.0239446
5,4,-0.369032,-0.379047,-0.00329919,0.0817667,0.0100146
5,5,-0.0188545,-0.0185887,-0.00418738,-7.28393e-05,-0.00026581
5.01,0,0.199656,0.19633,0.0442856,0.000167126,0.0033256
5.01,1,0.437237,0.521936,0.266325,-4.18695,-0.0846995
5.01,2,-0.20634,-0.123359,-0.310907,-1.86762,-0.0829811
5.01,3,2.24339,2.21942,0.495329,-0.0575537,0.0239644
5.01,4,-0.368963,-0.379079,-0.00326976,0.082565,0.0101163
5.01,5,-0.0188964,-0.0186305,-0.00418741,-7.29074e-05,-0.000265826
5.02,0,0.200098,0.196773,0.0442857,0.000156639,0.00332534
5.02,1,0.439979,0.524599,0.266286,-4.18365,-0.0846198
5.02,2,-0.209457,-0.126468,-0.310904,-1.86788,-0.0829896
5.02,3,2.24836,2.22438,0.495313,-0.0573443,0.0239843
5.02,4,-0.368894,-0.379112,-0.00324009,0.0833609,0.0102176
5.02,5,-0.0189382,-0.0186724,-0.00418744,-7.29737e-05,-0.000265841
5.03,0,0.200541,0.197216,0.0442857,0.000146139,0.00332508
5.03,1,0.442722,0.527262,0.266248,-4.18033,-0.0845397
5.03,2,-0.212575,-0.129577,-0.310902,-1.86814,-0.0829982
5.03,3,2.25334,2.22933,0.495296,-0.0571332,0.0240045
5.03,4,-0.368826,-0.379144,-0.00321017,0.0841543,0.0103186
5.03,5,-0.0189801,-0.0187143,-0.00418747,-7.30385e-05,-0.000265856
5.04,0,0.200983,0.197659,0.0442857,0.000135624,0.00332482
5.04,1,0.445465,0.529924,0.266209,-4.177,-0.0844593
5.04,2,-0.215693,-0.132686,-0.3109,-1.8684,-0.0830067
5.04,3,2.25831,2.23428,0.49528,-0.0569205,0.0240247
5.04,4,-0.368757,-0.379176,-0.00318002,0.0849451,0.0104194
5.04,5,-0.019022,-0.0187562,-0.00418751,-7.31015e-05,-0.000265871
5.05,0,0.201426,0.198101,0.0442858,0.000125095,0.00332456
5.05,1,0.448207,0.532586,0.26617,-4.17365,-0.0843785
5.05,2,-0.21881,-0.135795,-0.310898,-1.86866,-0.0830153
5.05,3,2.26328,2.23924,0.495263,-0.0567062,0.0240452
5.05,4,-0.368688,-0.379208,-0.00314961,0.0857334,0.0105198
5.05,5,-0.0190639,-0.018798,-0.00418754,-7.31628e-05,-0.000265885
5.06,0,0.201869,0.198544,0.0442858,0.000114552,0.0033243
5.06,1,0.45095,0.535247,0.266132,-4.17029,-0.0842973
5.06,2,-0.221928,-0.138904,-0.310896,-1.86893,-0.0830239
5.06,3,2.26825,2.24419,0.495247,-0.0564902,0.0240658
5.06,4,-0.368619,-0.379239,-0.00311897,0.0865191,0.01062
5.06,5,-0.0191058,-0.0188399,-0.00418757,-7.32223e-05,-0.000265899
5.07,0,0.202311,0.198987,0.0442859,0.000103996,0.00332404
5.07,1,0.453693,0.537908,0.266094,-4.16691,-0.0842157
5.07,2,-0.225045,-0.142013,-0.310893,-1.86919,-0.0830326
5.07,3,2.27323,2.24914,0.495231,-0.0562727,0.0240866
5.07,4,-0.36855,-0.37927,-0.00308809,0.0873022,0.0107198
5.07,5,-0.0191477,-0.0188818,-0.00418761,-7.32802e-05,-0.000265913
5.08,0,0.202754,0.19943,0.0442859,9.34254e-05,0.00332378
5.08,1,0.456436,0.540569,0.266055,-4.16351,-0.0841337
5.08,2,-0.228163,-0.145122,-0.310891,-1.86946,-0.0830412
5.08,3,2.2782,2.25409,0.495214,-0.0560535,0.0241075
5.08,4,-0.368482,-0.379301,-0.00305696,0.0880828,0.0108193
5.08,5,-0.0191896,-0.0189237,-0.00418764,-7.33364e-05,-0.000265926
5.09,0,0.203196,0.199873,0.0442859,8.28418e-05,0.00332352
5.09,1,0.459178,0.54323,0.266017,-4.1601,-0.0840513
5.09,2,-0.231281,-0.148231,-0.310889,-1.86972,-0.0830499
5.09,3,2.28317,2.25905,0.495198,-0.0558327,0.0241286
5.09,4,-0.368413,-0.379331,-0.0030256,0.0888607,0.0109185
5.09,5,-0.0192315,-0.0189655,-0.00418768,-7.33908e-05,-0.000265939
5.1,0,0.203639,0.200316,0.044286,7.2245e-05,0.00332325
5.1,1,0.461921,0.54589,0.265979,-4.15668,-0.0839685
5.1,2,-0.234398,-0.151339,-0.310887,-1.86999,-0.0830586
5.1,3,2.28815,2.264,0.495182,-0.0556104,0.0241499
5.1,4,-0.368344,-0.379361,-0.00299399,0.089636,0.0110174
5.1,5,-0.0192734,-0.0190074,-0.00418771,-7.34435e-05,-0.000265951
5.11,0,0.204082,0.200759,0.044286,6.16351e-05,0.00332299
5.11,1,0.464664,0.548549,0.265941,-4.15324,-0.0838854
5.11,2,-0.237516,-0.154448,-0.310884,-1.87025,-0.0830674
5.11,3,2.29312,2.26895,0.495166,-0.0553864,0.0241713
5.11,4,-0.368275,-0.379391,-0.00296215,0.0904086,0.0111159
5.11,5,-0.0193153,-0.0190493,-0.00418774,-7.34944e-05,-0.000265963
5.12,0,0.204524,0.201201,0.044286,5.10123e-05,0.00332273
5.12,1,0.467406,0.551208,0.265903,-4.14978,-0.0838019
5.12,2,-0.240633,-0.157557,-0.310882,-1.87052,-0.0830761
5.12,3,2.29809,2.2739,0.495149,-0.0551608,0.0241929
5.12,4,-0.368206,-0.379421,-0.00293007,0.0911785,0.0112142
5.12,5,-0.0193571,-0.0190912,-0.00418778,-7.35436e-05,-0.000265975
5.13,0,0.204967,0.201644,0.0442861,4.03769e-05,0.00332246
5.13,1,0.470149,0.553867,0.265865,-4.14632,-0.083718
5.13,2,-0.243751,-0.160666,-0.31088,-1.87079,-0.0830849
5.13,3,2.30307,2.27885,0.495133,-0.0549337,0.0242146
5.13,4,-0.368138,-0.37945,-0.00289775,0.0919458,0.0113121
5.13,5,-0.019399,-0.019133,-0.00418781,-7.3591e-05,-0.000265987
5.14,0,0.205409,0.202087,0.0442861,2.9729e-05,0.0033222
5.14,1,0.472892,0.556526,0.265827,-4.14283,-0.0836337
5.14,2,-0.246868,-0.163775,-0.310878,-1.87105,-0.0830937
5.14,3,2.30804,2.2838,0.495117,-0.054705,0.0242365
5.14,4,-0.368069,-0.379479,-0.0028652,0.0927103,0.0114097
5.14,5,-0.0194409,-0.0191749,-0.00418785,-7.36367e-05,-0.000265998
5.15,0,0.205852,0.20253,0.0442861,1.90688e-05,0.00332194
5.15,1,0.475635,0.559184,0.265789,-4.13933,-0.0835491
5.15,2,-0.249986,-0.166884,-0.310875,-1.87132,-0.0831025
5.15,3,2.31301,2.28875,0.495101,-0.0544747,0.0242586
5.15,4,-0.368,-0.379507,-0.00283241,0.0934721,0.011507
5.15,5,-0.0194828,-0.0192168,-0.00418788,-7.36806e-05,-0.000266009
5.16,0,0.206295,0.202973,0.0442862,8.3965e-06,0.00332167
5.16,1,0.478377,0.561841,0.265752,-4.13582,-0.0834641
5.16,2,-0.253104,-0.169992,-0.310873,-1.87159,-0.0831113
5.16,3,2.31799,2.29371,0.495085,-0.0542429,0.0242808
5.16,4,-0.367931,-0.379535,-0.00279939,0.0942311,0.0116039
5.16,5,-0.0195247,-0.0192587,-0.00418792,-7.37227e-05,-0.00026602
5.17,0,0.206737,0.203416,0.0442862,-2.28771e-06,0.00332141
5.17,1,0.48112,0.564499,0.265714,-4.13229,-0.0833787
5.17,2,-0.256221,-0.173101,-0.310871,-1.87186,-0.0831202
5.17,3,2.32296,2.29866,0.495069,-0.0540095,0.0243032
5.17,4,-0.367862,-0.379563,-0.00276613,0.0949874,0.0117005
5.17,5,-0.0195666,-0.0193006,-0.00418795,-7.3763e-05,-0.00026603
5.18,0,0.20718,0.203859,0.0442862,-1.29836e-05,0.00332114
5.18,1,0.483863,0.567156,0.265677,-4.12875,-0.0832929
5.18,2,-0.259339,-0.17621,-0.310868,-1.87213,-0.0831291
5.18,3,2.32793,2.30361,0.495054,-0.0537745,0.0243258
5.18,4,-0.367794,-0.37959,-0.00273264,0.0957409,0.0117968
5.18,5,-0.0196085,-0.0193424,-0.00418799,-7.38016e-05,-0.000266039
5.19,0,0.207622,0.204301,0.0442863,-2.36911e-05,0.00332088
5.19,1,0.486605,0.569812,0.265639,-4.12519,-0.0832067
5.19,2,-0.262456,-0.179318,-0.310866,-1.87241,-0.083138
5.19,3,2.33291,2.30856,0.495038,-0.053538,0.0243485
5.19,4,-0.367725,-0.379618,-0.00269891,0.0964916,0.0118928
5.19,5,-0.0196504,-0.0193843,-0.00418802,-7.38383e-05,-0.000266049
5.2,0,0.208065,0.204744,0.0442863,-3.44098e-05,0.00332061
5.2,1,0.489348,0.572468,0.265602,-4.12161,-0.0831202
5.2,2,-0.265574,-0.182427,-0.310864,-1.87268,-0.0831469
5.2,3,2.33788,2.31351,0.495022,-0.0532999,0.0243713
5.2,4,-0.367656,-0.379644,-0.00266496,0.0972395,0.0119884
5.2,5,-0.0196923,-0.0194262,-0.00418806,-7.38733e-05,-0.000266058
5.21,0,0.208508,0.205187,0.0442863,-4.51397e-05,0.00332035
5.21,1,0.492091,0.575124,0.265565,-4.11803,-0.0830333
5.21,2,-0.268691,-0.185536,-0.310862,-1.87295,-0.0831559
5.21,3,2.34285,2.31846,0.495006,-0.0530603,0.0243943
5.21,4,-0.367587,-0.379671,-0.00263077,0.0979845,0.0120836
5.21,5,-0.0197342,-0.0194681,-0.00418809,-7.39064e-05,-0.000266067
5.22,0,0.20895,0.20563,0.0442864,-5.58805e-05,0.00332008
5.22,1,0.494833,0.57778,0.265527,-4.11442,-0.0829461
5.22,2,-0.271809,-0.188644,-0.310859,-1.87323,-0.0831648
5.22,3,2.34783,2.32341,0.494991,-0.0528192,0.0244175
5.22,4,-0.367518,-0.379697,-0.00259635,0.0987266,0.0121786
5.22,5,-0.019776,-0.01951,-0.00418813,-7.39378e-05,-0.000266075
5.23,0,0.209393,0.206073,0.0442864,-6.6632e-05,0.00331981
5.23,1,0.497576,0.580435,0.26549,-4.11081,-0.0828584
5.23,2,-0.274927,-0.191753,-0.310857,-1.8735,-0.0831738
5.23,3,2.3528,2.32836,0.494975,-0.0525765,0.0244409
5.23,4,-0.36745,-0.379723,-0.00256171,0.0994659,0.0122731
5.23,5,-0.0198179,-0.0195518,-0.00418816,-7.39673e-05,-0.000266083
5.24,0,0.209835,0.206516,0.0442864,-7.73939e-05,0.00331955
5.24,1,0.500319,0.583089,0.265453,-4.10718,-0.0827704
5.24,2,-0.278044,-0.194861,-0.310855,-1.87378,-0.0831828
5.24,3,2.35777,2.33331,0.49496,-0.0523323,0.0244643
5.24,4,-0.367381,-0.379748,-0.00252683,0.100202,0.0123674
5.24,5,-0.0198598,-0.0195937,-0.0041882,-7.3995e-05,-0.000266091
5.25,0,0.210278,0.206959,0.0442864,-8.81662e-05,0.00331928
5.25,1,0.503062,0.585744,0.265416,-4.10353,-0.082682
5.25,2,-0.281162,-0.19797,-0.310853,-1.87405,-0.0831919
5.25,3,2.36274,2.33826,0.494944,-0.0520866,0.024488
5.25,4,-0.367312,-0.379773,-0.00249173,0.100936,0.0124612
5.25,5,-0.0199017,-0.0196356,-0.00418823,-7.40209e-05,-0.000266098
5.26,0,0.210721,0.207402,0.0442865,-9.89485e-05,0.00331901
5.26,1,0.505804,0.588398,0.265379,-4.09987,-0.0825933
5.26,2,-0.284279,-0.201078,-0.31085,-1.87433,-0.083201
5.26,3,2.36772,2.34321,0.494929,-0.0518394,0.0245118
5.26,4,-0.367243,-0.379798,-0.0024564,0.101666,0.0125548
5.26,5,-0.0199436,-0.0196775,-0.00418827,-7.40449e-05,-0.000266105
5.27,0,0.211163,0.207844,0.0442865,-0.000109741,0.00331874
5.27,1,0.508547,0.591051,0.265343,-4.09619,-0.0825042
5.27,2,-0.287397,-0.204187,-0.310848,-1.87461,-0.08321
5.27,3,2.37269,2.34816,0.494913,-0.0515907,0.0245357
5.27,4,-0.367174,-0.379822,-0.00242085,0.102394,0.0126479
5.27,5,-0.0199855,-0.0197194,-0.00418831,-7.40671e-05,-0.000266112
5.28,0,0.211606,0.208287,0.0442865,-0.000120543,0.00331848
5.28,1,0.51129,0.593704,0.265306,-4.0925,-0.0824147
5.28,2,-0.290515,-0.207295,-0.310846,-1.87488,-0.0832192
5.28,3,2.37766,2.3531,0.494898,-0.0513404,0.0245598
5.28,4,-0.367106,-0.379846,-0.00238507,0.103119,0.0127408
5.28,5,-0.0200274,-0.0197613,-0.00418834,-7.40875e-05,-0.000266118
5.29,0,0.212048,0.20873,0.0442866,-0.000131354,0.00331821
5.29,1,0.514032,0.596357,0.265269,-4.0888,-0.0823248
5.29,2,-0.293632,-0.210404,-0.310844,-1.87516,-0.0832283
5.29,3,2.38264,2.35805,0.494883,-0.0510887,0.0245841
5.29,4,-0.367037,-0.37987,-0.00234906,0.10384,0.0128332
5.29,5,-0.0200693,-0.0198031,-0.00418838,-7.4106e-05,-0.000266124
5.3,0,0.212491,0.209173,0.0442866,-0.000142174,0.00331794
5.3,1,0.516775,0.59901,0.265233,-4.08508,-0.0822346
5.3,2,-0.29675,-0.213512,-0.310841,-1.87544,-0.0832374
5.3,3,2.38761,2.363,0.494868,-0.0508355,0.0246085
5.3,4,-0.366968,-0.379893,-0.00231283,0.104559,0.0129253
5.3,5,-0.0201112,-0.019845,-0.00418842,-7.41227e-05,-0.00026613
5.31,0,0.212934,0.209616,0.0442866,-0.000153004,0.00331767
5.31,1,0.519518,0.601662,0.265196,-4.08135,-0.082144
5.31,2,-0.299867,-0.216621,-0.310839,-1.87572,-0.0832466
5.31,3,2.39258,2.36795,0.494852,-0.0505808,0.0246331
5.31,4,-0.366899,-0.379916,-0.00227638,0.105274,0.013017
5.31,5,-0.020153,-0.0198869,-0.00418845,-7.41375e-05,-0.000266135
5.32,0,0.213376,0.210059,0.0442866,-0.000163842,0.0033174
5.32,1,0.522261,0.604314,0.26516,-4.0776,-0.0820531
5.32,2,-0.302985,-0.219729,-0.310837,-1.876,-0.0832558
5.32,3,2.39756,2.3729,0.494837,-0.0503246,0.0246578
5.32,4,-0.36683,-0.379939,-0.00223971,0.105987,0.0131084
5.32,5,-0.0201949,-0.0199288,-0.00418849,-7.41504e-05,-0.000266139
5.33,0,0.213819,0.210502,0.0442867,-0.000174688,0.00331713
5.33,1,0.525003,0.606965,0.265124,-4.07384,-0.0819618
5.33,2,-0.306102,-0.222837,-0.310834,-1.87628,-0.083265
5.33,3,2.40253,2.37785,0.494822,-0.050067,0.0246826
5.33,4,-0.366762,-0.379961,-0.00220281,0.106697,0.0131994
5.33,5,-0.0202368,-0.0199707,-0.00418853,-7.41615e-05,-0.000266144
5.34,0,0.214261,0.210944,0.0442867,-0.000185544,0.00331686
5.34,1,0.527746,0.609616,0.265088,-4.07007,-0.0818701
5.34,2,-0.30922,-0.225946,-0.310832,-1.87656,-0.0832743
5.34,3,2.4075,2.3828,0.494807,-0.0498079,0.0247076
5.34,4,-0.366693,-0.379983,-0.0021657,0.107403,0.01329
5.34,5,-0.0202787,-0.0200126,-0.00418856,-7.41707e-05,-0.000266148
5.35,0,0.214704,0.211387,0.0442867,-0.000196407,0.00331659
5.35,1,0.530489,0.612267,0.265051,-4.06628,-0.0817781
5.35,2,-0.312338,-0.229054,-0.31083,-1.87685,-0.0832836
5.35,3,2.41248,2.38774,0.494792,-0.0495473,0.0247328
5.35,4,-0.366624,-0.380004,-0.00212836,0.108106,0.0133803
5.35,5,-0.0203206,-0.0200545,-0.0041886,-7.4178e-05,-0.000266152
5.36,0,0.215147,0.21183,0.0442867,-0.000207278,0.00331632
5.36,1,0.533231,0.614917,0.265015,-4.06247,-0.0816857
5.36,2,-0.315455,-0.232162,-0.310828,-1.87713,-0.0832929
5.36,3,2.41745,2.39269,0.494778,-0.0492853,0.0247581
5.36,4,-0.366555,-0.380025,-0.00209081,0.108807,0.0134702
5.36,5,-0.0203625,-0.0200963,-0.00418864,-7.41834e-05,-0.000266155
5.37,0,0.215589,0.212273,0.0442868,-0.000218156,0.00331605
5.37,1,0.535974,0.617567,0.264979,-4.05865,-0.0815929
5.37,2,-0.318573,-0.235271,-0.310825,-1.87741,-0.0833022
5.37,3,2.42242,2.39764,0.494763,-0.0490219,0.0247836
5.37,4,-0.366486,-0.380046,-0.00205304,0.109504,0.0135597
5.37,5,-0.0204044,-0.0201382,-0.00418867,-7.4187e-05,-0.000266158
5.38,0,0.216032,0.212716,0.0442868,-0.000229042,0.00331578
5.38,1,0.538717,0.620217,0.264944,-4.05482,-0.0814998
5.38,2,-0.32169,-0.238379,-0.310823,-1.8777,-0.0833115
5.38,3,2.4274,2.40259,0.494748,-0.048757,0.0248092
5.38,4,-0.366418,-0.380066,-0.00201505,0.110198,0.0136488
5.38,5,-0.0204463,-0.0201801,-0.00418871,-7.41887e-05,-0.00026616
5.39,0,0.216474,0.213159,0.0442868,-0.000239935,0.00331551
5.39,1,0.54146,0.622866,0.264908,-4.05098,-0.0814063
5.39,2,-0.324808,-0.241487,-0.310821,-1.87798,-0.0833209
5.39,3,2.43237,2.40753,0.494733,-0.0484906,0.0248349
5.39,4,-0.366349,-0.380086,-0.00197685,0.110889,0.0137375
5.39,5,-0.0204882,-0.020222,-0.00418875,-7.41884e-05,-0.000266163
5.4,0,0.216917,0.213602,0.0442868,-0.000250835,0.00331524
5.4,1,0.544202,0.625515,0.264872,-4.04712,-0.0813125
5.4,2,-0.327925,-0.244595,-0.310818,-1.87827,-0.0833303
5.4,3,2.43734,2.41248,0.494719,-0.0482229,0.0248608
5.4,4,-0.36628,-0.380106,-0.00193843,0.111576,0.0138259
5.4,5,-0.0205301,-0.0202639,-0.00418879,-7.41863e-05,-0.000266164
5.41,0,0.217359,0.214045,0.0442868,-0.000261742,0.00331497
5.41,1,0.546945,0.628163,0.264836,-4.04324,-0.0812183
5.41,2,-0.331043,-0.247703,-0.310816,-1.87856,-0.0833397
5.41,3,2.44232,2.41743,0.494704,-0.0479537,0.0248869
5.41,4,-0.366211,-0.380125,-0.00189979,0.112261,0.0139139
5.41,5,-0.0205719,-0.0203058,-0.00418882,-7.41822e-05,-0.000266166
5.42,0,0.217802,0.214487,0.0442869,-0.000272655,0.0033147
5.42,1,0.549688,0.630811,0.264801,-4.03935,-0.0811238
5.42,2,-0.334161,-0.250812,-0.310814,-1.87884,-0.0833491
5.42,3,2.44729,2.42238,0.49469,-0.0476831,0.0249131
5.42,4,-0.366142,-0.380144,-0.00186095,0.112942,0.0140014
5.42,5,-0.0206138,-0.0203477,-0.00418886,-7.41763e-05,-0.000266167
5.43,0,0.218245,0.21493,0.0442869,-0.000283574,0.00331443
5.43,1,0.55243,0.633459,0.264765,-4.03545,-0.0810289
5.43,2,-0.337278,-0.25392,-0.310812,-1.87913,-0.0833585
5.43,3,2.45226,2.42732,0.494675,-0.0474111,0.0249394
5.43,4,-0.366074,-0.380162,-0.00182189,0.11362,0.0140886
5.43,5,-0.0206557,-0.0203896,-0.0041889,-7.41684e-05,-0.000266168
5.44,0,0.218687,0.215373,0.0442869,-0.000294499,0.00331416
5.44,1,0.555173,0.636107,0.26473,-4.03154,-0.0809336
5.44,2,-0.340396,-0.257028,-0.310809,-1.87942,-0.083368
5.44,3,2.45723,2.43227,0.494661,-0.0471377,0.0249659
5.44,4,-0.366005,-0.38018,-0.00178261,0.114295,0.0141754
5.44,5,-0.0206976,-0.0204314,-0.00418894,-7.41586e-05,-0.000266168
5.45,0,0.21913,0.215816,0.0442869,-0.00030543,0.00331388
5.45,1,0.557916,0.638754,0.264695,-4.02761,-0.080838
5.45,2,-0.343513,-0.260136,-0.310807,-1.87971,-0.0833775
5.45,3,2.46221,2.43722,0.494647,-0.046863,0.0249925
5.45,4,-0.365936,-0.380198,-0.00174313,0.114966,0.0142619
5.45,5,-0.0207395,-0.0204733,-0.00418898,-7.41469e-05,-0.000266168
5.46,0,0.219572,0.216259,0.0442869,-0.000316366,0.00331361
5.46,1,0.560659,0.641401,0.26466,-4.02366,-0.0807421
5.46,2,-0.346631,-0.263244,-0.310805,-1.88,-0.083387
5.46,3,2.46718,2.44216,0.494633,-0.0465868,0.0250193
5.46,4,-0.365867,-0.380215,-0.00170344,0.115635,0.0143479
5.46,5,-0.0207814,-0.0205152,-0.00418901,-7.41332e-05,-0.000266167
5.47,0,0.220015,0.216702,0.044287,-0.000327307,0.00331334
5.47,1,0.563401,0.644047,0.264625,-4.0197,-0.0806458
5.47,2,-0.349749,-0.266352,-0.310803,-1.88029,-0.0833966
5.47,3,2.47215,2.44711,0.494618,-0.0463092,0.0250462
5.47,4,-0.365798,-0.380232,-0.00166354,0.1163,0.0144335
5.47,5,-0.0208233,-0.0205571,-0.00418905,-7.41177e-05,-0.000266167
5.48,0,0.220458,0.217145,0.044287,-0.000338254,0.00331307
5.48,1,0.566144,0.646693,0.264589,-4.01573,-0.0805491
5.48,2,-0.352866,-0.26946,-0.3108,-1.88058,-0.0834061
5.48,3,2.47713,2.45205,0.494604,-0.0460303,0.0250732
5.48,4,-0.36573,-0.380248,-0.00162343,0.116961,0.0145187
5.48,5,-0.0208652,-0.020599,-0.00418909,-7.41002e-05,-0.000266165
5.49,0,0.2209,0.217587,0.044287,-0.000349205,0.00331279
5.49,1,0.568887,0.649339,0.264555,-4.01175,-0.0804521
5.49,2,-0.355984,-0.272568,-0.310798,-1.88088,-0.0834157
5.49,3,2.4821,2.457,0.49459,-0.04575,0.0251004
5.49,4,-0.365661,-0.380264,-0.00158311,0.11762,0.0146035
5.49,5,-0.0209071,-0.0206409,-0.00418913,-7.40807e-05,-0.000266164
5.5,0,0.221343,0.21803,0.044287,-0.00036016,0.00331252
5.5,1,0.571629,0.651984,0.26452,-4.00775,-0.0803547
5.5,2,-0.359101,-0.275676,-0.310796,-1.88117,-0.0834253
5.5,3,2.48707,2.46195,0.494576,-0.0454684,0.0251277
5.5,4,-0.365592,-0.38028,-0.00154259,0.118275,0.0146879
5.5,5,-0.0209489,-0.0206828,-0.00418917,-7.40593e-05,-0.000266162
5.51,0,0.221785,0.218473,0.044287,-0.00037112,0.00331225
5.51,1,0.574372,0.654629,0.264485,-4.00374,-0.080257
5.51,2,-0.362219,-0.278784,-0.310794,-1.88146,-0.083435
5.51,3,2.49205,2.46689,0.494562,-0.0451854,0.0251552
5.51,4,-0.365523,-0.380295,-0.00150186,0.118926,0.0147719
5.51,5,-0.0209908,-0.0207247,-0.0041892,-7.4036e-05,-0.000266159
5.52,0,0.222228,0.218916,0.044287,-0.000382083,0.00331198
5.52,1,0.577115,0.657274,0.26445,-3.99971,-0.080159
5.52,2,-0.365336,-0.281892,-0.310791,-1.88176,-0.0834446
5.52,3,2.49702,2.47184,0.494549,-0.044901,0.0251828
5.52,4,-0.365454,-0.38031,-0.00146093,0.119575,0.0148555
5.52,5,-0.0210327,-0.0207666,-0.00418924,-7.40107e-05,-0.000266157
5.53,0,0.222671,0.219359,0.044287,-0.000393051,0.0033117
5.53,1,0.579858,0.659918,0.264416,-3.99567,-0.0800606
5.53,2,-0.368454,-0.285,-0.310789,-1.88205,-0.0834543
5.53,3,2.50199,2.47678,0.494535,-0.0446154,0.0252106
5.53,4,-0.365385,-0.380324,-0.0014198,0.12022,0.0149387
5.53,5,-0.0210746,-0.0208085,-0.00418928,-7.39835e-05,-0.000266154
5.54,0,0.223113,0.219802,0.0442871,-0.000404021,0.00331143
5.54,1,0.5826,0.662562,0.264381,-3.99162,-0.0799618
5.54,2,-0.371572,-0.288108,-0.310787,-1.88235,-0.083464
5.54,3,2.50697,2.48173,0.494521,-0.0443284,0.0252384
5.54,4,-0.365317,-0.380338,-0.00137846,0.120861,0.0150215
5.54,5,-0.0211165,-0.0208504,-0.00418932,-7.39543e-05,-0.00026615
5.55,0,0.223556,0.220245,0.0442871,-0.000414995,0.00331116
5.55,1,0.585343,0.665206,0.264347,-3.98755,-0.0798627
5.55,2,-0.374689,-0.291215,-0.310785,-1.88264,-0.0834737
5.55,3,2.51194,2.48667,0.494508,-0.04404,0.0252664
5.55,4,-0.365248,-0.380352,-0.00133692,0.121499,0.0151039
5.55,5,-0.0211584,-0.0208922,-0.00418936,-7.39232e-05,-0.000266146
5.56,0,0.223998,0.220688,0.0442871,-0.000425971,0.00331088
5.56,1,0.588086,0.667849,0.264312,-3.98347,-0.0797633
5.56,2,-0.377807,-0.294323,-0.310782,-1.88294,-0.0834835
5.56,3,2.51691,2.49162,0.494494,-0.0437504,0.0252946
5.56,4,-0.365179,-0.380365,-0.00129518,0.122134,0.0151858
5.56,5,-0.0212003,-0.0209341,-0.0041894,-7.38901e-05,-0.000266142
5.57,0,0.224441,0.22113,0.0442871,-0.000436951,0.00331061
5.57,1,0.590828,0.670492,0.264278,-3.97938,-0.0796635
5.57,2,-0.380924,-0.297431,-0.31078,-1.88324,-0.0834932
5.57,3,2.52189,2.49656,0.494481,-0.0434594,0.0253229
5.57,4,-0.36511,-0.380378,-0.00125324,0.122765,0.0152673
5.57,5,-0.0212422,-0.020976,-0.00418944,-7.3855e-05,-0.000266137
5.58,0,0.224884,0.221573,0.0442871,-0.000447932,0.00331033
5.58,1,0.593571,0.673134,0.264244,-3.97527,-0.0795634
5.58,2,-0.384042,-0.300539,-0.310778,-1.88354,-0.083503
5.58,3,2.52686,2.50151,0.494467,-0.0431672,0.0253513
5.58,4,-0.365041,-0.38039,-0.0012111,0.123393,0.0153484
5.58,5,-0.0212841,-0.0210179,-0.00418948,-7.3818e-05,-0.000266132
5.59,0,0.225326,0.222016,0.0442871,-0.000458916,0.00331006
5.59,1,0.596314,0.675777,0.26421,-3.97115,-0.079463
5.59,2,-0.387159,-0.303647,-0.310776,-1.88383,-0.0835129
5.59,3,2.53183,2.50645,0.494454,-0.0428736,0.0253799
5.59,4,-0.364973,-0.380402,-0.00116876,0.124017,0.0154291
5.59,5,-0.021326,-0.0210598,-0.00418952,-7.3779e-05,-0.000266127
5.6,0,0.225769,0.222459,0.0442871,-0.000469901,0.00330979
5.6,1,0.599056,0.678419,0.264176,-3.96701,-0.0793622
5.6,2,-0.390277,-0.306754,-0.310773,-1.88413,-0.0835227
5.6,3,2.53681,2.5114,0.494441,-0.0425788,0.0254086
5.6,4,-0.364904,-0.380413,-0.00112623,0.124638,0.0155094
5.6,5,-0.0213678,-0.0211017,-0.00418955,-7.3738e-05,-0.000266121
5.61,0,0.226211,0.222902,0.0442871,-0.000480888,0.00330951
5.61,1,0.601799,0.68106,0.264142,-3.96287,-0.079261
5.61,2,-0.393395,-0.309862,-0.310771,-1.88443,-0.0835325
5.61,3,2.54178,2.51634,0.494427,-0.0422827,0.0254374
5.61,4,-0.364835,-0.380424,-0.0010835,0.125255,0.0155892
5.61,5,-0.0214097,-0.0211436,-0.00418959,-7.3695e-05,-0.000266115
5.62,0,0.226654,0.223345,0.0442871,-0.000491876,0.00330924
5.62,1,0.604542,0.683701,0.264108,-3.9587,-0.0791595
5.62,2,-0.396512,-0.31297,-0.310769,-1.88474,-0.0835424
5.62,3,2.54675,2.52129,0.494414,-0.0419853,0.0254663
5.62,4,-0.364766,-0.380435,-0.00104058,0.125869,0.0156686
5.62,5,-0.0214516,-0.0211855,-0.00418963,-7.36501e-05,-0.000266108
5.63,0,0.227097,0.223788,0.0442871,-0.000502865,0.00330896
5.63,1,0.607285,0.686342,0.264074,-3.95453,-0.0790577
5.63,2,-0.39963,-0.316077,-0.310767,-1.88504,-0.0835523
5.63,3,2.55172,2.52623,0.494401,-0.0416867,0.0254954
5.63,4,-0.364697,-0.380445,-0.000997462,0.126479,0.0157476
5.63,5,-0.0214935,-0.0212274,-0.00418967,-7.36032e-05,-0.000266101
5.64,0,0.227539,0.224231,0.0442872,-0.000513854,0.00330869
5.64,1,0.610027,0.688983,0.26404,-3.95034,-0.0789556
5.64,2,-0.402747,-0.319185,-0.310764,-1.88534,-0.0835623
5.64,3,2.5567,2.53117,0.494388,-0.0413868,0.0255246
5.64,4,-0.364629,-0.380455,-0.000954151,0.127086,0.0158261
5.64,5,-0.0215354,-0.0212693,-0.00418971,-7.35543e-05,-0.000266094
5.65,0,0.227982,0.224673,0.0442872,-0.000524844,0.00330842
5.65,1,0.61277,0.691623,0.264007,-3.94614,-0.0788531
5.65,2,-0.405865,-0.322293,-0.310762,-1.88564,-0.0835722
5.65,3,2.56167,2.53612,0.494375,-0.0410857,0.025554
5.65,4,-0.36456,-0.380464,-0.000910649,0.127689,0.0159042
5.65,5,-0.0215773,-0.0213112,-0.00418975,-7.35034e-05,-0.000266086
5.66,0,0.228424,0.225116,0.0442872,-0.000535835,0.00330814
5.66,1,0.615513,0.694263,0.263973,-3.94193,-0.0787502
5.66,2,-0.408983,-0.3254,-0.31076,-1.88595,-0.0835822
5.66,3,2.56664,2.54106,0.494363,-0.0407833,0.0255834
5.66,4,-0.364491,-0.380473,-0.000866955,0.128288,0.0159819
5.66,5,-0.0216192,-0.0213531,-0.00418979,-7.34505e-05,-0.000266078
5.67,0,0.228867,0.225559,0.0442872,-0.000546825,0.00330787
5.67,1,0.618255,0.696903,0.26394,-3.9377,-0.0786471
5.67,2,-0.4121,-0.328508,-0.310758,-1.88625,-0.0835922
5.67,3,2.57162,2.546,0.49435,-0.0404797,0.025613
5.67,4,-0.364422,-0.380481,-0.000823072,0.128884,0.0160591
5.67,5,-0.0216611,-0.021395,-0.00418983,-7.33957e-05,-0.000266069
5.68,0,0.22931,0.226002,0.0442872,-0.000557814,0.00330759
5.68,1,0.620998,0.699542,0.263906,-3.93346,-0.0785436
5.68,2,-0.415218,-0.331616,-0.310756,-1.88655,-0.0836022
5.68,3,2.57659,2.55095,0.494337,-0.0401748,0.0256427
5.68,4,-0.364353,-0.380489,-0.000779,0.129477,0.0161359
5.68,5,-0.021703,-0.0214369,-0.00418987,-7.33388e-05,-0.00026606
5.69,0,0.229752,0.226445,0.0442872,-0.000568803,0.00330732
5.69,1,0.623741,0.702181,0.263873,-3.92921,-0.0784398
5.69,2,-0.418335,-0.334723,-0.310753,-1.88686,-0.0836122
5.69,3,2.58156,2.55589,0.494325,-0.0398688,0.0256726
5.69,4,-0.364285,-0.380497,-0.00073474,0.130065,0.0162122
5.69,5,-0.0217448,-0.0214788,-0.00418991,-7.328e-05,-0.000266051
5.7,0,0.230195,0.226888,0.0442872,-0.000579791,0.00330704
5.7,1,0.626484,0.704819,0.26384,-3.92494,-0.0783356
5.7,2,-0.421453,-0.337831,-0.310751,-1.88717,-0.0836223
5.7,3,2.58654,2.56083,0.494312,-0.0395615,0.0257026
5.7,4,-0.364216,-0.380504,-0.000690293,0.13065,0.0162882
5.7,5,-0.0217867,-0.0215207,-0.00418995,-7.32191e-05,-0.000266041
5.71,0,0.230637,0.227331,0.0442872,-0.000590778,0.00330677
5.71,1,0.629226,0.707457,0.263807,-3.92066,-0.0782311
5.71,2,-0.42457,-0.340938,-0.310749,-1.88747,-0.0836324
5.71,3,2.59151,2.56578,0.4943,-0.0392531,0.0257327
5.71,4,-0.364147,-0.380511,-0.00064566,0.131232,0.0163636
5.71,5,-0.0218286,-0.0215626,-0.00418999,-7.31563e-05,-0.000266031
5.72,0,0.23108,0.227774,0.0442872,-0.000601763,0.00330649
5.72,1,0.631969,0.710095,0.263774,-3.91637,-0.0781263
5.72,2,-0.427688,-0.344046,-0.310747,-1.88778,-0.0836425
5.72,3,2.59648,2.57072,0.494287,-0.0389434,0.0257629
5.72,4,-0.364078,-0.380517,-0.000600842,0.131809,0.0164386
5.72,5,-0.0218705,-0.0216045,-0.00419003,-7.30915e-05,-0.00026602
5.73,0,0.231523,0.228216,0.0442872,-0.000612746,0.00330622
5.73,1,0.634712,0.712733,0.263741,-3.91207,-0.0780211
5.73,2,-0.430806,-0.347153,-0.310744,-1.88809,-0.0836526
5.73,3,2.60146,2.57566,0.494275,-0.0386326,0.0257932
5.73,4,-0.364009,-0.380523,-0.00055584,0.132383,0.0165132
5.73,5,-0.0219124,-0.0216464,-0.00419007,-7.30246e-05,-0.000266009
5.74,0,0.231965,0.228659,0.0442872,-0.000623727,0.00330595
5.74,1,0.637454,0.71537,0.263708,-3.90775,-0.0779156
5.74,2,-0.433923,-0.35026,-0.310742,-1.8884,-0.0836627
5.74,3,2.60643,2.58061,0.494263,-0.0383206,0.0258237
5.74,4,-0.363941,-0.380528,-0.000510656,0.132954,0.0165873
5.74,5,-0.0219543,-0.0216883,-0.00419011,-7.29558e-05,-0.000265998
5.75,0,0.232408,0.229102,0.0442872,-0.000634705,0.00330567
5.75,1,0.640197,0.718007,0.263675,-3.90342,-0.0778098
5.75,2,-0.437041,-0.353368,-0.31074,-1.88871,-0.0836729
5.75,3,2.6114,2.58555,0.494251,-0.0380074,0.0258543
5.75,4,-0.363872,-0.380533,-0.000465289,0.13352,0.016661
5.75,5,-0.0219962,-0.0217302,-0.00419015,-7.28849e-05,-0.000265986
5.76,0,0.23285,0.229545,0.0442872,-0.000645681,0.0033054
5.76,1,0.64294,0.720644,0.263643,-3.89908,-0.0777037
5.76,2,-0.440158,-0.356475,-0.310738,-1.88902,-0.0836831
5.76,3,2.61638,2.59049,0.494239,-0.037693,0.025885
5.76,4,-0.363803,-0.380537,-0.000419742,0.134083,0.0167342
5.76,5,-0.0220381,-0.0217721,-0.00419019,-7.2812e-05,-0.000265974
5.77,0,0.233293,0.229988,0.0442872,-0.000656654,0.00330512
5.77,1,0.645683,0.72328,0.26361,-3.89472,-0.0775972
5.77,2,-0.443276,-0.359583,-0.310736,-1.88933,-0.0836933
5.77,3,2.62135,2.59543,0.494227,-0.0373776,0.0259158
5.77,4,-0.363734,-0.380541,-0.000374015,0.134642,0.0168069
5.77,5,-0.02208,-0.021814,-0.00419023,-7.27372e-05,-0.000265961
5.78,0,0.233736,0.230431,0.0442872,-0.000667623,0.00330485
5.78,1,0.648425,0.725916,0.263578,-3.89035,-0.0774905
5.78,2,-0.446393,-0.36269,-0.310734,-1.88964,-0.0837035
5.78,3,2.62632,2.60038,0.494215,-0.0370609,0.0259468
5.78,4,-0.363665,-0.380545,-0.000328109,0.135198,0.0168792
5.78,5,-0.0221219,-0.0218559,-0.00419027,-7.26603e-05,-0.000265948
5.79,0,0.234178,0.230874,0.0442872,-0.000678589,0.00330457
5.79,1,0.651168,0.728551,0.263545,-3.88597,-0.0773833
5.79,2,-0.449511,-0.365797,-0.310731,-1.88995,-0.0837138
5.79,3,2.6313,2.60532,0.494203,-0.0367432,0.0259779
5.79,4,-0.363597,-0.380548,-0.000282025,0.135749,0.016951
5.79,5,-0.0221637,-0.0218978,-0.00419031,-7.25814e-05,-0.000265935
5.8,0,0.234621,0.231316,0.0442872,-0.000689551,0.0033043
5.8,1,0.653911,0.731187,0.263513,-3.88158,-0.0772759
5.8,2,-0.452629,-0.368905,-0.310729,-1.89026,-0.0837241
5.8,3,2.63627,2.61026,0.494191,-0.0364243,0.0260091
5.8,4,-0.363528,-0.38055,-0.000235765,0.136297,0.0170224
5.8,5,-0.0222056,-0.0219397,-0.00419035,-7.25005e-05,-0.000265921
5.81,0,0.235063,0.231759,0.0442872,-0.000700508,0.00330402
5.81,1,0.656653,0.733822,0.263481,-3.87717,-0.0771681
5.81,2,-0.455746,-0.372012,-0.310727,-1.89058,-0.0837344
5.81,3,2.64124,2.6152,0.49418,-0.0361043,0.0260404
5.81,4,-0.363459,-0.380552,-0.000189329,0.136841,0.0170933
5.81,5,-0.0222475,-0.0219816,-0.00419039,-7.24176e-05,-0.000265907
5.82,0,0.235506,0.232202,0.0442871,-0.000711461,0.00330375
5.82,1,0.659396,0.736456,0.263449,-3.87275,-0.0770601
5.82,2,-0.458864,-0.375119,-0.310725,-1.89089,-0.0837447
5.82,3,2.64621,2.62014,0.494168,-0.0357832,0.0260718
5.82,4,-0.36339,-0.380554,-0.000142718,0.137381,0.0171637
5.82,5,-0.0222894,-0.0220235,-0.00419043,-7.23327e-05,-0.000265892
5.83,0,0.235949,0.232645,0.0442871,-0.00072241,0.00330348
5.83,1,0.662139,0.73909,0.263417,-3.86832,-0.0769517
5.83,2,-0.461981,-0.378226,-0.310723,-1.89121,-0.083755
5.83,3,2.65119,2.62508,0.494157,-0.0354609,0.0261033
5.83,4,-0.363321,-0.380555,-9.59344e-05,0.137918,0.0172337
5.83,5,-0.0223313,-0.0220654,-0.00419047,-7.22457e-05,-0.000265877
5.84,0,0.236391,0.233088,0.0442871,-0.000733353,0.0033032
5.84,1,0.664882,0.741724,0.263385,-3.86387,-0.0768429
5.84,2,-0.465099,-0.381334,-0.310721,-1.89152,-0.0837654
5.84,3,2.65616,2.63003,0.494145,-0.0351376,0.026135
5.84,4,-0.363253,-0.380556,-4.89779e-05,0.13845,0.0173032
5.84,5,-0.0223732,-0.0221073,-0.00419051,-7.21568e-05,-0.000265862
5.85,0,0.236834,0.233531,0.0442871,-0.00074429,0.00330293
5.85,1,0.667624,0.744358,0.263353,-3.85941,-0.0767339
5.85,2,-0.468217,-0.384441,-0.310718,-1.89184,-0.0837758
5.85,3,2.66113,2.63497,0.494134,-0.0348132,0.0261667
5.85,4,-0.363184,-0.380556,-1.85004e-06,0.138979,0.0173723
5.85,5,-0.0224151,-0.0221492,-0.00419055,-7.20658e-05,-0.000265846
5.86,0,0.237276,0.233974,0.0442871,-0.000755222,0.00330265
5.86,1,0.670367,0.746991,0.263321,-3.85494,-0.0766245
5.86,2,-0.471334,-0.387548,-0.310716,-1.89215,-0.0837862
5.86,3,2.66611,2.63991,0.494123,-0.0344878,0.0261986
5.86,4,-0.363115,-0.380556,4.54482e-05,0.139504,0.0174408
5.86,5,-0.022457,-0.0221911,-0.00419059,-7.19728e-05,-0.00026583
5.87,0,0.237719,0.234417,0.0442871,-0.000766148,0.00330238
5.87,1,0.67311,0.749625,0.263289,-3.85046,-0.0765149
5.87,2,-0.474452,-0.390655,-0.310714,-1.89247,-0.0837966
5.87,3,2.67108,2.64485,0.494112,-0.0341612,0.0262306
5.87,4,-0.363046,-0.380555,9.29157e-05,0.140025,0.0175089
5.87,5,-0.0224989,-0.022233,-0.00419063,-7.18778e-05,-0.000265813
5.88,0,0.238162,0.234859,0.0442871,-0.000777067,0.00330211
5.88,1,0.675852,0.752257,0.263258,-3.84597,-0.0764049
5.88,2,-0.477569,-0.393762,-0.310712,-1.89279,-0.083807
5.88,3,2.67605,2.64979,0.494101,-0.0338337,0.0262627
5.88,4,-0.362977,-0.380554,0.000140551,0.140542,0.0175765
5.88,5,-0.0225407,-0.022275,-0.00419067,-7.17808e-05,-0.000265796
5.89,0,0.238604,0.235302,0.0442871,-0.00078798,0.00330183
5.89,1,0.678595,0.75489,0.263226,-3.84146,-0.0762946
5.89,2,-0.480687,-0.396869,-0.31071,-1.89311,-0.0838175
5.89,3,2.68103,2.65473,0.49409,-0.033505,0.0262949
5.89,4,-0.362909,-0.380552,0.000188354,0.141055,0.0176436
5.89,5,-0.0225826,-0.0223169,-0.00419071,-7.16818e-05,-0.000265779
5.9,0,0.239047,0.235745,0.0442871,-0.000798886,0.00330156
5.9,1,0.681338,0.757522,0.263195,-3.83694,-0.0761839
5.9,2,-0.483804,-0.399976,-0.310708,-1.89342,-0.083828
5.9,3,2.686,2.65967,0.494079,-0.0331753,0.0263272
5.9,4,-0.36284,-0.38055,0.000236323,0.141564,0.0177103
5.9,5,-0.0226245,-0.0223588,-0.00419075,-7.15807e-05,-0.000265761
5.91,0,0.239489,0.236188,0.0442871,-0.000809784,0.00330128
5.91,1,0.684081,0.760154,0.263163,-3.83241,-0.076073
5.91,2,-0.486922,-0.403083,-0.310706,-1.89374,-0.0838385
5.91,3,2.69097,2.66461,0.494068,-0.0328446,0.0263596
5.91,4,-0.362771,-0.380547,0.000284457,0.14207,0.0177765
5.91,5,-0.0226664,-0.0224007,-0.00419079,-7.14776e-05,-0.000265743
5.92,0,0.239932,0.236631,0.044287,-0.000820675,0.00330101
5.92,1,0.686823,0.762785,0.263132,-3.82787,-0.0759618
5.92,2,-0.49004,-0.406191,-0.310704,-1.89406,-0.0838491
5.92,3,2.69595,2.66955,0.494057,-0.0325129,0.0263922
5.92,4,-0.362702,-0.380544,0.000332754,0.142571,0.0178422
5.92,5,-0.0227083,-0.0224426,-0.00419083,-7.13726e-05,-0.000265724
5.93,0,0.240375,0.237074,0.044287,-0.000831558,0.00330074
5.93,1,0.689566,0.765416,0.263101,-3.82331,-0.0758502
5.93,2,-0.493157,-0.409298,-0.310702,-1.89439,-0.0838596
5.93,3,2.70092,2.67449,0.494047,-0.0321802,0.0264248
5.93,4,-0.362633,-0.380541,0.000381215,0.143068,0.0179074
5.93,5,-0.0227502,-0.0224845,-0.00419087,-7.12654e-05,-0.000265705
5.94,0,0.240817,0.237517,0.044287,-0.000842433,0.00330047
5.94,1,0.692309,0.768047,0.26307,-3.81874,-0.0757383
5.94,2,-0.496275,-0.412405,-0.310699,-1.89471,-0.0838702
5.94,3,2.70589,2.67943,0.494036,-0.0318464,0.0264575
5.94,4,-0.362565,-0.380537,0.000429837,0.143562,0.0179721
5.94,5,-0.0227921,-0.0225264,-0.00419091,-7.11563e-05,-0.000265686
5.95,0,0.24126,0.23796,0.044287,-0.000853299,0.00330019
5.95,1,0.695051,0.770677,0.263039,-3.81416,-0.0756261
5.95,2,-0.499392,-0.415512,-0.310697,-1.89503,-0.0838808
5.95,3,2.71087,2.68438,0.494026,-0.0315117,0.0264904
5.95,4,-0.362496,-0.380532,0.00047862,0.144051,0.0180363
5.95,5,-0.022834,-0.0225683,-0.00419095,-7.10452e-05,-0.000265666
5.96,0,0.241702,0.238402,0.044287,-0.000864157,0.00329992
5.96,1,0.697794,0.773308,0.263008,-3.80957,-0.0755136
5.96,2,-0.50251,-0.418619,-0.310695,-1.89535,-0.0838914
5.96,3,2.71584,2.68932,0.494015,-0.031176,0.0265233
5.96,4,-0.362427,-0.380527,0.000527562,0.144537,0.0181001
5.96,5,-0.0228759,-0.0226102,-0.00419099,-7.0932e-05,-0.000265646
5.97,0,0.242145,0.238845,0.044287,-0.000875005,0.00329965
5.97,1,0.700537,0.775938,0.262977,-3.80496,-0.0754008
5.97,2,-0.505627,-0.421725,-0.310693,-1.89567,-0.083902
5.97,3,2.72081,2.69426,0.494005,-0.0308393,0.0265564
5.97,4,-0.362358,-0.380522,0.000576662,0.145018,0.0181633
5.97,5,-0.0229178,-0.0226521,-0.00419103,-7.08168e-05,-0.000265625
5.98,0,0.242588,0.239288,0.0442869,-0.000885844,0.00329937
5.98,1,0.703279,0.778567,0.262946,-3.80035,-0.0752877
5.98,2,-0.508745,-0.424832,-0.310691,-1.896,-0.0839127
5.98,3,2.72579,2.6992,0.493995,-0.0305016,0.0265895
5.98,4,-0.362289,-0.380515,0.00062592,0.145496,0.0182261
5.98,5,-0.0229596,-0.022694,-0.00419107,-7.06997e-05,-0.000265604
5.99,0,0.24303,0.239731,0.0442869,-0.000896673,0.0032991
5.99,1,0.706022,0.781196,0.262915,-3.79572,-0.0751743
5.99,2,-0.511863,-0.427939,-0.310689,-1.89632,-0.0839234
5.99,3,2.73076,2.70414,0.493985,-0.030163,0.0266228
5.99,4,-0.362221,-0.380509,0.000675334,0.145969,0.0182884
5.99,5,-0.0230015,-0.0227359,-0.00419111,-7.05804e-05,-0.000265583
6,0,0.243473,0.240174,0.0442869,-0.000907491,0.00329883
6,1,0.708765,0.783825,0.262885,-3.79108,-0.0750606
6,2,-0.51498,-0.431046,-0.310687,-1.89665,-0.0839341
6,3,2.73573,2.70908,0.493975,-0.0298234,0.0266562
6,4,-0.362152,-0.380502,0.000724903,0.146439,0.0183502
6,5,-0.0230434,-0.0227779,-0.00419115,-7.04592e-05,-0.000265561
6.01,0,0.243915,0.240617,0.0442869,-0.0009183,0.00329856
6.01,1,0.711508,0.786454,0.262854,-3.78642,-0.0749465
6.01,2,-0.518098,-0.434153,-0.310685,-1.89697,-0.0839448
6.01,3,2.7407,2.71401,0.493965,-0.0294829,0.0266896
6.01,4,-0.362083,-0.380494,0.000774626,0.146904,0.0184114
6.01,5,-0.0230853,-0.0228198,-0.00419119,-7.0336e-05,-0.000265539
6.02,0,0.244358,0.24106,0.0442869,-0.000929097,0.00329829
6.02,1,0.71425,0.789083,0.262824,-3.78176,-0.0748322
6.02,2,-0.521215,-0.43726,-0.310683,-1.8973,-0.0839555
6.02,3,2.74568,2.71895,0.493955,-0.0291415,0.0267232
6.02,4,-0.362014,-0.380486,0.000824501,0.147365,0.0184722
6.02,5,-0.0231272,-0.0228617,-0.00419123,-7.02107e-05,-0.000265516
6.03,0,0.244801,0.241503,0.0442868,-0.000939884,0.00329802
6.03,1,0.716993,0.791711,0.262793,-3.77708,-0.0747176
6.03,2,-0.524333,-0.440367,-0.310681,-1.89763,-0.0839663
6.03,3,2.75065,2.72389,0.493946,-0.0287991,0.0267568
6.03,4,-0.361945,-0.380478,0.000874528,0.147823,0.0185325
6.03,5,-0.0231691,-0.0229036,-0.00419127,-7.00835e-05,-0.000265493
6.04,0,0.245243,0.241945,0.0442868,-0.000950659,0.00329775
6.04,1,0.719736,0.794338,0.262763,-3.77239,-0.0746026
6.04,2,-0.527451,-0.443473,-0.310679,-1.89795,-0.0839771
6.04,3,2.75562,2.72883,0.493936,-0.0284558,0.0267906
6.04,4,-0.361877,-0.380469,0.000924706,0.148276,0.0185923
6.04,5,-0.023211,-0.0229455,-0.00419131,-6.99542e-05,-0.00026547
6.05,0,0.245686,0.242388,0.0442868,-0.000961422,0.00329747
6.05,1,0.722478,0.796966,0.262733,-3.76769,-0.0744874
6.05,2,-0.530568,-0.44658,-0.310677,-1.89828,-0.0839879
6.05,3,2.7606,2.73377,0.493926,-0.0281116,0.0268244
6.05,4,-0.361808,-0.380459,0.000975033,0.148725,0.0186516
6.05,5,-0.0232529,-0.0229874,-0.00419135,-6.98229e-05,-0.000265446
6.06,0,0.246128,0.242831,0.0442868,-0.000972174,0.0032972
6.06,1,0.725221,0.799593,0.262703,-3.76298,-0.0743718
6.06,2,-0.533686,-0.449687,-0.310675,-1.89861,-0.0839987
6.06,3,2.76557,2.73871,0.493917,-0.0277666,0.0268584
6.06,4,-0.361739,-0.380449,0.00102551,0.14917,0.0187103
6.06,5,-0.0232948,-0.0230293,-0.00419139,-6.96896e-05,-0.000265422
6.07,0,0.246571,0.243274,0.0442867,-0.000982913,0.00329693
6.07,1,0.727964,0.80222,0.262673,-3.75826,-0.074256
6.07,2,-0.536803,-0.452794,-0.310673,-1.89894,-0.0840095
6.07,3,2.77054,2.74365,0.493908,-0.0274206,0.0268924
6.07,4,-0.36167,-0.380439,0.00107613,0.149611,0.0187686
6.07,5,-0.0233366,-0.0230713,-0.00419143,-6.95543e-05,-0.000265397
6.08,0,0.247014,0.243717,0.0442867,-0.000993639,0.00329666
6.08,1,0.730707,0.804846,0.262643,-3.75352,-0.0741399
6.08,2,-0.539921,-0.4559,-0.310671,-1.89927,-0.0840204
6.08,3,2.77552,2.74859,0.493898,-0.0270738,0.0269265
6.08,4,-0.361601,-0.380428,0.0011269,0.150047,0.0188264
6.08,5,-0.0233785,-0.0231132,-0.00419147,-6.9417e-05,-0.000265372
6.09,0,0.247456,0.24416,0.0442867,-0.00100435,0.00329639
6.09,1,0.733449,0.807473,0.262613,-3.74878,-0.0740234
6.09,2,-0.543038,-0.459007,-0.310669,-1.8996,-0.0840313
6.09,3,2.78049,2.75353,0.493889,-0.0267261,0.0269607
6.09,4,-0.361533,-0.380416,0.00117781,0.15048,0.0188836
6.09,5,-0.0234204,-0.0231551,-0.00419151,-6.92777e-05,-0.000265346
6.1,0,0.247899,0.244603,0.0442867,-0.00101505,0.00329612
6.1,1,0.736192,0.810099,0.262584,-3.74402,-0.0739067
6.1,2,-0.546156,-0.462114,-0.310667,-1.89993,-0.0840422
6.1,3,2.78546,2.75847,0.49388,-0.0263776,0.0269951
6.1,4,-0.361464,-0.380404,0.00122887,0.150908,0.0189404
6.1,5,-0.0234623,-0.023197,-0.00419155,-6.91364e-05,-0.000265321
6.11,0,0.248341,0.245045,0.0442866,-0.00102574,0.00329585
6.11,1,0.738935,0.812724,0.262554,-3.73925,-0.0737896
6.11,2,-0.549274,-0.465221,-0.310665,-1.90026,-0.0840531
6.11,3,2.79044,2.76341,0.493871,-0.0260282,0.0270295
6.11,4,-0.361395,-0.380392,0.00128007,0.151333,0.0189966
6.11,5,-0.0235042,-0.0232389,-0.0041916,-6.89931e-05,-0.000265294
6.12,0,0.252758,0.245493,0.0459317,0.152807,0.00726505
6.12,1,0.738236,0.815237,0.233045,-3.77915,-0.0770004
6.12,2,-0.54509,-0.468103,-0.252147,-1.80532,-0.076987
6.12,3,2.78657,2.76824,0.465087,-0.095741,0.0183311
6.12,4,-0.361482,-0.380282,0.0250325,0.137889,0.0188006
6.12,5,-0.0240758,-0.0231864,0.0209779,-0.0107399,-0.000889306
6.13,0,0.257617,0.245988,0.0531891,0.305605,0.0116293
6.13,1,0.737156,0.817292,0.183231,-3.75513,-0.0801359
6.13,2,-0.540094,-0.470086,-0.155024,-1.79022,-0.0700089
6.13,3,2.78173,2.7725,0.389894,-0.141663,0.00922732
6.13,4,-0.361586,-0.379891,0.0474779,0.1227,0.0183048
6.13,5,-0.0247061,-0.0227363,0.0635072,-0.0289013,-0.00196983
6.14,0,0.262476,0.246584,0.0656215,0.438803,0.0158917
6.14,1,0.736075,0.81887,0.13788,-3.72542,-0.0827946
6.14,2,-0.535099,-0.471146,-0.0676816,-1.78324,-0.0639534
6.14,3,2.77689,2.77589,0.295734,-0.167503,0.000993664
6.14,4,-0.36169,-0.379384,0.0511043,0.115996,0.0176935
6.14,5,-0.0253365,-0.0219333,0.091199,-0.0443761,-0.00340327
6.15,0,0.267335,0.247329,0.0823106,0.553295,0.0200057
6.15,1,0.734995,0.820027,0.0983335,-3.69627,-0.0850316
6.15,2,-0.530104,-0.471395,0.00857296,-1.77843,-0.0587094
6.15,3,2.77204,2.7783,0.194953,-0.179519,-0.0062547
6.15,4,-0.361794,-0.378908,0.0435408,0.115138,0.0171135
6.15,5,-0.0259669,-0.0209575,0.100124,-0.0550842,-0.00500939
6.16,0,0.272194,0.248261,0.102501,0.649815,0.0239329
6.16,1,0.733914,0.820819,0.0643747,-3.66929,-0.0869043
6.16,2,-0.525109,-0.470936,0.0750164,-1.77522,-0.0541729
6.16,3,2.7672,2.77969,0.0944521,-0.181595,-0.0124924
6.16,4,-0.361899,-0.37854,0.0307723,0.117747,0.0166417
6.16,5,-0.0265973,-0.0199821,0.093432,-0.0611056,-0.00661521
6.17,0,0.277053,0.24941,0.125549,0.729036,0.0276421
6.17,1,0.732834,0.8213,0.0355825,-3.64539,-0.0884661
6.17,2,-0.520114,-0.469861,0.132885,-1.77335,-0.0502527
6.17,3,2.76236,2.78011,-0.00151803,-0.176562,-0.0177473
6.17,4,-0.362003,-0.378311,0.01653,0.122198,0.0163079
6.17,5,-0.0272277,-0.0191377,0.0758024,-0.063191,-0.00809006
6.18,0,0.281911,0.250804,0.150879,0.791672,0.0311077
6.18,1,0.731753,0.821519,0.0114558,-3.62501,-0.0897662
6.18,2,-0.515118,-0.468249,0.183269,-1.77261,-0.0468692
6.18,3,2.75752,2.7796,-0.0902737,-0.16664,-0.0220804
6.18,4,-0.362107,-0.378221,0.00297222,0.127427,0.0161141
6.18,5,-0.0278581,-0.0185088,0.0516396,-0.0622387,-0.00934936
6.19,0,0.28677,0.25246,0.177962,0.838514,0.03431
6.19,1,0.730673,0.821521,-0.00854002,-3.6083,-0.0908481
6.19,2,-0.510123,-0.46617,0.227123,-1.77283,-0.0439529
6.19,3,2.75267,2.77825,-0.170204,-0.153614,-0.0255736
6.19,4,-0.362211,-0.378258,-0.00877382,0.13276,0.0160466
6.19,5,-0.0284885,-0.0181403,0.0245282,-0.0590996,-0.0103482
6.2,0,0.291629,0.254395,0.206307,0.870444,0.0372342
6.2,1,0.729592,0.821343,-0.0249391,-3.59519,-0.0917503
6.2,2,-0.505128,-0.463685,0.265286,-1.77387,-0.0414431
6.2,3,2.74783,2.77615,-0.240489,-0.138908,-0.0283201
6.2,4,-0.362315,-0.3784,-0.0182334,0.13779,0.0160841
6.2,5,-0.0291189,-0.0180462,-0.00284685,-0.0545093,-0.0110727
6.21,0,0.296488,0.256618,0.235456,0.888434,0.0398701
6.21,1,0.728512,0.821018,-0.0382521,-3.58548,-0.0925058
6.21,2,-0.500133,-0.460845,0.298489,-1.77559,-0.0392872
6.21,3,2.74299,2.7734,-0.300907,-0.123636,-0.030418
6.21,4,-0.36242,-0.378623,-0.0253261,0.142288,0.0162032
6.21,5,-0.0297493,-0.0182183,-0.0286144,-0.0490705,-0.011531
6.22,0,0.301347,0.259134,0.264983,0.893533,0.042212
6.22,1,0.727431,0.820574,-0.048952,-3.57886,-0.093143
6.22,2,-0.495137,-0.457698,0.327369,-1.77791,-0.037439
6.22,3,2.73814,2.77011,-0.351688,-0.108638,-0.0319651
6.22,4,-0.362524,-0.378905,-0.0301947,0.146143,0.0163808
6.22,5,-0.0303797,-0.0186334,-0.0515819,-0.0432566,-0.0117462
6.23,0,0.306205,0.261947,0.294496,0.886853,0.0442585
6.23,1,0.726351,0.820036,-0.0574669,-3.57502,-0.0936856
6.23,2,-0.490142,-0.454284,0.352478,-1.78071,-0.0358585
6.23,3,2.7333,2.76635,-0.393384,-0.0945187,-0.0330549
6.23,4,-0.362628,-0.379224,-0.033094,0.149315,0.0165959
6.23,5,-0.0310101,-0.0192596,-0.0710934,-0.0374245,-0.0117505
6.24,0,0.311064,0.265052,0.323637,0.869554,0.0460117
6.24,1,0.72527,0.819423,-0.0641772,-3.5736,-0.0941532
6.24,2,-0.485147,-0.450636,0.374292,-1.7839,-0.0345106
6.24,3,2.72846,2.76223,-0.426767,-0.0816817,-0.0337742
6.24,4,-0.362732,-0.379563,-0.0343224,0.151807,0.0168307
6.24,5,-0.0316405,-0.0200605,-0.0869002,-0.0318297,-0.0115799
6.25,0,0.315923,0.268446,0.352085,0.842823,0.0474769
6.25,1,0.72419,0.818752,-0.0694157,-3.57423,-0.094562
6.25,2,-0.480152,-0.446787,0.393224,-1.78739,-0.0333646
6.25,3,2.72361,2.75781,-0.452742,-0.0703665,-0.0342012
6.25,4,-0.362836,-0.379906,-0.0341814,0.15365,0.0170699
6.25,5,-0.0322709,-0.0209993,-0.0990481,-0.0266435,-0.0112716
6.26,0,0.320782,0.272119,0.379551,0.807862,0.0486629
6.26,1,0.723109,0.818034,-0.0734703,-3.5766,-0.0949252
6.26,2,-0.475156,-0.442763,0.409629,-1.79107,-0.0323938
6.26,3,2.71877,2.75317,-0.472277,-0.0606803,-0.0344046
6.26,4,-0.362941,-0.380242,-0.0329536,0.15489,0.0173016
6.26,5,-0.0329013,-0.0220405,-0.107784,-0.0219686,-0.0108608
6.27,0,0.325641,0.27606,0.405788,0.765866,0.0495808
6.27,1,0.722029,0.817282,-0.0765872,-3.58037,-0.0952532
6.27,2,-0.470161,-0.438587,0.423816,-1.79487,-0.0315746
6.27,3,2.71393,2.74837,-0.486346,-0.0526286,-0.0344436
6.27,4,-0.363045,-0.380561,-0.0308924,0.155576,0.0175162
6.27,5,-0.0335317,-0.023152,-0.113481,-0.017854,-0.0103797
6.28,0,0.330499,0.280255,0.430583,0.718013,0.0502441
6.28,1,0.720948,0.816502,-0.0789747,-3.58525,-0.0955542
6.28,2,-0.465166,-0.43428,0.436052,-1.79869,-0.0308864
6.28,3,2.70908,2.74345,-0.49589,-0.0461415,-0.0343675
6.28,4,-0.363149,-0.380856,-0.0282185,0.155762,0.0177066
6.28,5,-0.034162,-0.0243058,-0.116577,-0.014308,-0.00985626
6.29,0,0.335358,0.28469,0.453759,0.665451,0.0506682
6.29,1,0.719867,0.815702,-0.0808076,-3.59096,-0.0958345
6.29,2,-0.460171,-0.42986,0.446567,-1.80246,-0.0303108
6.29,3,2.70424,2.73846,-0.501785,-0.0410966,-0.0342168
6.29,4,-0.363253,-0.381121,-0.0251204,0.155503,0.0178678
6.29,5,-0.0347924,-0.0254784,-0.117535,-0.0113097,-0.00931403
6.3,0,0.340217,0.289347,0.475174,0.609281,0.0508701
6.3,1,0.718787,0.814886,-0.0822307,-3.59726,-0.0960989
6.3,2,-0.455176,-0.425344,0.455565,-1.80609,-0.0298319
6.3,3,2.6994,2.73342,-0.504825,-0.037339,-0.0340234
6.3,4,-0.363358,-0.381354,-0.0217566,0.15485,0.0179965
6.3,5,-0.0354228,-0.026651,-0.116805,-0.00881801,-0.00877188
6.31,0,0.345076,0.294208,0.494723,0.550553,0.0508681
6.31,1,0.717706,0.814057,-0.0833631,-3.60394,-0.0963507
6.31,2,-0.45018,-0.420745,0.463222,-1.80951,-0.0294355
6.31,3,2.69455,2.72837,-0.505707,-0.0346959,-0.033812
6.31,4,-0.363462,-0.381552,-0.018259,0.153855,0.0180907
6.31,5,-0.0360532,-0.0278089,-0.114805,-0.00678014,-0.00824434
6.32,0,0.349935,0.299253,0.512332,0.490251,0.0506812
6.32,1,0.716626,0.813218,-0.0843009,-3.61079,-0.0965923
6.32,2,-0.445185,-0.416076,0.469697,-1.81266,-0.029109
6.32,3,2.68971,2.72331,-0.50503,-0.0329899,-0.0336008
6.32,4,-0.363566,-0.381716,-0.0147358,0.152565,0.0181497
6.32,5,-0.0366836,-0.0289416,-0.11191,-0.00513712,-0.00774201
6.33,0,0.354793,0.304464,0.527957,0.429293,0.0503291
6.33,1,0.715545,0.812371,-0.0851208,-3.61765,-0.0968252
6.33,2,-0.44019,-0.411348,0.475126,-1.81549,-0.0288414
6.33,3,2.68487,2.71827,-0.503296,-0.0320478,-0.0334026
6.33,4,-0.36367,-0.381844,-0.0112747,0.151027,0.0181737
6.33,5,-0.037314,-0.030042,-0.108438,-0.0038288,-0.00727204
6.34,0,0.359652,0.30982,0.541584,0.368518,0.0498317
6.34,1,0.714465,0.811515,-0.0858826,-3.62437,-0.0970503
6.34,2,-0.435195,-0.406572,0.479633,-1.81795,-0.028623
6.34,3,2.68002,2.71325,-0.500913,-0.0317076,-0.0332255
6.34,4,-0.363774,-0.381938,-0.00794585,0.149284,0.0181638
6.34,5,-0.0379444,-0.0311057,-0.104655,-0.00279713,-0.0068387
6.35,0,0.364511,0.315302,0.553224,0.308688,0.049209
6.35,1,0.713384,0.810652,-0.0866319,-3.63082,-0.0972679
6.35,2,-0.430199,-0.401754,0.483329,-1.82001,-0.028445
6.35,3,2.67518,2.70825,-0.498202,-0.0318226,-0.0330744
6.35,4,-0.363879,-0.382,-0.00480386,0.147375,0.0181216
6.35,5,-0.0385748,-0.0321309,-0.10077,-0.00198857,-0.0064439
6.36,0,0.36937,0.320889,0.562915,0.250483,0.0484807
6.36,1,0.712304,0.809782,-0.0874022,-3.63691,-0.0974779
6.36,2,-0.425204,-0.396904,0.486313,-1.82163,-0.0283001
6.36,3,2.67034,2.70329,-0.495409,-0.0322644,-0.032951
6.36,4,-0.363983,-0.382032,-0.00189004,0.145339,0.0180492
6.36,5,-0.0392052,-0.0331175,-0.0969439,-0.00135555,-0.00608775
6.37,0,0.374229,0.326563,0.570714,0.194497,0.0476659
6.37,1,0.711223,0.808903,-0.0882165,-3.64255,-0.09768
6.37,2,-0.420209,-0.392028,0.488673,-1.82279,-0.0281814
6.37,3,2.66549,2.69835,-0.492712,-0.0329237,-0.0328551
6.37,4,-0.364087,-0.382036,0.000765785,0.14321,0.0179491
6.37,5,-0.0398356,-0.0340666,-0.0932922,-0.000857168,-0.00576897
6.38,0,0.379087,0.332304,0.576696,0.141241,0.0467832
6.38,1,0.710143,0.808016,-0.0890898,-3.64768,-0.0978736
6.38,2,-0.415214,-0.38713,0.490491,-1.82348,-0.0280833
6.38,3,2.66065,2.69344,-0.490233,-0.0337105,-0.032785
6.38,4,-0.364191,-0.382015,0.00314374,0.14102,0.0178239
6.38,5,-0.040466,-0.0349806,-0.0898913,-0.000459453,-0.00548537
6.39,0,0.383946,0.338096,0.580955,0.091146,0.0458503
6.39,1,0.709062,0.80712,-0.0900299,-3.65224,-0.0980581
6.39,2,-0.410219,-0.382218,0.491839,-1.8237,-0.0280008
6.39,3,2.65581,2.68855,-0.488049,-0.0345531,-0.0327382
6.39,4,-0.364295,-0.381972,0.00523246,0.138796,0.0176766
6.39,5,-0.0410964,-0.0358622,-0.086786,-0.000135117,-0.00523419
6.4,0,0.388805,0.343921,0.583597,0.0445584,0.0448837
6.4,1,0.707982,0.806215,-0.0910389,-3.6562,-0.0982329
6.4,2,-0.405223,-0.377294,0.492782,-1.82345,-0.0279295
6.4,3,2.65096,2.68368,-0.486196,-0.0353965,-0.0327114
6.4,4,-0.3644,-0.381909,0.00702781,0.136565,0.0175099
6.4,5,-0.0417268,-0.0367144,-0.0839953,0.000136927,-0.00501233
6.41,0,0.393664,0.349765,0.584738,0.00174873,0.0438991
6.41,1,0.706901,0.805298,-0.0921146,-3.65954,-0.0983972
6.41,2,-0.400228,-0.372363,0.49338,-1.82273,-0.0278656
6.41,3,2.64612,2.67882,-0.484687,-0.0362008,-0.0327013
6.41,4,-0.364504,-0.381831,0.00853177,0.134349,0.0173269
6.41,5,-0.0423572,-0.0375405,-0.0815183,0.000372236,-0.00481665
6.42,0,0.398523,0.355612,0.584505,-0.0370873,0.0429107
6.42,1,0.705821,0.804371,-0.0932514,-3.66226,-0.0985503
6.42,2,-0.395233,-0.367427,0.493686,-1.82156,-0.0278061
6.42,3,2.64128,2.67398,-0.483508,-0.0369392,-0.0327044
6.42,4,-0.364608,-0.381738,0.00975136,0.132168,0.0171305
6.42,5,-0.0429876,-0.0383435,-0.0793401,0.000581627,-0.00464408
6.43,0,0.403381,0.36145,0.583029,-0.071824,0.0419316
6.43,1,0.70474,0.803432,-0.0944412,-3.66435,-0.0986919
6.43,2,-0.390238,-0.362489,0.493749,-1.81995,-0.0277483
6.43,3,2.63643,2.66915,-0.482634,-0.0375955,-0.0327176
6.43,4,-0.364712,-0.381635,0.0106978,0.130038,0.0169233
6.43,5,-0.043618,-0.0391262,-0.0774359,0.000771982,-0.00449176
6.44,0,0.40824,0.367267,0.580446,-0.102401,0.0409735
6.44,1,0.70366,0.802481,-0.0956738,-3.66583,-0.0988212
6.44,2,-0.385242,-0.357553,0.493611,-1.81792,-0.0276899
6.44,3,2.63159,2.66433,-0.482029,-0.0381625,-0.032738
6.44,4,-0.364816,-0.381524,0.0113855,0.127972,0.0167082
6.44,5,-0.0442483,-0.0398912,-0.0757754,0.000947054,-0.00435711
6.45,0,0.413099,0.373052,0.576893,-0.128816,0.0400466
6.45,1,0.702579,0.801517,-0.0969381,-3.66671,-0.0989381
6.45,2,-0.380247,-0.352618,0.493311,-1.8155,-0.0276293
6.45,3,2.62675,2.65951,-0.481653,-0.0386399,-0.0327632
6.45,4,-0.364921,-0.381408,0.0118315,0.125984,0.0164874
6.45,5,-0.0448787,-0.0406409,-0.0743255,0.00110822,-0.00423789
6.46,0,0.417958,0.378798,0.572508,-0.151124,0.03916
6.46,1,0.701498,0.800541,-0.0982223,-3.66702,-0.0990422
6.46,2,-0.375252,-0.347687,0.492883,-1.81271,-0.0275649
6.46,3,2.6219,2.6547,-0.481463,-0.0390325,-0.0327911
6.46,4,-0.365025,-0.381288,0.0120548,0.124081,0.0162635
6.46,5,-0.0455091,-0.041377,-0.0730531,0.00125515,-0.00413216
6.47,0,0.422817,0.384495,0.567424,-0.169427,0.0383211
6.47,1,0.700418,0.799551,-0.0995144,-3.66679,-0.0991334
6.47,2,-0.370257,-0.342761,0.492357,-1.80958,-0.0274957
6.47,3,2.61706,2.64988,-0.481419,-0.0393487,-0.03282
6.47,4,-0.365129,-0.381167,0.0120759,0.12227,0.0160385
6.47,5,-0.0461395,-0.0421012,-0.0719268,0.00138642,-0.00403832
6.48,0,0.427675,0.390139,0.561774,-0.183869,0.0375364
6.48,1,0.699337,0.798549,-0.100803,-3.66606,-0.0992117
6.48,2,-0.365262,-0.337841,0.491761,-1.80615,-0.0274208
6.48,3,2.61222,2.64507,-0.481481,-0.0395992,-0.0328488
6.48,4,-0.365233,-0.381047,0.0119157,0.120556,0.0158143
6.48,5,-0.0467699,-0.0428148,-0.070918,0.00149997,-0.00395508
6.49,0,0.432534,0.395724,0.555685,-0.194631,0.0368106
6.49,1,0.698257,0.797534,-0.102075,-3.66486,-0.0992772
6.49,2,-0.360266,-0.332927,0.491117,-1.80242,-0.0273396
6.49,3,2.60738,2.64025,-0.481615,-0.0397961,-0.0328765
6.49,4,-0.365337,-0.38093,0.0115962,0.118942,0.0155926
6.49,5,-0.0474003,-0.0435189,-0.070002,0.00159358,-0.0038814
6.5,0,0.437393,0.401245,0.549276,-0.201925,0.0361476
6.5,1,0.697176,0.796506,-0.103322,-3.66324,-0.0993301
6.5,2,-0.355271,-0.328019,0.490446,-1.79845,-0.0272519
6.5,3,2.60253,2.63543,-0.481791,-0.0399517,-0.0329026
6.5,4,-0.365442,-0.380816,0.0111388,0.117429,0.0153748
6.5,5,-0.0480307,-0.0442142,-0.0691581,0.00166508,-0.00381647
6.51,0,0.442252,0.406702,0.542661,-0.205989,0.0355499
6.51,1,0.696096,0.795466,-0.104533,-3.66123,-0.0993707
6.51,2,-0.350276,-0.323118,0.489765,-1.79425,-0.0271574
6.51,3,2.59769,2.63062,-0.481985,-0.040078,-0.0329269
6.51,4,-0.365546,-0.380708,0.0105653,0.116016,0.0151623
6.51,5,-0.0486611,-0.0449014,-0.0683699,0.00171267,-0.00375966
6.52,0,0.447111,0.412092,0.535946,-0.207078,0.035019
6.52,1,0.695015,0.794415,-0.1057,-3.65888,-0.0993994
6.52,2,-0.345281,-0.318225,0.489088,-1.78986,-0.0270561
6.52,3,2.59285,2.62579,-0.482177,-0.0401861,-0.0329492
6.52,4,-0.36565,-0.380606,0.00989644,0.1147,0.014956
6.52,5,-0.0492915,-0.045581,-0.0676249,0.00173504,-0.00371048
6.53,0,0.451969,0.417414,0.529226,-0.205465,0.0345553
6.53,1,0.693935,0.793352,-0.106814,-3.65623,-0.0994168
6.53,2,-0.340285,-0.313337,0.488428,-1.7853,-0.0269481
6.53,3,2.588,2.62097,-0.482351,-0.0402861,-0.0329697
6.53,4,-0.365754,-0.380511,0.00915266,0.113479,0.0147569
6.53,5,-0.0499219,-0.0462533,-0.0669143,0.00173147,-0.00366856
6.54,0,0.456828,0.42267,0.522589,-0.201429,0.0341585
6.54,1,0.692854,0.792278,-0.107868,-3.65333,-0.0994233
6.54,2,-0.33529,-0.308457,0.487794,-1.7806,-0.0268336
6.54,3,2.58316,2.61615,-0.482499,-0.0403865,-0.0329886
6.54,4,-0.365858,-0.380424,0.00835326,0.112348,0.0145655
6.54,5,-0.0505523,-0.0469187,-0.0662326,0.00170185,-0.00363358
6.55,0,0.461687,0.42786,0.516114,-0.195257,0.0338271
6.55,1,0.691774,0.791193,-0.108859,-3.65021,-0.0994197
6.55,2,-0.330295,-0.303582,0.487196,-1.77578,-0.026713
6.55,3,2.57832,2.61132,-0.482612,-0.0404946,-0.0330062
6.55,4,-0.365963,-0.380345,0.00751651,0.111301,0.0143824
6.55,5,-0.0511827,-0.0475774,-0.065577,0.0016467,-0.00360528
6.56,0,0.466546,0.432986,0.50987,-0.187234,0.0335594
6.56,1,0.690693,0.7901,-0.10978,-3.64692,-0.0994065
6.56,2,-0.3253,-0.298713,0.486638,-1.77088,-0.0265867
6.56,3,2.57347,2.6065,-0.482687,-0.0406158,-0.0330228
6.56,4,-0.366067,-0.380274,0.00665946,0.110332,0.0142077
6.56,5,-0.0518131,-0.0482297,-0.0649469,0.00156712,-0.00358339
6.57,0,0.471405,0.438052,0.503915,-0.177644,0.0333525
6.57,1,0.689613,0.788997,-0.11063,-3.64349,-0.0993845
6.57,2,-0.320305,-0.29385,0.486126,-1.7659,-0.026455
6.57,3,2.56863,2.60167,-0.482725,-0.0407544,-0.0330389
6.57,4,-0.366171,-0.380213,0.00579783,0.109434,0.0140417
6.57,5,-0.0524435,-0.0488758,-0.0643434,0.00146474,-0.00356766
6.58,0,0.476263,0.44306,0.498299,-0.166762,0.0332033
6.58,1,0.688532,0.787886,-0.111405,-3.63996,-0.0993544
6.58,2,-0.315309,-0.288991,0.485663,-1.76088,-0.0263184
6.58,3,2.56379,2.59684,-0.482726,-0.0409131,-0.0330549
6.58,4,-0.366275,-0.380159,0.00494597,0.1086,0.0138842
6.58,5,-0.0530739,-0.0495161,-0.0637688,0.00134165,-0.0035578
6.59,0,0.481122,0.448014,0.493063,-0.154857,0.0331083
6.59,1,0.687452,0.786769,-0.112105,-3.63636,-0.0993169
6.59,2,-0.310314,-0.284137,0.485251,-1.75583,-0.0261775
6.59,3,2.55894,2.59201,-0.482694,-0.0410934,-0.033071
6.59,4,-0.366379,-0.380114,0.00411672,0.107822,0.0137351
6.59,5,-0.0537043,-0.0501507,-0.0632262,0.00120026,-0.00355352
6.6,0,0.485981,0.452918,0.488238,-0.142182,0.0330633
6.6,1,0.686371,0.785644,-0.112729,-3.63273,-0.0992729
6.6,2,-0.305319,-0.279286,0.48489,-1.75076,-0.0260328
6.6,3,2.5541,2.58719,-0.482634,-0.0412958,-0.0330876
6.6,4,-0.366484,-0.380078,0.00332146,0.107092,0.0135941
6.6,5,-0.0543346,-0.0507802,-0.0627189,0.0010433,-0.00355447
6.61,0,0.49084,0.457776,0.48385,-0.128978,0.0330643
6.61,1,0.685291,0.784514,-0.113279,-3.62909,-0.0992231
6.61,2,-0.300324,-0.274439,0.48458,-1.7457,-0.0258847
6.61,3,2.54926,2.58236,-0.482549,-0.0415198,-0.0331049
6.61,4,-0.366588,-0.380049,0.00257003,0.106402,0.0134609
6.61,5,-0.054965,-0.0514048,-0.0622503,0.00087364,-0.00356029
6.62,0,0.495699,0.462592,0.479911,-0.11547,0.0331066
6.62,1,0.68421,0.783378,-0.113755,-3.62546,-0.0991682
6.62,2,-0.295328,-0.269595,0.484321,-1.74066,-0.0257338
6.62,3,2.54441,2.57754,-0.482447,-0.0417642,-0.0331232
6.62,4,-0.366692,-0.380027,0.00187077,0.105744,0.0133349
6.62,5,-0.0555954,-0.0520249,-0.0618236,0.000694277,-0.00357056
6.63,0,0.500557,0.467372,0.476432,-0.101865,0.0331858
6.63,1,0.683129,0.782238,-0.114161,-3.62187,-0.0991088
6.63,2,-0.290333,-0.264753,0.48411,-1.73564,-0.0255806
6.63,3,2.53957,2.57271,-0.482332,-0.0420271,-0.0331426
6.63,4,-0.366796,-0.380012,0.00123052,0.105109,0.0132155
6.63,5,-0.0562258,-0.052641,-0.0614417,0.000508207,-0.00358486
6.64,0,0.505416,0.472119,0.473414,-0.0883508,0.0332973
6.64,1,0.682049,0.781095,-0.114499,-3.61834,-0.0990458
6.64,2,-0.285338,-0.259912,0.483945,-1.73066,-0.0254255
6.64,3,2.53473,2.56789,-0.482209,-0.0423062,-0.0331632
6.64,4,-0.3669,-0.380003,0.000654651,0.104491,0.0131023
6.64,5,-0.0568562,-0.0532535,-0.0611065,0.000318373,-0.00360272
6.65,0,0.510275,0.476839,0.470851,-0.0750974,0.0334364
6.65,1,0.680968,0.779948,-0.114773,-3.61487,-0.0989798
6.65,2,-0.280343,-0.255074,0.483823,-1.72572,-0.025269
6.65,3,2.52988,2.56307,-0.482085,-0.0425988,-0.033185
6.65,4,-0.367005,-0.379999,0.000147163,0.103881,0.0129944
6.65,5,-0.0574866,-0.053863,-0.0608197,0.000127604,-0.00362366
6.66,0,0.515134,0.481535,0.468734,-0.0622545,0.0335987
6.66,1,0.679888,0.778799,-0.114986,-3.6115,-0.0989114
6.66,2,-0.275347,-0.250236,0.483742,-1.72083,-0.0251116
6.66,3,2.52504,2.55825,-0.481964,-0.0429023,-0.033208
6.66,4,-0.367109,-0.38,-0.000289302,0.103274,0.0128911
6.66,5,-0.058117,-0.0544698,-0.060582,-6.14377e-05,-0.00364721
6.67,0,0.519993,0.486213,0.467048,-0.0499521,0.0337798
6.67,1,0.678807,0.777649,-0.115144,-3.60822,-0.0988412
6.67,2,-0.270352,-0.245399,0.483697,-1.716,-0.0249535
6.67,3,2.5202,2.55343,-0.481849,-0.0432135,-0.0332323
6.67,4,-0.367213,-0.380005,-0.000653349,0.102662,0.0127919
6.67,5,-0.0587474,-0.0550745,-0.0603933,-0.000246299,-0.00367286
6.68,0,0.524852,0.490876,0.465773,-0.0383008,0.0339755
6.68,1,0.677727,0.776496,-0.115249,-3.60504,-0.0987696
6.68,2,-0.265357,-0.240562,0.483685,-1.71122,-0.0247951
6.68,3,2.51535,2.54861,-0.481744,-0.0435297,-0.0332576
6.68,4,-0.367317,-0.380013,-0.000944753,0.102039,0.0126959
6.68,5,-0.0593778,-0.0556777,-0.060253,-0.000424765,-0.00370013
6.69,0,0.52971,0.495529,0.464887,-0.027392,0.0341817
6.69,1,0.676646,0.775344,-0.115309,-3.60197,-0.0986973
6.69,2,-0.260362,-0.235725,0.483702,-1.70651,-0.0246368
6.69,3,2.51051,2.54379,-0.481652,-0.043848,-0.0332839
6.69,4,-0.367421,-0.380024,-0.00116436,0.101401,0.0126024
6.69,5,-0.0600082,-0.0562796,-0.0601595,-0.000594884,-0.00372855
6.7,0,0.534569,0.500174,0.464364,-0.0172989,0.0343948
6.7,1,0.675566,0.77419,-0.115327,-3.599,-0.0986246
6.7,2,-0.255367,-0.230888,0.483744,-1.70185,-0.0244788
6.7,3,2.50567,2.53898,-0.481575,-0.0441656,-0.0333111
6.7,4,-0.367526,-0.380036,-0.00131397,0.100743,0.0125107
6.7,5,-0.0606386,-0.0568809,-0.0601109,-0.000754978,-0.00375765
6.71,0,0.539428,0.504817,0.464176,-0.00807678,0.0346113
6.71,1,0.674485,0.773037,-0.115308,-3.59615,-0.098552
6.71,2,-0.250371,-0.22605,0.483808,-1.69726,-0.0243214
6.71,3,2.50082,2.53416,-0.481515,-0.04448,-0.0333389
6.71,4,-0.36763,-0.38005,-0.00139627,0.100059,0.0124202
6.71,5,-0.061269,-0.057482,-0.0601045,-0.000903652,-0.003787
6.72,0,0.544287,0.509459,0.464294,0.000235682,0.0348279
6.72,1,0.673405,0.771884,-0.115258,-3.59341,-0.0984797
6.72,2,-0.245376,-0.221211,0.483889,-1.69272,-0.0241647
6.72,3,2.49598,2.52935,-0.481472,-0.0447889,-0.0333672
6.72,4,-0.367734,-0.380064,-0.00141467,0.0993479,0.0123301
6.72,5,-0.0618994,-0.0580832,-0.0601374,-0.00103979,-0.0038162
6.73,0,0.549146,0.514104,0.464686,0.00761544,0.0350418
6.73,1,0.672324,0.770732,-0.115181,-3.59078,-0.098408
6.73,2,-0.240381,-0.216372,0.483983,-1.68823,-0.0240089
6.73,3,2.49114,2.52453,-0.481447,-0.0450902,-0.0333959
6.73,4,-0.367838,-0.380078,-0.00137323,0.0986053,0.0122398
6.73,5,-0.0625298,-0.0586849,-0.060206,-0.00116256,-0.00384487
6.74,0,0.554004,0.518754,0.465322,0.0140539,0.0352505
6.74,1,0.671244,0.769581,-0.115082,-3.58825,-0.0983373
6.74,2,-0.235386,-0.211532,0.484088,-1.6838,-0.023854
6.74,3,2.48629,2.51972,-0.481441,-0.045382,-0.0334247
6.74,4,-0.367942,-0.380091,-0.00127654,0.0978293,0.0121489
6.74,5,-0.0631602,-0.0592875,-0.0603067,-0.00127137,-0.00387268
6.75,0,0.558863,0.523412,0.466169,0.0195557,0.0354516
6.75,1,0.670163,0.768431,-0.114966,-3.58581,-0.0982676
6.75,2,-0.23039,-0.20669,0.484199,-1.67941,-0.0237003
6.75,3,2.48145,2.5149,-0.481452,-0.0456629,-0.0334534
6.75,4,-0.368047,-0.380103,-0.00112962,0.0970182,0.0120567
6.75,5,-0.0637906,-0.0598912,-0.0604356,-0.00136591,-0.00389932
6.76,0,0.563722,0.528079,0.467196,0.0241373,0.0356432
6.76,1,0.669083,0.767282,-0.114837,-3.58346,-0.0981992
6.76,2,-0.225395,-0.201848,0.484315,-1.67506,-0.0235477
6.76,3,2.47661,2.51009,-0.481481,-0.0459315,-0.033482
6.76,4,-0.368151,-0.380114,-0.000937802,0.0961708,0.0119627
6.76,5,-0.0644209,-0.0604964,-0.0605886,-0.00144608,-0.00392453
6.77,0,0.568581,0.532757,0.468373,0.0278258,0.0358236
6.77,1,0.668002,0.766134,-0.114699,-3.58119,-0.0981321
6.77,2,-0.2204,-0.197004,0.48443,-1.67075,-0.0233962
6.77,3,2.47176,2.50527,-0.481525,-0.0461867,-0.0335102
6.77,4,-0.368255,-0.380122,-0.000706626,0.0952867,0.0118667
6.77,5,-0.0650513,-0.0611032,-0.0607617,-0.001512,-0.0039481
6.78,0,0.57344,0.537448,0.46967,0.0306573,0.0359917
6.78,1,0.666922,0.764988,-0.114556,-3.57899,-0.0980664
6.78,2,-0.215405,-0.192159,0.484545,-1.66647,-0.023246
6.78,3,2.46692,2.50046,-0.481584,-0.0464278,-0.0335378
6.78,4,-0.368359,-0.380127,-0.000441768,0.0943658,0.0117681
6.78,5,-0.0656817,-0.0617119,-0.0609509,-0.00156397,-0.00396985
6.79,0,0.578298,0.542152,0.471057,0.0326758,0.0361462
6.79,1,0.665841,0.763843,-0.114411,-3.57686,-0.0980022
6.79,2,-0.21041,-0.187313,0.484655,-1.66221,-0.0230968
6.79,3,2.46208,2.49564,-0.481657,-0.0466542,-0.0335648
6.79,4,-0.368463,-0.38013,-0.000148937,0.0934083,0.0116667
6.79,5,-0.0663121,-0.0623225,-0.0611523,-0.00160247,-0.00398964
6.8,0,0.583157,0.546871,0.472509,0.0339319,0.0362865
6.8,1,0.66476,0.7627,-0.114268,-3.57477,-0.0979394
6.8,2,-0.205414,-0.182466,0.484758,-1.65798,-0.0229487
6.8,3,2.45723,2.49083,-0.481741,-0.0468657,-0.033591
6.8,4,-0.368568,-0.38013,0.000166204,0.0924153,0.0115623
6.8,5,-0.0669425,-0.0629352,-0.0613622,-0.00162813,-0.00400736
6.81,0,0.588016,0.551604,0.474,0.0344815,0.036412
6.81,1,0.66368,0.761558,-0.114129,-3.57273,-0.097878
6.81,2,-0.200419,-0.177618,0.484854,-1.65376,-0.0228016
6.81,3,2.45239,2.48601,-0.481836,-0.0470621,-0.0336163
6.81,4,-0.368672,-0.380126,0.000498109,0.0913879,0.0114546
6.81,5,-0.0675729,-0.06355,-0.0615769,-0.00164168,-0.00402295
6.82,0,0.592875,0.556352,0.475506,0.0343842,0.0365226
6.82,1,0.662599,0.760417,-0.113996,-3.57073,-0.097818
6.82,2,-0.195424,-0.172769,0.484941,-1.64954,-0.0226554
6.82,3,2.44755,2.48119,-0.481939,-0.0472435,-0.0336407
6.82,4,-0.368776,-0.38012,0.000841422,0.0903278,0.0113436
6.82,5,-0.0682033,-0.0641669,-0.0617932,-0.00164397,-0.00403639
6.83,0,0.597734,0.561116,0.477006,0.0337026,0.036618
6.83,1,0.661519,0.759278,-0.113873,-3.56875,-0.0977593
6.83,2,-0.190429,-0.167919,0.485016,-1.64533,-0.02251
6.83,3,2.44271,2.47637,-0.482048,-0.0474101,-0.0336639
6.83,4,-0.36888,-0.380109,0.00119103,0.0892367,0.011229
6.83,5,-0.0688337,-0.064786,-0.062008,-0.00163592,-0.00404766
6.84,0,0.602592,0.565894,0.478481,0.0325012,0.0366986
6.84,1,0.660438,0.75814,-0.11376,-3.56679,-0.0977017
6.84,2,-0.185433,-0.163068,0.485081,-1.64112,-0.0223653
6.84,3,2.43786,2.47155,-0.482163,-0.0475625,-0.033686
6.84,4,-0.368984,-0.380095,0.00154211,0.0881168,0.011111
6.84,5,-0.0694641,-0.0654073,-0.0622185,-0.00161852,-0.00405682
6.85,0,0.607451,0.570686,0.479914,0.0308449,0.0367647
6.85,1,0.659358,0.757003,-0.113658,-3.56483,-0.0976452
6.85,2,-0.180438,-0.158217,0.485133,-1.6369,-0.0222212
6.85,3,2.43302,2.46673,-0.482281,-0.0477012,-0.033707
6.85,4,-0.369089,-0.380078,0.00189018,0.0869704,0.0109894
6.85,5,-0.0700945,-0.0660306,-0.0624223,-0.00159279,-0.0040639
6.86,0,0.61231,0.575493,0.48129,0.0287986,0.0368167
6.86,1,0.658277,0.755867,-0.11357,-3.56288,-0.0975896
6.86,2,-0.175443,-0.153365,0.485173,-1.63267,-0.0220775
6.86,3,2.42818,2.4619,-0.482401,-0.0478268,-0.0337267
6.86,4,-0.369193,-0.380057,0.00223113,0.0858,0.0108644
6.86,5,-0.0707249,-0.0666559,-0.0626172,-0.00155976,-0.00406899
6.87,0,0.617169,0.580313,0.482597,0.0264261,0.0368554
6.87,1,0.657197,0.754732,-0.113495,-3.56091,-0.0975349
6.87,2,-0.170448,-0.148514,0.4852,-1.62842,-0.0219342
6.87,3,2.42333,2.45708,-0.482521,-0.0479401,-0.0337453
6.87,4,-0.369297,-0.380033,0.00256125,0.0846082,0.0107361
6.87,5,-0.0713553,-0.0672831,-0.0628015,-0.00152049,-0.00407219
6.88,0,0.622028,0.585146,0.483822,0.0237895,0.0368814
6.88,1,0.656116,0.753597,-0.113434,-3.55893,-0.0974808
6.88,2,-0.165453,-0.143662,0.485214,-1.62416,-0.021791
6.88,3,2.41849,2.45225,-0.482641,-0.0480421,-0.0337626
6.88,4,-0.369401,-0.380006,0.00287725,0.0833977,0.0106045
6.88,5,-0.0719857,-0.0679121,-0.0629734,-0.00147601,-0.00407361
6.89,0,0.626886,0.589991,0.48496,0.0209481,0.0368957
6.89,1,0.655036,0.752463,-0.113387,-3.55693,-0.0974273
6.89,2,-0.160457,-0.138809,0.485216,-1.61987,-0.021648
6.89,3,2.41365,2.44742,-0.482758,-0.0481335,-0.0337788
6.89,4,-0.369505,-0.379975,0.00317626,0.0821711,0.0104699
6.89,5,-0.0726161,-0.0685427,-0.0631319,-0.00142734,-0.00407338
6.9,0,0.631745,0.594846,0.486001,0.0179587,0.0368991
6.9,1,0.653955,0.751329,-0.113355,-3.5549,-0.0973741
6.9,2,-0.155462,-0.133957,0.485206,-1.61556,-0.0215049
6.9,3,2.4088,2.4426,-0.482872,-0.0482153,-0.0337938
6.9,4,-0.36961,-0.379942,0.00345587,0.0809312,0.0103324
6.9,5,-0.0732465,-0.0691748,-0.0632761,-0.00137546,-0.00407165
6.91,0,0.636604,0.599711,0.486943,0.0148742,0.0368926
6.91,1,0.652875,0.750196,-0.113336,-3.55284,-0.0973212
6.91,2,-0.150467,-0.129105,0.485185,-1.61122,-0.0213616
6.91,3,2.40396,2.43777,-0.482981,-0.0482886,-0.0338077
6.91,4,-0.369714,-0.379906,0.00371407,0.0796805,0.0101922
6.91,5,-0.0738768,-0.0698083,-0.0634051,-0.00132129,-0.00406856
6.92,0,0.641463,0.604586,0.487782,0.0117439,0.0368773
6.92,1,0.651794,0.749063,-0.11333,-3.55075,-0.0972684
6.92,2,-0.145472,-0.124254,0.485153,-1.60685,-0.021218
6.92,3,2.39912,2.43294,-0.483086,-0.0483543,-0.0338206
6.92,4,-0.369818,-0.379868,0.00394931,0.0784216,0.0100495
6.92,5,-0.0745072,-0.070443,-0.0635188,-0.00126572,-0.00406427
6.93,0,0.646322,0.609467,0.488517,0.00861288,0.0368541
6.93,1,0.650714,0.747929,-0.113338,-3.54861,-0.0972156
6.93,2,-0.140476,-0.119402,0.485111,-1.60245,-0.0210741
6.93,3,2.39427,2.42811,-0.483184,-0.0484135,-0.0338324
6.93,4,-0.369922,-0.379827,0.00416045,0.077157,0.00990465
6.93,5,-0.0751376,-0.0710787,-0.0636168,-0.00120957,-0.00405892
6.94,0,0.65118,0.614356,0.489149,0.00552187,0.0368242
6.94,1,0.649633,0.746796,-0.113357,-3.54644,-0.0971627
6.94,2,-0.135481,-0.114551,0.48506,-1.59801,-0.0209297
6.94,3,2.38943,2.42327,-0.483276,-0.0484669,-0.0338433
6.94,4,-0.370026,-0.379784,0.00434673,0.075889,0.0097578
6.94,5,-0.075768,-0.0717153,-0.0636994,-0.00115359,-0.00405268
6.95,0,0.656039,0.619251,0.489678,0.00250713,0.0367885
6.95,1,0.648553,0.745662,-0.113388,-3.54422,-0.0971095
6.95,2,-0.130486,-0.109701,0.485,-1.59354,-0.0207848
6.95,3,2.38459,2.41844,-0.483361,-0.0485157,-0.0338533
6.95,4,-0.370131,-0.37974,0.00450781,0.0746199,0.00960922
6.95,5,-0.0763984,-0.0723527,-0.0637668,-0.00109846,-0.0040457
6.96,0,0.660898,0.62415,0.490108,-0.000399581,0.0367481
6.96,1,0.647472,0.744528,-0.113429,-3.54195,-0.0970559
6.96,2,-0.125491,-0.104852,0.484934,-1.58904,-0.0206392
6.96,3,2.37974,2.41361,-0.483439,-0.0485608,-0.0338624
6.96,4,-0.370235,-0.379694,0.00464365,0.0733516,0.00945918
6.96,5,-0.0770288,-0.0729907,-0.0638194,-0.0010448,-0.00403812
6.97,0,0.665757,0.629053,0.490442,-0.00317106,0.0367039
6.97,1,0.646391,0.743393,-0.113479,-3.53964,-0.0970019
6.97,2,-0.120496,-0.100003,0.48486,-1.58451,-0.0204929
6.97,3,2.3749,2.40877,-0.48351,-0.0486028,-0.0338709
6.97,4,-0.370339,-0.379647,0.0047546,0.0720859,0.00930791
6.97,5,-0.0776592,-0.0736291,-0.0638579,-0.000993141,-0.0040301
6.98,0,0.670616,0.633959,0.490686,-0.00578454,0.0366569
6.98,1,0.645311,0.742258,-0.113537,-3.53728,-0.0969473
6.98,2,-0.1155,-0.0951544,0.484782,-1.57994,-0.0203459
6.98,3,2.37006,2.40394,-0.483573,-0.0486427,-0.0338787
6.98,4,-0.370443,-0.379599,0.00484126,0.0708247,0.00915566
6.98,5,-0.0782896,-0.0742678,-0.063883,-0.000943938,-0.00402177
6.99,0,0.675474,0.638867,0.490845,-0.00822159,0.0366079
6.99,1,0.64423,0.741123,-0.113602,-3.53488,-0.0968921
6.99,2,-0.110505,-0.0903071,0.484699,-1.57534,-0.020198
6.99,3,2.36521,2.3991,-0.483629,-0.0486811,-0.0338858
6.99,4,-0.370547,-0.37955,0.00490452,0.0695692,0.00900268
6.99,5,-0.07892,-0.0749067,-0.0638956,-0.000897579,-0.00401325
7,0,0.680333,0.643776,0.490926,-0.0104679,0.0365577
7,1,0.64315,0.739986,-0.113673,-3.53243,-0.0968363
7,2,-0.10551,-0.0854605,0.484613,-1.5707,-0.0200493
7,3,2.36037,2.39426,-0.483677,-0.0487187,-0.0338925
7,4,-0.370652,-0.379501,0.0049455,0.0683207,0.00884919
7,5,-0.0795504,-0.0755457,-0.0638967,-0.000854377,-0.00400467
7.01,0,0.685192,0.648685,0.490933,-0.0125132,0.0365072
7.01,1,0.642069,0.738849,-0.113749,-3.52994,-0.0967797
7.01,2,-0.100515,-0.0806149,0.484524,-1.56604,-0.0198997
7.01,3,2.35553,2.38943,-0.483719,-0.048756,-0.0338987
7.01,4,-0.370756,-0.379451,0.00496552,0.0670805,0.0086954
7.01,5,-0.0801808,-0.0761846,-0.0638872,-0.000814573,-0.00399615
7.02,0,0.690051,0.653594,0.490876,-0.0143509,0.0364569
7.02,1,0.640989,0.737711,-0.113828,-3.52741,-0.0967223
7.02,2,-0.0955194,-0.0757702,0.484433,-1.56134,-0.0197492
7.02,3,2.35068,2.38459,-0.483753,-0.0487936,-0.0339046
7.02,4,-0.37086,-0.379402,0.00496605,0.0658492,0.00854153
7.02,5,-0.0808112,-0.0768234,-0.0638683,-0.000778341,-0.00398776
7.03,0,0.69491,0.658502,0.49076,-0.0159777,0.0364075
7.03,1,0.639908,0.736572,-0.113911,-3.52483,-0.0966641
7.03,2,-0.0905242,-0.0709263,0.484341,-1.55662,-0.0195978
7.03,3,2.34584,2.37975,-0.483782,-0.0488318,-0.0339101
7.03,4,-0.370964,-0.379352,0.00494873,0.0646276,0.00838774
7.03,5,-0.0814416,-0.077462,-0.063841,-0.000745793,-0.00397962
7.04,0,0.699768,0.663409,0.490593,-0.0173938,0.0363596
7.04,1,0.638828,0.735433,-0.113995,-3.52221,-0.096605
7.04,2,-0.0855289,-0.0660834,0.484249,-1.55186,-0.0194455
7.04,3,2.341,2.37491,-0.483805,-0.0488711,-0.0339154
7.04,4,-0.371069,-0.379303,0.00491527,0.0634162,0.00823423
7.04,5,-0.082072,-0.0781002,-0.0638065,-0.000716978,-0.00397179
7.05,0,0.704627,0.668314,0.490382,-0.0186018,0.0363136
7.05,1,0.637747,0.734292,-0.114081,-3.51956,-0.0965451
7.05,2,-0.0805337,-0.0612415,0.484157,-1.54708,-0.0192923
7.05,3,2.33615,2.37007,-0.483822,-0.0489115,-0.0339205
7.05,4,-0.371173,-0.379254,0.00486746,0.0622152,0.00808112
7.05,5,-0.0827024,-0.078738,-0.0637659,-0.000691894,-0.00396433
7.06,0,0.709486,0.673216,0.490135,-0.0196072,0.0362699
7.06,1,0.636667,0.733151,-0.114167,-3.51688,-0.0964844
7.06,2,-0.0755385,-0.0564004,0.484066,-1.54228,-0.0191381
7.06,3,2.33131,2.36524,-0.483834,-0.0489534,-0.0339254
7.06,4,-0.371277,-0.379205,0.00480712,0.061025,0.00792857
7.06,5,-0.0833328,-0.0793754,-0.0637203,-0.000670486,-0.00395732
7.07,0,0.714345,0.678116,0.489858,-0.0204175,0.0362289
7.07,1,0.635586,0.732009,-0.114252,-3.51416,-0.0964228
7.07,2,-0.0705433,-0.0515602,0.483976,-1.53744,-0.018983
7.07,3,2.32647,2.3604,-0.483843,-0.0489968,-0.0339302
7.07,4,-0.371381,-0.379158,0.0047361,0.0598454,0.00777668
7.07,5,-0.0839631,-0.0800124,-0.0636708,-0.000652656,-0.00395078
7.08,0,0.719204,0.683013,0.489558,-0.0210423,0.0361908
7.08,1,0.634506,0.730866,-0.114336,-3.5114,-0.0963603
7.08,2,-0.065548,-0.0467209,0.483889,-1.53259,-0.0188271
7.08,3,2.32162,2.35556,-0.483847,-0.0490417,-0.033935
7.08,4,-0.371485,-0.379111,0.00465623,0.0586762,0.00762554
7.08,5,-0.0845935,-0.0806488,-0.0636183,-0.000638267,-0.00394475
7.09,0,0.724062,0.687907,0.48924,-0.0214926,0.0361557
7.09,1,0.633425,0.729722,-0.114419,-3.50863,-0.096297
7.09,2,-0.0605528,-0.0418825,0.483803,-1.52772,-0.0186703
7.09,3,2.31678,2.35072,-0.483849,-0.0490881,-0.0339397
7.09,4,-0.37159,-0.379065,0.00456928,0.0575174,0.00747525
7.09,5,-0.0852239,-0.0812847,-0.0635638,-0.000627147,-0.00393926
7.1,0,0.728921,0.692797,0.488912,-0.0217807,0.0361239
7.1,1,0.632345,0.728577,-0.114499,-3.50582,-0.0962329
7.1,2,-0.0555576,-0.0370449,0.48372,-1.52282,-0.0185126
7.1,3,2.31194,2.34588,-0.483848,-0.049136,-0.0339445
7.1,4,-0.371694,-0.37902,0.00447698,0.0563684,0.00732586
7.1,5,-0.0858543,-0.08192,-0.0635083,-0.000619097,-0.00393432
7.11,0,0.73378,0.697685,0.488579,-0.02192,0.0360954
7.11,1,0.631264,0.727432,-0.114577,-3.50299,-0.096168
7.11,2,-0.0505624,-0.0322082,0.48364,-1.51791,-0.0183542
7.11,3,2.30709,2.34104,-0.483846,-0.0491852,-0.0339492
7.11,4,-0.371798,-0.378975,0.00438098,0.0552288,0.00717741
7.11,5,-0.0864847,-0.0825548,-0.0634526,-0.000613892,-0.00392994
7.12,0,0.738639,0.702569,0.488245,-0.0219244,0.0360703
7.12,1,0.630183,0.726286,-0.114652,-3.50014,-0.0961024
7.12,2,-0.0455671,-0.0273722,0.483563,-1.51297,-0.0181949
7.12,3,2.30225,2.33621,-0.483842,-0.0492354,-0.033954
7.12,4,-0.371902,-0.378932,0.00428284,0.0540981,0.00702994
7.12,5,-0.0871151,-0.083189,-0.0633975,-0.000611293,-0.00392611
7.13,0,0.743498,0.707449,0.487916,-0.0218086,0.0360485
7.13,1,0.629103,0.725139,-0.114724,-3.49727,-0.096036
7.13,2,-0.0405719,-0.022537,0.483488,-1.50802,-0.0180349
7.13,3,2.29741,2.33137,-0.483837,-0.0492865,-0.0339589
7.13,4,-0.372006,-0.37889,0.00418398,0.0529756,0.00688345
7.13,5,-0.0877455,-0.0838227,-0.0633436,-0.000611045,-0.00392282
7.14,0,0.748357,0.712327,0.487594,-0.0215872,0.0360299
7.14,1,0.628022,0.723991,-0.114793,-3.49438,-0.0959689
7.14,2,-0.0355767,-0.0177025,0.483417,-1.50306,-0.0178742
7.14,3,2.29257,2.32653,-0.483832,-0.0493382,-0.0339638
7.14,4,-0.372111,-0.378848,0.00408575,0.0518607,0.00673795
7.14,5,-0.0883759,-0.0844558,-0.0632916,-0.000612885,-0.00392007
7.15,0,0.753215,0.717201,0.487284,-0.0212748,0.0360145
7.15,1,0.626942,0.722843,-0.114859,-3.49147,-0.0959011
7.15,2,-0.0305815,-0.0128687,0.483349,-1.49808,-0.0177128
7.15,3,2.28772,2.32169,-0.483828,-0.0493902,-0.0339687
7.15,4,-0.372215,-0.378808,0.00398932,0.0507527,0.00659342
7.15,5,-0.0890063,-0.0850885,-0.0632419,-0.000616547,-0.00391782
7.16,0,0.758074,0.722072,0.486989,-0.0208861,0.0360021
7.16,1,0.625861,0.721694,-0.114921,-3.48854,-0.0958327
7.16,2,-0.0255862,-0.00803559,0.483283,-1.49309,-0.0175506
7.16,3,2.28288,2.31685,-0.483824,-0.0494422,-0.0339737
7.16,4,-0.372319,-0.378769,0.00389577,0.0496509,0.00644984
7.16,5,-0.0896367,-0.0857206,-0.0631951,-0.000621763,-0.00391606
7.17,0,0.762933,0.72694,0.486712,-0.0204349,0.0359925
7.17,1,0.624781,0.720545,-0.11498,-3.48561,-0.0957637
7.17,2,-0.020591,-0.00320311,0.48322,-1.48808,-0.0173879
7.17,3,2.27804,2.31201,-0.483821,-0.0494939,-0.0339787
7.17,4,-0.372423,-0.37873,0.00380601,0.0485544,0.00630718
7.17,5,-0.0902671,-0.0863523,-0.0631515,-0.00062827,-0.00391474
7.18,0,0.767792,0.731806,0.486453,-0.019935,0.0359856
7.18,1,0.6237,0.719394,-0.115036,-3.48266,-0.0956941
7.18,2,-0.0155958,0.00162876,0.48316,-1.48306,-0.0172246
7.18,3,2.27319,2.30718,-0.48382,-0.0495448,-0.0339837
7.18,4,-0.372527,-0.378693,0.00372082,0.0474627,0.00616539
7.18,5,-0.0908975,-0.0869836,-0.0631114,-0.000635812,-0.00391385
7.19,0,0.772651,0.736669,0.486216,-0.0193991,0.0359812
7.19,1,0.62262,0.718244,-0.115089,-3.47969,-0.095624
7.19,2,-0.0106006,0.00646005,0.483103,-1.47802,-0.0170606
7.19,3,2.26835,2.30234,-0.483821,-0.0495947,-0.0339887
7.19,4,-0.372632,-0.378656,0.00364087,0.046375,0.00602442
7.19,5,-0.0915279,-0.0876145,-0.063075,-0.000644143,-0.00391333
7.2,0,0.777509,0.74153,0.486001,-0.0188392,0.0359791
7.2,1,0.621539,0.717093,-0.11514,-3.47672,-0.0955534
7.2,2,-0.00560534,0.0112908,0.483047,-1.47298,-0.0168961
7.2,3,2.26351,2.2975,-0.483823,-0.0496432,-0.0339937
7.2,4,-0.372736,-0.37862,0.00356664,0.0452905,0.00588423
7.2,5,-0.0921583,-0.0882451,-0.0630425,-0.000653028,-0.00391316
7.21,0,0.782368,0.746389,0.485808,-0.0182667,0.0359789
7.21,1,0.620459,0.715941,-0.115187,-3.47373,-0.0954822
7.21,2,-0.000610115,0.0161209,0.482994,-1.46792,-0.0167311
7.21,3,2.25866,2.29266,-0.483828,-0.0496899,-0.0339987
7.21,4,-0.37284,-0.378585,0.00349853,0.0442086,0.00574474
7.21,5,-0.0927887,-0.0888754,-0.0630139,-0.000662246,-0.00391328
7.22,0,0.787227,0.751246,0.485639,-0.0176918,0.0359806
7.22,1,0.619378,0.714789,-0.115232,-3.47073,-0.0954106
7.22,2,0.00438511,0.0209506,0.482943,-1.46285,-0.0165655
7.22,3,2.25382,2.28782,-0.483836,-0.0497346,-0.0340036
7.22,4,-0.372944,-0.37855,0.00343678,0.0431288,0.00560589
7.22,5,-0.0934191,-0.0895054,-0.0629893,-0.000671595,-0.00391368
7.23,0,0.792086,0.756102,0.485493,-0.0171236,0.0359839
7.23,1,0.618298,0.713636,-0.115275,-3.46772,-0.0953386
7.23,2,0.00938034,0.0257798,0.482893,-1.45777,-0.0163994
7.23,3,2.24898,2.28298,-0.483845,-0.0497769,-0.0340084
7.23,4,-0.373048,-0.378516,0.00338153,0.0420503,0.00546763
7.23,5,-0.0940494,-0.0901352,-0.0629686,-0.000680887,-0.0039143
7.24,0,0.796945,0.760956,0.485369,-0.0165705,0.0359884
7.24,1,0.617217,0.712483,-0.115316,-3.4647,-0.0952662
7.24,2,0.0143756,0.0306084,0.482845,-1.45268,-0.0162329
7.24,3,2.24413,2.27815,-0.483858,-0.0498166,-0.0340131
7.24,4,-0.373153,-0.378482,0.00333279,0.0409727,0.00532989
7.24,5,-0.0946798,-0.0907647,-0.0629518,-0.000689954,-0.0039151
7.25,0,0.801803,0.765809,0.485268,-0.0160397,0.0359941
7.25,1,0.616137,0.71133,-0.115355,-3.46167,-0.0951933
7.25,2,0.0193708,0.0354366,0.482798,-1.44757,-0.0160658
7.25,3,2.23929,2.27331,-0.483873,-0.0498532,-0.0340177
7.25,4,-0.373257,-0.378449,0.0032905,0.0398955,0.0051926
7.25,5,-0.0953102,-0.0913942,-0.0629387,-0.000698647,-0.00391605
7.26,0,0.806662,0.770661,0.485188,-0.0155372,0.0360007
7.26,1,0.615056,0.710176,-0.115393,-3.45862,-0.0951201
7.26,2,0.024366,0.0402643,0.482752,-1.44245,-0.0158983
7.26,3,2.23445,2.26847,-0.483891,-0.0498866,-0.0340221
7.26,4,-0.373361,-0.378417,0.00325448,0.0388183,0.00505569
7.26,5,-0.0959406,-0.0920235,-0.0629291,-0.000706837,-0.00391711
7.27,0,0.811521,0.775513,0.485129,-0.0150682,0.036008
7.27,1,0.613976,0.709022,-0.11543,-3.45557,-0.0950465
7.27,2,0.0293612,0.0450916,0.482707,-1.43732,-0.0157304
7.27,3,2.2296,2.26363,-0.483911,-0.0499166,-0.0340263
7.27,4,-0.373465,-0.378384,0.00322447,0.0377407,0.00491911
7.27,5,-0.096571,-0.0926528,-0.0629228,-0.000714413,-0.00391825
7.28,0,0.81638,0.780364,0.485089,-0.014637,0.0360157
7.28,1,0.612895,0.707868,-0.115466,-3.4525,-0.0949725
7.28,2,0.0343565,0.0499184,0.482662,-1.43218,-0.015562
7.28,3,2.22476,2.25879,-0.483934,-0.0499428,-0.0340303
7.28,4,-0.373569,-0.378352,0.00320015,0.0366624,0.0047828
7.28,5,-0.0972014,-0.093282,-0.0629197,-0.000721284,-0.00391944
7.29,0,0.821239,0.785215,0.485066,-0.0142466,0.0360238
7.29,1,0.611814,0.706713,-0.115501,-3.44943,-0.0948982
7.29,2,0.0393517,0.0547448,0.482617,-1.42703,-0.0153931
7.29,3,2.21992,2.25395,-0.483959,-0.0499653,-0.0340341
7.29,4,-0.373674,-0.37832,0.00318115,0.0355831,0.00464671
7.29,5,-0.0978318,-0.0939112,-0.0629194,-0.000727377,-0.00392064
7.3,0,0.826097,0.790065,0.485059,-0.0138995,0.036032
7.3,1,0.610734,0.705557,-0.115536,-3.44633,-0.0948235
7.3,2,0.0443469,0.0595707,0.482573,-1.42186,-0.0152238
7.3,3,2.21507,2.24911,-0.483986,-0.0499837,-0.0340375
7.3,4,-0.373778,-0.378289,0.00316701,0.0345027,0.00451078
7.3,5,-0.0984622,-0.0945404,-0.0629217,-0.000732637,-0.00392183
7.31,0,0.830956,0.794916,0.485068,-0.013597,0.0360401
7.31,1,0.609653,0.704402,-0.115571,-3.44323,-0.0947485
7.31,2,0.0493421,0.0643962,0.482529,-1.41668,-0.0150541
7.31,3,2.21023,2.24427,-0.484016,-0.049998,-0.0340408
7.31,4,-0.373882,-0.378257,0.00315727,0.033421,0.00437496
7.31,5,-0.0990926,-0.0951696,-0.0629263,-0.000737027,-0.00392298
7.32,0,0.835815,0.799767,0.485089,-0.0133399,0.0360482
7.32,1,0.608573,0.703246,-0.115605,-3.44011,-0.0946731
7.32,2,0.0543374,0.0692213,0.482485,-1.41149,-0.0148839
7.32,3,2.20539,2.23943,-0.484047,-0.0500081,-0.0340436
7.32,4,-0.373986,-0.378225,0.00315141,0.0323381,0.00423922
7.32,5,-0.099723,-0.0957989,-0.0629329,-0.000740525,-0.00392408
7.33,0,0.840674,0.804618,0.485122,-0.0131282,0.0360559
7.33,1,0.607492,0.70209,-0.11564,-3.43698,-0.0945974
7.33,2,0.0593326,0.0740459,0.48244,-1.40628,-0.0147133
7.33,3,2.20054,2.23459,-0.484081,-0.0500138,-0.0340462
7.33,4,-0.37409,-0.378194,0.00314892,0.0312537,0.00410352
7.33,5,-0.100353,-0.0964283,-0.0629412,-0.000743124,-0.0039251
7.34,0,0.845533,0.809469,0.485164,-0.0129611,0.0360633
7.34,1,0.606412,0.700933,-0.115675,-3.43383,-0.0945214
7.34,2,0.0643278,0.07887,0.482395,-1.40106,-0.0145422
7.34,3,2.1957,2.22975,-0.484115,-0.0500152,-0.0340485
7.34,4,-0.374195,-0.378162,0.00314925,0.030168,0.00396783
7.34,5,-0.100984,-0.0970578,-0.062951,-0.00074483,-0.00392603
7.35,0,0.850391,0.814321,0.485215,-0.0128374,0.0360702
7.35,1,0.605331,0.699776,-0.115711,-3.43066,-0.0944449
7.35,2,0.069323,0.0836937,0.48235,-1.39582,-0.0143707
7.35,3,2.19086,2.22491,-0.484152,-0.0500123,-0.0340503
7.35,4,-0.374299,-0.378131,0.00315187,0.029081,0.00383212
7.35,5,-0.101614,-0.0976873,-0.062962,-0.000745662,-0.00392685
7.36,0,0.85525,0.819174,0.485272,-0.0127554,0.0360765
7.36,1,0.604251,0.698619,-0.115747,-3.42748,-0.0943682
7.36,2,0.0743183,0.088517,0.482304,-1.39057,-0.0141987
7.36,3,2.18601,2.22007,-0.484189,-0.0500049,-0.0340518
7.36,4,-0.374403,-0.378099,0.00315623,0.0279929,0.00369638
7.36,5,-0.102245,-0.098317,-0.0629738,-0.00074565,-0.00392756
7.37,0,0.860109,0.824027,0.485334,-0.0127131,0.0360823
7.37,1,0.60317,0.697461,-0.115784,-3.42429,-0.094291
7.37,2,0.0793135,0.0933398,0.482258,-1.3853,-0.0140263
7.37,3,2.18117,2.21522,-0.484227,-0.0499932,-0.034053
7.37,4,-0.374507,-0.378068,0.00316182,0.0269037,0.00356058
7.37,5,-0.102875,-0.0989468,-0.0629864,-0.000744832,-0.00392815
7.38,0,0.860909,0.828873,0.483023,-0.167599,0.0320367
7.38,1,0.600574,0.696322,-0.111011,-3.49689,-0.0957481
7.38,2,0.0814375,0.0981191,0.471017,-1.44248,-0.0166816
7.38,3,2.17622,2.21038,-0.485442,-0.0503242,-0.0341589
7.38,4,-0.37435,-0.37804,0.00246812,0.0282924,0.0036908
7.38,5,-0.10248,-0.0995735,-0.061768,0.00399693,-0.0029067
7.39,0,0.861259,0.83366,0.474286,-0.318902,0.0275989
7.39,1,0.59781,0.695249,-0.104769,-3.58325,-0.0974389
7.39,2,0.0832425,0.102722,0.45145,-1.4873,-0.0194799
7.39,3,2.17125,2.2055,-0.489929,-0.0485,-0.0342457
7.39,4,-0.374163,-0.378001,0.00593915,0.0277336,0.00383789
7.39,5,-0.101972,-0.100161,-0.0558329,0.00769871,-0.00181023
7.4,0,0.861608,0.838328,0.4599,-0.448489,0.0232803
7.4,1,0.595045,0.694222,-0.101413,-3.66283,-0.0991768
7.4,2,0.0850474,0.107129,0.431834,-1.5261,-0.0220812
7.4,3,2.16629,2.20057,-0.495491,-0.0455063,-0.0342801
7.4,4,-0.373976,-0.377904,0.0129701,0.0249421,0.00392839
7.4,5,-0.101463,-0.100678,-0.0480891,0.0104998,-0.000785385
7.41,0,0.861957,0.842825,0.440801,-0.557116,0.0191322
7.41,1,0.59228,0.693212,-0.101018,-3.73422,-0.100932
7.41,2,0.0868524,0.111341,0.4126,-1.55985,-0.0244885
7.41,3,2.16133,2.19559,-0.500738,-0.0421558,-0.0342599
7.41,4,-0.373789,-0.37773,0.0211366,0.0209573,0.0039407
7.41,5,-0.100954,-0.101115,-0.0402669,0.0128845,0.000160894
7.42,0,0.862307,0.84711,0.417849,-0.64567,0.0151969
7.42,1,0.589516,0.692191,-0.103361,-3.79693,-0.102675
7.42,2,0.0886574,0.115363,0.393792,-1.58875,-0.0267057
7.42,3,2.15636,2.19055,-0.505111,-0.0388505,-0.0341917
7.42,4,-0.373603,-0.377475,0.0288925,0.016535,0.00387265
7.42,5,-0.100446,-0.101476,-0.032784,0.0149889,0.00103074
7.43,0,0.862656,0.851148,0.391837,-0.715165,0.0115087
7.43,1,0.586751,0.691133,-0.108148,-3.85083,-0.104382
7.43,2,0.0904623,0.1192,0.375423,-1.61296,-0.0287372
7.43,3,2.1514,2.18548,-0.508417,-0.0358056,-0.0340856
7.43,4,-0.373416,-0.377149,0.0353797,0.0121785,0.00373354
7.43,5,-0.0999371,-0.101765,-0.0256171,0.016823,0.00182757
7.44,0,0.863006,0.854912,0.363495,-0.766729,0.00809391
7.44,1,0.583987,0.690015,-0.11506,-3.89596,-0.106028
7.44,2,0.0922673,0.122855,0.357505,-1.63264,-0.0305876
7.44,3,2.14643,2.18039,-0.51063,-0.0331469,-0.0339525
7.44,4,-0.373229,-0.376768,0.0402047,0.00820576,0.00353851
7.44,5,-0.0994285,-0.101982,-0.0186457,0.0183633,0.00255392
7.45,0,0.863355,0.858383,0.333498,-0.801604,0.00497222
7.45,1,0.581222,0.688818,-0.12377,-3.93252,-0.107596
7.45,2,0.0940723,0.126334,0.340058,-1.64796,-0.0322613
7.45,3,2.14147,2.17527,-0.5118,-0.0309499,-0.033803
7.45,4,-0.373042,-0.376347,0.0432765,0.00480094,0.0033049
7.45,5,-0.0989198,-0.102131,-0.0117656,0.0195853,0.00321112
7.46,0,0.863704,0.861548,0.302464,-0.821125,0.00215669
7.46,1,0.578458,0.687526,-0.133958,-3.96084,-0.109068
7.46,2,0.0958772,0.129641,0.323107,-1.65911,-0.0337633
7.46,3,2.13651,2.17015,-0.512025,-0.0292566,-0.0336472
7.46,4,-0.372856,-0.375905,0.0446911,0.00205293,0.00304981
7.46,5,-0.0984112,-0.102211,-0.00491728,0.0204738,0.00379973
7.47,0,0.864054,0.864399,0.270959,-0.826695,-0.000345468
7.47,1,0.575693,0.686124,-0.145316,-3.9813,-0.110431
7.47,2,0.0976822,0.132781,0.306683,-1.66632,-0.0350986
7.47,3,2.13154,2.16504,-0.511422,-0.0280838,-0.0334937
7.47,4,-0.372669,-0.375458,0.0446515,-1.55451e-05,0.00278877
7.47,5,-0.0979026,-0.102223,0.00191506,0.0210251,0.00431993
7.48,0,0.864403,0.866935,0.239492,-0.819771,-0.00253239
7.48,1,0.572929,0.684604,-0.157555,-3.99437,-0.111676
7.48,2,0.0994872,0.13576,0.290823,-1.66983,-0.0362727
7.48,3,2.12658,2.15993,-0.510124,-0.0274277,-0.0333502
7.48,4,-0.372482,-0.375017,0.0434121,-0.00142646,0.00253495
7.48,5,-0.0973939,-0.102166,0.00871269,0.0212461,0.00477198
7.49,0,0.864752,0.869159,0.208517,-0.801829,-0.00440699
7.49,1,0.570164,0.682959,-0.170405,-4.00057,-0.112794
7.49,2,0.101292,0.138584,0.275567,-1.66988,-0.0372916
7.49,3,2.12161,2.15484,-0.508268,-0.0272681,-0.0332229
7.49,4,-0.372295,-0.374594,0.0412431,-0.00223069,0.00229886
7.49,5,-0.0968853,-0.102042,0.0154327,0.0211524,0.00515644
7.5,0,0.865102,0.871078,0.178431,-0.774348,-0.00597642
7.5,1,0.5674,0.681182,-0.183619,-4.00044,-0.113783
7.5,2,0.103097,0.141258,0.260958,-1.66676,-0.0381614
7.5,3,2.11665,2.14977,-0.50599,-0.0275715,-0.0331165
7.5,4,-0.372108,-0.374197,0.0384062,-0.00249644,0.00208833
7.5,5,-0.0963767,-0.101851,0.0220174,0.0207667,0.00547438
7.51,0,0.865451,0.872703,0.149574,-0.738783,-0.0072515
7.51,1,0.564635,0.679273,-0.196973,-3.99458,-0.114637
7.51,2,0.104902,0.143791,0.247037,-1.66074,-0.0388888
7.51,3,2.11169,2.14472,-0.503422,-0.0282937,-0.0330347
7.51,4,-0.371922,-0.37383,0.0351414,-0.00230094,0.00190872
7.51,5,-0.0958681,-0.101596,0.0284016,0.0201172,0.00572753
7.52,0,0.865801,0.874047,0.122234,-0.696547,-0.00824614
7.52,1,0.561871,0.67723,-0.210264,-3.98357,-0.115359
7.52,2,0.106707,0.146188,0.233845,-1.65212,-0.039481
7.52,3,2.10672,2.1397,-0.500687,-0.0293829,-0.0329795
7.52,4,-0.371735,-0.373498,0.0316587,-0.00172442,0.00176311
7.52,5,-0.0953594,-0.101278,0.0345189,0.0192356,0.00591825
7.53,0,0.86615,0.875127,0.0966397,-0.648992,-0.00897681
7.53,1,0.559106,0.675055,-0.223314,-3.96802,-0.115949
7.53,2,0.108512,0.148458,0.221421,-1.64121,-0.0399455
7.53,3,2.10176,2.13471,-0.497898,-0.0307823,-0.0329521
7.53,4,-0.371548,-0.373201,0.028135,-0.000845962,0.00165269
7.53,5,-0.0948508,-0.1009,0.0403058,0.0181561,0.00604957
7.54,0,0.866499,0.875961,0.0729717,-0.597396,-0.00946201
7.54,1,0.556341,0.672752,-0.235963,-3.94853,-0.11641
7.54,2,0.110317,0.150607,0.209799,-1.6283,-0.0402902
7.54,3,2.09679,2.12975,-0.495152,-0.0324324,-0.0329524
7.54,4,-0.371361,-0.372939,0.0247141,0.000259347,0.00157705
7.54,5,-0.0943422,-0.100467,0.045705,0.016914,0.0061251
7.55,0,0.866849,0.87657,0.05136,-0.54295,-0.00972175
7.55,1,0.553577,0.670325,-0.248076,-3.9257,-0.116748
7.55,2,0.112122,0.152645,0.19901,-1.61371,-0.0405232
7.55,3,2.09183,2.12481,-0.492536,-0.0342732,-0.0329795
7.55,4,-0.371175,-0.372709,0.0215076,0.00152231,0.00153451
7.55,5,-0.0938335,-0.0999825,0.0506679,0.0155446,0.00614901
7.56,0,0.867198,0.876975,0.031889,-0.486751,-0.00977709
7.56,1,0.550812,0.667781,-0.259535,-3.90013,-0.116968
7.56,2,0.113927,0.15458,0.189076,-1.59774,-0.0406529
7.56,3,2.08687,2.1199,-0.490119,-0.0362459,-0.0330317
7.56,4,-0.370988,-0.37251,0.018598,0.00288073,0.00152246
7.56,5,-0.0933249,-0.0994508,0.0551557,0.0140826,0.00612587
7.57,0,0.867547,0.877197,0.0146016,-0.429793,-0.00964972
7.57,1,0.548048,0.665126,-0.270245,-3.87238,-0.117078
7.57,2,0.115732,0.15642,0.180017,-1.58068,-0.0406882
7.57,3,2.0819,2.11501,-0.487955,-0.0382948,-0.0331068
7.57,4,-0.370801,-0.372339,0.0160417,0.00428001,0.00153761
7.57,5,-0.0928163,-0.0988769,0.0591404,0.0125609,0.0060606
7.58,0,0.867897,0.877258,-0.000497274,-0.372969,-0.00936151
7.58,1,0.545283,0.662368,-0.280127,-3.84302,-0.117085
7.58,2,0.117537,0.158175,0.171843,-1.56282,-0.0406377
7.58,3,2.07694,2.11014,-0.486083,-0.0403687,-0.0332019
7.58,4,-0.370614,-0.372191,0.0138726,0.00567332,0.0015762
7.58,5,-0.0923077,-0.098266,0.0626047,0.0110103,0.00595834
7.59,0,0.868246,0.87718,-0.0134358,-0.317062,-0.00893424
7.59,1,0.542519,0.659517,-0.28912,-3.81256,-0.116998
7.59,2,0.119342,0.159852,0.164559,-1.54443,-0.0405104
7.59,3,2.07197,2.10529,-0.484531,-0.0424211,-0.0333139
7.59,4,-0.370428,-0.372062,0.0121055,0.00702149,0.00163428
7.59,5,-0.091799,-0.0976234,0.0655423,0.00945895,0.00582433
7.6,0,0.868596,0.876985,-0.0242712,-0.262755,-0.00838921
7.6,1,0.539754,0.65658,-0.29718,-3.78151,-0.116826
7.6,2,0.121147,0.161462,0.158163,-1.52578,-0.0403151
7.6,3,2.06701,2.10045,-0.483309,-0.044412,-0.0334397
7.6,4,-0.370241,-0.371949,0.0107398,0.00829264,0.00170782
7.6,5,-0.0912904,-0.0969542,0.0679567,0.00793212,0.00566383
7.61,0,0.868945,0.876692,-0.033085,-0.210625,-0.00774701
7.61,1,0.53699,0.653569,-0.304279,-3.75033,-0.116579
7.61,2,0.122952,0.163012,0.152643,-1.50711,-0.0400606
7.61,3,2.06204,2.09562,-0.48242,-0.0463074,-0.0335759
7.61,4,-0.370054,-0.371847,0.00976238,0.00946172,0.00179286
7.61,5,-0.0907818,-0.0962638,0.0698607,0.0064518,0.005482
7.62,0,0.869294,0.876322,-0.0399793,-0.161155,-0.00702733
7.62,1,0.534225,0.650492,-0.310402,-3.71945,-0.116266
7.62,2,0.124757,0.164513,0.147985,-1.48864,-0.0397558
7.62,3,2.05708,2.0908,-0.481853,-0.0480801,-0.0337192
7.62,4,-0.369867,-0.371753,0.00915064,0.0105099,0.00188565
7.62,5,-0.0902731,-0.095557,0.0712752,0.0050367,0.00528385
7.63,0,0.869644,0.875892,-0.0450722,-0.114732,-0.00624872
7.63,1,0.531461,0.647358,-0.315549,-3.68927,-0.115898
7.63,2,0.126562,0.165971,0.144165,-1.4706,-0.039409
7.63,3,2.05212,2.08598,-0.481593,-0.0497089,-0.0338664
7.63,4,-0.369681,-0.371663,0.00887515,0.0114238,0.00198268
7.63,5,-0.0897645,-0.0948386,0.0722279,0.00370222,0.00507412
7.64,0,0.869993,0.875422,-0.048494,-0.0716572,-0.00542848
7.64,1,0.528696,0.644179,-0.31973,-3.66013,-0.115483
7.64,2,0.128367,0.167395,0.141154,-1.45316,-0.0390284
7.64,3,2.04715,2.08117,-0.481614,-0.0511792,-0.0340147
7.64,4,-0.369494,-0.371575,0.00890186,0.0121952,0.00208077
7.64,5,-0.0892559,-0.0941131,0.0727524,0.00246053,0.00485725
7.65,0,0.870342,0.874925,-0.050384,-0.0321504,-0.00458256
7.65,1,0.525931,0.640963,-0.322969,-3.63236,-0.115032
7.65,2,0.130172,0.168794,0.138917,-1.4365,-0.0386221
7.65,3,2.04219,2.07635,-0.481887,-0.052482,-0.0341614
7.65,4,-0.369307,-0.371484,0.00919398,0.0128198,0.0021771
7.65,5,-0.0887473,-0.0933846,0.0728862,0.00132069,0.00463731
7.66,0,0.870692,0.874417,-0.0508873,0.003642,-0.00372549
7.66,1,0.523167,0.63772,-0.325296,-3.60623,-0.114553
7.66,2,0.131977,0.170174,0.137414,-1.42075,-0.0381974
7.66,3,2.03722,2.07153,-0.482379,-0.0536134,-0.0343041
7.66,4,-0.36912,-0.37139,0.00971366,0.013297,0.00226923
7.66,5,-0.0882386,-0.0926566,0.0726702,0.000288918,0.00441799
7.67,0,0.871041,0.873912,-0.0501514,0.035641,-0.00287033
7.67,1,0.520402,0.634458,-0.326753,-3.58198,-0.114056
7.67,2,0.133782,0.171543,0.136601,-1.40605,-0.0377616
7.67,3,2.03226,2.0667,-0.483057,-0.0545742,-0.0344408
7.67,4,-0.368934,-0.371289,0.0104232,0.013629,0.00235508
7.67,5,-0.08773,-0.0919326,0.0721469,-0.000631247,0.00420256
7.68,0,0.871391,0.873419,-0.0483245,0.0638274,-0.00202865
7.68,1,0.517638,0.631187,-0.327386,-3.5598,-0.113549
7.68,2,0.135587,0.172908,0.136432,-1.3925,-0.0373212
7.68,3,2.0273,2.06187,-0.483883,-0.0553691,-0.0345699
7.68,4,-0.368747,-0.37118,0.0112862,0.0138206,0.00243297
7.68,5,-0.0872214,-0.0912152,0.0713596,-0.00143861,0.00399385
7.69,0,0.87174,0.872951,-0.0455525,0.0882354,-0.00121055
7.69,1,0.514873,0.627913,-0.327249,-3.53984,-0.11304
7.69,2,0.137392,0.174274,0.136853,-1.38018,-0.0368824
7.69,3,2.02233,2.05702,-0.484825,-0.0560061,-0.0346901
7.69,4,-0.36856,-0.371062,0.0122682,0.0138783,0.00250154
7.69,5,-0.0867127,-0.090507,0.0703513,-0.00213405,0.00379427
7.7,0,0.872089,0.872514,-0.0419779,0.108945,-0.000424709
7.7,1,0.512109,0.624645,-0.326401,-3.52223,-0.112536
7.7,2,0.139197,0.175647,0.137813,-1.36915,-0.0364508
7.7,3,2.01737,2.05217,-0.485847,-0.0564956,-0.0348004
7.7,4,-0.368373,-0.370933,0.0133372,0.0138098,0.0025598
7.7,5,-0.0862041,-0.0898099,0.0691638,-0.00272022,0.00360578
7.71,0,0.872439,0.872117,-0.0377376,0.126077,0.000321618
7.71,1,0.509344,0.621388,-0.324905,-3.50705,-0.112044
7.71,2,0.141002,0.177033,0.139257,-1.35946,-0.0360315
7.71,3,2.0124,2.0473,-0.486919,-0.0568501,-0.0349001
7.71,4,-0.368187,-0.370794,0.0144642,0.013624,0.00260702
7.71,5,-0.0856955,-0.0891255,0.067837,-0.00320124,0.00342997
7.72,0,0.872788,0.871766,-0.032962,0.139786,0.00102249
7.72,1,0.50658,0.61815,-0.322826,-3.49434,-0.111571
7.72,2,0.142806,0.178436,0.141129,-1.35113,-0.0356291
7.72,3,2.00744,2.04243,-0.488012,-0.0570832,-0.0349891
7.72,4,-0.368,-0.370643,0.0156234,0.0133305,0.00264277
7.72,5,-0.0851869,-0.0884549,0.0664084,-0.00358241,0.00326802
7.73,0,0.873137,0.871464,-0.0277741,0.150252,0.00167325
7.73,1,0.503815,0.614936,-0.32023,-3.48414,-0.111121
7.73,2,0.144611,0.179859,0.143374,-1.34417,-0.0352475
7.73,3,2.00248,2.03754,-0.489101,-0.0572095,-0.035067
7.73,4,-0.367813,-0.37048,0.0167918,0.012939,0.00266686
7.73,5,-0.0846782,-0.087799,0.0649124,-0.00386996,0.00312075
7.74,0,0.873487,0.871216,-0.0222883,0.157681,0.00227039
7.74,1,0.501051,0.61175,-0.317187,-3.47641,-0.110699
7.74,2,0.146416,0.181307,0.145934,-1.33857,-0.0348901
7.74,3,1.99751,2.03265,-0.490165,-0.0572436,-0.0351342
7.74,4,-0.367626,-0.370306,0.0179498,0.0124596,0.00267931
7.74,5,-0.0841696,-0.0871583,0.0633803,-0.00407077,0.00298866
7.75,0,0.873836,0.871025,-0.0166104,0.162293,0.00281154
7.75,1,0.498286,0.608597,-0.313764,-3.47113,-0.110311
7.75,2,0.148221,0.182781,0.148756,-1.33431,-0.0345598
7.75,3,1.99255,2.02774,-0.491184,-0.0572001,-0.0351911
7.75,4,-0.36744,-0.37012,0.0190808,0.0119022,0.00268032
7.75,5,-0.083661,-0.0865329,0.06184,-0.00419219,0.00287196
7.76,0,0.874186,0.87089,-0.0108368,0.164323,0.00329531
7.76,1,0.495522,0.605479,-0.310029,-3.46822,-0.109958
7.76,2,0.150026,0.184285,0.151787,-1.33134,-0.0342589
7.76,3,1.98758,2.02282,-0.492144,-0.0570931,-0.035238
7.76,4,-0.367253,-0.369923,0.020171,0.0112763,0.00267023
7.76,5,-0.0831523,-0.0859229,0.0603159,-0.00424179,0.0027706
7.77,0,0.874535,0.870814,-0.0050545,0.164012,0.00372122
7.77,1,0.492757,0.602401,-0.306046,-3.46761,-0.109644
7.77,2,0.151831,0.185821,0.154974,-1.32962,-0.0339892
7.77,3,1.98262,2.01789,-0.493034,-0.0569361,-0.0352757
7.77,4,-0.367066,-0.369716,0.0212092,0.0105915,0.00264952
7.77,5,-0.0826437,-0.085328,0.0588289,-0.00422726,0.00268428
7.78,0,0.874884,0.870795,0.000658938,0.161609,0.00408964
7.78,1,0.489992,0.599363,-0.301881,-3.46918,-0.109371
7.78,2,0.153636,0.187388,0.15827,-1.3291,-0.033752
7.78,3,1.97765,2.01296,-0.493846,-0.0567414,-0.0353049
7.78,4,-0.366879,-0.369498,0.0221867,0.00985665,0.00261875
7.78,5,-0.0821351,-0.0847476,0.0573965,-0.00415619,0.00261255
7.79,0,0.875234,0.870832,0.00623531,0.157359,0.00440161
7.79,1,0.487228,0.596368,-0.297593,-3.47282,-0.10914
7.79,2,0.155441,0.188989,0.161626,-1.3297,-0.0335482
7.79,3,1.97269,2.00802,-0.494574,-0.0565205,-0.0353265
7.79,4,-0.366693,-0.369271,0.0230968,0.00908019,0.00257857
7.79,5,-0.0816265,-0.0841812,0.056033,-0.00403601,0.00255478
7.8,0,0.875583,0.870924,0.0116156,0.151508,0.00465886
7.8,1,0.484463,0.593416,-0.29324,-3.47837,-0.108952
7.8,2,0.157246,0.190624,0.165001,-1.33134,-0.033378
7.8,3,1.96773,2.00307,-0.495215,-0.0562833,-0.0353412
7.8,4,-0.366506,-0.369036,0.0239349,0.00827008,0.00252969
7.8,5,-0.0811178,-0.083628,0.0547497,-0.00387388,0.00251021
7.81,0,0.875932,0.871069,0.0167497,0.144296,0.00486362
7.81,1,0.481699,0.590507,-0.288877,-3.48571,-0.108809
7.81,2,0.159051,0.192293,0.168354,-1.33396,-0.0332416
7.81,3,1.96276,1.99811,-0.49577,-0.056039,-0.0353501
7.81,4,-0.366319,-0.368792,0.0246979,0.00743373,0.00247284
7.81,5,-0.0806092,-0.0830872,0.0535551,-0.00367662,0.00247798
7.82,0,0.876282,0.871263,0.0215961,0.135955,0.00501859
7.82,1,0.478934,0.587642,-0.284553,-3.49467,-0.108708
7.82,2,0.160856,0.193995,0.171648,-1.33745,-0.0331383
7.82,3,1.9578,1.99315,-0.496239,-0.0557952,-0.0353538
7.82,4,-0.366132,-0.368541,0.0253844,0.00657796,0.00240877
7.82,5,-0.0801006,-0.0825578,0.0524553,-0.00345065,0.00245719
7.83,0,0.876631,0.871504,0.0261213,0.12671,0.00512684
7.83,1,0.47617,0.58482,-0.280315,-3.50508,-0.108651
7.83,2,0.162661,0.195729,0.17485,-1.34173,-0.0330675
7.83,3,1.95283,1.98819,-0.496625,-0.0555585,-0.0353534
7.83,4,-0.365946,-0.368284,0.0259941,0.00570905,0.00233826
7.83,5,-0.0795919,-0.0820388,0.0514541,-0.00320196,0.00244685
7.84,0,0.876981,0.871789,0.0302995,0.116771,0.00519173
7.84,1,0.473405,0.58204,-0.276203,-3.51678,-0.108635
7.84,2,0.164466,0.197494,0.17793,-1.3467,-0.0330281
7.84,3,1.94787,1.98322,-0.496934,-0.0553343,-0.0353495
7.84,4,-0.365759,-0.368021,0.0265279,0.00483269,0.00226208
7.84,5,-0.0790833,-0.0815293,0.0505533,-0.0029361,0.00244598
7.85,0,0.87733,0.872113,0.0341122,0.106337,0.00521684
7.85,1,0.470641,0.5793,-0.272255,-3.5296,-0.108659
7.85,2,0.166271,0.19929,0.180863,-1.35229,-0.0330187
7.85,3,1.94291,1.97825,-0.49717,-0.0551268,-0.0353429
7.85,4,-0.365572,-0.367753,0.0269875,0.00395399,0.00218097
7.85,5,-0.0785747,-0.0810282,0.0497532,-0.00265816,0.00245356
7.86,0,0.877679,0.872473,0.0375473,0.0955933,0.00520588
7.86,1,0.467876,0.576598,-0.268504,-3.54336,-0.108722
7.86,2,0.168076,0.201114,0.183626,-1.35838,-0.0330377
7.86,3,1.93794,1.97328,-0.497339,-0.0549396,-0.0353343
7.86,4,-0.365385,-0.367481,0.0273754,0.00307751,0.00209565
7.86,5,-0.0780661,-0.0805346,0.0490524,-0.00237276,0.00246859
7.87,0,0.878029,0.872866,0.040599,0.0847103,0.00516268
7.87,1,0.465112,0.573932,-0.264976,-3.55791,-0.108821
7.87,2,0.169881,0.202964,0.186201,-1.3649,-0.0330833
7.87,3,1.93298,1.9683,-0.497448,-0.054775,-0.0353244
7.87,4,-0.365199,-0.367205,0.0276949,0.00220729,0.00200684
7.87,5,-0.0775574,-0.0800475,0.0484485,-0.00208407,0.0024901
7.88,0,0.878378,0.873287,0.0432668,0.0738428,0.00509108
7.88,1,0.462347,0.571301,-0.261694,-3.57308,-0.108954
7.88,2,0.171686,0.20484,0.188573,-1.37175,-0.0331536
7.88,3,1.92801,1.96333,-0.497503,-0.0546348,-0.0353136
7.88,4,-0.365012,-0.366927,0.0279495,0.0013468,0.00191519
7.88,5,-0.0770488,-0.0795659,0.0479381,-0.00179582,0.00251712
7.89,0,0.878727,0.873733,0.0455553,0.0631297,0.00499489
7.89,1,0.459582,0.568701,-0.258678,-3.5887,-0.109118
7.89,2,0.173491,0.206737,0.19073,-1.37885,-0.0332464
7.89,3,1.92305,1.95835,-0.497511,-0.05452,-0.0353026
7.89,4,-0.364825,-0.366646,0.0281434,0.000499017,0.00182134
7.89,5,-0.0765402,-0.0790889,0.0475171,-0.00151133,0.00254876
7.9,0,0.879077,0.874199,0.0474734,0.0526944,0.00487786
7.9,1,0.456818,0.566129,-0.255941,-3.60463,-0.109311
7.9,2,0.175296,0.208655,0.192664,-1.38611,-0.0333595
7.9,3,1.91809,1.95338,-0.497478,-0.0544311,-0.0352918
7.9,4,-0.364638,-0.366364,0.0282809,-0.000333583,0.00172586
7.9,5,-0.0760315,-0.0786157,0.0471805,-0.00123349,0.00258413
7.91,0,0.879426,0.874683,0.0490338,0.0426439,0.00474363
7.91,1,0.454053,0.563584,-0.253494,-3.62073,-0.10953
7.91,2,0.177101,0.210592,0.19437,-1.39346,-0.0334908
7.91,3,1.91312,1.9484,-0.497411,-0.0543679,-0.0352815
7.91,4,-0.364452,-0.366081,0.0283666,-0.00114899,0.00162929
7.91,5,-0.0755229,-0.0781453,0.0469233,-0.000964817,0.00262244
7.92,0,0.879776,0.87518,0.0502526,0.0330699,0.00459569
7.92,1,0.451289,0.561061,-0.251343,-3.63685,-0.109772
7.92,2,0.178906,0.212544,0.195846,-1.40083,-0.0336378
7.92,3,1.90816,1.94343,-0.497316,-0.0543299,-0.0352719
7.92,4,-0.364265,-0.365797,0.0284054,-0.00194566,0.00153213
7.92,5,-0.0750143,-0.0776772,0.0467399,-0.000707464,0.0026629
7.93,0,0.880125,0.875688,0.0511485,0.0240489,0.00443736
7.93,1,0.448524,0.558558,-0.249489,-3.65287,-0.110034
7.93,2,0.180711,0.214509,0.197093,-1.40814,-0.0337984
7.93,3,1.90319,1.93846,-0.497198,-0.0543163,-0.0352635
7.93,4,-0.364078,-0.365513,0.0284019,-0.00272246,0.00143481
7.93,5,-0.0745057,-0.0772105,0.0466244,-0.000463237,0.00270482
7.94,0,0.880474,0.876203,0.0517424,0.0156425,0.00427174
7.94,1,0.44576,0.556072,-0.247932,-3.66868,-0.110312
7.94,2,0.182516,0.216486,0.198113,-1.41533,-0.0339701
7.94,3,1.89823,1.93349,-0.497063,-0.0543259,-0.0352564
7.94,4,-0.363891,-0.365229,0.0283612,-0.00347864,0.00133774
7.94,5,-0.073997,-0.0767446,0.0465711,-0.000233621,0.00274754
7.95,0,0.880824,0.876722,0.0520572,0.00789827,0.00410174
7.95,1,0.442995,0.5536,-0.246666,-3.68418,-0.110604
7.95,2,0.184321,0.218472,0.198913,-1.42235,-0.0341509
7.95,3,1.89327,1.92852,-0.496915,-0.0543574,-0.0352507
7.95,4,-0.363705,-0.364946,0.0282879,-0.00421384,0.00124126
7.95,5,-0.0734884,-0.0762789,0.0465741,-1.97982e-05,0.00279049
7.96,0,0.881173,0.877243,0.0521167,0.000850759,0.00393002
7.96,1,0.440231,0.551139,-0.245686,-3.69926,-0.110908
7.96,2,0.186126,0.220464,0.199499,-1.42915,-0.0343384
7.96,3,1.8883,1.92355,-0.496759,-0.0544092,-0.0352465
7.96,4,-0.363518,-0.364663,0.0281869,-0.00492803,0.00114567
7.96,5,-0.0729798,-0.0758129,0.0466276,0.000177329,0.00283312
7.97,0,0.881523,0.877764,0.0519459,-0.00547801,0.00375899
7.97,1,0.437466,0.548686,-0.24498,-3.71385,-0.11122
7.97,2,0.187931,0.222461,0.199881,-1.43568,-0.0345307
7.97,3,1.88334,1.91858,-0.496598,-0.0544796,-0.0352439
7.97,4,-0.363331,-0.364382,0.0280626,-0.00562147,0.00105123
7.97,5,-0.0724711,-0.0753461,0.0467258,0.00035712,0.00287497
7.98,0,0.881872,0.878281,0.05157,-0.0110774,0.00359082
7.98,1,0.434702,0.546239,-0.244537,-3.72787,-0.111537
7.98,2,0.189736,0.224461,0.20007,-1.44191,-0.0347257
7.98,3,1.87837,1.91362,-0.496436,-0.054567,-0.0352429
7.98,4,-0.363144,-0.364102,0.0279195,-0.00629471,0.000958128
7.98,5,-0.0719625,-0.0748781,0.046863,0.000519177,0.00291562
7.99,0,0.882221,0.878794,0.0510145,-0.0159472,0.00342741
7.99,1,0.431937,0.543795,-0.244342,-3.74127,-0.111858
7.99,2,0.191541,0.226462,0.200079,-1.44781,-0.0349217
7.99,3,1.87341,1.90865,-0.496276,-0.0546693,-0.0352435
7.99,4,-0.362958,-0.363824,0.0277617,-0.00694851,0.000866544
7.99,5,-0.0714539,-0.0744086,0.0470339,0.000663326,0.0029547
8,0,0.882571,0.8793,0.0503046,-0.0200967,0.00327043
8,1,0.429172,0.541351,-0.244379,-3.75401,-0.112179
8,2,0.193346,0.228462,0.19992,-1.45334,-0.0351167
8,3,1.86844,1.90369,-0.49612,-0.0547849,-0.0352457
8,4,-0.362771,-0.363547,0.0275933,-0.00758386,0.0007766
8,5,-0.0709453,-0.0739372,0.0472333,0.000789596,0.00299191
8.01,0,0.88292,0.879799,0.0494649,-0.0235434,0.00312128
8.01,1,0.426408,0.538906,-0.244631,-3.76603,-0.112498
8.01,2,0.195151,0.23046,0.199608,-1.4585,-0.0353094
8.01,3,1.86348,1.89873,-0.495971,-0.0549118,-0.0352494
8.01,4,-0.362584,-0.363272,0.0274179,-0.00820189,0.000688381
8.01,5,-0.0704366,-0.0734636,0.047456,0.000898206,0.003027
8.02,0,0.883269,0.880288,0.0485191,-0.0263122,0.00298113
8.02,1,0.423643,0.536457,-0.24508,-3.77732,-0.112814
8.02,2,0.196956,0.232454,0.199158,-1.46326,-0.0354981
8.02,3,1.85852,1.89377,-0.49583,-0.0550482,-0.0352546
8.02,4,-0.362397,-0.362999,0.0272388,-0.0088039,0.00060194
8.02,5,-0.069928,-0.0729877,0.0476975,0.00098954,0.00305976
8.03,0,0.883619,0.880768,0.0474902,-0.0284341,0.00285091
8.03,1,0.420879,0.534003,-0.245705,-3.78786,-0.113124
8.03,2,0.198761,0.234442,0.198585,-1.46762,-0.0356817
8.03,3,1.85355,1.88881,-0.495699,-0.0551923,-0.0352611
8.03,4,-0.362211,-0.362728,0.0270592,-0.00939126,0.000517294
8.03,5,-0.0694194,-0.0725094,0.0479531,0.00106414,0.00309001
8.04,0,0.883968,0.881237,0.0463998,-0.0299456,0.00273134
8.04,1,0.418114,0.531542,-0.246488,-3.79765,-0.113428
8.04,2,0.200566,0.236424,0.197904,-1.47157,-0.0358589
8.04,3,1.84859,1.88386,-0.495578,-0.0553424,-0.0352689
8.04,4,-0.362024,-0.362458,0.0268818,-0.00996545,0.000434434
8.04,5,-0.0689107,-0.0720284,0.0482188,0.00112266,0.00311766
8.05,0,0.884318,0.881695,0.045268,-0.0308873,0.00262292
8.05,1,0.41535,0.529072,-0.247407,-3.80668,-0.113723
8.05,2,0.202371,0.238399,0.197132,-1.47513,-0.0360288
8.05,3,1.84362,1.8789,-0.49547,-0.0554967,-0.0352779
8.05,4,-0.361837,-0.36219,0.0267091,-0.010528,0.000353324
8.05,5,-0.0684021,-0.0715447,0.0484904,0.00116591,0.00314261
8.06,0,0.884667,0.882141,0.0441137,-0.031303,0.00252595
8.06,1,0.412585,0.526593,-0.248444,-3.81496,-0.114007
8.06,2,0.204175,0.240366,0.196283,-1.47828,-0.0361905
8.06,3,1.83866,1.87395,-0.495374,-0.0556538,-0.0352878
8.06,4,-0.36165,-0.361924,0.0265432,-0.0110803,0.000273906
8.06,5,-0.0678935,-0.0710583,0.0487646,0.00119475,0.00316483
8.07,0,0.885016,0.882576,0.042954,-0.0312391,0.00244057
8.07,1,0.409821,0.524102,-0.249578,-3.82252,-0.114281
8.07,2,0.20598,0.242324,0.195373,-1.48105,-0.0363434
8.07,3,1.8337,1.86899,-0.495291,-0.055812,-0.0352986
8.07,4,-0.361464,-0.36166,0.0263858,-0.0116241,0.000196102
8.07,5,-0.0673848,-0.0705692,0.0490378,0.00121017,0.0031843
8.08,0,0.885366,0.882999,0.0418044,-0.0307435,0.00236675
8.08,1,0.407056,0.5216,-0.25079,-3.82937,-0.114543
8.08,2,0.207785,0.244272,0.194417,-1.48344,-0.0364869
8.08,3,1.82873,1.86404,-0.49522,-0.05597,-0.0353102
8.08,4,-0.361277,-0.361397,0.0262386,-0.0121608,0.000119816
8.08,5,-0.0668762,-0.0700773,0.0493072,0.00121318,0.00320107
8.09,0,0.885715,0.883411,0.0406789,-0.0298648,0.00230429
8.09,1,0.404292,0.519085,-0.25206,-3.83555,-0.114793
8.09,2,0.20959,0.246211,0.193428,-1.48548,-0.0366207
8.09,3,1.82377,1.85909,-0.495163,-0.0561266,-0.0353225
8.09,4,-0.36109,-0.361135,0.0261026,-0.0126918,4.49414e-05
8.09,5,-0.0663676,-0.0695828,0.04957,0.00120486,0.00321517
8.1,0,0.886064,0.883811,0.0395894,-0.0286519,0.00225291
8.1,1,0.401527,0.516557,-0.253371,-3.84108,-0.11503
8.1,2,0.211395,0.24814,0.192421,-1.48718,-0.0367445
8.1,3,1.8188,1.85414,-0.495119,-0.0562804,-0.0353352
8.1,4,-0.360903,-0.360875,0.0259789,-0.0132186,-2.864e-05
8.1,5,-0.065859,-0.0690857,0.0498238,0.00118633,0.0032267
8.11,0,0.886414,0.884202,0.0385465,-0.0271528,0.00221217
8.11,1,0.398763,0.514016,-0.254706,-3.84602,-0.115253
8.11,2,0.2132,0.250058,0.191407,-1.48856,-0.0368581
8.11,3,1.81384,1.84919,-0.495087,-0.0564305,-0.0353483
8.11,4,-0.360717,-0.360615,0.025868,-0.0137425,-0.000101054
8.11,5,-0.0653503,-0.0685861,0.0500666,0.00115873,0.00323574
8.12,0,0.886763,0.884582,0.0375591,-0.0254148,0.00218156
8.12,1,0.395998,0.511462,-0.256048,-3.8504,-0.115464
8.12,2,0.215005,0.251967,0.190398,-1.48965,-0.0369617
8.12,3,1.80888,1.84424,-0.495067,-0.0565759,-0.0353616
8.12,4,-0.36053,-0.360357,0.0257705,-0.0142647,-0.000172433
8.12,5,-0.0648417,-0.0680841,0.0502966,0.00112317,0.00324243
8.13,0,0.887113,0.884952,0.0366342,-0.0234833,0.00216049
8.13,1,0.393233,0.508894,-0.257382,-3.85426,-0.11566
8.13,2,0.21681,0.253865,0.189406,-1.49047,-0.0370552
8.13,3,1.80391,1.83929,-0.495059,-0.0567159,-0.0353751
8.13,4,-0.360343,-0.3601,0.0256864,-0.0147865,-0.00024291
8.13,5,-0.0643331,-0.06758,0.0505122,0.00108079,0.00324689
8.14,0,0.887462,0.885314,0.0357778,-0.0214019,0.00214829
8.14,1,0.390469,0.506313,-0.258694,-3.85767,-0.115844
8.14,2,0.218615,0.255754,0.188441,-1.49105,-0.037139
8.14,3,1.79895,1.83434,-0.495061,-0.0568497,-0.0353886
8.14,4,-0.360156,-0.359844,0.0256158,-0.0153089,-0.000312621
8.14,5,-0.0638244,-0.0670737,0.0507124,0.00103269,0.00324929
8.15,0,0.887811,0.885667,0.0349939,-0.0192115,0.00214426
8.15,1,0.387704,0.503719,-0.259972,-3.86066,-0.116014
8.15,2,0.22042,0.257633,0.18751,-1.49142,-0.0372133
8.15,3,1.79398,1.82939,-0.495073,-0.0569769,-0.0354021
8.15,4,-0.359969,-0.359588,0.0255585,-0.0158328,-0.000381699
8.15,5,-0.0633158,-0.0665656,0.0508962,0.00097995,0.00324976
8.16,0,0.888161,0.886013,0.0342856,-0.0169506,0.00214765
8.16,1,0.38494,0.501112,-0.261204,-3.86328,-0.116172
8.16,2,0.222225,0.259504,0.186622,-1.4916,-0.0372785
8.16,3,1.78902,1.82443,-0.495094,-0.0570969,-0.0354153
8.16,4,-0.359783,-0.359332,0.0255141,-0.0163593,-0.000450275
8.16,5,-0.0628072,-0.0660557,0.051063,0.00092359,0.0032485
8.17,0,0.88851,0.886352,0.0336544,-0.0146547,0.00215771
8.17,1,0.382175,0.498494,-0.262381,-3.86559,-0.116318
8.17,2,0.22403,0.261365,0.185783,-1.49162,-0.0373351
8.17,3,1.78405,1.81948,-0.495123,-0.0572096,-0.0354283
8.17,4,-0.359596,-0.359078,0.0254823,-0.016889,-0.000518477
8.17,5,-0.0622986,-0.0655442,0.0512124,0.000864596,0.00324566
8.18,0,0.888859,0.886686,0.0331008,-0.0123564,0.00217365
8.18,1,0.379411,0.495864,-0.263493,-3.86763,-0.116453
8.18,2,0.225835,0.263219,0.185,-1.49151,-0.0373836
8.18,3,1.77909,1.81453,-0.495159,-0.0573147,-0.035441
8.18,4,-0.359409,-0.358823,0.0254624,-0.0174226,-0.000586426
8.18,5,-0.0617899,-0.0650314,0.0513442,0.000803889,0.00324143
8.19,0,0.889209,0.887014,0.0326243,-0.0100848,0.0021947
8.19,1,0.376646,0.493223,-0.264535,-3.86946,-0.116577
8.19,2,0.22764,0.265065,0.184277,-1.49129,-0.0374246
8.19,3,1.77413,1.80958,-0.495202,-0.0574121,-0.0354533
8.19,4,-0.359222,-0.358568,0.0254537,-0.0179608,-0.000654239
8.19,5,-0.0612813,-0.0645173,0.0514584,0.00074233,0.00323597
8.2,0,0.889558,0.887338,0.0322234,-0.00786616,0.0022201
8.2,1,0.373882,0.490572,-0.2655,-3.87112,-0.11669
8.2,2,0.229445,0.266904,0.183617,-1.49099,-0.0374587
8.2,3,1.76916,1.80463,-0.495249,-0.0575019,-0.0354651
8.2,4,-0.359036,-0.358314,0.0254556,-0.018504,-0.000722024
8.2,5,-0.0607727,-0.0640021,0.0515554,0.000680712,0.00322947
8.21,0,0.889908,0.887658,0.0318958,-0.00572328,0.00224911
8.21,1,0.371117,0.487912,-0.266382,-3.87266,-0.116795
8.21,2,0.23125,0.268737,0.183023,-1.49064,-0.0374866
8.21,3,1.7642,1.79967,-0.495301,-0.0575843,-0.0354765
8.21,4,-0.358849,-0.358059,0.0254673,-0.0190527,-0.000789883
8.21,5,-0.060264,-0.0634861,0.0516356,0.000619756,0.00322209
8.22,0,0.890257,0.887976,0.0316385,-0.00367583,0.00228099
8.22,1,0.368353,0.485244,-0.26718,-3.87411,-0.116891
8.22,2,0.233055,0.270564,0.182497,-1.49026,-0.0375089
8.22,3,1.75923,1.79472,-0.495355,-0.0576594,-0.0354873
8.22,4,-0.358662,-0.357804,0.0254879,-0.0196072,-0.000857908
8.22,5,-0.0597554,-0.0629694,0.0516996,0.00056011,0.003214
8.23,0,0.890606,0.888291,0.031448,-0.00174038,0.00231509
8.23,1,0.365588,0.482568,-0.267891,-3.87553,-0.11698
8.23,2,0.23486,0.272386,0.182039,-1.48987,-0.0375263
8.23,3,1.75427,1.78977,-0.495412,-0.0577276,-0.0354975
8.23,4,-0.358475,-0.357549,0.0255167,-0.0201678,-0.000926185
8.23,5,-0.0592468,-0.0624521,0.051748,0.000502348,0.00320535
8.24,0,0.890956,0.888605,0.03132,6.95339e-05,0.00235074
8.24,1,0.362823,0.479886,-0.268514,-3.87695,-0.117062
8.24,2,0.236665,0.274204,0.18165,-1.48949,-0.0375395
8.24,3,1.74931,1.78481,-0.495471,-0.0577891,-0.0355072
8.24,4,-0.358289,-0.357294,0.0255529,-0.0207348,-0.000994792
8.24,5,-0.0587382,-0.0619345,0.0517818,0.000446968,0.0031963
8.25,0,0.891305,0.888918,0.0312502,0.00174327,0.00238734
8.25,1,0.360059,0.477198,-0.269049,-3.8784,-0.117139
8.25,2,0.23847,0.276019,0.181329,-1.48913,-0.0375492
8.25,3,1.74434,1.77986,-0.49553,-0.0578445,-0.0355162
8.25,4,-0.358102,-0.357038,0.0255956,-0.0213081,-0.0010638
8.25,5,-0.0582295,-0.0614165,0.0518019,0.000394398,0.00318699
8.26,0,0.891654,0.88923,0.0312337,0.00327292,0.00242435
8.26,1,0.357294,0.474505,-0.269497,-3.87991,-0.11721
8.26,2,0.240275,0.277831,0.181074,-1.48883,-0.0375561
8.26,3,1.73938,1.7749,-0.495589,-0.0578941,-0.0355247
8.26,4,-0.357915,-0.356782,0.025644,-0.0218881,-0.00113326
8.26,5,-0.0577209,-0.0608985,0.0518092,0.00034499,0.00317755
8.27,0,0.892004,0.889543,0.0312657,0.00465312,0.00246125
8.27,1,0.35453,0.471807,-0.269861,-3.88152,-0.117278
8.27,2,0.24208,0.279641,0.180883,-1.48859,-0.0375608
8.27,3,1.73441,1.76995,-0.495646,-0.0579384,-0.0355326
8.27,4,-0.357728,-0.356525,0.0256973,-0.0224746,-0.00120324
8.27,5,-0.0572123,-0.0603804,0.0518049,0.000299028,0.0031681
8.28,0,0.892353,0.889856,0.0313409,0.00588091,0.00249759
8.28,1,0.351765,0.469107,-0.270142,-3.88325,-0.117342
8.28,2,0.243885,0.281449,0.180754,-1.48842,-0.0375639
8.28,3,1.72945,1.76499,-0.495703,-0.057978,-0.0355399
8.28,4,-0.357542,-0.356268,0.0257549,-0.0230676,-0.00127377
8.28,5,-0.0567036,-0.0598624,0.0517901,0.000256733,0.00315875
8.29,0,0.892703,0.89017,0.0314544,0.00695547,0.00253296
8.29,1,0.349001,0.466405,-0.270344,-3.88512,-0.117404
8.29,2,0.24569,0.283256,0.180683,-1.48835,-0.037566
8.29,3,1.72449,1.76003,-0.495757,-0.0580133,-0.0355467
8.29,4,-0.357355,-0.35601,0.0258161,-0.0236672,-0.0013449
8.29,5,-0.056195,-0.0593446,0.0517659,0.000218258,0.00314961
8.3,0,0.893052,0.890485,0.0316009,0.00787798,0.00256702
8.3,1,0.346236,0.4637,-0.270471,-3.88716,-0.117464
8.3,2,0.247495,0.285062,0.180667,-1.48837,-0.0375677
8.3,3,1.71952,1.75507,-0.495808,-0.0580449,-0.035553
8.3,4,-0.357168,-0.355752,0.02588,-0.0242732,-0.00141665
8.3,5,-0.0556864,-0.0588271,0.0517335,0.000183701,0.00314075
8.31,0,0.893401,0.890802,0.0317755,0.00865139,0.00259944
8.31,1,0.343472,0.460995,-0.270529,-3.88936,-0.117524
8.31,2,0.2493,0.286869,0.180701,-1.48849,-0.0375696
8.31,3,1.71456,1.75012,-0.495857,-0.0580733,-0.0355587
8.31,4,-0.356981,-0.355492,0.0259463,-0.0248856,-0.00148906
8.31,5,-0.0551778,-0.05831,0.0516939,0.000153105,0.00313226
8.32,0,0.893751,0.891121,0.0319732,0.00928018,0.00262999
8.32,1,0.340707,0.45829,-0.270521,-3.89175,-0.117583
8.32,2,0.251105,0.288677,0.180783,-1.48873,-0.037572
8.32,3,1.70959,1.74516,-0.495902,-0.0580989,-0.035564
8.32,4,-0.356795,-0.355233,0.0260141,-0.0255042,-0.00156214
8.32,5,-0.0546691,-0.0577933,0.0516483,0.000126463,0.00312419
8.33,0,0.8941,0.891442,0.0321894,0.0097702,0.00265846
8.33,1,0.337943,0.455585,-0.270454,-3.89434,-0.117643
8.33,2,0.25291,0.290485,0.180906,-1.48908,-0.0375755
8.33,3,1.70463,1.7402,-0.495944,-0.0581224,-0.0355689
8.33,4,-0.356608,-0.354972,0.0260831,-0.0261288,-0.00163591
8.33,5,-0.0541605,-0.0572771,0.0515978,0.000103723,0.00311661
8.34,0,0.894449,0.891765,0.0324197,0.0101284,0.00268469
8.34,1,0.335178,0.452881,-0.270334,-3.89713,-0.117703
8.34,2,0.254715,0.292295,0.181067,-1.48955,-0.0375805
8.34,3,1.69967,1.73524,-0.495982,-0.058144,-0.0355733
8.34,4,-0.356421,-0.354711,0.0261528,-0.0267593,-0.00171037
8.34,5,-0.0536519,-0.0567614,0.0515433,8.47929e-05,0.00310956
8.35,0,0.894799,0.89209,0.0326598,0.0103628,0.00270855
8.35,1,0.332414,0.450179,-0.270165,-3.90012,-0.117765
8.35,2,0.25652,0.294107,0.181261,-1.49014,-0.0375872
8.35,3,1.6947,1.73028,-0.496016,-0.0581643,-0.0355774
8.35,4,-0.356234,-0.354449,0.0262226,-0.0273955,-0.00178553
8.35,5,-0.0531432,-0.0562463,0.051486,6.95466e-05,0.00310307
8.36,0,0.895148,0.892418,0.0329058,0.010482,0.00272998
8.36,1,0.329649,0.447478,-0.269953,-3.90331,-0.117829
8.36,2,0.258325,0.295921,0.181484,-1.49085,-0.0375961
8.36,3,1.68974,1.72532,-0.496047,-0.0581837,-0.0355812
8.36,4,-0.356048,-0.354186,0.0262922,-0.0280371,-0.00186138
8.36,5,-0.0526346,-0.0557318,0.0514266,5.78262e-05,0.00309716
8.37,0,0.895498,0.892749,0.033154,0.0104953,0.00274894
8.37,1,0.326884,0.44478,-0.269706,-3.90671,-0.117896
8.37,2,0.26013,0.297737,0.18173,-1.49168,-0.0376073
8.37,3,1.68477,1.72036,-0.496074,-0.0582024,-0.0355847
8.37,4,-0.355861,-0.353923,0.0263611,-0.028684,-0.00193793
8.37,5,-0.052126,-0.0552178,0.0513661,4.94485e-05,0.00309186
8.38,0,0.895847,0.893082,0.0334013,0.0104125,0.00276541
8.38,1,0.32412,0.442085,-0.269429,-3.9103,-0.117965
8.38,2,0.261935,0.299556,0.181995,-1.49262,-0.037621
8.38,3,1.67981,1.7154,-0.496097,-0.0582208,-0.0355879
8.38,4,-0.355674,-0.353659,0.0264292,-0.0293359,-0.00201516
8.38,5,-0.0516174,-0.0547045,0.0513053,4.42088e-05,0.00308716
8.39,0,0.896196,0.893417,0.0336446,0.0102433,0.00277943
8.39,1,0.321355,0.439392,-0.269127,-3.91408,-0.118037
8.39,2,0.263739,0.301377,0.182275,-1.49368,-0.0376375
8.39,3,1.67484,1.71044,-0.496117,-0.0582391,-0.0355909
8.39,4,-0.355487,-0.353394,0.0264959,-0.0299925,-0.00209307
8.39,5,-0.0511087,-0.0541918,0.0512448,4.18856e-05,0.00308307
8.4,0,0.896546,0.893755,0.0338814,0.00999786,0.00279105
8.4,1,0.318591,0.436702,-0.268807,-3.91804,-0.118112
8.4,2,0.265544,0.303201,0.182565,-1.49484,-0.0376569
8.4,3,1.66988,1.70547,-0.496133,-0.0582576,-0.0355938
8.4,4,-0.355301,-0.353129,0.0265612,-0.0306537,-0.00217163
8.4,5,-0.0506001,-0.0536797,0.0511854,4.22445e-05,0.00307958
8.41,0,0.896895,0.894095,0.0341093,0.00968621,0.00280035
8.41,1,0.315826,0.434016,-0.268473,-3.92218,-0.11819
8.41,2,0.267349,0.305029,0.182862,-1.4961,-0.0376792
8.41,3,1.66492,1.70051,-0.496147,-0.0582764,-0.0355965
8.41,4,-0.355114,-0.352863,0.0266247,-0.0313191,-0.00225084
8.41,5,-0.0500915,-0.0531681,0.0511277,4.50417e-05,0.00307667
8.42,0,0.897244,0.894437,0.0343263,0.0093182,0.00280743
8.42,1,0.313062,0.431333,-0.268131,-3.92647,-0.118272
8.42,2,0.269154,0.306859,0.183162,-1.49746,-0.0377045
8.42,3,1.65995,1.69555,-0.496158,-0.0582957,-0.035599
8.42,4,-0.354927,-0.352596,0.0266863,-0.0319885,-0.00233068
8.42,5,-0.0495828,-0.0526572,0.0510721,5.00283e-05,0.00307433
8.43,0,0.897594,0.894781,0.0345309,0.00890346,0.00281241
8.43,1,0.310297,0.428654,-0.267786,-3.93091,-0.118357
8.43,2,0.270959,0.308692,0.18346,-1.4989,-0.0377328
8.43,3,1.65499,1.69059,-0.496166,-0.0583156,-0.0356015
8.43,4,-0.35474,-0.352329,0.0267457,-0.0326617,-0.00241111
8.43,5,-0.0490742,-0.0521467,0.051019,5.69526e-05,0.00307253
8.44,0,0.897943,0.895128,0.0347218,0.00845126,0.00281541
8.44,1,0.307533,0.425978,-0.267443,-3.93548,-0.118445
8.44,2,0.272764,0.310528,0.183754,-1.50043,-0.0377641
8.44,3,1.65002,1.68563,-0.496172,-0.0583361,-0.0356039
8.44,4,-0.354554,-0.352061,0.0268028,-0.0333385,-0.00249213
8.44,5,-0.0485656,-0.0516368,0.0509689,6.55641e-05,0.00307125
8.45,0,0.898293,0.895476,0.0348977,0.00797046,0.00281659
8.45,1,0.304768,0.423305,-0.267105,-3.94018,-0.118537
8.45,2,0.274569,0.312368,0.184041,-1.50203,-0.0377982
8.45,3,1.64506,1.68067,-0.496176,-0.0583573,-0.0356063
8.45,4,-0.354367,-0.351793,0.0268575,-0.0340184,-0.00257371
8.45,5,-0.048057,-0.0511274,0.0509221,7.56154e-05,0.00307045
8.46,0,0.898642,0.895826,0.0350581,0.00746943,0.00281609
8.46,1,0.302004,0.420636,-0.266776,-3.94497,-0.118633
8.46,2,0.276374,0.314209,0.184318,-1.50369,-0.0378352
8.46,3,1.6401,1.6757,-0.496178,-0.0583791,-0.0356086
8.46,4,-0.35418,-0.351524,0.0269096,-0.0347014,-0.00265582
8.46,5,-0.0475483,-0.0506184,0.0508787,8.6865e-05,0.0030701
8.47,0,0.898991,0.896177,0.0352024,0.006956,0.00281408
8.47,1,0.299239,0.41797,-0.266461,-3.94986,-0.118731
8.47,2,0.278179,0.316054,0.184583,-1.50541,-0.0378749
8.47,3,1.63513,1.67074,-0.49618,-0.0584015,-0.0356109
8.47,4,-0.353993,-0.351255,0.0269591,-0.035387,-0.00273844
8.47,5,-0.0470397,-0.0501099,0.0508391,9.90793e-05,0.00307016
8.48,0,0.899341,0.89653,0.0353304,0.00643741,0.00281072
8.48,1,0.296474,0.415307,-0.266161,-3.95482,-0.118833
8.48,2,0.279984,0.317901,0.184833,-1.50718,-0.0379171
8.48,3,1.63017,1.66578,-0.49618,-0.0584244,-0.0356132
8.48,4,-0.353807,-0.350985,0.0270059,-0.0360752,-0.00282153
8.48,5,-0.0465311,-0.0496017,0.0508032,0.000112035,0.0030706
8.49,0,0.89969,0.896884,0.0354421,0.00592028,0.00280616
8.49,1,0.29371,0.412647,-0.265881,-3.95985,-0.118937
8.49,2,0.281789,0.319751,0.185066,-1.50899,-0.0379618
8.49,3,1.6252,1.66082,-0.496179,-0.0584478,-0.0356155
8.49,4,-0.35362,-0.350715,0.02705,-0.0367657,-0.00290508
8.49,5,-0.0460224,-0.0490938,0.0507712,0.000125519,0.00307137
8.5,0,0.900039,0.897239,0.0355375,0.00541062,0.00280058
8.5,1,0.290945,0.40999,-0.265621,-3.96491,-0.119044
8.5,2,0.283594,0.321603,0.185283,-1.51083,-0.0380087
8.5,3,1.62024,1.65586,-0.496178,-0.0584715,-0.0356179
8.5,4,-0.353433,-0.350444,0.0270913,-0.0374581,-0.00298906
8.5,5,-0.0455138,-0.0485863,0.0507431,0.000139331,0.00307245
8.51,0,0.900389,0.897595,0.0356171,0.00491375,0.00279413
8.51,1,0.288181,0.407335,-0.265383,-3.97001,-0.119154
8.51,2,0.285399,0.323457,0.18548,-1.51269,-0.0380576
8.51,3,1.61528,1.6509,-0.496177,-0.0584954,-0.0356202
8.51,4,-0.353246,-0.350173,0.0271298,-0.0381523,-0.00307343
8.51,5,-0.0450052,-0.048079,0.0507188,0.000153287,0.00307378
8.52,0,0.900738,0.897951,0.0356814,0.00443436,0.00278697
8.52,1,0.285416,0.404682,-0.26517,-3.97513,-0.119266
8.52,2,0.287204,0.325313,0.185658,-1.51457,-0.0381085
8.52,3,1.61031,1.64593,-0.496176,-0.0585193,-0.0356225
8.52,4,-0.35306,-0.349901,0.0271655,-0.0388482,-0.00315817
8.52,5,-0.0444966,-0.0475719,0.0506983,0.000167213,0.00307534
8.53,0,0.901088,0.898308,0.0357311,0.00397649,0.00277924
8.53,1,0.282652,0.402032,-0.264982,-3.98024,-0.11938
8.53,2,0.289009,0.32717,0.185815,-1.51646,-0.0381609
8.53,3,1.60535,1.64097,-0.496176,-0.0585431,-0.0356249
8.53,4,-0.352873,-0.34963,0.0271985,-0.0395453,-0.00324326
8.53,5,-0.0439879,-0.047065,0.0506815,0.000180954,0.00307708
8.54,0,0.901437,0.898666,0.0357668,0.00354356,0.0027711
8.54,1,0.279887,0.399383,-0.264821,-3.98536,-0.119495
8.54,2,0.290814,0.329029,0.185952,-1.51835,-0.0382149
8.54,3,1.60038,1.63601,-0.496176,-0.0585666,-0.0356272
8.54,4,-0.352686,-0.349357,0.0272288,-0.0402436,-0.00332866
8.54,5,-0.0434793,-0.0465583,0.0506683,0.000194369,0.00307897
8.55,0,0.901786,0.899024,0.0357895,0.00313834,0.00276267
8.55,1,0.277123,0.396735,-0.264685,-3.99045,-0.119613
8.55,2,0.292619,0.330889,0.186069,-1.52024,-0.0382701
8.55,3,1.59542,1.63105,-0.496176,-0.0585897,-0.0356296
8.55,4,-0.352499,-0.349085,0.0272563,-0.0409429,-0.00341435
8.55,5,-0.0429707,-0.0460516,0.0506585,0.000207332,0.00308097
8.56,0,0.902136,0.899382,0.0358001,0.00276305,0.00275409
8.56,1,0.274358,0.394089,-0.264576,-3.99551,-0.119731
8.56,2,0.294424,0.33275,0.186165,-1.52212,-0.0383264
8.56,3,1.59045,1.62609,-0.496178,-0.0586122,-0.0356319
8.56,4,-0.352313,-0.348812,0.0272813,-0.041643,-0.00350029
8.56,5,-0.042462,-0.0455451,0.0506518,0.000219734,0.00308306
8.57,0,0.902485,0.89974,0.0357996,0.00241931,0.00274546
8.57,1,0.271594,0.391444,-0.264493,-4.00053,-0.11985
8.57,2,0.296229,0.334612,0.186241,-1.52399,-0.0383835
8.57,3,1.58549,1.62112,-0.49618,-0.058634,-0.0356342
8.57,4,-0.352126,-0.348539,0.0273037,-0.0423437,-0.00358648
8.57,5,-0.0419534,-0.0450386,0.0506482,0.000231481,0.00308519
8.58,0,0.902834,0.900098,0.0357891,0.00210824,0.00273689
8.58,1,0.268829,0.388799,-0.264435,-4.0055,-0.11997
8.58,2,0.298034,0.336475,0.186298,-1.52583,-0.0384413
8.58,3,1.58053,1.61616,-0.496183,-0.0586548,-0.0356365
8.58,4,-0.351939,-0.348266,0.0273237,-0.0430449,-0.00367287
8.58,5,-0.0414448,-0.0445321,0.0506474,0.000242494,0.00308734
8.59,0,0.903184,0.900455,0.0357695,0.00183045,0.00272847
8.59,1,0.266065,0.386155,-0.264403,-4.01041,-0.12009
8.59,2,0.299839,0.338338,0.186337,-1.52766,-0.0384995
8.59,3,1.57556,1.6112,-0.496188,-0.0586744,-0.0356387
8.59,4,-0.351752,-0.347993,0.0273414,-0.0437464,-0.00375946
8.59,5,-0.0409362,-0.0440256,0.0506491,0.000252708,0.00308949
8.6,0,0.903533,0.900813,0.0357419,0.00158611,0.0027203
8.6,1,0.2633,0.383511,-0.264394,-4.01526,-0.120211
8.6,2,0.301644,0.340202,0.186357,-1.52946,-0.038558
8.6,3,1.5706,1.60624,-0.496194,-0.0586929,-0.0356409
8.6,4,-0.351566,-0.347719,0.0273569,-0.0444481,-0.0038462
8.6,5,-0.0404275,-0.0435191,0.0506532,0.000262074,0.00309161
8.61,0,0.903883,0.90117,0.0357075,0.00137497,0.00271244
8.61,1,0.260535,0.380867,-0.264408,-4.02004,-0.120332
8.61,2,0.303449,0.342066,0.186361,-1.53122,-0.0386167
8.61,3,1.56563,1.60128,-0.496201,-0.0587099,-0.035643
8.61,4,-0.351379,-0.347446,0.0273702,-0.0451498,-0.00393309
8.61,5,-0.0399189,-0.0430126,0.0506593,0.000270556,0.00309367
8.62,0,0.904232,0.901527,0.0356673,0.0011964,0.00270496
8.62,1,0.257771,0.378223,-0.264444,-4.02474,-0.120452
8.62,2,0.305254,0.343929,0.18635,-1.53296,-0.0386753
8.62,3,1.56067,1.59632,-0.496209,-0.0587255,-0.0356451
8.62,4,-0.351192,-0.347172,0.0273816,-0.0458516,-0.00402011
8.62,5,-0.0394103,-0.0425059,0.0506673,0.000278129,0.00309566
8.63,0,0.904581,0.901883,0.0356222,0.00104945,0.0026979
8.63,1,0.255006,0.375578,-0.264499,-4.02937,-0.120572
8.63,2,0.307059,0.345792,0.186324,-1.53466,-0.0387337
8.63,3,1.55571,1.59135,-0.496219,-0.0587393,-0.0356471
8.63,4,-0.351005,-0.346898,0.0273911,-0.0465533,-0.00410722
8.63,5,-0.0389016,-0.0419992,0.0506769,0.000284784,0.00309757
8.64,0,0.904931,0.902239,0.0355734,0.00093289,0.00269132
8.64,1,0.252242,0.372933,-0.264572,-4.03392,-0.120691
8.64,2,0.308864,0.347655,0.186286,-1.53632,-0.0387917
8.64,3,1.55074,1.58639,-0.49623,-0.0587514,-0.0356489
8.64,4,-0.350819,-0.346624,0.0273989,-0.0472549,-0.00419442
8.64,5,-0.038393,-0.0414924,0.0506878,0.000290518,0.00309937
8.65,0,0.90528,0.902595,0.0355216,0.000845227,0.00268525
8.65,1,0.249477,0.370286,-0.264662,-4.03838,-0.120809
8.65,2,0.310669,0.349518,0.186236,-1.53795,-0.0388493
8.65,3,1.54578,1.58143,-0.496242,-0.0587617,-0.0356507
8.65,4,-0.350632,-0.34635,0.0274053,-0.0479562,-0.00428169
8.65,5,-0.0378844,-0.0409854,0.0506998,0.000295342,0.00310106
8.66,0,0.905629,0.90295,0.0354678,0.000784771,0.0026797
8.66,1,0.246713,0.367639,-0.264767,-4.04276,-0.120927
8.66,2,0.312474,0.35138,0.186175,-1.53954,-0.0389064
8.66,3,1.54081,1.57647,-0.496255,-0.0587699,-0.0356523
8.66,4,-0.350445,-0.346076,0.0274102,-0.0486573,-0.00436902
8.66,5,-0.0373758,-0.0404784,0.0507127,0.000299275,0.00310262
8.67,0,0.905979,0.903304,0.0354128,0.000749663,0.0026747
8.67,1,0.243948,0.364991,-0.264885,-4.04705,-0.121043
8.67,2,0.314279,0.353241,0.186106,-1.5411,-0.0389628
8.67,3,1.53585,1.5715,-0.496269,-0.0587762,-0.0356538
8.67,4,-0.350258,-0.345802,0.0274139,-0.0493581,-0.00445639
8.67,5,-0.0368671,-0.0399712,0.0507263,0.000302344,0.00310404
8.68,0,0.906328,0.903658,0.0353574,0.000737917,0.00267026
8.68,1,0.241184,0.362341,-0.265015,-4.05126,-0.121158
8.68,2,0.316084,0.355102,0.18603,-1.54261,-0.0390185
8.68,3,1.53089,1.56654,-0.496284,-0.0587804,-0.0356551
8.68,4,-0.350072,-0.345528,0.0274165,-0.0500586,-0.00454379
8.68,5,-0.0363585,-0.0394638,0.0507403,0.000304584,0.00310533
8.69,0,0.906678,0.904011,0.0353023,0.000747451,0.00266636
8.69,1,0.238419,0.35969,-0.265154,-4.05539,-0.121271
8.69,2,0.317889,0.356962,0.185947,-1.54409,-0.0390734
8.69,3,1.52592,1.56158,-0.4963,-0.0587824,-0.0356563
8.69,4,-0.349885,-0.345254,0.0274182,-0.0507588,-0.00463121
8.69,5,-0.0358499,-0.0389563,0.0507546,0.000306034,0.00310648
8.7,0,0.907027,0.904364,0.0352481,0.000776122,0.00266301
8.7,1,0.235655,0.357038,-0.265301,-4.05944,-0.121384
8.7,2,0.319694,0.358821,0.18586,-1.54554,-0.0391274
8.7,3,1.52096,1.55661,-0.496317,-0.0587822,-0.0356573
8.7,4,-0.349698,-0.344979,0.0274192,-0.0514588,-0.00471865
8.7,5,-0.0353412,-0.0384487,0.0507689,0.000306743,0.00310748
8.71,0,0.907376,0.904716,0.0351954,0.00082176,0.0026602
8.71,1,0.23289,0.354384,-0.265454,-4.06341,-0.121494
8.71,2,0.321499,0.360679,0.185769,-1.54695,-0.0391805
8.71,3,1.51599,1.55165,-0.496335,-0.0587799,-0.0356581
8.71,4,-0.349511,-0.344705,0.0274196,-0.0521585,-0.00480609
8.71,5,-0.0348326,-0.037941,0.0507832,0.000306759,0.00310835
8.72,0,0.907726,0.905068,0.0351446,0.00088219,0.0026579
8.72,1,0.230125,0.351729,-0.265611,-4.0673,-0.121603
8.72,2,0.323304,0.362536,0.185676,-1.54833,-0.0392327
8.72,3,1.51103,1.54669,-0.496354,-0.0587753,-0.0356588
8.72,4,-0.349325,-0.344431,0.0274196,-0.052858,-0.00489353
8.72,5,-0.034324,-0.037433,0.0507973,0.000306137,0.00310906
8.73,0,0.908075,0.905419,0.0350963,0.000955263,0.0026561
8.73,1,0.227361,0.349072,-0.265771,-4.07113,-0.121711
8.73,2,0.325108,0.364392,0.185582,-1.54968,-0.039284
8.73,3,1.50607,1.54172,-0.496373,-0.0587686,-0.0356592
8.73,4,-0.349138,-0.344157,0.0274192,-0.0535574,-0.00498097
8.73,5,-0.0338154,-0.036925,0.050811,0.000304933,0.00310964
8.74,0,0.908424,0.90577,0.0350506,0.00103888,0.00265477
8.74,1,0.224596,0.346413,-0.265933,-4.07488,-0.121817
8.74,2,0.326913,0.366248,0.185488,-1.55101,-0.0393343
8.74,3,1.5011,1.53676,-0.496392,-0.0587596,-0.0356595
8.74,4,-0.348951,-0.343883,0.0274187,-0.0542566,-0.0050684
8.74,5,-0.0333067,-0.0364168,0.0508242,0.000303205,0.00311009
8.75,0,0.908774,0.90612,0.035008,0.001131,0.00265387
8.75,1,0.221832,0.343753,-0.266094,-4.07857,-0.121921
8.75,2,0.328718,0.368102,0.185395,-1.5523,-0.0393837
8.75,3,1.49614,1.5318,-0.496412,-0.0587484,-0.0356596
8.75,4,-0.348764,-0.343608,0.0274182,-0.0549558,-0.00515583
8.75,5,-0.0327981,-0.0359085,0.0508368,0.000301013,0.00311041
8.76,0,0.909123,0.90647,0.0349686,0.00122967,0.00265339
8.76,1,0.219067,0.341091,-0.266255,-4.08219,-0.122024
8.76,2,0.330523,0.369956,0.185304,-1.55357,-0.0394322
8.76,3,1.49117,1.52683,-0.496432,-0.058735,-0.0356594
8.76,4,-0.348577,-0.343334,0.0274178,-0.055655,-0.00524326
8.76,5,-0.0322895,-0.0354001,0.0508487,0.000298416,0.0031106
8.77,0,0.909473,0.906819,0.0349327,0.00133305,0.00265328
8.77,1,0.216303,0.338428,-0.266413,-4.08577,-0.122125
8.77,2,0.332328,0.371808,0.185216,-1.55483,-0.0394798
8.77,3,1.48621,1.52187,-0.496453,-0.0587195,-0.0356591
8.77,4,-0.348391,-0.34306,0.0274177,-0.0563543,-0.00533068
8.77,5,-0.0317808,-0.0348915,0.0508598,0.000295472,0.00311068
8.78,0,0.909822,0.907168,0.0349003,0.0014394,0.00265351
8.78,1,0.213538,0.335763,-0.266567,-4.08928,-0.122225
8.78,2,0.334133,0.37366,0.185131,-1.55606,-0.0395265
8.78,3,1.48124,1.5169,-0.496473,-0.0587019,-0.0356586
8.78,4,-0.348204,-0.342786,0.0274179,-0.0570538,-0.00541811
8.78,5,-0.0312722,-0.0343829,0.0508701,0.00029224,0.00311066
8.79,0,0.910171,0.907517,0.0348716,0.0015471,0.00265404
8.79,1,0.210774,0.333096,-0.266717,-4.09276,-0.122323
8.79,2,0.335938,0.375511,0.185051,-1.55727,-0.0395724
8.79,3,1.47628,1.51194,-0.496493,-0.0586822,-0.0356578
8.79,4,-0.348017,-0.342512,0.0274186,-0.0577536,-0.00550554
8.79,5,-0.0307636,-0.0338741,0.0508796,0.000288776,0.00311053
8.8,0,0.910521,0.907866,0.0348464,0.00165466,0.00265485
8.8,1,0.208009,0.330428,-0.266862,-4.09619,-0.122419
8.8,2,0.337743,0.377361,0.184975,-1.55847,-0.0396175
8.8,3,1.47132,1.50697,-0.496514,-0.0586606,-0.0356569
8.8,4,-0.34783,-0.342238,0.0274198,-0.0584537,-0.00559298
8.8,5,-0.030255,-0.0333653,0.0508882,0.000285134,0.00311032
8.81,0,0.91087,0.908214,0.0348248,0.00176074,0.00265588
8.81,1,0.205245,0.327759,-0.267,-4.09958,-0.122514
8.81,2,0.339548,0.37921,0.184904,-1.55967,-0.0396619
8.81,3,1.46635,1.50201,-0.496534,-0.0586369,-0.0356557
8.81,4,-0.347644,-0.341963,0.0274217,-0.0591543,-0.00568043
8.81,5,-0.0297463,-0.0328563,0.0508958,0.000281366,0.00311002
8.82,0,0.911219,0.908562,0.0348068,0.00186412,0.00265711
8.82,1,0.20248,0.325088,-0.267133,-4.10293,-0.122608
8.82,2,0.341353,0.381059,0.184839,-1.56085,-0.0397056
8.82,3,1.46139,1.49704,-0.496554,-0.0586114,-0.0356544
8.82,4,-0.347457,-0.341689,0.0274243,-0.0598554,-0.00576791
8.82,5,-0.0292377,-0.0323473,0.0509025,0.00027752,0.00310965
8.83,0,0.911569,0.90891,0.0347921,0.00196372,0.0026585
8.83,1,0.199716,0.322416,-0.267258,-4.10626,-0.122701
8.83,2,0.343158,0.382907,0.18478,-1.56202,-0.0397487
8.83,3,1.45642,1.49208,-0.496574,-0.0585839,-0.0356528
8.83,4,-0.34727,-0.341415,0.0274276,-0.0605571,-0.00585541
8.83,5,-0.0287291,-0.0318383,0.0509083,0.000273641,0.00310922
8.84,0,0.911918,0.909258,0.0347808,0.00205861,0.00266002
8.84,1,0.196951,0.319743,-0.267376,-4.10955,-0.122792
8.84,2,0.344963,0.384754,0.184726,-1.56319,-0.0397912
8.84,3,1.45146,1.48711,-0.496594,-0.0585547,-0.0356511
8.84,4,-0.347083,-0.341141,0.0274318,-0.0612595,-0.00594296
8.84,5,-0.0282204,-0.0313292,0.0509131,0.000269773,0.00310874
8.85,0,0.912268,0.909606,0.0347725,0.002148,0.00266164
8.85,1,0.194186,0.317069,-0.267486,-4.11283,-0.122882
8.85,2,0.346768,0.386601,0.184679,-1.56435,-0.0398332
8.85,3,1.4465,1.48214,-0.496613,-0.0585237,-0.0356492
8.85,4,-0.346897,-0.340866,0.0274367,-0.0619627,-0.00603055
8.85,5,-0.0277118,-0.03082,0.0509171,0.000265954,0.00310822
8.86,0,0.912617,0.909954,0.0347672,0.00223122,0.00266332
8.86,1,0.191422,0.314393,-0.267589,-4.11609,-0.122971
8.86,2,0.348573,0.388448,0.184637,-1.56552,-0.0398748
8.86,3,1.44153,1.47718,-0.496632,-0.0584911,-0.035647
8.86,4,-0.34671,-0.340592,0.0274426,-0.0626668,-0.00611819
8.86,5,-0.0272032,-0.0303108,0.0509202,0.000262217,0.00310766
8.87,0,0.912966,0.910301,0.0347646,0.00230773,0.00266504
8.87,1,0.188657,0.311717,-0.267684,-4.11933,-0.123059
8.87,2,0.350378,0.390294,0.184602,-1.56669,-0.039916
8.87,3,1.43657,1.47221,-0.496651,-0.0584568,-0.0356447
8.87,4,-0.346523,-0.340317,0.0274493,-0.0633719,-0.0062059
8.87,5,-0.0266946,-0.0298016,0.0509225,0.000258596,0.00310707
8.88,0,0.913316,0.910649,0.0347646,0.00237714,0.00266677
8.88,1,0.185893,0.309039,-0.267771,-4.12255,-0.123147
8.88,2,0.352183,0.39214,0.184573,-1.56785,-0.0399569
8.88,3,1.4316,1.46725,-0.496669,-0.0584209,-0.0356422
8.88,4,-0.346336,-0.340043,0.027457,-0.0640779,-0.00629368
8.88,5,-0.0261859,-0.0292924,0.050924,0.000255115,0.00310647
8.89,0,0.913665,0.910997,0.0347669,0.00243913,0.00266849
8.89,1,0.183128,0.306361,-0.26785,-4.12577,-0.123233
8.89,2,0.353988,0.393986,0.184549,-1.56903,-0.0399975
8.89,3,1.42664,1.46228,-0.496686,-0.0583835,-0.0356395
8.89,4,-0.34615,-0.339768,0.0274655,-0.0647851,-0.00638154
8.89,5,-0.0256773,-0.0287831,0.0509248,0.0002518,0.00310585
8.9,0,0.914014,0.911344,0.0347712,0.00249354,0.00267018
8.9,1,0.180364,0.303682,-0.267923,-4.12898,-0.123319
8.9,2,0.355793,0.395831,0.184532,-1.5702,-0.040038
8.9,3,1.42168,1.45731,-0.496704,-0.0583445,-0.0356367
8.9,4,-0.345963,-0.339493,0.0274748,-0.0654934,-0.00646949
8.9,5,-0.0251687,-0.0282739,0.0509249,0.00024867,0.00310523
8.91,0,0.914364,0.911692,0.0347774,0.00254028,0.00267181
8.91,1,0.177599,0.301003,-0.267988,-4.13218,-0.123404
8.91,2,0.357598,0.397676,0.184519,-1.57138,-0.0400782
8.91,3,1.41671,1.45234,-0.496721,-0.0583041,-0.0356336
8.91,4,-0.345776,-0.339219,0.027485,-0.0662029,-0.00655754
8.91,5,-0.02466,-0.0277646,0.0509244,0.000245739,0.00310461
8.92,0,0.914713,0.91204,0.0347852,0.00257936,0.00267337
8.92,1,0.174835,0.298323,-0.268046,-4.13538,-0.123488
8.92,2,0.359403,0.399521,0.184511,-1.57257,-0.0401184
8.92,3,1.41175,1.44738,-0.496737,-0.0582624,-0.0356305
8.92,4,-0.345589,-0.338944,0.027496,-0.0669136,-0.0066457
8.92,5,-0.0241514,-0.0272554,0.0509233,0.000243022,0.003104
8.93,0,0.915063,0.912388,0.0347943,0.00261087,0.00267485
8.93,1,0.17207,0.295642,-0.268099,-4.13858,-0.123572
8.93,2,0.361208,0.401366,0.184508,-1.57377,-0.0401585
8.93,3,1.40678,1.44241,-0.496753,-0.0582192,-0.0356271
8.93,4,-0.345403,-0.338669,0.0275077,-0.0676256,-0.00673397
8.93,5,-0.0236428,-0.0267462,0.0509217,0.000240527,0.00310341
8.94,0,0.915412,0.912736,0.0348046,0.002635,0.00267622
8.94,1,0.169306,0.292961,-0.268145,-4.14177,-0.123655
8.94,2,0.363013,0.403212,0.18451,-1.57498,-0.0401986
8.94,3,1.40182,1.43744,-0.496769,-0.0581747,-0.0356236
8.94,4,-0.345216,-0.338394,0.0275201,-0.0683389,-0.00682236
8.94,5,-0.0231342,-0.026237,0.0509196,0.000238259,0.00310283
8.95,0,0.915761,0.913084,0.0348159,0.00265197,0.00267749
8.95,1,0.166541,0.290279,-0.268185,-4.14496,-0.123738
8.95,2,0.364818,0.405057,0.184515,-1.57619,-0.0402388
8.95,3,1.39685,1.43247,-0.496784,-0.0581289,-0.0356199
8.95,4,-0.345029,-0.338118,0.0275331,-0.0690536,-0.00691088
8.95,5,-0.0226255,-0.0257278,0.0509172,0.000236223,0.00310227
8.96,0,0.916111,0.913432,0.0348279,0.0026621,0.00267864
8.96,1,0.163776,0.287597,-0.268221,-4.14815,-0.12382
8.96,2,0.366623,0.406902,0.184524,-1.57742,-0.040279
8.96,3,1.39189,1.42751,-0.496799,-0.0580818,-0.0356161
8.96,4,-0.344842,-0.337843,0.0275466,-0.0697695,-0.00699953
8.96,5,-0.0221169,-0.0252186,0.0509144,0.000234417,0.00310175
8.97,0,0.91646,0.91378,0.0348404,0.00266573,0.00267967
8.97,1,0.161012,0.284914,-0.268253,-4.15135,-0.123903
8.97,2,0.368428,0.408747,0.184536,-1.57865,-0.0403193
8.97,3,1.38693,1.42254,-0.496813,-0.0580334,-0.0356121
8.97,4,-0.344656,-0.337567,0.0275607,-0.0704869,-0.00708832
8.97,5,-0.0216083,-0.0247095,0.0509113,0.000232839,0.00310125
8.98,0,0.916809,0.914129,0.0348532,0.00266324,0.00268057
8.98,1,0.158247,0.282232,-0.26828,-4.15454,-0.123984
8.98,2,0.370233,0.410593,0.18455,-1.57989,-0.0403598
8.98,3,1.38196,1.41757,-0.496828,-0.0579838,-0.035608
8.98,4,-0.344469,-0.337292,0.0275751,-0.0712056,-0.00717725
8.98,5,-0.0210996,-0.0242004,0.0509081,0.000231485,0.00310078
8.99,0,0.917159,0.914478,0.0348663,0.00265506,0.00268135
8.99,1,0.155483,0.279549,-0.268304,-4.15773,-0.124066
8.99,2,0.372038,0.412438,0.184567,-1.58115,-0.0404004
8.99,3,1.377,1.4126,-0.496842,-0.0579329,-0.0356038
8.99,4,-0.344282,-0.337016,0.0275899,-0.0719256,-0.00726633
8.99,5,-0.020591,-0.0236914,0.0509046,0.000230347,0.00310035
9,0,0.917508,0.914826,0.0348793,0.00264165,0.00268199
9,1,0.152718,0.276866,-0.268325,-4.16092,-0.124147
9,2,0.373843,0.414284,0.184586,-1.58241,-0.0404412
9,3,1.37203,1.40763,-0.496855,-0.0578808,-0.0355994
9,4,-0.344095,-0.33674,0.027605,-0.0726469,-0.00735556
9,5,-0.0200824,-0.0231823,0.0509011,0.000229418,0.00309995
9.01,0,0.917858,0.915175,0.0348922,0.00262346,0.0026825
9.01,1,0.149954,0.274182,-0.268344,-4.16411,-0.124229
9.01,2,0.375648,0.41613,0.184606,-1.58368,-0.0404822
9.01,3,1.36707,1.40266,-0.496869,-0.0578275,-0.0355949
9.01,4,-0.343909,-0.336464,0.0276202,-0.0733696,-0.00744494
9.01,5,-0.0195737,-0.0226733,0.0508975,0.000228685,0.00309959
9.02,0,0.918207,0.915524,0.0349048,0.00260098,0.00268288
9.02,1,0.147189,0.271499,-0.268361,-4.1673,-0.12431
9.02,2,0.377453,0.417976,0.184627,-1.58496,-0.0405234
9.02,3,1.36211,1.3977,-0.496882,-0.057773,-0.0355902
9.02,4,-0.343722,-0.336187,0.0276354,-0.0740934,-0.00753447
9.02,5,-0.0190651,-0.0221644,0.0508939,0.000228139,0.00309926
9.03,0,0.918556,0.915873,0.034917,0.00257469,0.00268315
9.03,1,0.144425,0.268815,-0.268376,-4.17049,-0.12439
9.03,2,0.379258,0.419822,0.184649,-1.58624,-0.0405648
9.03,3,1.35714,1.39273,-0.496895,-0.0577172,-0.0355854
9.03,4,-0.343535,-0.335911,0.0276507,-0.0748186,-0.00762415
9.03,5,-0.0185565,-0.0216555,0.0508903,0.000227766,0.00309897
9.04,0,0.918906,0.916222,0.0349288,0.00254506,0.00268329
9.04,1,0.14166,0.266131,-0.268391,-4.17367,-0.124471
9.04,2,0.381063,0.421669,0.184671,-1.58754,-0.0406065
9.04,3,1.35218,1.38776,-0.496908,-0.0576602,-0.0355805
9.04,4,-0.343348,-0.335634,0.0276659,-0.0755448,-0.00771399
9.04,5,-0.0180479,-0.0211466,0.0508868,0.000227553,0.00309872
9.05,0,0.919255,0.916572,0.03494,0.00251259,0.00268331
9.05,1,0.138896,0.263447,-0.268405,-4.17685,-0.124552
9.05,2,0.382868,0.423516,0.184694,-1.58884,-0.0406484
9.05,3,1.34721,1.38279,-0.496921,-0.057602,-0.0355755
9.05,4,-0.343162,-0.335358,0.0276809,-0.0762723,-0.00780398
9.05,5,-0.0175392,-0.0206377,0.0508833,0.000227486,0.0030985
9.06,0,0.919605,0.916921,0.0349505,0.00247772,0.00268323
9.06,1,0.136131,0.260763,-0.26842,-4.18003,-0.124632
9.06,2,0.384673,0.425363,0.184716,-1.59014,-0.0406904
9.06,3,1.34225,1.37782,-0.496934,-0.0575425,-0.0355703
9.06,4,-0.342975,-0.335081,0.0276957,-0.0770007,-0.00789411
9.06,5,-0.0170306,-0.0201289,0.05088,0.000227549,0.00309831
9.07,0,0.919954,0.917271,0.0349603,0.00244092,0.00268305
9.07,1,0.133366,0.258079,-0.268434,-4.18319,-0.124712
9.07,2,0.386477,0.42721,0.184737,-1.59146,-0.0407327
9.07,3,1.33729,1.37285,-0.496947,-0.0574818,-0.035565
9.07,4,-0.342788,-0.334804,0.0277101,-0.0777302,-0.00798439
9.07,5,-0.016522,-0.0196201,0.0508768,0.000227728,0.00309816
9.08,0,0.920303,0.91762,0.0349694,0.00240261,0.00268277
9.08,1,0.130602,0.255394,-0.26845,-4.18635,-0.124793
9.08,2,0.388282,0.429058,0.184758,-1.59277,-0.0407753
9.08,3,1.33232,1.36788,-0.496959,-0.0574199,-0.0355595
9.08,4,-0.342601,-0.334527,0.0277242,-0.0784607,-0.00807482
9.08,5,-0.0160133,-0.0191114,0.0508739,0.000228008,0.00309803
9.09,0,0.920653,0.91797,0.0349777,0.0023632,0.00268241
9.09,1,0.127837,0.25271,-0.268466,-4.1895,-0.124872
9.09,2,0.390087,0.430905,0.184778,-1.59409,-0.040818
9.09,3,1.32736,1.36291,-0.496972,-0.0573567,-0.035554
9.09,4,-0.342415,-0.334249,0.0277379,-0.079192,-0.00816538
9.09,5,-0.0155047,-0.0186027,0.0508711,0.000228374,0.00309794
9.1,0,0.921002,0.91832,0.0349851,0.00232308,0.00268196
9.1,1,0.125073,0.250025,-0.268484,-4.19264,-0.124952
9.1,2,0.391892,0.432753,0.184796,-1.59542,-0.0408609
9.1,3,1.32239,1.35794,-0.496985,-0.0572922,-0.0355483
9.1,4,-0.342228,-0.333972,0.027751,-0.0799241,-0.00825608
9.1,5,-0.0149961,-0.018094,0.0508685,0.000228812,0.00309787
9.11,0,0.921351,0.91867,0.0349918,0.00228261,0.00268145
9.11,1,0.122308,0.24734,-0.268503,-4.19576,-0.125032
9.11,2,0.393697,0.434601,0.184813,-1.59675,-0.040904
9.11,3,1.31743,1.35297,-0.496998,-0.0572263,-0.0355425
9.11,4,-0.342041,-0.333694,0.0277635,-0.080657,-0.00834691
9.11,5,-0.0144875,-0.0175853,0.0508661,0.000229307,0.00309783
9.12,0,0.921701,0.91902,0.0349976,0.00224211,0.00268088
9.12,1,0.119544,0.244655,-0.268524,-4.19888,-0.125111
9.12,2,0.395502,0.43645,0.184829,-1.59807,-0.0409472
9.12,3,1.31246,1.348,-0.49701,-0.0571592,-0.0355365
9.12,4,-0.341854,-0.333416,0.0277755,-0.0813906,-0.00843785
9.12,5,-0.0139788,-0.0170766,0.050864,0.000229846,0.00309781
9.13,0,0.92205,0.91937,0.0350027,0.00220189,0.00268025
9.13,1,0.116779,0.24197,-0.268548,-4.20197,-0.12519
9.13,2,0.397307,0.438298,0.184843,-1.5994,-0.0409906
9.13,3,1.3075,1.34303,-0.497023,-0.0570908,-0.0355305
9.13,4,-0.341668,-0.333139,0.0277868,-0.0821247,-0.00852892
9.13,5,-0.0134702,-0.016568,0.0508621,0.000230415,0.00309781
9.14,0,0.9224,0.91972,0.0350069,0.00216222,0.00267957
9.14,1,0.114015,0.239284,-0.268573,-4.20506,-0.125269
9.14,2,0.399112,0.440146,0.184855,-1.60073,-0.0410341
9.14,3,1.30254,1.33806,-0.497036,-0.057021,-0.0355243
9.14,4,-0.341481,-0.332861,0.0277974,-0.0828594,-0.00862009
9.14,5,-0.0129616,-0.0160594,0.0508604,0.000231003,0.00309782
9.15,0,0.922749,0.92007,0.0350104,0.00212334,0.00267886
9.15,1,0.11125,0.236598,-0.2686,-4.20812,-0.125348
9.15,2,0.400917,0.441995,0.184865,-1.60206,-0.0410778
9.15,3,1.29757,1.33309,-0.497049,-0.0569499,-0.0355179
9.15,4,-0.341294,-0.332583,0.0278073,-0.0835946,-0.00871137
9.15,5,-0.0124529,-0.0155508,0.050859,0.000231598,0.00309786
9.16,0,0.923098,0.92042,0.0350131,0.00208546,0.00267812
9.16,1,0.108486,0.233912,-0.26863,-4.21116,-0.125426
9.16,2,0.402722,0.443844,0.184874,-1.60339,-0.0411215
9.16,3,1.29261,1.32812,-0.497062,-0.0568774,-0.0355115
9.16,4,-0.341107,-0.332305,0.0278164,-0.0843301,-0.00880274
9.16,5,-0.0119443,-0.0150422,0.0508578,0.00023219,0.0030979
9.17,0,0.923448,0.92077,0.0350151,0.00204876,0.00267735
9.17,1,0.105721,0.231226,-0.268663,-4.21419,-0.125504
9.17,2,0.404527,0.445693,0.184881,-1.60472,-0.0411653
9.17,3,1.28764,1.32315,-0.497076,-0.0568036,-0.0355049
9.17,4,-0.340921,-0.332026,0.0278248,-0.0850659,-0.00889419
9.17,5,-0.0114357,-0.0145336,0.0508568,0.000232768,0.00309796
9.18,0,0.923797,0.92112,0.0350164,0.0020134,0.00267657
9.18,1,0.102957,0.228539,-0.268697,-4.2172,-0.125582
9.18,2,0.406332,0.447541,0.184886,-1.60605,-0.0412092
9.18,3,1.28268,1.31818,-0.497089,-0.0567283,-0.0354982
9.18,4,-0.340734,-0.331748,0.0278324,-0.085802,-0.00898573
9.18,5,-0.0109271,-0.0140251,0.050856,0.000233323,0.00309803
9.19,0,0.924146,0.921471,0.0350172,0.0019795,0.00267578
9.19,1,0.100192,0.225852,-0.268734,-4.22018,-0.12566
9.19,2,0.408137,0.44939,0.184889,-1.60737,-0.0412531
9.19,3,1.27772,1.31321,-0.497102,-0.0566516,-0.0354913
9.19,4,-0.340547,-0.33147,0.0278392,-0.0865383,-0.00907734
9.19,5,-0.0104184,-0.0135165,0.0508555,0.000233849,0.0030981
9.2,0,0.924496,0.921821,0.0350173,0.00194715,0.00267498
9.2,1,0.0974274,0.223164,-0.268773,-4.22314,-0.125737
9.2,2,0.409942,0.451239,0.18489,-1.60869,-0.041297
9.2,3,1.27275,1.30824,-0.497116,-0.0565736,-0.0354843
9.2,4,-0.34036,-0.331191,0.0278452,-0.0872747,-0.00916901
9.2,5,-0.0099098,-0.013008,0.0508551,0.000234339,0.00309817
9.21,0,0.924845,0.922171,0.035017,0.00191643,0.00267418
9.21,1,0.0946629,0.220476,-0.268815,-4.22608,-0.125813
9.21,2,0.411747,0.453088,0.18489,-1.61001,-0.041341
9.21,3,1.26779,1.30327,-0.49713,-0.0564941,-0.0354772
9.21,4,-0.340174,-0.330913,0.0278505,-0.0880111,-0.00926074
9.21,5,-0.00940117,-0.0124994,0.0508549,0.000234785,0.00309825
9.22,0,0.925195,0.922521,0.0350161,0.00188738,0.00267339
9.22,1,0.0918984,0.217788,-0.268859,-4.22899,-0.125889
9.22,2,0.413552,0.454937,0.184888,-1.61132,-0.0413849
9.22,3,1.26282,1.29829,-0.497143,-0.0564132,-0.0354699
9.22,4,-0.339987,-0.330634,0.027855,-0.0887476,-0.00935251
9.22,5,-0.00889255,-0.0119909,0.0508549,0.000235185,0.00309833
9.23,0,0.925544,0.922871,0.0350149,0.00186003,0.00267262
9.23,1,0.0891338,0.215099,-0.268905,-4.23188,-0.125965
9.23,2,0.415357,0.456786,0.184885,-1.61263,-0.0414288
9.23,3,1.25786,1.29332,-0.497157,-0.0563308,-0.0354625
9.23,4,-0.3398,-0.330356,0.0278587,-0.089484,-0.00944433
9.23,5,-0.00838392,-0.0114823,0.0508551,0.000235532,0.00309841
9.24,0,0.925893,0.923221,0.0350132,0.00183439,0.00267185
9.24,1,0.0863693,0.212409,-0.268953,-4.23475,-0.12604
9.24,2,0.417162,0.458635,0.18488,-1.61394,-0.0414726
9.24,3,1.2529,1.28835,-0.497171,-0.0562471,-0.035455
9.24,4,-0.339613,-0.330077,0.0278617,-0.0902203,-0.00953618
9.24,5,-0.00787529,-0.0109738,0.0508554,0.000235826,0.00309849
9.25,0,0.926243,0.923572,0.0350113,0.00181043,0.00267111
9.25,1,0.0836047,0.20972,-0.269003,-4.23759,-0.126115
9.25,2,0.418967,0.460483,0.184874,-1.61524,-0.0415164
9.25,3,1.24793,1.28338,-0.497185,-0.0561618,-0.0354473
9.25,4,-0.339427,-0.329798,0.027864,-0.0909564,-0.00962805
9.25,5,-0.00736666,-0.0104652,0.0508558,0.000236062,0.00309856
9.26,0,0.926592,0.923922,0.035009,0.00178812,0.00267038
9.26,1,0.0808402,0.207029,-0.269054,-4.2404,-0.126189
9.26,2,0.420772,0.462332,0.184866,-1.61654,-0.0415601
9.26,3,1.24297,1.27841,-0.497199,-0.0560752,-0.0354395
9.26,4,-0.33924,-0.32952,0.0278656,-0.0916924,-0.00971995
9.26,5,-0.00685803,-0.00995666,0.0508563,0.00023624,0.00309863
9.27,0,0.926941,0.924272,0.0350066,0.00176742,0.00266968
9.27,1,0.0780756,0.204339,-0.269107,-4.24319,-0.126263
9.27,2,0.422577,0.464181,0.184858,-1.61783,-0.0416038
9.27,3,1.238,1.27343,-0.497213,-0.055987,-0.0354315
9.27,4,-0.339053,-0.329241,0.0278665,-0.0924281,-0.00981186
9.27,5,-0.0063494,-0.00944809,0.050857,0.00023636,0.00309869
9.28,0,0.927291,0.924622,0.035004,0.00174827,0.002669
9.28,1,0.0753111,0.201647,-0.269162,-4.24596,-0.126336
9.28,2,0.424382,0.466029,0.184848,-1.61912,-0.0416473
9.28,3,1.23304,1.26846,-0.497227,-0.0558975,-0.0354234
9.28,4,-0.338866,-0.328963,0.0278668,-0.0931636,-0.00990377
9.28,5,-0.00584077,-0.00893952,0.0508577,0.000236421,0.00309875
9.29,0,0.92764,0.924972,0.0350012,0.00173058,0.00266836
9.29,1,0.0725466,0.198955,-0.269218,-4.24869,-0.126409
9.29,2,0.426187,0.467878,0.184838,-1.6204,-0.0416908
9.29,3,1.22808,1.26349,-0.497242,-0.0558065,-0.0354151
9.29,4,-0.33868,-0.328684,0.0278665,-0.0938987,-0.00999568
9.29,5,-0.00533214,-0.00843094,0.0508585,0.000236424,0.00309879
9.3,0,0.92799,0.925322,0.0349984,0.00171429,0.00266774
9.3,1,0.069782,0.196263,-0.269275,-4.2514,-0.126481
9.3,2,0.427992,0.469726,0.184827,-1.62168,-0.0417341
9.3,3,1.22311,1.25852,-0.497256,-0.055714,-0.0354068
9.3,4,-0.338493,-0.328405,0.0278657,-0.0946335,-0.0100876
9.3,5,-0.00482352,-0.00792235,0.0508593,0.00023637,0.00309883
9.31,0,0.928339,0.925672,0.0349955,0.00169929,0.00266714
9.31,1,0.0670175,0.19357,-0.269333,-4.25409,-0.126552
9.31,2,0.429797,0.471574,0.184815,-1.62295,-0.0417774
9.31,3,1.21815,1.25355,-0.49727,-0.0556201,-0.0353982
9.31,4,-0.338306,-0.328127,0.0278643,-0.095368,-0.0101795
9.31,5,-0.00431489,-0.00741375,0.0508602,0.000236261,0.00309886
9.32,0,0.928688,0.926022,0.0349926,0.0016855,0.00266658
9.32,1,0.0642529,0.190876,-0.269392,-4.25675,-0.126623
9.32,2,0.431602,0.473422,0.184803,-1.62422,-0.0418205
9.32,3,1.21318,1.24857,-0.497284,-0.0555248,-0.0353895
9.32,4,-0.338119,-0.327848,0.0278624,-0.0961021,-0.0102714
9.32,5,-0.00380626,-0.00690514,0.0508611,0.0002361,0.00309889
9.33,0,0.929038,0.926372,0.0349897,0.0016728,0.00266605
9.33,1,0.0614884,0.188182,-0.269451,-4.25938,-0.126693
9.33,2,0.433407,0.47527,0.18479,-1.62549,-0.0418635
9.33,3,1.20822,1.2436,-0.497299,-0.055428,-0.0353807
9.33,4,-0.337933,-0.327569,0.0278601,-0.0968358,-0.0103632
9.33,5,-0.00329763,-0.00639653,0.050862,0.000235889,0.0030989
9.34,0,0.929387,0.926721,0.0349869,0.00166109,0.00266554
9.34,1,0.0587239,0.185487,-0.269512,-4.26199,-0.126763
9.34,2,0.435212,0.477118,0.184777,-1.62675,-0.0419063
9.34,3,1.20325,1.23863,-0.497313,-0.0553298,-0.0353718
9.34,4,-0.337746,-0.327291,0.0278574,-0.0975691,-0.0104551
9.34,5,-0.002789,-0.0058879,0.0508629,0.000235631,0.0030989
9.35,0,0.929736,0.927071,0.0349841,0.00165027,0.00266506
9.35,1,0.0559593,0.182791,-0.269572,-4.26457,-0.126832
9.35,2,0.437017,0.478966,0.184764,-1.628,-0.0419491
9.35,3,1.19829,1.23365,-0.497327,-0.0552302,-0.0353627
9.35,4,-0.337559,-0.327012,0.0278543,-0.098302,-0.0105469
9.35,5,-0.00228037,-0.00537927,0.0508638,0.00023533,0.0030989
9.36,0,0.930086,0.927421,0.0349815,0.00164023,0.00266461
9.36,1,0.0531948,0.180095,-0.269633,-4.26713,-0.126901
9.36,2,0.438822,0.480813,0.184751,-1.62925,-0.0419917
9.36,3,1.19333,1.22868,-0.497342,-0.0551292,-0.0353534
9.36,4,-0.337372,-0.326734,0.0278508,-0.0990344,-0.0106386
9.36,5,-0.00177174,-0.00487063,0.0508647,0.000234989,0.00309888
9.37,0,0.930435,0.927771,0.0349789,0.00163086,0.00266419
9.37,1,0.0504302,0.177399,-0.269694,-4.26966,-0.126969
9.37,2,0.440627,0.482661,0.184738,-1.6305,-0.0420342
9.37,3,1.18836,1.22371,-0.497356,-0.0550267,-0.035344
9.37,4,-0.337186,-0.326455,0.0278471,-0.0997664,-0.0107304
9.37,5,-0.00126311,-0.00436197,0.0508656,0.000234611,0.00309886
9.38,0,0.930785,0.928121,0.0349765,0.00162205,0.00266379
9.38,1,0.0476657,0.174701,-0.269754,-4.27217,-0.127036
9.38,2,0.442432,0.484508,0.184726,-1.63175,-0.0420765
9.38,3,1.1834,1.21873,-0.49737,-0.0549229,-0.0353345
9.38,4,-0.336999,-0.326177,0.027843,-0.100498,-0.0108221
9.38,5,-0.000754486,-0.00385331,0.0508664,0.000234201,0.00309883
9.39,0,0.931134,0.928471,0.0349743,0.0016137,0.00266341
9.39,1,0.0449011,0.172004,-0.269815,-4.27465,-0.127102
9.39,2,0.444237,0.486355,0.184713,-1.63299,-0.0421187
9.39,3,1.17843,1.21376,-0.497384,-0.0548177,-0.0353248
9.39,4,-0.336812,-0.325898,0.0278388,-0.101229,-0.0109137
9.39,5,-0.000245857,-0.00334464,0.0508672,0.000233762,0.00309879
9.4,0,0.931483,0.92882,0.0349722,0.00160571,0.00266306
9.4,1,0.0421366,0.169305,-0.269876,-4.27711,-0.127169
9.4,2,0.446042,0.488202,0.1847,-1.63422,-0.0421608
9.4,3,1.17347,1.20879,-0.497398,-0.0547111,-0.035315
9.4,4,-0.336625,-0.32562,0.0278343,-0.10196,-0.0110053
9.4,5,0.000262771,-0.00283597,0.050868,0.000233299,0.00309874
9.41,0,0.931833,0.92917,0.0349703,0.00159798,0.00266272
9.41,1,0.0393721,0.166606,-0.269936,-4.27955,-0.127234
9.41,2,0.447846,0.490049,0.184688,-1.63546,-0.0422028
9.41,3,1.16851,1.20381,-0.497412,-0.0546031,-0.035305
9.41,4,-0.336438,-0.325342,0.0278296,-0.10269,-0.0110969
9.41,5,0.0007714,-0.00232728,0.0508687,0.000232814,0.00309868
9.42,0,0.932182,0.92952,0.0349686,0.00159043,0.00266241
9.42,1,0.0366075,0.163906,-0.269996,-4.28197,-0.127299
9.42,2,0.449651,0.491896,0.184676,-1.63669,-0.0422446
9.42,3,1.16354,1.19884,-0.497426,-0.0544937,-0.0352949
9.42,4,-0.336252,-0.325063,0.0278247,-0.10342,-0.0111884
9.42,5,0.00128003,-0.00181859,0.0508693,0.000232312,0.00309862
9.43,0,0.932531,0.929869,0.0349671,0.00158297,0.0026621
9.43,1,0.033843,0.161206,-0.270055,-4.28436,-0.127363
9.43,2,0.451456,0.493743,0.184665,-1.63792,-0.0422863
9.43,3,1.15858,1.19386,-0.49744,-0.054383,-0.0352847
9.43,4,-0.336065,-0.324785,0.0278197,-0.104149,-0.0112799
9.43,5,0.00178866,-0.0013099,0.0508699,0.000231797,0.00309855
9.44,0,0.932881,0.930219,0.0349657,0.00157552,0.00266182
9.44,1,0.0310784,0.158505,-0.270114,-4.28673,-0.127427
9.44,2,0.453261,0.495589,0.184654,-1.63915,-0.042328
9.44,3,1.15361,1.18889,-0.497454,-0.054271,-0.0352743
9.44,4,-0.335878,-0.324507,0.0278145,-0.104877,-0.0113713
9.44,5,0.00229729,-0.000801195,0.0508704,0.000231272,0.00309848
9.45,0,0.93323,0.930569,0.0349646,0.001568,0.00266154
9.45,1,0.0283139,0.155804,-0.270173,-4.28907,-0.12749
9.45,2,0.455066,0.497436,0.184644,-1.64037,-0.0423695
9.45,3,1.14865,1.18391,-0.497468,-0.0541576,-0.0352638
9.45,4,-0.335691,-0.324229,0.0278093,-0.105606,-0.0114626
9.45,5,0.00280592,-0.000292488,0.0508709,0.00023074,0.0030984
9.46,0,0.93358,0.930918,0.0349636,0.00156035,0.00266128
9.46,1,0.0255494,0.153102,-0.270231,-4.2914,-0.127552
9.46,2,0.456871,0.499282,0.184634,-1.64159,-0.0424109
9.46,3,1.14369,1.17894,-0.497482,-0.0540429,-0.0352532
9.46,4,-0.335505,-0.323951,0.0278039,-0.106334,-0.0115539
9.46,5,0.00331454,0.000216224,0.0508713,0.000230205,0.00309832
9.47,0,0.933929,0.931268,0.0349628,0.00155251,0.00266102
9.47,1,0.0227848,0.150399,-0.270288,-4.2937,-0.127614
9.47,2,0.458676,0.501129,0.184625,-1.64282,-0.0424522
9.47,3,1.13872,1.17396,-0.497495,-0.0539268,-0.0352424
9.47,4,-0.335318,-0.323673,0.0277984,-0.107061,-0.0116452
9.47,5,0.00382317,0.000724939,0.0508717,0.000229669,0.00309823
9.48,0,0.934278,0.931618,0.0349622,0.00154442,0.00266077
9.48,1,0.0200203,0.147696,-0.270345,-4.29599,-0.127676
9.48,2,0.460481,0.502975,0.184616,-1.64403,-0.0424934
9.48,3,1.13376,1.16899,-0.497509,-0.0538094,-0.0352315
9.48,4,-0.335131,-0.323395,0.0277929,-0.107788,-0.0117364
9.48,5,0.0043318,0.00123366,0.050872,0.000229135,0.00309814
9.49,0,0.934628,0.931967,0.0349617,0.00153604,0.00266053
9.49,1,0.0172557,0.144992,-0.270401,-4.29825,-0.127736
9.49,2,0.462286,0.504821,0.184607,-1.64525,-0.0425346
9.49,3,1.12879,1.16401,-0.497522,-0.0536908,-0.0352204
9.49,4,-0.334944,-0.323117,0.0277873,-0.108514,-0.0118275
9.49,5,0.00484043,0.00174238,0.0508722,0.000228606,0.00309805
9.5,0,0.934977,0.932317,0.0349615,0.00152732,0.00266029
9.5,1,0.0144912,0.142288,-0.270456,-4.30049,-0.127797
9.5,2,0.464091,0.506667,0.184599,-1.64647,-0.0425756
9.5,3,1.12383,1.15904,-0.497536,-0.0535708,-0.0352092
9.5,4,-0.334758,-0.322839,0.0277816,-0.10924,-0.0119186
9.5,5,0.00534906,0.0022511,0.0508724,0.000228084,0.00309796
9.51,0,0.935326,0.932666,0.0349613,0.00151824,0.00266005
9.51,1,0.0117266,0.139583,-0.270511,-4.30272,-0.127856
9.51,2,0.465896,0.508513,0.184592,-1.64768,-0.0426166
9.51,3,1.11886,1.15406,-0.497549,-0.0534496,-0.0351979
9.51,4,-0.334571,-0.322561,0.0277758,-0.109965,-0.0120097
9.51,5,0.00585769,0.00275982,0.0508725,0.00022757,0.00309786
9.52,0,0.935676,0.933016,0.0349613,0.00150875,0.00265982
9.52,1,0.0089621,0.136877,-0.270566,-4.30492,-0.127915
9.52,2,0.467701,0.510359,0.184585,-1.6489,-0.0426575
9.52,3,1.1139,1.14909,-0.497562,-0.053327,-0.0351864
9.52,4,-0.334384,-0.322284,0.02777,-0.11069,-0.0121006
9.52,5,0.00636632,0.00326855,0.0508725,0.000227067,0.00309777
9.53,0,0.936025,0.933366,0.0349614,0.00149885,0.00265958
9.53,1,0.00619756,0.134172,-0.270619,-4.3071,-0.127974
9.53,2,0.469506,0.512205,0.184579,-1.65011,-0.0426984
9.53,3,1.10894,1.14411,-0.497575,-0.0532032,-0.0351748
9.53,4,-0.334197,-0.322006,0.027764,-0.111414,-0.0121915
9.53,5,0.00687494,0.00377728,0.0508726,0.000226576,0.00309767
9.54,0,0.936375,0.933715,0.0349617,0.00148851,0.00265934
9.54,1,0.00343301,0.131465,-0.270672,-4.30926,-0.128032
9.54,2,0.471311,0.51405,0.184573,-1.65132,-0.0427392
9.54,3,1.10397,1.13914,-0.497589,-0.0530781,-0.0351631
9.54,4,-0.334011,-0.321728,0.027758,-0.112138,-0.0122824
9.54,5,0.00738357,0.004286,0.0508725,0.000226099,0.00309757
9.55,0,0.936724,0.934065,0.0349621,0.00147772,0.0026591
9.55,1,0.000668472,0.128758,-0.270725,-4.31141,-0.12809
9.55,2,0.473116,0.515896,0.184567,-1.65253,-0.0427799
9.55,3,1.09901,1.13416,-0.497602,-0.0529517,-0.0351513
9.55,4,-0.333824,-0.321451,0.0277519,-0.112861,-0.0123732
9.55,5,0.0078922,0.00479473,0.0508725,0.000225635,0.00309748
9.56,0,0.937073,0.934414,0.0349625,0.00146647,0.00265885
9.56,1,-0.00209607,0.126051,-0.270777,-4.31353,-0.128147
9.56,2,0.474921,0.517742,0.184562,-1.65374,-0.0428206
9.56,3,1.09404,1.12918,-0.497615,-0.0528241,-0.0351393
9.56,4,-0.333637,-0.321173,0.0277456,-0.113584,-0.0124639
9.56,5,0.00840083,0.00530345,0.0508724,0.000225187,0.00309738
9.57,0,0.937423,0.934764,0.0349631,0.00145477,0.0026586
9.57,1,-0.00486061,0.123342,-0.270829,-4.31564,-0.128203
9.57,2,0.476726,0.519587,0.184557,-1.65495,-0.0428612
9.57,3,1.08908,1.12421,-0.497627,-0.0526953,-0.0351272
9.57,4,-0.33345,-0.320896,0.0277393,-0.114306,-0.0125546
9.57,5,0.00890946,0.00581217,0.0508723,0.000224755,0.00309729
9.58,0,0.937772,0.935114,0.0349637,0.00144261,0.00265834
9.58,1,-0.00762515,0.120634,-0.27088,-4.31772,-0.128259
9.58,2,0.478531,0.521433,0.184553,-1.65616,-0.0429018
9.58,3,1.08412,1.11923,-0.49764,-0.0525651,-0.0351149
9.58,4,-0.333264,-0.320618,0.0277328,-0.115028,-0.0126452
9.58,5,0.00941809,0.0063209,0.0508721,0.000224338,0.00309719
9.59,0,0.938121,0.935463,0.0349643,0.00143001,0.00265808
9.59,1,-0.0103897,0.117925,-0.270931,-4.31979,-0.128314
9.59,2,0.480336,0.523278,0.184549,-1.65737,-0.0429423
9.59,3,1.07915,1.11425,-0.497653,-0.0524338,-0.0351026
9.59,4,-0.333077,-0.320341,0.0277262,-0.115749,-0.0127357
9.59,5,0.00992672,0.00682962,0.0508719,0.000223938,0.0030971
9.6,0,0.938471,0.935813,0.0349651,0.00141697,0.00265781
9.6,1,-0.0131542,0.115215,-0.270982,-4.32183,-0.128369
9.6,2,0.482141,0.525124,0.184545,-1.65857,-0.0429828
9.6,3,1.07419,1.10928,-0.497666,-0.0523012,-0.0350901
9.6,4,-0.33289,-0.320064,0.0277194,-0.116469,-0.0128262
9.6,5,0.0104353,0.00733833,0.0508717,0.000223553,0.00309701
9.61,0,0.93882,0.936163,0.0349658,0.00140351,0.00265753
9.61,1,-0.0159188,0.112505,-0.271032,-4.32386,-0.128424
9.61,2,0.483946,0.526969,0.184541,-1.65978,-0.0430233
9.61,3,1.06922,1.1043,-0.497678,-0.0521673,-0.0350774
9.61,4,-0.332703,-0.319787,0.0277125,-0.117189,-0.0129166
9.61,5,0.010944,0.00784705,0.0508715,0.000223185,0.00309693
9.62,0,0.93917,0.936512,0.0349666,0.00138964,0.00265724
9.62,1,-0.0186833,0.109795,-0.271082,-4.32587,-0.128478
9.62,2,0.485751,0.528815,0.184537,-1.66098,-0.0430637
9.62,3,1.06426,1.09932,-0.497691,-0.0520323,-0.0350647
9.62,4,-0.332517,-0.31951,0.0277053,-0.117908,-0.0130069
9.62,5,0.0114526,0.00835576,0.0508712,0.000222832,0.00309684
9.63,0,0.939519,0.936862,0.0349675,0.00137538,0.00265694
9.63,1,-0.0214479,0.107083,-0.271132,-4.32786,-0.128531
9.63,2,0.487556,0.53066,0.184534,-1.66219,-0.0431041
9.63,3,1.0593,1.09435,-0.497704,-0.051896,-0.0350518
9.63,4,-0.33233,-0.319233,0.027698,-0.118627,-0.0130972
9.63,5,0.0119612,0.00886447,0.050871,0.000222494,0.00309676
9.64,0,0.939868,0.937212,0.0349683,0.00136075,0.00265664
9.64,1,-0.0242124,0.104372,-0.271182,-4.32982,-0.128584
9.64,2,0.489361,0.532505,0.184531,-1.66339,-0.0431444
9.64,3,1.05433,1.08937,-0.497716,-0.0517585,-0.0350388
9.64,4,-0.332143,-0.318956,0.0276905,-0.119344,-0.0131874
9.64,5,0.0124699,0.00937318,0.0508707,0.00022217,0.00309668
9.65,0,0.940218,0.937561,0.0349691,0.00134578,0.00265633
9.65,1,-0.0269769,0.10166,-0.271231,-4.33177,-0.128637
9.65,2,0.491166,0.53435,0.184527,-1.6646,-0.0431847
9.65,3,1.04937,1.08439,-0.497729,-0.0516197,-0.0350257
9.65,4,-0.331956,-0.318679,0.0276827,-0.120061,-0.0132775
9.65,5,0.0129785,0.00988189,0.0508705,0.00022186,0.0030966
9.66,0,0.940567,0.937911,0.03497,0.00133048,0.00265601
9.66,1,-0.0297415,0.0989472,-0.271281,-4.3337,-0.128689
9.66,2,0.492971,0.536196,0.184524,-1.6658,-0.043225
9.66,3,1.0444,1.07942,-0.497741,-0.0514798,-0.0350124
9.66,4,-0.33177,-0.318402,0.0276747,-0.120777,-0.0133675
9.66,5,0.0134871,0.0103906,0.0508702,0.000221563,0.00309653
9.67,0,0.940916,0.938261,0.0349708,0.00131489,0.00265568
9.67,1,-0.032506,0.0962341,-0.27133,-4.33561,-0.12874
9.67,2,0.494776,0.538041,0.184521,-1.667,-0.0432653
9.67,3,1.03944,1.07444,-0.497753,-0.0513386,-0.0349991
9.67,4,-0.331583,-0.318125,0.0276664,-0.121493,-0.0134575
9.67,5,0.0139957,0.0108993,0.05087,0.000221279,0.00309645
9.68,0,0.941266,0.93861,0.0349716,0.00129902,0.00265535
9.68,1,-0.0352706,0.0935205,-0.27138,-4.3375,-0.128791
9.68,2,0.496581,0.539886,0.184517,-1.6682,-0.0433055
9.68,3,1.03448,1.06946,-0.497766,-0.0511963,-0.0349856
9.68,4,-0.331396,-0.317849,0.0276578,-0.122208,-0.0135473
9.68,5,0.0145044,0.011408,0.0508697,0.000221005,0.00309638
9.69,0,0.941615,0.93896,0.0349724,0.00128291,0.002655
9.69,1,-0.0380351,0.0908064,-0.27143,-4.33937,-0.128842
9.69,2,0.498386,0.541731,0.184514,-1.6694,-0.0433457
9.69,3,1.02951,1.06448,-0.497778,-0.0510527,-0.0349719
9.69,4,-0.331209,-0.317572,0.027649,-0.122921,-0.0136371
9.69,5,0.015013,0.0119167,0.0508695,0.000220742,0.00309632
9.7,0,0.941965,0.93931,0.0349731,0.00126657,0.00265465
9.7,1,-0.0407997,0.0880919,-0.27148,-4.34122,-0.128892
9.7,2,0.500191,0.543576,0.184511,-1.6706,-0.0433858
9.7,3,1.02455,1.05951,-0.49779,-0.0509079,-0.0349582
9.7,4,-0.331023,-0.317296,0.0276398,-0.123634,-0.0137268
9.7,5,0.0155216,0.0124254,0.0508693,0.000220488,0.00309625
9.71,0,0.942314,0.93966,0.0349739,0.00125004,0.00265429
9.71,1,-0.0435642,0.0853768,-0.271529,-4.34305,-0.128941
9.71,2,0.501996,0.545422,0.184507,-1.67179,-0.0434259
9.71,3,1.01958,1.05453,-0.497802,-0.050762,-0.0349443
9.71,4,-0.330836,-0.317019,0.0276303,-0.124346,-0.0138164
9.71,5,0.0160303,0.0129341,0.050869,0.000220242,0.00309619
9.72,0,0.942663,0.940009,0.0349745,0.00123334,0.00265392
9.72,1,-0.0463287,0.0826612,-0.271579,-4.34486,-0.12899
9.72,2,0.503801,0.547267,0.184504,-1.67299,-0.043466
9.72,3,1.01462,1.04955,-0.497815,-0.0506148,-0.0349304
9.72,4,-0.330649,-0.316743,0.0276206,-0.125057,-0.0139059
9.72,5,0.0165389,0.0134428,0.0508688,0.000220004,0.00309613
9.73,0,0.943013,0.940359,0.0349752,0.00121649,0.00265355
9.73,1,-0.0490933,0.0799451,-0.27163,-4.34665,-0.129038
9.73,2,0.505606,0.549112,0.1845,-1.67418,-0.0435061
9.73,3,1.00965,1.04457,-0.497827,-0.0504665,-0.0349162
9.73,4,-0.330462,-0.316467,0.0276104,-0.125767,-0.0139953
9.73,5,0.0170475,0.0139514,0.0508686,0.000219771,0.00309607
9.74,0,0.943362,0.940709,0.0349758,0.00119952,0.00265317
9.74,1,-0.0518578,0.0772286,-0.27168,-4.34842,-0.129086
9.74,2,0.507411,0.550957,0.184496,-1.67537,-0.0435461
9.74,3,1.00469,1.03959,-0.497839,-0.0503169,-0.034902
9.74,4,-0.330276,-0.316191,0.0276,-0.126477,-0.0140846
9.74,5,0.0175561,0.0144601,0.0508684,0.000219545,0.00309602
9.75,0,0.943711,0.941059,0.0349763,0.00118245,0.00265279
9.75,1,-0.0546224,0.0745115,-0.271731,-4.35016,-0.129134
9.75,2,0.509215,0.552802,0.184492,-1.67657,-0.043586
9.75,3,0.999726,1.03461,-0.497851,-0.0501662,-0.0348877
9.75,4,-0.330089,-0.315915,0.0275892,-0.127185,-0.0141738
9.75,5,0.0180648,0.0149688,0.0508683,0.000219323,0.00309596
9.76,0,0.944061,0.941408,0.0349769,0.0011653,0.0026524
9.76,1,-0.0573869,0.0717939,-0.271781,-4.35189,-0.129181
9.76,2,0.51102,0.554646,0.184488,-1.67776,-0.043626
9.76,3,0.994762,1.02964,-0.497863,-0.0500143,-0.0348732
9.76,4,-0.329902,-0.315639,0.027578,-0.127892,-0.0142628
9.76,5,0.0185734,0.0154775,0.0508681,0.000219104,0.00309591
9.77,0,0.94441,0.941758,0.0349773,0.0011481,0.002652
9.77,1,-0.0601515,0.0690758,-0.271832,-4.35359,-0.129227
9.77,2,0.512825,0.556491,0.184484,-1.67894,-0.0436659
9.77,3,0.989798,1.02466,-0.497875,-0.0498613,-0.0348586
9.77,4,-0.329715,-0.315364,0.0275665,-0.128598,-0.0143518
9.77,5,0.019082,0.0159862,0.050868,0.000218888,0.00309586
9.78,0,0.94476,0.942108,0.0349777,0.00113086,0.0026516
9.78,1,-0.062916,0.0663572,-0.271884,-4.35528,-0.129273
9.78,2,0.51463,0.558336,0.184479,-1.68013,-0.0437057
9.78,3,0.984834,1.01968,-0.497887,-0.0497071,-0.0348439
9.78,4,-0.329529,-0.315088,0.0275546,-0.129302,-0.0144406
9.78,5,0.0195907,0.0164949,0.0508678,0.000218674,0.00309581
9.79,0,0.945109,0.942458,0.0349781,0.00111359,0.0026512
9.79,1,-0.0656805,0.0636381,-0.271935,-4.35694,-0.129319
9.79,2,0.516435,0.560181,0.184475,-1.68132,-0.0437455
9.79,3,0.97987,1.0147,-0.497898,-0.0495517,-0.0348291
9.79,4,-0.329342,-0.314812,0.0275424,-0.130006,-0.0145294
9.79,5,0.0200993,0.0170035,0.0508677,0.000218461,0.00309576
9.8,0,0.945458,0.942808,0.0349785,0.00109633,0.00265079
9.8,1,-0.0684451,0.0609185,-0.271987,-4.35858,-0.129364
9.8,2,0.51824,0.562026,0.18447,-1.6825,-0.0437853
9.8,3,0.974906,1.00972,-0.49791,-0.0493951,-0.0348141
9.8,4,-0.329155,-0.314537,0.0275298,-0.130709,-0.014618
9.8,5,0.0206079,0.0175122,0.0508676,0.000218249,0.00309571
9.81,0,0.945808,0.943157,0.0349787,0.00107908,0.00265038
9.81,1,-0.0712096,0.0581983,-0.272039,-4.3602,-0.129408
9.81,2,0.520045,0.56387,0.184465,-1.68368,-0.043825
9.81,3,0.969942,1.00474,-0.497922,-0.0492374,-0.0347991
9.81,4,-0.328968,-0.314262,0.0275168,-0.13141,-0.0147064
9.81,5,0.0211165,0.0180209,0.0508676,0.000218036,0.00309566
9.82,0,0.946157,0.943507,0.034979,0.00106185,0.00264997
9.82,1,-0.0739742,0.0554776,-0.272091,-4.3618,-0.129452
9.82,2,0.52185,0.565715,0.18446,-1.68486,-0.0438646
9.82,3,0.964978,0.999762,-0.497934,-0.0490785,-0.0347839
9.82,4,-0.328782,-0.313987,0.0275034,-0.13211,-0.0147948
9.82,5,0.0216252,0.0185296,0.0508675,0.000217823,0.00309561
9.83,0,0.946506,0.943857,0.0349792,0.00104466,0.00264955
9.83,1,-0.0767387,0.0527564,-0.272144,-4.36337,-0.129495
9.83,2,0.523655,0.567559,0.184455,-1.68604,-0.0439042
9.83,3,0.960014,0.994782,-0.497946,-0.0489185,-0.0347686
9.83,4,-0.328595,-0.313712,0.0274897,-0.132809,-0.014883
9.83,5,0.0221338,0.0190382,0.0508674,0.000217609,0.00309557
9.84,0,0.946856,0.944207,0.0349793,0.00102752,0.00264914
9.84,1,-0.0795032,0.0500347,-0.272196,-4.36493,-0.129538
9.84,2,0.52546,0.569404,0.184449,-1.68721,-0.0439438
9.84,3,0.955049,0.989803,-0.497957,-0.0487573,-0.0347532
9.84,4,-0.328408,-0.313437,0.0274756,-0.133506,-0.0149711
9.84,5,0.0226424,0.0195469,0.0508674,0.000217393,0.00309552
9.85,0,0.947205,0.944556,0.0349795,0.00101043,0.00264872
9.85,1,-0.0822678,0.0473125,-0.272249,-4.36646,-0.12958
9.85,2,0.527265,0.571248,0.184444,-1.68839,-0.0439833
9.85,3,0.950085,0.984823,-0.497969,-0.048595,-0.0347376
9.85,4,-0.328221,-0.313162,0.0274611,-0.134202,-0.015059
9.85,5,0.0231511,0.0200556,0.0508674,0.000217175,0.00309548
9.86,0,0.947555,0.944906,0.0349795,0.000993412,0.0026483
9.86,1,-0.0850323,0.0445897,-0.272302,-4.36797,-0.129622
9.86,2,0.52907,0.573093,0.184438,-1.68956,-0.0440227
9.86,3,0.945121,0.979843,-0.49798,-0.0484316,-0.034722
9.86,4,-0.328035,-0.312888,0.0274463,-0.134897,-0.0151468
9.86,5,0.0236597,0.0205643,0.0508674,0.000216955,0.00309543
9.87,0,0.947904,0.945256,0.0349796,0.000976464,0.00264788
9.87,1,-0.0877969,0.0418663,-0.272356,-4.36946,-0.129663
9.87,2,0.530875,0.574937,0.184432,-1.69073,-0.0440621
9.87,3,0.940157,0.974863,-0.497992,-0.0482671,-0.0347062
9.87,4,-0.327848,-0.312613,0.0274311,-0.135591,-0.0152344
9.87,5,0.0241683,0.0210729,0.0508674,0.000216733,0.00309539
9.88,0,0.948253,0.945606,0.0349796,0.000959593,0.00264746
9.88,1,-0.0905614,0.0391425,-0.272409,-4.37093,-0.129704
9.88,2,0.53268,0.576781,0.184426,-1.69189,-0.0441014
9.88,3,0.935193,0.969883,-0.498003,-0.0481014,-0.0346903
9.88,4,-0.327661,-0.312339,0.0274155,-0.136283,-0.0153218
9.88,5,0.024677,0.0215816,0.0508674,0.000216508,0.00309534
9.89,0,0.948603,0.945956,0.0349796,0.000942802,0.00264704
9.89,1,-0.093326,0.0364181,-0.272463,-4.37237,-0.129744
9.89,2,0.534485,0.578626,0.18442,-1.69306,-0.0441406
9.89,3,0.930229,0.964903,-0.498015,-0.0479346,-0.0346744
9.89,4,-0.327474,-0.312065,0.0273996,-0.136973,-0.0154092
9.89,5,0.0251856,0.0220903,0.0508674,0.00021628,0.0030953
9.9,0,0.948952,0.946305,0.0349796,0.000926094,0.00264662
9.9,1,-0.0960905,0.0336932,-0.272517,-4.3738,-0.129784
9.9,2,0.53629,0.58047,0.184414,-1.69422,-0.0441798
9.9,3,0.925265,0.959923,-0.498026,-0.0477667,-0.0346582
9.9,4,-0.327288,-0.311791,0.0273834,-0.137662,-0.0154963
9.9,5,0.0256942,0.022599,0.0508674,0.000216049,0.00309525
9.91,0,0.949301,0.946655,0.0349795,0.00090947,0.0026462
9.91,1,-0.098855,0.0309677,-0.272571,-4.3752,-0.129823
9.91,2,0.538095,0.582314,0.184408,-1.69538,-0.044219
9.91,3,0.920301,0.954943,-0.498038,-0.0475977,-0.034642
9.91,4,-0.327101,-0.311517,0.0273668,-0.13835,-0.0155833
9.91,5,0.0262028,0.0231076,0.0508674,0.000215816,0.00309521
9.92,0,0.949651,0.947005,0.0349795,0.000892931,0.00264578
9.92,1,-0.10162,0.0282417,-0.272625,-4.37658,-0.129861
9.92,2,0.5399,0.584158,0.184401,-1.69654,-0.0442581
9.92,3,0.915337,0.949962,-0.498049,-0.0474276,-0.0346257
9.92,4,-0.326914,-0.311244,0.0273498,-0.139036,-0.0156701
9.92,5,0.0267115,0.0236163,0.0508674,0.000215579,0.00309516
9.93,0,0.95,0.947355,0.0349794,0.000876476,0.00264537
9.93,1,-0.104384,0.0255151,-0.27268,-4.37793,-0.129899
9.93,2,0.541705,0.586002,0.184395,-1.6977,-0.0442971
9.93,3,0.910373,0.944982,-0.49806,-0.0472564,-0.0346092
9.93,4,-0.326727,-0.310971,0.0273326,-0.13972,-0.0157568
9.93,5,0.0272201,0.024125,0.0508675,0.00021534,0.00309512
9.94,0,0.95035,0.947705,0.0349793,0.000860103,0.00264495
9.94,1,-0.107149,0.022788,-0.272734,-4.37927,-0.129937
9.94,2,0.54351,0.587846,0.184388,-1.69886,-0.044336
9.94,3,0.905408,0.940001,-0.498071,-0.0470841,-0.0345927
9.94,4,-0.326541,-0.310697,0.027315,-0.140403,-0.0158433
9.94,5,0.0277287,0.0246337,0.0508675,0.000215098,0.00309507
9.95,0,0.950699,0.948054,0.0349792,0.000843811,0.00264453
9.95,1,-0.109913,0.0200604,-0.272789,-4.38058,-0.129974
9.95,2,0.545315,0.58969,0.184382,-1.70001,-0.0443749
9.95,3,0.900444,0.93502,-0.498082,-0.0469107,-0.034576
9.95,4,-0.326354,-0.310424,0.0272971,-0.141085,-0.0159295
9.95,5,0.0282374,0.0251423,0.0508676,0.000214854,0.00309502
9.96,0,0.951048,0.948404,0.034979,0.000827595,0.00264412
9.96,1,-0.112678,0.0173322,-0.272844,-4.38187,-0.13001
9.96,2,0.54712,0.591534,0.184375,-1.70116,-0.0444137
9.96,3,0.89548,0.930039,-0.498093,-0.0467362,-0.0345592
9.96,4,-0.326167,-0.310151,0.0272788,-0.141765,-0.0160157
9.96,5,0.028746,0.025651,0.0508676,0.000214607,0.00309498
9.97,0,0.951398,0.948754,0.0349789,0.000811453,0.0026437
9.97,1,-0.115442,0.0146035,-0.272898,-4.38314,-0.130046
9.97,2,0.548925,0.593377,0.184369,-1.70231,-0.0444524
9.97,3,0.890516,0.925058,-0.498104,-0.0465607,-0.0345423
9.97,4,-0.32598,-0.309879,0.0272603,-0.142443,-0.0161016
9.97,5,0.0292546,0.0261597,0.0508676,0.000214358,0.00309493
9.98,0,0.951747,0.949104,0.0349788,0.000795381,0.00264329
9.98,1,-0.118207,0.0118742,-0.272953,-4.38438,-0.130081
9.98,2,0.55073,0.595221,0.184362,-1.70346,-0.0444911
9.98,3,0.885552,0.920077,-0.498115,-0.0463841,-0.0345253
9.98,4,-0.325794,-0.309606,0.0272414,-0.143119,-0.0161873
9.98,5,0.0297632,0.0266684,0.0508677,0.000214107,0.00309488
9.99,0,0.952096,0.949454,0.0349786,0.000779373,0.00264288
9.99,1,-0.120971,0.00914436,-0.273008,-4.38561,-0.130116
9.99,2,0.552535,0.597065,0.184356,-1.7046,-0.0445297
9.99,3,0.880588,0.915096,-0.498126,-0.0462065,-0.0345082
9.99,4,-0.325607,-0.309334,0.0272223,-0.143794,-0.0162729
9.99,5,0.0302719,0.027177,0.0508677,0.000213854,0.00309483
10,0,0.952446,0.949803,0.0349785,0.000763424,0.00264247
10,1,-0.123736,0.00641398,-0.273063,-4.38681,-0.13015
10,2,0.55434,0.598908,0.184349,-1.70575,-0.0445683
10,3,0.875624,0.910115,-0.498137,-0.0460278,-0.034491
10,4,-0.32542,-0.309062,0.0272028,-0.144467,-0.0163583
10,5,0.0307805,0.0276857,0.0508677,0.0002136,0.00309478
10.01,0,0.952795,0.950153,0.0349783,0.00074753,0.00264206
10.01,1,-0.1265,0.00368305,-0.273118,-4.38799,-0.130184
10.01,2,0.556145,0.600751,0.184342,-1.70689,-0.0446068
10.01,3,0.87066,0.905133,-0.498148,-0.0458481,-0.0344737
10.01,4,-0.325233,-0.30879,0.0271831,-0.145139,-0.0164434
10.01,5,0.0312891,0.0281944,0.0508678,0.000213345,0.00309474
10.02,0,0.953145,0.950503,0.0349782,0.000731684,0.00264166
10.02,1,-0.129265,0.000951568,-0.273173,-4.38914,-0.130217
10.02,2,0.55795,0.602595,0.184336,-1.70803,-0.0446452
10.02,3,0.865696,0.900152,-0.498159,-0.0456673,-0.0344562
10.02,4,-0.325046,-0.308518,0.027163,-0.145809,-0.0165284
10.02,5,0.0317978,0.0287031,0.0508678,0.000213088,0.00309469
10.03,0,0.953494,0.950853,0.0349781,0.000715882,0.00264125
10.03,1,-0.13203,-0.00178046,-0.273228,-4.39028,-0.130249
10.03,2,0.559755,0.604438,0.184329,-1.70916,-0.0446835
10.03,3,0.860732,0.89517,-0.498169,-0.0454855,-0.0344387
10.03,4,-0.32486,-0.308247,0.0271427,-0.146477,-0.0166132
10.03,5,0.0323064,0.0292117,0.0508678,0.000212831,0.00309464
10.04,0,0.953843,0.951203,0.0349779,0.000700116,0.00264085
10.04,1,-0.134794,-0.00451305,-0.273283,-4.39139,-0.130281
10.04,2,0.56156,0.606281,0.184322,-1.7103,-0.0447218
10.04,3,0.855767,0.890188,-0.49818,-0.0453026,-0.0344211
10.04,4,-0.324673,-0.307975,0.0271221,-0.147143,-0.0166977
10.04,5,0.032815,0.0297204,0.0508679,0.000212574,0.00309459
10.05,0,0.954193,0.951552,0.0349778,0.000684382,0.00264045
10.05,1,-0.137559,-0.00724618,-0.273338,-4.39248,-0.130312
10.05,2,0.563365,0.608125,0.184316,-1.71143,-0.04476
10.05,3,0.850803,0.885207,-0.49819,-0.0451188,-0.0344033
10.05,4,-0.324486,-0.307704,0.0271013,-0.147807,-0.0167821
10.05,5,0.0333236,0.0302291,0.0508679,0.000212316,0.00309454
10.06,0,0.954542,0.951902,0.0349777,0.000668674,0.00264004
10.06,1,-0.140323,-0.00997986,-0.273393,-4.39355,-0.130343
10.06,2,0.56517,0.609968,0.184309,-1.71256,-0.0447982
10.06,3,0.845839,0.880225,-0.498201,-0.0449339,-0.0343854
10.06,4,-0.324299,-0.307433,0.0270801,-0.14847,-0.0168662
10.06,5,0.0338323,0.0307378,0.0508679,0.000212058,0.00309449
10.07,0,0.954891,0.952252,0.0349776,0.000652985,0.00263964
10.07,1,-0.143088,-0.0127141,-0.273448,-4.3946,-0.130374
10.07,2,0.566975,0.611811,0.184303,-1.71369,-0.0448363
10.07,3,0.840875,0.875243,-0.498211,-0.044748,-0.0343675
10.07,4,-0.324113,-0.307163,0.0270587,-0.149131,-0.0169501
10.07,5,0.0343409,0.0312465,0.0508679,0.000211801,0.00309444
10.08,0,0.955241,0.952602,0.0349775,0.000637311,0.00263924
10.08,1,-0.145852,-0.0154489,-0.273503,-4.39563,-0.130403
10.08,2,0.56878,0.613654,0.184296,-1.71482,-0.0448743
10.08,3,0.835911,0.87026,-0.498222,-0.0445611,-0.0343494
10.08,4,-0.323926,-0.306892,0.027037,-0.149789,-0.0170339
10.08,5,0.0348495,0.0317551,0.0508679,0.000211544,0.00309439
10.09,0,0.95559,0.952951,0.0349774,0.000621646,0.00263885
10.09,1,-0.148617,-0.0181842,-0.273558,-4.39663,-0.130433
10.09,2,0.570584,0.615497,0.18429,-1.71595,-0.0449123
10.09,3,0.830947,0.865278,-0.498232,-0.0443732,-0.0343312
10.09,4,-0.323739,-0.306622,0.0270151,-0.150446,-0.0171174
10.09,5,0.0353582,0.0322638,0.050868,0.000211288,0.00309433
10.1,0,0.95594,0.953301,0.0349773,0.000605986,0.00263845
10.1,1,-0.151381,-0.0209201,-0.273613,-4.39761,-0.130461
10.1,2,0.572389,0.61734,0.184284,-1.71707,-0.0449502
10.1,3,0.825983,0.860296,-0.498242,-0.0441843,-0.034313
10.1,4,-0.323552,-0.306352,0.0269929,-0.151101,-0.0172006
10.1,5,0.0358668,0.0327725,0.050868,0.000211032,0.00309428
10.11,0,0.956289,0.953651,0.0349773,0.000590324,0.00263805
10.11,1,-0.154146,-0.0236565,-0.273668,-4.39857,-0.130489
10.11,2,0.574194,0.619182,0.184277,-1.71819,-0.044988
10.11,3,0.821019,0.855313,-0.498252,-0.0439945,-0.0342946
10.11,4,-0.323366,-0.306082,0.0269704,-0.151755,-0.0172837
10.11,5,0.0363754,0.0332812,0.050868,0.000210778,0.00309423
10.12,0,0.956638,0.954001,0.0349772,0.000574657,0.00263766
10.12,1,-0.15691,-0.0263935,-0.273723,-4.39951,-0.130517
10.12,2,0.575999,0.621025,0.184271,-1.71931,-0.0450258
10.12,3,0.816055,0.850331,-0.498263,-0.0438037,-0.0342761
10.12,4,-0.323179,-0.305812,0.0269477,-0.152406,-0.0173665
10.12,5,0.036884,0.0337899,0.050868,0.000210525,0.00309418
10.13,0,0.956988,0.95435,0.0349771,0.000558981,0.00263726
10.13,1,-0.159675,-0.029131,-0.273778,-4.40043,-0.130544
10.13,2,0.577804,0.622868,0.184265,-1.72043,-0.0450635
10.13,3,0.81109,0.845348,-0.498273,-0.0436118,-0.0342575
10.13,4,-0.322992,-0.305543,0.0269247,-0.153055,-0.0174491
10.13,5,0.0373927,0.0342985,0.0508679,0.000210274,0.00309413
10.14,0,0.957337,0.9547,0.0349771,0.000543292,0.00263687
10.14,1,-0.16244,-0.0318691,-0.273832,-4.40132,-0.13057
10.14,2,0.579609,0.62471,0.184259,-1.72155,-0.0451011
10.14,3,0.806126,0.840365,-0.498283,-0.0434191,-0.0342389
10.14,4,-0.322805,-0.305274,0.0269014,-0.153702,-0.0175315
10.14,5,0.0379013,0.0348072,0.0508679,0.000210024,0.00309408
10.15,0,0.957686,0.95505,0.0349771,0.000527586,0.00263647
10.15,1,-0.165204,-0.0346077,-0.273887,-4.40219,-0.130596
10.15,2,0.581414,0.626553,0.184252,-1.72267,-0.0451387
10.15,3,0.801162,0.835382,-0.498293,-0.0432253,-0.0342201
10.15,4,-0.322619,-0.305005,0.0268779,-0.154348,-0.0176136
10.15,5,0.0384099,0.0353159,0.0508679,0.000209776,0.00309403
10.16,0,0.958036,0.9554,0.0349771,0.000511859,0.00263608
10.16,1,-0.167969,-0.0373469,-0.273942,-4.40304,-0.130622
10.16,2,0.583219,0.628395,0.184246,-1.72378,-0.0451762
10.16,3,0.796198,0.830399,-0.498302,-0.0430307,-0.0342012
10.16,4,-0.322432,-0.304736,0.0268541,-0.154991,-0.0176955
10.16,5,0.0389186,0.0358246,0.0508679,0.00020953,0.00309398
10.17,0,0.958385,0.95575,0.0349771,0.000496111,0.00263568
10.17,1,-0.170733,-0.0400866,-0.273997,-4.40387,-0.130647
10.17,2,0.585024,0.630238,0.18424,-1.72489,-0.0452137
10.17,3,0.791234,0.825416,-0.498312,-0.042835,-0.0341822
10.17,4,-0.322245,-0.304468,0.02683,-0.155632,-0.0177771
10.17,5,0.0394272,0.0363333,0.0508679,0.000209286,0.00309393
10.18,0,0.958735,0.956099,0.0349771,0.000480337,0.00263529
10.18,1,-0.173498,-0.0428269,-0.274052,-4.40468,-0.130671
10.18,2,0.586829,0.63208,0.184234,-1.726,-0.0452511
10.18,3,0.78627,0.820433,-0.498322,-0.0426385,-0.0341632
10.18,4,-0.322058,-0.3042,0.0268057,-0.156271,-0.0178586
10.18,5,0.0399358,0.0368419,0.0508679,0.000209044,0.00309388
10.19,0,0.959084,0.956449,0.0349771,0.000464536,0.00263489
10.19,1,-0.176262,-0.0455677,-0.274106,-4.40546,-0.130695
10.19,2,0.588634,0.633923,0.184228,-1.72711,-0.0452884
10.19,3,0.781306,0.81545,-0.498332,-0.042441,-0.034144
10.19,4,-0.321872,-0.303932,0.0267811,-0.156908,-0.0179397
10.19,5,0.0404444,0.0373506,0.0508678,0.000208804,0.00309383
10.2,0,0.959433,0.956799,0.0349771,0.000448707,0.0026345
10.2,1,-0.179027,-0.0483091,-0.274161,-4.40622,-0.130718
10.2,2,0.590439,0.635765,0.184222,-1.72821,-0.0453257
10.2,3,0.776342,0.810466,-0.498341,-0.0422425,-0.0341247
10.2,4,-0.321685,-0.303664,0.0267563,-0.157543,-0.0180206
10.2,5,0.0409531,0.0378593,0.0508678,0.000208566,0.00309378
10.21,0,0.959783,0.957149,0.0349771,0.000432848,0.0026341
10.21,1,-0.181791,-0.051051,-0.274216,-4.40696,-0.13074
10.21,2,0.592244,0.637607,0.184216,-1.72932,-0.0453629
10.21,3,0.771378,0.805483,-0.498351,-0.0420432,-0.0341054
10.21,4,-0.321498,-0.303397,0.0267311,-0.158176,-0.0181013
10.21,5,0.0414617,0.038368,0.0508678,0.00020833,0.00309373
10.22,0,0.960132,0.957498,0.0349771,0.000416958,0.00263371
10.22,1,-0.184556,-0.0537935,-0.274271,-4.40768,-0.130762
10.22,2,0.594049,0.639449,0.18421,-1.73042,-0.0454
10.22,3,0.766414,0.800499,-0.49836,-0.0418429,-0.0340859
10.22,4,-0.321311,-0.30313,0.0267058,-0.158807,-0.0181817
10.22,5,0.0419703,0.0388766,0.0508677,0.000208097,0.00309368
10.23,0,0.960482,0.957848,0.0349772,0.000401038,0.00263331
10.23,1,-0.18732,-0.0565365,-0.274325,-4.40838,-0.130784
10.23,2,0.595854,0.641291,0.184204,-1.73152,-0.0454371
10.23,3,0.761449,0.795516,-0.49837,-0.0416417,-0.0340664
10.23,4,-0.321125,-0.302863,0.0266801,-0.159435,-0.0182619
10.23,5,0.042479,0.0393853,0.0508677,0.000207866,0.00309363
10.24,0,0.960831,0.958198,0.0349772,0.000385085,0.00263292
10.24,1,-0.190085,-0.05928,-0.27438,-4.40906,-0.130805
10.24,2,0.597659,0.643133,0.184198,-1.73262,-0.0454742
10.24,3,0.756485,0.790532,-0.498379,-0.0414396,-0.0340467
10.24,4,-0.320938,-0.302596,0.0266541,-0.160062,-0.0183418
10.24,5,0.0429876,0.039894,0.0508677,0.000207637,0.00309359
10.25,0,0.96118,0.958548,0.0349772,0.000369102,0.00263252
10.25,1,-0.192849,-0.0620241,-0.274435,-4.40971,-0.130825
10.25,2,0.599464,0.644975,0.184192,-1.73372,-0.0455111
10.25,3,0.751521,0.785548,-0.498389,-0.0412366,-0.034027
10.25,4,-0.320751,-0.30233,0.0266279,-0.160686,-0.0184214
10.25,5,0.0434962,0.0404027,0.0508676,0.00020741,0.00309354
10.26,0,0.96153,0.958898,0.0349773,0.000353088,0.00263212
10.26,1,-0.195614,-0.0647688,-0.27449,-4.41034,-0.130845
10.26,2,0.601269,0.646817,0.184186,-1.73481,-0.0455481
10.26,3,0.746557,0.780564,-0.498398,-0.0410328,-0.0340071
10.26,4,-0.320564,-0.302064,0.0266014,-0.161307,-0.0185008
10.26,5,0.0440048,0.0409114,0.0508676,0.000207186,0.00309349
10.27,0,0.961879,0.959247,0.0349774,0.000337044,0.00263173
10.27,1,-0.198379,-0.067514,-0.274545,-4.41095,-0.130865
10.27,2,0.603074,0.648659,0.18418,-1.73591,-0.0455849
10.27,3,0.741593,0.77558,-0.498407,-0.040828,-0.0339872
10.27,4,-0.320378,-0.301798,0.0265747,-0.161927,-0.0185799
10.27,5,0.0445135,0.04142,0.0508675,0.000206963,0.00309345
10.28,0,0.962228,0.959597,0.0349774,0.000320971,0.00263133
10.28,1,-0.201143,-0.0702597,-0.274599,-4.41154,-0.130883
10.28,2,0.604879,0.650501,0.184174,-1.737,-0.0456217
10.28,3,0.736629,0.770596,-0.498416,-0.0406224,-0.0339672
10.28,4,-0.320191,-0.301532,0.0265476,-0.162544,-0.0186588
10.28,5,0.0450221,0.0419287,0.0508675,0.000206743,0.0030934
10.29,0,0.962578,0.959947,0.0349775,0.00030487,0.00263093
10.29,1,-0.203908,-0.073006,-0.274654,-4.4121,-0.130902
10.29,2,0.606684,0.652342,0.184168,-1.73809,-0.0456584
10.29,3,0.731665,0.765612,-0.498425,-0.0404159,-0.0339471
10.29,4,-0.320004,-0.301267,0.0265203,-0.163159,-0.0187374
10.29,5,0.0455307,0.0424374,0.0508675,0.000206525,0.00309335
10.3,0,0.962927,0.960297,0.0349775,0.000288742,0.00263053
10.3,1,-0.206672,-0.0757529,-0.274709,-4.41265,-0.130919
10.3,2,0.608489,0.654184,0.184162,-1.73918,-0.0456951
10.3,3,0.726701,0.760628,-0.498434,-0.0402085,-0.0339269
10.3,4,-0.319817,-0.301002,0.0264927,-0.163772,-0.0188157
10.3,5,0.0460394,0.042946,0.0508674,0.000206309,0.00309331
10.31,0,0.963277,0.960646,0.0349776,0.00027259,0.00263013
10.31,1,-0.209437,-0.0785002,-0.274764,-4.41317,-0.130936
10.31,2,0.610294,0.656026,0.184156,-1.74026,-0.0457317
10.31,3,0.721737,0.755643,-0.498443,-0.0400002,-0.0339066
10.31,4,-0.319631,-0.300737,0.0264648,-0.164382,-0.0188937
10.31,5,0.046548,0.0434547,0.0508674,0.000206095,0.00309326
10.32,0,0.963626,0.960996,0.0349776,0.000256414,0.00262973
10.32,1,-0.212201,-0.0812482,-0.274819,-4.41367,-0.130953
10.32,2,0.612099,0.657867,0.18415,-1.74135,-0.0457683
10.32,3,0.716772,0.750659,-0.498452,-0.0397912,-0.0338862
10.32,4,-0.319444,-0.300472,0.0264366,-0.16499,-0.0189714
10.32,5,0.0470566,0.0439634,0.0508673,0.000205883,0.00309322
10.33,0,0.963975,0.961346,0.0349777,0.000240218,0.00262933
10.33,1,-0.214966,-0.0839967,-0.274874,-4.41414,-0.130969
10.33,2,0.613904,0.659709,0.184144,-1.74243,-0.0458048
10.33,3,0.711808,0.745674,-0.498461,-0.0395812,-0.0338658
10.33,4,-0.319257,-0.300208,0.0264081,-0.165595,-0.0190489
10.33,5,0.0475652,0.0444721,0.0508673,0.000205673,0.00309317
10.34,0,0.964325,0.961696,0.0349778,0.000224002,0.00262893
10.34,1,-0.21773,-0.0867457,-0.274929,-4.4146,-0.130985
10.34,2,0.615709,0.66155,0.184138,-1.74351,-0.0458412
10.34,3,0.706844,0.74069,-0.49847,-0.0393704,-0.0338452
10.34,4,-0.31907,-0.299944,0.0263794,-0.166198,-0.019126
10.34,5,0.0480739,0.0449807,0.0508673,0.000205465,0.00309313
10.35,0,0.964674,0.962045,0.0349778,0.00020777,0.00262853
10.35,1,-0.220495,-0.0894953,-0.274984,-4.41503,-0.131
10.35,2,0.617514,0.663391,0.184132,-1.74459,-0.0458776
10.35,3,0.70188,0.735705,-0.498478,-0.0391588,-0.0338246
10.35,4,-0.318884,-0.299681,0.0263503,-0.166799,-0.0192029
10.35,5,0.0485825,0.0454894,0.0508672,0.000205258,0.00309308
10.36,0,0.965023,0.962395,0.0349779,0.000191522,0.00262813
10.36,1,-0.223259,-0.0922454,-0.275039,-4.41544,-0.131014
10.36,2,0.619319,0.665233,0.184126,-1.74567,-0.0459139
10.36,3,0.696916,0.73072,-0.498487,-0.0389464,-0.0338039
10.36,4,-0.318697,-0.299417,0.026321,-0.167397,-0.0192795
10.36,5,0.0490911,0.0459981,0.0508672,0.000205053,0.00309304
10.37,0,0.965373,0.962745,0.0349779,0.000175262,0.00262772
10.37,1,-0.226024,-0.0949961,-0.275094,-4.41583,-0.131028
10.37,2,0.621124,0.667074,0.18412,-1.74674,-0.0459502
10.37,3,0.691952,0.725735,-0.498495,-0.0387331,-0.033783
10.37,4,-0.31851,-0.299154,0.0262914,-0.167992,-0.0193558
10.37,5,0.0495998,0.0465068,0.0508671,0.00020485,0.003093
10.38,0,0.965722,0.963095,0.034978,0.000158992,0.00262732
10.38,1,-0.228789,-0.0977474,-0.275149,-4.4162,-0.131041
10.38,2,0.622929,0.668915,0.184114,-1.74782,-0.0459864
10.38,3,0.686988,0.72075,-0.498504,-0.038519,-0.0337621
10.38,4,-0.318323,-0.298892,0.0262615,-0.168585,-0.0194318
10.38,5,0.0501084,0.0470154,0.0508671,0.000204649,0.00309296
10.39,0,0.966072,0.963445,0.034978,0.000142715,0.00262692
10.39,1,-0.231553,-0.100499,-0.275204,-4.41654,-0.131054
10.39,2,0.624734,0.670756,0.184108,-1.74889,-0.0460225
10.39,3,0.682024,0.715765,-0.498512,-0.0383041,-0.0337412
10.39,4,-0.318137,-0.298629,0.0262313,-0.169176,-0.0195075
10.39,5,0.050617,0.0475241,0.0508671,0.000204449,0.00309291
10.4,0,0.966421,0.963794,0.034978,0.000126431,0.00262651
10.4,1,-0.234318,-0.103252,-0.275259,-4.41687,-0.131066
10.4,2,0.626539,0.672597,0.184101,-1.74996,-0.0460586
10.4,3,0.67706,0.71078,-0.498521,-0.0380884,-0.0337201
10.4,4,-0.31795,-0.298367,0.0262008,-0.169763,-0.0195829
10.4,5,0.0511256,0.0480328,0.050867,0.00020425,0.00309287
10.41,0,0.96677,0.964144,0.0349781,0.000110144,0.00262611
10.41,1,-0.237082,-0.106004,-0.275314,-4.41717,-0.131078
10.41,2,0.628344,0.674438,0.184095,-1.75103,-0.0460946
10.41,3,0.672096,0.705794,-0.498529,-0.037872,-0.0336989
10.41,4,-0.317763,-0.298105,0.02617,-0.170349,-0.019658
10.41,5,0.0516343,0.0485414,0.050867,0.000204053,0.00309283
10.42,0,0.96712,0.964494,0.0349781,9.38568e-05,0.0026257
10.42,1,-0.239847,-0.108758,-0.27537,-4.41744,-0.131089
10.42,2,0.630148,0.676279,0.184089,-1.75209,-0.0461305
10.42,3,0.667131,0.700809,-0.498537,-0.0376547,-0.0336777
10.42,4,-0.317576,-0.297844,0.026139,-0.170931,-0.0197327
10.42,5,0.0521429,0.0490501,0.050867,0.000203858,0.00309279
10.43,0,0.967469,0.964844,0.0349781,7.75704e-05,0.0026253
10.43,1,-0.242611,-0.111512,-0.275425,-4.4177,-0.131099
10.43,2,0.631953,0.67812,0.184083,-1.75316,-0.0461664
10.43,3,0.662167,0.695824,-0.498546,-0.0374366,-0.0336564
10.43,4,-0.31739,-0.297582,0.0261076,-0.171511,-0.0198072
10.43,5,0.0526515,0.0495588,0.0508669,0.000203664,0.00309275
10.44,0,0.967818,0.965194,0.0349782,6.12873e-05,0.00262489
10.44,1,-0.245376,-0.114266,-0.27548,-4.41793,-0.131109
10.44,2,0.633758,0.679961,0.184077,-1.75422,-0.0462022
10.44,3,0.657203,0.690838,-0.498554,-0.0372178,-0.033635
10.44,4,-0.317203,-0.297321,0.026076,-0.172089,-0.0198814
10.44,5,0.0531602,0.0500675,0.0508669,0.000203471,0.00309271
10.45,0,0.968168,0.965543,0.0349782,4.50096e-05,0.00262449
10.45,1,-0.24814,-0.117022,-0.275536,-4.41814,-0.131119
10.45,2,0.635563,0.681801,0.184071,-1.75528,-0.046238
10.45,3,0.652239,0.685853,-0.498562,-0.0369982,-0.0336135
10.45,4,-0.317016,-0.297061,0.0260441,-0.172664,-0.0199552
10.45,5,0.0536688,0.0505761,0.0508669,0.000203279,0.00309267
10.46,0,0.968517,0.965893,0.0349782,2.87394e-05,0.00262408
10.46,1,-0.250905,-0.119777,-0.275591,-4.41833,-0.131128
10.46,2,0.637368,0.683642,0.184064,-1.75634,-0.0462737
10.46,3,0.647275,0.680867,-0.49857,-0.0367778,-0.033592
10.46,4,-0.316829,-0.296801,0.0260118,-0.173235,-0.0200287
10.46,5,0.0541774,0.0510848,0.0508668,0.000203089,0.00309263
10.47,0,0.968867,0.966243,0.0349782,1.24785e-05,0.00262368
10.47,1,-0.253669,-0.122533,-0.275647,-4.4185,-0.131136
10.47,2,0.639173,0.685483,0.184058,-1.7574,-0.0463093
10.47,3,0.642311,0.675881,-0.498578,-0.0365567,-0.0335703
10.47,4,-0.316643,-0.296541,0.0259793,-0.173805,-0.0201019
10.47,5,0.054686,0.0515935,0.0508668,0.0002029,0.00309259
10.48,0,0.969216,0.966593,0.0349782,-3.77131e-06,0.00262327
10.48,1,-0.256434,-0.12529,-0.275702,-4.41864,-0.131144
10.48,2,0.640978,0.687323,0.184052,-1.75845,-0.0463449
10.48,3,0.637347,0.670895,-0.498586,-0.0363348,-0.0335486
10.48,4,-0.316456,-0.296281,0.0259465,-0.174371,-0.0201747
10.48,5,0.0551947,0.0521021,0.0508668,0.000202712,0.00309255
10.49,0,0.969565,0.966942,0.0349782,-2.00083e-05,0.00262287
10.49,1,-0.259198,-0.128047,-0.275758,-4.41877,-0.131151
10.49,2,0.642783,0.689164,0.184046,-1.7595,-0.0463804
10.49,3,0.632383,0.66591,-0.498593,-0.0361121,-0.0335268
10.49,4,-0.316269,-0.296022,0.0259135,-0.174935,-0.0202473
10.49,5,0.0557033,0.0526108,0.0508668,0.000202526,0.00309251
10.5,0,0.969915,0.967292,0.0349782,-3.62309e-05,0.00262246
10.5,1,-0.261963,-0.130805,-0.275813,-4.41887,-0.131158
10.5,2,0.644588,0.691004,0.184039,-1.76055,-0.0464159
10.5,3,0.627419,0.660924,-0.498601,-0.0358888,-0.0335049
10.5,4,-0.316082,-0.295763,0.0258801,-0.175496,-0.0203195
10.5,5,0.0562119,0.0531195,0.0508667,0.00020234,0.00309247
10.51,0,0.970264,0.967642,0.0349782,-5.24377e-05,0.00262205
10.51,1,-0.264728,-0.133564,-0.275869,-4.41894,-0.131164
10.51,2,0.646393,0.692844,0.184033,-1.7616,-0.0464513
10.51,3,0.622455,0.655938,-0.498609,-0.0356647,-0.033483
10.51,4,-0.315896,-0.295504,0.0258465,-0.176054,-0.0203913
10.51,5,0.0567206,0.0536281,0.0508667,0.000202156,0.00309243
10.52,0,0.970613,0.967992,0.0349782,-6.86274e-05,0.00262165
10.52,1,-0.267492,-0.136323,-0.275924,-4.419,-0.131169
10.52,2,0.648198,0.694685,0.184027,-1.76265,-0.0464866
10.52,3,0.61749,0.650951,-0.498616,-0.0354399,-0.033461
10.52,4,-0.315709,-0.295246,0.0258126,-0.176609,-0.0204629
10.52,5,0.0572292,0.0541368,0.0508667,0.000201973,0.0030924
10.53,0,0.970963,0.968342,0.0349782,-8.47985e-05,0.00262124
10.53,1,-0.270257,-0.139082,-0.27598,-4.41903,-0.131174
10.53,2,0.650003,0.696525,0.18402,-1.7637,-0.0465218
10.53,3,0.612526,0.645965,-0.498624,-0.0352143,-0.0334389
10.53,4,-0.315522,-0.294988,0.0257784,-0.177161,-0.020534
10.53,5,0.0577378,0.0546455,0.0508667,0.000201791,0.00309236
10.54,0,0.971312,0.968691,0.0349781,-0.00010095,0.00262084
10.54,1,-0.273021,-0.141842,-0.276036,-4.41904,-0.131179
10.54,2,0.651808,0.698365,0.184014,-1.76474,-0.046557
10.54,3,0.607562,0.640979,-0.498631,-0.0349881,-0.0334167
10.54,4,-0.315335,-0.29473,0.0257439,-0.177711,-0.0206049
10.54,5,0.0582464,0.0551541,0.0508666,0.00020161,0.00309232
10.55,0,0.971662,0.969041,0.0349781,-0.000117081,0.00262043
10.55,1,-0.275786,-0.144603,-0.276091,-4.41903,-0.131183
10.55,2,0.653613,0.700205,0.184008,-1.76578,-0.0465922
10.55,3,0.602598,0.635993,-0.498639,-0.0347611,-0.0333944
10.55,4,-0.315149,-0.294473,0.0257091,-0.178258,-0.0206754
10.55,5,0.0587551,0.0556628,0.0508666,0.000201431,0.00309228
10.56,0,0.972011,0.969391,0.0349781,-0.000133191,0.00262003
10.56,1,-0.27855,-0.147364,-0.276147,-4.419,-0.131186
10.56,2,0.655418,0.702045,0.184001,-1.76682,-0.0466273
10.56,3,0.597634,0.631006,-0.498646,-0.0345335,-0.0333721
10.56,4,-0.314962,-0.294216,0.0256741,-0.178801,-0.0207455
10.56,5,0.0592637,0.0561715,0.0508666,0.000201252,0.00309225
10.57,0,0.97236,0.969741,0.0349781,-0.000149278,0.00261962
10.57,1,-0.281315,-0.150126,-0.276203,-4.41894,-0.131189
10.57,2,0.657223,0.703885,0.183995,-1.76786,-0.0466623
10.57,3,0.59267,0.62602,-0.498653,-0.0343052,-0.0333497
10.57,4,-0.314775,-0.29396,0.0256388,-0.179342,-0.0208153
10.57,5,0.0597723,0.0566801,0.0508666,0.000201075,0.00309221
10.58,0,0.97271,0.97009,0.034978,-0.000165343,0.00261922
10.58,1,-0.284079,-0.152888,-0.276259,-4.41886,-0.131191
10.58,2,0.659028,0.705725,0.183989,-1.76889,-0.0466972
10.58,3,0.587706,0.621033,-0.498661,-0.0340761,-0.0333273
10.58,4,-0.314588,-0.293704,0.0256032,-0.17988,-0.0208847
10.58,5,0.060281,0.0571888,0.0508665,0.000200899,0.00309217
10.59,0,0.973059,0.97044,0.034978,-0.000181384,0.00261881
10.59,1,-0.286844,-0.155651,-0.276314,-4.41876,-0.131193
10.59,2,0.660833,0.707565,0.183982,-1.76993,-0.0467321
10.59,3,0.582742,0.616046,-0.498668,-0.0338464,-0.0333047
10.59,4,-0.314402,-0.293448,0.0255673,-0.180414,-0.0209538
10.59,5,0.0607896,0.0576975,0.0508665,0.000200725,0.00309214
10.6,0,0.973408,0.97079,0.0349779,-0.000197401,0.00261841
10.6,1,-0.289608,-0.158415,-0.27637,-4.41864,-0.131194
10.6,2,0.662638,0.709405,0.183976,-1.77096,-0.0467669
10.6,3,0.577778,0.61106,-0.498675,-0.0336161,-0.0332821
10.6,4,-0.314215,-0.293192,0.0255312,-0.180946,-0.0210226
10.6,5,0.0612982,0.0582061,0.0508665,0.000200551,0.0030921
10.61,0,0.973758,0.97114,0.0349779,-0.000213394,0.00261801
10.61,1,-0.292373,-0.161179,-0.276426,-4.41849,-0.131194
10.61,2,0.664443,0.711245,0.18397,-1.77199,-0.0468017
10.61,3,0.572813,0.606073,-0.498682,-0.0333851,-0.0332594
10.61,4,-0.314028,-0.292937,0.0254948,-0.181475,-0.0210909
10.61,5,0.0618068,0.0587148,0.0508665,0.000200379,0.00309206
10.62,0,0.974107,0.97149,0.0349779,-0.000229362,0.0026176
10.62,1,-0.295138,-0.163943,-0.276482,-4.41832,-0.131194
10.62,2,0.666248,0.713084,0.183963,-1.77302,-0.0468364
10.62,3,0.567849,0.601086,-0.498689,-0.0331534,-0.0332367
10.62,4,-0.313841,-0.292682,0.0254582,-0.182,-0.0211589
10.62,5,0.0623155,0.0592234,0.0508664,0.000200208,0.00309203
10.63,0,0.974457,0.971839,0.0349778,-0.000245305,0.0026172
10.63,1,-0.297902,-0.166708,-0.276538,-4.41813,-0.131194
10.63,2,0.668053,0.714924,0.183957,-1.77404,-0.046871
10.63,3,0.562885,0.596099,-0.498696,-0.032921,-0.0332138
10.63,4,-0.313655,-0.292428,0.0254212,-0.182523,-0.0212265
10.63,5,0.0628241,0.0597321,0.0508664,0.000200038,0.00309199
10.64,0,0.974806,0.972189,0.0349778,-0.000261223,0.0026168
10.64,1,-0.300667,-0.169474,-0.276593,-4.41792,-0.131192
10.64,2,0.669858,0.716763,0.18395,-1.77507,-0.0469055
10.64,3,0.557921,0.591112,-0.498702,-0.032688,-0.033191
10.64,4,-0.313468,-0.292174,0.025384,-0.183042,-0.0212938
10.64,5,0.0633327,0.0602408,0.0508664,0.000199869,0.00309196
10.65,0,0.975155,0.972539,0.0349777,-0.000277116,0.0026164
10.65,1,-0.303431,-0.17224,-0.276649,-4.41768,-0.131191
10.65,2,0.671663,0.718603,0.183944,-1.77609,-0.04694
10.65,3,0.552957,0.586125,-0.498709,-0.0324544,-0.033168
10.65,4,-0.313281,-0.29192,0.0253466,-0.183559,-0.0213607
10.65,5,0.0638414,0.0607494,0.0508664,0.000199702,0.00309192
10.66,0,0.975505,0.972889,0.0349777,-0.000292984,0.002616
10.66,1,-0.306196,-0.175007,-0.276705,-4.41742,-0.131188
10.66,2,0.673468,0.720442,0.183938,-1.77711,-0.0469745
10.66,3,0.547993,0.581138,-0.498716,-0.0322202,-0.033145
10.66,4,-0.313094,-0.291667,0.0253088,-0.184072,-0.0214272
10.66,5,0.06435,0.0612581,0.0508663,0.000199536,0.00309189
10.67,0,0.975854,0.973238,0.0349776,-0.000308827,0.0026156
10.67,1,-0.30896,-0.177775,-0.276761,-4.41714,-0.131186
10.67,2,0.675273,0.722282,0.183931,-1.77813,-0.0470088
10.67,3,0.543029,0.576151,-0.498722,-0.0319853,-0.0331219
10.67,4,-0.312907,-0.291414,0.0252709,-0.184582,-0.0214933
10.67,5,0.0648586,0.0617668,0.0508663,0.000199372,0.00309185
10.68,0,0.976203,0.973588,0.0349775,-0.000324644,0.0026152
10.68,1,-0.311725,-0.180542,-0.276817,-4.41684,-0.131182
10.68,2,0.677078,0.724121,0.183925,-1.77914,-0.0470431
10.68,3,0.538065,0.571163,-0.498729,-0.0317498,-0.0330987
10.68,4,-0.312721,-0.291162,0.0252326,-0.185089,-0.021559
10.68,5,0.0653672,0.0622754,0.0508663,0.000199209,0.00309182
10.69,0,0.976553,0.973938,0.0349775,-0.000340436,0.0026148
10.69,1,-0.314489,-0.183311,-0.276873,-4.41652,-0.131178
10.69,2,0.678883,0.72596,0.183918,-1.78016,-0.0470774
10.69,3,0.533101,0.566176,-0.498735,-0.0315137,-0.0330755
10.69,4,-0.312534,-0.29091,0.0251941,-0.185592,-0.0216244
10.69,5,0.0658759,0.0627841,0.0508663,0.000199047,0.00309178
10.7,0,0.976902,0.974288,0.0349774,-0.000356203,0.0026144
10.7,1,-0.317254,-0.18608,-0.276929,-4.41617,-0.131174
10.7,2,0.680688,0.727799,0.183912,-1.78117,-0.0471116
10.7,3,0.528137,0.561189,-0.498742,-0.031277,-0.0330522
10.7,4,-0.312347,-0.290658,0.0251553,-0.186093,-0.0216894
10.7,5,0.0663845,0.0632928,0.0508662,0.000198886,0.00309175
10.71,0,0.977252,0.974638,0.0349774,-0.000371945,0.002614
10.71,1,-0.320018,-0.18885,-0.276985,-4.4158,-0.131169
10.71,2,0.682493,0.729638,0.183906,-1.78218,-0.0471457
10.71,3,0.523172,0.556201,-0.498748,-0.0310397,-0.0330289
10.71,4,-0.31216,-0.290407,0.0251163,-0.18659,-0.021754
10.71,5,0.0668931,0.0638014,0.0508662,0.000198727,0.00309172
10.72,0,0.977601,0.974987,0.0349773,-0.000387662,0.00261361
10.72,1,-0.322783,-0.19162,-0.277041,-4.41541,-0.131163
10.72,2,0.684298,0.731477,0.183899,-1.78319,-0.0471797
10.72,3,0.518208,0.551214,-0.498754,-0.0308018,-0.0330055
10.72,4,-0.311974,-0.290156,0.025077,-0.187084,-0.0218181
10.72,5,0.0674018,0.0643101,0.0508662,0.00019857,0.00309168
10.73,0,0.97795,0.975337,0.0349773,-0.000403355,0.00261321
10.73,1,-0.325547,-0.19439,-0.277096,-4.41499,-0.131157
10.73,2,0.686103,0.733316,0.183893,-1.7842,-0.0472137
10.73,3,0.513244,0.546226,-0.498761,-0.0305634,-0.032982
10.73,4,-0.311787,-0.289905,0.0250375,-0.187574,-0.0218819
10.73,5,0.0679104,0.0648187,0.0508661,0.000198413,0.00309165
10.74,0,0.9783,0.975687,0.0349772,-0.000419023,0.00261281
10.74,1,-0.328312,-0.197162,-0.277152,-4.41455,-0.13115
10.74,2,0.687908,0.735155,0.183886,-1.7852,-0.0472476
10.74,3,0.50828,0.541239,-0.498767,-0.0303243,-0.0329584
10.74,4,-0.3116,-0.289655,0.0249977,-0.188062,-0.0219453
10.74,5,0.068419,0.0653274,0.0508661,0.000198259,0.00309162
10.75,0,0.978649,0.976037,0.0349771,-0.000434667,0.00261242
10.75,1,-0.331077,-0.199934,-0.277208,-4.4141,-0.131143
10.75,2,0.689713,0.736994,0.18388,-1.78621,-0.0472815
10.75,3,0.503316,0.536251,-0.498773,-0.0300847,-0.0329348
10.75,4,-0.311413,-0.289405,0.0249576,-0.188546,-0.0220084
10.75,5,0.0689276,0.0658361,0.0508661,0.000198106,0.00309159
10.76,0,0.978998,0.976386,0.0349771,-0.000450286,0.00261202
10.76,1,-0.333841,-0.202706,-0.277264,-4.41361,-0.131135
10.76,2,0.691517,0.738833,0.183874,-1.78721,-0.0473153
10.76,3,0.498352,0.531263,-0.498779,-0.0298445,-0.0329112
10.76,4,-0.311227,-0.289156,0.0249173,-0.189026,-0.022071
10.76,5,0.0694363,0.0663447,0.0508661,0.000197954,0.00309155
10.77,0,0.979348,0.976736,0.034977,-0.000465882,0.00261163
10.77,1,-0.336606,-0.205479,-0.27732,-4.41311,-0.131127
10.77,2,0.693322,0.740671,0.183867,-1.78821,-0.047349
10.77,3,0.493388,0.526275,-0.498785,-0.0296038,-0.0328875
10.77,4,-0.31104,-0.288907,0.0248768,-0.189504,-0.0221331
10.77,5,0.0699449,0.0668534,0.050866,0.000197804,0.00309152
10.78,0,0.979697,0.977086,0.034977,-0.000481453,0.00261124
10.78,1,-0.33937,-0.208252,-0.277376,-4.41258,-0.131118
10.78,2,0.695127,0.74251,0.183861,-1.7892,-0.0473827
10.78,3,0.488424,0.521287,-0.498791,-0.0293625,-0.0328637
10.78,4,-0.310853,-0.288658,0.024836,-0.189977,-0.0221949
10.78,5,0.0704535,0.067362,0.050866,0.000197655,0.00309149
10.79,0,0.980047,0.977436,0.0349769,-0.000497,0.00261084
10.79,1,-0.342135,-0.211026,-0.277432,-4.41203,-0.131108
10.79,2,0.696932,0.744349,0.183855,-1.7902,-0.0474163
10.79,3,0.48346,0.516299,-0.498796,-0.0291207,-0.0328399
10.79,4,-0.310666,-0.28841,0.0247949,-0.190448,-0.0222563
10.79,5,0.0709622,0.0678707,0.050866,0.000197508,0.00309146
10.8,0,0.980396,0.977785,0.0349768,-0.000512523,0.00261045
10.8,1,-0.344899,-0.213801,-0.277488,-4.41146,-0.131098
10.8,2,0.698737,0.746187,0.183848,-1.79119,-0.0474498
10.8,3,0.478496,0.511311,-0.498802,-0.0288784,-0.032816
10.8,4,-0.31048,-0.288162,0.0247536,-0.190915,-0.0223173
10.8,5,0.0714708,0.0683794,0.050866,0.000197362,0.00309143
10.81,0,0.980745,0.978135,0.0349768,-0.000528022,0.00261006
10.81,1,-0.347664,-0.216576,-0.277544,-4.41087,-0.131088
10.81,2,0.700542,0.748026,0.183842,-1.79218,-0.0474833
10.81,3,0.473531,0.506323,-0.498808,-0.0286355,-0.032792
10.81,4,-0.310293,-0.287915,0.024712,-0.191379,-0.0223778
10.81,5,0.0719794,0.068888,0.0508659,0.000197218,0.0030914
10.82,0,0.981095,0.978485,0.0349767,-0.000543498,0.00260967
10.82,1,-0.350428,-0.219352,-0.2776,-4.41025,-0.131076
10.82,2,0.702347,0.749864,0.183835,-1.79317,-0.0475167
10.82,3,0.468567,0.501335,-0.498813,-0.0283921,-0.032768
10.82,4,-0.310106,-0.287668,0.0246702,-0.191839,-0.022438
10.82,5,0.0724881,0.0693967,0.0508659,0.000197075,0.00309137
10.83,0,0.981444,0.978835,0.0349767,-0.000558949,0.00260928
10.83,1,-0.353193,-0.222128,-0.277656,-4.40961,-0.131065
10.83,2,0.704152,0.751702,0.183829,-1.79416,-0.0475501
10.83,3,0.463603,0.496347,-0.498819,-0.0281481,-0.032744
10.83,4,-0.309919,-0.287422,0.0246282,-0.192296,-0.0224977
10.83,5,0.0729967,0.0699053,0.0508659,0.000196934,0.00309134
10.84,0,0.981793,0.979185,0.0349766,-0.000574376,0.00260889
10.84,1,-0.355957,-0.224905,-0.277712,-4.40895,-0.131052
10.84,2,0.705957,0.753541,0.183823,-1.79515,-0.0475834
10.84,3,0.458639,0.491359,-0.498824,-0.0279037,-0.0327198
10.84,4,-0.309733,-0.287176,0.0245859,-0.192749,-0.022557
10.84,5,0.0735053,0.070414,0.0508658,0.000196794,0.00309131
10.85,0,0.982143,0.979534,0.0349765,-0.00058978,0.0026085
10.85,1,-0.358722,-0.227683,-0.277768,-4.40827,-0.131039
10.85,2,0.707762,0.755379,0.183816,-1.79613,-0.0476166
10.85,3,0.453675,0.486371,-0.49883,-0.0276588,-0.0326957
10.85,4,-0.309546,-0.28693,0.0245433,-0.193199,-0.0226159
10.85,5,0.0740139,0.0709227,0.0508658,0.000196656,0.00309128
10.86,0,0.982492,0.979884,0.0349765,-0.000605158,0.00260811
10.86,1,-0.361487,-0.230461,-0.277824,-4.40757,-0.131026
10.86,2,0.709567,0.757217,0.18381,-1.79711,-0.0476497
10.86,3,0.448711,0.481382,-0.498835,-0.0274133,-0.0326714
10.86,4,-0.309359,-0.286685,0.0245005,-0.193645,-0.0226743
10.86,5,0.0745226,0.0714313,0.0508658,0.00019652,0.00309125
10.87,0,0.982842,0.980234,0.0349764,-0.000620513,0.00260772
10.87,1,-0.364251,-0.233239,-0.27788,-4.40684,-0.131012
10.87,2,0.711372,0.759055,0.183804,-1.79809,-0.0476828
10.87,3,0.443747,0.476394,-0.49884,-0.0271674,-0.0326472
10.87,4,-0.309172,-0.28644,0.0244575,-0.194087,-0.0227323
10.87,5,0.0750312,0.07194,0.0508657,0.000196385,0.00309122
10.88,0,0.983191,0.980584,0.0349764,-0.000635843,0.00260733
10.88,1,-0.367016,-0.236018,-0.277935,-4.40609,-0.130997
10.88,2,0.713177,0.760893,0.183797,-1.79907,-0.0477159
10.88,3,0.438783,0.471406,-0.498846,-0.026921,-0.0326228
10.88,4,-0.308986,-0.286196,0.0244142,-0.194526,-0.0227899
10.88,5,0.0755398,0.0724486,0.0508657,0.000196252,0.00309119
10.89,0,0.98354,0.980933,0.0349763,-0.000651148,0.00260694
10.89,1,-0.36978,-0.238798,-0.277991,-4.40531,-0.130982
10.89,2,0.714982,0.762731,0.183791,-1.80005,-0.0477488
10.89,3,0.433819,0.466417,-0.498851,-0.0266742,-0.0325985
10.89,4,-0.308799,-0.285952,0.0243706,-0.194962,-0.022847
10.89,5,0.0760485,0.0729573,0.0508657,0.00019612,0.00309116
10.9,0,0.98389,0.981283,0.0349762,-0.000666427,0.00260656
10.9,1,-0.372545,-0.241578,-0.278047,-4.40452,-0.130967
10.9,2,0.716787,0.764569,0.183784,-1.80102,-0.0477817
10.9,3,0.428854,0.461428,-0.498856,-0.0264268,-0.032574
10.9,4,-0.308612,-0.285708,0.0243269,-0.195394,-0.0229038
10.9,5,0.0765571,0.0734659,0.0508657,0.00019599,0.00309114
10.91,0,0.984239,0.981633,0.0349762,-0.000681682,0.00260617
10.91,1,-0.375309,-0.244359,-0.278103,-4.4037,-0.13095
10.91,2,0.718592,0.766407,0.183778,-1.80199,-0.0478146
10.91,3,0.42389,0.45644,-0.498861,-0.026179,-0.0325495
10.91,4,-0.308425,-0.285465,0.0242829,-0.195822,-0.02296
10.91,5,0.0770657,0.0739746,0.0508656,0.000195861,0.00309111
10.92,0,0.984588,0.981983,0.0349761,-0.00069691,0.00260579
10.92,1,-0.378074,-0.24714,-0.278159,-4.40286,-0.130934
10.92,2,0.720397,0.768244,0.183772,-1.80296,-0.0478473
10.92,3,0.418926,0.451451,-0.498866,-0.0259308,-0.032525
10.92,4,-0.308239,-0.285223,0.0242386,-0.196246,-0.0230159
10.92,5,0.0775743,0.0744833,0.0508656,0.000195734,0.00309108
10.93,0,0.984938,0.982332,0.0349761,-0.000712113,0.0026054
10.93,1,-0.380838,-0.249922,-0.278215,-4.402,-0.130916
10.93,2,0.722202,0.770082,0.183765,-1.80393,-0.0478801
10.93,3,0.413962,0.446463,-0.49887,-0.0256821,-0.0325004
10.93,4,-0.308052,-0.284981,0.0241941,-0.196667,-0.0230713
10.93,5,0.078083,0.0749919,0.0508656,0.000195608,0.00309106
10.94,0,0.985287,0.982682,0.034976,-0.000727289,0.00260502
10.94,1,-0.383603,-0.252705,-0.278271,-4.40112,-0.130898
10.94,2,0.724007,0.77192,0.183759,-1.8049,-0.0479127
10.94,3,0.408998,0.441474,-0.498875,-0.0254329,-0.0324758
10.94,4,-0.307865,-0.284739,0.0241494,-0.197084,-0.0231262
10.94,5,0.0785916,0.0755006,0.0508655,0.000195484,0.00309103
10.95,0,0.985637,0.983032,0.0349759,-0.000742439,0.00260463
10.95,1,-0.386367,-0.255488,-0.278327,-4.40021,-0.13088
10.95,2,0.725812,0.773757,0.183753,-1.80586,-0.0479453
10.95,3,0.404034,0.436485,-0.49888,-0.0251833,-0.0324511
10.95,4,-0.307678,-0.284498,0.0241044,-0.197498,-0.0231807
10.95,5,0.0791002,0.0760092,0.0508655,0.000195362,0.003091
10.96,0,0.985986,0.983382,0.0349759,-0.000757561,0.00260425
10.96,1,-0.389132,-0.258271,-0.278383,-4.39928,-0.130861
10.96,2,0.727617,0.775595,0.183746,-1.80683,-0.0479778
10.96,3,0.39907,0.431496,-0.498885,-0.0249333,-0.0324264
10.96,4,-0.307492,-0.284257,0.0240592,-0.197907,-0.0232347
10.96,5,0.0796089,0.0765179,0.0508655,0.000195241,0.00309098
10.97,0,0.986335,0.983731,0.0349758,-0.000772655,0.00260387
10.97,1,-0.391897,-0.261055,-0.278439,-4.39833,-0.130841
10.97,2,0.729422,0.777432,0.18374,-1.80779,-0.0480103
10.97,3,0.394106,0.426507,-0.498889,-0.0246829,-0.0324016
10.97,4,-0.307305,-0.284017,0.0240137,-0.198313,-0.0232883
10.97,5,0.0801175,0.0770265,0.0508654,0.000195121,0.00309095
10.98,0,0.986685,0.984081,0.0349757,-0.000787722,0.00260349
10.98,1,-0.394661,-0.26384,-0.278495,-4.39735,-0.130821
10.98,2,0.731227,0.77927,0.183733,-1.80875,-0.0480427
10.98,3,0.389142,0.421518,-0.498894,-0.0244321,-0.0323768
10.98,4,-0.307118,-0.283777,0.0239681,-0.198716,-0.0233414
10.98,5,0.0806261,0.0775352,0.0508654,0.000195004,0.00309092
10.99,0,0.987034,0.984431,0.0349757,-0.000802759,0.00260311
10.99,1,-0.397426,-0.266625,-0.278551,-4.39636,-0.1308
10.99,2,0.733032,0.781107,0.183727,-1.8097,-0.048075
10.99,3,0.384178,0.41653,-0.498898,-0.0241808,-0.032352
10.99,4,-0.306931,-0.283537,0.0239221,-0.199114,-0.0233941
10.99,5,0.0811347,0.0780438,0.0508654,0.000194887,0.0030909
11,0,0.987383,0.984781,0.0349756,-0.000817768,0.00260273
11,1,-0.40019,-0.269411,-0.278607,-4.39534,-0.130779
11,2,0.734837,0.782944,0.183721,-1.81066,-0.0481073
11,3,0.379213,0.41154,-0.498903,-0.0239292,-0.0323271
11,4,-0.306745,-0.283298,0.023876,-0.199509,-0.0234463
11,5,0.0816434,0.0785525,0.0508653,0.000194773,0.00309088
11.01,0,0.987733,0.98513,0.0349755,-0.000832748,0.00260235
11.01,1,-0.402955,-0.272198,-0.278663,-4.3943,-0.130757
11.01,2,0.736642,0.784781,0.183714,-1.81161,-0.0481395
11.01,3,0.374249,0.406551,-0.498907,-0.0236771,-0.0323021
11.01,4,-0.306558,-0.28306,0.0238296,-0.1999,-0.0234981
11.01,5,0.082152,0.0790611,0.0508653,0.00019466,0.00309085
11.02,0,0.988082,0.98548,0.0349755,-0.000847697,0.00260197
11.02,1,-0.405719,-0.274984,-0.278718,-4.39324,-0.130735
11.02,2,0.738447,0.786618,0.183708,-1.81256,-0.0481716
11.02,3,0.369285,0.401562,-0.498911,-0.0234247,-0.0322771
11.02,4,-0.306371,-0.282822,0.023783,-0.200286,-0.0235494
11.02,5,0.0826606,0.0795698,0.0508653,0.000194548,0.00309083
11.03,0,0.988432,0.98583,0.0349754,-0.000862616,0.00260159
11.03,1,-0.408484,-0.277772,-0.278774,-4.39215,-0.130712
11.03,2,0.740252,0.788455,0.183701,-1.81351,-0.0482037
11.03,3,0.364321,0.396573,-0.498915,-0.0231719,-0.0322521
11.03,4,-0.306184,-0.282584,0.0237362,-0.20067,-0.0236002
11.03,5,0.0831693,0.0800785,0.0508652,0.000194438,0.0030908
11.04,0,0.988781,0.98618,0.0349753,-0.000877504,0.00260121
11.04,1,-0.411248,-0.28056,-0.27883,-4.39104,-0.130688
11.04,2,0.742057,0.790292,0.183695,-1.81446,-0.0482357
11.04,3,0.359357,0.391584,-0.498919,-0.0229187,-0.032227
11.04,4,-0.305998,-0.282347,0.0236891,-0.201049,-0.0236505
11.04,5,0.0836779,0.0805871,0.0508652,0.000194329,0.00309078
11.05,0,0.98913,0.98653,0.0349753,-0.000892361,0.00260084
11.05,1,-0.414013,-0.283349,-0.278886,-4.38991,-0.130664
11.05,2,0.743862,0.792129,0.183689,-1.81541,-0.0482676
11.05,3,0.354393,0.386595,-0.498923,-0.0226652,-0.0322019
11.05,4,-0.305811,-0.28211,0.0236418,-0.201424,-0.0237004
11.05,5,0.0841865,0.0810958,0.0508652,0.000194222,0.00309076
11.06,0,0.98948,0.986879,0.0349752,-0.000907185,0.00260046
11.06,1,-0.416777,-0.286138,-0.278942,-4.38876,-0.13064
11.06,2,0.745667,0.793966,0.183682,-1.81635,-0.0482995
11.06,3,0.349429,0.381606,-0.498927,-0.0224113,-0.0321768
11.06,4,-0.305624,-0.281874,0.0235942,-0.201796,-0.0237498
11.06,5,0.0846951,0.0816044,0.0508652,0.000194117,0.00309073
11.07,0,0.989829,0.987229,0.0349751,-0.000921978,0.00260008
11.07,1,-0.419542,-0.288928,-0.278998,-4.38758,-0.130614
11.07,2,0.747472,0.795803,0.183676,-1.81729,-0.0483313
11.07,3,0.344465,0.376616,-0.498931,-0.022157,-0.0321516
11.07,4,-0.305437,-0.281639,0.0235465,-0.202163,-0.0237987
11.07,5,0.0852038,0.0821131,0.0508651,0.000194013,0.00309071
11.08,0,0.990178,0.987579,0.034975,-0.000936737,0.00259971
11.08,1,-0.422306,-0.291718,-0.279054,-4.38639,-0.130589
11.08,2,0.749277,0.79764,0.183669,-1.81823,-0.0483631
11.08,3,0.339501,0.371627,-0.498935,-0.0219024,-0.0321264
11.08,4,-0.305251,-0.281403,0.0234985,-0.202527,-0.0238472
11.08,5,0.0857124,0.0826217,0.0508651,0.00019391,0.00309069
11.09,0,0.990528,0.987929,0.034975,-0.000951464,0.00259934
11.09,1,-0.425071,-0.294509,-0.27911,-4.38517,-0.130562
11.09,2,0.751082,0.799476,0.183663,-1.81917,-0.0483948
11.09,3,0.334536,0.366638,-0.498939,-0.0216475,-0.0321011
11.09,4,-0.305064,-0.281169,0.0234503,-0.202886,-0.0238952
11.09,5,0.086221,0.0831304,0.0508651,0.000193809,0.00309067
11.1,0,0.990877,0.988278,0.0349749,-0.000966156,0.00259896
11.1,1,-0.427836,-0.2973,-0.279166,-4.38392,-0.130536
11.1,2,0.752886,0.801313,0.183657,-1.8201,-0.0484264
11.1,3,0.329572,0.361648,-0.498943,-0.0213922,-0.0320758
11.1,4,-0.304877,-0.280934,0.0234019,-0.203242,-0.0239426
11.1,5,0.0867297,0.083639,0.050865,0.00019371,0.00309064
11.11,0,0.991227,0.988628,0.0349748,-0.000980814,0.00259859
11.11,1,-0.4306,-0.300092,-0.279221,-4.38266,-0.130508
11.11,2,0.754691,0.803149,0.18365,-1.82104,-0.0484579
11.11,3,0.324608,0.356659,-0.498946,-0.0211366,-0.0320504
11.11,4,-0.30469,-0.280701,0.0233532,-0.203594,-0.0239896
11.11,5,0.0872383,0.0841477,0.050865,0.000193612,0.00309062
11.12,0,0.991576,0.988978,0.0349747,-0.000995438,0.00259822
11.12,1,-0.433365,-0.302885,-0.279277,-4.38137,-0.13048
11.12,2,0.756496,0.804986,0.183644,-1.82197,-0.0484894
11.12,3,0.319644,0.351669,-0.49895,-0.0208807,-0.0320251
11.12,4,-0.304504,-0.280467,0.0233044,-0.203941,-0.0240362
11.12,5,0.0877469,0.0846563,0.050865,0.000193516,0.0030906
11.13,0,0.991925,0.989328,0.0349746,-0.00101003,0.00259785
11.13,1,-0.436129,-0.305678,-0.279333,-4.38006,-0.130452
11.13,2,0.758301,0.806822,0.183637,-1.8229,-0.0485209
11.13,3,0.31468,0.34668,-0.498953,-0.0206244,-0.0319996
11.13,4,-0.304317,-0.280235,0.0232553,-0.204285,-0.0240822
11.13,5,0.0882555,0.085165,0.0508649,0.000193421,0.00309058
11.14,0,0.992275,0.989677,0.0349746,-0.00102458,0.00259748
11.14,1,-0.438894,-0.308471,-0.279389,-4.37873,-0.130422
11.14,2,0.760106,0.808659,0.183631,-1.82383,-0.0485522
11.14,3,0.309716,0.34169,-0.498957,-0.0203679,-0.0319742
11.14,4,-0.30413,-0.280002,0.023206,-0.204625,-0.0241277
11.14,5,0.0887642,0.0856736,0.0508649,0.000193328,0.00309056
11.15,0,0.992624,0.990027,0.0349745,-0.0010391,0.00259711
11.15,1,-0.441658,-0.311265,-0.279445,-4.37738,-0.130393
11.15,2,0.761911,0.810495,0.183625,-1.82476,-0.0485835
11.15,3,0.304752,0.336701,-0.49896,-0.020111,-0.0319487
11.15,4,-0.303943,-0.279771,0.0231564,-0.20496,-0.0241727
11.15,5,0.0892728,0.0861823,0.0508649,0.000193236,0.00309054
11.16,0,0.992973,0.990377,0.0349744,-0.00105358,0.00259674
11.16,1,-0.444423,-0.31406,-0.279501,-4.376,-0.130363
11.16,2,0.763716,0.812331,0.183618,-1.82568,-0.0486148
11.16,3,0.299788,0.331711,-0.498963,-0.0198539,-0.0319232
11.16,4,-0.303757,-0.279539,0.0231067,-0.205292,-0.0242173
11.16,5,0.0897814,0.0866909,0.0508649,0.000193146,0.00309052
11.17,0,0.993323,0.990726,0.0349743,-0.00106802,0.00259637
11.17,1,-0.447187,-0.316856,-0.279556,-4.3746,-0.130332
11.17,2,0.765521,0.814167,0.183612,-1.8266,-0.048646
11.17,3,0.294824,0.326721,-0.498967,-0.0195965,-0.0318976
11.17,4,-0.30357,-0.279308,0.0230568,-0.205619,-0.0242613
11.17,5,0.0902901,0.0871996,0.0508648,0.000193057,0.0030905
11.18,0,0.993672,0.991076,0.0349742,-0.00108243,0.00259601
11.18,1,-0.449952,-0.319651,-0.279612,-4.37318,-0.130301
11.18,2,0.767326,0.816003,0.183605,-1.82752,-0.0486771
11.18,3,0.28986,0.321732,-0.49897,-0.0193388,-0.0318721
11.18,4,-0.303383,-0.279078,0.0230066,-0.205942,-0.0243048
11.18,5,0.0907987,0.0877082,0.0508648,0.00019297,0.00309048
11.19,0,0.994022,0.991426,0.0349741,-0.0010968,0.00259564
11.19,1,-0.452716,-0.322448,-0.279668,-4.37174,-0.130269
11.19,2,0.769131,0.817839,0.183599,-1.82844,-0.0487081
11.19,3,0.284895,0.316742,-0.498973,-0.0190808,-0.0318465
11.19,4,-0.303196,-0.278848,0.0229562,-0.206261,-0.0243479
11.19,5,0.0913073,0.0882169,0.0508648,0.000192884,0.00309046
11.2,0,0.994371,0.991776,0.0349741,-0.00111113,0.00259528
11.2,1,-0.455481,-0.325245,-0.279724,-4.37028,-0.130236
11.2,2,0.770936,0.819675,0.183593,-1.82936,-0.0487391
11.2,3,0.279931,0.311752,-0.498976,-0.0188226,-0.0318208
11.2,4,-0.30301,-0.278619,0.0229057,-0.206576,-0.0243904
11.2,5,0.0918159,0.0887255,0.0508647,0.0001928,0.00309044
11.21,0,0.99472,0.992125,0.034974,-0.00112543,0.00259491
11.21,1,-0.458246,-0.328042,-0.27978,-4.36879,-0.130203
11.21,2,0.772741,0.821511,0.183586,-1.83027,-0.04877
11.21,3,0.274967,0.306762,-0.498979,-0.0185641,-0.0317951
11.21,4,-0.302823,-0.27839,0.0228549,-0.206887,-0.0244324
11.21,5,0.0923246,0.0892341,0.0508647,0.000192717,0.00309043
11.22,0,0.99507,0.992475,0.0349739,-0.00113968,0.00259455
11.22,1,-0.46101,-0.33084,-0.279835,-4.36728,-0.13017
11.22,2,0.774546,0.823347,0.18358,-1.83119,-0.0488009
11.22,3,0.270003,0.301773,-0.498982,-0.0183053,-0.0317694
11.22,4,-0.302636,-0.278162,0.0228039,-0.207194,-0.0244739
11.22,5,0.0928332,0.0897428,0.0508647,0.000192636,0.00309041
11.23,0,0.995419,0.992825,0.0349738,-0.0011539,0.00259419
11.23,1,-0.463775,-0.333639,-0.279891,-4.36575,-0.130135
11.23,2,0.776351,0.825183,0.183573,-1.8321,-0.0488317
11.23,3,0.265039,0.296783,-0.498985,-0.0180463,-0.0317437
11.23,4,-0.302449,-0.277934,0.0227527,-0.207496,-0.024515
11.23,5,0.0933418,0.0902514,0.0508646,0.000192556,0.00309039
11.24,0,0.995768,0.993175,0.0349737,-0.00116808,0.00259383
11.24,1,-0.466539,-0.336438,-0.279947,-4.36419,-0.130101
11.24,2,0.778156,0.827018,0.183567,-1.83301,-0.0488624
11.24,3,0.260075,0.291793,-0.498987,-0.0177871,-0.031718
11.24,4,-0.302263,-0.277707,0.0227013,-0.207794,-0.0245554
11.24,5,0.0938505,0.0907601,0.0508646,0.000192478,0.00309037
11.25,0,0.996118,0.993524,0.0349736,-0.00118222,0.00259347
11.25,1,-0.469304,-0.339238,-0.280002,-4.36262,-0.130066
11.25,2,0.779961,0.828854,0.183561,-1.83391,-0.0488931
11.25,3,0.255111,0.286803,-0.49899,-0.0175276,-0.0316922
11.25,4,-0.302076,-0.27748,0.0226497,-0.208088,-0.0245954
11.25,5,0.0943591,0.0912687,0.0508646,0.000192402,0.00309035
11.26,0,0.996467,0.993874,0.0349735,-0.00119632,0.00259311
11.26,1,-0.472068,-0.342038,-0.280058,-4.36102,-0.13003
11.26,2,0.781766,0.83069,0.183554,-1.83482,-0.0489237
11.26,3,0.250147,0.281813,-0.498993,-0.0172679,-0.0316664
11.26,4,-0.301889,-0.277254,0.0225979,-0.208378,-0.0246349
11.26,5,0.0948677,0.0917774,0.0508645,0.000192327,0.00309034
11.27,0,0.996817,0.994224,0.0349734,-0.00121038,0.00259275
11.27,1,-0.474833,-0.344839,-0.280114,-4.3594,-0.129993
11.27,2,0.783571,0.832525,0.183548,-1.83572,-0.0489542
11.27,3,0.245183,0.276823,-0.498995,-0.017008,-0.0316405
11.27,4,-0.301702,-0.277028,0.0225459,-0.208663,-0.0246738
11.27,5,0.0953763,0.092286,0.0508645,0.000192253,0.00309032
11.28,0,0.997166,0.994574,0.0349733,-0.0012244,0.00259239
11.28,1,-0.477597,-0.347641,-0.280169,-4.35775,-0.129957
11.28,2,0.785376,0.834361,0.183541,-1.83662,-0.0489847
11.28,3,0.240219,0.271833,-0.498998,-0.0167478,-0.0316147
11.28,4,-0.301515,-0.276803,0.0224937,-0.208945,-0.0247122
11.28,5,0.095885,0.0927947,0.0508645,0.000192181,0.00309031
11.29,0,0.997515,0.994923,0.0349732,-0.00123838,0.00259203
11.29,1,-0.480362,-0.350443,-0.280225,-4.35609,-0.129919
11.29,2,0.787181,0.836196,0.183535,-1.83752,-0.0490151
11.29,3,0.235254,0.266843,-0.499,-0.0164875,-0.0315888
11.29,4,-0.301329,-0.276579,0.0224413,-0.209222,-0.0247501
11.29,5,0.0963936,0.0933033,0.0508645,0.000192111,0.00309029
11.3,0,0.997865,0.995273,0.0349731,-0.00125232,0.00259168
11.3,1,-0.483126,-0.353245,-0.280281,-4.3544,-0.129881
11.3,2,0.788986,0.838031,0.183528,-1.83842,-0.0490454
11.3,3,0.23029,0.261853,-0.499003,-0.016227,-0.0315629
11.3,4,-0.301142,-0.276354,0.0223887,-0.209494,-0.0247875
11.3,5,0.0969022,0.093812,0.0508644,0.000192042,0.00309027
11.31,0,0.998214,0.995623,0.034973,-0.00126623,0.00259132
11.31,1,-0.485891,-0.356048,-0.280336,-4.35269,-0.129843
11.31,2,0.790791,0.839867,0.183522,-1.83932,-0.0490757
11.31,3,0.225326,0.256863,-0.499005,-0.0159662,-0.0315369
11.31,4,-0.300955,-0.276131,0.0223359,-0.209763,-0.0248243
11.31,5,0.0974109,0.0943206,0.0508644,0.000191974,0.00309026
11.32,0,0.998564,0.995973,0.0349729,-0.00128009,0.00259097
11.32,1,-0.488655,-0.358852,-0.280392,-4.35096,-0.129803
11.32,2,0.792596,0.841702,0.183516,-1.84021,-0.0491059
11.32,3,0.220362,0.251873,-0.499007,-0.0157053,-0.031511
11.32,4,-0.300768,-0.275908,0.0222829,-0.210027,-0.0248607
11.32,5,0.0979195,0.0948292,0.0508644,0.000191909,0.00309024
11.33,0,0.998913,0.996322,0.0349728,-0.00129391,0.00259062
11.33,1,-0.49142,-0.361656,-0.280447,-4.34921,-0.129764
11.33,2,0.794401,0.843537,0.183509,-1.8411,-0.0491361
11.33,3,0.215398,0.246883,-0.499009,-0.0154442,-0.031485
11.33,4,-0.300582,-0.275685,0.0222297,-0.210286,-0.0248964
11.33,5,0.0984281,0.0953379,0.0508643,0.000191844,0.00309023
11.34,0,0.999262,0.996672,0.0349727,-0.00130769,0.00259026
11.34,1,-0.494185,-0.364461,-0.280503,-4.34743,-0.129723
11.34,2,0.796206,0.845372,0.183503,-1.84199,-0.0491662
11.34,3,0.210434,0.241893,-0.499011,-0.0151829,-0.031459
11.34,4,-0.300395,-0.275463,0.0221763,-0.210542,-0.0249317
11.34,5,0.0989367,0.0958465,0.0508643,0.000191781,0.00309021
11.35,0,0.999612,0.997022,0.0349727,-0.00132142,0.00258991
11.35,1,-0.496949,-0.367266,-0.280558,-4.34563,-0.129683
11.35,2,0.798011,0.847207,0.183496,-1.84288,-0.0491962
11.35,3,0.20547,0.236903,-0.499014,-0.0149215,-0.031433
11.35,4,-0.300208,-0.275242,0.0221228,-0.210793,-0.0249664
11.35,5,0.0994454,0.0963552,0.0508643,0.00019172,0.0030902
11.36,0,0.999961,0.997371,0.0349726,-0.00133512,0.00258956
11.36,1,-0.499714,-0.370072,-0.280614,-4.34381,-0.129641
11.36,2,0.799816,0.849042,0.18349,-1.84376,-0.0492261
11.36,3,0.200506,0.231913,-0.499015,-0.0146599,-0.0314069
11.36,4,-0.300021,-0.275021,0.0220691,-0.211039,-0.0250006
11.36,5,0.099954,0.0968638,0.0508642,0.00019166,0.00309019
11.37,0,0.999996,0.997722,0.0351729,-0.0145552,0.00227409
11.37,1,-0.49999,-0.372847,-0.27181,-4.27031,-0.127144
11.37,2,0.799996,0.85082,0.168218,-1.86116,-0.0508243
11.37,3,0.200009,0.226975,-0.484026,0.0207571,-0.0269659
11.37,4,-0.300003,-0.27478,0.0270613,-0.215311,-0.0252225
11.37,5,0.100005,0.0973205,0.0366546,0.00242522,0.00268432
11.38,0,0.999996,0.998076,0.0357164,-0.0303695,0.00191949
11.38,1,-0.49999,-0.375461,-0.252527,-4.22356,-0.124529
11.38,2,0.799996,0.852338,0.138045,-1.84635,-0.0523419
11.38,3,0.200009,0.222341,-0.444316,0.04327,-0.022332
11.38,4,-0.300003,-0.274485,0.0304558,-0.219373,-0.0255182
11.38,5,0.100005,0.0975341,0.00896677,0.00966397,0.0024708
11.39,0,0.999996,0.998437,0.0362383,-0.0463423,0.00155932
11.39,1,-0.49999,-0.377873,-0.231834,-4.18919,-0.122117
11.39,2,0.799996,0.853559,0.109594,-1.82607,-0.0535627
11.39,3,0.200009,0.218163,-0.395385,0.0556924,-0.0181539
11.39,4,-0.300003,-0.274196,0.0266111,-0.219758,-0.0258066
11.39,5,0.100005,0.0974969,-0.0127072,0.0163521,0.00250798
11.4,0,0.999996,0.998801,0.0364948,-0.0616749,0.00119524
11.4,1,-0.49999,-0.38008,-0.211656,-4.16145,-0.119911
11.4,2,0.799996,0.854518,0.085326,-1.8063,-0.0545217
11.4,3,0.200009,0.214492,-0.344001,0.0615778,-0.0144823
11.4,4,-0.300003,-0.273973,0.0183698,-0.217422,-0.0260297
11.4,5,0.100005,0.0972955,-0.0248161,0.0209916,0.00270935
11.41,0,0.999996,0.999165,0.036358,-0.0758464,0.000830687
11.41,1,-0.49999,-0.38209,-0.192483,-4.13856,-0.1179
11.41,2,0.799996,0.855257,0.0652158,-1.78826,-0.055261
11.41,3,0.200009,0.211331,-0.293502,0.0628844,-0.0113217
11.41,4,-0.300003,-0.273843,0.00856566,-0.213562,-0.0261598
11.41,5,0.100005,0.0970206,-0.0285972,0.0235005,0.00298426
11.42,0,0.999996,0.999526,0.0357729,-0.0885208,0.000469947
11.42,1,-0.49999,-0.383914,-0.174452,-4.11967,-0.116076
11.42,2,0.799996,0.855816,0.048846,-1.7723,-0.0558203
11.42,3,0.200009,0.208661,-0.245752,0.0609302,-0.00865209
11.42,4,-0.300003,-0.27381,-0.000967754,-0.209055,-0.0261923
11.42,5,0.100005,0.0967429,-0.0263608,0.0242179,0.00326193
11.43,0,0.999996,0.999878,0.0347301,-0.099487,0.00011758
11.43,1,-0.49999,-0.385565,-0.157574,-4.10427,-0.114425
11.43,2,0.799996,0.85623,0.0357597,-1.75855,-0.0562342
11.43,3,0.200009,0.206449,-0.201847,0.0567128,-0.00643954
11.43,4,-0.300003,-0.273867,-0.00921602,-0.20448,-0.026136
11.43,5,0.100005,0.0965102,-0.0203256,0.023571,0.00349466
11.44,0,0.999996,1.00022,0.0332491,-0.108624,-0.000221923
11.44,1,-0.49999,-0.387053,-0.141803,-4.09206,-0.112937
11.44,2,0.799996,0.85653,0.0255219,-1.74704,-0.0565333
11.44,3,0.200009,0.204651,-0.162403,0.0510231,-0.00464185
11.44,4,-0.300003,-0.273996,-0.015716,-0.200194,-0.0260065
11.44,5,0.100005,0.0963501,-0.0122975,0.0219632,0.00365479
11.45,0,0.999996,1.00054,0.0313687,-0.115881,-0.000544382
11.45,1,-0.49999,-0.388389,-0.127063,-4.08284,-0.111601
11.45,2,0.799996,0.85674,0.0177313,-1.73778,-0.0567438
11.45,3,0.200009,0.203222,-0.127695,0.0444906,-0.00321266
11.45,4,-0.300003,-0.27418,-0.0203501,-0.196404,-0.0258223
11.45,5,0.100005,0.0962747,-0.00362799,0.0197392,0.00373016
11.46,0,0.999996,1.00084,0.0291393,-0.121261,-0.000846072
11.46,1,-0.49999,-0.389584,-0.113274,-4.07644,-0.110407
11.46,2,0.799996,0.856884,0.0120226,-1.73069,-0.0568882
11.46,3,0.200009,0.202114,-0.0977518,0.0376082,-0.00210429
11.46,4,-0.300003,-0.274401,-0.0232039,-0.193212,-0.0256017
11.46,5,0.100005,0.096285,0.00473689,0.0171784,0.00371988
11.47,0,0.999996,1.00112,0.0266189,-0.124809,-0.00112382
11.47,1,-0.49999,-0.390645,-0.100356,-4.07276,-0.109346
11.47,2,0.799996,0.856982,0.00806634,-1.72569,-0.0569853
11.47,3,0.200009,0.201279,-0.072414,0.0307501,-0.00126983
11.47,4,-0.300003,-0.274641,-0.0244725,-0.190656,-0.0253615
11.47,5,0.100005,0.0963742,0.0121851,0.0144976,0.00363062
11.48,0,0.999996,1.00137,0.0238684,-0.126607,-0.00137504
11.48,1,-0.49999,-0.391581,-0.0882379,-4.07166,-0.108409
11.48,2,0.799996,0.857047,0.00556762,-1.72267,-0.0570512
11.48,3,0.200009,0.200674,-0.0513929,0.0241885,-0.000664718
11.48,4,-0.300003,-0.274887,-0.0244002,-0.188729,-0.0251162
11.48,5,0.100005,0.0965312,0.0183664,0.0118583,0.00347363
11.49,0,0.999996,1.00159,0.0209495,-0.12676,-0.00159779
11.49,1,-0.49999,-0.3924,-0.0768607,-4.07302,-0.10759
11.49,2,0.799996,0.857095,0.00426426,-1.72149,-0.0570988
11.49,3,0.200009,0.200257,-0.0343126,0.0181094,-0.000247811
11.49,4,-0.300003,-0.275125,-0.0232426,-0.187401,-0.0248778
11.49,5,0.100005,0.0967423,0.0231284,0.0093744,0.00326259
11.5,0,0.999996,1.00179,0.0179221,-0.125394,-0.0017907
11.5,1,-0.49999,-0.393109,-0.0661764,-4.0767,-0.106881
11.5,2,0.799996,0.857135,0.00392466,-1.72201,-0.0571388
11.5,3,0.200009,0.199991,-0.0207467,0.0126279,1.79861e-05
11.5,4,-0.300003,-0.275347,-0.0212449,-0.186623,-0.0246557
11.5,5,0.100005,0.096993,0.0264617,0.00712057,0.00301182
11.51,0,0.999996,1.00195,0.0148432,-0.12265,-0.001953
11.51,1,-0.49999,-0.393715,-0.0561484,-4.08254,-0.106275
11.51,2,0.799996,0.857176,0.0043454,-1.72409,-0.0571799
11.51,3,0.200009,0.199844,-0.0102473,0.00780199,0.000165362
11.51,4,-0.300003,-0.275546,-0.0186299,-0.186343,-0.0244572
11.51,5,0.100005,0.0972697,0.0284544,0.00513963,0.00273519
11.52,0,0.999996,1.00208,0.0117651,-0.118675,-0.00208449
11.52,1,-0.49999,-0.394225,-0.0467494,-4.09037,-0.105765
11.52,2,0.799996,0.857225,0.00534889,-1.72755,-0.0572284
11.52,3,0.200009,0.199787,-0.00236792,0.00364592,0.000222517
11.52,4,-0.300003,-0.275715,-0.0155928,-0.186503,-0.0242874
11.52,5,0.100005,0.0975595,0.0292566,0.00344962,0.00244532
11.53,0,0.999996,1.00218,0.00873527,-0.113622,-0.00218541
11.53,1,-0.49999,-0.394643,-0.0379602,-4.09999,-0.105347
11.53,2,0.799996,0.857286,0.00678102,-1.73225,-0.0572895
11.53,3,0.200009,0.199796,0.00331948,0.000141081,0.000213277
11.53,4,-0.300003,-0.275853,-0.0122995,-0.187045,-0.0241494
11.53,5,0.100005,0.0978517,0.0290524,0.00204993,0.00215313
11.54,0,0.999996,1.00225,0.00579565,-0.107647,-0.00225651
11.54,1,-0.49999,-0.394977,-0.0297677,-4.11121,-0.105013
11.54,2,0.799996,0.857363,0.00850899,-1.73802,-0.0573666
11.54,3,0.200009,0.199852,0.00721267,-0.00275416,0.000157344
11.54,4,-0.300003,-0.275958,-0.00888795,-0.187917,-0.0240451
11.54,5,0.100005,0.0981373,0.0280382,0.000926526,0.0018676
11.55,0,0.999996,1.00229,0.00298238,-0.100902,-0.00229888
11.55,1,-0.49999,-0.395233,-0.0221631,-4.1238,-0.104757
11.55,2,0.799996,0.857458,0.0104192,-1.7447,-0.0574621
11.55,3,0.200009,0.199939,0.0096714,-0.00509636,7.06482e-05
11.55,4,-0.300003,-0.276028,-0.00547042,-0.189065,-0.0239751
11.55,5,0.100005,0.0984091,0.026408,5.63552e-05,0.00159575
11.56,0,0.999996,1.00231,0.000325883,-0.0935356,-0.00231395
11.56,1,-0.49999,-0.395415,-0.01514,-4.13757,-0.104575
11.56,2,0.799996,0.857573,0.0124154,-1.75215,-0.0575772
11.56,3,0.200009,0.200044,0.0110132,-0.0069504,-3.42477e-05
11.56,4,-0.300003,-0.276064,-0.00213638,-0.190442,-0.0239388
11.56,5,0.100005,0.0986621,0.0243426,-0.000589086,0.00134274
11.57,0,0.999996,1.0023,-0.00214906,-0.0856902,-0.00230344
11.57,1,-0.49999,-0.395531,-0.00869352,-4.15229,-0.104459
11.57,2,0.799996,0.857709,0.0144168,-1.76021,-0.0577124
11.57,3,0.200009,0.200157,0.011512,-0.00838434,-0.000147717
11.57,4,-0.300003,-0.276068,0.00104449,-0.192003,-0.0239351
11.57,5,0.100005,0.0988929,0.0220033,-0.00104092,0.00111201
11.58,0,0.999996,1.00227,-0.00442305,-0.0775015,-0.00226927
11.58,1,-0.49999,-0.395585,-0.00281893,-4.16775,-0.104405
11.58,2,0.799996,0.857864,0.0163566,-1.76873,-0.0578673
11.58,3,0.200009,0.200272,0.0113986,-0.00946551,-0.000262634
11.58,4,-0.300003,-0.276041,0.00401934,-0.193706,-0.0239621
11.58,5,0.100005,0.0990993,0.0195279,-0.00133071,0.000905534
11.59,0,0.999996,1.00221,-0.00648173,-0.069096,-0.00221353
11.59,1,-0.49999,-0.395583,0.00248941,-4.18374,-0.104407
11.59,2,0.799996,0.858037,0.0181806,-1.77759,-0.058041
11.59,3,0.200009,0.200383,0.0108635,-0.0102577,-0.000373956
11.59,4,-0.300003,-0.275985,0.0067495,-0.195515,-0.0240175
11.59,5,0.100005,0.0992808,0.01703,-0.00148892,0.000724016
11.6,0,0.999996,1.00213,-0.00831543,-0.0605913,-0.00213844
11.6,1,-0.49999,-0.395532,0.00723864,-4.20004,-0.104458
11.6,2,0.799996,0.858228,0.0198453,-1.78665,-0.0582321
11.6,3,0.200009,0.200488,0.0100595,-0.0108191,-0.000478337
11.6,4,-0.300003,-0.275904,0.00920812,-0.197394,-0.0240988
11.6,5,0.100005,0.0994377,0.0145987,-0.00154375,0.000567174
11.61,0,0.999996,1.00204,-0.00991875,-0.0520948,-0.00204628
11.61,1,-0.49999,-0.395436,0.0114379,-4.21648,-0.104554
11.61,2,0.799996,0.858435,0.0213176,-1.7958,-0.0584389
11.61,3,0.200009,0.200583,0.0091062,-0.0112014,-0.00057377
11.61,4,-0.300003,-0.2758,0.0113781,-0.199313,-0.024203
11.61,5,0.100005,0.0995709,0.012301,-0.00152052,0.000433956
11.62,0,0.999996,1.00194,-0.0112901,-0.0437039,-0.00193935
11.62,1,-0.49999,-0.395301,0.0150989,-4.23286,-0.104689
11.62,2,0.799996,0.858655,0.0225728,-1.80492,-0.0586591
11.62,3,0.200009,0.200669,0.00809411,-0.0114493,-0.000659284
11.62,4,-0.300003,-0.275675,0.0132506,-0.201244,-0.0243273
11.62,5,0.100005,0.0996821,0.0101835,-0.00144126,0.000322755
11.63,0,0.999996,1.00182,-0.0124313,-0.0355056,-0.00181999
11.63,1,-0.49999,-0.395132,0.0182356,-4.24901,-0.104858
11.63,2,0.799996,0.858887,0.0235943,-1.81391,-0.0588907
11.63,3,0.200009,0.200744,0.00708894,-0.0116001,-0.000734669
11.63,4,-0.300003,-0.275534,0.014823,-0.203161,-0.0244687
11.63,5,0.100005,0.0997733,0.00827526,-0.0013246,0.000231597
11.64,0,0.999996,1.00169,-0.0133472,-0.0275766,-0.00169045
11.64,1,-0.49999,-0.394935,0.0208649,-4.26479,-0.105055
11.64,2,0.799996,0.859127,0.0243719,-1.82268,-0.0591311
11.64,3,0.200009,0.20081,0.00613589,-0.0116841,-0.00080026
11.64,4,-0.300003,-0.275379,0.0160984,-0.205043,-0.0246242
11.64,5,0.100005,0.0998466,0.00659098,-0.00118582,0.000158295
11.65,0,0.999996,1.00155,-0.014045,-0.0199837,-0.00155297
11.65,1,-0.49999,-0.394714,0.0230062,-4.28005,-0.105276
11.65,2,0.799996,0.859374,0.0249017,-1.83114,-0.0593779
11.65,3,0.200009,0.200866,0.00526352,-0.0117256,-0.000856746
11.65,4,-0.300003,-0.275212,0.0170842,-0.206869,-0.0247909
11.65,5,0.100005,0.0999043,0.00513349,-0.00103711,0.000100587
11.66,0,0.999996,1.00141,-0.0145343,-0.0127835,-0.00140966
11.66,1,-0.49999,-0.394475,0.0246814,-4.29466,-0.105515
11.66,2,0.799996,0.859625,0.0251848,-1.83923,-0.0596287
11.66,3,0.200009,0.200914,0.0044873,-0.0117427,-0.000905029
11.66,4,-0.300003,-0.275037,0.0177913,-0.208622,-0.0249658
11.66,5,0.100005,0.0999486,0.00389656,-0.000887804,5.62328e-05
11.67,0,0.999996,1.00126,-0.0148263,-0.00602316,-0.00126255
11.67,1,-0.49999,-0.394221,0.0259146,-4.30852,-0.105769
11.67,2,0.799996,0.859877,0.0252268,-1.84688,-0.059881
11.67,3,0.200009,0.200955,0.00381278,-0.0117487,-0.000946108
11.67,4,-0.300003,-0.274856,0.0182336,-0.210288,-0.0251464
11.67,5,0.100005,0.0999818,0.00286735,-0.000744742,2.30926e-05
11.68,0,0.999996,1.00111,-0.0149337,0.000259171,-0.00111355
11.68,1,-0.49999,-0.393957,0.0267321,-4.32153,-0.106033
11.68,2,0.799996,0.860129,0.025037,-1.85405,-0.0601324
11.68,3,0.200009,0.20099,0.00323827,-0.0117529,-0.000980996
11.68,4,-0.300003,-0.274673,0.018427,-0.211853,-0.02533
11.68,5,0.100005,0.100006,0.00202846,-0.000612628,-8.17999e-07
11.69,0,0.999996,1.00096,-0.0148704,0.00603414,-0.000964428
11.69,1,-0.49999,-0.393687,0.0271618,-4.33362,-0.106303
11.69,2,0.799996,0.860377,0.024628,-1.86068,-0.0603807
11.69,3,0.200009,0.20102,0.00275709,-0.0117608,-0.00101066
11.69,4,-0.300003,-0.274489,0.0183894,-0.213309,-0.0255142
11.69,5,0.100005,0.100022,0.00135976,-0.000494394,-1.72931e-05
11.7,0,0.999996,1.00081,-0.0146509,0.0112805,-0.000816808
11.7,1,-0.49999,-0.393414,0.0272331,-4.34472,-0.106576
11.7,2,0.799996,0.86062,0.0240146,-1.86674,-0.0606238
11.7,3,0.200009,0.201045,0.00235943,-0.0117754,-0.00103598
11.7,4,-0.300003,-0.274306,0.0181398,-0.214645,-0.0256969
11.7,5,0.100005,0.100033,0.000839846,-0.000391541,-2.79174e-05
11.71,0,0.999996,1.00067,-0.0142905,0.0159847,-0.000672171
11.71,1,-0.49999,-0.393143,0.0269765,-4.3548,-0.106847
11.71,2,0.799996,0.860856,0.0232142,-1.87222,-0.0608597
11.71,3,0.200009,0.201067,0.00203381,-0.0117976,-0.00105773
11.71,4,-0.300003,-0.274127,0.0176982,-0.215857,-0.025876
11.71,5,0.100005,0.100039,0.000447171,-0.000304451,-3.40599e-05
11.72,0,0.999996,1.00053,-0.0138046,0.0201402,-0.000531841
11.72,1,-0.49999,-0.392876,0.0264232,-4.36382,-0.107114
11.72,2,0.799996,0.861083,0.0222452,-1.87709,-0.0610866
11.72,3,0.200009,0.201086,0.00176819,-0.0118265,-0.00107656
11.72,4,-0.300003,-0.273953,0.0170853,-0.216941,-0.0260498
11.72,5,0.100005,0.100042,0.000160953,-0.000232675,-3.68778e-05
11.73,0,0.999996,1.00039,-0.0132088,0.023747,-0.000396988
11.73,1,-0.49999,-0.392616,0.025605,-4.37176,-0.107374
11.73,2,0.799996,0.861299,0.0211275,-1.88135,-0.061303
11.73,3,0.200009,0.201102,0.00155085,-0.0118606,-0.00109301
11.73,4,-0.300003,-0.273786,0.0163219,-0.217893,-0.0262165
11.73,5,0.100005,0.100042,-3.82187e-05,-0.000175173,-3.73277e-05
11.74,0,0.999996,1.00026,-0.0125187,0.026811,-0.000268624
11.74,1,-0.49999,-0.392366,0.0245537,-4.37863,-0.107624
11.74,2,0.799996,0.861504,0.0198815,-1.88499,-0.0615075
11.74,3,0.200009,0.201117,0.00137091,-0.0118976,-0.0011075
11.74,4,-0.300003,-0.273628,0.0154289,-0.218714,-0.026375
11.74,5,0.100005,0.100041,-0.000167961,-0.000130518,-3.61814e-05
11.75,0,0.999996,1.00014,-0.0117493,0.0293436,-0.000147609
11.75,1,-0.49999,-0.392127,0.023301,-4.38442,-0.107863
11.75,2,0.799996,0.861695,0.0185281,-1.88803,-0.061699
11.75,3,0.200009,0.20113,0.0012187,-0.0119348,-0.00112036
11.75,4,-0.300003,-0.273479,0.014427,-0.219404,-0.0265238
11.75,5,0.100005,0.100039,-0.000243865,-9.70691e-05,-3.40457e-05
11.76,0,0.999996,1.00003,-0.0109156,0.0313607,-3.46544e-05
11.76,1,-0.49999,-0.391902,0.0218779,-4.38916,-0.108088
11.76,2,0.799996,0.861873,0.0170882,-1.89047,-0.0618764
11.76,3,0.200009,0.201141,0.00108602,-0.0119696,-0.0011318
11.76,4,-0.300003,-0.273341,0.0133364,-0.219965,-0.0266622
11.76,5,0.100005,0.100036,-0.000279397,-7.30975e-05,-3.13833e-05
11.77,0,0.999996,0.999926,-0.0100318,0.0328824,6.96763e-05
11.77,1,-0.49999,-0.391692,0.0203149,-4.39289,-0.108299
11.77,2,0.799996,0.862035,0.0155822,-1.89234,-0.0620391
11.77,3,0.200009,0.201151,0.000966149,-0.0119996,-0.00114199
11.77,4,-0.300003,-0.273214,0.0121767,-0.220402,-0.0267892
11.77,5,0.100005,0.100033,-0.000285917,-5.68936e-05,-2.85337e-05
11.78,0,0.999996,0.999831,-0.00911149,0.0339328,0.000164957
11.78,1,-0.49999,-0.391498,0.0186414,-4.39563,-0.108493
11.78,2,0.799996,0.862183,0.0140303,-1.89365,-0.0621864
11.78,3,0.200009,0.20116,0.000853852,-0.0120226,-0.00115103
11.78,4,-0.300003,-0.273098,0.0109668,-0.220718,-0.0269043
11.78,5,0.100005,0.100031,-0.000272772,-4.68385e-05,-2.5734e-05
11.79,0,0.999996,0.999745,-0.00816757,0.0345385,0.000250895
11.79,1,-0.49999,-0.391321,0.0168856,-4.39743,-0.108669
11.79,2,0.799996,0.862314,0.0124518,-1.89444,-0.062318
11.79,3,0.200009,0.201168,0.000745271,-0.0120369,-0.00115897
11.79,4,-0.300003,-0.272996,0.0097246,-0.22092,-0.0270072
11.79,5,0.100005,0.100028,-0.000247452,-4.14551e-05,-2.31381e-05
11.8,0,0.999996,0.999669,-0.00721209,0.0347291,0.00032732
11.8,1,-0.49999,-0.391162,0.0150742,-4.39835,-0.108828
11.8,2,0.799996,0.86243,0.0108648,-1.89474,-0.0624338
11.8,3,0.200009,0.201175,0.000637789,-0.012041,-0.00116583
11.8,4,-0.300003,-0.272905,0.00846679,-0.221014,-0.0270975
11.8,5,0.100005,0.100026,-0.000215781,-3.94386e-05,-2.08346e-05
11.81,0,0.999996,0.999602,-0.00625623,0.0345359,0.00039418
11.81,1,-0.49999,-0.391021,0.0132323,-4.39845,-0.108969
11.81,2,0.799996,0.86253,0.00928672,-1.89459,-0.0625338
11.81,3,0.200009,0.201181,0.00052986,-0.0120341,-0.00117162
11.81,4,-0.300003,-0.272828,0.0072091,-0.221007,-0.0271753
11.81,5,0.100005,0.100024,-0.000182122,-3.9672e-05,-1.88617e-05
11.82,0,0.999996,0.999544,-0.00531024,0.0339918,0.000451527
11.82,1,-0.49999,-0.390899,0.0113834,-4.39779,-0.109091
11.82,2,0.799996,0.862614,0.00773338,-1.89401,-0.062618
11.82,3,0.200009,0.201186,0.000420827,-0.0120157,-0.00117632
11.82,4,-0.300003,-0.272762,0.00596591,-0.220907,-0.0272405
11.82,5,0.100005,0.100022,-0.000149593,-4.12288e-05,-1.72213e-05
11.83,0,0.999996,0.999496,-0.00438344,0.0331308,0.000499513
11.83,1,-0.49999,-0.390795,0.00954922,-4.39644,-0.109195
11.83,2,0.799996,0.862683,0.00621938,-1.89305,-0.062687
11.83,3,0.200009,0.201189,0.000310745,-0.0119857,-0.00117992
11.83,4,-0.300003,-0.272709,0.00475033,-0.220723,-0.0272934
11.83,5,0.100005,0.100021,-0.000120277,-4.33665e-05,-1.58899e-05
11.84,0,0.999996,0.999458,-0.00348417,0.0319875,0.000538375
11.84,1,-0.49999,-0.39071,0.0077493,-4.39446,-0.10928
11.84,2,0.799996,0.862737,0.00475785,-1.89175,-0.0627411
11.84,3,0.200009,0.201192,0.000200205,-0.0119443,-0.00118242
11.84,4,-0.300003,-0.272668,0.00357409,-0.220463,-0.0273344
11.84,5,0.100005,0.10002,-9.54187e-05,-4.55138e-05,-1.48279e-05
11.85,0,0.999996,0.999428,-0.00261979,0.0305966,0.000568431
11.85,1,-0.49999,-0.390642,0.0060014,-4.39193,-0.109348
11.85,2,0.799996,0.862777,0.00336042,-1.89015,-0.062781
11.85,3,0.200009,0.201193,9.01795e-05,-0.0118923,-0.00118382
11.85,4,-0.300003,-0.272639,0.00244755,-0.220135,-0.0273639
11.85,5,0.100005,0.100019,-7.56042e-05,-4.72534e-05,-1.39869e-05
11.86,0,0.999996,0.999406,-0.0017967,0.0289927,0.000590066
11.86,1,-0.49999,-0.390591,0.0043212,-4.38892,-0.109399
11.86,2,0.799996,0.862803,0.00203718,-1.88829,-0.0628072
11.86,3,0.200009,0.201193,-1.81159e-05,-0.0118303,-0.00118412
11.86,4,-0.300003,-0.27262,0.00137968,-0.21975,-0.0273825
11.86,5,0.100005,0.100018,-6.09216e-05,-4.83026e-05,-1.33158e-05
