sim_t,joint,desired,actual,velocity,torque,error
0,0,0,0,0,0,0
0,1,-0.8,-0.8,0,0,0
0,2,1.2,1.2,0,-6.66134e-15,-2.22045e-16
0,3,0,0,0,0,0
0,4,-0.4,-0.4,0,0,0
0,5,0,0,0,0,0
0.01,0,0,0,0,0,0
0.01,1,-0.8,-0.799036,0.16595,-0.536428,-0.000964426
0.01,2,1.2,1.20018,0.0384837,-0.0823016,-0.000177805
0.01,3,0,0,0,0,0
0.01,4,-0.4,-0.401011,-0.1636,0.089886,0.00101077
0.01,5,0,0,0,0,0
0.02,0,0,0,0,0,0
0.02,1,-0.8,-0.796699,0.2836,-0.982847,-0.00330121
0.02,2,1.2,1.20089,0.100179,-0.227177,-0.000893941
0.02,3,0,0,0,0,0
0.02,4,-0.4,-0.402999,-0.213878,0.130932,0.00299909
0.02,5,0,0,0,0,0
0.03,0,0,0,0,0,0
0.03,1,-0.8,-0.79336,0.371512,-1.38016,-0.00664049
0.03,2,1.2,1.20226,0.165307,-0.398268,-0.00225512
0.03,3,0,0,0,0,0
0.03,4,-0.4,-0.40506,-0.191605,0.136286,0.00506038
0.03,5,0,0,0,0,0
0.04,0,0,0,0,0,0
0.04,1,-0.8,-0.789258,0.439158,-1.74714,-0.0107418
0.04,2,1.2,1.20425,0.226588,-0.580675,-0.00424998
0.04,3,0,0,0,0,0
0.04,4,-0.4,-0.406654,-0.128913,0.117692,0.00665443
0.04,5,0,0,0,0,0
0.05,0,0,0,0,0,0
0.05,1,-0.8,-0.784566,0.491833,-2.09285,-0.0154339
0.05,2,1.2,1.20682,0.281133,-0.766927,-0.00682205
0.05,3,0,0,0,0,0
0.05,4,-0.4,-0.407507,-0.0480056,0.0840564,0.0075067
0.05,5,0,0,0,0,0
0.06,0,0,0,0,0,0
0.06,1,-0.8,-0.779414,0.532665,-2.42142,-0.0205856
0.06,2,1.2,1.2099,0.327782,-0.952464,-0.00989669
0.06,3,0,0,0,0,0
0.06,4,-0.4,-0.407519,0.0368425,0.0417314,0.00751908
0.06,5,0,0,0,0,0
0.07,0,0,0,0,0,0
0.07,1,-0.8,-0.77391,0.563557,-2.73426,-0.0260898
0.07,2,1.2,1.21339,0.366159,-1.13409,-0.0133924
0.07,3,0,0,0,0,0
0.07,4,-0.4,-0.406703,0.117015,-0.00488035,0.00670341
0.07,5,0,0,0,0,0
0.08,0,0,0,0,0,0
0.08,1,-0.8,-0.768146,0.585705,-3.03128,-0.031854
0.08,2,1.2,1.21723,0.396296,-1.30939,-0.0172265
0.08,3,0,0,0,0,0
0.08,4,-0.4,-0.405135,0.18773,-0.0527828,0.00513529
0.08,5,0,0,0,0,0
0.09,0,0,0,0,0,0
0.09,1,-0.8,-0.762205,0.599905,-3.31154,-0.0377955
0.09,2,1.2,1.22132,0.418456,-1.47645,-0.0213178
0.09,3,0,0,0,0,0
0.09,4,-0.4,-0.402923,0.246709,-0.0999671,0.00292345
0.09,5,0,0,0,0,0
0.1,0,0,0,0,0,0
0.1,1,-0.8,-0.756162,0.606744,-3.57375,-0.043838
0.1,2,1.2,1.22559,0.43304,-1.63374,-0.0255886
0.1,3,0,0,0,0,0
0.1,4,-0.4,-0.40019,0.293258,-0.145108,0.000190081
0.1,5,0,0,0,0,0
0.11,0,0,0,0,0,0
0.11,1,-0.8,-0.750089,0.606714,-3.81657,-0.0499108
0.11,2,1.2,1.22997,0.440534,-1.78004,-0.0299659
0.11,3,0,0,0,0,0
0.11,4,-0.4,-0.397059,0.327642,-0.187352,-0.00294137
0.11,5,0,0,0,0,0
0.12,0,0,0,0,0,0
0.12,1,-0.8,-0.744052,0.600284,-4.03876,-0.0559476
0.12,2,1.2,1.23438,0.441472,-1.91439,-0.0343815
0.12,3,0,0,0,0,0
0.12,4,-0.4,-0.393647,0.350674,-0.226164,-0.0063534
0.12,5,0,0,0,0,0
0.13,0,0,0,0,0,0
0.13,1,-0.8,-0.738113,0.587937,-4.2393,-0.0618872
0.13,2,1.2,1.23877,0.436424,-2.03604,-0.0387732
0.13,3,0,0,0,0,0
0.13,4,-0.4,-0.390062,0.363451,-0.261232,-0.00993838
0.13,5,0,0,0,0,0
0.14,0,0,0,0,0,0
0.14,1,-0.8,-0.732327,0.570184,-4.41748,-0.0676732
0.14,2,1.2,1.24308,0.425975,-2.14448,-0.0430842
0.14,3,0,0,0,0,0
0.14,4,-0.4,-0.3864,0.367186,-0.292396,-0.0136004
0.14,5,0,0,0,0,0
0.15,0,0,0,0,0,0
0.15,1,-0.8,-0.726746,0.547576,-4.57291,-0.0732545
0.15,2,1.2,1.24726,0.410723,-2.23936,-0.0472638
0.15,3,0,0,0,0,0
0.15,4,-0.4,-0.382744,0.363109,-0.319601,-0.0172558
0.15,5,0,0,0,0,0
0.16,0,0,0,0,0,0
0.16,1,-0.8,-0.721414,0.520693,-4.70551,-0.0785856
0.16,2,1.2,1.25127,0.391267,-2.32055,-0.0512672
0.16,3,0,0,0,0,0
0.16,4,-0.4,-0.379167,0.352406,-0.342867,-0.020833
0.16,5,0,0,0,0,0
0.17,0,0,0,0,0,0
0.17,1,-0.8,-0.716373,0.490142,-4.81552,-0.0836273
0.17,2,1.2,1.25506,0.368208,-2.38809,-0.0550558
0.17,3,0,0,0,0,0
0.17,4,-0.4,-0.375728,0.33619,-0.362271,-0.024272
0.17,5,0,0,0,0,0
0.18,0,0,0,0,0,0
0.18,1,-0.8,-0.711654,0.456543,-4.90348,-0.0883462
0.18,2,1.2,1.2586,0.342139,-2.44218,-0.0585967
0.18,3,0,0,0,0,0
0.18,4,-0.4,-0.372477,0.31549,-0.377932,-0.0275233
0.18,5,0,0,0,0,0
0.19,0,0,0,0,0,0
0.19,1,-0.8,-0.707285,0.420518,-4.97017,-0.0927152
0.19,2,1.2,1.26186,0.313646,-2.48319,-0.0618631
0.19,3,0,0,0,0,0
0.19,4,-0.4,-0.369453,0.291246,-0.390002,-0.0305474
0.19,5,0,0,0,0,0
0.2,0,0,0,0,0,0
0.2,1,-0.8,-0.703286,0.382682,-5.01659,-0.0967136
0.2,2,1.2,1.26483,0.283299,-2.51162,-0.064834
0.2,3,0,0,0,0,0
0.2,4,-0.4,-0.366686,0.264309,-0.398663,-0.0333136
0.2,5,0,0,0,0,0
0.21,0,0,0,0,0,0
0.21,1,-0.8,-0.699674,0.343629,-5.04394,-0.100326
0.21,2,1.2,1.26749,0.251651,-2.52811,-0.0674938
0.21,3,0,0,0,0,0
0.21,4,-0.4,-0.364201,0.235448,-0.404118,-0.0357993
0.21,5,0,0,0,0,0
0.22,0,0,0,0,0,0
0.22,1,-0.8,-0.696455,0.303927,-5.05356,-0.103545
0.22,2,1.2,1.26983,0.219228,-2.53343,-0.0698324
0.22,3,0,0,0,0,0
0.22,4,-0.4,-0.362011,0.205355,-0.406589,-0.037989
0.22,5,0,0,0,0,0
0.23,0,0,0,0,0,0
0.23,1,-0.8,-0.693635,0.264109,-5.04692,-0.106365
0.23,2,1.2,1.27184,0.186531,-2.52841,-0.0718449
0.23,3,0,0,0,0,0
0.23,4,-0.4,-0.360126,0.174649,-0.406316,-0.0398739
0.23,5,0,0,0,0,0
0.24,0,0,0,0,0,0
0.24,1,-0.8,-0.691212,0.224666,-5.02553,-0.108788
0.24,2,1.2,1.27353,0.154026,-2.51398,-0.0735311
0.24,3,0,0,0,0,0
0.24,4,-0.4,-0.358549,0.143881,-0.403549,-0.041451
0.24,5,0,0,0,0,0
0.25,0,0,0,0,0,0
0.25,1,-0.8,-0.689178,0.186045,-4.99101,-0.110822
0.25,2,1.2,1.2749,0.12214,-2.49114,-0.0748953
0.25,3,0,0,0,0,0
0.25,4,-0.4,-0.357278,0.113541,-0.39855,-0.0427224
0.25,5,0,0,0,0,0
0.26,0,0,0,0,0,0
0.26,1,-0.8,-0.687525,0.148643,-4.94495,-0.112475
0.26,2,1.2,1.27595,0.0912627,-2.4609,-0.0759459
0.26,3,0,0,0,0,0
0.26,4,-0.4,-0.356305,0.084053,-0.391585,-0.0436948
0.26,5,0,0,0,0,0
0.27,0,0,0,0,0,0
0.27,1,-0.8,-0.686237,0.112809,-4.88896,-0.113763
0.27,2,1.2,1.27669,0.0617363,-2.42432,-0.0766948
0.27,3,0,0,0,0,0
0.27,4,-0.4,-0.355621,0.0557871,-0.382923,-0.0443787
0.27,5,0,0,0,0,0
0.28,0,0,0,0,0,0
0.28,1,-0.8,-0.685297,0.0788394,-4.82463,-0.114703
0.28,2,1.2,1.27716,0.0338582,-2.38244,-0.0771574
0.28,3,0,0,0,0,0
0.28,4,-0.4,-0.355212,0.0290557,-0.372833,-0.0447882
0.28,5,0,0,0,0,0
0.29,0,0,0,0,0,0
0.29,1,-0.8,-0.684686,0.0469823,-4.75352,-0.115314
0.29,2,1.2,1.27735,0.00787764,-2.3363,-0.0773514
0.29,3,0,0,0,0,0
0.29,4,-0.4,-0.35506,0.00411722,-0.361579,-0.04494
0.29,5,0,0,0,0,0
0.3,0,0,0,0,0,0
0.3,1,-0.8,-0.68438,0.017437,-4.6771,-0.11562
0.3,2,1.2,1.2773,-0.0160044,-2.2869,-0.0772971
0.3,3,0,0,0,0,0
0.3,4,-0.4,-0.355147,-0.0188215,-0.349416,-0.0448533
0.3,5,0,0,0,0,0
0.31,0,0,0,0,0,0
0.31,1,-0.8,-0.684357,-0.00964384,-4.59679,-0.115643
0.31,2,1.2,1.27702,-0.0376346,-2.23522,-0.0770161
0.31,3,0,0,0,0,0
0.31,4,-0.4,-0.355451,-0.0396033,-0.33659,-0.0445489
0.31,5,0,0,0,0,0
0.32,0,0,0,0,0,0
0.32,1,-0.8,-0.68459,-0.0341515,-4.51393,-0.11541
0.32,2,1.2,1.27653,-0.056906,-2.18214,-0.0765318
0.32,3,0,0,0,0,0
0.32,4,-0.4,-0.355951,-0.0581182,-0.323334,-0.0440492
0.32,5,0,0,0,0,0
0.33,0,0,0,0,0,0
0.33,1,-0.8,-0.685054,-0.0560184,-4.42977,-0.114946
0.33,2,1.2,1.27587,-0.0737559,-2.12853,-0.0758681
0.33,3,0,0,0,0,0
0.33,4,-0.4,-0.356623,-0.0743006,-0.309866,-0.043377
0.33,5,0,0,0,0,0
0.34,0,0,0,0,0,0
0.34,1,-0.8,-0.685722,-0.075215,-4.34546,-0.114278
0.34,2,1.2,1.27505,-0.0881631,-2.07515,-0.0750493
0.34,3,0,0,0,0,0
0.34,4,-0.4,-0.357444,-0.0881258,-0.296386,-0.0425561
0.34,5,0,0,0,0,0
0.35,0,0,0,0,0,0
0.35,1,-0.8,-0.686568,-0.0917463,-4.26205,-0.113432
0.35,2,1.2,1.2741,-0.100145,-2.0227,-0.0740998
0.35,3,0,0,0,0,0
0.35,4,-0.4,-0.35839,-0.0996066,-0.283075,-0.0416097
0.35,5,0,0,0,0,0
0.36,0,0,0,0,0,0
0.36,1,-0.8,-0.687564,-0.105649,-4.1805,-0.112436
0.36,2,1.2,1.27304,-0.109752,-1.9718,-0.0730435
0.36,3,0,0,0,0,0
0.36,4,-0.4,-0.359439,-0.10879,-0.270095,-0.0405613
0.36,5,0,0,0,0,0
0.37,0,0,0,0,0,0
0.37,1,-0.8,-0.688685,-0.116989,-4.10165,-0.111315
0.37,2,1.2,1.2719,-0.117066,-1.92299,-0.0719039
0.37,3,0,0,0,0,0
0.37,4,-0.4,-0.360567,-0.115752,-0.25759,-0.0394333
0.37,5,0,0,0,0,0
0.38,0,0,0,0,0,0
0.38,1,-0.8,-0.689905,-0.125854,-4.02623,-0.110095
0.38,2,1.2,1.2707,-0.122194,-1.87671,-0.0707033
0.38,3,0,0,0,0,0
0.38,4,-0.4,-0.361753,-0.120595,-0.245682,-0.0382474
0.38,5,0,0,0,0,0
0.39,0,0,0,0,0,0
0.39,1,-0.8,-0.691202,-0.132356,-3.95487,-0.108798
0.39,2,1.2,1.26946,-0.125266,-1.83335,-0.0694629
0.39,3,0,0,0,0,0
0.39,4,-0.4,-0.362976,-0.123442,-0.234473,-0.0370242
0.39,5,0,0,0,0,0
0.4,0,0,0,0,0,0
0.4,1,-0.8,-0.69255,-0.136626,-3.88811,-0.10745
0.4,2,1.2,1.2682,-0.126428,-1.79321,-0.0682023
0.4,3,0,0,0,0,0
0.4,4,-0.4,-0.364217,-0.124435,-0.224046,-0.0357829
0.4,5,0,0,0,0,0
0.41,0,0,0,0,0,0
0.41,1,-0.8,-0.69393,-0.138806,-3.82637,-0.10607
0.41,2,1.2,1.26694,-0.125839,-1.75652,-0.0669399
0.41,3,0,0,0,0,0
0.41,4,-0.4,-0.365459,-0.123726,-0.214466,-0.0345411
0.41,5,0,0,0,0,0
0.42,0,0,0,0,0,0
0.42,1,-0.8,-0.695321,-0.139056,-3.76998,-0.104679
0.42,2,1.2,1.26569,-0.12367,-1.72343,-0.0656922
0.42,3,0,0,0,0,0
0.42,4,-0.4,-0.366685,-0.121481,-0.205779,-0.033315
0.42,5,0,0,0,0,0
0.43,0,0,0,0,0,0
0.43,1,-0.8,-0.696705,-0.137542,-3.71918,-0.103295
0.43,2,1.2,1.26447,-0.120094,-1.69403,-0.0644741
0.43,3,0,0,0,0,0
0.43,4,-0.4,-0.367881,-0.117869,-0.198017,-0.032119
0.43,5,0,0,0,0,0
0.44,0,0,0,0,0,0
0.44,1,-0.8,-0.698064,-0.134436,-3.67411,-0.101936
0.44,2,1.2,1.2633,-0.115289,-1.66838,-0.0632986
0.44,3,0,0,0,0,0
0.44,4,-0.4,-0.369034,-0.113062,-0.191195,-0.0309658
0.44,5,0,0,0,0,0
0.45,0,0,0,0,0,0
0.45,1,-0.8,-0.699385,-0.129918,-3.63485,-0.100615
0.45,2,1.2,1.26218,-0.109432,-1.64645,-0.0621772
0.45,3,0,0,0,0,0
0.45,4,-0.4,-0.370134,-0.107234,-0.185315,-0.0298665
0.45,5,0,0,0,0,0
0.46,0,0,0,0,0,0
0.46,1,-0.8,-0.700654,-0.124166,-3.60136,-0.0993465
0.46,2,1.2,1.26112,-0.102697,-1.62818,-0.0611192
0.46,3,0,0,0,0,0
0.46,4,-0.4,-0.37117,-0.100554,-0.180365,-0.0288303
0.46,5,0,0,0,0,0
0.47,0,0,0,0,0,0
0.47,1,-0.8,-0.701859,-0.11736,-3.57358,-0.0981415
0.47,2,1.2,1.26013,-0.0952533,-1.61347,-0.0601327
0.47,3,0,0,0,0,0
0.47,4,-0.4,-0.372135,-0.0931865,-0.176325,-0.0278647
0.47,5,0,0,0,0,0
0.48,0,0,0,0,0,0
0.48,1,-0.8,-0.702991,-0.109677,-3.55135,-0.0970095
0.48,2,1.2,1.25922,-0.0872628,-1.60219,-0.0592237
0.48,3,0,0,0,0,0
0.48,4,-0.4,-0.373024,-0.0852915,-0.173162,-0.0269759
0.48,5,0,0,0,0,0
0.49,0,0,0,0,0,0
0.49,1,-0.8,-0.704042,-0.101288,-3.53447,-0.0959583
0.49,2,1.2,1.2584,-0.078879,-1.59415,-0.0583969
0.49,3,0,0,0,0,0
0.49,4,-0.4,-0.373832,-0.0770186,-0.170837,-0.0261683
0.49,5,0,0,0,0,0
0.5,0,0.000498573,0,0,0.0199429,0.000498573
0.5,1,-0.800071,-0.705006,-0.0923593,-3.52554,-0.0950654
0.5,2,1.20007,1.25766,-0.0702455,-1.58704,-0.0575842
0.5,3,3.53265e-09,0,0,3.53265e-08,3.53265e-09
0.5,4,-0.4,-0.374555,-0.068509,-0.169303,-0.0254447
0.5,5,-1.3865e-09,0,0,-6.93249e-09,-1.3865e-09
0.51,0,0.0054843,1.43443e-05,0.00354973,0.208149,0.00546995
0.51,1,-0.800783,-0.705892,-0.0862431,-3.53692,-0.0948913
0.51,2,1.20078,1.25702,-0.0562598,-1.57469,-0.0562404
0.51,3,3.88592e-08,1.43209e-05,0.00335114,-0.0021535,-1.4282e-05
0.51,4,-0.4,-0.375202,-0.0617779,-0.167496,-0.0247981
0.51,5,-1.52515e-08,-9.31455e-06,-0.00202906,0.000655214,9.2993e-06
0.52,0,0.01047,9.71457e-05,0.0129731,0.375996,0.0103729
0.52,1,-0.801496,-0.706734,-0.0826076,-3.54266,-0.094762
0.52,2,1.2015,1.25656,-0.0384414,-1.57499,-0.0550625
0.52,3,7.41857e-08,8.20388e-05,0.00980937,-0.00670527,-8.19646e-05
0.52,4,-0.4,-0.375783,-0.0549518,-0.166259,-0.0242168
0.52,5,-2.91165e-08,-4.29271e-05,-0.00427316,0.00149644,4.2898e-05
0.53,0,0.0154557,0.000302944,0.0275185,0.523557,0.0151528
0.53,1,-0.802208,-0.707543,-0.0794663,-3.54822,-0.0946655
0.53,2,1.20221,1.25627,-0.0205374,-1.58087,-0.054065
0.53,3,1.09512e-07,0.000219652,0.0169968,-0.0123935,-0.000219542
0.53,4,-0.4,-0.376289,-0.0467493,-0.166316,-0.0237113
0.53,5,-4.29815e-08,-9.08668e-05,-0.004962,0.00194272,9.08238e-05
0.54,0,0.0204415,0.000679097,0.0464896,0.651026,0.0197624
0.54,1,-0.80292,-0.708319,-0.0761713,-3.55552,-0.0946009
0.54,2,1.20292,1.25616,-0.00375915,-1.5897,-0.0532407
0.54,3,1.44839e-07,0.000427481,0.023762,-0.0185305,-0.000427336
0.54,4,-0.4,-0.376706,-0.0375704,-0.167565,-0.0232938
0.54,5,-5.68464e-08,-0.000136772,-0.00408216,0.00190823,0.000136715
0.55,0,0.0254272,0.00126619,0.0692229,0.758772,0.024161
0.55,1,-0.803632,-0.709061,-0.0725638,-3.56515,-0.0945711
0.55,2,1.20363,1.25621,0.011541,-1.60037,-0.0525763
0.55,3,1.80165e-07,0.000697693,0.0295055,-0.0246784,-0.000697513
0.55,4,-0.4,-0.37703,-0.028068,-0.169728,-0.0229703
0.55,5,-7.07114e-08,-0.000167418,-0.0021088,0.00146938,0.000167347
0.56,0,0.0304129,0.00209832,0.0950827,0.847336,0.0283146
0.56,1,-0.804345,-0.709766,-0.0686687,-3.57715,-0.0945789
0.56,2,1.20434,1.2564,0.025302,-1.6123,-0.0520564
0.56,3,2.15492e-07,0.00101818,0.033916,-0.0305293,-0.00101797
0.56,4,-0.4,-0.377259,-0.0187725,-0.172542,-0.0227411
0.56,5,-8.45764e-08,-0.000174795,0.000433703,0.00074344,0.00017471
0.57,0,0.0353987,0.00320339,0.123461,0.917427,0.0321953
0.57,1,-0.805057,-0.71043,-0.064579,-3.59134,-0.0946268
0.57,2,1.20506,1.25672,0.0375611,-1.6251,-0.0516658
0.57,3,2.50818e-07,0.00137476,0.0368577,-0.0358597,-0.00137451
0.57,4,-0.4,-0.377398,-0.0100372,-0.175797,-0.0226019
0.57,5,-9.84414e-08,-0.000155703,0.00310925,-0.000154754,0.000155604
0.58,0,0.0403844,0.00460339,0.15378,0.969899,0.035781
0.58,1,-0.805769,-0.711053,-0.0604098,-3.60742,-0.0947162
0.58,2,1.20577,1.25716,0.0483886,-1.63847,-0.0513898
0.58,3,2.86145e-07,0.00175255,0.038313,-0.0405104,-0.00175226
0.58,4,-0.4,-0.377454,-0.00206867,-0.179334,-0.0225461
0.58,5,-1.12306e-07,-0.00011066,0.00559931,-0.00112705,0.000110548
0.59,0,0.0453701,0.00631469,0.185495,1.00573,0.0390554
0.59,1,-0.806481,-0.711634,-0.0562774,-3.62505,-0.0948472
0.59,2,1.20648,1.2577,0.0578652,-1.65217,-0.0512146
0.59,3,3.21471e-07,0.002137,0.0383479,-0.0443755,-0.00213668
0.59,4,-0.4,-0.377435,0.00503087,-0.183037,-0.0225652
0.59,5,-1.26171e-07,-4.27542e-05,0.00769513,-0.0020954,4.2628e-05
0.6,0,0.0503558,0.0083484,0.218095,1.02601,0.0420074
0.6,1,-0.807194,-0.712175,-0.0522901,-3.64388,-0.0950187
0.6,2,1.20719,1.25832,0.0660746,-1.66596,-0.0511272
0.6,3,3.56798e-07,0.00251454,0.0370863,-0.0473937,-0.00251419
0.6,4,-0.4,-0.37735,0.0112277,-0.186816,-0.0226503
0.6,5,-1.40036e-07,4.33589e-05,0.00927889,-0.00300116,-4.34989e-05
0.61,0,0.0553416,0.0107108,0.251107,1.03191,0.0446308
0.61,1,-0.807906,-0.712677,-0.0485428,-3.66353,-0.0952289
0.61,2,1.20791,1.25902,0.073101,-1.67966,-0.0511152
0.61,3,3.92124e-07,0.00287309,0.0346909,-0.0495416,-0.0028727
0.61,4,-0.4,-0.377207,0.0165306,-0.190605,-0.0227924
0.61,5,-1.53901e-07,0.000142248,0.0103033,-0.003803,-0.000142402
0.62,0,0.0603273,0.0134035,0.284097,1.02466,0.0469238
0.62,1,-0.808618,-0.713143,-0.0451157,-3.68365,-0.0954749
0.62,2,1.20862,1.25979,0.079028,-1.69308,-0.0511675
0.62,3,4.27451e-07,0.00320231,0.0313467,-0.0508269,-0.00320189
0.62,4,-0.4,-0.377017,0.0209735,-0.194349,-0.0229828
0.62,5,-1.67766e-07,0.000248309,0.0107729,-0.00447427,-0.000248477
0.63,0,0.065313,0.0164241,0.31667,1.00555,0.0488889
0.63,1,-0.80933,-0.713577,-0.0420732,-3.7039,-0.0957531
0.63,2,1.20933,1.2606,0.0839384,-1.70608,-0.0512733
0.63,3,4.62778e-07,0.00349378,0.0272481,-0.0512821,-0.00349332
0.63,4,-0.4,-0.376787,0.024604,-0.198007,-0.0232132
0.63,5,-1.81631e-07,0.000356195,0.0107285,-0.00500042,-0.000356376
0.64,0,0.0702987,0.0197665,0.348473,0.975872,0.0505323
0.64,1,-0.810043,-0.713983,-0.0394641,-3.72398,-0.0960593
0.64,2,1.21004,1.26147,0.0879138,-1.71852,-0.051423
0.64,3,4.98104e-07,0.00374102,0.0225896,-0.050959,-0.00374052
0.64,4,-0.4,-0.376524,0.0274762,-0.201543,-0.0234756
0.64,5,-1.95496e-07,0.000461099,0.0102335,-0.00537653,-0.000461294
0.65,0,0.0752845,0.0234212,0.379192,0.936956,0.0518633
0.65,1,-0.810755,-0.714366,-0.0373224,-3.7436,-0.0963891
0.65,2,1.21076,1.26236,0.0910346,-1.7303,-0.0516077
0.65,3,5.33431e-07,0.00393948,0.0175574,-0.0499239,-0.00393894
0.65,4,-0.4,-0.376237,0.0296469,-0.204926,-0.0237628
0.65,5,-2.09361e-07,0.00055893,0.00936461,-0.00560508,-0.000559139
0.66,0,0.0802702,0.0273758,0.408556,0.890108,0.0528944
0.66,1,-0.811467,-0.71473,-0.0356688,-3.7625,-0.0967376
0.66,2,1.21147,1.26329,0.0933793,-1.74134,-0.0518193
0.66,3,5.68757e-07,0.00408637,0.0123243,-0.0482525,-0.0040858
0.66,4,-0.4,-0.375932,0.0311728,-0.208132,-0.0240682
0.66,5,-2.23226e-07,0.000646396,0.00820327,-0.00569408,-0.000646619
0.67,0,0.0852559,0.0316155,0.436333,0.836617,0.0536404
0.67,1,-0.812179,-0.71508,-0.0345112,-3.78046,-0.0971
0.67,2,1.21218,1.26423,0.0950247,-1.75156,-0.0520504
0.67,3,6.04084e-07,0.00418056,0.00704576,-0.046027,-0.00417995
0.67,4,-0.4,-0.375614,0.0321098,-0.211139,-0.0243855
0.67,5,-2.37091e-07,0.00072102,0.00683034,-0.00565539,-0.000721257
0.68,0,0.0902416,0.0361234,0.462332,0.777735,0.0541182
0.68,1,-0.812892,-0.715421,-0.0338465,-3.79731,-0.0974711
0.68,2,1.21289,1.26519,0.096045,-1.76092,-0.0522945
0.68,3,6.3941e-07,0.00422236,0.0018581,-0.043332,-0.00422172
0.68,4,-0.4,-0.37529,0.0325124,-0.21393,-0.0247092
0.68,5,-2.50956e-07,0.000781109,0.00532194,-0.00550338,-0.00078136
0.69,0,0.0952274,0.0408807,0.486399,0.714669,0.0543466
0.69,1,-0.813604,-0.715758,-0.0336618,-3.81287,-0.0978463
0.69,2,1.2136,1.26615,0.0965119,-1.76939,-0.0525457
0.69,3,6.74737e-07,0.00421333,-0.00312288,-0.0402528,-0.00421265
0.69,4,-0.4,-0.374965,0.0324336,-0.216491,-0.0250343
0.69,5,-2.64821e-07,0.000825695,0.00374686,-0.00525385,-0.000825959
0.7,0,0.100213,0.0458675,0.508418,0.648568,0.0543455
0.7,1,-0.814316,-0.716095,-0.0339361,-3.82703,-0.0982208
0.7,2,1.21432,1.26712,0.0964939,-1.77695,-0.0527988
0.7,3,7.10063e-07,0.00415608,-0.00780182,-0.0368726,-0.00415537
0.7,4,-0.4,-0.374644,0.0319248,-0.218812,-0.0253561
0.7,5,-2.78686e-07,0.000854446,0.00216502,-0.00492313,-0.000854725
0.71,0,0.105199,0.0510629,0.528307,0.580516,0.0541359
0.71,1,-0.815028,-0.716438,-0.0346411,-3.83968,-0.0985902
0.71,2,1.21503,1.26808,0.0960563,-1.78359,-0.0530494
0.71,3,7.4539e-07,0.00405407,-0.0121032,-0.0332713,-0.00405332
0.71,4,-0.4,-0.374329,0.0310364,-0.220884,-0.0256708
0.71,5,-2.92551e-07,0.000867582,0.000626841,-0.00452743,-0.000867875
0.72,0,0.110185,0.0564452,0.546018,0.51152,0.0537394
0.72,1,-0.815741,-0.71679,-0.0357429,-3.85078,-0.0989503
0.72,2,1.21574,1.26903,0.0952608,-1.78933,-0.0532936
0.72,3,7.80716e-07,0.00391139,-0.0159701,-0.0295241,-0.00391061
0.72,4,-0.4,-0.374025,0.0298172,-0.222706,-0.0259747
0.72,5,-3.06416e-07,0.000865771,-0.000826838,-0.00408234,-0.000866078
0.73,0,0.11517,0.0619925,0.561533,0.442512,0.0531778
0.73,1,-0.816453,-0.717156,-0.0372032,-3.86028,-0.0992973
0.73,2,1.21645,1.26998,0.0941656,-1.79417,-0.0535281
0.73,3,8.16043e-07,0.00373263,-0.0193628,-0.0257004,-0.00373181
0.73,4,-0.4,-0.373735,0.0283149,-0.224276,-0.0262648
0.73,5,-3.20281e-07,0.00085004,-0.00216435,-0.0036025,-0.00085036
0.74,0,0.120156,0.0676829,0.574861,0.374338,0.0524731
0.74,1,-0.817165,-0.717537,-0.0389804,-3.86818,-0.099628
0.74,2,1.21717,1.27092,0.0928246,-1.79816,-0.0537503
0.74,3,8.51369e-07,0.00352266,-0.0222571,-0.0218639,-0.00352181
0.74,4,-0.4,-0.373461,0.0265758,-0.225596,-0.0265385
0.74,5,-3.34146e-07,0.000821684,-0.00336254,-0.00310133,-0.000822018
0.75,0,0.125142,0.0734948,0.58604,0.307758,0.0516469
0.75,1,-0.817877,-0.717938,-0.0410306,-3.87448,-0.0999394
0.75,2,1.21788,1.27184,0.0912882,-1.80132,-0.053958
0.75,3,8.86696e-07,0.00328655,-0.0246423,-0.0180713,-0.00328567
0.75,4,-0.4,-0.373206,0.0246446,-0.226673,-0.0267938
0.75,5,-3.48011e-07,0.000782188,-0.00440585,-0.00259093,-0.000782536
0.76,0,0.130127,0.0794068,0.595127,0.243444,0.0507206
0.76,1,-0.81859,-0.718361,-0.0433089,-3.87923,-0.100229
0.76,2,1.21859,1.27274,0.0896025,-1.80369,-0.0541494
0.76,3,9.22022e-07,0.00302939,-0.0265197,-0.0143728,-0.00302847
0.76,4,-0.4,-0.372971,0.0225642,-0.227513,-0.0270289
0.76,5,-3.61876e-07,0.000733155,-0.00528542,-0.00208196,-0.000733517
0.77,0,0.135113,0.0853986,0.602201,0.181979,0.0497145
0.77,1,-0.819302,-0.718807,-0.0457699,-3.88248,-0.100495
0.77,2,1.2193,1.27363,0.0878097,-1.80532,-0.0543234
0.77,3,9.57349e-07,0.00275619,-0.0279006,-0.010812,-0.00275524
0.77,4,-0.4,-0.372757,0.0203757,-0.228128,-0.0272425
0.77,5,-3.75741e-07,0.000676243,-0.00599812,-0.00158366,-0.000676619
0.78,0,0.140099,0.0914506,0.607358,0.123859,0.0486483
0.78,1,-0.820014,-0.719279,-0.0483691,-3.8843,-0.100735
0.78,2,1.22001,1.27449,0.0859481,-1.80627,-0.054479
0.78,3,9.92675e-07,0.00247183,-0.0288045,-0.00742572,-0.00247084
0.78,4,-0.4,-0.372566,0.0181178,-0.22853,-0.0274339
0.78,5,-3.89606e-07,0.000613117,-0.00654553,-0.00110387,-0.000613506
0.79,0,0.145085,0.097544,0.61071,0.0694932,0.0475406
0.79,1,-0.820726,-0.719778,-0.0510629,-3.88477,-0.100949
0.79,2,1.22073,1.27534,0.0840523,-1.80658,-0.0546158
0.79,3,1.028e-06,0.00218094,-0.0292577,-0.00424443,-0.00217991
0.79,4,-0.4,-0.372397,0.0158266,-0.228733,-0.0276025
0.79,5,-4.03471e-07,0.000545401,-0.00693316,-0.000649073,-0.000545804
0.8,0,0.15007,0.103662,0.61238,0.0192086,0.0464087
0.8,1,-0.821439,-0.720303,-0.0538099,-3.88399,-0.101135
0.8,2,1.22144,1.27617,0.082153,-1.80631,-0.0547336
0.8,3,1.06333e-06,0.00188784,-0.029292,-0.00129254,-0.00188678
0.8,4,-0.399999,-0.372251,0.0135357,-0.228753,-0.0277481
0.8,5,-4.17336e-07,0.000474648,-0.00716951,-0.000224475,-0.000475066
0.81,0,0.155056,0.109787,0.6125,-0.0267485,0.0452688
0.81,1,-0.822151,-0.720857,-0.056571,-3.88206,-0.101294
0.81,2,1.22215,1.27698,0.0802774,-1.80553,-0.0548325
0.81,3,1.09866e-06,0.00159654,-0.0289429,0.00141134,-0.00159544
0.81,4,-0.399999,-0.372128,0.0112755,-0.228606,-0.027871
0.81,5,-4.31201e-07,0.000402315,-0.00726546,0.000165909,-0.000402746
0.82,0,0.160042,0.115906,0.611209,-0.0682073,0.0441355
0.82,1,-0.822863,-0.721437,-0.05931,-3.8791,-0.101426
0.82,2,1.22286,1.27778,0.0784493,-1.80429,-0.0549129
0.82,3,1.13398e-06,0.00131066,-0.0282487,0.00385399,-0.00130952
0.82,4,-0.399999,-0.372028,0.00907342,-0.228309,-0.0279716
0.82,5,-4.45066e-07,0.000329736,-0.00723352,0.000519153,-0.000330181
0.83,0,0.165028,0.122005,0.608652,-0.105068,0.0430222
0.83,1,-0.823576,-0.722045,-0.0619939,-3.87523,-0.10153
0.83,2,1.22358,1.27855,0.076689,-1.80264,-0.0549754
0.83,3,1.16931e-06,0.00103343,-0.0272496,0.00602714,-0.00103226
0.83,4,-0.399999,-0.371949,0.00695349,-0.227881,-0.0280505
0.83,5,-4.58931e-07,0.000258116,-0.00708734,0.000833328,-0.000258575
0.84,0,0.170013,0.128072,0.604976,-0.137296,0.0419408
0.84,1,-0.824288,-0.72268,-0.0645931,-3.87055,-0.101608
0.84,2,1.22429,1.27931,0.075014,-1.80065,-0.0550207
0.84,3,1.20463e-06,0.000767682,-0.0259864,0.0079271,-0.000766477
0.84,4,-0.399999,-0.371891,0.00493659,-0.227339,-0.0281089
0.84,5,-4.72796e-07,0.00018852,-0.0068412,0.0011074,-0.000188993
0.85,0,0.174999,0.134097,0.600327,-0.164919,0.0409016
0.85,1,-0.825,-0.723339,-0.0670816,-3.86518,-0.101661
0.85,2,1.225,1.28005,0.0734387,-1.79837,-0.0550499
0.85,3,1.23996e-06,0.000515825,-0.0245002,0.00955426,-0.000514585
0.85,4,-0.399999,-0.371852,0.00304025,-0.226702,-0.0281477
0.85,5,-4.86661e-07,0.000121867,-0.00650958,0.0013411,-0.000122354
0.86,0,0.179985,0.140071,0.594852,-0.188016,0.0399135
0.86,1,-0.825712,-0.724023,-0.0694373,-3.85925,-0.101689
0.86,2,1.22571,1.28078,0.0719748,-1.79586,-0.0550638
0.86,3,1.27529e-06,0.000279868,-0.0228311,0.0109127,-0.000278593
0.86,4,-0.399999,-0.371831,0.00127875,-0.225985,-0.0281683
0.86,5,-5.00526e-07,5.89334e-05,-0.0061069,0.0015349,-5.9434e-05
0.87,0,0.18497,0.145986,0.588693,-0.206716,0.0389841
0.87,1,-0.826425,-0.72473,-0.0716415,-3.85286,-0.101695
0.87,2,1.22643,1.28149,0.0706313,-1.79318,-0.0550638
0.87,3,1.31061e-06,6.14258e-05,-0.0210182,0.0120097,-6.01152e-05
0.87,4,-0.399999,-0.371827,-0.000336796,-0.225208,-0.028172
0.87,5,-5.14391e-07,3.51625e-07,-0.00564717,0.00168982,-8.66016e-07
0.88,0,0.189956,0.151837,0.581989,-0.221192,0.0381194
0.88,1,-0.827137,-0.725458,-0.0736793,-3.84613,-0.101679
0.88,2,1.22714,1.28219,0.0694149,-1.79036,-0.0550511
0.88,3,1.34594e-06,-0.000138272,-0.0190988,0.0128555,0.000139618
0.88,4,-0.399999,-0.371839,-0.00179828,-0.224385,-0.0281605
0.88,5,-5.28256e-07,-5.33823e-05,-0.0051438,0.00180741,5.28541e-05
0.89,0,0.194942,0.157618,0.574871,-0.231652,0.037324
0.89,1,-0.827849,-0.726205,-0.0755392,-3.83915,-0.101644
0.89,2,1.22785,1.28288,0.0683301,-1.78747,-0.0550269
0.89,3,1.38127e-06,-0.000318357,-0.0171082,0.0134623,0.000319738
0.89,4,-0.399999,-0.371864,-0.00310049,-0.223531,-0.0281352
0.89,5,-5.42121e-07,-0.000101902,-0.00460943,0.00188963,0.00010136
0.9,0,0.199928,0.163326,0.567466,-0.238334,0.0366016
0.9,1,-0.828561,-0.72697,-0.0772134,-3.83203,-0.101592
0.9,2,1.22856,1.28355,0.0673791,-1.78454,-0.0549926
0.9,3,1.41659e-06,-0.000478298,-0.0150793,0.0138447,0.000479715
0.9,4,-0.399999,-0.371902,-0.00424083,-0.222662,-0.0280977
0.9,5,-5.55986e-07,-0.000144962,-0.00405578,0.00193877,0.000144406
0.91,0,0.204913,0.168959,0.559891,-0.241502,0.0359542
0.91,1,-0.829274,-0.72775,-0.0786969,-3.82485,-0.101523
0.91,2,1.22927,1.28422,0.0665625,-1.78161,-0.0549495
0.91,3,1.45192e-06,-0.000617882,-0.0130422,0.0140187,0.000619334
0.91,4,-0.399999,-0.37195,-0.0052192,-0.221789,-0.0280498
0.91,5,-5.69851e-07,-0.000182431,-0.00349359,0.00195738,0.000181861
0.92,0,0.209899,0.174516,0.552254,-0.24144,0.0353831
0.92,1,-0.829986,-0.728544,-0.0799878,-3.8177,-0.101442
0.92,2,1.22999,1.28489,0.0658789,-1.77873,-0.054899
0.92,3,1.48725e-06,-0.000737181,-0.0110245,0.0140014,0.000738668
0.92,4,-0.399999,-0.372006,-0.00603766,-0.220925,-0.027993
0.92,5,-5.83716e-07,-0.000214276,-0.0029325,0.00194821,0.000213693
0.93,0,0.214885,0.179997,0.544656,-0.238444,0.0348881
0.93,1,-0.830698,-0.72935,-0.0810872,-3.81065,-0.101348
0.93,2,1.2307,1.28554,0.0653256,-1.77592,-0.0548423
0.93,3,1.52257e-06,-0.000836524,-0.00905074,0.0138109,0.000838047
0.93,4,-0.399999,-0.37207,-0.00670026,-0.22008,-0.0279288
0.93,5,-5.97581e-07,-0.000240557,-0.00238108,0.00191412,0.00023996
0.94,0,0.21987,0.185402,0.537187,-0.232822,0.0344685
0.94,1,-0.83141,-0.730166,-0.0819982,-3.80376,-0.101244
0.94,2,1.23141,1.28619,0.0648984,-1.77322,-0.0547809
0.94,3,1.5579e-06,-0.000916474,-0.00714248,0.0134658,0.000918032
0.94,4,-0.399999,-0.37214,-0.00721277,-0.219264,-0.0278588
0.94,5,-6.11446e-07,-0.000261413,-0.00184678,0.00185804,0.000260801
0.95,0,0.224856,0.190734,0.529928,-0.224884,0.0341225
0.95,1,-0.832123,-0.73099,-0.0827265,-3.7971,-0.101132
0.95,2,1.23212,1.28684,0.0645917,-1.77066,-0.0547158
0.95,3,1.59323e-06,-0.00097779,-0.00531845,0.0129849,0.000979384
0.95,4,-0.399999,-0.372215,-0.00758241,-0.218485,-0.0277846
0.95,5,-6.25311e-07,-0.000277049,-0.00133593,0.0017829,0.000276424
0.96,0,0.229842,0.195994,0.522948,-0.214941,0.0338476
0.96,1,-0.832835,-0.731821,-0.0832793,-3.79072,-0.101014
0.96,2,1.23284,1.28748,0.0643993,-1.76825,-0.0546483
0.96,3,1.62855e-06,-0.0010214,-0.0035944,0.012387,0.00102303
0.96,4,-0.399999,-0.372292,-0.00781762,-0.21775,-0.0277073
0.96,5,-6.39176e-07,-0.000287731,-0.000853813,0.0016916,0.000287092
0.97,0,0.234828,0.201187,0.516309,-0.203301,0.0336406
0.97,1,-0.833547,-0.732656,-0.0836657,-3.78464,-0.100891
0.97,2,1.23355,1.28813,0.0643135,-1.76601,-0.0545795
0.97,3,1.66388e-06,-0.00104839,-0.00198328,0.0116905,0.00105005
0.97,4,-0.399999,-0.372371,-0.00792784,-0.217063,-0.0276284
0.97,5,-6.53041e-07,-0.00029377,-0.000404665,0.00158699,0.000293117
0.98,0,0.239813,0.206315,0.510061,-0.190264,0.033498
0.98,1,-0.834259,-0.733494,-0.0838962,-3.77892,-0.100765
0.98,2,1.23426,1.28877,0.0643265,-1.76396,-0.0545103
0.98,3,1.69921e-06,-0.00105993,-0.00049531,0.0109135,0.00106163
0.98,4,-0.399999,-0.37245,-0.00792325,-0.216431,-0.0275491
0.98,5,-6.66906e-07,-0.000295515,8.25092e-06,0.00147176,0.000294848
0.99,0,0.244799,0.211384,0.504246,-0.176121,0.0334154
0.99,1,-0.834972,-0.734334,-0.0839821,-3.77357,-0.100638
0.99,2,1.23497,1.28941,0.0644294,-1.76211,-0.0544418
0.99,3,1.73453e-06,-0.00105731,0.000861884,0.0100733,0.00105905
0.99,4,-0.399999,-0.372529,-0.0078146,-0.215855,-0.0274703
0.99,5,-6.80771e-07,-0.000293341,0.000382588,0.00134852,0.00029266
1,0,0.249785,0.216396,0.498897,-0.161149,0.0333885
1,1,-0.835684,-0.735173,-0.0839356,-3.76861,-0.100511
1,2,1.23568,1.29006,0.0646132,-1.76047,-0.0543748
1,3,1.76986e-06,-0.00104186,0.00208312,0.00918645,0.00104363
1,4,-0.399999,-0.372606,-0.00761296,-0.215339,-0.0273932
1,5,-6.94636e-07,-0.000287643,0.00071684,0.00121969,0.000286949
1.01,0,0.254771,0.221358,0.494036,-0.14561,0.0334124
1.01,1,-0.836396,-0.736012,-0.0837698,-3.76406,-0.100384
1.01,2,1.2364,1.29071,0.0648686,-1.75904,-0.05431
1.01,3,1.80519e-06,-0.00101496,0.00316547,0.0082684,0.00101677
1.01,4,-0.399999,-0.372681,-0.00732961,-0.214884,-0.0273185
1.01,5,-7.08501e-07,-0.000278827,0.00101027,0.00108751,0.000278119
1.02,0,0.259756,0.226274,0.489679,-0.12975,0.0334822
1.02,1,-0.837108,-0.736848,-0.0834977,-3.75991,-0.10026
1.02,2,1.23711,1.29136,0.0651859,-1.75782,-0.0542481
1.02,3,1.84051e-06,-0.000978008,0.0041081,0.00733363,0.000979849
1.02,4,-0.399999,-0.372752,-0.00697582,-0.214489,-0.0272471
1.02,5,-7.22366e-07,-0.000267302,0.00126282,0.000954051,0.000266579
1.03,0,0.264742,0.231149,0.485834,-0.113794,0.0335927
1.03,1,-0.837821,-0.737681,-0.0831328,-3.75618,-0.100139
1.03,2,1.23782,1.29201,0.0655558,-1.7568,-0.0541897
1.03,3,1.87584e-06,-0.000932392,0.00491206,0.00639544,0.000934268
1.03,4,-0.399999,-0.37282,-0.00656269,-0.214155,-0.0271796
1.03,5,-7.36231e-07,-0.000253473,0.00147505,0.000821171,0.000252737
1.04,0,0.269728,0.235989,0.482502,-0.0979519,0.0337388
1.04,1,-0.838533,-0.73851,-0.0826884,-3.75284,-0.100023
1.04,2,1.23853,1.29267,0.0659689,-1.756,-0.0541352
1.04,3,1.91117e-06,-0.000879487,0.00558009,0.00546593,0.000881398
1.04,4,-0.399999,-0.372883,-0.0061011,-0.213881,-0.0271164
1.04,5,-7.50096e-07,-0.00023774,0.00164804,0.000690535,0.00023699
1.05,0,0.274713,0.240798,0.479676,-0.0824087,0.0339155
1.05,1,-0.839245,-0.739334,-0.0821776,-3.7499,-0.0999108
1.05,2,1.23925,1.29333,0.0664159,-1.75538,-0.0540851
1.05,3,1.94649e-06,-0.00082063,0.0061164,0.00455592,0.000822576
1.05,4,-0.399999,-0.372941,-0.0056015,-0.213664,-0.0270581
1.05,5,-7.63961e-07,-0.000220485,0.00178332,0.000563607,0.000219721
1.06,0,0.279699,0.245582,0.477346,-0.0673305,0.0341177
1.06,1,-0.839957,-0.740153,-0.0816133,-3.74734,-0.0998044
1.06,2,1.23996,1.294,0.0668881,-1.75496,-0.0540396
1.06,3,1.98182e-06,-0.000757108,0.00652651,0.003675,0.00075909
1.06,4,-0.399999,-0.372994,-0.0050739,-0.213503,-0.027005
1.06,5,-7.77826e-07,-0.000202076,0.0018828,0.000441651,0.000201298
1.07,0,0.284685,0.250344,0.475494,-0.0528625,0.0343405
1.07,1,-0.84067,-0.740966,-0.0810076,-3.74513,-0.0997038
1.07,2,1.24067,1.29467,0.0673771,-1.75472,-0.0539989
1.07,3,2.01714e-06,-0.00069015,0.006817,0.00283147,0.000692167
1.07,4,-0.399999,-0.373042,-0.0045277,-0.213394,-0.0269572
1.07,5,-7.91691e-07,-0.000182859,0.00194866,0.000325738,0.000182067
1.08,0,0.289671,0.255091,0.4741,-0.0391284,0.0345793
1.08,1,-0.841382,-0.741772,-0.0803722,-3.74326,-0.0996094
1.08,2,1.24138,1.29535,0.0678749,-1.75464,-0.0539631
1.08,3,2.05247e-06,-0.00062091,0.00699539,0.00203239,0.000622962
1.08,4,-0.399999,-0.373084,-0.0039717,-0.213334,-0.026915
1.08,5,-8.05556e-07,-0.000163157,0.00198335,0.000216753,0.000162351
1.09,0,0.294656,0.259827,0.47314,-0.0262318,0.0348297
1.09,1,-0.842094,-0.742572,-0.0797182,-3.74171,-0.0995216
1.09,2,1.2421,1.29603,0.0683743,-1.75472,-0.0539323
1.09,3,2.0878e-06,-0.000550464,0.00706986,0.0012836,0.000552552
1.09,4,-0.399999,-0.373121,-0.00341403,-0.213319,-0.0268783
1.09,5,-8.19421e-07,-0.000143267,0.00198946,0.000115401,0.000142448
1.1,0,0.299642,0.264555,0.472584,-0.0142561,0.0350874
1.1,1,-0.842806,-0.743366,-0.0790558,-3.74044,-0.0994403
1.1,2,1.24281,1.29671,0.0688684,-1.75493,-0.0539065
1.1,3,2.12312e-06,-0.000479804,0.00704916,0.000589779,0.000481928
1.1,4,-0.399999,-0.373152,-0.00286206,-0.213347,-0.0268472
1.1,5,-8.33286e-07,-0.000123461,0.00196972,2.22225e-05,0.000122628
1.11,0,0.304628,0.269279,0.472403,-0.00326565,0.0353486
1.11,1,-0.843519,-0.744153,-0.0783944,-3.73944,-0.0993656
1.11,2,1.24352,1.29741,0.0693513,-1.75527,-0.0538856
1.11,3,2.15845e-06,-0.000409833,0.00694241,-4.55347e-05,0.000411991
1.11,4,-0.399999,-0.373177,-0.00232245,-0.213411,-0.0268215
1.11,5,-8.47151e-07,-0.000103981,0.00192691,-6.24001e-05,0.000103134
1.12,0,0.309614,0.274004,0.472564,0.00669345,0.0356096
1.12,1,-0.844231,-0.744933,-0.0777425,-3.73867,-0.0992975
1.12,2,1.24423,1.2981,0.0698174,-1.75572,-0.0538694
1.12,3,2.19378e-06,-0.000341358,0.00675895,-0.000619849,0.000343552
1.12,4,-0.399999,-0.373198,-0.00180107,-0.213509,-0.0268012
1.12,5,-8.61016e-07,-8.50439e-05,0.00186381,-0.000138228,8.41828e-05
1.13,0,0.314599,0.278732,0.473034,0.0155922,0.0358674
1.13,1,-0.844943,-0.745707,-0.0771077,-3.73811,-0.0992358
1.13,2,1.24494,1.2988,0.0702622,-1.75626,-0.0538578
1.13,3,2.2291e-06,-0.000275096,0.0065082,-0.00113167,0.000277325
1.13,4,-0.399999,-0.373213,-0.00130305,-0.213636,-0.0267859
1.13,5,-8.74881e-07,-6.68358e-05,0.0017832,-0.000205156,6.59609e-05
1.14,0,0.319585,0.283466,0.473779,0.0234175,0.0361189
1.14,1,-0.845655,-0.746475,-0.0764967,-3.73773,-0.0991804
1.14,2,1.24566,1.29951,0.0706816,-1.75688,-0.0538505
1.14,3,2.26443e-06,-0.000211668,0.00619954,-0.0015804,0.000213932
1.14,4,-0.399999,-0.373223,-0.000832731,-0.213787,-0.0267755
1.14,5,-8.88746e-07,-4.95174e-05,0.0016878,-0.000263196,4.86286e-05
1.15,0,0.324571,0.288209,0.474764,0.030171,0.0363616
1.15,1,-0.846368,-0.747237,-0.0759153,-3.73749,-0.0991309
1.15,2,1.24637,1.30022,0.0710722,-1.75756,-0.0538472
1.15,3,2.29976e-06,-0.000151602,0.00584219,-0.0019663,0.000153901
1.15,4,-0.399999,-0.373229,-0.000393726,-0.21396,-0.0267696
1.15,5,-9.02611e-07,-3.32221e-05,0.00158023,-0.000312471,3.23195e-05
1.16,0,0.329556,0.292963,0.475955,0.0358673,0.0365933
1.16,1,-0.84708,-0.747993,-0.0753684,-3.73738,-0.099087
1.16,2,1.24708,1.30093,0.0714316,-1.75829,-0.0538477
1.16,3,2.33508e-06,-9.53344e-05,0.00544512,-0.00229038,9.76695e-05
1.16,4,-0.399999,-0.373231,1.10883e-05,-0.214149,-0.0267679
1.16,5,-9.16476e-07,-1.80576e-05,0.001463,-0.000353195,1.71411e-05
1.17,0,0.334542,0.29773,0.477317,0.0405332,0.0368121
1.17,1,-0.847792,-0.748744,-0.07486,-3.73736,-0.0990484
1.17,2,1.24779,1.30164,0.0717576,-1.75906,-0.0538515
1.17,3,2.37041e-06,-4.32158e-05,0.00501696,-0.00255431,4.55862e-05
1.17,4,-0.399999,-0.373229,0.000379529,-0.21435,-0.02677
1.17,5,-9.3034e-07,-4.10726e-06,0.00133851,-0.000385667,3.17692e-06
1.18,0,0.339528,0.302511,0.478818,0.0442058,0.0370165
1.18,1,-0.848504,-0.74949,-0.0743932,-3.73741,-0.0990147
1.18,2,1.24851,1.30236,0.0720489,-1.75985,-0.0538585
1.18,3,2.40574e-06,4.48856e-06,0.0045659,-0.00276037,-2.08282e-06
1.18,4,-0.399999,-0.373223,0.000710079,-0.21456,-0.0267757
1.18,5,-9.44205e-07,8.56868e-06,0.00120898,-0.000410258,-9.51288e-06
1.19,0,0.344514,0.307308,0.480427,0.046931,0.0372053
1.19,1,-0.849217,-0.750231,-0.0739703,-3.7375,-0.0989854
1.19,2,1.24922,1.30309,0.0723048,-1.76065,-0.0538681
1.19,3,2.44106e-06,4.75928e-05,0.00409968,-0.00291132,-4.51517e-05
1.19,4,-0.399999,-0.373214,0.00100184,-0.214776,-0.0267844
1.19,5,-9.5807e-07,1.99315e-05,0.0010765,-0.000427398,-2.08895e-05
1.2,0,0.349499,0.312122,0.482113,0.0487627,0.0373775
1.2,1,-0.849929,-0.750969,-0.073593,-3.73762,-0.09896
1.2,2,1.24993,1.30381,0.072525,-1.76145,-0.0538802
1.2,3,2.47639e-06,8.59852e-05,0.00362548,-0.00301038,-8.35088e-05
1.2,4,-0.399999,-0.373203,0.00125451,-0.214994,-0.0267958
1.2,5,-9.71935e-07,2.99622e-05,0.000942984,-0.000437566,-3.09342e-05
1.21,0,0.354485,0.316952,0.483848,0.0497608,0.0375326
1.21,1,-0.850641,-0.751703,-0.0732619,-3.73774,-0.0989382
1.21,2,1.25064,1.30454,0.0727098,-1.76224,-0.0538942
1.21,3,2.51172e-06,0.000119623,0.00314994,-0.00306108,-0.000117111
1.21,4,-0.399999,-0.373189,0.00146829,-0.21521,-0.0268095
1.21,5,-9.858e-07,3.86603e-05,0.000810167,-0.000441281,-3.96461e-05
1.22,0,0.359471,0.321801,0.485606,0.0499901,0.0376702
1.22,1,-0.851353,-0.752434,-0.0729772,-3.73785,-0.0989194
1.22,2,1.25135,1.30526,0.0728599,-1.76302,-0.0539099
1.22,3,2.54704e-06,0.000148527,0.00267908,-0.00306725,-0.00014598
1.22,4,-0.399999,-0.373174,0.00164389,-0.215424,-0.0268252
1.22,5,-9.99665e-07,4.60415e-05,0.000679614,-0.00043909,-4.70412e-05
1.23,0,0.364457,0.326666,0.487363,0.0495191,0.0377902
1.23,1,-0.852066,-0.753162,-0.0727385,-3.73792,-0.0989033
1.23,2,1.25207,1.30599,0.0729765,-1.76376,-0.0539269
1.23,3,2.58237e-06,0.000172773,0.00221834,-0.00303291,-0.00017019
1.23,4,-0.399999,-0.373156,0.00178245,-0.215631,-0.0268424
1.23,5,-1.01353e-06,5.21361e-05,0.000552713,-0.000431562,-5.31497e-05
1.24,0,0.369442,0.33155,0.489097,0.0484187,0.0378927
1.24,1,-0.852778,-0.753889,-0.0725447,-3.73794,-0.0988892
1.24,2,1.25278,1.30672,0.0730611,-1.76447,-0.0539448
1.24,3,2.6177e-06,0.00019249,0.00177248,-0.00296221,-0.000189872
1.24,4,-0.399999,-0.373138,0.00188547,-0.215829,-0.0268608
1.24,5,-1.0274e-06,5.69876e-05,0.000430678,-0.000419278,-5.8015e-05
1.25,0,0.374428,0.33645,0.490788,0.0467612,0.0379781
1.25,1,-0.85349,-0.754613,-0.0723944,-3.73789,-0.0988769
1.25,2,1.25349,1.30745,0.0731153,-1.76514,-0.0539635
1.25,3,2.65302e-06,0.00020785,0.0013457,-0.00285939,-0.000205197
1.25,4,-0.399999,-0.373119,0.00195481,-0.216018,-0.0268801
1.25,5,-1.04126e-06,6.06504e-05,0.00031455,-0.000402824,-6.16917e-05
1.26,0,0.379414,0.341367,0.49242,0.0446192,0.0380469
1.26,1,-0.854202,-0.755336,-0.0722855,-3.73778,-0.0988658
1.26,2,1.2542,1.30819,0.0731412,-1.76576,-0.0539826
1.26,3,2.68835e-06,0.000219064,0.000941526,-0.00272867,-0.000216376
1.26,4,-0.399999,-0.373099,0.00199257,-0.216195,-0.0268998
1.26,5,-1.05513e-06,6.31886e-05,0.000205204,-0.00038278,-6.42437e-05
1.27,0,0.384399,0.3463,0.493976,0.0420646,0.0380998
1.27,1,-0.854915,-0.756059,-0.0722158,-3.73758,-0.0988557
1.27,2,1.25492,1.30892,0.0731411,-1.76633,-0.0540017
1.27,3,2.72368e-06,0.000226375,0.000562914,-0.00257426,-0.000223651
1.27,4,-0.399999,-0.373079,0.00200109,-0.216359,-0.0269198
1.27,5,-1.06899e-06,6.4674e-05,0.000103351,-0.00035972,-6.5743e-05
1.28,0,0.389385,0.348081,0.00877081,1.62584,0.0413039
1.28,1,-0.855627,-0.756419,-0.00091298,-3.96556,-0.0992074
1.28,2,1.25563,1.30896,-0.0429604,-1.51392,-0.0533279
1.28,3,2.759e-06,-0.00499022,-0.644845,0.436837,0.00499298
1.28,4,-0.399999,-0.372688,0.0376251,-0.237296,-0.0273104
1.28,5,-1.08286e-06,0.00372968,0.323006,-0.115556,-0.00373076
1.29,0,0.394371,0.34815,-0.00198308,1.8548,0.0462212
1.29,1,-0.856339,-0.756467,-0.000797372,-3.9925,-0.0998724
1.29,2,1.25634,1.30872,-0.0204858,-1.5305,-0.0523823
1.29,3,2.79433e-06,-0.00936171,-0.316824,0.28374,0.0093645
1.29,4,-0.399999,-0.372606,-0.00547439,-0.2164,-0.0273922
1.29,5,-1.09672e-06,0.00425859,-0.0843466,0.00400556,-0.00425968
1.3,0,0.399357,0.34819,0.0100868,2.01641,0.0511667
1.3,1,-0.857051,-0.756521,-0.0128866,-3.98255,-0.10053
1.3,2,1.25705,1.30867,0.0122677,-1.57296,-0.0516143
1.3,3,2.82965e-06,-0.0114033,-0.127652,0.190652,0.0114061
1.3,4,-0.399999,-0.372786,-0.0289768,-0.203213,-0.0272126
1.3,5,-1.11059e-06,0.00262103,-0.201699,0.0473991,-0.00262214
1.31,0,0.404342,0.348195,0.000716786,2.24374,0.0561471
1.31,1,-0.857764,-0.756582,-6.66164e-05,-4.04708,-0.101182
1.31,2,1.25776,1.3087,-0.00300338,-1.52207,-0.0509357
1.31,3,2.86498e-06,-0.0122545,-0.0453406,0.149778,0.0122574
1.31,4,-0.399999,-0.373011,-0.0191591,-0.206324,-0.0269879
1.31,5,-1.12445e-06,0.000727478,-0.180839,0.0506086,-0.000728602
1.32,0,0.409328,0.348197,-0.000183664,2.44579,0.061131
1.32,1,-0.858476,-0.756582,1.2201e-05,-4.0758,-0.101894
1.32,2,1.25848,1.30869,0.000777447,-1.50802,-0.0502156
1.32,3,2.90031e-06,-0.012373,0.0116199,0.116787,0.0123759
1.32,4,-0.399999,-0.373188,-0.0161715,-0.206398,-0.0268104
1.32,5,-1.13832e-06,-0.000841658,-0.135413,0.0448265,0.00084052
1.33,0,0.414314,0.348192,-0.000758112,2.64715,0.0661219
1.33,1,-0.859188,-0.756581,5.85267e-05,-4.10444,-0.102607
1.33,2,1.25919,1.30871,0.00319791,-1.49216,-0.0495253
1.33,3,2.93563e-06,-0.0120435,0.0479923,0.0916693,0.0120465
1.33,4,-0.399999,-0.373325,-0.011526,-0.207626,-0.0266737
1.33,5,-1.15218e-06,-0.00192457,-0.0866821,0.0356217,0.00192342
1.34,0,0.4193,0.348182,-0.00111979,2.84805,0.0711174
1.34,1,-0.8599,-0.756581,8.74972e-05,-4.13305,-0.10332
1.34,2,1.2599,1.30876,0.0047291,-1.47508,-0.0488541
1.34,3,2.97096e-06,-0.011428,0.070976,0.0717241,0.011431
1.34,4,-0.399999,-0.373413,-0.00667875,-0.209343,-0.0265852
1.34,5,-1.16605e-06,-0.00255373,-0.0448105,0.026206,0.00255256
1.35,0,0.424285,0.34817,-0.00132805,3.04861,0.0761156
1.35,1,-0.860613,-0.75658,0.000104293,-4.16163,-0.104033
1.35,2,1.26061,1.30881,0.00561905,-1.45707,-0.0481945
1.35,3,3.00629e-06,-0.010638,0.0843116,0.0558234,0.010641
1.35,4,-0.399999,-0.373455,-0.00229348,-0.211198,-0.0265431
1.35,5,-1.17991e-06,-0.00281544,-0.0123537,0.0177774,0.00281426
1.36,0,0.429271,0.348156,-0.00142051,3.24887,0.0811152
1.36,1,-0.861325,-0.756579,0.000111719,-4.19018,-0.104746
1.36,2,1.26133,1.30887,0.00602363,-1.43828,-0.047541
1.36,3,3.04161e-06,-0.00975649,0.0903443,0.0433887,0.00975953
1.36,4,-0.399999,-0.373458,0.00134212,-0.212998,-0.0265408
1.36,5,-1.19378e-06,-0.00280353,0.0109886,0.0107151,0.00280234
1.37,0,0.434257,0.348142,-0.00142509,3.44888,0.0861152
1.37,1,-0.862037,-0.756577,0.000112067,-4.21872,-0.10546
1.37,2,1.26204,1.30893,0.00605735,-1.4188,-0.0468894
1.37,3,3.07694e-06,-0.00884653,0.0908058,0.0340125,0.0088496
1.37,4,-0.399999,-0.373428,0.00413483,-0.21463,-0.0265703
1.37,5,-1.20764e-06,-0.00260254,0.0264878,0.00506035,0.00260133
1.38,0,0.439242,0.348128,-0.00136445,3.64869,0.0911149
1.38,1,-0.862749,-0.756576,0.000107171,-4.24724,-0.106173
1.38,2,1.26275,1.30899,0.00581327,-1.39872,-0.0462365
1.38,3,3.11227e-06,-0.00795592,0.087102,0.0273291,0.00795903
1.38,4,-0.399999,-0.373375,0.00609856,-0.216034,-0.0266231
1.38,5,-1.22151e-06,-0.00228269,0.0356426,0.000714564,0.00228147
1.39,0,0.444228,0.348114,-0.00125751,3.84832,0.0961137
1.39,1,-0.863462,-0.756575,9.85494e-05,-4.27575,-0.106886
1.39,2,1.26346,1.30904,0.00536975,-1.37814,-0.0455801
1.39,3,3.14759e-06,-0.00711966,0.080415,0.022979,0.0071228
1.39,4,-0.399999,-0.373307,0.00730777,-0.217184,-0.0266913
1.39,5,-1.23537e-06,-0.00189941,0.0398905,-0.00247629,0.00189817
1.4,0,0.449214,0.348103,-0.00112008,4.04781,0.101111
1.4,1,-0.864174,-0.756574,8.74674e-05,-4.30424,-0.107599
1.4,2,1.26418,1.30909,0.00479296,-1.35714,-0.0449184
1.4,3,3.18292e-06,-0.00636194,0.0717401,0.0206072,0.00636512
1.4,4,-0.399998,-0.373231,0.00786928,-0.218078,-0.0267679
1.4,5,-1.24924e-06,-0.00149461,0.0405017,-0.0046837,0.00149336
1.41,0,0.4542,0.348092,-0.000965129,4.24719,0.106107
1.41,1,-0.864886,-0.756574,7.49671e-05,-4.33272,-0.108312
1.41,2,1.26489,1.30914,0.00413781,-1.33579,-0.0442505
1.41,3,3.21825e-06,-0.00569799,0.0619018,0.019871,0.00570121
1.41,4,-0.399998,-0.373151,0.00790379,-0.218729,-0.0268472
1.41,5,-1.2631e-06,-0.00109861,0.03855,-0.00607829,0.00109734
1.42,0,0.459185,0.348084,-0.000803033,4.44648,0.111102
1.42,1,-0.865598,-0.756573,6.18834e-05,-4.3612,-0.109025
1.42,2,1.2656,1.30918,0.00344881,-1.31417,-0.0435759
1.42,3,3.25357e-06,-0.00513564,0.0515663,0.0204492,0.0051389
1.42,4,-0.399998,-0.373074,0.00753328,-0.219162,-0.0269244
1.42,5,-1.27697e-06,-0.000732029,0.034914,-0.00682044,0.000730752
1.43,0,0.464171,0.348076,-0.000641822,4.64571,0.116095
1.43,1,-0.866311,-0.756572,4.88641e-05,-4.38967,-0.109738
1.43,2,1.26631,1.30921,0.00276083,-1.29235,-0.0428943
1.43,3,3.2889e-06,-0.00467689,0.0412543,0.0220493,0.00468018
1.43,4,-0.399998,-0.373002,0.0068727,-0.219407,-0.0269963
1.43,5,-1.29083e-06,-0.00040774,0.0302922,-0.00705542,0.00040645
1.44,0,0.469157,0.348071,-0.000487464,4.8449,0.121086
1.44,1,-0.867023,-0.756572,3.63913e-05,-4.41814,-0.110451
1.44,2,1.26702,1.30923,0.00210008,-1.27038,-0.042206
1.44,3,3.32423e-06,-0.00431926,0.0313566,0.0244119,0.00432259
1.44,4,-0.399998,-0.372938,0.00602467,-0.219496,-0.0270605
1.44,5,-1.3047e-06,-0.000132513,0.0252234,-0.00691097,0.000131208
1.45,0,0.474143,0.348067,-0.00034415,5.04406,0.126076
1.45,1,-0.867735,-0.756572,2.48043e-05,-4.44661,-0.111163
1.45,2,1.26774,1.30925,0.00148522,-1.24831,-0.0415113
1.45,3,3.35955e-06,-0.00405699,0.0221503,0.0273133,0.00406035
1.45,4,-0.399998,-0.372883,0.00507666,-0.219463,-0.0271155
1.45,5,-1.31856e-06,9.14935e-05,0.0201085,-0.0064966,-9.28121e-05
1.46,0,0.479128,0.348064,-0.000214575,5.24321,0.131064
1.46,1,-0.868447,-0.756571,1.43218e-05,-4.47508,-0.111876
1.46,2,1.26845,1.30926,0.000928427,-1.22618,-0.0408107
1.46,3,3.39488e-06,-0.00388209,0.0138161,0.0305652,0.00388549
1.46,4,-0.399998,-0.372837,0.00409981,-0.219337,-0.0271609
1.46,5,-1.33243e-06,0.000265472,0.0152325,-0.00590377,-0.000266804
1.47,0,0.484114,0.348063,-0.000100218,5.44236,0.136051
1.47,1,-0.86916,-0.756571,5.06404e-06,-4.50354,-0.112588
1.47,2,1.26916,1.30927,0.000436532,-1.20402,-0.040105
1.47,3,3.43021e-06,-0.00378525,0.00645467,0.034014,0.00378868
1.47,4,-0.399998,-0.372802,0.00314927,-0.219148,-0.0271966
1.47,5,-1.34629e-06,0.000392926,0.0107851,-0.0052069,-0.000394272
1.48,0,0.4891,0.348062,-1.58558e-06,5.64151,0.141038
1.48,1,-0.869872,-0.756571,-2.92721e-06,-4.53201,-0.1133
1.48,2,1.26987,1.30927,1.20774e-05,-1.18187,-0.0393947
1.48,3,3.46553e-06,-0.00375647,0.000103002,0.0375376,0.00375994
1.48,4,-0.399998,-0.372775,0.00226519,-0.218918,-0.0272232
1.48,5,-1.36016e-06,0.00047882,0.00687967,-0.0044648,-0.00048018
1.49,0,0.494085,0.348063,8.15562e-05,5.84067,0.146023
1.49,1,-0.870584,-0.756571,-9.67037e-06,-4.56048,-0.114013
1.49,2,1.27059,1.30927,-0.000345711,-1.15972,-0.0386805
1.49,3,3.50086e-06,-0.0037857,-0.0052512,0.0410427,0.0037892
1.49,4,-0.399998,-0.372757,0.0014745,-0.218668,-0.0272414
1.49,5,-1.37402e-06,0.000528912,0.00356975,-0.00372235,-0.000530286
1.5,0,0.499071,0.348064,0.000149988,6.03985,0.151007
1.5,1,-0.871296,-0.756572,-1.52281e-05,-4.58894,-0.114725
1.5,2,1.2713,1.30926,-0.000640058,-1.13761,-0.0379631
1.5,3,3.53619e-06,-0.00386319,-0.00965658,0.0444612,0.00386673
1.5,4,-0.399998,-0.372746,0.000792801,-0.218414,-0.0272523
1.5,5,-1.38788e-06,0.000549235,0.000864088,-0.00301234,-0.000550623
1.51,0,0.504057,0.348066,0.000204867,6.23904,0.155991
1.51,1,-0.872009,-0.756572,-1.96935e-05,-4.61741,-0.115437
1.51,2,1.27201,1.30925,-0.000875887,-1.11554,-0.0372431
1.51,3,3.57151e-06,-0.00397986,-0.013187,0.0477465,0.00398343
1.51,4,-0.399998,-0.372741,0.000226497,-0.218169,-0.027257
1.51,5,-1.40175e-06,0.000545725,-0.00126104,-0.00235732,-0.000547127
1.52,0,0.509043,0.348068,0.000247585,6.43825,0.160975
1.52,1,-0.872721,-0.756572,-2.3179e-05,-4.64589,-0.116149
1.52,2,1.27272,1.30924,-0.00105919,-1.09351,-0.0365211
1.52,3,3.60684e-06,-0.00412744,-0.015932,0.0508697,0.00413104
1.52,4,-0.399998,-0.372742,-0.000225225,-0.21794,-0.0272566
1.52,5,-1.41561e-06,0.000523949,-0.00285145,-0.00177139,-0.000525365
1.53,0,0.514028,0.34807,0.000279657,6.63747,0.165958
1.53,1,-0.873433,-0.756572,-2.58067e-05,-4.67436,-0.116861
1.53,2,1.27343,1.30923,-0.0011965,-1.07153,-0.0357974
1.53,3,3.64217e-06,-0.0042986,-0.0179896,0.0538162,0.00430224
1.53,4,-0.399998,-0.372746,-0.000568506,-0.217735,-0.0272524
1.53,5,-1.42948e-06,0.000488936,-0.00396659,-0.00126185,-0.000490366
1.54,0,0.519014,0.348073,0.000302625,6.83672,0.170941
1.54,1,-0.874145,-0.756572,-2.7701e-05,-4.70283,-0.117573
1.54,2,1.27415,1.30922,-0.00129453,-1.04959,-0.0350726
1.54,3,3.67749e-06,-0.00448703,-0.0194596,0.0565828,0.0044907
1.54,4,-0.399998,-0.372753,-0.000813161,-0.217555,-0.0272453
1.54,5,-1.44334e-06,0.000445077,-0.00467291,-0.000830726,-0.00044652
1.55,0,0.524,0.348077,0.000317997,7.03597,0.175923
1.55,1,-0.874858,-0.756573,-2.89835e-05,-4.73131,-0.118285
1.55,2,1.27486,1.30921,-0.00135978,-1.02769,-0.034347
1.55,3,3.71282e-06,-0.00468738,-0.0204395,0.0591746,0.00469109
1.55,4,-0.399998,-0.372762,-0.000971262,-0.217404,-0.0272362
1.55,5,-1.45721e-06,0.000396083,-0.00503871,-0.000476086,-0.00039754
1.56,0,0.528985,0.34808,0.000327188,7.23525,0.180906
1.56,1,-0.87557,-0.756573,-2.97684e-05,-4.75978,-0.118997
1.56,2,1.27557,1.30919,-0.00139842,-1.00583,-0.0336209
1.56,3,3.74814e-06,-0.00489526,-0.0210213,0.0616029,0.00489901
1.56,4,-0.399998,-0.372772,-0.00105598,-0.217279,-0.0272259
1.56,5,-1.47107e-06,0.000344991,-0.00513041,-0.00019319,-0.000346462
1.57,0,0.533971,0.348083,0.000331496,7.43453,0.185888
1.57,1,-0.876282,-0.756573,-3.01603e-05,-4.78826,-0.119709
1.57,2,1.27628,1.30918,-0.00141604,-0.984004,-0.0328945
1.57,3,3.78347e-06,-0.00510717,-0.0212886,0.0638828,0.00511096
1.57,4,-0.399998,-0.372783,-0.00108069,-0.217181,-0.0272152
1.57,5,-1.48494e-06,0.000294199,-0.00500992,2.4558e-05,-0.000295684
1.58,0,0.538957,0.348086,0.000332072,7.63383,0.190871
1.58,1,-0.876994,-0.756574,-3.02521e-05,-4.81674,-0.120421
1.58,2,1.277,1.30916,-0.00141765,-0.962207,-0.0321681
1.58,3,3.8188e-06,-0.00532038,-0.0213162,0.0660317,0.0053242
1.58,4,-0.399998,-0.372794,-0.00105822,-0.217106,-0.0272044
1.58,5,-1.4988e-06,0.000245515,-0.00473299,0.000184828,-0.000247014
1.59,0,0.543943,0.34809,0.000329918,7.83313,0.195853
1.59,1,-0.877707,-0.756574,-3.01244e-05,-4.84521,-0.121133
1.59,2,1.27771,1.30915,-0.00140756,-0.940436,-0.0314417
1.59,3,3.85412e-06,-0.00553285,-0.0211686,0.0680682,0.00553671
1.59,4,-0.399998,-0.372804,-0.00100048,-0.217053,-0.0271941
1.59,5,-1.51267e-06,0.00020023,-0.0043482,0.000295746,-0.000201743
1.6,0,0.548928,0.348093,0.000325883,8.03244,0.200835
1.6,1,-0.878419,-0.756574,-2.98456e-05,-4.87369,-0.121845
1.6,2,1.27842,1.30914,-0.00138942,-0.918684,-0.0307154
1.6,3,3.88945e-06,-0.00574314,-0.0209006,0.0700107,0.00574703
1.6,4,-0.399998,-0.372814,-0.000918033,-0.217017,-0.0271845
1.6,5,-1.52653e-06,0.000159192,-0.00389672,0.000365424,-0.000160718
1.61,0,0.553914,0.348096,0.000320668,8.23175,0.205818
1.61,1,-0.879131,-0.756575,-2.94721e-05,-4.90217,-0.122557
1.61,2,1.27913,1.30912,-0.00136627,-0.89695,-0.0299894
1.61,3,3.92478e-06,-0.00595031,-0.0205572,0.0718767,0.00595423
1.61,4,-0.399998,-0.372822,-0.000820005,-0.216997,-0.0271759
1.61,5,-1.5404e-06,0.000122874,-0.00341228,0.000401613,-0.000124414
1.62,0,0.5589,0.348099,0.000314836,8.43107,0.2108
1.62,1,-0.879843,-0.756575,-2.90493e-05,-4.93065,-0.123268
1.62,2,1.27985,1.30911,-0.00134052,-0.875227,-0.0292636
1.62,3,3.9601e-06,-0.0061538,-0.0201748,0.0736825,0.00615776
1.62,4,-0.399998,-0.37283,-0.000714001,-0.216989,-0.0271682
1.62,5,-1.55426e-06,9.14535e-05,-0.00292167,0.000411462,-9.30077e-05
1.63,0,0.563886,0.348103,0.000308827,8.6304,0.215783
1.63,1,-0.880556,-0.756575,-2.86125e-05,-4.95913,-0.12398
1.63,2,1.28056,1.3091,-0.00131405,-0.853514,-0.0285381
1.63,3,3.99543e-06,-0.00635338,-0.0197816,0.0754427,0.00635738
1.63,4,-0.399998,-0.372836,-0.000606137,-0.21699,-0.0271617
1.63,5,-1.56813e-06,6.48754e-05,-0.00244531,0.000401376,-6.64435e-05
1.64,0,0.568871,0.348106,0.00030297,8.82972,0.220766
1.64,1,-0.881268,-0.756575,-2.81881e-05,-4.98761,-0.124692
1.64,2,1.28127,1.30908,-0.00128826,-0.831808,-0.0278128
1.64,3,4.03076e-06,-0.00654907,-0.0193985,0.0771702,0.0065531
1.64,4,-0.399998,-0.372842,-0.000501138,-0.216999,-0.0271562
1.64,5,-1.58199e-06,4.29113e-05,-0.00199799,0.00037693,-4.44933e-05
1.65,0,0.573857,0.348109,0.0002975,9.02905,0.225748
1.65,1,-0.88198,-0.756576,-2.7795e-05,-5.01609,-0.125404
1.65,2,1.28198,1.30907,-0.00126417,-0.810106,-0.0270878
1.65,3,4.06608e-06,-0.00674107,-0.0190407,0.0788757,0.00674513
1.65,4,-0.399998,-0.372846,-0.000402471,-0.217012,-0.0271517
1.65,5,-1.59586e-06,2.52123e-05,-0.00158966,0.000342857,-2.68082e-05
1.66,0,0.578843,0.348112,0.000292573,9.22837,0.230731
1.66,1,-0.882692,-0.756576,-2.74458e-05,-5.04457,-0.126116
1.66,2,1.28269,1.30906,-0.00124244,-0.788406,-0.026363
1.66,3,4.10141e-06,-0.00692967,-0.018718,0.0805685,0.00693377
1.66,4,-0.399998,-0.37285,-0.0003125,-0.217029,-0.0271482
1.66,5,-1.60972e-06,1.13531e-05,-0.00122625,0.00030306,-1.29628e-05
1.67,0,0.583828,0.348114,0.00028828,9.4277,0.235714
1.67,1,-0.883405,-0.756576,-2.71477e-05,-5.07305,-0.126828
1.67,2,1.28341,1.30905,-0.00122344,-0.766706,-0.0256384
1.67,3,4.13674e-06,-0.00711526,-0.0184363,0.0822558,0.0071194
1.67,4,-0.399998,-0.372853,-0.000232657,-0.217047,-0.0271455
1.67,5,-1.62359e-06,8.67388e-07,-0.000910409,0.000260668,-2.49098e-06
1.68,0,0.588814,0.348117,0.00028466,9.62702,0.240697
1.68,1,-0.884117,-0.756576,-2.69039e-05,-5.10153,-0.12754
1.68,2,1.28412,1.30903,-0.00120733,-0.745006,-0.024914
1.68,3,4.17206e-06,-0.00729828,-0.0181979,0.0839433,0.00730245
1.68,4,-0.399998,-0.372855,-0.000163612,-0.217066,-0.0271435
1.68,5,-1.63745e-06,-6.72305e-06,-0.000642258,0.000218105,5.08559e-06
1.69,0,0.5938,0.34812,0.000281715,9.82635,0.24568
1.69,1,-0.884829,-0.756577,-2.67143e-05,-5.13001,-0.128252
1.69,2,1.28483,1.30902,-0.00119413,-0.723304,-0.0241897
1.69,3,4.20739e-06,-0.00747915,-0.0180029,0.0856353,0.00748336
1.69,4,-0.399998,-0.372856,-0.000105427,-0.217085,-0.0271422
1.69,5,-1.65132e-06,-1.18865e-05,-0.000419992,0.000177173,1.02351e-05
1.7,0,0.598786,0.348123,0.000279416,10.0257,0.250663
1.7,1,-0.885541,-0.756577,-2.65767e-05,-5.15849,-0.128964
1.7,2,1.28554,1.30901,-0.00118369,-0.701601,-0.0234656
1.7,3,4.24272e-06,-0.0076583,-0.0178494,0.0873351,0.00766254
1.7,4,-0.399998,-0.372857,-5.77105e-05,-0.217102,-0.0271414
1.7,5,-1.66518e-06,-1.50652e-05,-0.000240453,0.000139136,1.34001e-05
1.71,0,0.603771,0.348126,0.000277713,10.225,0.255646
1.71,1,-0.886254,-0.756577,-2.64872e-05,-5.18697,-0.129676
1.71,2,1.28626,1.309,-0.00117581,-0.679895,-0.0227415
1.71,3,4.27804e-06,-0.00783613,-0.0177341,0.0890446,0.00784041
1.71,4,-0.399998,-0.372857,-1.97404e-05,-0.217118,-0.027141
1.71,5,-1.67905e-06,-1.6665e-05,-9.95963e-05,0.000104808,1.49859e-05
1.72,0,0.608757,0.348128,0.000276546,10.4243,0.260629
1.72,1,-0.886966,-0.756578,-2.64407e-05,-5.21545,-0.130388
1.72,2,1.28697,1.30899,-0.00117023,-0.658186,-0.0220175
1.72,3,4.31337e-06,-0.008013,-0.0176532,0.090765,0.00801731
1.72,4,-0.399998,-0.372857,9.42008e-06,-0.217132,-0.027141
1.72,5,-1.69291e-06,-1.70478e-05,7.11686e-06,7.46393e-05,1.53549e-05
1.73,0,0.613743,0.348131,0.000275847,10.6236,0.265612
1.73,1,-0.887678,-0.756578,-2.64318e-05,-5.24393,-0.1311
1.73,2,1.28768,1.30897,-0.00116664,-0.636475,-0.0212936
1.73,3,4.3487e-06,-0.00818923,-0.0176022,0.0924971,0.00819358
1.73,4,-0.399998,-0.372857,3.08314e-05,-0.217145,-0.0271412
1.73,5,-1.70678e-06,-1.65292e-05,8.44142e-05,4.87878e-05,1.48224e-05
1.74,0,0.618729,0.348134,0.000275546,10.823,0.270595
1.74,1,-0.88839,-0.756578,-2.64549e-05,-5.27241,-0.131812
1.74,2,1.28839,1.30896,-0.00116474,-0.614761,-0.0205697
1.74,3,4.38402e-06,-0.00836509,-0.0175766,0.0942407,0.00836947
1.74,4,-0.399998,-0.372856,4.5602e-05,-0.217155,-0.0271415
1.74,5,-1.72064e-06,-1.53775e-05,0.000136972,2.71923e-05,1.36568e-05
1.75,0,0.623714,0.348137,0.000275575,11.0223,0.275578
1.75,1,-0.889103,-0.756578,-2.65045e-05,-5.30089,-0.132524
1.75,2,1.2891,1.30895,-0.00116425,-0.593044,-0.0198458
1.75,3,4.41935e-06,-0.00854082,-0.0175721,0.0959956,0.00854523
1.75,4,-0.399998,-0.372856,5.48309e-05,-0.217164,-0.027142
1.75,5,-1.73451e-06,-1.38153e-05,0.000169242,9.63111e-06,1.20808e-05
1.76,0,0.6287,0.348139,0.000275869,11.2216,0.280561
1.76,1,-0.889815,-0.756579,-2.65753e-05,-5.32937,-0.133236
1.76,2,1.28982,1.30894,-0.00116489,-0.571326,-0.0191218
1.76,3,4.45468e-06,-0.00871659,-0.0175844,0.0977611,0.00872105
1.76,4,-0.399998,-0.372855,5.9564e-05,-0.217171,-0.0271426
1.76,5,-1.74837e-06,-1.20226e-05,0.000185328,-4.22712e-06,1.02742e-05
1.77,0,0.633686,0.348142,0.000276369,11.4209,0.285543
1.77,1,-0.890527,-0.756579,-2.66627e-05,-5.35785,-0.133948
1.77,2,1.29053,1.30893,-0.0011664,-0.549605,-0.0183979
1.77,3,4.49e-06,-0.00889257,-0.0176099,0.0995365,0.00889706
1.77,4,-0.399998,-0.372855,6.07646e-05,-0.217176,-0.0271432
1.77,5,-1.76224e-06,-1.01407e-05,0.00018891,-1.47805e-05,8.37849e-06
1.78,0,0.638671,0.348145,0.000277023,11.6202,0.290526
1.78,1,-0.891239,-0.756579,-2.67625e-05,-5.38633,-0.13466
1.78,2,1.29124,1.30892,-0.00116857,-0.527882,-0.017674
1.78,3,4.52533e-06,-0.00906885,-0.0176452,0.101321,0.00907338
1.78,4,-0.399998,-0.372854,5.92944e-05,-0.21718,-0.0271438
1.78,5,-1.7761e-06,-8.27655e-06,0.000183208,-2.24601e-05,6.50044e-06
1.79,0,0.643657,0.348148,0.000277787,11.8195,0.295509
1.79,1,-0.891952,-0.756579,-2.6871e-05,-5.41481,-0.135372
1.79,2,1.29195,1.3089,-0.00117119,-0.506158,-0.01695
1.79,3,4.56065e-06,-0.00924553,-0.0176875,0.103113,0.00925009
1.79,4,-0.399998,-0.372854,5.59039e-05,-0.217183,-0.0271443
1.79,5,-1.78997e-06,-6.50742e-06,0.000170968,-2.77033e-05,4.71745e-06
1.8,0,0.648643,0.348151,0.000278622,12.0189,0.300492
1.8,1,-0.892664,-0.75658,-2.69852e-05,-5.44328,-0.136084
1.8,2,1.29267,1.30889,-0.00117412,-0.484432,-0.016226
1.8,3,4.59598e-06,-0.00942266,-0.0177342,0.104913,0.00942726
1.8,4,-0.399998,-0.372853,5.12293e-05,-0.217184,-0.0271448
1.8,5,-1.80383e-06,-4.88576e-06,0.000154478,-3.09338e-05,3.08192e-06
1.81,0,0.653629,0.348153,0.000279498,12.2182,0.305475
1.81,1,-0.893376,-0.75658,-2.71027e-05,-5.47176,-0.136796
1.81,2,1.29338,1.30888,-0.00117721,-0.462705,-0.015502
1.81,3,4.63131e-06,-0.00960027,-0.0177835,0.106719,0.00960491
1.81,4,-0.399998,-0.372852,4.57959e-05,-0.217185,-0.0271453
1.81,5,-1.8177e-06,-3.44355e-06,0.000135591,-3.2548e-05,1.62585e-06
1.82,0,0.658614,0.348156,0.00028039,12.4175,0.310458
1.82,1,-0.894088,-0.75658,-2.72214e-05,-5.50024,-0.137508
1.82,2,1.29409,1.30887,-0.00118037,-0.440977,-0.0147779
1.82,3,4.66663e-06,-0.00977839,-0.0178337,0.108531,0.00978305
1.82,4,-0.399998,-0.372852,4.00246e-05,-0.217186,-0.0271457
1.82,5,-1.83156e-06,-2.19643e-06,0.000115765,-3.29052e-05,3.64865e-07
1.83,0,0.6636,0.348159,0.000281279,12.6168,0.315441
1.83,1,-0.894801,-0.756581,-2.73399e-05,-5.52872,-0.13822
1.83,2,1.2948,1.30886,-0.00118351,-0.419248,-0.0140538
1.83,3,4.70196e-06,-0.009957,-0.0178837,0.110347,0.0099617
1.83,4,-0.399998,-0.372852,3.42411e-05,-0.217186,-0.0271461
1.83,5,-1.84543e-06,-1.14742e-06,9.61081e-05,-3.23225e-05,-6.98006e-07
1.84,0,0.668586,0.348162,0.000282152,12.8161,0.320424
1.84,1,-0.895513,-0.756581,-2.7457e-05,-5.5572,-0.138932
1.84,2,1.29552,1.30884,-0.00118658,-0.397518,-0.0133297
1.84,3,4.73729e-06,-0.0101361,-0.0179327,0.112168,0.0101408
1.84,4,-0.399998,-0.372851,2.86873e-05,-0.217185,-0.0271464
1.84,5,-1.85929e-06,-2.90223e-07,7.74246e-05,-3.10727e-05,-1.56907e-06
1.85,0,0.673572,0.348165,0.000282999,13.0154,0.325407
1.85,1,-0.896225,-0.756581,-2.75721e-05,-5.58568,-0.139644
1.85,2,1.29623,1.30883,-0.00118953,-0.375788,-0.0126056
1.85,3,4.77261e-06,-0.0103157,-0.0179799,0.113993,0.0103205
1.85,4,-0.399998,-0.372851,2.35325e-05,-0.217185,-0.0271466
1.85,5,-1.87316e-06,3.88274e-07,6.02575e-05,-2.93844e-05,-2.26143e-06
1.86,0,0.678557,0.348167,0.000283814,13.2147,0.33039
1.86,1,-0.896937,-0.756581,-2.76845e-05,-5.61416,-0.140356
1.86,2,1.29694,1.30882,-0.00119234,-0.354057,-0.0118814
1.86,3,4.80794e-06,-0.0104957,-0.018025,0.115821,0.0105006
1.86,4,-0.399998,-0.372851,1.88858e-05,-0.217184,-0.0271468
1.86,5,-1.88702e-06,9.05019e-07,4.49538e-05,-2.74463e-05,-2.79204e-06
1.87,0,0.683543,0.34817,0.000284594,13.4141,0.335373
1.87,1,-0.89765,-0.756582,-2.77942e-05,-5.64264,-0.141068
1.87,2,1.29765,1.30881,-0.00119501,-0.332325,-0.0111572
1.87,3,4.84327e-06,-0.0106762,-0.0180679,0.117651,0.0106811
1.87,4,-0.399998,-0.372851,1.4806e-05,-0.217183,-0.0271469
1.87,5,-1.90089e-06,1.27979e-06,3.16727e-05,-2.54052e-05,-3.18068e-06
1.88,0,0.688529,0.348173,0.000285339,13.6134,0.340356
1.88,1,-0.898362,-0.756582,-2.79009e-05,-5.67111,-0.14178
1.88,2,1.29836,1.3088,-0.00119751,-0.310593,-0.0104329
1.88,3,4.87859e-06,-0.0108571,-0.0181085,0.119485,0.010862
1.88,4,-0.399998,-0.372851,1.13135e-05,-0.217182,-0.0271471
1.88,5,-1.91475e-06,1.5331e-06,2.04511e-05,-2.33746e-05,-3.44786e-06
1.89,0,0.693514,0.348176,0.000286049,13.8127,0.345338
1.89,1,-0.899074,-0.756582,-2.80049e-05,-5.69959,-0.142492
1.89,2,1.29908,1.30879,-0.00119987,-0.288861,-0.00970869
1.89,3,4.91392e-06,-0.0110384,-0.0181468,0.121322,0.0110433
1.89,4,-0.399998,-0.372851,8.39841e-06,-0.217181,-0.0271471
1.89,5,-1.92862e-06,1.68527e-06,1.12278e-05,-2.14378e-05,-3.61389e-06
1.9,0,0.6985,0.348179,0.000286727,14.012,0.350321
1.9,1,-0.899786,-0.756582,-2.81062e-05,-5.72807,-0.143204
1.9,2,1.29979,1.30877,-0.00120209,-0.267128,-0.00898441
1.9,3,4.94925e-06,-0.0112201,-0.0181831,0.12316,0.0112251
1.9,4,-0.399998,-0.37285,6.0296e-06,-0.217181,-0.0271472
1.9,5,-1.94248e-06,1.7556e-06,3.87208e-06,-1.96521e-05,-3.69809e-06
1.91,0,0.703486,0.348182,0.000287375,14.2113,0.355304
1.91,1,-0.900499,-0.756583,-2.82052e-05,-5.75655,-0.143916
1.91,2,1.3005,1.30876,-0.00120418,-0.245395,-0.00826011
1.91,3,4.98457e-06,-0.0114021,-0.0182174,0.125002,0.0114071
1.91,4,-0.399998,-0.37285,4.16102e-06,-0.21718,-0.0271472
1.91,5,-1.95635e-06,1.76185e-06,-1.79164e-06,-1.80535e-05,-3.7182e-06
1.92,0,0.708472,0.348185,0.000287997,14.4106,0.360287
1.92,1,-0.901211,-0.756583,-2.83021e-05,-5.78503,-0.144628
1.92,2,1.30121,1.30875,-0.00120616,-0.223661,-0.00753579
1.92,3,5.0199e-06,-0.0115845,-0.0182501,0.126845,0.0115895
1.92,4,-0.399998,-0.37285,2.73773e-06,-0.217179,-0.0271472
1.92,5,-1.97021e-06,1.71983e-06,-5.96484e-06,-1.66607e-05,-3.69004e-06
1.93,0,0.713457,0.348188,0.000288597,14.6099,0.36527
1.93,1,-0.901923,-0.756583,-2.83971e-05,-5.81351,-0.14534
1.93,2,1.30193,1.30874,-0.00120804,-0.201927,-0.00681145
1.93,3,5.05523e-06,-0.0117672,-0.0182813,0.128691,0.0117722
1.93,4,-0.399998,-0.37285,1.70047e-06,-0.217179,-0.0271472
1.93,5,-1.98408e-06,1.64328e-06,-8.85929e-06,-1.5479e-05,-3.62736e-06
1.94,0,0.718443,0.34819,0.000289178,14.8092,0.370253
1.94,1,-0.902635,-0.756584,-2.84907e-05,-5.84198,-0.146052
1.94,2,1.30264,1.30872,-0.00120984,-0.180193,-0.00608709
1.94,3,5.09055e-06,-0.0119501,-0.0183113,0.130539,0.0119552
1.94,4,-0.399998,-0.37285,9.89255e-07,-0.217178,-0.0271472
1.94,5,-1.99794e-06,1.54384e-06,-1.06853e-05,-1.45033e-05,-3.54178e-06
1.95,0,0.723429,0.348193,0.000289744,15.0086,0.375235
1.95,1,-0.903348,-0.756584,-2.8583e-05,-5.87046,-0.146764
1.95,2,1.30335,1.30871,-0.00121157,-0.158458,-0.00536271
1.95,3,5.12588e-06,-0.0121334,-0.0183403,0.132389,0.0121385
1.95,4,-0.399998,-0.37285,5.46113e-07,-0.217178,-0.0271472
1.95,5,-2.01181e-06,1.43107e-06,-1.16433e-05,-1.37214e-05,-3.44287e-06
1.96,0,0.728415,0.348196,0.000290299,15.2079,0.380218
1.96,1,-0.90406,-0.756584,-2.86743e-05,-5.89894,-0.147476
1.96,2,1.30406,1.3087,-0.00121325,-0.136723,-0.00463832
1.96,3,5.16121e-06,-0.012317,-0.0183685,0.134242,0.0123221
1.96,4,-0.399998,-0.37285,3.16949e-07,-0.217178,-0.0271472
1.96,5,-2.02567e-06,1.31262e-06,-1.19177e-05,-1.31161e-05,-3.33829e-06
1.97,0,0.7334,0.348199,0.000290845,15.4072,0.385201
1.97,1,-0.904772,-0.756584,-2.8765e-05,-5.92742,-0.148188
1.97,2,1.30477,1.30869,-0.00121489,-0.114988,-0.00391391
1.97,3,5.19653e-06,-0.0125008,-0.0183962,0.136098,0.012506
1.97,4,-0.399998,-0.37285,2.52811e-07,-0.217178,-0.0271472
1.97,5,-2.03954e-06,1.19441e-06,-1.16737e-05,-1.26676e-05,-3.23395e-06
1.98,0,0.738386,0.348202,0.000291384,15.6065,0.390184
1.98,1,-0.905484,-0.756585,-2.88551e-05,-5.9559,-0.1489
1.98,2,1.30549,1.30868,-0.00121651,-0.0932515,-0.00318948
1.98,3,5.23186e-06,-0.0126849,-0.0184234,0.137955,0.0126901
1.98,4,-0.399998,-0.37285,3.10597e-07,-0.217178,-0.0271472
1.98,5,-2.0534e-06,1.08081e-06,-1.1055e-05,-1.23546e-05,-3.13421e-06
1.99,0,0.743372,0.348205,0.00029192,15.8058,0.395167
1.99,1,-0.906197,-0.756585,-2.89449e-05,-5.98438,-0.149612
1.99,2,1.3062,1.30866,-0.0012181,-0.0715151,-0.00246504
1.99,3,5.26719e-06,-0.0128693,-0.0184503,0.139816,0.0128746
1.99,4,-0.399997,-0.37285,4.53328e-07,-0.217178,-0.0271472
1.99,5,-2.06727e-06,9.74878e-07,-1.01835e-05,-1.21557e-05,-3.04215e-06
2,0,0.748357,0.348208,0.000292453,16.0051,0.40015
2,1,-0.906909,-0.756585,-2.90345e-05,-6.01285,-0.150324
2,2,1.30691,1.30865,-0.00121968,-0.0497782,-0.00174058
2,3,5.30251e-06,-0.0130539,-0.0184771,0.141679,0.0130592
2,4,-0.399997,-0.37285,6.50096e-07,-0.217178,-0.0271472
2,5,-2.08113e-06,8.78573e-07,-9.16009e-06,-1.20505e-05,-2.95971e-06
2.01,0,0.753343,0.348211,0.000292986,16.2044,0.405132
2.01,1,-0.907621,-0.756586,-2.91241e-05,-6.04133,-0.151035
2.01,2,1.30762,1.30864,-0.00122126,-0.0280408,-0.00101611
2.01,3,5.33784e-06,-0.0132389,-0.0185038,0.143544,0.0132442
2.01,4,-0.399997,-0.37285,8.7577e-07,-0.217178,-0.0271472
2.01,5,-2.095e-06,7.92953e-07,-8.06554e-06,-1.20201e-05,-2.88795e-06
2.02,0,0.758329,0.348214,0.00029352,16.4037,0.410115
2.02,1,-0.908333,-0.756586,-2.92137e-05,-6.06981,-0.151747
2.02,2,1.30834,1.30863,-0.00122284,-0.00630294,-0.000291621
2.02,3,5.37317e-06,-0.013424,-0.0185306,0.145413,0.0134294
2.02,4,-0.399997,-0.37285,1.11054e-06,-0.217178,-0.0271472
2.02,5,-2.10886e-06,7.18368e-07,-6.96275e-06,-1.20473e-05,-2.82723e-06
2.03,0,0.763315,0.348217,0.000294055,16.603,0.415098
2.03,1,-0.909046,-0.756586,-2.93034e-05,-6.09829,-0.152459
2.03,2,1.30905,1.30862,-0.00122442,0.0154354,0.000432885
2.03,3,5.40849e-06,-0.0136095,-0.0185574,0.147284,0.0136149
2.03,4,-0.399997,-0.37285,1.33935e-06,-0.217178,-0.0271471
2.03,5,-2.12273e-06,6.54632e-07,-5.89859e-06,-1.21172e-05,-2.77736e-06
2.04,0,0.7683,0.34822,0.000294593,16.8023,0.420081
2.04,1,-0.909758,-0.756586,-2.93933e-05,-6.12677,-0.153171
2.04,2,1.30976,1.3086,-0.00122601,0.0371742,0.00115741
2.04,3,5.44382e-06,-0.0137952,-0.0185843,0.149157,0.0138007
2.04,4,-0.399997,-0.37285,1.5513e-06,-0.217178,-0.0271471
2.04,5,-2.13659e-06,6.01166e-07,-4.90618e-06,-1.22169e-05,-2.73776e-06
2.05,0,0.773286,0.348223,0.000295133,17.0017,0.425064
2.05,1,-0.91047,-0.756587,-2.94833e-05,-6.15524,-0.153883
2.05,2,1.31047,1.30859,-0.00122761,0.0589135,0.00188194
2.05,3,5.47914e-06,-0.0139812,-0.0186114,0.151034,0.0139867
2.05,4,-0.399997,-0.37285,1.73899e-06,-0.217178,-0.0271471
2.05,5,-2.15046e-06,5.57123e-07,-4.00711e-06,-1.23358e-05,-2.70758e-06
2.06,0,0.778272,0.348225,0.000295676,17.201,0.430046
2.06,1,-0.911182,-0.756587,-2.95737e-05,-6.18372,-0.154595
2.06,2,1.31119,1.30858,-0.00122922,0.0806534,0.0026065
2.06,3,5.51447e-06,-0.0141675,-0.0186386,0.152913,0.014173
2.06,4,-0.399997,-0.37285,1.89794e-06,-0.217178,-0.0271471
2.06,5,-2.16432e-06,5.21498e-07,-3.21354e-06,-1.2465e-05,-2.68582e-06
2.07,0,0.783257,0.348228,0.000296223,17.4003,0.435029
2.07,1,-0.911895,-0.756587,-2.96642e-05,-6.2122,-0.155307
2.07,2,1.3119,1.30857,-0.00123084,0.102394,0.00333107
2.07,3,5.5498e-06,-0.014354,-0.018666,0.154795,0.0143596
2.07,4,-0.399997,-0.37285,2.02601e-06,-0.217178,-0.0271472
2.07,5,-2.17819e-06,4.93203e-07,-2.53016e-06,-1.25979e-05,-2.67139e-06
2.08,0,0.788243,0.348231,0.000296772,17.5996,0.440012
2.08,1,-0.912607,-0.756588,-2.9755e-05,-6.24068,-0.156019
2.08,2,1.31261,1.30855,-0.00123247,0.124135,0.00405565
2.08,3,5.58512e-06,-0.0145408,-0.0186936,0.15668,0.0145464
2.08,4,-0.399997,-0.37285,2.12287e-06,-0.217178,-0.0271472
2.08,5,-2.19205e-06,4.71138e-07,-1.95593e-06,-1.27292e-05,-2.66319e-06
2.09,0,0.793229,0.348234,0.000297325,17.7989,0.444995
2.09,1,-0.913319,-0.756588,-2.9846e-05,-6.26916,-0.156731
2.09,2,1.31332,1.30854,-0.00123411,0.145876,0.00478025
2.09,3,5.62045e-06,-0.0147279,-0.0187213,0.158568,0.0147335
2.09,4,-0.399997,-0.37285,2.18953e-06,-0.217178,-0.0271472
2.09,5,-2.20592e-06,4.54237e-07,-1.48565e-06,-1.28551e-05,-2.66016e-06
2.1,0,0.798215,0.348237,0.000297881,17.9982,0.449977
2.1,1,-0.914031,-0.756588,-2.99373e-05,-6.29763,-0.157443
2.1,2,1.31403,1.30853,-0.00123576,0.167618,0.00550487
2.1,3,5.65578e-06,-0.0149153,-0.0187492,0.160459,0.0149209
2.1,4,-0.399997,-0.37285,2.22799e-06,-0.217178,-0.0271472
2.1,5,-2.21978e-06,4.41504e-07,-1.1112e-06,-1.29731e-05,-2.66129e-06
2.11,0,0.8032,0.34824,0.00029844,18.1975,0.45496
2.11,1,-0.914744,-0.756589,-3.00287e-05,-6.32611,-0.158155
2.11,2,1.31475,1.30852,-0.00123742,0.18936,0.00622951
2.11,3,5.6911e-06,-0.0151029,-0.0187773,0.162353,0.0151086
2.11,4,-0.399997,-0.37285,2.24086e-06,-0.217178,-0.0271472
2.11,5,-2.23365e-06,4.32034e-07,-8.22704e-07,-1.30816e-05,-2.66568e-06
2.12,0,0.808186,0.348243,0.000299002,18.3968,0.459943
2.12,1,-0.915456,-0.756589,-3.01204e-05,-6.35459,-0.158867
2.12,2,1.31546,1.3085,-0.00123909,0.211103,0.00695416
2.12,3,5.72643e-06,-0.0152909,-0.0188055,0.164249,0.0152966
2.12,4,-0.399997,-0.37285,2.23111e-06,-0.217179,-0.0271472
2.12,5,-2.24751e-06,4.25025e-07,-6.09335e-07,-1.31799e-05,-2.67254e-06
2.13,0,0.813172,0.348246,0.000299566,18.5961,0.464926
2.13,1,-0.916168,-0.756589,-3.02123e-05,-6.38307,-0.159579
2.13,2,1.31617,1.30849,-0.00124077,0.232846,0.00767883
2.13,3,5.76176e-06,-0.0154791,-0.0188338,0.166149,0.0154848
2.13,4,-0.399997,-0.37285,2.20186e-06,-0.217179,-0.0271472
2.13,5,-2.26138e-06,4.19789e-07,-4.60039e-07,-1.32678e-05,-2.68117e-06
2.14,0,0.818158,0.348249,0.000300133,18.7954,0.469908
2.14,1,-0.91688,-0.756589,-3.03044e-05,-6.41154,-0.160291
2.14,2,1.31688,1.30848,-0.00124246,0.25459,0.00840351
2.14,3,5.79708e-06,-0.0156676,-0.0188623,0.168051,0.0156734
2.14,4,-0.399997,-0.37285,2.15617e-06,-0.217179,-0.0271472
2.14,5,-2.27524e-06,4.15743e-07,-3.64035e-07,-1.33457e-05,-2.69099e-06
2.15,0,0.823143,0.348252,0.000300702,18.9947,0.474891
2.15,1,-0.917593,-0.75659,-3.03966e-05,-6.44002,-0.161003
2.15,2,1.3176,1.30847,-0.00124415,0.276335,0.00912822
2.15,3,5.83241e-06,-0.0158563,-0.0188908,0.169956,0.0158622
2.15,4,-0.399997,-0.37285,2.09701e-06,-0.217179,-0.0271472
2.15,5,-2.28911e-06,4.12412e-07,-3.11189e-07,-1.34142e-05,-2.70152e-06
2.16,0,0.828129,0.348255,0.000301273,19.194,0.479874
2.16,1,-0.918305,-0.75659,-3.0489e-05,-6.4685,-0.161715
2.16,2,1.31831,1.30845,-0.00124585,0.29808,0.00985294
2.16,3,5.86774e-06,-0.0160454,-0.0189195,0.171864,0.0160513
2.16,4,-0.399997,-0.37285,2.02707e-06,-0.217179,-0.0271472
2.16,5,-2.30297e-06,4.09415e-07,-2.9226e-07,-1.34743e-05,-2.71239e-06
2.17,0,0.833115,0.348258,0.000301847,19.3934,0.484856
2.17,1,-0.919017,-0.75659,-3.05815e-05,-6.49698,-0.162427
2.17,2,1.31902,1.30844,-0.00124756,0.319825,0.0105777
2.17,3,5.90306e-06,-0.0162348,-0.0189483,0.173776,0.0162407
2.17,4,-0.399997,-0.37285,1.94878e-06,-0.217179,-0.0271472
2.17,5,-2.31684e-06,4.0646e-07,-2.9904e-07,-1.35268e-05,-2.7233e-06
2.18,0,0.8381,0.348261,0.000302422,19.5927,0.489839
2.18,1,-0.919729,-0.756591,-3.06741e-05,-6.52546,-0.163139
2.18,2,1.31973,1.30843,-0.00124927,0.341571,0.0113024
2.18,3,5.93839e-06,-0.0164244,-0.0189771,0.17569,0.0164303
2.18,4,-0.399997,-0.37285,1.86428e-06,-0.217179,-0.0271472
2.18,5,-2.3307e-06,4.03329e-07,-3.24426e-07,-1.35728e-05,-2.73403e-06
2.19,0,0.843086,0.348264,0.000302999,19.792,0.494822
2.19,1,-0.920442,-0.756591,-3.07669e-05,-6.55393,-0.163851
2.19,2,1.32044,1.30842,-0.00125098,0.363318,0.0120272
2.19,3,5.97372e-06,-0.0166143,-0.0190061,0.177607,0.0166203
2.19,4,-0.399997,-0.37285,1.77536e-06,-0.217178,-0.0271472
2.19,5,-2.34457e-06,3.9987e-07,-3.62415e-07,-1.36135e-05,-2.74444e-06
2.2,0,0.848072,0.348267,0.000303577,19.9913,0.499804
2.2,1,-0.921154,-0.756591,-3.08598e-05,-6.58241,-0.164563
2.2,2,1.32116,1.3084,-0.0012527,0.385065,0.012752
2.2,3,6.00904e-06,-0.0168045,-0.0190351,0.179527,0.0168106
2.2,4,-0.399997,-0.37285,1.68353e-06,-0.217178,-0.0271472
2.2,5,-2.35843e-06,3.95986e-07,-4.08066e-07,-1.36497e-05,-2.75442e-06
2.21,0,0.853058,0.34827,0.000304157,20.1906,0.504787
2.21,1,-0.921866,-0.756592,-3.09528e-05,-6.61089,-0.165275
2.21,2,1.32187,1.30839,-0.00125442,0.406813,0.0134768
2.21,3,6.04437e-06,-0.0169951,-0.0190641,0.18145,0.0170011
2.21,4,-0.399997,-0.37285,1.59001e-06,-0.217178,-0.0271472
2.21,5,-2.3723e-06,3.91622e-07,-4.57421e-07,-1.36824e-05,-2.76392e-06
2.22,0,0.858043,0.348274,0.000304739,20.3899,0.50977
2.22,1,-0.922578,-0.756592,-3.10459e-05,-6.63936,-0.165986
2.22,2,1.32258,1.30838,-0.00125615,0.428561,0.0142016
2.22,3,6.0797e-06,-0.0171859,-0.0190933,0.183375,0.0171919
2.22,4,-0.399997,-0.37285,1.49573e-06,-0.217178,-0.0271472
2.22,5,-2.38616e-06,3.86758e-07,-5.07411e-07,-1.37124e-05,-2.77292e-06
2.23,0,0.863029,0.348277,0.000305322,20.5892,0.514753
2.23,1,-0.923291,-0.756592,-3.11391e-05,-6.66784,-0.166698
2.23,2,1.32329,1.30837,-0.00125788,0.450309,0.0149265
2.23,3,6.11502e-06,-0.017377,-0.0191225,0.185304,0.0173831
2.23,4,-0.399997,-0.37285,1.40142e-06,-0.217178,-0.0271472
2.23,5,-2.40003e-06,3.81403e-07,-5.55748e-07,-1.37404e-05,-2.78143e-06
2.24,0,0.868015,0.34828,0.000305907,20.7885,0.519735
2.24,1,-0.924003,-0.756593,-3.12324e-05,-6.69632,-0.16741
2.24,2,1.32401,1.30835,-0.00125961,0.472058,0.0156513
2.24,3,6.15035e-06,-0.0175683,-0.0191517,0.187236,0.0175745
2.24,4,-0.399997,-0.37285,1.3076e-06,-0.217178,-0.0271472
2.24,5,-2.41389e-06,3.75581e-07,-6.0081e-07,-1.37671e-05,-2.78947e-06
2.25,0,0.873001,0.348283,0.000306493,20.9878,0.524718
2.25,1,-0.924715,-0.756593,-3.13259e-05,-6.7248,-0.168122
2.25,2,1.32472,1.30834,-0.00126135,0.493808,0.0163762
2.25,3,6.18568e-06,-0.01776,-0.0191811,0.189171,0.0177662
2.25,4,-0.399997,-0.37285,1.2146e-06,-0.217178,-0.0271472
2.25,5,-2.42776e-06,3.69332e-07,-6.41541e-07,-1.3793e-05,-2.79709e-06
2.26,0,0.877986,0.348286,0.000307081,21.1871,0.529701
2.26,1,-0.925427,-0.756593,-3.14194e-05,-6.75327,-0.168834
2.26,2,1.32543,1.30833,-0.00126309,0.515558,0.0171011
2.26,3,6.221e-06,-0.017952,-0.0192104,0.191108,0.0179582
2.26,4,-0.399997,-0.37285,1.12263e-06,-0.217178,-0.0271472
2.26,5,-2.44162e-06,3.62702e-07,-6.77335e-07,-1.38184e-05,-2.80433e-06
2.27,0,0.882972,0.348289,0.00030767,21.3864,0.534683
2.27,1,-0.92614,-0.756593,-3.1513e-05,-6.78175,-0.169546
2.27,2,1.32614,1.30832,-0.00126483,0.537309,0.017826
2.27,3,6.25633e-06,-0.0181443,-0.0192399,0.193049,0.0181505
2.27,4,-0.399997,-0.37285,1.03179e-06,-0.217178,-0.0271472
2.27,5,-2.45549e-06,3.55743e-07,-7.0795e-07,-1.38438e-05,-2.81123e-06
2.28,0,0.887958,0.348292,0.000308261,21.5857,0.539666
2.28,1,-0.926852,-0.756594,-3.16067e-05,-6.81023,-0.170258
2.28,2,1.32686,1.3083,-0.00126658,0.55906,0.0185509
2.28,3,6.29165e-06,-0.0183368,-0.0192694,0.194993,0.0183431
2.28,4,-0.399997,-0.37285,9.42088e-07,-0.217178,-0.0271472
2.28,5,-2.46935e-06,3.48506e-07,-7.3342e-07,-1.38693e-05,-2.81786e-06
2.29,0,0.892943,0.348295,0.000308853,21.785,0.544648
2.29,1,-0.927564,-0.756594,-3.17005e-05,-6.83871,-0.17097
2.29,2,1.32757,1.30829,-0.00126833,0.580812,0.0192759
2.29,3,6.32698e-06,-0.0185297,-0.0192989,0.196939,0.018536
2.29,4,-0.399997,-0.37285,8.53459e-07,-0.217178,-0.0271472
2.29,5,-2.48322e-06,3.41042e-07,-7.53981e-07,-1.38951e-05,-2.82426e-06
2.3,0,0.897929,0.348298,0.000309446,21.9843,0.549631
2.3,1,-0.928276,-0.756594,-3.17944e-05,-6.86718,-0.171682
2.3,2,1.32828,1.30828,-0.00127008,0.602565,0.0200008
2.3,3,6.36231e-06,-0.0187228,-0.0193286,0.198889,0.0187292
2.3,4,-0.399997,-0.37285,7.65805e-07,-0.217178,-0.0271472
2.3,5,-2.49708e-06,3.33398e-07,-7.70008e-07,-1.39214e-05,-2.83048e-06
2.31,0,0.902915,0.348301,0.000310042,22.1836,0.554614
2.31,1,-0.928989,-0.756595,-3.18885e-05,-6.89566,-0.172394
2.31,2,1.32899,1.30827,-0.00127184,0.624317,0.0207258
2.31,3,6.39763e-06,-0.0189163,-0.0193582,0.200842,0.0189227
2.31,4,-0.399997,-0.37285,6.78994e-07,-0.217177,-0.0271471
2.31,5,-2.51095e-06,3.25617e-07,-7.81962e-07,-1.39482e-05,-2.83657e-06
2.32,0,0.907901,0.348304,0.000310638,22.3829,0.559596
2.32,1,-0.929701,-0.756595,-3.19826e-05,-6.92414,-0.173106
2.32,2,1.3297,1.30825,-0.0012736,0.646071,0.0214508
2.32,3,6.43296e-06,-0.01911,-0.019388,0.202797,0.0191165
2.32,4,-0.399997,-0.37285,5.92879e-07,-0.217177,-0.0271471
2.32,5,-2.52481e-06,3.17736e-07,-7.90352e-07,-1.39756e-05,-2.84255e-06
2.33,0,0.912886,0.348307,0.000311236,22.5822,0.564579
2.33,1,-0.930413,-0.756595,-3.20768e-05,-6.95261,-0.173818
2.33,2,1.33042,1.30824,-0.00127537,0.667825,0.0221758
2.33,3,6.46829e-06,-0.0193041,-0.0194178,0.204756,0.0193105
2.33,4,-0.399997,-0.37285,5.07309e-07,-0.217177,-0.0271471
2.33,5,-2.53868e-06,3.09789e-07,-7.95698e-07,-1.40036e-05,-2.84847e-06
2.34,0,0.917872,0.348311,0.000311836,22.7815,0.569562
2.34,1,-0.931125,-0.756596,-3.21711e-05,-6.98109,-0.17453
2.34,2,1.33113,1.30823,-0.00127713,0.689579,0.0229008
2.34,3,6.50361e-06,-0.0194984,-0.0194477,0.206718,0.0195049
2.34,4,-0.399997,-0.37285,4.22132e-07,-0.217177,-0.0271471
2.34,5,-2.55254e-06,3.01803e-07,-7.98507e-07,-1.40322e-05,-2.85435e-06
2.35,0,0.922858,0.348314,0.000312437,22.9808,0.574544
2.35,1,-0.931838,-0.756596,-3.22656e-05,-7.00957,-0.175242
2.35,2,1.33184,1.30822,-0.0012789,0.711334,0.0236259
2.35,3,6.53894e-06,-0.019693,-0.0194776,0.208682,0.0196996
2.35,4,-0.399997,-0.37285,3.37204e-07,-0.217177,-0.0271471
2.35,5,-2.56641e-06,2.93801e-07,-7.99258e-07,-1.40613e-05,-2.86021e-06
2.36,0,0.927844,0.348317,0.00031304,23.1801,0.579527
2.36,1,-0.93255,-0.756596,-3.23601e-05,-7.03804,-0.175954
2.36,2,1.33255,1.3082,-0.00128068,0.73309,0.024351
2.36,3,6.57427e-06,-0.019888,-0.0195076,0.21065,0.0198946
2.36,4,-0.399997,-0.37285,2.52392e-07,-0.217177,-0.0271471
2.36,5,-2.58027e-06,2.858e-07,-7.98388e-07,-1.40909e-05,-2.86607e-06
2.37,0,0.932829,0.34832,0.000313645,23.3794,0.584509
2.37,1,-0.933262,-0.756597,-3.24548e-05,-7.06652,-0.176665
2.37,2,1.33327,1.30819,-0.00128246,0.754846,0.025076
2.37,3,6.60959e-06,-0.0200832,-0.0195376,0.212621,0.0200898
2.37,4,-0.399997,-0.37285,1.67579e-07,-0.217177,-0.0271471
2.37,5,-2.59414e-06,2.77816e-07,-7.96286e-07,-1.41209e-05,-2.87195e-06
2.38,0,0.937815,0.348323,0.000314251,23.5787,0.589492
2.38,1,-0.933974,-0.756597,-3.25495e-05,-7.095,-0.177377
2.38,2,1.33398,1.30818,-0.00128424,0.776603,0.0258011
2.38,3,6.64492e-06,-0.0202788,-0.0195678,0.214595,0.0202854
2.38,4,-0.399997,-0.37285,8.26615e-08,-0.217176,-0.0271471
2.38,5,-2.608e-06,2.69859e-07,-7.93288e-07,-1.41513e-05,-2.87786e-06
2.39,0,0.942801,0.348326,0.000314858,23.778,0.594475
2.39,1,-0.934687,-0.756597,-3.26444e-05,-7.12347,-0.178089
2.39,2,1.33469,1.30816,-0.00128603,0.79836,0.0265263
2.39,3,6.68025e-06,-0.0204746,-0.0195979,0.216572,0.0204813
2.39,4,-0.399997,-0.37285,-2.45016e-09,-0.217176,-0.027147
2.39,5,-2.62187e-06,2.61935e-07,-7.89681e-07,-1.41821e-05,-2.8838e-06
2.4,0,0.947786,0.348329,0.000315468,23.9773,0.599457
2.4,1,-0.935399,-0.756598,-3.27394e-05,-7.15195,-0.178801
2.4,2,1.3354,1.30815,-0.00128781,0.820118,0.0272514
2.4,3,6.71557e-06,-0.0206708,-0.0196282,0.218552,0.0206775
2.4,4,-0.399997,-0.37285,-8.78291e-08,-0.217176,-0.027147
2.4,5,-2.63573e-06,2.5405e-07,-7.85698e-07,-1.42132e-05,-2.88978e-06
2.41,0,0.952772,0.348332,0.000316079,24.1766,0.60444
2.41,1,-0.936111,-0.756598,-3.28345e-05,-7.18043,-0.179513
2.41,2,1.33611,1.30814,-0.00128961,0.841876,0.0279766
2.41,3,6.7509e-06,-0.0208672,-0.0196585,0.220535,0.020874
2.41,4,-0.399997,-0.37285,-1.73535e-07,-0.217176,-0.027147
2.41,5,-2.6496e-06,2.46206e-07,-7.81529e-07,-1.42446e-05,-2.89581e-06
2.42,0,0.957758,0.348336,0.000316691,24.3759,0.609422
2.42,1,-0.936823,-0.756598,-3.29297e-05,-7.2089,-0.180225
2.42,2,1.33683,1.30813,-0.0012914,0.863635,0.0287017
2.42,3,6.78623e-06,-0.021064,-0.0196889,0.222521,0.0210707
2.42,4,-0.399997,-0.37285,-2.59616e-07,-0.217176,-0.027147
2.42,5,-2.66346e-06,2.38405e-07,-7.77321e-07,-1.42761e-05,-2.90187e-06
2.43,0,0.962744,0.348339,0.000317305,24.5752,0.614405
2.43,1,-0.937536,-0.756599,-3.3025e-05,-7.23738,-0.180937
2.43,2,1.33754,1.30811,-0.00129321,0.885394,0.0294269
2.43,3,6.82155e-06,-0.021261,-0.0197194,0.22451,0.0212678
2.43,4,-0.399997,-0.37285,-3.46108e-07,-0.217176,-0.027147
2.43,5,-2.67733e-06,2.30647e-07,-7.73184e-07,-1.43079e-05,-2.90798e-06
2.44,0,0.967729,0.348342,0.000317921,24.7745,0.619387
2.44,1,-0.938248,-0.756599,-3.31205e-05,-7.26586,-0.181649
2.44,2,1.33825,1.3081,-0.00129501,0.907154,0.0301521
2.44,3,6.85688e-06,-0.0214584,-0.0197499,0.226502,0.0214652
2.44,4,-0.399997,-0.37285,-4.33036e-07,-0.217175,-0.0271469
2.44,5,-2.69119e-06,2.22929e-07,-7.69197e-07,-1.43399e-05,-2.91412e-06
2.45,0,0.972715,0.348345,0.000318539,24.9738,0.62437
2.45,1,-0.93896,-0.756599,-3.3216e-05,-7.29433,-0.182361
2.45,2,1.33896,1.30809,-0.00129682,0.928915,0.0308774
2.45,3,6.89221e-06,-0.021656,-0.0197805,0.228498,0.0216629
2.45,4,-0.399997,-0.37285,-5.20421e-07,-0.217175,-0.0271469
2.45,5,-2.70506e-06,2.15251e-07,-7.65411e-07,-1.43719e-05,-2.92031e-06
2.46,0,0.977701,0.348348,0.000319158,25.1731,0.629352
2.46,1,-0.939672,-0.7566,-3.33117e-05,-7.32281,-0.183073
2.46,2,1.33968,1.30807,-0.00129863,0.950676,0.0316026
2.46,3,6.92753e-06,-0.021854,-0.0198111,0.230496,0.0218609
2.46,4,-0.399997,-0.37285,-6.08273e-07,-0.217175,-0.0271469
2.46,5,-2.71892e-06,2.07611e-07,-7.61858e-07,-1.44041e-05,-2.92653e-06
2.47,0,0.982687,0.348352,0.000319779,25.3724,0.634335
2.47,1,-0.940385,-0.7566,-3.34074e-05,-7.35129,-0.183785
2.47,2,1.34039,1.30806,-0.00130045,0.972437,0.0323279
2.47,3,6.96286e-06,-0.0220523,-0.0198419,0.232498,0.0220593
2.47,4,-0.399997,-0.37285,-6.96599e-07,-0.217175,-0.0271469
2.47,5,-2.73279e-06,2.00005e-07,-7.58551e-07,-1.44364e-05,-2.93279e-06
2.48,0,0.987672,0.348355,0.000320401,25.5717,0.639317
2.48,1,-0.941097,-0.7566,-3.35033e-05,-7.37976,-0.184497
2.48,2,1.3411,1.30805,-0.00130227,0.994199,0.0330532
2.48,3,6.99819e-06,-0.0222509,-0.0198727,0.234502,0.0222579
2.48,4,-0.399997,-0.37285,-7.85402e-07,-0.217174,-0.0271468
2.48,5,-2.74665e-06,1.92433e-07,-7.55489e-07,-1.44688e-05,-2.93909e-06
2.49,0,0.992658,0.348358,0.000321025,25.771,0.6443
2.49,1,-0.941809,-0.756601,-3.35993e-05,-7.40824,-0.185208
2.49,2,1.34181,1.30803,-0.00130409,1.01596,0.0337785
2.49,3,7.03351e-06,-0.0224498,-0.0199035,0.23651,0.0224568
2.49,4,-0.399997,-0.37285,-8.74681e-07,-0.217174,-0.0271468
2.49,5,-2.76052e-06,1.8489e-07,-7.52664e-07,-1.45012e-05,-2.94541e-06
2.5,0,0.997644,0.348361,0.000321651,25.9703,0.649282
2.5,1,-0.942521,-0.756601,-3.36954e-05,-7.43672,-0.18592
2.5,2,1.34252,1.30802,-0.00130592,1.03773,0.0345038
2.5,3,7.06884e-06,-0.022649,-0.0199345,0.238521,0.0226561
2.5,4,-0.399997,-0.37285,-9.64432e-07,-0.217174,-0.0271468
2.5,5,-2.77438e-06,1.77377e-07,-7.50059e-07,-1.45338e-05,-2.95176e-06
2.51,0,1.00263,0.348364,0.000322278,26.1696,0.654265
2.51,1,-0.943234,-0.756601,-3.37916e-05,-7.46519,-0.186632
2.51,2,1.34324,1.30801,-0.00130775,1.05949,0.0352291
2.51,3,7.10416e-06,-0.0228485,-0.0199655,0.240535,0.0228556
2.51,4,-0.399997,-0.37285,-1.05465e-06,-0.217174,-0.0271468
2.51,5,-2.78825e-06,1.69889e-07,-7.47654e-07,-1.45664e-05,-2.95814e-06
2.52,0,1.00762,0.348368,0.000322908,26.3689,0.659247
2.52,1,-0.943946,-0.756602,-3.3888e-05,-7.49367,-0.187344
2.52,2,1.34395,1.30799,-0.00130959,1.08125,0.0359545
2.52,3,7.13949e-06,-0.0230483,-0.0199965,0.242553,0.0230555
2.52,4,-0.399997,-0.37285,-1.14534e-06,-0.217173,-0.0271467
2.52,5,-2.80211e-06,1.62427e-07,-7.45428e-07,-1.45991e-05,-2.96454e-06
2.53,0,1.0126,0.348371,0.000323539,26.5682,0.66423
2.53,1,-0.944658,-0.756602,-3.39844e-05,-7.52214,-0.188056
2.53,2,1.34466,1.30798,-0.00131143,1.10302,0.0366798
2.53,3,7.17482e-06,-0.0232485,-0.0200277,0.244573,0.0232556
2.53,4,-0.399997,-0.37285,-1.23648e-06,-0.217173,-0.0271467
2.53,5,-2.81598e-06,1.54988e-07,-7.43358e-07,-1.46318e-05,-2.97097e-06
2.54,0,1.01759,0.348374,0.000324171,26.7675,0.669212
2.54,1,-0.94537,-0.756602,-3.4081e-05,-7.55062,-0.188768
2.54,2,1.34537,1.30797,-0.00131327,1.12478,0.0374052
2.54,3,7.21014e-06,-0.0234489,-0.0200589,0.246597,0.0234561
2.54,4,-0.399997,-0.37285,-1.32807e-06,-0.217173,-0.0271467
2.54,5,-2.82984e-06,1.47571e-07,-7.41421e-07,-1.46646e-05,-2.97741e-06
2.55,0,1.02257,0.348377,0.000324806,26.9668,0.674195
2.55,1,-0.946083,-0.756603,-3.41777e-05,-7.5791,-0.18948
2.55,2,1.34609,1.30796,-0.00131512,1.14655,0.0381307
2.55,3,7.24547e-06,-0.0236497,-0.0200901,0.248623,0.0236569
2.55,4,-0.399997,-0.37285,-1.42012e-06,-0.217173,-0.0271467
2.55,5,-2.84371e-06,1.40176e-07,-7.39599e-07,-1.46975e-05,-2.98388e-06
2.56,0,1.02756,0.348381,0.000325442,27.1661,0.679177
2.56,1,-0.946795,-0.756603,-3.42745e-05,-7.60757,-0.190192
2.56,2,1.3468,1.30794,-0.00131697,1.16832,0.0388561
2.56,3,7.2808e-06,-0.0238507,-0.0201215,0.250653,0.023858
2.56,4,-0.399997,-0.37285,-1.5126e-06,-0.217172,-0.0271466
2.56,5,-2.85757e-06,1.32802e-07,-7.37873e-07,-1.47305e-05,-2.99038e-06
2.57,0,1.03254,0.348384,0.000326079,27.3654,0.68416
2.57,1,-0.947507,-0.756603,-3.43715e-05,-7.63605,-0.190904
2.57,2,1.34751,1.30793,-0.00131882,1.19008,0.0395815
2.57,3,7.31612e-06,-0.0240521,-0.0201529,0.252686,0.0240595
2.57,4,-0.399997,-0.37285,-1.60553e-06,-0.217172,-0.0271466
2.57,5,-2.87144e-06,1.25448e-07,-7.3623e-07,-1.47636e-05,-2.99689e-06
2.58,0,1.03753,0.348387,0.000326719,27.5647,0.689142
2.58,1,-0.948219,-0.756604,-3.44685e-05,-7.66452,-0.191616
2.58,2,1.34822,1.30792,-0.00132068,1.21185,0.040307
2.58,3,7.35145e-06,-0.0242538,-0.0201844,0.254723,0.0242612
2.58,4,-0.399997,-0.37285,-1.6989e-06,-0.217172,-0.0271466
2.58,5,-2.8853e-06,1.18115e-07,-7.34658e-07,-1.47967e-05,-3.00342e-06
2.59,0,1.04252,0.34839,0.00032736,27.764,0.694125
2.59,1,-0.948932,-0.756604,-3.45657e-05,-7.693,-0.192328
2.59,2,1.34894,1.3079,-0.00132254,1.23362,0.0410325
2.59,3,7.38678e-06,-0.0244559,-0.020216,0.256762,0.0244632
2.59,4,-0.399996,-0.37285,-1.7927e-06,-0.217171,-0.0271465
2.59,5,-2.89917e-06,1.10803e-07,-7.33151e-07,-1.48299e-05,-3.00997e-06
2.6,0,1.0475,0.348394,0.000328003,27.9633,0.699107
2.6,1,-0.949644,-0.756604,-3.46629e-05,-7.72148,-0.193039
2.6,2,1.34965,1.30789,-0.00132441,1.25539,0.041758
2.6,3,7.4221e-06,-0.0246582,-0.0202476,0.258805,0.0246656
2.6,4,-0.399996,-0.37285,-1.88693e-06,-0.217171,-0.0271465
2.6,5,-2.91303e-06,1.03513e-07,-7.31706e-07,-1.48632e-05,-3.01655e-06
2.61,0,1.05249,0.348397,0.000328648,28.1626,0.70409
2.61,1,-0.950356,-0.756605,-3.47603e-05,-7.74995,-0.193751
2.61,2,1.35036,1.30788,-0.00132628,1.27716,0.0424835
2.61,3,7.45743e-06,-0.0248608,-0.0202793,0.260851,0.0248683
2.61,4,-0.399996,-0.37285,-1.9816e-06,-0.217171,-0.0271465
2.61,5,-2.9269e-06,9.62445e-08,-7.30325e-07,-1.48966e-05,-3.02314e-06
2.62,0,1.05747,0.3484,0.000329294,28.3619,0.709072
2.62,1,-0.951068,-0.756605,-3.48579e-05,-7.77843,-0.194463
2.62,2,1.35107,1.30786,-0.00132816,1.29893,0.043209
2.62,3,7.49276e-06,-0.0250638,-0.0203111,0.2629,0.0250713
2.62,4,-0.399996,-0.37285,-2.0767e-06,-0.21717,-0.0271464
2.62,5,-2.94076e-06,8.90001e-08,-7.29017e-07,-1.49301e-05,-3.02976e-06
2.63,0,1.06246,0.348404,0.000329943,28.5612,0.714055
2.63,1,-0.951781,-0.756605,-3.49555e-05,-7.8069,-0.195175
2.63,2,1.35178,1.30785,-0.00133004,1.3207,0.0439346
2.63,3,7.52808e-06,-0.0252671,-0.0203429,0.264952,0.0252746
2.63,4,-0.399996,-0.37285,-2.17223e-06,-0.21717,-0.0271464
2.63,5,-2.95463e-06,8.17815e-08,-7.27798e-07,-1.49637e-05,-3.03641e-06
2.64,0,1.06744,0.348407,0.000330593,28.7605,0.719037
2.64,1,-0.952493,-0.756606,-3.50533e-05,-7.83538,-0.195887
2.64,2,1.3525,1.30784,-0.00133192,1.34247,0.0446602
2.64,3,7.56341e-06,-0.0254707,-0.0203748,0.267008,0.0254783
2.64,4,-0.399996,-0.37285,-2.26819e-06,-0.21717,-0.0271463
2.64,5,-2.96849e-06,7.45913e-08,-7.26692e-07,-1.49974e-05,-3.04308e-06
2.65,0,1.07243,0.34841,0.000331244,28.9598,0.724019
2.65,1,-0.953205,-0.756606,-3.51511e-05,-7.86385,-0.196599
2.65,2,1.35321,1.30782,-0.00133381,1.36424,0.0453858
2.65,3,7.59874e-06,-0.0256746,-0.0204068,0.269066,0.0256822
2.65,4,-0.399996,-0.37285,-2.36459e-06,-0.217169,-0.0271463
2.65,5,-2.98236e-06,6.74338e-08,-7.2574e-07,-1.50312e-05,-3.04979e-06
2.66,0,1.07742,0.348413,0.000331898,29.1591,0.729002
2.66,1,-0.953917,-0.756606,-3.52491e-05,-7.89233,-0.197311
2.66,2,1.35392,1.30781,-0.0013357,1.38601,0.0461114
2.66,3,7.63406e-06,-0.0258789,-0.0204389,0.271128,0.0258865
2.66,4,-0.399996,-0.37285,-2.46143e-06,-0.217169,-0.0271463
2.66,5,-2.99622e-06,6.03151e-08,-7.25e-07,-1.50652e-05,-3.05654e-06
2.67,0,1.0824,0.348417,0.000332553,29.3584,0.733984
2.67,1,-0.95463,-0.756607,-3.53472e-05,-7.92081,-0.198023
2.67,2,1.35463,1.3078,-0.00133759,1.40779,0.046837
2.67,3,7.66939e-06,-0.0260834,-0.020471,0.273194,0.0260911
2.67,4,-0.399996,-0.37285,-2.5587e-06,-0.217168,-0.0271462
2.67,5,-3.01009e-06,5.32447e-08,-7.24568e-07,-1.50993e-05,-3.06333e-06
2.68,0,1.08739,0.34842,0.00033321,29.5577,0.738967
2.68,1,-0.955342,-0.756607,-3.54455e-05,-7.94928,-0.198735
2.68,2,1.35535,1.30778,-0.00133949,1.42956,0.0475627
2.68,3,7.70472e-06,-0.0262883,-0.0205032,0.275262,0.026296
2.68,4,-0.399996,-0.37285,-2.65642e-06,-0.217168,-0.0271462
2.68,5,-3.02395e-06,4.62387e-08,-7.24592e-07,-1.51336e-05,-3.07019e-06
2.69,0,1.09237,0.348423,0.000333869,29.757,0.743949
2.69,1,-0.956054,-0.756608,-3.55438e-05,-7.97776,-0.199447
2.69,2,1.35606,1.30777,-0.00134139,1.45133,0.0482884
2.69,3,7.74004e-06,-0.0264935,-0.0205355,0.277334,0.0265013
2.69,4,-0.399996,-0.37285,-2.75459e-06,-0.217168,-0.0271461
2.69,5,-3.03782e-06,3.93248e-08,-7.25328e-07,-1.51681e-05,-3.07714e-06
2.7,0,1.09736,0.348427,0.00033453,29.9563,0.748931
2.7,1,-0.956766,-0.756608,-3.56423e-05,-8.00623,-0.200158
2.7,2,1.35677,1.30776,-0.0013433,1.47311,0.0490141
2.7,3,7.77537e-06,-0.0266991,-0.0205678,0.279409,0.0267068
2.7,4,-0.399996,-0.37285,-2.8532e-06,-0.217167,-0.0271461
2.7,5,-3.05168e-06,3.25559e-08,-7.2723e-07,-1.5203e-05,-3.08424e-06
2.71,0,1.10234,0.34843,0.000324796,30,0.753914
2.71,1,-0.957479,-0.756608,-3.49785e-05,-8.03471,-0.20087
2.71,2,1.35748,1.30774,-0.00130289,1.4948,0.0497396
2.71,3,7.8107e-06,-0.026903,-0.0199614,0.281085,0.0269108
2.71,4,-0.399996,-0.37285,-6.63783e-05,-0.217134,-0.0271458
2.71,5,-3.06555e-06,-1.63894e-06,-0.00052599,0.000150664,-1.42661e-06
2.72,0,1.10733,0.348433,0.000289069,30,0.758896
2.72,1,-0.958191,-0.756609,-3.21923e-05,-8.0632,-0.201582
2.72,2,1.35819,1.30773,-0.00115726,1.51624,0.0504642
2.72,3,7.84602e-06,-0.0270914,-0.0177594,0.281648,0.0270992
2.72,4,-0.399996,-0.372852,-0.000244466,-0.217031,-0.0271442
2.72,5,-3.07941e-06,-1.42059e-05,-0.00186882,0.000616278,1.11265e-05
2.73,0,1.11232,0.348436,0.000240707,30,0.76388
2.73,1,-0.958903,-0.756609,-2.83902e-05,-8.09168,-0.202294
2.73,2,1.35891,1.30772,-0.000960627,1.53753,0.051187
2.73,3,7.88135e-06,-0.027253,-0.0147838,0.281479,0.0272609
2.73,4,-0.399996,-0.372855,-0.000414423,-0.216919,-0.0271408
2.73,5,-3.09328e-06,-3.93372e-05,-0.00296918,0.00107197,3.62439e-05
2.74,0,1.1173,0.348438,0.000187111,30,0.768863
2.74,1,-0.959615,-0.756609,-2.41729e-05,-8.12018,-0.203006
2.74,2,1.35962,1.30771,-0.000743001,1.55872,0.0519077
2.74,3,7.91668e-06,-0.0273829,-0.0114895,0.280802,0.0273908
2.74,4,-0.399996,-0.37286,-0.000529928,-0.216822,-0.0271359
2.74,5,-3.10714e-06,-7.26395e-05,-0.0035448,0.0014111,6.95323e-05
2.75,0,1.12229,0.34844,0.000132325,30,0.773847
2.75,1,-0.960328,-0.756609,-1.98627e-05,-8.14867,-0.203718
2.75,2,1.36033,1.30771,-0.000520745,1.57983,0.0526261
2.75,3,7.952e-06,-0.0274793,-0.00812444,0.279747,0.0274872
2.75,4,-0.399996,-0.372866,-0.000581779,-0.216751,-0.0271303
2.75,5,-3.12101e-06,-0.000108897,-0.00362592,0.00161666,0.000105776
2.76,0,1.12727,0.348441,7.87992e-05,30,0.778832
2.76,1,-0.96104,-0.75661,-1.56541e-05,-8.17717,-0.20443
2.76,2,1.36104,1.3077,-0.000303727,1.60088,0.0533424
2.76,3,7.98733e-06,-0.0275423,-0.00483831,0.278406,0.0275503
2.76,4,-0.399996,-0.372872,-0.000576078,-0.216707,-0.0271244
2.76,5,-3.13487e-06,-0.000143801,-0.00333365,0.00170343,0.000140666
2.77,0,1.13226,0.348441,2.81041e-05,30,0.783817
2.77,1,-0.961752,-0.75661,-1.16716e-05,-8.20566,-0.205142
2.77,2,1.36176,1.3077,-9.82535e-05,1.62189,0.0540566
2.77,3,8.02265e-06,-0.0275734,-0.00172682,0.27685,0.0275814
2.77,4,-0.399996,-0.372877,-0.000524711,-0.216689,-0.0271189
2.77,5,-3.14874e-06,-0.000174343,-0.00279814,0.00169542,0.000171195
2.78,0,1.13724,0.348441,-1.87508e-05,30,0.788803
2.78,1,-0.962464,-0.75661,-7.99507e-06,-8.23416,-0.205855
2.78,2,1.36247,1.3077,9.16387e-05,1.64288,0.0547688
2.78,3,8.05798e-06,-0.0275746,0.00114868,0.275138,0.0275827
2.78,4,-0.399996,-0.372882,-0.000440975,-0.216692,-0.0271141
2.78,5,-3.1626e-06,-0.000198725,-0.00213117,0.00161716,0.000195563
2.79,0,1.14223,0.348441,-6.11585e-05,30,0.793789
2.79,1,-0.963177,-0.75661,-4.67259e-06,-8.26266,-0.206567
2.79,2,1.36318,1.3077,0.000263531,1.66385,0.0554792
2.79,3,8.09331e-06,-0.0275486,0.00375144,0.273316,0.0275567
2.79,4,-0.399996,-0.372886,-0.000337495,-0.216713,-0.0271102
2.79,5,-3.17647e-06,-0.00021613,-0.00141946,0.00149061,0.000212954
2.8,0,1.14722,0.34844,-9.88171e-05,30,0.798776
2.8,1,-0.963889,-0.75661,-1.72795e-06,-8.29116,-0.207279
2.8,2,1.36389,1.30771,0.000416229,1.68481,0.0561879
2.8,3,8.12863e-06,-0.0274981,0.00606328,0.271425,0.0275063
2.8,4,-0.399996,-0.372889,-0.000225241,-0.216747,-0.0271074
2.8,5,-3.19033e-06,-0.000226474,-0.000725631,0.00133411,0.000223284
2.81,0,1.1522,0.348439,-0.000131661,30,0.803763
2.81,1,-0.964601,-0.75661,8.3371e-07,-8.31965,-0.207991
2.81,2,1.36461,1.30771,0.000549484,1.70576,0.0568953
2.81,3,8.16396e-06,-0.0274262,0.00808033,0.269495,0.0274343
2.81,4,-0.399996,-0.37289,-0.000113115,-0.21679,-0.0271058
2.81,5,-3.2042e-06,-0.000230182,-9.17367e-05,0.00116241,0.000226977
2.82,0,1.15719,0.348437,-0.000159802,30,0.80875
2.82,1,-0.965313,-0.75661,3.02146e-06,-8.34815,-0.208704
2.82,2,1.36532,1.30772,0.000663757,1.72672,0.0576014
2.82,3,8.19929e-06,-0.0273356,0.00980961,0.267552,0.0273438
2.82,4,-0.399996,-0.372891,-7.88057e-06,-0.216838,-0.0271052
2.82,5,-3.21806e-06,-0.000228005,0.000456773,0.000986902,0.000224787
2.83,0,1.16217,0.348435,-0.000183485,30,0.813737
2.83,1,-0.966026,-0.75661,4.85477e-06,-8.37665,-0.209416
2.83,2,1.36603,1.30772,0.000760039,1.74768,0.0583065
2.83,3,8.23461e-06,-0.0272293,0.0112661,0.265616,0.0272375
2.83,4,-0.399996,-0.37289,8.57254e-05,-0.216888,-0.0271057
2.83,5,-3.23193e-06,-0.000220876,0.000907253,0.000816045,0.000217644
2.84,0,1.16716,0.348433,-0.000203046,30,0.818725
2.84,1,-0.966738,-0.75661,6.36035e-06,-8.40514,-0.210128
2.84,2,1.36674,1.30773,0.000839682,1.76864,0.0590107
2.84,3,8.26994e-06,-0.0271098,0.0124703,0.263699,0.0271181
2.84,4,-0.399996,-0.372889,0.000164764,-0.216938,-0.0271069
2.84,5,-3.24579e-06,-0.0002098,0.00125656,0.0006558,0.000206554
2.85,0,1.17214,0.348431,-0.000218878,30,0.823713
2.85,1,-0.96745,-0.75661,7.56945e-06,-8.43364,-0.21084
2.85,2,1.36745,1.30774,0.000904268,1.78962,0.0597142
2.85,3,8.30527e-06,-0.0269796,0.0134462,0.261811,0.0269879
2.85,4,-0.399996,-0.372887,0.000227813,-0.216985,-0.0271089
2.85,5,-3.25966e-06,-0.000195772,0.00150831,0.000510067,0.000192512
2.86,0,1.17713,0.348429,-0.000231402,30,0.828701
2.86,1,-0.968162,-0.75661,8.51566e-06,-8.46214,-0.211553
2.86,2,1.36817,1.30775,0.000955496,1.8106,0.0604172
2.86,3,8.34059e-06,-0.0268407,0.0142197,0.259959,0.026849
2.86,4,-0.399996,-0.372885,0.000274665,-0.217029,-0.0271115
2.86,5,-3.27352e-06,-0.000179726,0.0016706,0.000381085,0.000176453
2.87,0,1.18212,0.348427,-0.000241051,30,0.833689
2.87,1,-0.968875,-0.75661,9.23319e-06,-8.49063,-0.212265
2.87,2,1.36888,1.30776,0.0009951,1.8316,0.0611197
2.87,3,8.37592e-06,-0.0266951,0.014817,0.258144,0.0267035
2.87,4,-0.399996,-0.372882,0.000306038,-0.217068,-0.0271144
2.87,5,-3.28739e-06,-0.0001625,0.00175424,0.000269792,0.000159213
2.88,0,1.1871,0.348424,-0.000248244,30,0.838677
2.88,1,-0.969587,-0.756609,9.7555e-06,-8.51913,-0.212977
2.88,2,1.36959,1.30777,0.00102477,1.8526,0.0618218
2.88,3,8.41125e-06,-0.0265443,0.0152637,0.256369,0.0265527
2.88,4,-0.399996,-0.372878,0.0003233,-0.217102,-0.0271175
2.88,5,-3.30125e-06,-0.000144814,0.00177142,0.000176139,0.000141513
2.89,0,1.19209,0.348422,-0.000253381,30,0.843665
2.89,1,-0.970299,-0.756609,1.01143e-05,-8.54762,-0.21369
2.89,2,1.3703,1.30778,0.00104612,1.87362,0.0625237
2.89,3,8.44657e-06,-0.0263898,0.0155844,0.254632,0.0263983
2.89,4,-0.399996,-0.372875,0.000328241,-0.21713,-0.0271208
2.89,5,-3.31512e-06,-0.000127263,0.00173461,9.93563e-05,0.000123948
2.9,0,1.19707,0.348419,-0.00025683,30,0.848653
2.9,1,-0.971011,-0.756609,1.03389e-05,-8.57612,-0.214402
2.9,2,1.37102,1.30779,0.00106064,1.89464,0.0632254
2.9,3,8.4819e-06,-0.0262327,0.0158015,0.252931,0.0262412
2.9,4,-0.399996,-0.372872,0.00032287,-0.217154,-0.027124
2.9,5,-3.32898e-06,-0.00011032,0.0016559,3.81845e-05,0.000106991
2.91,0,1.20206,0.348417,-0.000258925,30,0.853642
2.91,1,-0.971724,-0.756609,1.04558e-05,-8.60461,-0.215115
2.91,2,1.37173,1.3078,0.00106966,1.91567,0.063927
2.91,3,8.51723e-06,-0.0260739,0.0159354,0.251263,0.0260824
2.91,4,-0.399996,-0.372869,0.000309258,-0.217172,-0.0271272
2.91,5,-3.34285e-06,-9.43417e-05,0.00154647,-8.94576e-06,9.09989e-05
2.92,0,1.20704,0.348414,-0.000259959,30,0.85863
2.92,1,-0.972436,-0.756609,1.04883e-05,-8.63311,-0.215827
2.92,2,1.37244,1.30781,0.00107438,1.93671,0.0646286
2.92,3,8.55255e-06,-0.0259141,0.0160041,0.249624,0.0259227
2.92,4,-0.399996,-0.372866,0.00028942,-0.217186,-0.0271301
2.92,5,-3.35671e-06,-7.95798e-05,0.00141627,-4.37652e-05,7.62231e-05
2.93,0,1.21203,0.348411,-0.000260188,30,0.863618
2.93,1,-0.973148,-0.756609,1.04568e-05,-8.6616,-0.216539
2.93,2,1.37315,1.30782,0.00107583,1.95775,0.0653301
2.93,3,8.58788e-06,-0.025754,0.0160233,0.248011,0.0257625
2.93,4,-0.399996,-0.372863,0.000265223,-0.217196,-0.0271329
2.93,5,-3.37058e-06,-6.61933e-05,0.00127389,-6.80517e-05,6.28228e-05
2.94,0,1.21702,0.348409,-0.000259828,30,0.868607
2.94,1,-0.97386,-0.756609,1.03784e-05,-8.6901,-0.217252
2.94,2,1.37386,1.30783,0.00107488,1.9788,0.0660316
2.94,3,8.62321e-06,-0.0255938,0.0160062,0.24642,0.0256024
2.94,4,-0.399996,-0.372861,0.000238335,-0.217202,-0.0271354
2.94,5,-3.38444e-06,-5.42637e-05,0.00112647,-8.35454e-05,5.08793e-05
2.95,0,1.222,0.348406,-0.000259059,30,0.873595
2.95,1,-0.974573,-0.756609,1.02675e-05,-8.71859,-0.217964
2.95,2,1.37458,1.30784,0.00107227,1.99985,0.0667331
2.95,3,8.65853e-06,-0.0254339,0.0159639,0.244848,0.0254426
2.95,4,-0.399996,-0.372858,0.000210187,-0.217206,-0.0271376
2.95,5,-3.39831e-06,-4.38084e-05,0.000979794,-9.18877e-05,4.04101e-05
2.96,0,1.22699,0.348404,-0.00025803,30,0.878583
2.96,1,-0.975285,-0.756609,1.01359e-05,-8.74708,-0.218676
2.96,2,1.37529,1.30785,0.00106858,2.0209,0.0674347
2.96,3,8.69386e-06,-0.0252746,0.0159055,0.24329,0.0252833
2.96,4,-0.399996,-0.372856,0.000181965,-0.217207,-0.0271395
2.96,5,-3.41217e-06,-3.47945e-05,0.000838306,-9.45803e-05,3.13823e-05
2.97,0,1.23197,0.348401,-0.000256855,30,0.883572
2.97,1,-0.975997,-0.756608,9.99269e-06,-8.77558,-0.219389
2.97,2,1.376,1.30787,0.00106431,2.04196,0.0681363
2.97,3,8.72919e-06,-0.0251159,0.0158381,0.241744,0.0251247
2.97,4,-0.399996,-0.372855,0.000154607,-0.217207,-0.0271412
2.97,5,-3.42604e-06,-2.71511e-05,0.000705289,-9.29615e-05,2.37251e-05
2.98,0,1.23696,0.348399,-0.000255626,30,0.88856
2.98,1,-0.976709,-0.756608,9.84518e-06,-8.80407,-0.220101
2.98,2,1.37671,1.30788,0.0010598,2.06302,0.068838
2.98,3,8.76451e-06,-0.0249579,0.0157673,0.240207,0.0249667
2.98,4,-0.399996,-0.372853,0.000128824,-0.217205,-0.0271426
2.98,5,-3.4399e-06,-2.07804e-05,0.000582991,-8.81949e-05,1.73405e-05
2.99,0,1.24194,0.348396,-0.000254411,30,0.893548
2.99,1,-0.977422,-0.756608,9.69872e-06,-8.83256,-0.220813
2.99,2,1.37743,1.30789,0.00105535,2.08408,0.0695397
2.99,3,8.79984e-06,-0.0248007,0.0156972,0.238676,0.0248095
2.99,4,-0.399996,-0.372852,0.000105116,-0.217202,-0.0271437
2.99,5,-3.45377e-06,-1.5567e-05,0.000472781,-8.12683e-05,1.21132e-05
3,0,1.24693,0.348393,-0.000253257,30,0.898537
3,1,-0.978134,-0.756608,9.55716e-06,-8.86106,-0.221526
3,2,1.37814,1.3079,0.00105114,2.10514,0.0702414
3,3,8.83516e-06,-0.024644,0.0156309,0.23715,0.0246529
3,4,-0.399996,-0.372851,8.37995e-05,-0.217199,-0.0271446
3,5,-3.46763e-06,-1.13859e-05,0.000375305,-7.3e-05,7.91831e-06
3.01,0,1.25192,0.348391,-0.000252198,30,0.903525
3.01,1,-0.978846,-0.756608,9.42308e-06,-8.88955,-0.222238
3.01,2,1.37885,1.30791,0.00104731,2.1262,0.0709432
3.01,3,8.87049e-06,-0.0244881,0.0155703,0.235627,0.0244969
3.01,4,-0.399996,-0.37285,6.50369e-05,-0.217195,-0.0271453
3.01,5,-3.4815e-06,-8.1091e-06,0.000290628,-6.40503e-05,4.62761e-06
3.02,0,1.2569,0.348388,-0.000251251,30,0.908513
3.02,1,-0.979558,-0.756608,9.29801e-06,-8.91804,-0.22295
3.02,2,1.37956,1.30792,0.00104393,2.14726,0.071645
3.02,3,8.90582e-06,-0.0243327,0.0155167,0.234106,0.0243416
3.02,4,-0.399996,-0.37285,4.88635e-05,-0.217191,-0.0271459
3.02,5,-3.49536e-06,-5.61027e-06,0.00021837,-5.49363e-05,2.11491e-06
3.03,0,1.26189,0.348386,-0.000250427,30,0.913501
3.03,1,-0.980271,-0.756608,9.1827e-06,-8.94654,-0.223663
3.03,2,1.38028,1.30793,0.00104106,2.16832,0.0723468
3.03,3,8.94114e-06,-0.0241778,0.0154706,0.232585,0.0241867
3.03,4,-0.399996,-0.372849,3.52154e-05,-0.217188,-0.0271463
3.03,5,-3.50923e-06,-3.76892e-06,0.000157824,-4.60486e-05,2.59696e-07
3.04,0,1.26687,0.348383,-0.000249728,30,0.918489
3.04,1,-0.980983,-0.756608,9.07726e-06,-8.97503,-0.224375
3.04,2,1.38099,1.30794,0.00103869,2.18938,0.0730487
3.04,3,8.97647e-06,-0.0240233,0.0154321,0.231063,0.0240323
3.04,4,-0.399996,-0.372849,2.39543e-05,-0.217184,-0.0271465
3.04,5,-3.52309e-06,-2.47291e-06,0.000108058,-3.76684e-05,-1.05018e-06
3.05,0,1.27186,0.348381,-0.000249148,30,0.923478
3.05,1,-0.981695,-0.756608,8.98137e-06,-9.00352,-0.225087
3.05,2,1.3817,1.30795,0.0010368,2.21044,0.0737506
3.05,3,9.0118e-06,-0.0238691,0.015401,0.229541,0.0238781
3.05,4,-0.399996,-0.372849,1.48897e-05,-0.217181,-0.0271467
3.05,5,-3.53696e-06,-1.62023e-06,6.80048e-05,-2.99851e-05,-1.91673e-06
3.06,0,1.27684,0.348378,-0.00024868,30,0.928466
3.06,1,-0.982407,-0.756608,8.89438e-06,-9.03202,-0.2258
3.06,2,1.38241,1.30796,0.00103537,2.2315,0.0744525
3.06,3,9.04712e-06,-0.0237153,0.0153768,0.228017,0.0237243
3.06,4,-0.399996,-0.372849,7.79826e-06,-0.217178,-0.0271468
3.06,5,-3.55082e-06,-1.11997e-06,3.65271e-05,-2.31124e-05,-2.43085e-06
3.07,0,1.28183,0.348376,-0.000248313,30,0.933454
3.07,1,-0.98312,-0.756608,8.81543e-06,-9.06051,-0.226512
3.07,2,1.38312,1.30797,0.00103435,2.25256,0.0751544
3.07,3,9.08245e-06,-0.0235616,0.0153588,0.226492,0.0235707
3.07,4,-0.399996,-0.372849,2.43959e-06,-0.217176,-0.0271468
3.07,5,-3.56469e-06,-8.92694e-07,1.24783e-05,-1.71035e-05,-2.67199e-06
3.08,0,1.28682,0.348373,-0.000248035,30,0.938442
3.08,1,-0.983832,-0.756607,8.74355e-06,-9.089,-0.227224
3.08,2,1.38384,1.30798,0.0010337,2.27362,0.0758564
3.08,3,9.11778e-06,-0.0234081,0.0153463,0.224964,0.0234172
3.08,4,-0.399996,-0.372849,-1.43063e-06,-0.217174,-0.0271468
3.08,5,-3.57855e-06,-8.70249e-07,-5.25672e-06,-1.19645e-05,-2.7083e-06
3.09,0,1.2918,0.348371,-0.000247833,30,0.943431
3.09,1,-0.984544,-0.756607,8.67775e-06,-9.1175,-0.227937
3.09,2,1.38455,1.30799,0.00103336,2.29468,0.0765583
3.09,3,9.1531e-06,-0.0232547,0.0153385,0.223435,0.0232638
3.09,4,-0.399996,-0.372849,-4.0508e-06,-0.217172,-0.0271468
3.09,5,-3.59242e-06,-9.95351e-07,-1.77295e-05,-7.66649e-06,-2.59707e-06
3.1,0,1.29679,0.348368,-0.000247695,30,0.948419
3.1,1,-0.985256,-0.756607,8.61703e-06,-9.14599,-0.228649
3.1,2,1.38526,1.308,0.00103327,2.31574,0.0772602
3.1,3,9.18843e-06,-0.0231013,0.0153347,0.221904,0.0231105
3.1,4,-0.399996,-0.372849,-5.64595e-06,-0.217171,-0.0271467
3.1,5,-3.60628e-06,-1.22079e-06,-2.59066e-05,-4.15549e-06,-2.38549e-06
3.11,0,1.30177,0.348366,-0.000247609,30,0.953407
3.11,1,-0.985969,-0.756607,8.56044e-06,-9.17448,-0.229361
3.11,2,1.38597,1.30801,0.0010334,2.3368,0.0779622
3.11,3,9.22376e-06,-0.022948,0.0153341,0.220371,0.0229572
3.11,4,-0.399996,-0.372849,-6.42266e-06,-0.21717,-0.0271466
3.11,5,-3.62015e-06,-1.50848e-06,-3.06568e-05,-1.3613e-06,-2.11167e-06
3.12,0,1.30676,0.348364,-0.000247564,30,0.958395
3.12,1,-0.986681,-0.756607,8.50711e-06,-9.20298,-0.230074
3.12,2,1.38669,1.30802,0.0010337,2.35786,0.0786641
3.12,3,9.25908e-06,-0.0227946,0.015336,0.218837,0.0228039
3.12,4,-0.399996,-0.372849,-6.5659e-06,-0.217169,-0.0271465
3.12,5,-3.63401e-06,-1.82845e-06,-3.27451e-05,7.957e-07,-1.80556e-06
3.13,0,1.31174,0.348361,-0.00024755,30,0.963383
3.13,1,-0.987393,-0.756607,8.45626e-06,-9.23147,-0.230786
3.13,2,1.3874,1.30803,0.00103413,2.37891,0.079366
3.13,3,9.29441e-06,-0.0226412,0.0153399,0.217301,0.0226505
3.13,4,-0.399996,-0.372849,-6.23747e-06,-0.217169,-0.0271465
3.13,5,-3.64788e-06,-2.15779e-06,-3.28314e-05,2.39899e-06,-1.49009e-06
3.14,0,1.31673,0.348359,-0.000247559,30,0.968372
3.14,1,-0.988105,-0.756607,8.40722e-06,-9.25996,-0.231498
3.14,2,1.38811,1.30804,0.00103465,2.39997,0.080068
3.14,3,9.32974e-06,-0.0224878,0.0153451,0.215764,0.0224971
3.14,4,-0.399996,-0.372849,-5.57569e-06,-0.217168,-0.0271464
3.14,5,-3.66174e-06,-2.47964e-06,-3.14741e-05,3.53174e-06,-1.1821e-06
3.15,0,1.32172,0.348356,-0.000247584,30,0.97336
3.15,1,-0.988818,-0.756607,8.35941e-06,-9.28846,-0.232211
3.15,2,1.38882,1.30805,0.00103523,2.42103,0.0807699
3.15,3,9.36506e-06,-0.0223343,0.0153514,0.214226,0.0223437
3.15,4,-0.399996,-0.372849,-4.69608e-06,-0.217168,-0.0271463
3.15,5,-3.67561e-06,-2.78218e-06,-2.91358e-05,4.27362e-06,-8.93423e-07
3.16,0,1.3267,0.348354,-0.000247617,30,0.978348
3.16,1,-0.98953,-0.756607,8.31235e-06,-9.31695,-0.232923
3.16,2,1.38953,1.30806,0.00103585,2.44208,0.0814718
3.16,3,9.40039e-06,-0.0221808,0.0153582,0.212687,0.0221902
3.16,4,-0.399996,-0.372849,-3.69272e-06,-0.217168,-0.0271463
3.16,5,-3.68947e-06,-3.05773e-06,-2.61911e-05,4.69865e-06,-6.31738e-07
3.17,0,1.33169,0.348351,-0.000247656,30,0.983336
3.17,1,-0.990242,-0.756607,8.26565e-06,-9.34544,-0.233635
3.17,2,1.39025,1.30807,0.0010365,2.46314,0.0821737
3.17,3,9.43572e-06,-0.0220272,0.0153653,0.211147,0.0220366
3.17,4,-0.399996,-0.372849,-2.64012e-06,-0.217168,-0.0271462
3.17,5,-3.70334e-06,-3.30192e-06,-2.29363e-05,4.87379e-06,-4.0142e-07
3.18,0,1.33667,0.348349,-0.000247695,30,0.988324
3.18,1,-0.990954,-0.756607,8.21901e-06,-9.37394,-0.234348
3.18,2,1.39096,1.30808,0.00103714,2.48419,0.0828756
3.18,3,9.47104e-06,-0.0218735,0.0153725,0.209606,0.0218829
3.18,4,-0.399995,-0.372849,-1.59535e-06,-0.217169,-0.0271462
3.18,5,-3.7172e-06,-3.51294e-06,-1.95983e-05,4.85817e-06,-2.04267e-07
3.19,0,1.34166,0.348346,-0.000247732,30,0.993313
3.19,1,-0.991667,-0.756607,8.17221e-06,-9.40243,-0.23506
3.19,2,1.39167,1.30809,0.00103778,2.50525,0.0835775
3.19,3,9.50637e-06,-0.0217197,0.0153795,0.208064,0.0217292
3.19,4,-0.399995,-0.372849,-6.00322e-07,-0.217169,-0.0271461
3.19,5,-3.73107e-06,-3.69092e-06,-1.63453e-05,4.70286e-06,-4.01427e-08
3.2,0,1.34664,0.348344,-0.000247765,30,0.998301
3.2,1,-0.992379,-0.756606,8.12507e-06,-9.43092,-0.235772
3.2,2,1.39238,1.3081,0.0010384,2.5263,0.0842794
3.2,3,9.5417e-06,-0.0215659,0.0153863,0.206522,0.0215754
3.2,4,-0.399995,-0.372849,3.15958e-07,-0.217169,-0.0271461
3.2,5,-3.74493e-06,-3.83742e-06,-1.32951e-05,4.45097e-06,9.2488e-08
3.21,0,1.35163,0.348341,-0.000247793,30,1.00329
3.21,1,-0.993091,-0.756606,8.07749e-06,-9.45942,-0.236485
3.21,2,1.3931,1.30811,0.001039,2.54736,0.0849813
3.21,3,9.57702e-06,-0.021412,0.0153928,0.20498,0.0214215
3.21,4,-0.399995,-0.372849,1.13516e-06,-0.217169,-0.0271461
3.21,5,-3.7588e-06,-3.95491e-06,-1.0525e-05,4.13805e-06,1.96109e-07
3.22,0,1.35662,0.348339,-0.000247814,30,1.00828
3.22,1,-0.993803,-0.756606,8.0294e-06,-9.48791,-0.237197
3.22,2,1.39381,1.30813,0.00103958,2.56841,0.0856831
3.22,3,9.61235e-06,-0.021258,0.0153989,0.203437,0.0212676
3.22,4,-0.399995,-0.372849,1.84761e-06,-0.21717,-0.0271461
3.22,5,-3.77266e-06,-4.04645e-06,-8.07918e-06,3.7927e-06,2.73788e-07
3.23,0,1.3616,0.348336,-0.000247828,30,1.01327
3.23,1,-0.994516,-0.756606,7.98077e-06,-9.5164,-0.237909
3.23,2,1.39452,1.30814,0.00104012,2.58947,0.086385
3.23,3,9.64768e-06,-0.021104,0.0154046,0.201894,0.0211136
3.23,4,-0.399995,-0.372849,2.45039e-06,-0.21717,-0.0271461
3.23,5,-3.78653e-06,-4.11542e-06,-5.97599e-06,3.43724e-06,3.28888e-07
3.24,0,1.36659,0.348334,-0.000247836,30,1.01825
3.24,1,-0.995228,-0.756606,7.9316e-06,-9.5449,-0.238622
3.24,2,1.39523,1.30815,0.00104064,2.61052,0.0870869
3.24,3,9.683e-06,-0.0209499,0.0154098,0.20035,0.0209596
3.24,4,-0.399995,-0.372849,2.94572e-06,-0.21717,-0.0271461
3.24,5,-3.80039e-06,-4.16523e-06,-4.21437e-06,3.08852e-06,3.64841e-07
3.25,0,1.37157,0.348331,-0.000247838,30,1.02324
3.25,1,-0.99594,-0.756606,7.88192e-06,-9.57339,-0.239334
3.25,2,1.39595,1.30816,0.00104114,2.63158,0.0877887
3.25,3,9.71833e-06,-0.0207958,0.0154147,0.198806,0.0208055
3.25,4,-0.399995,-0.372849,3.33956e-06,-0.217171,-0.0271461
3.25,5,-3.81426e-06,-4.19925e-06,-2.77909e-06,2.75868e-06,3.84991e-07
3.26,0,1.37656,0.348329,-0.000247833,30,1.02823
3.26,1,-0.996652,-0.756606,7.83174e-06,-9.60188,-0.240046
3.26,2,1.39666,1.30817,0.00104161,2.65263,0.0884906
3.26,3,9.75365e-06,-0.0206416,0.0154192,0.197262,0.0206514
3.26,4,-0.399995,-0.372849,3.64033e-06,-0.217171,-0.0271462
3.26,5,-3.82812e-06,-4.22059e-06,-1.64522e-06,2.45591e-06,3.9247e-07
3.27,0,1.38154,0.348326,-0.000247822,30,1.03322
3.27,1,-0.997365,-0.756606,7.78112e-06,-9.63037,-0.240759
3.27,2,1.39737,1.30818,0.00104205,2.67369,0.0891924
3.27,3,9.78898e-06,-0.0204874,0.0154233,0.195718,0.0204972
3.27,4,-0.399995,-0.372849,3.85799e-06,-0.217171,-0.0271462
3.27,5,-3.84199e-06,-4.23211e-06,-7.81829e-07,2.18517e-06,3.90124e-07
3.28,0,1.38653,0.348324,-0.000247807,30,1.03821
3.28,1,-0.998077,-0.756606,7.73011e-06,-9.65887,-0.241471
3.28,2,1.39808,1.30819,0.00104248,2.69474,0.0898943
3.28,3,9.82431e-06,-0.0203331,0.0154272,0.194173,0.020343
3.28,4,-0.399995,-0.372849,4.00325e-06,-0.217172,-0.0271462
3.28,5,-3.85585e-06,-4.23633e-06,-1.54863e-07,1.94883e-06,3.80474e-07
3.29,0,1.39152,0.348321,-0.000247788,30,1.04319
3.29,1,-0.998789,-0.756606,7.67875e-06,-9.68736,-0.242183
3.29,2,1.39879,1.3082,0.00104289,2.7158,0.0905961
3.29,3,9.85963e-06,-0.0201788,0.0154308,0.192629,0.0201887
3.29,4,-0.399995,-0.372849,4.08689e-06,-0.217172,-0.0271462
3.29,5,-3.86972e-06,-4.23541e-06,2.706e-07,1.74728e-06,3.65691e-07
3.3,0,1.3965,0.348319,-0.000247765,30,1.04818
3.3,1,-0.999501,-0.756606,7.62709e-06,-9.71585,-0.242896
3.3,2,1.39951,1.30821,0.00104329,2.73685,0.0912979
3.3,3,9.89496e-06,-0.0200245,0.0154341,0.191084,0.0200344
3.3,4,-0.399995,-0.372849,4.11938e-06,-0.217172,-0.0271463
3.3,5,-3.88358e-06,-4.23118e-06,5.28661e-07,1.57941e-06,3.47602e-07
3.31,0,1.39999,0.348316,-0.000247191,30,1.05168
3.31,1,-1,-0.756606,8.18008e-06,-9.7358,-0.243394
3.31,2,1.4,1.30822,0.00104025,2.7515,0.0917861
3.31,3,9.91969e-06,-0.0198702,0.0154028,0.18956,0.0198801
3.31,4,-0.399995,-0.372849,8.40208e-06,-0.217175,-0.0271463
3.31,5,-3.89329e-06,-4.1827e-06,3.21222e-05,-8.18958e-06,2.89414e-07
3.32,0,1.39999,0.348314,-0.000236386,30,1.05168
3.32,1,-1,-0.756606,8.38037e-06,-9.73581,-0.243394
3.32,2,1.4,1.30823,0.000994121,2.75129,0.0917759
3.32,3,9.91969e-06,-0.0197193,0.0147338,0.188452,0.0197292
3.32,4,-0.399995,-0.372849,6.97497e-05,-0.217208,-0.0271467
3.32,5,-3.89329e-06,-1.46904e-06,0.00051629,-0.000167008,-2.42425e-06
3.33,0,1.39999,0.348312,-0.000217851,30,1.05168
3.33,1,-1,-0.756605,7.01291e-06,-9.7358,-0.243395
3.33,2,1.4,1.30824,0.000917661,2.75116,0.0917664
3.33,3,9.91969e-06,-0.019578,0.0135822,0.18773,0.0195879
3.33,4,-0.399995,-0.372847,0.000147383,-0.217256,-0.0271478
3.33,5,-3.89329e-06,6.81131e-06,0.00106391,-0.000372695,-1.07046e-05
3.34,0,1.39999,0.34831,-0.000195923,30,1.05168
3.34,1,-1,-0.756605,5.27313e-06,-9.7358,-0.243395
3.34,2,1.4,1.30825,0.000827264,2.75108,0.0917577
3.34,3,9.91969e-06,-0.0194496,0.0122181,0.187264,0.0194595
3.34,4,-0.399995,-0.372846,0.000208383,-0.217301,-0.0271496
3.34,5,-3.89329e-06,1.95944e-05,0.00141913,-0.000543176,-2.34877e-05
3.35,0,1.39999,0.348308,-0.000172834,30,1.05168
3.35,1,-1,-0.756605,3.43008e-06,-9.7358,-0.243395
3.35,2,1.4,1.30826,0.000732,2.75103,0.0917499
3.35,3,9.91969e-06,-0.0193353,0.0107804,0.186984,0.0193452
3.35,4,-0.399995,-0.372843,0.000243009,-0.217337,-0.0271519
3.35,5,-3.89329e-06,3.46747e-05,0.00154905,-0.000657555,-3.8568e-05
3.36,0,1.39999,0.348306,-0.000149871,30,1.05169
3.36,1,-1,-0.756605,1.59605e-06,-9.73579,-0.243395
3.36,2,1.4,1.30826,0.000637179,2.75102,0.0917432
3.36,3,9.91969e-06,-0.0192354,0.00934974,0.186843,0.0192453
3.36,4,-0.399995,-0.372841,0.000251449,-0.217361,-0.0271544
3.36,5,-3.89329e-06,4.99898e-05,0.00149349,-0.000717463,-5.38831e-05
3.37,0,1.39999,0.348305,-0.000127838,30,1.05169
3.37,1,-1,-0.756605,-1.63774e-07,-9.73579,-0.243395
3.37,2,1.4,1.30827,0.000546138,2.75103,0.0917373
3.37,3,9.91969e-06,-0.0191495,0.00797627,0.186809,0.0191594
3.37,4,-0.399995,-0.372838,0.000237899,-0.217374,-0.0271569
3.37,5,-3.89329e-06,6.39908e-05,0.00130841,-0.000731944,-6.78841e-05
3.38,0,1.39999,0.348304,-0.000107253,30,1.05169
3.38,1,-1,-0.756605,-1.80795e-06,-9.73578,-0.243395
3.38,2,1.4,1.30827,0.000461033,2.75105,0.0917323
3.38,3,9.91969e-06,-0.0190769,0.0066925,0.186853,0.0190868
3.38,4,-0.399995,-0.372836,0.000207882,-0.217377,-0.0271591
3.38,5,-3.89329e-06,7.56757e-05,0.00104584,-0.000711596,-7.9569e-05
3.39,0,1.39999,0.348303,-8.84385e-05,30,1.05169
3.39,1,-1,-0.756605,-3.31066e-06,-9.73578,-0.243395
3.39,2,1.4,1.30828,0.000383215,2.75108,0.0917281
3.39,3,9.91969e-06,-0.0190165,0.00551877,0.186953,0.0190265
3.39,4,-0.399995,-0.372834,0.000166984,-0.217371,-0.027161
3.39,5,-3.89329e-06,8.45099e-05,0.00074786,-0.000666374,-8.84031e-05
3.4,0,1.39999,0.348302,-7.1574e-05,30,1.05169
3.4,1,-1,-0.756605,-4.6576e-06,-9.73577,-0.243395
3.4,2,1.4,1.30828,0.000313438,2.75111,0.0917247
3.4,3,9.91969e-06,-0.0189672,0.00446639,0.187092,0.0189772
3.4,4,-0.399995,-0.372833,0.000120248,-0.217359,-0.0271624
3.4,5,-3.89329e-06,9.03205e-05,0.000445888,-0.000604836,-9.42138e-05
3.41,0,1.39999,0.348301,-5.67284e-05,30,1.05169
3.41,1,-1,-0.756605,-5.84325e-06,-9.73577,-0.243395
3.41,2,1.4,1.30828,0.000251997,2.75115,0.0917219
3.41,3,9.91969e-06,-0.0189278,0.00353979,0.187253,0.0189377
3.41,4,-0.399995,-0.372832,7.18971e-05,-0.217342,-0.0271633
3.41,5,-3.89329e-06,9.31953e-05,0.0001618,-0.000533983,-9.70886e-05
3.42,0,1.39999,0.348301,-4.38861e-05,30,1.05169
3.42,1,-1,-0.756606,-6.86885e-06,-9.73576,-0.243395
3.42,2,1.4,1.30829,0.000198835,2.75119,0.0917197
3.42,3,9.91969e-06,-0.0188969,0.0027381,0.187425,0.0189068
3.42,4,-0.399995,-0.372832,2.52455e-05,-0.217323,-0.0271638
3.42,5,-3.89329e-06,9.33959e-05,-9.03956e-05,-0.000459327,-9.72892e-05
3.43,0,1.39999,0.3483,-3.29686e-05,30,1.05169
3.43,1,-1,-0.756606,-7.74071e-06,-9.73575,-0.243394
3.43,2,1.4,1.30829,0.000153633,2.75123,0.0917179
3.43,3,9.91969e-06,-0.0188733,0.00205646,0.187599,0.0188833
3.43,4,-0.399995,-0.372831,-1.72876e-05,-0.217302,-0.0271638
3.43,5,-3.89329e-06,9.12885e-05,-0.000302889,-0.000385043,-9.51818e-05
3.44,0,1.39999,0.3483,-2.38519e-05,30,1.05169
3.44,1,-1,-0.756606,-8.4687e-06,-9.73575,-0.243394
3.44,2,1.4,1.30829,0.000115882,2.75127,0.0917166
3.44,3,9.91969e-06,-0.018856,0.0014872,0.187767,0.0188659
3.44,4,-0.399995,-0.372832,-5.40998e-05,-0.21728,-0.0271634
3.44,5,-3.89329e-06,8.72908e-05,-0.000472553,-0.000314155,-9.11841e-05
3.45,0,1.39999,0.3483,-1.63823e-05,30,1.05169
3.45,1,-1,-0.756606,-9.06513e-06,-9.73574,-0.243394
3.45,2,1.4,1.30829,8.49481e-05,2.7513,0.0917156
3.45,3,9.91969e-06,-0.0188438,0.00102075,0.187925,0.0188537
3.45,4,-0.399995,-0.372833,-8.42944e-05,-0.217259,-0.0271627
3.45,5,-3.89329e-06,8.18318e-05,-0.000599666,-0.000248726,-8.57251e-05
3.46,0,1.39999,0.3483,-1.03884e-05,30,1.05169
3.46,1,-1,-0.756606,-9.54369e-06,-9.73574,-0.243394
3.46,2,1.4,1.30829,6.01238e-05,2.75133,0.0917149
3.46,3,9.91969e-06,-0.0188357,0.000646436,0.188068,0.0188456
3.46,4,-0.399995,-0.372834,-0.000107554,-0.21724,-0.0271617
3.46,5,-3.89329e-06,7.53242e-05,-0.000686849,-0.000190033,-7.92175e-05
3.47,0,1.39999,0.3483,-5.69149e-06,30,1.05169
3.47,1,-1,-0.756606,-9.91865e-06,-9.73573,-0.243394
3.47,2,1.4,1.30829,4.06704e-05,2.75135,0.0917144
3.47,3,9.91969e-06,-0.0188309,0.000353108,0.188196,0.0188408
3.47,4,-0.399995,-0.372835,-0.000124014,-0.217222,-0.0271606
3.47,5,-3.89329e-06,6.81456e-05,-0.00073822,-0.000138728,-7.20389e-05
3.48,0,1.39999,0.3483,-2.11367e-06,30,1.05169
3.48,1,-1,-0.756606,-1.02042e-05,-9.73573,-0.243394
3.48,2,1.4,1.30829,2.58515e-05,2.75137,0.0917141
3.48,3,9.91969e-06,-0.0188287,0.000129662,0.188308,0.0188386
3.48,4,-0.399995,-0.372836,-0.00013414,-0.217207,-0.0271593
3.48,5,-3.89329e-06,6.06272e-05,-0.000758732,-9.4983e-05,-6.45205e-05
3.49,0,1.39999,0.3483,5.1649e-07,30,1.05169
3.49,1,-1,-0.756606,-1.04141e-05,-9.73572,-0.243394
3.49,2,1.4,1.30829,1.49573e-05,2.75139,0.0917139
3.49,3,9.91969e-06,-0.0188283,-3.46018e-05,0.188403,0.0188382
3.49,4,-0.399995,-0.372837,-0.000138623,-0.217194,-0.0271579
3.49,5,-3.89329e-06,5.30488e-05,-0.00075367,-5.86097e-05,-5.69421e-05
3.5,0,1.39999,0.3483,2.35946e-06,30,1.05169
3.5,1,-1,-0.756606,-1.05612e-05,-9.73572,-0.243394
3.5,2,1.4,1.30829,7.32369e-06,2.7514,0.0917138
3.5,3,9.91969e-06,-0.0188293,-0.000149703,0.188482,0.0188392
3.5,4,-0.399995,-0.372839,-0.000138285,-0.217183,-0.0271565
3.5,5,-3.89329e-06,4.56371e-05,-0.000728282,-2.91673e-05,-4.95304e-05
3.51,0,1.39999,0.3483,3.56189e-06,30,1.05169
3.51,1,-1,-0.756606,-1.06571e-05,-9.73571,-0.243394
3.51,2,1.4,1.30829,2.34314e-06,2.75141,0.0917138
3.51,3,9.91969e-06,-0.0188313,-0.0002248,0.188547,0.0188412
3.51,4,-0.399995,-0.37284,-0.000134005,-0.217174,-0.0271551
3.51,5,-3.89329e-06,3.85677e-05,-0.000687525,-6.04713e-06,-4.24609e-05
3.52,0,1.39999,0.3483,4.25496e-06,30,1.05169
3.52,1,-1,-0.756606,-1.07123e-05,-9.73571,-0.243394
3.52,2,1.4,1.30829,-5.27622e-07,2.75141,0.0917138
3.52,3,9.91969e-06,-0.0188338,-0.000268084,0.188598,0.0188437
3.52,4,-0.399995,-0.372841,-0.000126662,-0.217167,-0.0271538
3.52,5,-3.89329e-06,3.19691e-05,-0.000635896,1.14571e-05,-3.58624e-05
3.53,0,1.39999,0.3483,4.55365e-06,30,1.05169
3.53,1,-1,-0.756607,-1.0736e-05,-9.73571,-0.243393
3.53,2,1.4,1.30829,-1.76487e-06,2.75142,0.0917138
3.53,3,9.91969e-06,-0.0188366,-0.000286738,0.188637,0.0188465
3.53,4,-0.399995,-0.372843,-0.000117084,-0.217162,-0.0271526
3.53,5,-3.89329e-06,2.59279e-05,-0.000577335,2.40943e-05,-2.98212e-05
3.54,0,1.39999,0.3483,4.55681e-06,30,1.05169
3.54,1,-1,-0.756607,-1.07362e-05,-9.7357,-0.243393
3.54,2,1.4,1.30829,-1.77803e-06,2.75142,0.0917138
3.54,3,9.91969e-06,-0.0188395,-0.000286934,0.188666,0.0188494
3.54,4,-0.399995,-0.372844,-0.000106029,-0.217159,-0.0271515
3.54,5,-3.89329e-06,2.04947e-05,-0.00051518,3.26143e-05,-2.4388e-05
3.55,0,1.39999,0.3483,4.34774e-06,30,1.05169
3.55,1,-1,-0.756607,-1.07194e-05,-9.7357,-0.243393
3.55,2,1.4,1.30829,-9.12201e-07,2.75142,0.0917138
3.55,3,9.91969e-06,-0.0188423,-0.000273877,0.188686,0.0188522
3.55,4,-0.399995,-0.372845,-9.41554e-05,-0.217157,-0.0271505
3.55,5,-3.89329e-06,1.56897e-05,-0.000452173,3.77372e-05,-1.95829e-05
3.56,0,1.39999,0.3483,3.99525e-06,30,1.05169
3.56,1,-1,-0.756607,-1.06912e-05,-9.73569,-0.243393
3.56,2,1.4,1.30829,5.47673e-07,2.75141,0.0917138
3.56,3,9.91969e-06,-0.0188449,-0.000251863,0.188699,0.0188548
3.56,4,-0.399995,-0.372846,-8.20205e-05,-0.217156,-0.0271496
3.56,5,-3.89329e-06,1.15091e-05,-0.000390478,4.01317e-05,-1.54024e-05
3.57,0,1.39999,0.3483,3.55488e-06,30,1.05169
3.57,1,-1,-0.756607,-1.06559e-05,-9.73569,-0.243393
3.57,2,1.4,1.30829,2.37148e-06,2.75141,0.0917138
3.57,3,9.91969e-06,-0.0188473,-0.000224361,0.188706,0.0188572
3.57,4,-0.399995,-0.372846,-7.00753e-05,-0.217156,-0.0271489
3.57,5,-3.89329e-06,7.93034e-06,-0.000331733,4.04019e-05,-1.18236e-05
3.58,0,1.39999,0.3483,3.0704e-06,30,1.05169
3.58,1,-1,-0.756607,-1.06172e-05,-9.73568,-0.243393
3.58,2,1.4,1.30829,4.37801e-06,2.7514,0.0917138
3.58,3,9.91969e-06,-0.0188493,-0.000194104,0.188709,0.0188593
3.58,4,-0.399995,-0.372847,-5.8669e-05,-0.217157,-0.0271482
3.58,5,-3.89329e-06,4.91721e-06,-0.000277108,3.90798e-05,-8.8105e-06
3.59,0,1.39999,0.3483,2.57524e-06,30,1.05169
3.59,1,-1,-0.756607,-1.05776e-05,-9.73568,-0.243393
3.59,2,1.4,1.30829,6.42875e-06,2.7514,0.0917137
3.59,3,9.91969e-06,-0.0188511,-0.00016318,0.188708,0.018861
3.59,4,-0.399995,-0.372848,-4.80572e-05,-0.217158,-0.0271477
3.59,5,-3.89329e-06,2.42399e-06,-0.000227364,3.66229e-05,-6.31728e-06
3.6,0,1.39999,0.3483,2.09402e-06,30,1.05169
3.6,1,-1,-0.756607,-1.05391e-05,-9.73568,-0.243393
3.6,2,1.4,1.30829,8.42176e-06,2.75139,0.0917136
3.6,3,9.91969e-06,-0.0188526,-0.000133127,0.188705,0.0188625
3.6,4,-0.399995,-0.372848,-3.84118e-05,-0.217159,-0.0271473
3.6,5,-3.89329e-06,3.99644e-07,-0.000182928,3.34139e-05,-4.29293e-06
3.61,0,1.39999,0.3483,1.64398e-06,30,1.05169
3.61,1,-1,-0.756607,-1.05032e-05,-9.73567,-0.243393
3.61,2,1.4,1.30829,1.02856e-05,2.75139,0.0917135
3.61,3,9.91969e-06,-0.0188537,-0.000105021,0.1887,0.0188637
3.61,4,-0.399995,-0.372848,-2.98324e-05,-0.217161,-0.0271469
3.61,5,-3.89329e-06,-1.21148e-06,-0.000143944,2.97741e-05,-2.68181e-06
3.62,0,1.39999,0.3483,1.23626e-06,30,1.05169
3.62,1,-1,-0.756608,-1.04706e-05,-9.73567,-0.243392
3.62,2,1.4,1.30829,1.19742e-05,2.75138,0.0917134
3.62,3,9.91969e-06,-0.0188547,-7.95585e-05,0.188694,0.0188646
3.62,4,-0.399995,-0.372849,-2.23595e-05,-0.217162,-0.0271467
3.62,5,-3.89329e-06,-2.46168e-06,-0.000110343,2.59449e-05,-1.43161e-06
3.63,0,1.39999,0.3483,8.77144e-07,30,1.05169
3.63,1,-1,-0.756608,-1.04419e-05,-9.73566,-0.243392
3.63,2,1.4,1.30829,1.34615e-05,2.75137,0.0917133
3.63,3,9.91969e-06,-0.0188553,-5.71314e-05,0.188687,0.0188652
3.63,4,-0.399995,-0.372849,-1.59851e-05,-0.217164,-0.0271465
3.63,5,-3.89329e-06,-3.40453e-06,-8.18953e-05,2.21248e-05,-4.8876e-07
3.64,0,1.39999,0.3483,5.69155e-07,30,1.05169
3.64,1,-1,-0.756608,-1.04173e-05,-9.73566,-0.243392
3.64,2,1.4,1.30829,1.47371e-05,2.75136,0.0917131
3.64,3,9.91969e-06,-0.0188558,-3.78971e-05,0.18868,0.0188657
3.64,4,-0.399995,-0.372849,-1.06646e-05,-0.217166,-0.0271464
3.64,5,-3.89329e-06,-4.08965e-06,-5.82493e-05,1.84566e-05,1.9636e-07
3.65,0,1.39999,0.3483,3.11945e-07,30,1.05169
3.65,1,-1,-0.756608,-1.03967e-05,-9.73566,-0.243392
3.65,2,1.4,1.30829,1.58023e-05,2.75136,0.091713
3.65,3,9.91969e-06,-0.0188561,-2.1834e-05,0.188673,0.018866
3.65,4,-0.399995,-0.372849,-6.32656e-06,-0.217167,-0.0271463
3.65,5,-3.89329e-06,-4.56275e-06,-3.89786e-05,1.50409e-05,6.69464e-07
3.66,0,1.39999,0.3483,1.03104e-07,30,1.05169
3.66,1,-1,-0.756608,-1.038e-05,-9.73565,-0.243392
3.66,2,1.4,1.30829,1.66672e-05,2.75135,0.0917128
3.66,3,9.91969e-06,-0.0188562,-8.79158e-06,0.188667,0.0188661
3.66,4,-0.399995,-0.372849,-2.88187e-06,-0.217169,-0.0271462
3.66,5,-3.89329e-06,-4.86503e-06,-2.36132e-05,1.19427e-05,9.7174e-07
3.67,0,1.39999,0.3483,-6.11799e-08,30,1.05169
3.67,1,-1,-0.756608,-1.03669e-05,-9.73565,-0.243392
3.67,2,1.4,1.30829,1.73476e-05,2.75135,0.0917127
3.67,3,9.91969e-06,-0.0188563,1.46823e-06,0.188661,0.0188662
3.67,4,-0.399995,-0.372849,-2.30838e-07,-0.21717,-0.0271462
3.67,5,-3.89329e-06,-5.03286e-06,-1.16672e-05,9.19803e-06,1.13957e-06
3.68,0,1.39999,0.3483,-1.8558e-07,30,1.05169
3.68,1,-1,-0.756608,-1.0357e-05,-9.73564,-0.243392
3.68,2,1.4,1.30829,1.78628e-05,2.75134,0.0917125
3.68,3,9.91969e-06,-0.0188562,9.23728e-06,0.188656,0.0188661
3.68,4,-0.399995,-0.372849,1.7305e-06,-0.217171,-0.0271462
3.68,5,-3.89329e-06,-5.09778e-06,-2.65896e-06,6.82016e-06,1.20449e-06
3.69,0,1.39999,0.3483,-2.75205e-07,30,1.05169
3.69,1,-1,-0.756608,-1.03498e-05,-9.73564,-0.243392
3.69,2,1.4,1.30829,1.8234e-05,2.75133,0.0917123
3.69,3,9.91969e-06,-0.0188561,1.48346e-05,0.188651,0.018866
3.69,4,-0.399995,-0.372849,3.10553e-06,-0.217172,-0.0271463
3.69,5,-3.89329e-06,-5.08661e-06,3.87285e-06,4.80476e-06,1.19332e-06
3.7,0,1.39999,0.3483,-3.35268e-07,30,1.05169
3.7,1,-1,-0.756608,-1.0345e-05,-9.73564,-0.243392
3.7,2,1.4,1.30829,1.84828e-05,2.75133,0.0917121
3.7,3,9.91969e-06,-0.0188559,1.85857e-05,0.188647,0.0188658
3.7,4,-0.399995,-0.372849,3.99345e-06,-0.217172,-0.0271463
3.7,5,-3.89329e-06,-5.02172e-06,8.35804e-06,3.13474e-06,1.12843e-06
3.71,0,1.39999,0.3483,-3.70843e-07,30,1.05169
3.71,1,-1,-0.756608,-1.03422e-05,-9.73563,-0.243392
3.71,2,1.4,1.30829,1.86301e-05,2.75132,0.0917119
3.71,3,9.91969e-06,-0.0188557,2.08075e-05,0.188644,0.0188656
3.71,4,-0.399995,-0.372849,4.48655e-06,-0.217173,-0.0271463
3.71,5,-3.89329e-06,-4.92139e-06,1.11878e-05,1.78416e-06,1.0281e-06
3.72,0,1.39999,0.3483,-3.86688e-07,30,1.05169
3.72,1,-1,-0.756609,-1.03409e-05,-9.73563,-0.243391
3.72,2,1.4,1.30829,1.86957e-05,2.75132,0.0917117
3.72,3,9.91969e-06,-0.0188555,2.17971e-05,0.188641,0.0188654
3.72,4,-0.399995,-0.372849,4.66855e-06,-0.217173,-0.0271464
3.72,5,-3.89329e-06,-4.80021e-06,1.27104e-05,7.21517e-07,9.06926e-07
3.73,0,1.39999,0.3483,-3.87137e-07,30,1.05169
3.73,1,-1,-0.756609,-1.03408e-05,-9.73562,-0.243391
3.73,2,1.4,1.30829,1.86975e-05,2.75131,0.0917116
3.73,3,9.91969e-06,-0.0188553,2.18253e-05,0.188639,0.0188652
3.73,4,-0.399995,-0.372849,4.61355e-06,-0.217174,-0.0271464
3.73,5,-3.89329e-06,-4.66957e-06,1.32299e-05,-8.75721e-08,7.76277e-07
3.74,0,1.39999,0.3483,-3.76029e-07,30,1.05169
3.74,1,-1,-0.756609,-1.03417e-05,-9.73562,-0.243391
3.74,2,1.4,1.30829,1.86515e-05,2.7513,0.0917114
3.74,3,9.91969e-06,-0.018855,2.11316e-05,0.188637,0.018865
3.74,4,-0.399995,-0.372849,4.38571e-06,-0.217174,-0.0271465
3.74,5,-3.89329e-06,-4.53801e-06,1.30064e-05,-6.78319e-07,6.44717e-07
3.75,0,1.39999,0.3483,-3.56684e-07,30,1.05169
3.75,1,-1,-0.756609,-1.03433e-05,-9.73561,-0.243391
3.75,2,1.4,1.30829,1.85714e-05,2.7513,0.0917112
3.75,3,9.91969e-06,-0.0188548,1.99236e-05,0.188636,0.0188648
3.75,4,-0.399995,-0.372849,4.03926e-06,-0.217174,-0.0271465
3.75,5,-3.89329e-06,-4.41173e-06,1.2258e-05,-1.08518e-06,5.18443e-07
3.76,0,1.39999,0.3483,-3.319e-07,30,1.05169
3.76,1,-1,-0.756609,-1.03452e-05,-9.73561,-0.243391
3.76,2,1.4,1.30829,1.84687e-05,2.75129,0.091711
3.76,3,9.91969e-06,-0.0188547,1.83758e-05,0.188635,0.0188646
3.76,4,-0.399995,-0.372849,3.61902e-06,-0.217174,-0.0271466
3.76,5,-3.89329e-06,-4.29497e-06,1.11639e-05,-1.34073e-06,4.01686e-07
3.77,0,1.39999,0.3483,-3.03978e-07,30,1.05169
3.77,1,-1,-0.756609,-1.03474e-05,-9.73561,-0.243391
3.77,2,1.4,1.30829,1.8353e-05,2.75129,0.0917108
3.77,3,9.91969e-06,-0.0188545,1.66321e-05,0.188634,0.0188644
3.77,4,-0.399995,-0.372849,3.16104e-06,-0.217174,-0.0271466
3.77,5,-3.89329e-06,-4.19037e-06,9.86772e-06,-1.47489e-06,2.97086e-07
3.78,0,1.39999,0.3483,-2.74757e-07,30,1.05169
3.78,1,-1,-0.756609,-1.03498e-05,-9.7356,-0.243391
3.78,2,1.4,1.30829,1.8232e-05,2.75128,0.0917106
3.78,3,9.91969e-06,-0.0188543,1.48072e-05,0.188634,0.0188642
3.78,4,-0.399995,-0.372849,2.69349e-06,-0.217174,-0.0271466
3.78,5,-3.89329e-06,-4.09931e-06,8.48183e-06,-1.51444e-06,2.06022e-07
3.79,0,1.39999,0.3483,-2.4566e-07,30,1.05169
3.79,1,-1,-0.756609,-1.03521e-05,-9.7356,-0.243391
3.79,2,1.4,1.30829,1.81115e-05,2.75128,0.0917105
3.79,3,9.91969e-06,-0.0188542,1.29901e-05,0.188633,0.0188641
3.79,4,-0.399995,-0.372849,2.23755e-06,-0.217174,-0.0271467
3.79,5,-3.89329e-06,-4.02219e-06,7.09117e-06,-1.48284e-06,1.28903e-07
3.8,0,1.39999,0.3483,-2.17745e-07,30,1.05169
3.8,1,-1,-0.756609,-1.03543e-05,-9.73559,-0.243391
3.8,2,1.4,1.30829,1.79958e-05,2.75127,0.0917103
3.8,3,9.91969e-06,-0.0188541,1.12468e-05,0.188633,0.018864
3.8,4,-0.399995,-0.372849,1.80846e-06,-0.217174,-0.0271467
3.8,5,-3.89329e-06,-3.95871e-06,5.75748e-06,-1.40014e-06,6.54197e-08
