sim_t,joint,desired,actual,velocity,torque,error
0,0,0,0,0,0,0
0,1,-0.8,-0.8,0,0,0
0,2,1.2,1.2,0,-6.66134e-15,-2.22045e-16
0,3,0,0,0,0,0
0,4,-0.4,-0.4,0,0,0
0,5,0,0,0,0,0
0.01,0,0,0,0,0,0
0.01,1,-0.8,-0.799036,0.16595,-0.536428,-0.000964426
0.01,2,1.2,1.20018,0.0384837,-0.0823016,-0.000177805
0.01,3,0,0,0,0,0
0.01,4,-0.4,-0.401011,-0.1636,0.089886,0.00101077
0.01,5,0,0,0,0,0
0.02,0,0,0,0,0,0
0.02,1,-0.8,-0.796699,0.2836,-0.982847,-0.00330121
0.02,2,1.2,1.20089,0.100179,-0.227177,-0.000893941
0.02,3,0,0,0,0,0
0.02,4,-0.4,-0.402999,-0.213878,0.130932,0.00299909
0.02,5,0,0,0,0,0
0.03,0,0,0,0,0,0
0.03,1,-0.8,-0.79336,0.371512,-1.38016,-0.00664049
0.03,2,1.2,1.20226,0.165307,-0.398268,-0.00225512
0.03,3,0,0,0,0,0
0.03,4,-0.4,-0.40506,-0.191605,0.136286,0.00506038
0.03,5,0,0,0,0,0
0.04,0,0,0,0,0,0
0.04,1,-0.8,-0.789258,0.439158,-1.74714,-0.0107418
0.04,2,1.2,1.20425,0.226588,-0.580675,-0.00424998
0.04,3,0,0,0,0,0
0.04,4,-0.4,-0.406654,-0.128913,0.117692,0.00665443
0.04,5,0,0,0,0,0
0.05,0,0,0,0,0,0
0.05,1,-0.8,-0.784566,0.491833,-2.09285,-0.0154339
0.05,2,1.2,1.20682,0.281133,-0.766927,-0.00682205
0.05,3,0,0,0,0,0
0.05,4,-0.4,-0.407507,-0.0480056,0.0840564,0.0075067
0.05,5,0,0,0,0,0
0.06,0,0,0,0,0,0
0.06,1,-0.8,-0.779414,0.532665,-2.42142,-0.0205856
0.06,2,1.2,1.2099,0.327782,-0.952464,-0.00989669
0.06,3,0,0,0,0,0
0.06,4,-0.4,-0.407519,0.0368425,0.0417314,0.00751908
0.06,5,0,0,0,0,0
0.07,0,0,0,0,0,0
0.07,1,-0.8,-0.77391,0.563557,-2.73426,-0.0260898
0.07,2,1.2,1.21339,0.366159,-1.13409,-0.0133924
0.07,3,0,0,0,0,0
0.07,4,-0.4,-0.406703,0.117015,-0.00488035,0.00670341
0.07,5,0,0,0,0,0
0.08,0,0,0,0,0,0
0.08,1,-0.8,-0.768146,0.585705,-3.03128,-0.031854
0.08,2,1.2,1.21723,0.396296,-1.30939,-0.0172265
0.08,3,0,0,0,0,0
0.08,4,-0.4,-0.405135,0.18773,-0.0527828,0.00513529
0.08,5,0,0,0,0,0
0.09,0,0,0,0,0,0
0.09,1,-0.8,-0.762205,0.599905,-3.31154,-0.0377955
0.09,2,1.2,1.22132,0.418456,-1.47645,-0.0213178
0.09,3,0,0,0,0,0
0.09,4,-0.4,-0.402923,0.246709,-0.0999671,0.00292345
0.09,5,0,0,0,0,0
0.1,0,0,0,0,0,0
0.1,1,-0.8,-0.756162,0.606744,-3.57375,-0.043838
0.1,2,1.2,1.22559,0.43304,-1.63374,-0.0255886
0.1,3,0,0,0,0,0
0.1,4,-0.4,-0.40019,0.293258,-0.145108,0.000190081
0.1,5,0,0,0,0,0
0.11,0,0,0,0,0,0
0.11,1,-0.8,-0.750089,0.606714,-3.81657,-0.0499108
0.11,2,1.2,1.22997,0.440534,-1.78004,-0.0299659
0.11,3,0,0,0,0,0
0.11,4,-0.4,-0.397059,0.327642,-0.187352,-0.00294137
0.11,5,0,0,0,0,0
0.12,0,0,0,0,0,0
0.12,1,-0.8,-0.744052,0.600284,-4.03876,-0.0559476
0.12,2,1.2,1.23438,0.441472,-1.91439,-0.0343815
0.12,3,0,0,0,0,0
0.12,4,-0.4,-0.393647,0.350674,-0.226164,-0.0063534
0.12,5,0,0,0,0,0
0.13,0,0,0,0,0,0
0.13,1,-0.8,-0.738113,0.587937,-4.2393,-0.0618872
0.13,2,1.2,1.23877,0.436424,-2.03604,-0.0387732
0.13,3,0,0,0,0,0
0.13,4,-0.4,-0.390062,0.363451,-0.261232,-0.00993838
0.13,5,0,0,0,0,0
0.14,0,0,0,0,0,0
0.14,1,-0.8,-0.732327,0.570184,-4.41748,-0.0676732
0.14,2,1.2,1.24308,0.425975,-2.14448,-0.0430842
0.14,3,0,0,0,0,0
0.14,4,-0.4,-0.3864,0.367186,-0.292396,-0.0136004
0.14,5,0,0,0,0,0
0.15,0,0,0,0,0,0
0.15,1,-0.8,-0.726746,0.547576,-4.57291,-0.0732545
0.15,2,1.2,1.24726,0.410723,-2.23936,-0.0472638
0.15,3,0,0,0,0,0
0.15,4,-0.4,-0.382744,0.363109,-0.319601,-0.0172558
0.15,5,0,0,0,0,0
0.16,0,0,0,0,0,0
0.16,1,-0.8,-0.721414,0.520693,-4.70551,-0.0785856
0.16,2,1.2,1.25127,0.391267,-2.32055,-0.0512672
0.16,3,0,0,0,0,0
0.16,4,-0.4,-0.379167,0.352406,-0.342867,-0.020833
0.16,5,0,0,0,0,0
0.17,0,0,0,0,0,0
0.17,1,-0.8,-0.716373,0.490142,-4.81552,-0.0836273
0.17,2,1.2,1.25506,0.368208,-2.38809,-0.0550558
0.17,3,0,0,0,0,0
0.17,4,-0.4,-0.375728,0.33619,-0.362271,-0.024272
0.17,5,0,0,0,0,0
0.18,0,0,0,0,0,0
0.18,1,-0.8,-0.711654,0.456543,-4.90348,-0.0883462
0.18,2,1.2,1.2586,0.342139,-2.44218,-0.0585967
0.18,3,0,0,0,0,0
0.18,4,-0.4,-0.372477,0.31549,-0.377932,-0.0275233
0.18,5,0,0,0,0,0
0.19,0,0,0,0,0,0
0.19,1,-0.8,-0.707285,0.420518,-4.97017,-0.0927152
0.19,2,1.2,1.26186,0.313646,-2.48319,-0.0618631
0.19,3,0,0,0,0,0
0.19,4,-0.4,-0.369453,0.291246,-0.390002,-0.0305474
0.19,5,0,0,0,0,0
0.2,0,0,0,0,0,0
0.2,1,-0.8,-0.703286,0.382682,-5.01659,-0.0967136
0.2,2,1.2,1.26483,0.283299,-2.51162,-0.064834
0.2,3,0,0,0,0,0
0.2,4,-0.4,-0.366686,0.264309,-0.398663,-0.0333136
0.2,5,0,0,0,0,0
0.21,0,0,0,0,0,0
0.21,1,-0.8,-0.699674,0.343629,-5.04394,-0.100326
0.21,2,1.2,1.26749,0.251651,-2.52811,-0.0674938
0.21,3,0,0,0,0,0
0.21,4,-0.4,-0.364201,0.235448,-0.404118,-0.0357993
0.21,5,0,0,0,0,0
0.22,0,0,0,0,0,0
0.22,1,-0.8,-0.696455,0.303927,-5.05356,-0.103545
0.22,2,1.2,1.26983,0.219228,-2.53343,-0.0698324
0.22,3,0,0,0,0,0
0.22,4,-0.4,-0.362011,0.205355,-0.406589,-0.037989
0.22,5,0,0,0,0,0
0.23,0,0,0,0,0,0
0.23,1,-0.8,-0.693635,0.264109,-5.04692,-0.106365
0.23,2,1.2,1.27184,0.186531,-2.52841,-0.0718449
0.23,3,0,0,0,0,0
0.23,4,-0.4,-0.360126,0.174649,-0.406316,-0.0398739
0.23,5,0,0,0,0,0
0.24,0,0,0,0,0,0
0.24,1,-0.8,-0.691212,0.224666,-5.02553,-0.108788
0.24,2,1.2,1.27353,0.154026,-2.51398,-0.0735311
0.24,3,0,0,0,0,0
0.24,4,-0.4,-0.358549,0.143881,-0.403549,-0.041451
0.24,5,0,0,0,0,0
0.25,0,0,0,0,0,0
0.25,1,-0.8,-0.689178,0.186045,-4.99101,-0.110822
0.25,2,1.2,1.2749,0.12214,-2.49114,-0.0748953
0.25,3,0,0,0,0,0
0.25,4,-0.4,-0.357278,0.113541,-0.39855,-0.0427224
0.25,5,0,0,0,0,0
0.26,0,0,0,0,0,0
0.26,1,-0.8,-0.687525,0.148643,-4.94495,-0.112475
0.26,2,1.2,1.27595,0.0912627,-2.4609,-0.0759459
0.26,3,0,0,0,0,0
0.26,4,-0.4,-0.356305,0.084053,-0.391585,-0.0436948
0.26,5,0,0,0,0,0
0.27,0,0,0,0,0,0
0.27,1,-0.8,-0.686237,0.112809,-4.88896,-0.113763
0.27,2,1.2,1.27669,0.0617363,-2.42432,-0.0766948
0.27,3,0,0,0,0,0
0.27,4,-0.4,-0.355621,0.0557871,-0.382923,-0.0443787
0.27,5,0,0,0,0,0
0.28,0,0,0,0,0,0
0.28,1,-0.8,-0.685297,0.0788394,-4.82463,-0.114703
0.28,2,1.2,1.27716,0.0338582,-2.38244,-0.0771574
0.28,3,0,0,0,0,0
0.28,4,-0.4,-0.355212,0.0290557,-0.372833,-0.0447882
0.28,5,0,0,0,0,0
0.29,0,0,0,0,0,0
0.29,1,-0.8,-0.684686,0.0469823,-4.75352,-0.115314
0.29,2,1.2,1.27735,0.00787764,-2.3363,-0.0773514
0.29,3,0,0,0,0,0
0.29,4,-0.4,-0.35506,0.00411722,-0.361579,-0.04494
0.29,5,0,0,0,0,0
0.3,0,0,0,0,0,0
0.3,1,-0.8,-0.68438,0.017437,-4.6771,-0.11562
0.3,2,1.2,1.2773,-0.0160044,-2.2869,-0.0772971
0.3,3,0,0,0,0,0
0.3,4,-0.4,-0.355147,-0.0188215,-0.349416,-0.0448533
0.3,5,0,0,0,0,0
0.31,0,0,0,0,0,0
0.31,1,-0.8,-0.684357,-0.00964384,-4.59679,-0.115643
0.31,2,1.2,1.27702,-0.0376346,-2.23522,-0.0770161
0.31,3,0,0,0,0,0
0.31,4,-0.4,-0.355451,-0.0396033,-0.33659,-0.0445489
0.31,5,0,0,0,0,0
0.32,0,0,0,0,0,0
0.32,1,-0.8,-0.68459,-0.0341515,-4.51393,-0.11541
0.32,2,1.2,1.27653,-0.056906,-2.18214,-0.0765318
0.32,3,0,0,0,0,0
0.32,4,-0.4,-0.355951,-0.0581182,-0.323334,-0.0440492
0.32,5,0,0,0,0,0
0.33,0,0,0,0,0,0
0.33,1,-0.8,-0.685054,-0.0560184,-4.42977,-0.114946
0.33,2,1.2,1.27587,-0.0737559,-2.12853,-0.0758681
0.33,3,0,0,0,0,0
0.33,4,-0.4,-0.356623,-0.0743006,-0.309866,-0.043377
0.33,5,0,0,0,0,0
0.34,0,0,0,0,0,0
0.34,1,-0.8,-0.685722,-0.075215,-4.34546,-0.114278
0.34,2,1.2,1.27505,-0.0881631,-2.07515,-0.0750493
0.34,3,0,0,0,0,0
0.34,4,-0.4,-0.357444,-0.0881258,-0.296386,-0.0425561
0.34,5,0,0,0,0,0
0.35,0,0,0,0,0,0
0.35,1,-0.8,-0.686568,-0.0917463,-4.26205,-0.113432
0.35,2,1.2,1.2741,-0.100145,-2.0227,-0.0740998
0.35,3,0,0,0,0,0
0.35,4,-0.4,-0.35839,-0.0996066,-0.283075,-0.0416097
0.35,5,0,0,0,0,0
0.36,0,0,0,0,0,0
0.36,1,-0.8,-0.687564,-0.105649,-4.1805,-0.112436
0.36,2,1.2,1.27304,-0.109752,-1.9718,-0.0730435
0.36,3,0,0,0,0,0
0.36,4,-0.4,-0.359439,-0.10879,-0.270095,-0.0405613
0.36,5,0,0,0,0,0
0.37,0,0,0,0,0,0
0.37,1,-0.8,-0.688685,-0.116989,-4.10165,-0.111315
0.37,2,1.2,1.2719,-0.117066,-1.92299,-0.0719039
0.37,3,0,0,0,0,0
0.37,4,-0.4,-0.360567,-0.115752,-0.25759,-0.0394333
0.37,5,0,0,0,0,0
0.38,0,0,0,0,0,0
0.38,1,-0.8,-0.689905,-0.125854,-4.02623,-0.110095
0.38,2,1.2,1.2707,-0.122194,-1.87671,-0.0707033
0.38,3,0,0,0,0,0
0.38,4,-0.4,-0.361753,-0.120595,-0.245682,-0.0382474
0.38,5,0,0,0,0,0
0.39,0,0,0,0,0,0
0.39,1,-0.8,-0.691202,-0.132356,-3.95487,-0.108798
0.39,2,1.2,1.26946,-0.125266,-1.83335,-0.0694629
0.39,3,0,0,0,0,0
0.39,4,-0.4,-0.362976,-0.123442,-0.234473,-0.0370242
0.39,5,0,0,0,0,0
0.4,0,0,0,0,0,0
0.4,1,-0.8,-0.69255,-0.136626,-3.88811,-0.10745
0.4,2,1.2,1.2682,-0.126428,-1.79321,-0.0682023
0.4,3,0,0,0,0,0
0.4,4,-0.4,-0.364217,-0.124435,-0.224046,-0.0357829
0.4,5,0,0,0,0,0
0.41,0,0,0,0,0,0
0.41,1,-0.8,-0.69393,-0.138806,-3.82637,-0.10607
0.41,2,1.2,1.26694,-0.125839,-1.75652,-0.0669399
0.41,3,0,0,0,0,0
0.41,4,-0.4,-0.365459,-0.123726,-0.214466,-0.0345411
0.41,5,0,0,0,0,0
0.42,0,0,0,0,0,0
0.42,1,-0.8,-0.695321,-0.139056,-3.76998,-0.104679
0.42,2,1.2,1.26569,-0.12367,-1.72343,-0.0656922
0.42,3,0,0,0,0,0
0.42,4,-0.4,-0.366685,-0.121481,-0.205779,-0.033315
0.42,5,0,0,0,0,0
0.43,0,0,0,0,0,0
0.43,1,-0.8,-0.696705,-0.137542,-3.71918,-0.103295
0.43,2,1.2,1.26447,-0.120094,-1.69403,-0.0644741
0.43,3,0,0,0,0,0
0.43,4,-0.4,-0.367881,-0.117869,-0.198017,-0.032119
0.43,5,0,0,0,0,0
0.44,0,0,0,0,0,0
0.44,1,-0.8,-0.698064,-0.134436,-3.67411,-0.101936
0.44,2,1.2,1.2633,-0.115289,-1.66838,-0.0632986
0.44,3,0,0,0,0,0
0.44,4,-0.4,-0.369034,-0.113062,-0.191195,-0.0309658
0.44,5,0,0,0,0,0
0.45,0,0,0,0,0,0
0.45,1,-0.8,-0.699385,-0.129918,-3.63485,-0.100615
0.45,2,1.2,1.26218,-0.109432,-1.64645,-0.0621772
0.45,3,0,0,0,0,0
0.45,4,-0.4,-0.370134,-0.107234,-0.185315,-0.0298665
0.45,5,0,0,0,0,0
0.46,0,0,0,0,0,0
0.46,1,-0.8,-0.700654,-0.124166,-3.60136,-0.0993465
0.46,2,1.2,1.26112,-0.102697,-1.62818,-0.0611192
0.46,3,0,0,0,0,0
0.46,4,-0.4,-0.37117,-0.100554,-0.180365,-0.0288303
0.46,5,0,0,0,0,0
0.47,0,0,0,0,0,0
0.47,1,-0.8,-0.701859,-0.11736,-3.57358,-0.0981415
0.47,2,1.2,1.26013,-0.0952533,-1.61347,-0.0601327
0.47,3,0,0,0,0,0
0.47,4,-0.4,-0.372135,-0.0931865,-0.176325,-0.0278647
0.47,5,0,0,0,0,0
0.48,0,0,0,0,0,0
0.48,1,-0.8,-0.702991,-0.109677,-3.55135,-0.0970095
0.48,2,1.2,1.25922,-0.0872628,-1.60219,-0.0592237
0.48,3,0,0,0,0,0
0.48,4,-0.4,-0.373024,-0.0852915,-0.173162,-0.0269759
0.48,5,0,0,0,0,0
0.49,0,0,0,0,0,0
0.49,1,-0.8,-0.704042,-0.101288,-3.53447,-0.0959583
0.49,2,1.2,1.2584,-0.078879,-1.59415,-0.0583969
0.49,3,0,0,0,0,0
0.49,4,-0.4,-0.373832,-0.0770186,-0.170837,-0.0261683
0.49,5,0,0,0,0,0
0.5,0,0.000498574,0,0,0.019943,0.000498574
0.5,1,-0.800071,-0.705006,-0.0923593,-3.52554,-0.0950654
0.5,2,1.20007,1.25766,-0.0702455,-1.58704,-0.0575842
0.5,3,-3.06284e-09,0,0,-3.06284e-08,-3.06284e-09
0.5,4,-0.4,-0.374555,-0.068509,-0.169303,-0.0254447
0.5,5,1.99063e-09,0,0,9.95314e-09,1.99063e-09
0.51,0,0.00548432,1.43443e-05,0.00354973,0.20815,0.00546997
0.51,1,-0.800783,-0.705892,-0.086243,-3.53692,-0.0948912
0.51,2,1.20078,1.25702,-0.0562598,-1.57469,-0.0562404
0.51,3,-3.36913e-08,1.43195e-05,0.00335082,-0.00215403,-1.43532e-05
0.51,4,-0.4,-0.375202,-0.0617779,-0.167496,-0.0247981
0.51,5,2.18969e-08,-9.31282e-06,-0.00202866,0.000655273,9.33472e-06
0.52,0,0.0104701,9.71457e-05,0.0129731,0.375997,0.0103729
0.52,1,-0.801496,-0.706734,-0.0826076,-3.54266,-0.094762
0.52,2,1.2015,1.25656,-0.0384414,-1.57499,-0.0550625
0.52,3,-6.43197e-08,8.20311e-05,0.00980846,-0.00670603,-8.20955e-05
0.52,4,-0.4,-0.375783,-0.0549516,-0.166259,-0.0242168
0.52,5,4.18032e-08,-4.2918e-05,-0.00427214,0.00149644,4.29598e-05
0.53,0,0.0154558,0.000302944,0.0275186,0.523559,0.0151529
0.53,1,-0.802208,-0.707543,-0.0794662,-3.54822,-0.0946654
0.53,2,1.20221,1.25627,-0.0205374,-1.58087,-0.0540649
0.53,3,-9.49481e-08,0.000219631,0.0169952,-0.0123944,-0.000219726
0.53,4,-0.4,-0.376289,-0.0467489,-0.166316,-0.0237113
0.53,5,6.17095e-08,-9.08443e-05,-0.00496041,0.00194265,9.0906e-05
0.54,0,0.0204415,0.000679098,0.0464897,0.651029,0.0197624
0.54,1,-0.80292,-0.708319,-0.0761712,-3.55552,-0.0946009
0.54,2,1.20292,1.25616,-0.0037592,-1.5897,-0.0532407
0.54,3,-1.25577e-07,0.00042744,0.0237597,-0.0185315,-0.000427566
0.54,4,-0.4,-0.376706,-0.0375699,-0.167565,-0.0232937
0.54,5,8.16158e-08,-0.000136731,-0.00408013,0.00190811,0.000136813
0.55,0,0.0254273,0.00126619,0.069223,0.758775,0.0241611
0.55,1,-0.803632,-0.709061,-0.0725638,-3.56515,-0.094571
0.55,2,1.20363,1.25621,0.011541,-1.60037,-0.0525763
0.55,3,-1.56205e-07,0.000697627,0.0295025,-0.0246793,-0.000697783
0.55,4,-0.4,-0.37703,-0.0280673,-0.169728,-0.0229702
0.55,5,1.01522e-07,-0.000167355,-0.00210646,0.00146922,0.000167457
0.56,0,0.030413,0.00209833,0.0950829,0.84734,0.0283147
0.56,1,-0.804345,-0.709766,-0.0686686,-3.57715,-0.0945789
0.56,2,1.20434,1.2564,0.025302,-1.6123,-0.0520564
0.56,3,-1.86833e-07,0.00101808,0.0339125,-0.0305302,-0.00101827
0.56,4,-0.4,-0.377259,-0.0187717,-0.172542,-0.022741
0.56,5,1.21428e-07,-0.000174707,0.000436257,0.000743265,0.000174828
0.57,0,0.0353988,0.0032034,0.123461,0.917431,0.0321954
0.57,1,-0.805057,-0.71043,-0.0645789,-3.59134,-0.0946268
0.57,2,1.20506,1.25672,0.0375611,-1.62509,-0.0516658
0.57,3,-2.17462e-07,0.00137462,0.0368536,-0.0358605,-0.00137484
0.57,4,-0.4,-0.377398,-0.0100362,-0.175797,-0.0226019
0.57,5,1.41335e-07,-0.000155589,0.00311194,-0.000154932,0.00015573
0.58,0,0.0403845,0.0046034,0.153781,0.969903,0.0357811
0.58,1,-0.805769,-0.711053,-0.0604096,-3.60742,-0.0947162
0.58,2,1.20577,1.25716,0.0483886,-1.63847,-0.0513898
0.58,3,-2.4809e-07,0.00175237,0.0383085,-0.0405112,-0.00175261
0.58,4,-0.4,-0.377454,-0.00206757,-0.179334,-0.022546
0.58,5,1.61241e-07,-0.000110519,0.00560209,-0.00112722,0.00011068
0.59,0,0.0453703,0.0063147,0.185495,1.00574,0.0390556
0.59,1,-0.806481,-0.711634,-0.0562773,-3.62505,-0.0948471
0.59,2,1.20648,1.2577,0.0578652,-1.65217,-0.0512146
0.59,3,-2.78719e-07,0.00213677,0.0383429,-0.0443762,-0.00213705
0.59,4,-0.4,-0.377435,0.00503207,-0.183036,-0.0225651
0.59,5,1.81147e-07,-4.25847e-05,0.00769795,-0.00209556,4.27659e-05
0.6,0,0.050356,0.00834842,0.218095,1.02602,0.0420076
0.6,1,-0.807194,-0.712175,-0.0522899,-3.64388,-0.0950187
0.6,2,1.20719,1.25832,0.0660746,-1.66596,-0.0511272
0.6,3,-3.09347e-07,0.00251426,0.037081,-0.0473943,-0.00251457
0.6,4,-0.4,-0.377349,0.011229,-0.186816,-0.0226502
0.6,5,2.01053e-07,4.35568e-05,0.00928174,-0.0030013,-4.33557e-05
0.61,0,0.0553417,0.0107108,0.251108,1.03191,0.044631
0.61,1,-0.807906,-0.712677,-0.0485426,-3.66353,-0.0952289
0.61,2,1.20791,1.25902,0.0731011,-1.67966,-0.0511152
0.61,3,-3.39975e-07,0.00287276,0.0346853,-0.0495422,-0.0028731
0.61,4,-0.4,-0.377207,0.016532,-0.190604,-0.0227923
0.61,5,2.2096e-07,0.000142475,0.0103062,-0.00380312,-0.000142254
0.62,0,0.0603275,0.0134035,0.284098,1.02467,0.046924
0.62,1,-0.808618,-0.713143,-0.0451155,-3.68365,-0.0954748
0.62,2,1.20862,1.25979,0.0790281,-1.69308,-0.0511674
0.62,3,-3.70604e-07,0.00320192,0.0313408,-0.0508274,-0.00320229
0.62,4,-0.4,-0.377017,0.020975,-0.194349,-0.0229827
0.62,5,2.40866e-07,0.000248565,0.0107758,-0.00447437,-0.000248324
0.63,0,0.0653132,0.0164241,0.316671,1.00555,0.0488891
0.63,1,-0.80933,-0.713577,-0.0420729,-3.7039,-0.095753
0.63,2,1.20933,1.2606,0.0839385,-1.70607,-0.0512732
0.63,3,-4.01232e-07,0.00349333,0.027242,-0.0512825,-0.00349373
0.63,4,-0.4,-0.376786,0.0246055,-0.198007,-0.0232131
0.63,5,2.60772e-07,0.000356479,0.0107314,-0.0050005,-0.000356218
0.64,0,0.070299,0.0197665,0.348474,0.975876,0.0505324
0.64,1,-0.810043,-0.713983,-0.0394637,-3.72398,-0.0960592
0.64,2,1.21004,1.26147,0.087914,-1.71852,-0.051423
0.64,3,-4.31861e-07,0.00374051,0.0225834,-0.0509594,-0.00374094
0.64,4,-0.4,-0.376524,0.0274778,-0.201543,-0.0234755
0.64,5,2.80679e-07,0.000461412,0.0102364,-0.00537659,-0.000461131
0.65,0,0.0752847,0.0234212,0.379193,0.93696,0.0518635
0.65,1,-0.810755,-0.714366,-0.0373221,-3.74359,-0.096389
0.65,2,1.21076,1.26236,0.0910348,-1.7303,-0.0516077
0.65,3,-4.62489e-07,0.0039389,0.017551,-0.0499242,-0.00393936
0.65,4,-0.399999,-0.376237,0.0296485,-0.204926,-0.0237627
0.65,5,3.00585e-07,0.000559273,0.00936755,-0.00560513,-0.000558972
0.66,0,0.0802705,0.0273759,0.408557,0.890112,0.0528946
0.66,1,-0.811467,-0.71473,-0.0356684,-3.7625,-0.0967376
0.66,2,1.21147,1.26329,0.0933795,-1.74134,-0.0518193
0.66,3,-4.93117e-07,0.00408572,0.0123178,-0.0482528,-0.00408622
0.66,4,-0.399999,-0.375931,0.0311745,-0.208132,-0.0240681
0.66,5,3.20491e-07,0.000646768,0.00820624,-0.00569411,-0.000646448
0.67,0,0.0852562,0.0316156,0.436334,0.83662,0.0536406
0.67,1,-0.812179,-0.71508,-0.0345107,-3.78046,-0.0970999
0.67,2,1.21218,1.26423,0.095025,-1.75156,-0.0520504
0.67,3,-5.23746e-07,0.00417985,0.00703916,-0.0460272,-0.00418037
0.67,4,-0.399999,-0.375614,0.0321116,-0.211139,-0.0243854
0.67,5,3.40397e-07,0.000721422,0.00683334,-0.00565541,-0.000721082
0.68,0,0.0902419,0.0361235,0.462333,0.777738,0.0541184
0.68,1,-0.812892,-0.715421,-0.033846,-3.79731,-0.0974711
0.68,2,1.21289,1.26519,0.0960453,-1.76092,-0.0522944
0.68,3,-5.54374e-07,0.00422158,0.00185144,-0.0433322,-0.00422214
0.68,4,-0.399999,-0.37529,0.0325142,-0.21393,-0.0247091
0.68,5,3.60304e-07,0.000781542,0.00532497,-0.0055034,-0.000781181
0.69,0,0.0952277,0.0408808,0.486401,0.714672,0.0543468
0.69,1,-0.813604,-0.715758,-0.0336613,-3.81287,-0.0978463
0.69,2,1.2136,1.26615,0.0965122,-1.76939,-0.0525456
0.69,3,-5.85003e-07,0.00421249,-0.00312958,-0.040253,-0.00421307
0.69,4,-0.399999,-0.374965,0.0324354,-0.216491,-0.0250342
0.69,5,3.8021e-07,0.000826157,0.00374991,-0.00525386,-0.000825777
0.7,0,0.100213,0.0458677,0.50842,0.648571,0.0543457
0.7,1,-0.814316,-0.716095,-0.0339355,-3.82702,-0.0982208
0.7,2,1.21432,1.26712,0.0964941,-1.77695,-0.0527987
0.7,3,-6.15631e-07,0.00415517,-0.00780856,-0.0368728,-0.00415579
0.7,4,-0.399999,-0.374643,0.0319267,-0.218811,-0.025356
0.7,5,4.00116e-07,0.00085494,0.00216811,-0.00492313,-0.00085454
0.71,0,0.105199,0.0510631,0.528309,0.580518,0.0541361
0.71,1,-0.815028,-0.716438,-0.0346405,-3.83968,-0.0985901
0.71,2,1.21503,1.26808,0.0960566,-1.78359,-0.0530493
0.71,3,-6.4626e-07,0.00405309,-0.0121099,-0.0332714,-0.00405374
0.71,4,-0.399999,-0.374329,0.0310382,-0.220884,-0.0256707
0.71,5,4.20023e-07,0.000868107,0.00062996,-0.00452742,-0.000867687
0.72,0,0.110185,0.0564454,0.54602,0.511522,0.0537396
0.72,1,-0.815741,-0.71679,-0.0357423,-3.85078,-0.0989502
0.72,2,1.21574,1.26903,0.0952611,-1.78933,-0.0532935
0.72,3,-6.76888e-07,0.00391035,-0.0159769,-0.0295241,-0.00391102
0.72,4,-0.399999,-0.374025,0.0298191,-0.222706,-0.0259746
0.72,5,4.39929e-07,0.000866327,-0.000823689,-0.00408233,-0.000865887
0.73,0,0.115171,0.0619927,0.561535,0.442514,0.053178
0.73,1,-0.816453,-0.717156,-0.0372026,-3.86028,-0.0992973
0.73,2,1.21645,1.26998,0.0941659,-1.79417,-0.0535281
0.73,3,-7.07516e-07,0.00373152,-0.0193696,-0.0257005,-0.00373222
0.73,4,-0.399999,-0.373735,0.0283168,-0.224276,-0.0262647
0.73,5,4.59835e-07,0.000850628,-0.00216118,-0.00360249,-0.000850168
0.74,0,0.120156,0.0676832,0.574863,0.37434,0.0524732
0.74,1,-0.817165,-0.717537,-0.0389798,-3.86818,-0.099628
0.74,2,1.21717,1.27092,0.092825,-1.79816,-0.0537503
0.74,3,-7.38145e-07,0.00352148,-0.0222639,-0.0218639,-0.00352222
0.74,4,-0.399999,-0.373461,0.0265777,-0.225596,-0.0265384
0.74,5,4.79741e-07,0.000822303,-0.00335933,-0.00310132,-0.000821824
0.75,0,0.125142,0.073495,0.586042,0.307759,0.0516471
0.75,1,-0.817877,-0.717938,-0.04103,-3.87448,-0.0999394
0.75,2,1.21788,1.27184,0.0912885,-1.80131,-0.0539579
0.75,3,-7.68773e-07,0.00328531,-0.0246491,-0.0180713,-0.00328607
0.75,4,-0.399999,-0.373205,0.0246464,-0.226673,-0.0267937
0.75,5,4.99648e-07,0.00078284,-0.00440262,-0.00259091,-0.00078234
0.76,0,0.130128,0.0794071,0.595129,0.243445,0.0507208
0.76,1,-0.81859,-0.718361,-0.0433082,-3.87923,-0.100229
0.76,2,1.21859,1.27274,0.0896028,-1.80369,-0.0541494
0.76,3,-7.99402e-07,0.00302807,-0.0265265,-0.0143728,-0.00302887
0.76,4,-0.399999,-0.37297,0.022566,-0.227513,-0.0270288
0.76,5,5.19554e-07,0.000733839,-0.00528218,-0.00208194,-0.000733319
0.77,0,0.135114,0.0853989,0.602203,0.181979,0.0497147
0.77,1,-0.819302,-0.718807,-0.0457693,-3.88248,-0.100495
0.77,2,1.2193,1.27363,0.08781,-1.80532,-0.0543233
0.77,3,-8.3003e-07,0.00275481,-0.0279074,-0.010812,-0.00275564
0.77,4,-0.399999,-0.372757,0.0203775,-0.228128,-0.0272424
0.77,5,5.3946e-07,0.00067696,-0.00599485,-0.00158365,-0.00067642
0.78,0,0.140099,0.0914509,0.60736,0.123859,0.0486485
0.78,1,-0.820014,-0.719279,-0.0483684,-3.8843,-0.100735
0.78,2,1.22001,1.27449,0.0859485,-1.80627,-0.054479
0.78,3,-8.60658e-07,0.00247038,-0.0288113,-0.00742567,-0.00247124
0.78,4,-0.399999,-0.372565,0.0181196,-0.22853,-0.0274338
0.78,5,5.59367e-07,0.000613866,-0.00654225,-0.00110386,-0.000613306
0.79,0,0.145085,0.0975443,0.610712,0.0694934,0.0475408
0.79,1,-0.820726,-0.719777,-0.0510622,-3.88477,-0.100949
0.79,2,1.22073,1.27534,0.0840527,-1.80658,-0.0546158
0.79,3,-8.91287e-07,0.00217942,-0.0292645,-0.00424437,-0.00218031
0.79,4,-0.399999,-0.372397,0.0158285,-0.228733,-0.0276024
0.79,5,5.79273e-07,0.000546183,-0.00692986,-0.000649059,-0.000545603
0.8,0,0.150071,0.103662,0.612382,0.0192086,0.0464089
0.8,1,-0.821439,-0.720303,-0.0538092,-3.88399,-0.101135
0.8,2,1.22144,1.27617,0.0821534,-1.80631,-0.0547336
0.8,3,-9.21915e-07,0.00188625,-0.0292988,-0.00129247,-0.00188717
0.8,4,-0.399999,-0.372251,0.0135375,-0.228753,-0.027748
0.8,5,5.99179e-07,0.000475464,-0.00716621,-0.00022446,-0.000474864
0.81,0,0.155057,0.109788,0.612502,-0.0267487,0.0452689
0.81,1,-0.822151,-0.720856,-0.0565703,-3.88206,-0.101294
0.81,2,1.22215,1.27698,0.0802778,-1.80553,-0.0548325
0.81,3,-9.52544e-07,0.00159488,-0.0289496,0.00141143,-0.00159584
0.81,4,-0.399999,-0.372128,0.0112773,-0.228606,-0.0278709
0.81,5,6.19085e-07,0.000403163,-0.00726214,0.000165924,-0.000402544
0.82,0,0.160042,0.115907,0.611211,-0.0682076,0.0441356
0.82,1,-0.822863,-0.721437,-0.0593093,-3.8791,-0.101426
0.82,2,1.22286,1.27778,0.0784496,-1.80429,-0.0549129
0.82,3,-9.83172e-07,0.00130894,-0.0282555,0.00385408,-0.00130992
0.82,4,-0.399999,-0.372027,0.00907522,-0.228309,-0.0279714
0.82,5,6.38992e-07,0.000330617,-0.0072302,0.000519168,-0.000329978
0.83,0,0.165028,0.122006,0.608654,-0.105068,0.0430223
0.83,1,-0.823575,-0.722045,-0.0619932,-3.87523,-0.10153
0.83,2,1.22358,1.27855,0.0766894,-1.80264,-0.0549754
0.83,3,-1.0138e-06,0.00103164,-0.0272563,0.00602725,-0.00103266
0.83,4,-0.399999,-0.371948,0.00695528,-0.227881,-0.0280504
0.83,5,6.58898e-07,0.000259031,-0.00708401,0.000833344,-0.000258372
0.84,0,0.170014,0.128073,0.604978,-0.137297,0.0419409
0.84,1,-0.824288,-0.722679,-0.0645924,-3.87055,-0.101608
0.84,2,1.22429,1.27931,0.0750144,-1.80065,-0.0550207
0.84,3,-1.04443e-06,0.000765825,-0.0259932,0.00792721,-0.00076687
0.84,4,-0.399999,-0.37189,0.00493837,-0.227339,-0.0281088
0.84,5,6.78804e-07,0.000189468,-0.00683786,0.00110741,-0.000188789
0.85,0,0.175,0.134098,0.600329,-0.164919,0.0409017
0.85,1,-0.825,-0.723339,-0.067081,-3.86518,-0.101661
0.85,2,1.225,1.28005,0.0734391,-1.79837,-0.0550498
0.85,3,-1.07506e-06,0.000513901,-0.0245069,0.00955439,-0.000514976
0.85,4,-0.399999,-0.371851,0.00304202,-0.226702,-0.0281476
0.85,5,6.98711e-07,0.000122849,-0.00650624,0.00134112,-0.00012215
0.86,0,0.179985,0.140072,0.594854,-0.188016,0.0399136
0.86,1,-0.825712,-0.724023,-0.0694367,-3.85925,-0.101689
0.86,2,1.22571,1.28078,0.0719751,-1.79586,-0.0550638
0.86,3,-1.10569e-06,0.000277877,-0.0228378,0.0109128,-0.000278983
0.86,4,-0.399999,-0.371831,0.00128051,-0.225985,-0.0281681
0.86,5,7.18617e-07,5.99484e-05,-0.00610356,0.00153492,-5.92298e-05
0.87,0,0.184971,0.145987,0.588695,-0.206717,0.0389842
0.87,1,-0.826424,-0.72473,-0.0716409,-3.85286,-0.101695
0.87,2,1.22643,1.28149,0.0706316,-1.79318,-0.0550638
0.87,3,-1.13631e-06,5.93675e-05,-0.0210249,0.0120099,-6.05038e-05
0.87,4,-0.399999,-0.371827,-0.000335042,-0.225208,-0.0281719
0.87,5,7.38523e-07,1.40001e-06,-0.00564382,0.00168984,-6.61487e-07
0.88,0,0.189957,0.151837,0.581991,-0.221193,0.0381195
0.88,1,-0.827137,-0.725457,-0.0736787,-3.84613,-0.101679
0.88,2,1.22714,1.28219,0.0694152,-1.79036,-0.055051
0.88,3,-1.16694e-06,-0.000140398,-0.0191055,0.0128556,0.000139231
0.88,4,-0.399999,-0.371838,-0.00179654,-0.224385,-0.0281604
0.88,5,7.58429e-07,-5.23004e-05,-0.00514045,0.00180743,5.30588e-05
0.89,0,0.194943,0.157618,0.574873,-0.231653,0.0373242
0.89,1,-0.827849,-0.726205,-0.0755386,-3.83915,-0.101644
0.89,2,1.22785,1.28288,0.0683304,-1.78747,-0.0550268
0.89,3,-1.19757e-06,-0.000320549,-0.0171149,0.0134625,0.000319352
0.89,4,-0.399999,-0.371864,-0.00309875,-0.223531,-0.0281351
0.89,5,7.78336e-07,-0.000100786,-0.00460608,0.00188965,0.000101565
0.9,0,0.199928,0.163327,0.567468,-0.238335,0.0366017
0.9,1,-0.828561,-0.726969,-0.0772128,-3.83203,-0.101592
0.9,2,1.22856,1.28355,0.0673794,-1.78453,-0.0549925
0.9,3,-1.2282e-06,-0.000480558,-0.015086,0.0138449,0.000479329
0.9,4,-0.399999,-0.371901,-0.0042391,-0.222662,-0.0280976
0.9,5,7.98242e-07,-0.000143813,-0.00405243,0.00193879,0.000144612
0.91,0,0.204914,0.16896,0.559893,-0.241503,0.0359544
0.91,1,-0.829273,-0.72775,-0.0786963,-3.82485,-0.101523
0.91,2,1.22927,1.28422,0.0665628,-1.78161,-0.0549495
0.91,3,-1.25883e-06,-0.000620208,-0.0130489,0.0140188,0.00061895
0.91,4,-0.399999,-0.371949,-0.00521747,-0.221789,-0.0280497
0.91,5,8.18148e-07,-0.000181249,-0.00349023,0.0019574,0.000182067
0.92,0,0.2099,0.174517,0.552256,-0.241441,0.0353832
0.92,1,-0.829986,-0.728544,-0.0799873,-3.8177,-0.101441
0.92,2,1.22999,1.28489,0.0658792,-1.77873,-0.0548989
0.92,3,-1.28946e-06,-0.000739574,-0.0110312,0.0140016,0.000738284
0.92,4,-0.399999,-0.372006,-0.00603594,-0.220925,-0.0279929
0.92,5,8.38054e-07,-0.00021306,-0.00292914,0.00194823,0.000213898
0.93,0,0.214886,0.179997,0.544658,-0.238446,0.0348882
0.93,1,-0.830698,-0.72935,-0.0810866,-3.81065,-0.101348
0.93,2,1.2307,1.28554,0.0653259,-1.77592,-0.0548423
0.93,3,-1.32008e-06,-0.000838984,-0.00905741,0.0138111,0.000837664
0.93,4,-0.399999,-0.37207,-0.00669855,-0.22008,-0.0279287
0.93,5,8.57961e-07,-0.000239308,-0.00237772,0.00191414,0.000240166
0.94,0,0.219871,0.185403,0.537189,-0.232823,0.0344686
0.94,1,-0.83141,-0.730166,-0.0819977,-3.80376,-0.101244
0.94,2,1.23141,1.28619,0.0648986,-1.77322,-0.0547809
0.94,3,-1.35071e-06,-0.000919001,-0.00714915,0.013466,0.00091765
0.94,4,-0.399998,-0.37214,-0.00721106,-0.219264,-0.0278587
0.94,5,8.77867e-07,-0.000260129,-0.00184341,0.00185806,0.000261007
0.95,0,0.224857,0.190734,0.529929,-0.224885,0.0341226
0.95,1,-0.832122,-0.73099,-0.0827259,-3.7971,-0.101132
0.95,2,1.23212,1.28684,0.064592,-1.77066,-0.0547158
0.95,3,-1.38134e-06,-0.000980383,-0.0053251,0.0129851,0.000979002
0.95,4,-0.399998,-0.372214,-0.0075807,-0.218485,-0.0277844
0.95,5,8.97773e-07,-0.000275732,-0.00133256,0.00178292,0.00027663
0.96,0,0.229843,0.195995,0.52295,-0.214942,0.0338477
0.96,1,-0.832835,-0.731821,-0.0832788,-3.79072,-0.101014
0.96,2,1.23284,1.28748,0.0643995,-1.76825,-0.0546483
0.96,3,-1.41197e-06,-0.00102406,-0.00360105,0.0123871,0.00102265
0.96,4,-0.399998,-0.372291,-0.00781591,-0.21775,-0.0277072
0.96,5,9.1768e-07,-0.00028638,-0.000850445,0.00169162,0.000287298
0.97,0,0.234828,0.201188,0.516311,-0.203302,0.0336407
0.97,1,-0.833547,-0.732656,-0.0836652,-3.78464,-0.100891
0.97,2,1.23355,1.28813,0.0643138,-1.76601,-0.0545795
0.97,3,-1.4426e-06,-0.00105112,-0.00198992,0.0116907,0.00104967
0.97,4,-0.399998,-0.37237,-0.00792613,-0.217063,-0.0276283
0.97,5,9.37586e-07,-0.000292386,-0.000401295,0.00158701,0.000293323
0.98,0,0.239814,0.206316,0.510063,-0.190265,0.0334981
0.98,1,-0.834259,-0.733494,-0.0838957,-3.77892,-0.100765
0.98,2,1.23426,1.28877,0.0643267,-1.76396,-0.0545103
0.98,3,-1.47323e-06,-0.00106273,-0.000501949,0.0109137,0.00106125
0.98,4,-0.399998,-0.372449,-0.00792154,-0.216431,-0.0275489
0.98,5,9.57492e-07,-0.000294097,1.16232e-05,0.00147178,0.000295054
0.99,0,0.2448,0.211384,0.504248,-0.176122,0.0334156
0.99,1,-0.834971,-0.734333,-0.0839815,-3.77357,-0.100638
0.99,2,1.23497,1.28941,0.0644296,-1.76211,-0.0544418
0.99,3,-1.50386e-06,-0.00106017,0.00085525,0.0100735,0.00105867
0.99,4,-0.399998,-0.372528,-0.00781288,-0.215855,-0.0274702
0.99,5,9.77398e-07,-0.000291889,0.000385962,0.00134854,0.000292866
1,0,0.249786,0.216397,0.498898,-0.16115,0.0333886
1,1,-0.835684,-0.735173,-0.0839351,-3.76861,-0.10051
1,2,1.23568,1.29006,0.0646135,-1.76047,-0.0543748
1,3,-1.53448e-06,-0.00104479,0.00207649,0.00918663,0.00104325
1,4,-0.399998,-0.372605,-0.00761125,-0.215339,-0.0273931
1,5,9.97305e-07,-0.000286158,0.000720216,0.00121971,0.000287155
1.01,0,0.254771,0.221359,0.494037,-0.145611,0.0334125
1.01,1,-0.836396,-0.736012,-0.0837693,-3.76406,-0.100384
1.01,2,1.2364,1.29071,0.0648688,-1.75904,-0.05431
1.01,3,-1.56511e-06,-0.00101795,0.00315884,0.00826858,0.00101639
1.01,4,-0.399998,-0.37268,-0.0073279,-0.214883,-0.0273184
1.01,5,1.01721e-06,-0.000277308,0.00101365,0.00108753,0.000278325
1.02,0,0.259757,0.226275,0.489681,-0.12975,0.0334823
1.02,1,-0.837108,-0.736848,-0.0834972,-3.75991,-0.10026
1.02,2,1.23711,1.29136,0.0651862,-1.75782,-0.0542481
1.02,3,-1.59574e-06,-0.000981066,0.00410148,0.00733381,0.00097947
1.02,4,-0.399998,-0.372751,-0.0069741,-0.214489,-0.027247
1.02,5,1.03712e-06,-0.000265749,0.0012662,0.000954069,0.000266786
1.03,0,0.264743,0.23115,0.485836,-0.113795,0.0335928
1.03,1,-0.83782,-0.737681,-0.0831323,-3.75618,-0.100139
1.03,2,1.23782,1.29201,0.0655561,-1.7568,-0.0541897
1.03,3,-1.62637e-06,-0.000935516,0.00490544,0.00639563,0.000933889
1.03,4,-0.399998,-0.372819,-0.00656097,-0.214155,-0.0271795
1.03,5,1.05702e-06,-0.000251886,0.00147843,0.000821187,0.000252943
1.04,0,0.269729,0.23599,0.482503,-0.0979523,0.0337389
1.04,1,-0.838532,-0.73851,-0.0826879,-3.75284,-0.100023
1.04,2,1.23853,1.29267,0.0659691,-1.75599,-0.0541352
1.04,3,-1.657e-06,-0.000882677,0.00557347,0.00546612,0.00088102
1.04,4,-0.399998,-0.372882,-0.00609938,-0.213881,-0.0271163
1.04,5,1.07693e-06,-0.000236119,0.00165143,0.000690551,0.000237196
1.05,0,0.274714,0.240799,0.479678,-0.082409,0.0339156
1.05,1,-0.839245,-0.739334,-0.0821772,-3.7499,-0.0999108
1.05,2,1.23925,1.29333,0.0664161,-1.75538,-0.0540851
1.05,3,-1.68763e-06,-0.000823886,0.00610978,0.00455611,0.000822198
1.05,4,-0.399998,-0.37294,-0.00559978,-0.213664,-0.027058
1.05,5,1.09684e-06,-0.00021883,0.00178671,0.000563623,0.000219927
1.06,0,0.2797,0.245582,0.477347,-0.0673308,0.0341178
1.06,1,-0.839957,-0.740153,-0.0816128,-3.74734,-0.0998043
1.06,2,1.23996,1.294,0.0668883,-1.75496,-0.0540395
1.06,3,-1.71825e-06,-0.000760431,0.00651989,0.00367519,0.000758712
1.06,4,-0.399998,-0.372993,-0.00507217,-0.213503,-0.0270049
1.06,5,1.11674e-06,-0.000200387,0.00188618,0.000441666,0.000201504
1.07,0,0.284686,0.250345,0.475496,-0.0528627,0.0343406
1.07,1,-0.840669,-0.740965,-0.0810071,-3.74513,-0.0997038
1.07,2,1.24067,1.29467,0.0673773,-1.75472,-0.0539988
1.07,3,-1.74888e-06,-0.000693538,0.00681039,0.00283166,0.000691789
1.07,4,-0.399998,-0.373041,-0.00452597,-0.213394,-0.0269571
1.07,5,1.13665e-06,-0.000181137,0.00195204,0.000325753,0.000182273
1.08,0,0.289672,0.255092,0.474102,-0.0391286,0.0345794
1.08,1,-0.841381,-0.741772,-0.0803717,-3.74326,-0.0996094
1.08,2,1.24138,1.29535,0.0678751,-1.75464,-0.0539631
1.08,3,-1.77951e-06,-0.000624364,0.00698877,0.00203258,0.000622585
1.08,4,-0.399998,-0.373083,-0.00396997,-0.213334,-0.0269149
1.08,5,1.15655e-06,-0.000161401,0.00198673,0.000216766,0.000162557
1.09,0,0.294657,0.259828,0.473141,-0.0262319,0.0348298
1.09,1,-0.842094,-0.742572,-0.0797178,-3.74171,-0.0995215
1.09,2,1.2421,1.29603,0.0683745,-1.75472,-0.0539323
1.09,3,-1.81014e-06,-0.000553985,0.00706324,0.0012838,0.000552174
1.09,4,-0.399998,-0.37312,-0.00341229,-0.213319,-0.0268782
1.09,5,1.17646e-06,-0.000141477,0.00199285,0.000115414,0.000142654
1.1,0,0.299643,0.264556,0.472585,-0.0142561,0.0350875
1.1,1,-0.842806,-0.743366,-0.0790554,-3.74044,-0.0994402
1.1,2,1.24281,1.29671,0.0688686,-1.75493,-0.0539065
1.1,3,-1.84077e-06,-0.000483391,0.00704255,0.000589977,0.00048155
1.1,4,-0.399998,-0.373151,-0.00286032,-0.213346,-0.0268471
1.1,5,1.19637e-06,-0.000121637,0.00197311,2.22348e-05,0.000122833
1.11,0,0.304629,0.26928,0.472404,-0.00326564,0.0353487
1.11,1,-0.843518,-0.744153,-0.0783939,-3.73944,-0.0993656
1.11,2,1.24352,1.29741,0.0693515,-1.75527,-0.0538856
1.11,3,-1.8714e-06,-0.000413486,0.0069358,-4.53343e-05,0.000411614
1.11,4,-0.399998,-0.373176,-0.00232071,-0.213411,-0.0268214
1.11,5,1.21627e-06,-0.000102124,0.00193029,-6.23884e-05,0.00010334
1.12,0,0.309615,0.274005,0.472566,0.0066935,0.0356098
1.12,1,-0.84423,-0.744933,-0.077742,-3.73867,-0.0992975
1.12,2,1.24423,1.2981,0.0698176,-1.75572,-0.0538694
1.12,3,-1.90202e-06,-0.000345077,0.00675233,-0.000619646,0.000343175
1.12,4,-0.399998,-0.373197,-0.00179933,-0.213509,-0.0268011
1.12,5,1.23618e-06,-8.31521e-05,0.0018672,-0.000138217,8.43883e-05
1.13,0,0.3146,0.278733,0.473036,0.0155923,0.0358675
1.13,1,-0.844943,-0.745707,-0.0771072,-3.73811,-0.0992358
1.13,2,1.24494,1.2988,0.0702624,-1.75626,-0.0538578
1.13,3,-1.93265e-06,-0.000278882,0.00650158,-0.00113146,0.000276949
1.13,4,-0.399998,-0.373212,-0.0013013,-0.213636,-0.0267858
1.13,5,1.25609e-06,-6.49102e-05,0.00178659,-0.000205145,6.61663e-05
1.14,0,0.319586,0.283467,0.473781,0.0234176,0.036119
1.14,1,-0.845655,-0.746475,-0.0764962,-3.73773,-0.0991804
1.14,2,1.24566,1.29951,0.0706818,-1.75688,-0.0538505
1.14,3,-1.96328e-06,-0.000215519,0.00619292,-0.00158019,0.000213556
1.14,4,-0.399998,-0.373222,-0.000830985,-0.213787,-0.0267754
1.14,5,1.27599e-06,-4.75579e-05,0.00169119,-0.000263186,4.88339e-05
1.15,0,0.324572,0.28821,0.474766,0.0301711,0.0363617
1.15,1,-0.846367,-0.747236,-0.0759148,-3.73749,-0.0991309
1.15,2,1.24637,1.30022,0.0710725,-1.75756,-0.0538472
1.15,3,-1.99391e-06,-0.000155519,0.00583557,-0.00196609,0.000153525
1.15,4,-0.399998,-0.373228,-0.000391978,-0.21396,-0.0267695
1.15,5,1.2959e-06,-3.12287e-05,0.00158361,-0.000312461,3.25246e-05
1.16,0,0.329558,0.292964,0.475956,0.0358675,0.0365934
1.16,1,-0.847079,-0.747992,-0.0753679,-3.73738,-0.099087
1.16,2,1.24708,1.30093,0.0714318,-1.75829,-0.0538476
1.16,3,-2.02454e-06,-9.93183e-05,0.0054385,-0.00229016,9.72937e-05
1.16,4,-0.399998,-0.37323,1.28372e-05,-0.214149,-0.0267678
1.16,5,1.31581e-06,-1.60304e-05,0.00146639,-0.000353185,1.73462e-05
1.17,0,0.334543,0.297731,0.477318,0.0405334,0.0368122
1.17,1,-0.847792,-0.748743,-0.0748595,-3.73736,-0.0990484
1.17,2,1.24779,1.30164,0.0717578,-1.75906,-0.0538515
1.17,3,-2.05517e-06,-4.72659e-05,0.00501034,-0.00255409,4.52108e-05
1.17,4,-0.399998,-0.373228,0.000381279,-0.21435,-0.0267699
1.17,5,1.33571e-06,-2.04618e-06,0.00134189,-0.000385658,3.38189e-06
1.18,0,0.339529,0.302512,0.47882,0.044206,0.0370166
1.18,1,-0.848504,-0.749489,-0.0743927,-3.73741,-0.0990146
1.18,2,1.24851,1.30236,0.0720491,-1.75985,-0.0538584
1.18,3,-2.0858e-06,3.72234e-07,0.00455928,-0.00276015,-2.45803e-06
1.18,4,-0.399998,-0.373222,0.000711829,-0.21456,-0.0267755
1.18,5,1.35562e-06,1.06636e-05,0.00121237,-0.00041025,-9.308e-06
1.19,0,0.344515,0.307309,0.480428,0.0469312,0.0372054
1.19,1,-0.849216,-0.750231,-0.0739698,-3.7375,-0.0989853
1.19,2,1.24922,1.30309,0.072305,-1.76065,-0.0538681
1.19,3,-2.11642e-06,4.34102e-05,0.00409305,-0.0029111,-4.55266e-05
1.19,4,-0.399998,-0.373213,0.00100359,-0.214776,-0.0267843
1.19,5,1.37552e-06,2.20603e-05,0.00107989,-0.00042739,-2.06847e-05
1.2,0,0.349501,0.312123,0.482114,0.0487629,0.0373776
1.2,1,-0.849928,-0.750968,-0.0735925,-3.73762,-0.09896
1.2,2,1.24993,1.30381,0.0725252,-1.76145,-0.0538801
1.2,3,-2.14705e-06,8.17363e-05,0.00361885,-0.00301014,-8.38834e-05
1.2,4,-0.399998,-0.373202,0.00125626,-0.214994,-0.0267957
1.2,5,1.39543e-06,3.21249e-05,0.000946369,-0.000437558,-3.07295e-05
1.21,0,0.354486,0.316954,0.483849,0.049761,0.0375327
1.21,1,-0.850641,-0.751702,-0.0732614,-3.73774,-0.0989382
1.21,2,1.25064,1.30454,0.07271,-1.76224,-0.0538941
1.21,3,-2.17768e-06,0.000115308,0.00314331,-0.00306084,-0.000117486
1.21,4,-0.399998,-0.373188,0.00147004,-0.21521,-0.0268094
1.21,5,1.41534e-06,4.08568e-05,0.000813551,-0.000441273,-3.94415e-05
1.22,0,0.359472,0.321802,0.485607,0.0499903,0.0376703
1.22,1,-0.851353,-0.752434,-0.0729767,-3.73785,-0.0989194
1.22,2,1.25135,1.30526,0.0728602,-1.76302,-0.0539098
1.22,3,-2.20831e-06,0.000144145,0.00267245,-0.003067,-0.000146353
1.22,4,-0.399998,-0.373172,0.00164564,-0.215423,-0.0268251
1.22,5,1.43524e-06,4.82718e-05,0.000682997,-0.000439082,-4.68366e-05
1.23,0,0.364458,0.326667,0.487364,0.0495193,0.0377903
1.23,1,-0.852065,-0.753162,-0.072738,-3.73792,-0.0989032
1.23,2,1.25207,1.30599,0.0729768,-1.76376,-0.0539268
1.23,3,-2.23894e-06,0.000168325,0.0022117,-0.00303266,-0.000170564
1.23,4,-0.399997,-0.373155,0.0017842,-0.21563,-0.0268423
1.23,5,1.45515e-06,5.44003e-05,0.000556096,-0.000431554,-5.29452e-05
1.24,0,0.369444,0.331551,0.489098,0.0484189,0.0378928
1.24,1,-0.852777,-0.753888,-0.0725442,-3.73794,-0.0988892
1.24,2,1.25278,1.30672,0.0730613,-1.76447,-0.0539448
1.24,3,-2.26957e-06,0.000187976,0.00176585,-0.00296196,-0.000190245
1.24,4,-0.399997,-0.373137,0.00188722,-0.215829,-0.0268607
1.24,5,1.47506e-06,5.92856e-05,0.00043406,-0.000419271,-5.78105e-05
1.25,0,0.374429,0.336451,0.49079,0.0467614,0.0379783
1.25,1,-0.85349,-0.754613,-0.0723939,-3.73789,-0.0988769
1.25,2,1.25349,1.30746,0.0731155,-1.76514,-0.0539635
1.25,3,-2.30019e-06,0.00020327,0.00133906,-0.00285913,-0.00020557
1.25,4,-0.399997,-0.373117,0.00195656,-0.216018,-0.0268799
1.25,5,1.49496e-06,6.29822e-05,0.000317931,-0.000402816,-6.14873e-05
1.26,0,0.379415,0.341368,0.492421,0.0446194,0.0380471
1.26,1,-0.854202,-0.755336,-0.072285,-3.73778,-0.0988658
1.26,2,1.2542,1.30819,0.0731415,-1.76576,-0.0539825
1.26,3,-2.33082e-06,0.000214417,0.000934888,-0.00272841,-0.000216748
1.26,4,-0.399997,-0.373098,0.00199432,-0.216195,-0.0268997
1.26,5,1.51487e-06,6.55542e-05,0.000208584,-0.000382772,-6.40393e-05
1.27,0,0.384401,0.346301,0.493978,0.0420648,0.0381
1.27,1,-0.854914,-0.756059,-0.0722153,-3.73758,-0.0988556
1.27,2,1.25492,1.30892,0.0731414,-1.76633,-0.0540017
1.27,3,-2.36145e-06,0.000221662,0.000556274,-0.002574,-0.000224023
1.27,4,-0.399997,-0.373078,0.00200284,-0.216359,-0.0269197
1.27,5,1.53477e-06,6.70734e-05,0.00010673,-0.000359712,-6.55387e-05
1.28,0,0.389387,0.348081,0.00876895,1.6259,0.0413051
1.28,1,-0.855626,-0.756419,-0.000913066,-3.96555,-0.0992073
1.28,2,1.25563,1.30896,-0.0429603,-1.51392,-0.0533279
1.28,3,-2.39208e-06,-0.00499709,-0.644847,0.436855,0.0049947
1.28,4,-0.399997,-0.372687,0.0376232,-0.237295,-0.0273104
1.28,5,1.55468e-06,0.00373384,0.322997,-0.11556,-0.00373228
1.29,0,0.394372,0.34815,-0.00198204,1.85484,0.0462224
1.29,1,-0.856339,-0.756466,-0.000797277,-3.9925,-0.0998723
1.29,2,1.25634,1.30872,-0.020485,-1.5305,-0.0523822
1.29,3,-2.42271e-06,-0.0093685,-0.31681,0.283747,0.00936607
1.29,4,-0.399997,-0.372605,-0.00547688,-0.216399,-0.0273921
1.29,5,1.57459e-06,0.00426254,-0.0843734,0.00400722,-0.00426096
1.3,0,0.399358,0.34819,0.0100867,2.01646,0.051168
1.3,1,-0.857051,-0.756521,-0.0128829,-3.98256,-0.10053
1.3,2,1.25705,1.30867,0.0122652,-1.57296,-0.0516142
1.3,3,-2.45334e-06,-0.0114099,-0.127637,0.190657,0.0114075
1.3,4,-0.399997,-0.372785,-0.0289796,-0.203211,-0.0272126
1.3,5,1.59449e-06,0.00262473,-0.201723,0.0474013,-0.00262313
1.31,0,0.404344,0.348195,0.000716525,2.24379,0.0561484
1.31,1,-0.857763,-0.756581,-6.65932e-05,-4.04707,-0.101182
1.31,2,1.25777,1.3087,-0.00300233,-1.52207,-0.0509357
1.31,3,-2.48396e-06,-0.012261,-0.0453249,0.14978,0.0122585
1.31,4,-0.399997,-0.373009,-0.0191599,-0.206323,-0.0269878
1.31,5,1.6144e-06,0.000730957,-0.180858,0.0506108,-0.000729343
1.32,0,0.409329,0.348197,-0.000183889,2.44584,0.0611323
1.32,1,-0.858475,-0.756581,1.2219e-05,-4.07579,-0.101894
1.32,2,1.25848,1.30869,0.000778408,-1.50802,-0.0502156
1.32,3,-2.51459e-06,-0.0123793,0.0116344,0.116788,0.0123768
1.32,4,-0.399997,-0.373187,-0.0161714,-0.206397,-0.0268103
1.32,5,1.63431e-06,-0.000838345,-0.135427,0.0448281,0.000839979
1.33,0,0.414315,0.348192,-0.0007583,2.64721,0.0661233
1.33,1,-0.859188,-0.756581,5.85416e-05,-4.10444,-0.102607
1.33,2,1.25919,1.30872,0.00319875,-1.49216,-0.0495253
1.33,3,-2.54522e-06,-0.0120497,0.048005,0.0916688,0.0120472
1.33,4,-0.399997,-0.373324,-0.0115251,-0.207626,-0.0266735
1.33,5,1.65421e-06,-0.00192138,-0.086692,0.0356228,0.00192303
1.34,0,0.419301,0.348182,-0.00111994,2.84811,0.0711187
1.34,1,-0.8599,-0.75658,8.7509e-05,-4.13304,-0.10332
1.34,2,1.2599,1.30876,0.00472981,-1.47508,-0.048854
1.34,3,-2.57585e-06,-0.0114341,0.0709869,0.0717229,0.0114315
1.34,4,-0.399997,-0.373412,-0.0066774,-0.209342,-0.0265851
1.34,5,1.67412e-06,-0.00255061,-0.044817,0.0262065,0.00255229
1.35,0,0.424287,0.34817,-0.00132817,3.04866,0.0761169
1.35,1,-0.860612,-0.756579,0.000104302,-4.16162,-0.104033
1.35,2,1.26061,1.30881,0.00561962,-1.45707,-0.0481944
1.35,3,-2.60648e-06,-0.010644,0.0843205,0.0558218,0.0106414
1.35,4,-0.399997,-0.373454,-0.00229176,-0.211198,-0.026543
1.35,5,1.69402e-06,-0.00281238,-0.0123575,0.0177776,0.00281407
1.36,0,0.429272,0.348156,-0.00142059,3.24892,0.0811165
1.36,1,-0.861324,-0.756578,0.000111725,-4.19018,-0.104746
1.36,2,1.26133,1.30887,0.00602407,-1.43828,-0.0475409
1.36,3,-2.63711e-06,-0.00976239,0.0903512,0.0433868,0.00975976
1.36,4,-0.399997,-0.373456,0.00134407,-0.212998,-0.0265407
1.36,5,1.71393e-06,-0.00280049,0.0109867,0.010715,0.00280221
1.37,0,0.434258,0.348142,-0.00142515,3.44894,0.0861166
1.37,1,-0.862037,-0.756577,0.000112071,-4.21872,-0.105459
1.37,2,1.26204,1.30893,0.00605768,-1.4188,-0.0468893
1.37,3,-2.66773e-06,-0.00885237,0.0908109,0.0340105,0.00884971
1.37,4,-0.399997,-0.373427,0.00413692,-0.21463,-0.0265702
1.37,5,1.73384e-06,-0.00259951,0.0264873,0.00506006,0.00260125
1.38,0,0.439244,0.348128,-0.00136447,3.64874,0.0911163
1.38,1,-0.862749,-0.756576,0.000107173,-4.24723,-0.106173
1.38,2,1.26275,1.30899,0.00581348,-1.39872,-0.0462365
1.38,3,-2.69836e-06,-0.00796173,0.0871053,0.0273271,0.00795903
1.38,4,-0.399997,-0.373374,0.0061007,-0.216034,-0.0266229
1.38,5,1.75374e-06,-0.00227966,0.0356431,0.000714167,0.00228142
1.39,0,0.44423,0.348115,-0.00125751,3.84838,0.0961151
1.39,1,-0.863461,-0.756575,9.85494e-05,-4.27574,-0.106886
1.39,2,1.26346,1.30904,0.00536986,-1.37814,-0.0455801
1.39,3,-2.72899e-06,-0.00712544,0.0804168,0.022977,0.00712271
1.39,4,-0.399997,-0.373306,0.00730992,-0.217184,-0.0266912
1.39,5,1.77365e-06,-0.00189637,0.0398916,-0.00247674,0.00189814
1.4,0,0.449215,0.348103,-0.00112006,4.04787,0.101113
1.4,1,-0.864173,-0.756574,8.74659e-05,-4.30423,-0.107599
1.4,2,1.26418,1.30909,0.00479297,-1.35714,-0.0449184
1.4,3,-2.75962e-06,-0.00636771,0.0717404,0.0206053,0.00636496
1.4,4,-0.399997,-0.373229,0.0078714,-0.218078,-0.0267678
1.4,5,1.79356e-06,-0.00149156,0.0405032,-0.00468417,0.00149336
1.41,0,0.454201,0.348092,-0.000965096,4.24725,0.106109
1.41,1,-0.864886,-0.756573,7.49643e-05,-4.33272,-0.108312
1.41,2,1.26489,1.30914,0.00413774,-1.33579,-0.0442505
1.41,3,-2.79025e-06,-0.00570377,0.0619009,0.0198692,0.00570098
1.41,4,-0.399997,-0.37315,0.00790584,-0.218729,-0.026847
1.41,5,1.81346e-06,-0.00109554,0.0385517,-0.00607874,0.00109736
1.42,0,0.459187,0.348084,-0.000802986,4.44654,0.111103
1.42,1,-0.865598,-0.756573,6.18795e-05,-4.3612,-0.109025
1.42,2,1.2656,1.30918,0.00344867,-1.31417,-0.0435758
1.42,3,-2.82088e-06,-0.00514143,0.0515642,0.0204476,0.00513861
1.42,4,-0.399997,-0.373073,0.00753527,-0.219162,-0.0269243
1.42,5,1.83337e-06,-0.000728946,0.0349159,-0.00682086,0.00073078
1.43,0,0.464173,0.348076,-0.000641763,4.64577,0.116096
1.43,1,-0.86631,-0.756572,4.88592e-05,-4.38967,-0.109738
1.43,2,1.26631,1.30921,0.00276062,-1.29235,-0.0428942
1.43,3,-2.85151e-06,-0.00468271,0.0412513,0.0220479,0.00467986
1.43,4,-0.399997,-0.373001,0.00687461,-0.219407,-0.0269962
1.43,5,1.85327e-06,-0.000404639,0.0302941,-0.00705578,0.000406492
1.44,0,0.469158,0.348071,-0.000487396,4.84496,0.121087
1.44,1,-0.867022,-0.756572,3.63858e-05,-4.41814,-0.110451
1.44,2,1.26702,1.30923,0.00209983,-1.27038,-0.0422059
1.44,3,-2.88213e-06,-0.00432511,0.0313528,0.0244106,0.00432223
1.44,4,-0.399997,-0.372936,0.00602652,-0.219496,-0.0270604
1.44,5,1.87318e-06,-0.000129391,0.0252253,-0.00691128,0.000131265
1.45,0,0.474144,0.348067,-0.000344074,5.04412,0.126077
1.45,1,-0.867735,-0.756571,2.47982e-05,-4.4466,-0.111163
1.45,2,1.26774,1.30925,0.00148492,-1.24831,-0.0415112
1.45,3,-2.91276e-06,-0.00406288,0.0221459,0.0273122,0.00405997
1.45,4,-0.399997,-0.372881,0.00507844,-0.219463,-0.0271154
1.45,5,1.89309e-06,9.46348e-05,0.0201105,-0.00649685,-9.27417e-05
1.46,0,0.47913,0.348064,-0.000214494,5.24327,0.131066
1.46,1,-0.868447,-0.756571,1.43152e-05,-4.47507,-0.111876
1.46,2,1.26845,1.30926,0.000928093,-1.22618,-0.0408107
1.46,3,-2.94339e-06,-0.00388804,0.0138111,0.0305643,0.00388509
1.46,4,-0.399997,-0.372836,0.00410154,-0.219337,-0.0271608
1.46,5,1.91299e-06,0.000268634,0.0152345,-0.00590396,-0.000266721
1.47,0,0.484116,0.348063,-0.000100132,5.44242,0.136053
1.47,1,-0.869159,-0.756571,5.05712e-06,-4.50354,-0.112588
1.47,2,1.26916,1.30927,0.00043617,-1.20402,-0.0401049
1.47,3,-2.97402e-06,-0.00379124,0.00644927,0.0340131,0.00378827
1.47,4,-0.399997,-0.3728,0.00315095,-0.219148,-0.0271965
1.47,5,1.9329e-06,0.000396108,0.0107872,-0.00520704,-0.000394175
1.48,0,0.489101,0.348062,-1.49659e-06,5.64157,0.141039
1.48,1,-0.869871,-0.756571,-2.93438e-06,-4.532,-0.1133
1.48,2,1.26987,1.30927,1.16944e-05,-1.18186,-0.0393946
1.48,3,-3.00465e-06,-0.00376252,9.72718e-05,0.0375368,0.00375952
1.48,4,-0.399997,-0.372774,0.00226684,-0.218918,-0.0272231
1.48,5,1.95281e-06,0.000482023,0.00688181,-0.0044649,-0.000480071
1.49,0,0.494087,0.348063,8.16475e-05,5.84073,0.146024
1.49,1,-0.870584,-0.756571,-9.67772e-06,-4.56047,-0.114012
1.49,2,1.27059,1.30927,-0.00034611,-1.15972,-0.0386805
1.49,3,-3.03528e-06,-0.0037918,-0.00525718,0.041042,0.00378877
1.49,4,-0.399997,-0.372755,0.00147612,-0.218668,-0.0272413
1.49,5,1.97271e-06,0.000532137,0.00357195,-0.0037224,-0.000530164
1.5,0,0.499073,0.348064,0.000150081,6.03991,0.151009
1.5,1,-0.871296,-0.756571,-1.52356e-05,-4.58894,-0.114725
1.5,2,1.2713,1.30926,-0.000640469,-1.13761,-0.0379631
1.5,3,-3.0659e-06,-0.00386936,-0.00966275,0.0444606,0.0038663
1.5,4,-0.399997,-0.372744,0.00079441,-0.218414,-0.0272521
1.5,5,1.99262e-06,0.000552483,0.000866371,-0.00301236,-0.00055049
1.51,0,0.504059,0.348066,0.000204961,6.2391,0.155993
1.51,1,-0.872008,-0.756571,-1.97011e-05,-4.61741,-0.115437
1.51,2,1.27201,1.30925,-0.000876305,-1.11554,-0.037243
1.51,3,-3.09653e-06,-0.00398609,-0.0131933,0.0477459,0.003983
1.51,4,-0.399997,-0.37274,0.000228098,-0.218169,-0.0272568
1.51,5,2.01253e-06,0.000548996,-0.00125867,-0.00235732,-0.000546983
1.52,0,0.509044,0.348068,0.00024768,6.43831,0.160976
1.52,1,-0.87272,-0.756572,-2.31866e-05,-4.64588,-0.116149
1.52,2,1.27272,1.30924,-0.00105961,-1.09351,-0.0365209
1.52,3,-3.12716e-06,-0.00413373,-0.0159384,0.0508691,0.00413061
1.52,4,-0.399997,-0.37274,-0.000223626,-0.21794,-0.0272565
1.52,5,2.03243e-06,0.000527244,-0.00284899,-0.00177136,-0.000525212
1.53,0,0.51403,0.348071,0.000279752,6.63754,0.165959
1.53,1,-0.873433,-0.756572,-2.58143e-05,-4.67435,-0.116861
1.53,2,1.27344,1.30923,-0.00119693,-1.07152,-0.0357973
1.53,3,-3.15779e-06,-0.00430496,-0.017996,0.0538156,0.0043018
1.53,4,-0.399996,-0.372744,-0.000566903,-0.217735,-0.0272523
1.53,5,2.05234e-06,0.000492256,-0.00396404,-0.00126181,-0.000490204
1.54,0,0.519016,0.348074,0.00030272,6.83678,0.170942
1.54,1,-0.874145,-0.756572,-2.77086e-05,-4.70282,-0.117573
1.54,2,1.27415,1.30922,-0.00129495,-1.04958,-0.0350725
1.54,3,-3.18842e-06,-0.00449345,-0.019466,0.0565822,0.00449026
1.54,4,-0.399996,-0.372751,-0.00081155,-0.217555,-0.0272451
1.54,5,2.07224e-06,0.000448423,-0.00467027,-0.000830672,-0.00044635
1.55,0,0.524002,0.348077,0.000318092,7.03604,0.175925
1.55,1,-0.874857,-0.756572,-2.8991e-05,-4.7313,-0.118285
1.55,2,1.27486,1.30921,-0.00136021,-1.02769,-0.0343469
1.55,3,-3.21905e-06,-0.00469386,-0.020446,0.059174,0.00469064
1.55,4,-0.399996,-0.37276,-0.000969642,-0.217404,-0.0272361
1.55,5,2.09215e-06,0.000399456,-0.00503597,-0.000476026,-0.000397363
1.56,0,0.528987,0.34808,0.000327283,7.23532,0.180907
1.56,1,-0.875569,-0.756573,-2.9776e-05,-4.75977,-0.118997
1.56,2,1.27557,1.30919,-0.00139885,-1.00583,-0.0336208
1.56,3,-3.24967e-06,-0.00490182,-0.0210277,0.0616023,0.00489857
1.56,4,-0.399996,-0.372771,-0.00105435,-0.217279,-0.0272258
1.56,5,2.11206e-06,0.000348392,-0.00512758,-0.000193127,-0.00034628
1.57,0,0.533973,0.348083,0.00033159,7.4346,0.18589
1.57,1,-0.876282,-0.756573,-3.01679e-05,-4.78825,-0.119708
1.57,2,1.27628,1.30918,-0.00141647,-0.983999,-0.0328944
1.57,3,-3.2803e-06,-0.00511379,-0.0212951,0.0638821,0.00511051
1.57,4,-0.399996,-0.372781,-0.00107904,-0.217181,-0.027215
1.57,5,2.13196e-06,0.000297629,-0.00500701,2.46215e-05,-0.000295497
1.58,0,0.538959,0.348087,0.000332166,7.6339,0.190872
1.58,1,-0.876994,-0.756573,-3.02596e-05,-4.81673,-0.12042
1.58,2,1.277,1.30916,-0.00141807,-0.962202,-0.0321679
1.58,3,-3.31093e-06,-0.00532706,-0.0213226,0.0660311,0.00532375
1.58,4,-0.399996,-0.372792,-0.00105657,-0.217106,-0.0272043
1.58,5,2.15187e-06,0.000248974,-0.00473,0.000184889,-0.000246822
1.59,0,0.543945,0.34809,0.000330012,7.8332,0.195855
1.59,1,-0.877706,-0.756574,-3.01319e-05,-4.8452,-0.121132
1.59,2,1.27771,1.30915,-0.00140798,-0.94043,-0.0314415
1.59,3,-3.34156e-06,-0.0055396,-0.021175,0.0680676,0.00553626
1.59,4,-0.399996,-0.372802,-0.000998809,-0.217053,-0.027194
1.59,5,2.17178e-06,0.00020372,-0.00434515,0.000295805,-0.000201548
1.6,0,0.54893,0.348093,0.000325977,8.03251,0.200837
1.6,1,-0.878418,-0.756574,-2.98531e-05,-4.87368,-0.121844
1.6,2,1.27842,1.30914,-0.00138984,-0.918679,-0.0307153
1.6,3,-3.37219e-06,-0.00574995,-0.0209069,0.07001,0.00574658
1.6,4,-0.399996,-0.372812,-0.00091635,-0.217017,-0.0271844
1.6,5,2.19168e-06,0.000162712,-0.0038936,0.000365479,-0.00016052
1.61,0,0.553916,0.348096,0.000320762,8.23183,0.20582
1.61,1,-0.87913,-0.756574,-2.94796e-05,-4.90216,-0.122556
1.61,2,1.27913,1.30912,-0.00136669,-0.896944,-0.0299892
1.61,3,-3.40282e-06,-0.00595718,-0.0205636,0.0718759,0.00595378
1.61,4,-0.399996,-0.37282,-0.000818312,-0.216997,-0.0271758
1.61,5,2.21159e-06,0.000126425,-0.00340911,0.000401663,-0.000124214
1.62,0,0.558902,0.348099,0.00031493,8.43115,0.210802
1.62,1,-0.879843,-0.756575,-2.90568e-05,-4.93064,-0.123268
1.62,2,1.27985,1.30911,-0.00134094,-0.875221,-0.0292634
1.62,3,-3.43345e-06,-0.00616073,-0.0201812,0.0736817,0.0061573
1.62,4,-0.399996,-0.372828,-0.000712297,-0.216989,-0.0271681
1.62,5,2.23149e-06,9.50372e-05,-0.00291845,0.000411507,-9.28057e-05
1.63,0,0.563888,0.348103,0.00030892,8.63047,0.215785
1.63,1,-0.880555,-0.756575,-2.86199e-05,-4.95912,-0.12398
1.63,2,1.28056,1.3091,-0.00131446,-0.853508,-0.0285379
1.63,3,-3.46407e-06,-0.00636038,-0.0197879,0.0754419,0.00635691
1.63,4,-0.399996,-0.372835,-0.000604425,-0.21699,-0.0271616
1.63,5,2.2514e-06,6.84915e-05,-0.00244206,0.000401416,-6.62401e-05
1.64,0,0.568873,0.348106,0.000303063,8.82979,0.220768
1.64,1,-0.881267,-0.756575,-2.81955e-05,-4.9876,-0.124692
1.64,2,1.28127,1.30908,-0.00128868,-0.831802,-0.0278126
1.64,3,-3.4947e-06,-0.00655614,-0.0194048,0.0771693,0.00655264
1.64,4,-0.399996,-0.37284,-0.000499419,-0.216999,-0.0271561
1.64,5,2.27131e-06,4.65602e-05,-0.0019947,0.000376966,-4.42889e-05
1.65,0,0.573859,0.348109,0.000297593,9.02912,0.22575
1.65,1,-0.881979,-0.756575,-2.78025e-05,-5.01608,-0.125404
1.65,2,1.28198,1.30907,-0.00126459,-0.810099,-0.0270876
1.65,3,-3.52533e-06,-0.00674819,-0.019047,0.0788748,0.00674466
1.65,4,-0.399996,-0.372844,-0.000400746,-0.217012,-0.0271516
1.65,5,2.29121e-06,2.88943e-05,-0.00158634,0.000342888,-2.66031e-05
1.66,0,0.578845,0.348112,0.000292666,9.22845,0.230733
1.66,1,-0.882692,-0.756576,-2.74533e-05,-5.04456,-0.126116
1.66,2,1.28269,1.30906,-0.00124285,-0.788399,-0.0263628
1.66,3,-3.55596e-06,-0.00693685,-0.0187243,0.0805676,0.0069333
1.66,4,-0.399996,-0.372848,-0.00031077,-0.217029,-0.027148
1.66,5,2.31112e-06,1.50683e-05,-0.00122291,0.000303086,-1.27572e-05
1.67,0,0.58383,0.348115,0.000288373,9.42777,0.235716
1.67,1,-0.883404,-0.756576,-2.71552e-05,-5.07304,-0.126828
1.67,2,1.28341,1.30905,-0.00122385,-0.766699,-0.0256382
1.67,3,-3.58659e-06,-0.00712251,-0.0184426,0.0822548,0.00711893
1.67,4,-0.399996,-0.372851,-0.000230923,-0.217047,-0.0271453
1.67,5,2.33103e-06,4.61607e-06,-0.000907055,0.000260691,-2.28504e-06
1.68,0,0.588816,0.348117,0.000284754,9.6271,0.240699
1.68,1,-0.884116,-0.756576,-2.69114e-05,-5.10152,-0.12754
1.68,2,1.28412,1.30903,-0.00120775,-0.744999,-0.0249138
1.68,3,-3.61722e-06,-0.00730559,-0.0182042,0.0839423,0.00730197
1.68,4,-0.399996,-0.372853,-0.000161875,-0.217066,-0.0271434
1.68,5,2.35093e-06,-2.94075e-06,-0.000638892,0.000218126,5.29168e-06
1.69,0,0.593802,0.34812,0.000281809,9.82642,0.245682
1.69,1,-0.884828,-0.756576,-2.67218e-05,-5.13,-0.128252
1.69,2,1.28483,1.30902,-0.00119455,-0.723297,-0.0241895
1.69,3,-3.64784e-06,-0.00748653,-0.0180092,0.0856343,0.00748288
1.69,4,-0.399996,-0.372854,-0.000103688,-0.217085,-0.0271421
1.69,5,2.37084e-06,-8.07044e-06,-0.000416616,0.000177191,1.04413e-05
1.7,0,0.598788,0.348123,0.00027951,10.0257,0.250665
1.7,1,-0.885541,-0.756577,-2.65843e-05,-5.15848,-0.128964
1.7,2,1.28554,1.30901,-0.00118411,-0.701593,-0.0234654
1.7,3,-3.67847e-06,-0.00766574,-0.0178557,0.087334,0.00766206
1.7,4,-0.399996,-0.372855,-5.59701e-05,-0.217102,-0.0271413
1.7,5,2.39074e-06,-1.12154e-05,-0.00023707,0.000139152,1.36062e-05
1.71,0,0.603773,0.348126,0.000277808,10.2251,0.255648
1.71,1,-0.886253,-0.756577,-2.64947e-05,-5.18696,-0.129676
1.71,2,1.28626,1.309,-0.00117623,-0.679887,-0.0227413
1.71,3,-3.7091e-06,-0.00784363,-0.0177404,0.0890435,0.00783992
1.71,4,-0.399996,-0.372855,-1.79992e-05,-0.217118,-0.0271409
1.71,5,2.41065e-06,-1.27813e-05,-9.62095e-05,0.000104823,1.5192e-05
1.72,0,0.608759,0.348129,0.000276641,10.4244,0.260631
1.72,1,-0.886965,-0.756577,-2.64482e-05,-5.21544,-0.130388
1.72,2,1.28697,1.30899,-0.00117064,-0.658178,-0.0220173
1.72,3,-3.73973e-06,-0.00802057,-0.0176595,0.090764,0.00801683
1.72,4,-0.399996,-0.372855,1.11617e-05,-0.217132,-0.0271408
1.72,5,2.43056e-06,-1.31302e-05,1.05061e-05,7.46522e-05,1.55608e-05
1.73,0,0.613745,0.348131,0.000275943,10.6237,0.265614
1.73,1,-0.887677,-0.756578,-2.64394e-05,-5.24392,-0.1311
1.73,2,1.28768,1.30897,-0.00116705,-0.636466,-0.0212933
1.73,3,-3.77036e-06,-0.00819686,-0.0176085,0.092496,0.00819309
1.73,4,-0.399996,-0.372855,3.25731e-05,-0.217145,-0.027141
1.73,5,2.45046e-06,-1.25777e-05,8.78045e-05,4.87996e-05,1.50282e-05
1.74,0,0.618731,0.348134,0.000275642,10.823,0.270597
1.74,1,-0.88839,-0.756578,-2.64625e-05,-5.2724,-0.131812
1.74,2,1.28839,1.30896,-0.00116516,-0.614752,-0.0205694
1.74,3,-3.80099e-06,-0.00837278,-0.0175829,0.0942396,0.00836898
1.74,4,-0.399996,-0.372854,4.73436e-05,-0.217155,-0.0271414
1.74,5,2.47037e-06,-1.13921e-05,0.000140363,2.72035e-05,1.38625e-05
1.75,0,0.623716,0.348137,0.000275671,11.0224,0.27558
1.75,1,-0.889102,-0.756578,-2.65121e-05,-5.30088,-0.132524
1.75,2,1.28911,1.30895,-0.00116467,-0.593036,-0.0198455
1.75,3,-3.83161e-06,-0.00854857,-0.0175784,0.0959944,0.00854474
1.75,4,-0.399996,-0.372854,5.65721e-05,-0.217164,-0.0271419
1.75,5,2.49028e-06,-9.79601e-06,0.000172632,9.64186e-06,1.22863e-05
1.76,0,0.628702,0.34814,0.000275965,11.2217,0.280563
1.76,1,-0.889814,-0.756578,-2.65829e-05,-5.32935,-0.133236
1.76,2,1.28982,1.30894,-0.00116531,-0.571317,-0.0191216
1.76,3,-3.86224e-06,-0.00872441,-0.0175908,0.09776,0.00872055
1.76,4,-0.399996,-0.372853,6.13047e-05,-0.21717,-0.0271425
1.76,5,2.51018e-06,-7.96947e-06,0.000188716,-4.21662e-06,1.04797e-05
1.77,0,0.633688,0.348142,0.000276465,11.421,0.285546
1.77,1,-0.890526,-0.756579,-2.66704e-05,-5.35783,-0.133948
1.77,2,1.29053,1.30893,-0.00116682,-0.549596,-0.0183976
1.77,3,-3.89287e-06,-0.00890045,-0.0176163,0.0995354,0.00889656
1.77,4,-0.399996,-0.372853,6.25047e-05,-0.217176,-0.0271431
1.77,5,2.53009e-06,-6.05371e-06,0.000192297,-1.47701e-05,8.5838e-06
1.78,0,0.638674,0.348145,0.000277119,11.6203,0.290529
1.78,1,-0.891239,-0.756579,-2.67701e-05,-5.38631,-0.13466
1.78,2,1.29124,1.30892,-0.00116899,-0.527873,-0.0176737
1.78,3,-3.9235e-06,-0.0090768,-0.0176516,0.10132,0.00907288
1.78,4,-0.399996,-0.372852,6.1034e-05,-0.21718,-0.0271436
1.78,5,2.54999e-06,-4.15567e-06,0.000186593,-2.24497e-05,6.70566e-06
1.79,0,0.643659,0.348148,0.000277883,11.8196,0.295511
1.79,1,-0.891951,-0.756579,-2.68787e-05,-5.41479,-0.135372
1.79,2,1.29195,1.3089,-0.00117161,-0.506148,-0.0169497
1.79,3,-3.95413e-06,-0.00925354,-0.0176939,0.103112,0.00924959
1.79,4,-0.399996,-0.372851,5.76429e-05,-0.217182,-0.0271442
1.79,5,2.5699e-06,-2.35269e-06,0.000174352,-2.76928e-05,4.92259e-06
1.8,0,0.648645,0.348151,0.000278719,12.0189,0.300494
1.8,1,-0.892663,-0.756579,-2.69929e-05,-5.44327,-0.136084
1.8,2,1.29267,1.30889,-0.00117454,-0.484422,-0.0162257
1.8,3,-3.98476e-06,-0.00943074,-0.0177406,0.104912,0.00942675
1.8,4,-0.399996,-0.372851,5.29678e-05,-0.217184,-0.0271447
1.8,5,2.58981e-06,-6.97214e-07,0.000157861,-3.09232e-05,3.28702e-06
1.81,0,0.653631,0.348153,0.000279595,12.2183,0.305477
1.81,1,-0.893375,-0.75658,-2.71104e-05,-5.47175,-0.136796
1.81,2,1.29338,1.30888,-0.00117763,-0.462695,-0.0155017
1.81,3,-4.01539e-06,-0.00960841,-0.0177899,0.106718,0.0096044
1.81,4,-0.399996,-0.37285,4.75339e-05,-0.217185,-0.0271452
1.81,5,2.60971e-06,7.78859e-07,0.000138972,-3.25373e-05,1.83085e-06
1.82,0,0.658617,0.348156,0.000280487,12.4176,0.31046
1.82,1,-0.894088,-0.75658,-2.72292e-05,-5.50023,-0.137508
1.82,2,1.29409,1.30887,-0.00118079,-0.440967,-0.0147776
1.82,3,-4.04601e-06,-0.00978659,-0.0178402,0.10853,0.00978254
1.82,4,-0.399995,-0.37285,4.17621e-05,-0.217186,-0.0271456
1.82,5,2.62962e-06,2.05977e-06,0.000119145,-3.28942e-05,5.69847e-07
1.83,0,0.663602,0.348159,0.000281377,12.6169,0.315443
1.83,1,-0.8948,-0.75658,-2.73477e-05,-5.52871,-0.13822
1.83,2,1.2948,1.30886,-0.00118393,-0.419238,-0.0140535
1.83,3,-4.07664e-06,-0.00996527,-0.0178902,0.110346,0.00996119
1.83,4,-0.399995,-0.372849,3.59782e-05,-0.217186,-0.0271459
1.83,5,2.64953e-06,3.14257e-06,9.94868e-05,-3.23113e-05,-4.93049e-07
1.84,0,0.668588,0.348162,0.00028225,12.8162,0.320426
1.84,1,-0.895512,-0.75658,-2.74648e-05,-5.55718,-0.138932
1.84,2,1.29552,1.30884,-0.001187,-0.397508,-0.0133294
1.84,3,-4.10727e-06,-0.0101444,-0.0179391,0.112167,0.0101403
1.84,4,-0.399995,-0.372849,3.04241e-05,-0.217185,-0.0271462
1.84,5,2.66943e-06,4.0336e-06,8.08023e-05,-3.10616e-05,-1.36417e-06
1.85,0,0.673574,0.348165,0.000283097,13.0155,0.325409
1.85,1,-0.896224,-0.756581,-2.75799e-05,-5.58566,-0.139644
1.85,2,1.29623,1.30883,-0.00118996,-0.375777,-0.0126052
1.85,3,-4.1379e-06,-0.0103241,-0.0179863,0.113991,0.01032
1.85,4,-0.399995,-0.372849,2.52691e-05,-0.217184,-0.0271465
1.85,5,2.68934e-06,4.74579e-06,6.36386e-05,-2.93739e-05,-2.05645e-06
1.86,0,0.67856,0.348168,0.000283912,13.2148,0.330392
1.86,1,-0.896937,-0.756581,-2.76924e-05,-5.61414,-0.140356
1.86,2,1.29694,1.30882,-0.00119277,-0.354046,-0.011881
1.86,3,-4.16853e-06,-0.0105042,-0.0180315,0.115819,0.0105
1.86,4,-0.399995,-0.372849,2.0622e-05,-0.217184,-0.0271467
1.86,5,2.70925e-06,5.29636e-06,4.8332e-05,-2.74352e-05,-2.58711e-06
1.87,0,0.683545,0.34817,0.000284693,13.4141,0.335375
1.87,1,-0.897649,-0.756581,-2.7802e-05,-5.64262,-0.141068
1.87,2,1.29765,1.30881,-0.00119543,-0.332314,-0.0111568
1.87,3,-4.19916e-06,-0.0106848,-0.0180744,0.11765,0.0106806
1.87,4,-0.399995,-0.372848,1.65421e-05,-0.217183,-0.0271468
1.87,5,2.72915e-06,5.70491e-06,3.50495e-05,-2.53936e-05,-2.97576e-06
1.88,0,0.688531,0.348173,0.000285438,13.6135,0.340358
1.88,1,-0.898361,-0.756582,-2.79088e-05,-5.6711,-0.14178
1.88,2,1.29836,1.3088,-0.00119794,-0.310582,-0.0104326
1.88,3,-4.22978e-06,-0.0108657,-0.018115,0.119484,0.0108615
1.88,4,-0.399995,-0.372848,1.30493e-05,-0.217182,-0.0271469
1.88,5,2.74906e-06,5.99198e-06,2.38272e-05,-2.33628e-05,-3.24293e-06
1.89,0,0.693517,0.348176,0.000286148,13.8128,0.345341
1.89,1,-0.899073,-0.756582,-2.80128e-05,-5.69958,-0.142492
1.89,2,1.29908,1.30879,-0.0012003,-0.288849,-0.00970833
1.89,3,-4.26041e-06,-0.0110471,-0.0181533,0.12132,0.0110428
1.89,4,-0.399995,-0.372848,1.01342e-05,-0.217181,-0.027147
1.89,5,2.76896e-06,6.17791e-06,1.46035e-05,-2.14258e-05,-3.40895e-06
1.9,0,0.698503,0.348179,0.000286826,14.0121,0.350324
1.9,1,-0.899786,-0.756582,-2.81141e-05,-5.72805,-0.143203
1.9,2,1.29979,1.30877,-0.00120252,-0.267116,-0.00898404
1.9,3,-4.29104e-06,-0.0112288,-0.0181896,0.123159,0.0112245
1.9,4,-0.399995,-0.372848,7.76529e-06,-0.21718,-0.0271471
1.9,5,2.78887e-06,6.282e-06,7.24768e-06,-1.964e-05,-3.49313e-06
1.91,0,0.703488,0.348182,0.000287474,14.2114,0.355306
1.91,1,-0.900498,-0.756582,-2.82131e-05,-5.75653,-0.143915
1.91,2,1.3005,1.30876,-0.00120461,-0.245383,-0.00825974
1.91,3,-4.32167e-06,-0.0114109,-0.0182239,0.125,0.0114066
1.91,4,-0.399995,-0.372848,5.89665e-06,-0.21718,-0.0271471
1.91,5,2.80878e-06,6.322e-06,1.58395e-06,-1.80413e-05,-3.51323e-06
1.92,0,0.708474,0.348185,0.000288097,14.4107,0.360289
1.92,1,-0.90121,-0.756583,-2.831e-05,-5.78501,-0.144627
1.92,2,1.30121,1.30875,-0.00120659,-0.223649,-0.00753541
1.92,3,-4.3523e-06,-0.0115933,-0.0182566,0.126844,0.011589
1.92,4,-0.399995,-0.372848,4.47331e-06,-0.217179,-0.0271471
1.92,5,2.82868e-06,6.31373e-06,-2.58918e-06,-1.66485e-05,-3.48505e-06
1.93,0,0.71346,0.348188,0.000288697,14.61,0.365272
1.93,1,-0.901922,-0.756583,-2.84051e-05,-5.81349,-0.145339
1.93,2,1.30193,1.30874,-0.00120847,-0.201915,-0.00681106
1.93,3,-4.38293e-06,-0.0117761,-0.0182878,0.12869,0.0117717
1.93,4,-0.399995,-0.372848,3.436e-06,-0.217179,-0.0271471
1.93,5,2.84859e-06,6.27095e-06,-5.48351e-06,-1.54667e-05,-3.42236e-06
1.94,0,0.718446,0.348191,0.000289278,14.8093,0.370255
1.94,1,-0.902635,-0.756583,-2.84986e-05,-5.84197,-0.146051
1.94,2,1.30264,1.30872,-0.00121027,-0.18018,-0.00608669
1.94,3,-4.41355e-06,-0.0119591,-0.0183178,0.130538,0.0119547
1.94,4,-0.399995,-0.372848,2.72476e-06,-0.217178,-0.0271471
1.94,5,2.8685e-06,6.20526e-06,-7.30939e-06,-1.4491e-05,-3.33676e-06
1.95,0,0.723431,0.348193,0.000289845,15.0086,0.375238
1.95,1,-0.903347,-0.756584,-2.85909e-05,-5.87045,-0.146763
1.95,2,1.30335,1.30871,-0.001212,-0.158445,-0.00536231
1.95,3,-4.44418e-06,-0.0121425,-0.0183468,0.132388,0.012138
1.95,4,-0.399995,-0.372848,2.28158e-06,-0.217178,-0.0271471
1.95,5,2.8884e-06,6.12625e-06,-8.26719e-06,-1.37091e-05,-3.23785e-06
1.96,0,0.728417,0.348196,0.000290399,15.208,0.380221
1.96,1,-0.904059,-0.756584,-2.86823e-05,-5.89892,-0.147475
1.96,2,1.30406,1.3087,-0.00121369,-0.13671,-0.00463791
1.96,3,-4.47481e-06,-0.0123261,-0.0183751,0.134241,0.0123216
1.96,4,-0.399995,-0.372848,2.05239e-06,-0.217178,-0.0271471
1.96,5,2.90831e-06,6.04156e-06,-8.54147e-06,-1.31038e-05,-3.13325e-06
1.97,0,0.733403,0.348199,0.000290945,15.4073,0.385204
1.97,1,-0.904771,-0.756584,-2.8773e-05,-5.9274,-0.148187
1.97,2,1.30478,1.30869,-0.00121533,-0.114974,-0.00391349
1.97,3,-4.50544e-06,-0.01251,-0.0184027,0.136096,0.0125055
1.97,4,-0.399995,-0.372848,1.98822e-06,-0.217178,-0.0271471
1.97,5,2.92821e-06,5.95711e-06,-8.29728e-06,-1.26553e-05,-3.0289e-06
1.98,0,0.738389,0.348202,0.000291485,15.6066,0.390186
1.98,1,-0.905484,-0.756584,-2.88631e-05,-5.95588,-0.148899
1.98,2,1.30549,1.30868,-0.00121694,-0.0932379,-0.00318906
1.98,3,-4.53607e-06,-0.0126942,-0.01843,0.137954,0.0126896
1.98,4,-0.399995,-0.372848,2.04598e-06,-0.217178,-0.0271471
1.98,5,2.94812e-06,5.87728e-06,-7.67838e-06,-1.23423e-05,-2.92915e-06
1.99,0,0.743374,0.348205,0.000292021,15.8059,0.395169
1.99,1,-0.906196,-0.756585,-2.89529e-05,-5.98436,-0.149611
1.99,2,1.3062,1.30866,-0.00121854,-0.0715012,-0.00246461
1.99,3,-4.5667e-06,-0.0128786,-0.0184569,0.139815,0.012874
1.99,4,-0.399995,-0.372848,2.18869e-06,-0.217178,-0.0271471
1.99,5,2.96803e-06,5.80511e-06,-6.80674e-06,-1.21434e-05,-2.83708e-06
2,0,0.74836,0.348208,0.000292555,16.0052,0.400152
2,1,-0.906908,-0.756585,-2.90426e-05,-6.01284,-0.150323
2,2,1.30691,1.30865,-0.00122012,-0.0497641,-0.00174014
2,3,-4.59733e-06,-0.0130633,-0.0184837,0.141677,0.0130587
2,4,-0.399995,-0.372848,2.38542e-06,-0.217178,-0.027147
2,5,2.98793e-06,5.74257e-06,-5.78312e-06,-1.20382e-05,-2.75464e-06
2.01,0,0.753346,0.348211,0.000293088,16.2045,0.405135
2.01,1,-0.90762,-0.756585,-2.91322e-05,-6.04131,-0.151035
2.01,2,1.30762,1.30864,-0.0012217,-0.0280265,-0.00101566
2.01,3,-4.62795e-06,-0.0132483,-0.0185105,0.143543,0.0132437
2.01,4,-0.399995,-0.372848,2.61106e-06,-0.217178,-0.027147
2.01,5,3.00784e-06,5.69071e-06,-4.68843e-06,-1.20078e-05,-2.68288e-06
2.02,0,0.758331,0.348214,0.000293622,16.4038,0.410118
2.02,1,-0.908333,-0.756586,-2.92218e-05,-6.06979,-0.151747
2.02,2,1.30834,1.30863,-0.00122328,-0.00628843,-0.000291166
2.02,3,-4.65858e-06,-0.0134336,-0.0185372,0.145411,0.0134289
2.02,4,-0.399995,-0.372848,2.84579e-06,-0.217178,-0.027147
2.02,5,3.02775e-06,5.6499e-06,-3.5855e-06,-1.20351e-05,-2.62215e-06
2.03,0,0.763317,0.348217,0.000294157,16.6031,0.4151
2.03,1,-0.909045,-0.756586,-2.93115e-05,-6.09827,-0.152459
2.03,2,1.30905,1.30862,-0.00122486,0.0154501,0.000433347
2.03,3,-4.68921e-06,-0.0136191,-0.018564,0.147282,0.0136144
2.03,4,-0.399995,-0.372848,3.07457e-06,-0.217178,-0.027147
2.03,5,3.04765e-06,5.61993e-06,-2.52122e-06,-1.2105e-05,-2.57228e-06
2.04,0,0.768303,0.34822,0.000294695,16.8024,0.420083
2.04,1,-0.909757,-0.756586,-2.94014e-05,-6.12675,-0.153171
2.04,2,1.30976,1.3086,-0.00122645,0.0371892,0.00115788
2.04,3,-4.71984e-06,-0.0138049,-0.018591,0.149156,0.0138001
2.04,4,-0.399995,-0.372848,3.28647e-06,-0.217178,-0.027147
2.04,5,3.06756e-06,5.60023e-06,-1.5287e-06,-1.22048e-05,-2.53267e-06
2.05,0,0.773289,0.348223,0.000295235,17.0018,0.425066
2.05,1,-0.910469,-0.756586,-2.94915e-05,-6.15522,-0.153883
2.05,2,1.31047,1.30859,-0.00122805,0.0589287,0.00188242
2.05,3,-4.75047e-06,-0.0139909,-0.018618,0.151033,0.0139862
2.05,4,-0.399995,-0.372848,3.47412e-06,-0.217178,-0.027147
2.05,5,3.08746e-06,5.58996e-06,-6.29541e-07,-1.23236e-05,-2.5025e-06
2.06,0,0.778274,0.348226,0.000295779,17.2011,0.430049
2.06,1,-0.911182,-0.756587,-2.95818e-05,-6.1837,-0.154595
2.06,2,1.31119,1.30858,-0.00122966,0.0806687,0.00260698
2.06,3,-4.7811e-06,-0.0141773,-0.0186453,0.152912,0.0141725
2.06,4,-0.399995,-0.372848,3.63302e-06,-0.217178,-0.027147
2.06,5,3.10737e-06,5.58811e-06,1.64106e-07,-1.24529e-05,-2.48074e-06
2.07,0,0.78326,0.348229,0.000296326,17.4004,0.435032
2.07,1,-0.911894,-0.756587,-2.96724e-05,-6.21218,-0.155307
2.07,2,1.3119,1.30857,-0.00123128,0.102409,0.00333156
2.07,3,-4.81172e-06,-0.0143639,-0.0186727,0.154794,0.014359
2.07,4,-0.399995,-0.372848,3.76104e-06,-0.217178,-0.027147
2.07,5,3.12728e-06,5.59358e-06,8.47548e-07,-1.25858e-05,-2.46631e-06
2.08,0,0.788246,0.348232,0.000296876,17.5997,0.440014
2.08,1,-0.912606,-0.756587,-2.97632e-05,-6.24066,-0.156019
2.08,2,1.31261,1.30855,-0.00123291,0.12415,0.00405615
2.08,3,-4.84235e-06,-0.0145507,-0.0187003,0.156679,0.0145459
2.08,4,-0.399995,-0.372848,3.85784e-06,-0.217178,-0.027147
2.08,5,3.14718e-06,5.60529e-06,1.42182e-06,-1.27171e-05,-2.45811e-06
2.09,0,0.793232,0.348235,0.000297429,17.799,0.444997
2.09,1,-0.913318,-0.756588,-2.98542e-05,-6.26914,-0.156731
2.09,2,1.31332,1.30854,-0.00123455,0.145892,0.00478076
2.09,3,-4.87298e-06,-0.0147379,-0.018728,0.158567,0.014733
2.09,4,-0.399995,-0.372848,3.92445e-06,-0.217178,-0.027147
2.09,5,3.16709e-06,5.62216e-06,1.89213e-06,-1.2843e-05,-2.45507e-06
2.1,0,0.798217,0.348238,0.000297985,17.9983,0.44998
2.1,1,-0.914031,-0.756588,-2.99455e-05,-6.29761,-0.157443
2.1,2,1.31403,1.30853,-0.0012362,0.167634,0.00550539
2.1,3,-4.90361e-06,-0.0149253,-0.0187559,0.160458,0.0149204
2.1,4,-0.399995,-0.372847,3.96286e-06,-0.217178,-0.027147
2.1,5,3.187e-06,5.64321e-06,2.26659e-06,-1.2961e-05,-2.45621e-06
2.11,0,0.803203,0.34824,0.000298544,18.1976,0.454963
2.11,1,-0.914743,-0.756588,-3.0037e-05,-6.32609,-0.158155
2.11,2,1.31475,1.30852,-0.00123786,0.189377,0.00623003
2.11,3,-4.93424e-06,-0.015113,-0.018784,0.162351,0.0151081
2.11,4,-0.399994,-0.372847,3.97567e-06,-0.217178,-0.027147
2.11,5,3.2069e-06,5.66751e-06,2.55509e-06,-1.30696e-05,-2.46061e-06
2.12,0,0.808189,0.348243,0.000299106,18.3969,0.459945
2.12,1,-0.915455,-0.756589,-3.01287e-05,-6.35457,-0.158866
2.12,2,1.31546,1.3085,-0.00123954,0.21112,0.00695469
2.12,3,-4.96487e-06,-0.015301,-0.0188122,0.164248,0.0152961
2.12,4,-0.399994,-0.372847,3.96586e-06,-0.217178,-0.027147
2.12,5,3.22681e-06,5.69428e-06,2.76846e-06,-1.31679e-05,-2.46747e-06
2.13,0,0.813175,0.348246,0.000299671,18.5962,0.464928
2.13,1,-0.916167,-0.756589,-3.02206e-05,-6.38305,-0.159578
2.13,2,1.31617,1.30849,-0.00124122,0.232863,0.00767936
2.13,3,-4.99549e-06,-0.0154893,-0.0188406,0.166147,0.0154843
2.13,4,-0.399994,-0.372847,3.93655e-06,-0.217178,-0.0271471
2.13,5,3.24671e-06,5.72281e-06,2.91774e-06,-1.32558e-05,-2.4761e-06
2.14,0,0.81816,0.348249,0.000300238,18.7955,0.469911
2.14,1,-0.91688,-0.756589,-3.03127e-05,-6.41152,-0.16029
2.14,2,1.31688,1.30848,-0.0012429,0.254607,0.00840406
2.14,3,-5.02612e-06,-0.0156779,-0.018869,0.16805,0.0156728
2.14,4,-0.399994,-0.372847,3.8908e-06,-0.217178,-0.0271471
2.14,5,3.26662e-06,5.75254e-06,3.01372e-06,-1.33337e-05,-2.48592e-06
2.15,0,0.823146,0.348252,0.000300807,18.9948,0.474894
2.15,1,-0.917592,-0.756589,-3.04049e-05,-6.44,-0.161002
2.15,2,1.3176,1.30847,-0.0012446,0.276352,0.00912876
2.15,3,-5.05675e-06,-0.0158667,-0.0188976,0.169955,0.0158617
2.15,4,-0.399994,-0.372847,3.83158e-06,-0.217178,-0.0271471
2.15,5,3.28653e-06,5.78299e-06,3.06655e-06,-1.34023e-05,-2.49646e-06
2.16,0,0.828132,0.348255,0.000301379,19.1942,0.479876
2.16,1,-0.918304,-0.75659,-3.04973e-05,-6.46848,-0.161714
2.16,2,1.31831,1.30845,-0.0012463,0.298097,0.00985349
2.16,3,-5.08738e-06,-0.0160559,-0.0189263,0.171863,0.0160508
2.16,4,-0.399994,-0.372847,3.76157e-06,-0.217178,-0.0271471
2.16,5,3.30643e-06,5.81377e-06,3.08546e-06,-1.34623e-05,-2.50733e-06
2.17,0,0.833118,0.348259,0.000301952,19.3935,0.484859
2.17,1,-0.919016,-0.75659,-3.05898e-05,-6.49696,-0.162426
2.17,2,1.31902,1.30844,-0.001248,0.319843,0.0105782
2.17,3,-5.11801e-06,-0.0162453,-0.0189551,0.173775,0.0162402
2.17,4,-0.399994,-0.372847,3.68323e-06,-0.217178,-0.0271471
2.17,5,3.32634e-06,5.84459e-06,3.07865e-06,-1.35148e-05,-2.51825e-06
2.18,0,0.838103,0.348262,0.000302527,19.5928,0.489842
2.18,1,-0.919728,-0.75659,-3.06825e-05,-6.52543,-0.163138
2.18,2,1.31973,1.30843,-0.00124971,0.341589,0.011303
2.18,3,-5.14864e-06,-0.016435,-0.0189839,0.175689,0.0164298
2.18,4,-0.399994,-0.372847,3.59866e-06,-0.217178,-0.0271471
2.18,5,3.34625e-06,5.87523e-06,3.05325e-06,-1.35609e-05,-2.52898e-06
2.19,0,0.843089,0.348265,0.000303104,19.7921,0.494825
2.19,1,-0.920441,-0.756591,-3.07753e-05,-6.55391,-0.16385
2.19,2,1.32045,1.30842,-0.00125143,0.363336,0.0120278
2.19,3,-5.17926e-06,-0.016625,-0.0190129,0.177606,0.0166198
2.19,4,-0.399994,-0.372847,3.50968e-06,-0.217178,-0.0271471
2.19,5,3.36615e-06,5.90554e-06,3.01524e-06,-1.36015e-05,-2.53939e-06
2.2,0,0.848075,0.348268,0.000303683,19.9914,0.499807
2.2,1,-0.921153,-0.756591,-3.08682e-05,-6.58239,-0.164562
2.2,2,1.32116,1.3084,-0.00125315,0.385083,0.0127526
2.2,3,-5.20989e-06,-0.0168153,-0.0190419,0.179526,0.0168101
2.2,4,-0.399994,-0.372847,3.41779e-06,-0.217178,-0.0271471
2.2,5,3.38606e-06,5.93543e-06,2.96958e-06,-1.36377e-05,-2.54937e-06
2.21,0,0.853061,0.348271,0.000304264,20.1907,0.50479
2.21,1,-0.921865,-0.756591,-3.09612e-05,-6.61086,-0.165274
2.21,2,1.32187,1.30839,-0.00125487,0.406831,0.0134774
2.21,3,-5.24052e-06,-0.0170058,-0.019071,0.181449,0.0170006
2.21,4,-0.399994,-0.372847,3.3242e-06,-0.217178,-0.0271471
2.21,5,3.40596e-06,5.96484e-06,2.92022e-06,-1.36705e-05,-2.55888e-06
2.22,0,0.858046,0.348274,0.000304846,20.39,0.509773
2.22,1,-0.922577,-0.756592,-3.10543e-05,-6.63934,-0.165986
2.22,2,1.32258,1.30838,-0.0012566,0.428579,0.0142022
2.22,3,-5.27115e-06,-0.0171967,-0.0191001,0.183375,0.0171914
2.22,4,-0.399994,-0.372847,3.22986e-06,-0.217178,-0.0271471
2.22,5,3.42587e-06,5.99375e-06,2.87023e-06,-1.37005e-05,-2.56788e-06
2.23,0,0.863032,0.348277,0.000305429,20.5893,0.514755
2.23,1,-0.92329,-0.756592,-3.11476e-05,-6.66782,-0.166698
2.23,2,1.32329,1.30837,-0.00125833,0.450328,0.0149271
2.23,3,-5.30178e-06,-0.0173879,-0.0191293,0.185303,0.0173826
2.23,4,-0.399994,-0.372847,3.13549e-06,-0.217178,-0.0271471
2.23,5,3.44578e-06,6.02217e-06,2.82189e-06,-1.37285e-05,-2.57639e-06
2.24,0,0.868018,0.34828,0.000306014,20.7886,0.519738
2.24,1,-0.924002,-0.756592,-3.12409e-05,-6.6963,-0.16741
2.24,2,1.32401,1.30835,-0.00126006,0.472078,0.0156519
2.24,3,-5.33241e-06,-0.0175793,-0.0191586,0.187235,0.017574
2.24,4,-0.399994,-0.372847,3.0416e-06,-0.217178,-0.0271471
2.24,5,3.46568e-06,6.05012e-06,2.77683e-06,-1.37552e-05,-2.58444e-06
2.25,0,0.873004,0.348283,0.000306601,20.9879,0.524721
2.25,1,-0.924714,-0.756593,-3.13343e-05,-6.72477,-0.168122
2.25,2,1.32472,1.30834,-0.0012618,0.493828,0.0163768
2.25,3,-5.36304e-06,-0.0177711,-0.0191879,0.18917,0.0177657
2.25,4,-0.399994,-0.372847,2.94854e-06,-0.217178,-0.0271471
2.25,5,3.48559e-06,6.07764e-06,2.73611e-06,-1.37811e-05,-2.59205e-06
2.26,0,0.877989,0.348286,0.000307189,21.1872,0.529703
2.26,1,-0.925426,-0.756593,-3.14279e-05,-6.75325,-0.168834
2.26,2,1.32543,1.30833,-0.00126354,0.515578,0.0171017
2.26,3,-5.39366e-06,-0.0179631,-0.0192173,0.191108,0.0179577
2.26,4,-0.399994,-0.372847,2.85651e-06,-0.217178,-0.0271471
2.26,5,3.5055e-06,6.10479e-06,2.70033e-06,-1.38065e-05,-2.59929e-06
2.27,0,0.882975,0.348289,0.000307778,21.3865,0.534686
2.27,1,-0.926139,-0.756593,-3.15215e-05,-6.78173,-0.169546
2.27,2,1.32614,1.30832,-0.00126528,0.537329,0.0178266
2.27,3,-5.42429e-06,-0.0181555,-0.0192468,0.193048,0.01815
2.27,4,-0.399994,-0.372847,2.76561e-06,-0.217178,-0.027147
2.27,5,3.5254e-06,6.1316e-06,2.66973e-06,-1.38319e-05,-2.6062e-06
2.28,0,0.887961,0.348292,0.000308369,21.5858,0.539669
2.28,1,-0.926851,-0.756593,-3.16152e-05,-6.8102,-0.170257
2.28,2,1.32686,1.3083,-0.00126703,0.559081,0.0185516
2.28,3,-5.45492e-06,-0.0183481,-0.0192763,0.194992,0.0183426
2.28,4,-0.399994,-0.372847,2.67584e-06,-0.217178,-0.027147
2.28,5,3.54531e-06,6.15813e-06,2.64428e-06,-1.38574e-05,-2.61283e-06
2.29,0,0.892947,0.348295,0.000308961,21.7851,0.544651
2.29,1,-0.927563,-0.756594,-3.17091e-05,-6.83868,-0.170969
2.29,2,1.32757,1.30829,-0.00126878,0.580833,0.0192765
2.29,3,-5.48555e-06,-0.018541,-0.0193059,0.196939,0.0185355
2.29,4,-0.399994,-0.372847,2.58714e-06,-0.217178,-0.027147
2.29,5,3.56522e-06,6.18444e-06,2.62374e-06,-1.38833e-05,-2.61923e-06
2.3,0,0.897932,0.348298,0.000309555,21.9844,0.549634
2.3,1,-0.928275,-0.756594,-3.1803e-05,-6.86716,-0.171681
2.3,2,1.32828,1.30828,-0.00127054,0.602585,0.0200015
2.3,3,-5.51618e-06,-0.0187342,-0.0193355,0.198888,0.0187287
2.3,4,-0.399994,-0.372847,2.49943e-06,-0.217177,-0.027147
2.3,5,3.58512e-06,6.21057e-06,2.60774e-06,-1.39096e-05,-2.62545e-06
2.31,0,0.902918,0.348301,0.00031015,22.1837,0.554617
2.31,1,-0.928988,-0.756594,-3.18971e-05,-6.89563,-0.172393
2.31,2,1.32899,1.30827,-0.00127229,0.624338,0.0207265
2.31,3,-5.54681e-06,-0.0189278,-0.0193652,0.200841,0.0189222
2.31,4,-0.399994,-0.372847,2.41255e-06,-0.217177,-0.027147
2.31,5,3.60503e-06,6.23656e-06,2.59581e-06,-1.39364e-05,-2.63153e-06
2.32,0,0.907904,0.348304,0.000310747,22.383,0.559599
2.32,1,-0.9297,-0.756595,-3.19912e-05,-6.92411,-0.173105
2.32,2,1.3297,1.30825,-0.00127406,0.646092,0.0214515
2.32,3,-5.57743e-06,-0.0191216,-0.0193949,0.202797,0.019116
2.32,4,-0.399994,-0.372847,2.32637e-06,-0.217177,-0.027147
2.32,5,3.62493e-06,6.26245e-06,2.58744e-06,-1.39638e-05,-2.63752e-06
2.33,0,0.912889,0.348308,0.000311346,22.5823,0.564582
2.33,1,-0.930412,-0.756595,-3.20854e-05,-6.95259,-0.173817
2.33,2,1.33042,1.30824,-0.00127582,0.667846,0.0221765
2.33,3,-5.60806e-06,-0.0193157,-0.0194247,0.204756,0.0193101
2.33,4,-0.399994,-0.372847,2.24074e-06,-0.217177,-0.027147
2.33,5,3.64484e-06,6.28827e-06,2.58213e-06,-1.39918e-05,-2.64343e-06
2.34,0,0.917875,0.348311,0.000311946,22.7816,0.569565
2.34,1,-0.931124,-0.756595,-3.21798e-05,-6.98106,-0.174529
2.34,2,1.33113,1.30823,-0.00127759,0.689601,0.0229015
2.34,3,-5.63869e-06,-0.0195101,-0.0194546,0.206717,0.0195045
2.34,4,-0.399994,-0.372847,2.15549e-06,-0.217177,-0.027147
2.34,5,3.66475e-06,6.31406e-06,2.57935e-06,-1.40204e-05,-2.64931e-06
2.35,0,0.922861,0.348314,0.000312547,22.9809,0.574547
2.35,1,-0.931837,-0.756596,-3.22743e-05,-7.00954,-0.175241
2.35,2,1.33184,1.30821,-0.00127936,0.711356,0.0236266
2.35,3,-5.66932e-06,-0.0197048,-0.0194846,0.208682,0.0196991
2.35,4,-0.399994,-0.372847,2.0705e-06,-0.217177,-0.027147
2.35,5,3.68465e-06,6.33983e-06,2.57863e-06,-1.40495e-05,-2.65518e-06
2.36,0,0.927847,0.348317,0.00031315,23.1803,0.57953
2.36,1,-0.932549,-0.756596,-3.23688e-05,-7.03802,-0.175953
2.36,2,1.33255,1.3082,-0.00128114,0.733112,0.0243517
2.36,3,-5.69995e-06,-0.0198998,-0.0195146,0.21065,0.0198941
2.36,4,-0.399994,-0.372847,1.98562e-06,-0.217177,-0.027147
2.36,5,3.70456e-06,6.3656e-06,2.57954e-06,-1.40791e-05,-2.66104e-06
2.37,0,0.932832,0.34832,0.000313755,23.3796,0.584512
2.37,1,-0.933261,-0.756596,-3.24635e-05,-7.06649,-0.176665
2.37,2,1.33327,1.30819,-0.00128291,0.754868,0.0250767
2.37,3,-5.73058e-06,-0.0200951,-0.0195446,0.212621,0.0200894
2.37,4,-0.399994,-0.372847,1.90074e-06,-0.217176,-0.0271469
2.37,5,3.72447e-06,6.39139e-06,2.58168e-06,-1.41091e-05,-2.66692e-06
2.38,0,0.937818,0.348323,0.000314361,23.5789,0.589495
2.38,1,-0.933973,-0.756597,-3.25583e-05,-7.09497,-0.177377
2.38,2,1.33398,1.30818,-0.0012847,0.776625,0.0258019
2.38,3,-5.7612e-06,-0.0202907,-0.0195748,0.214595,0.020285
2.38,4,-0.399994,-0.372847,1.81576e-06,-0.217176,-0.0271469
2.38,5,3.74437e-06,6.4172e-06,2.58471e-06,-1.41396e-05,-2.67283e-06
2.39,0,0.942804,0.348326,0.000314969,23.7782,0.594478
2.39,1,-0.934686,-0.756597,-3.26532e-05,-7.12345,-0.178089
2.39,2,1.33469,1.30816,-0.00128648,0.798382,0.026527
2.39,3,-5.79183e-06,-0.0204867,-0.019605,0.216572,0.0204809
2.39,4,-0.399994,-0.372847,1.73058e-06,-0.217176,-0.0271469
2.39,5,3.76428e-06,6.44305e-06,2.58836e-06,-1.41704e-05,-2.67877e-06
2.4,0,0.94779,0.34833,0.000315579,23.9775,0.59946
2.4,1,-0.935398,-0.756597,-3.27482e-05,-7.15192,-0.178801
2.4,2,1.3354,1.30815,-0.00128827,0.82014,0.0272521
2.4,3,-5.82246e-06,-0.0206829,-0.0196352,0.218552,0.020677
2.4,4,-0.399993,-0.372847,1.64513e-06,-0.217176,-0.0271469
2.4,5,3.78418e-06,6.46893e-06,2.59239e-06,-1.42015e-05,-2.68475e-06
2.41,0,0.952775,0.348333,0.00031619,24.1768,0.604443
2.41,1,-0.93611,-0.756598,-3.28433e-05,-7.1804,-0.179512
2.41,2,1.33612,1.30814,-0.00129007,0.841899,0.0279773
2.41,3,-5.85309e-06,-0.0208794,-0.0196656,0.220535,0.0208735
2.41,4,-0.399993,-0.372847,1.55936e-06,-0.217176,-0.0271469
2.41,5,3.80409e-06,6.49486e-06,2.5966e-06,-1.42328e-05,-2.69077e-06
2.42,0,0.957761,0.348336,0.000316803,24.3761,0.609425
2.42,1,-0.936822,-0.756598,-3.29385e-05,-7.20888,-0.180224
2.42,2,1.33683,1.30812,-0.00129186,0.863658,0.0287025
2.42,3,-5.88372e-06,-0.0210762,-0.019696,0.222521,0.0210703
2.42,4,-0.399993,-0.372847,1.47321e-06,-0.217176,-0.0271469
2.42,5,3.824e-06,6.52083e-06,2.60086e-06,-1.42644e-05,-2.69683e-06
2.43,0,0.962747,0.348339,0.000317417,24.5754,0.614408
2.43,1,-0.937535,-0.756598,-3.30338e-05,-7.23735,-0.180936
2.43,2,1.33754,1.30811,-0.00129367,0.885418,0.0294277
2.43,3,-5.91435e-06,-0.0212733,-0.0197264,0.22451,0.0212674
2.43,4,-0.399993,-0.372847,1.38665e-06,-0.217175,-0.0271468
2.43,5,3.8439e-06,6.54684e-06,2.60505e-06,-1.42962e-05,-2.70294e-06
2.44,0,0.967733,0.348342,0.000318033,24.7747,0.61939
2.44,1,-0.938247,-0.756599,-3.31293e-05,-7.26583,-0.181648
2.44,2,1.33825,1.3081,-0.00129547,0.907178,0.0301529
2.44,3,-5.94498e-06,-0.0214708,-0.019757,0.226502,0.0214648
2.44,4,-0.399993,-0.372847,1.29965e-06,-0.217175,-0.0271468
2.44,5,3.86381e-06,6.57289e-06,2.60909e-06,-1.43281e-05,-2.70908e-06
2.45,0,0.972718,0.348345,0.000318651,24.974,0.624373
2.45,1,-0.938959,-0.756599,-3.32249e-05,-7.29431,-0.18236
2.45,2,1.33896,1.30809,-0.00129728,0.928938,0.0308781
2.45,3,-5.9756e-06,-0.0216685,-0.0197876,0.228498,0.0216625
2.45,4,-0.399993,-0.372847,1.2122e-06,-0.217175,-0.0271468
2.45,5,3.88372e-06,6.59898e-06,2.61293e-06,-1.43602e-05,-2.71527e-06
2.46,0,0.977704,0.348349,0.00031927,25.1733,0.629356
2.46,1,-0.939671,-0.756599,-3.33205e-05,-7.32278,-0.183072
2.46,2,1.33968,1.30807,-0.00129909,0.9507,0.0316034
2.46,3,-6.00623e-06,-0.0218666,-0.0198182,0.230496,0.0218605
2.46,4,-0.399993,-0.372847,1.12428e-06,-0.217175,-0.0271468
2.46,5,3.90362e-06,6.62511e-06,2.61655e-06,-1.43924e-05,-2.72149e-06
2.47,0,0.98269,0.348352,0.000319892,25.3726,0.634338
2.47,1,-0.940384,-0.7566,-3.34163e-05,-7.35126,-0.183784
2.47,2,1.34039,1.30806,-0.00130091,0.972461,0.0323287
2.47,3,-6.03686e-06,-0.0220649,-0.019849,0.232498,0.0220589
2.47,4,-0.399993,-0.372847,1.03589e-06,-0.217174,-0.0271467
2.47,5,3.92353e-06,6.65128e-06,2.61993e-06,-1.44247e-05,-2.72775e-06
2.48,0,0.987676,0.348355,0.000320514,25.5719,0.639321
2.48,1,-0.941096,-0.7566,-3.35122e-05,-7.37973,-0.184496
2.48,2,1.3411,1.30805,-0.00130273,0.994224,0.0330539
2.48,3,-6.06749e-06,-0.0222636,-0.0198798,0.234503,0.0222575
2.48,4,-0.399993,-0.372846,9.47013e-07,-0.217174,-0.0271467
2.48,5,3.94343e-06,6.67747e-06,2.62307e-06,-1.44571e-05,-2.73404e-06
2.49,0,0.992661,0.348358,0.000321139,25.7712,0.644303
2.49,1,-0.941808,-0.7566,-3.36082e-05,-7.40821,-0.185208
2.49,2,1.34181,1.30803,-0.00130456,1.01599,0.0337793
2.49,3,-6.09812e-06,-0.0224625,-0.0199106,0.236511,0.0224564
2.49,4,-0.399993,-0.372846,8.57665e-07,-0.217174,-0.0271467
2.49,5,3.96334e-06,6.7037e-06,2.62598e-06,-1.44896e-05,-2.74036e-06
2.5,0,0.997647,0.348361,0.000321765,25.9705,0.649286
2.5,1,-0.94252,-0.756601,-3.37044e-05,-7.43669,-0.18592
2.5,2,1.34253,1.30802,-0.00130638,1.03775,0.0345046
2.5,3,-6.12875e-06,-0.0226618,-0.0199416,0.238522,0.0226557
2.5,4,-0.399993,-0.372846,7.67843e-07,-0.217174,-0.0271467
2.5,5,3.98325e-06,6.72995e-06,2.62867e-06,-1.45221e-05,-2.7467e-06
2.51,0,1.00263,0.348365,0.000322393,26.1698,0.654268
2.51,1,-0.943233,-0.756601,-3.38006e-05,-7.46516,-0.186632
2.51,2,1.34324,1.30801,-0.00130822,1.05951,0.0352299
2.51,3,-6.15937e-06,-0.0228614,-0.0199726,0.240536,0.0228552
2.51,4,-0.399993,-0.372846,6.77553e-07,-0.217173,-0.0271466
2.51,5,4.00315e-06,6.75623e-06,2.63118e-06,-1.45547e-05,-2.75308e-06
2.52,0,1.00762,0.348368,0.000323022,26.3691,0.659251
2.52,1,-0.943945,-0.756601,-3.3897e-05,-7.49364,-0.187343
2.52,2,1.34395,1.30799,-0.00131005,1.08128,0.0359553
2.52,3,-6.19e-06,-0.0230613,-0.0200037,0.242553,0.0230551
2.52,4,-0.399993,-0.372846,5.86798e-07,-0.217173,-0.0271466
2.52,5,4.02306e-06,6.78253e-06,2.63352e-06,-1.45874e-05,-2.75947e-06
2.53,0,1.0126,0.348371,0.000323653,26.5684,0.664233
2.53,1,-0.944657,-0.756602,-3.39935e-05,-7.52211,-0.188055
2.53,2,1.34466,1.30798,-0.00131189,1.10304,0.0366807
2.53,3,-6.22063e-06,-0.0232615,-0.0200348,0.244574,0.0232553
2.53,4,-0.399993,-0.372846,4.95585e-07,-0.217173,-0.0271466
2.53,5,4.04297e-06,6.80886e-06,2.63572e-06,-1.46202e-05,-2.76589e-06
2.54,0,1.01759,0.348374,0.000324286,26.7677,0.669216
2.54,1,-0.945369,-0.756602,-3.40901e-05,-7.55059,-0.188767
2.54,2,1.34537,1.30797,-0.00131374,1.12481,0.0374061
2.54,3,-6.25126e-06,-0.023462,-0.0200661,0.246597,0.0234558
2.54,4,-0.399993,-0.372846,4.03918e-07,-0.217173,-0.0271466
2.54,5,4.06287e-06,6.8352e-06,2.6378e-06,-1.4653e-05,-2.77233e-06
2.55,0,1.02258,0.348378,0.000324921,26.967,0.674198
2.55,1,-0.946082,-0.756602,-3.41868e-05,-7.57907,-0.189479
2.55,2,1.34609,1.30796,-0.00131558,1.14658,0.0381315
2.55,3,-6.28189e-06,-0.0236628,-0.0200973,0.248624,0.0236566
2.55,4,-0.399993,-0.372846,3.11803e-07,-0.217172,-0.0271465
2.55,5,4.08278e-06,6.86157e-06,2.63978e-06,-1.46859e-05,-2.77879e-06
2.56,0,1.02756,0.348381,0.000325557,27.1663,0.679181
2.56,1,-0.946794,-0.756603,-3.42836e-05,-7.60754,-0.190191
2.56,2,1.3468,1.30794,-0.00131744,1.16834,0.0388569
2.56,3,-6.31252e-06,-0.023864,-0.0201287,0.250654,0.0238577
2.56,4,-0.399993,-0.372846,2.19244e-07,-0.217172,-0.0271465
2.56,5,4.10268e-06,6.88796e-06,2.64169e-06,-1.47189e-05,-2.78527e-06
2.57,0,1.03255,0.348384,0.000326195,27.3656,0.684163
2.57,1,-0.947506,-0.756603,-3.43805e-05,-7.63602,-0.190903
2.57,2,1.34751,1.30793,-0.00131929,1.19011,0.0395824
2.57,3,-6.34314e-06,-0.0240655,-0.0201601,0.252687,0.0240591
2.57,4,-0.399993,-0.372846,1.26243e-07,-0.217172,-0.0271465
2.57,5,4.12259e-06,6.91436e-06,2.64355e-06,-1.47519e-05,-2.79177e-06
2.58,0,1.03753,0.348387,0.000326835,27.5648,0.689146
2.58,1,-0.948218,-0.756603,-3.44776e-05,-7.66449,-0.191615
2.58,2,1.34822,1.30792,-0.00132115,1.21188,0.0403079
2.58,3,-6.37377e-06,-0.0242672,-0.0201916,0.254724,0.0242609
2.58,4,-0.399993,-0.372846,3.28057e-08,-0.217171,-0.0271464
2.58,5,4.1425e-06,6.94078e-06,2.64536e-06,-1.4785e-05,-2.79829e-06
2.59,0,1.04252,0.348391,0.000327476,27.7641,0.694128
2.59,1,-0.948931,-0.756604,-3.45748e-05,-7.69297,-0.192327
2.59,2,1.34894,1.3079,-0.00132301,1.23365,0.0410334
2.59,3,-6.4044e-06,-0.0244693,-0.0202232,0.256763,0.0244629
2.59,4,-0.399993,-0.372846,-6.10671e-08,-0.217171,-0.0271464
2.59,5,4.1624e-06,6.96722e-06,2.64715e-06,-1.48182e-05,-2.80482e-06
2.6,0,1.0475,0.348394,0.00032812,27.9634,0.699111
2.6,1,-0.949643,-0.756604,-3.46721e-05,-7.72144,-0.193039
2.6,2,1.34965,1.30789,-0.00132488,1.25542,0.0417589
2.6,3,-6.43503e-06,-0.0246717,-0.0202548,0.258806,0.0246653
2.6,4,-0.399993,-0.372846,-1.55374e-07,-0.217171,-0.0271464
2.6,5,4.18231e-06,6.99368e-06,2.64892e-06,-1.48515e-05,-2.81137e-06
2.61,0,1.05249,0.348397,0.000328765,28.1627,0.704093
2.61,1,-0.950355,-0.756604,-3.47695e-05,-7.74992,-0.193751
2.61,2,1.35036,1.30788,-0.00132675,1.27719,0.0424844
2.61,3,-6.46566e-06,-0.0248744,-0.0202866,0.260852,0.024868
2.61,4,-0.399993,-0.372846,-2.50113e-07,-0.21717,-0.0271463
2.61,5,4.20222e-06,7.02016e-06,2.65069e-06,-1.48849e-05,-2.81794e-06
2.62,0,1.05748,0.3484,0.000329411,28.362,0.709076
2.62,1,-0.951067,-0.756605,-3.4867e-05,-7.7784,-0.194463
2.62,2,1.35107,1.30786,-0.00132863,1.29896,0.0432099
2.62,3,-6.49629e-06,-0.0250775,-0.0203183,0.262901,0.025071
2.62,4,-0.399993,-0.372846,-3.45285e-07,-0.21717,-0.0271463
2.62,5,4.22212e-06,7.04665e-06,2.65246e-06,-1.49184e-05,-2.82453e-06
2.63,0,1.06246,0.348404,0.00033006,28.5613,0.714058
2.63,1,-0.95178,-0.756605,-3.49647e-05,-7.80687,-0.195174
2.63,2,1.35179,1.30785,-0.00133051,1.32073,0.0439355
2.63,3,-6.52692e-06,-0.0252808,-0.0203502,0.264953,0.0252743
2.63,4,-0.399993,-0.372846,-4.4089e-07,-0.21717,-0.0271462
2.63,5,4.24203e-06,7.07316e-06,2.65424e-06,-1.49519e-05,-2.83113e-06
2.64,0,1.06745,0.348407,0.00033071,28.7606,0.71904
2.64,1,-0.952492,-0.756605,-3.50625e-05,-7.83535,-0.195886
2.64,2,1.3525,1.30784,-0.00133239,1.3425,0.0446611
2.64,3,-6.55754e-06,-0.0254845,-0.0203821,0.267009,0.025478
2.64,4,-0.399993,-0.372846,-5.36928e-07,-0.217169,-0.0271462
2.64,5,4.26194e-06,7.09969e-06,2.65603e-06,-1.49856e-05,-2.83775e-06
2.65,0,1.07243,0.34841,0.000331362,28.9599,0.724023
2.65,1,-0.953204,-0.756606,-3.51604e-05,-7.86382,-0.196598
2.65,2,1.35321,1.30782,-0.00133428,1.36427,0.0453867
2.65,3,-6.58817e-06,-0.0256885,-0.0204141,0.269068,0.0256819
2.65,4,-0.399993,-0.372846,-6.33401e-07,-0.217169,-0.0271462
2.65,5,4.28184e-06,7.12624e-06,2.65784e-06,-1.50193e-05,-2.84439e-06
2.66,0,1.07742,0.348414,0.000332016,29.1592,0.729005
2.66,1,-0.953916,-0.756606,-3.52584e-05,-7.8923,-0.19731
2.66,2,1.35392,1.30781,-0.00133617,1.38604,0.0461123
2.66,3,-6.6188e-06,-0.0258928,-0.0204462,0.27113,0.0258862
2.66,4,-0.399993,-0.372846,-7.30309e-07,-0.217169,-0.0271461
2.66,5,4.30175e-06,7.1528e-06,2.65966e-06,-1.50532e-05,-2.85105e-06
2.67,0,1.0824,0.348417,0.000332672,29.3585,0.733988
2.67,1,-0.954629,-0.756607,-3.53565e-05,-7.92077,-0.198022
2.67,2,1.35463,1.3078,-0.00133807,1.40782,0.046838
2.67,3,-6.64943e-06,-0.0260975,-0.0204783,0.273195,0.0260908
2.67,4,-0.399993,-0.372846,-8.27656e-07,-0.217168,-0.0271461
2.67,5,4.32165e-06,7.17938e-06,2.66149e-06,-1.50871e-05,-2.85773e-06
2.68,0,1.08739,0.34842,0.000333329,29.5578,0.73897
2.68,1,-0.955341,-0.756607,-3.54548e-05,-7.94925,-0.198734
2.68,2,1.35535,1.30778,-0.00133997,1.42959,0.0475636
2.68,3,-6.68006e-06,-0.0263024,-0.0205105,0.275264,0.0262958
2.68,4,-0.399993,-0.372846,-9.25442e-07,-0.217168,-0.027146
2.68,5,4.34156e-06,7.20598e-06,2.66335e-06,-1.51211e-05,-2.86442e-06
2.69,0,1.09238,0.348424,0.000333988,29.7571,0.743953
2.69,1,-0.956053,-0.756607,-3.55532e-05,-7.97772,-0.199446
2.69,2,1.35606,1.30777,-0.00134187,1.45136,0.0482893
2.69,3,-6.71069e-06,-0.0265077,-0.0205428,0.277336,0.026501
2.69,4,-0.399992,-0.372846,-1.02367e-06,-0.217167,-0.027146
2.69,5,4.36147e-06,7.2326e-06,2.66522e-06,-1.51552e-05,-2.87114e-06
2.7,0,1.09736,0.348427,0.000334649,29.9564,0.748935
2.7,1,-0.956765,-0.756608,-3.56517e-05,-8.0062,-0.200158
2.7,2,1.35677,1.30776,-0.00134378,1.47314,0.049015
2.7,3,-6.74131e-06,-0.0267133,-0.0205752,0.279411,0.0267066
2.7,4,-0.399992,-0.372847,-1.12234e-06,-0.217167,-0.0271459
2.7,5,4.38137e-06,7.25924e-06,2.66711e-06,-1.51895e-05,-2.87787e-06
2.71,0,1.10235,0.34843,0.000324897,30,0.753917
2.71,1,-0.957478,-0.756608,-3.49865e-05,-8.03468,-0.20087
2.71,2,1.35748,1.30774,-0.00130329,1.49482,0.0497406
2.71,3,-6.77194e-06,-0.0269173,-0.0199677,0.281086,0.0269105
2.71,4,-0.399992,-0.372847,-6.47518e-05,-0.217133,-0.0271457
2.71,5,4.40128e-06,5.62051e-06,-0.000523447,0.000150938,-1.21923e-06
2.72,0,1.10733,0.348433,0.000289158,30,0.7589
2.72,1,-0.95819,-0.756608,-3.21992e-05,-8.06316,-0.201581
2.72,2,1.3582,1.30773,-0.00115761,1.51627,0.0504652
2.72,3,-6.80257e-06,-0.0271058,-0.0177648,0.281649,0.027099
2.72,4,-0.399992,-0.372848,-0.00024287,-0.217031,-0.0271441
2.72,5,4.42119e-06,-6.92243e-06,-0.0018664,0.000616639,1.13436e-05
2.73,0,1.11232,0.348436,0.00024079,30,0.763883
2.73,1,-0.958902,-0.756609,-2.83967e-05,-8.09165,-0.202293
2.73,2,1.35891,1.30772,-0.000960956,1.53756,0.051188
2.73,3,-6.8332e-06,-0.0272675,-0.0147889,0.28148,0.0272606
2.73,4,-0.399992,-0.372852,-0.000412799,-0.216919,-0.0271406
2.73,5,4.44109e-06,-3.2028e-05,-0.00296645,0.00107228,3.64691e-05
2.74,0,1.1173,0.348438,0.000187191,30,0.768867
2.74,1,-0.959614,-0.756609,-2.41792e-05,-8.12014,-0.203005
2.74,2,1.35962,1.30771,-0.000743324,1.55875,0.0519087
2.74,3,-6.86383e-06,-0.0273974,-0.0114945,0.280802,0.0273905
2.74,4,-0.399992,-0.372857,-0.000528259,-0.216822,-0.0271358
2.74,5,4.461e-06,-6.53008e-05,-0.00354169,0.00141132,6.97618e-05
2.75,0,1.12229,0.34844,0.000132406,30,0.773851
2.75,1,-0.960326,-0.756609,-1.98691e-05,-8.14864,-0.203717
2.75,2,1.36033,1.30771,-0.00052107,1.57986,0.0526271
2.75,3,-6.89446e-06,-0.0274938,-0.00812942,0.279747,0.0274869
2.75,4,-0.399992,-0.372862,-0.000580064,-0.216751,-0.0271301
2.75,5,4.4809e-06,-0.000101525,-0.00362249,0.00161678,0.000106006
2.76,0,1.12728,0.348441,7.88817e-05,30,0.778836
2.76,1,-0.961039,-0.756609,-1.56607e-05,-8.17713,-0.204429
2.76,2,1.36104,1.3077,-0.00030406,1.60091,0.0533434
2.76,3,-6.92508e-06,-0.0275569,-0.00484338,0.278406,0.02755
2.76,4,-0.399992,-0.372868,-0.000574325,-0.216707,-0.0271243
2.76,5,4.50081e-06,-0.000136394,-0.00333,0.00170347,0.000140895
2.77,0,1.13226,0.348441,2.81892e-05,30,0.783821
2.77,1,-0.961751,-0.756609,-1.16784e-05,-8.20563,-0.205142
2.77,2,1.36176,1.3077,-9.85977e-05,1.62192,0.0540576
2.77,3,-6.95571e-06,-0.0275881,-0.00173205,0.27685,0.0275811
2.77,4,-0.399992,-0.372873,-0.000522929,-0.216689,-0.0271188
2.77,5,4.52072e-06,-0.000166899,-0.00279435,0.0016954,0.000171419
2.78,0,1.13725,0.348441,-1.86627e-05,30,0.788807
2.78,1,-0.962463,-0.756609,-8.00212e-06,-8.23413,-0.205854
2.78,2,1.36247,1.3077,9.12809e-05,1.64291,0.0547698
2.78,3,-6.98634e-06,-0.0275893,0.00114327,0.275138,0.0275824
2.78,4,-0.399992,-0.372878,-0.000439174,-0.216692,-0.0271139
2.78,5,4.54062e-06,-0.000191242,-0.00212732,0.00161711,0.000195783
2.79,0,1.14223,0.348441,-6.10669e-05,30,0.793793
2.79,1,-0.963175,-0.75661,-4.67993e-06,-8.26262,-0.206566
2.79,2,1.36318,1.3077,0.000263158,1.66388,0.0554802
2.79,3,-7.01697e-06,-0.0275634,0.00374582,0.273316,0.0275563
2.79,4,-0.399992,-0.372882,-0.000335684,-0.216713,-0.0271101
2.79,5,4.56053e-06,-0.000208609,-0.00141559,0.00149052,0.000213169
2.8,0,1.14722,0.34844,-9.87221e-05,30,0.798779
2.8,1,-0.963888,-0.75661,-1.73559e-06,-8.29112,-0.207278
2.8,2,1.36389,1.3077,0.000415842,1.68484,0.056189
2.8,3,-7.0476e-06,-0.0275129,0.00605744,0.271425,0.0275059
2.8,4,-0.399992,-0.372885,-0.000223426,-0.216747,-0.0271073
2.8,5,4.58044e-06,-0.000218914,-0.000721789,0.00133401,0.000223494
2.81,0,1.15221,0.348439,-0.000131562,30,0.803766
2.81,1,-0.9646,-0.75661,8.25783e-07,-8.31962,-0.20799
2.81,2,1.36461,1.30771,0.000549081,1.70579,0.0568963
2.81,3,-7.07823e-06,-0.027441,0.00807429,0.269495,0.027434
2.81,4,-0.399992,-0.372886,-0.000111302,-0.21679,-0.0271056
2.81,5,4.60034e-06,-0.000222583,-8.79446e-05,0.0011623,0.000227184
2.82,0,1.15719,0.348437,-0.0001597,30,0.808753
2.82,1,-0.965312,-0.75661,3.01325e-06,-8.34811,-0.208703
2.82,2,1.36532,1.30772,0.000663341,1.72675,0.0576025
2.82,3,-7.10886e-06,-0.0273506,0.00980336,0.267552,0.0273434
2.82,4,-0.399992,-0.372887,-6.07401e-06,-0.216838,-0.0271051
2.82,5,4.62025e-06,-0.000220369,0.000460501,0.000986796,0.000224989
2.83,0,1.16218,0.348436,-0.00018338,30,0.813741
2.83,1,-0.966024,-0.75661,4.84631e-06,-8.37661,-0.209415
2.83,2,1.36603,1.30772,0.000759609,1.74771,0.0583076
2.83,3,-7.13948e-06,-0.0272443,0.0112597,0.265616,0.0272372
2.83,4,-0.399992,-0.372886,8.7523e-05,-0.216888,-0.0271055
2.83,5,4.64015e-06,-0.000213203,0.000910912,0.000815944,0.000217844
2.84,0,1.16716,0.348434,-0.000202938,30,0.818729
2.84,1,-0.966737,-0.756609,6.35166e-06,-8.40511,-0.210127
2.84,2,1.36674,1.30773,0.00083924,1.76868,0.0590118
2.84,3,-7.17011e-06,-0.0271249,0.0124637,0.263699,0.0271177
2.84,4,-0.399992,-0.372885,0.000166551,-0.216938,-0.0271068
2.84,5,4.66006e-06,-0.000202091,0.00126015,0.000655708,0.000206751
2.85,0,1.17215,0.348432,-0.000218768,30,0.823717
2.85,1,-0.967449,-0.756609,7.56055e-06,-8.4336,-0.21084
2.85,2,1.36745,1.30774,0.000903815,1.78965,0.0597153
2.85,3,-7.20074e-06,-0.0269947,0.0134395,0.261811,0.0269875
2.85,4,-0.399992,-0.372883,0.000229589,-0.216985,-0.0271088
2.85,5,4.67997e-06,-0.000188027,0.00151183,0.000509986,0.000192707
2.86,0,1.17713,0.348429,-0.00023129,30,0.828705
2.86,1,-0.968161,-0.756609,8.50658e-06,-8.4621,-0.211552
2.86,2,1.36817,1.30775,0.000955034,1.81064,0.0604182
2.86,3,-7.23137e-06,-0.0268559,0.0142128,0.259959,0.0268487
2.86,4,-0.399992,-0.372881,0.000276431,-0.217029,-0.0271113
2.86,5,4.69987e-06,-0.000171947,0.00167406,0.000381016,0.000176647
2.87,0,1.18212,0.348427,-0.000240937,30,0.833693
2.87,1,-0.968873,-0.756609,9.22396e-06,-8.4906,-0.212264
2.87,2,1.36888,1.30776,0.000994629,1.83163,0.0611207
2.87,3,-7.262e-06,-0.0267103,0.0148099,0.258145,0.0267031
2.87,4,-0.399992,-0.372878,0.000307793,-0.217068,-0.0271142
2.87,5,4.71978e-06,-0.000154687,0.00175766,0.000269736,0.000159407
2.88,0,1.18711,0.348425,-0.000248128,30,0.838681
2.88,1,-0.969586,-0.756609,9.74613e-06,-8.51909,-0.212977
2.88,2,1.36959,1.30777,0.0010243,1.85264,0.0618229
2.88,3,-7.29263e-06,-0.0265597,0.0152566,0.25637,0.0265524
2.88,4,-0.399992,-0.372874,0.000325047,-0.217102,-0.0271174
2.88,5,4.73969e-06,-0.000136966,0.00177479,0.000176094,0.000141706
2.89,0,1.19209,0.348422,-0.000253264,30,0.843669
2.89,1,-0.970298,-0.756609,1.01048e-05,-8.54759,-0.213689
2.89,2,1.3703,1.30778,0.00104564,1.87365,0.0625248
2.89,3,-7.32325e-06,-0.0264053,0.0155772,0.254633,0.0263979
2.89,4,-0.399992,-0.372871,0.00032998,-0.21713,-0.0271206
2.89,5,4.75959e-06,-0.000119382,0.00173794,9.93235e-05,0.000124141
2.9,0,1.19708,0.348419,-0.000256712,30,0.848657
2.9,1,-0.97101,-0.756609,1.03293e-05,-8.57608,-0.214401
2.9,2,1.37102,1.30779,0.00106015,1.89468,0.0632265
2.9,3,-7.35388e-06,-0.0262482,0.0157942,0.252932,0.0262409
2.9,4,-0.399992,-0.372868,0.000324603,-0.217153,-0.0271239
2.9,5,4.7795e-06,-0.000102406,0.00165921,3.81622e-05,0.000107185
2.91,0,1.20206,0.348417,-0.000258806,30,0.853646
2.91,1,-0.971722,-0.756609,1.04462e-05,-8.60458,-0.215114
2.91,2,1.37173,1.3078,0.00106917,1.91571,0.0639281
2.91,3,-7.38451e-06,-0.0260895,0.015928,0.251264,0.0260821
2.91,4,-0.399992,-0.372865,0.000310986,-0.217172,-0.027127
2.91,5,4.7994e-06,-8.63944e-05,0.00154976,-8.95877e-06,9.11938e-05
2.92,0,1.20705,0.348414,-0.000259839,30,0.858634
2.92,1,-0.972435,-0.756609,1.04786e-05,-8.63307,-0.215826
2.92,2,1.37244,1.30781,0.00107389,1.93674,0.0646297
2.92,3,-7.41514e-06,-0.0259298,0.0159967,0.249625,0.0259224
2.92,4,-0.399992,-0.372862,0.000291144,-0.217186,-0.02713
2.92,5,4.81931e-06,-7.15996e-05,0.00141955,-4.37701e-05,7.64189e-05
2.93,0,1.21203,0.348412,-0.000260068,30,0.863622
2.93,1,-0.973147,-0.756609,1.04471e-05,-8.66156,-0.216538
2.93,2,1.37315,1.30782,0.00107533,1.95779,0.0653312
2.93,3,-7.44577e-06,-0.0257697,0.0160159,0.248013,0.0257622
2.93,4,-0.399992,-0.372859,0.000266945,-0.217195,-0.0271327
2.93,5,4.83922e-06,-5.81804e-05,0.00127716,-6.80497e-05,6.30196e-05
2.94,0,1.21702,0.348409,-0.000259707,30,0.868611
2.94,1,-0.973859,-0.756609,1.03687e-05,-8.69006,-0.217251
2.94,2,1.37387,1.30783,0.00107438,1.97883,0.0660327
2.94,3,-7.4764e-06,-0.0256096,0.0159988,0.246422,0.0256021
2.94,4,-0.399992,-0.372856,0.000240056,-0.217202,-0.0271352
2.94,5,4.85912e-06,-4.62181e-05,0.00112975,-8.35378e-05,5.10772e-05
2.95,0,1.22201,0.348406,-0.000258939,30,0.873599
2.95,1,-0.974571,-0.756608,1.02578e-05,-8.71855,-0.217963
2.95,2,1.37458,1.30784,0.00107177,1.99988,0.0667343
2.95,3,-7.50702e-06,-0.0254498,0.0159565,0.244849,0.0254423
2.95,4,-0.399992,-0.372854,0.000211908,-0.217206,-0.0271374
2.95,5,4.87903e-06,-3.573e-05,0.000983068,-9.18754e-05,4.0609e-05
2.96,0,1.22699,0.348404,-0.000257909,30,0.878587
2.96,1,-0.975284,-0.756608,1.01261e-05,-8.74704,-0.218675
2.96,2,1.37529,1.30785,0.00106808,2.02094,0.0674358
2.96,3,-7.53765e-06,-0.0252905,0.015898,0.243291,0.025283
2.96,4,-0.399992,-0.372852,0.000183686,-0.217207,-0.0271394
2.96,5,4.89894e-06,-2.66833e-05,0.000841585,-9.45645e-05,3.15822e-05
2.97,0,1.23198,0.348401,-0.000256735,30,0.883576
2.97,1,-0.975996,-0.756608,9.98291e-06,-8.77554,-0.219388
2.97,2,1.376,1.30786,0.0010638,2.042,0.0681375
2.97,3,-7.56828e-06,-0.0251319,0.0158306,0.241745,0.0251244
2.97,4,-0.399992,-0.372851,0.00015633,-0.217206,-0.027141
2.97,5,4.91884e-06,-1.90071e-05,0.000708575,-9.2943e-05,2.39259e-05
2.98,0,1.23696,0.348399,-0.000255506,30,0.888564
2.98,1,-0.976708,-0.756608,9.83541e-06,-8.80403,-0.2201
2.98,2,1.37671,1.30788,0.0010593,2.06305,0.0688391
2.98,3,-7.59891e-06,-0.024974,0.0157598,0.240208,0.0249664
2.98,4,-0.399991,-0.372849,0.000130548,-0.217205,-0.0271424
2.98,5,4.93875e-06,-1.26035e-05,0.000586285,-8.81745e-05,1.75422e-05
2.99,0,1.24195,0.348396,-0.000254291,30,0.893552
2.99,1,-0.97742,-0.756608,9.68896e-06,-8.83252,-0.220812
2.99,2,1.37743,1.30789,0.00105484,2.08411,0.0695408
2.99,3,-7.62954e-06,-0.0248168,0.0156898,0.238678,0.0248092
2.99,4,-0.399991,-0.372848,0.000106842,-0.217202,-0.0271436
2.99,5,4.95865e-06,-7.3571e-06,0.000476085,-8.12466e-05,1.23158e-05
3,0,1.24693,0.348394,-0.000253137,30,0.898541
3,1,-0.978133,-0.756608,9.54741e-06,-8.86102,-0.221525
3,2,1.37814,1.3079,0.00105064,2.10518,0.0702426
3,3,-7.66017e-06,-0.0246603,0.0156234,0.237152,0.0246526
3,4,-0.399991,-0.372847,8.55271e-05,-0.217199,-0.0271445
3,5,4.97856e-06,-3.14298e-06,0.000378617,-7.29775e-05,8.12154e-06
3.01,0,1.25192,0.348391,-0.000252078,30,0.903529
3.01,1,-0.978845,-0.756608,9.41333e-06,-8.88951,-0.222237
3.01,2,1.37885,1.30791,0.0010468,2.12624,0.0709444
3.01,3,-7.6908e-06,-0.0245044,0.0155629,0.235629,0.0244967
3.01,4,-0.399991,-0.372846,6.67665e-05,-0.217195,-0.0271452
3.01,5,4.99847e-06,1.67894e-07,0.000293951,-6.40325e-05,4.83057e-06
3.02,0,1.25691,0.348389,-0.000251131,30,0.908517
3.02,1,-0.979557,-0.756608,9.28827e-06,-8.918,-0.222949
3.02,2,1.37956,1.30792,0.00104343,2.1473,0.0716462
3.02,3,-7.72142e-06,-0.024349,0.0155092,0.234108,0.0243413
3.02,4,-0.399991,-0.372846,5.05949e-05,-0.217191,-0.0271457
3.02,5,5.01837e-06,2.69922e-06,0.000221699,-5.49138e-05,2.31915e-06
3.03,0,1.26189,0.348386,-0.000250308,30,0.913505
3.03,1,-0.980269,-0.756608,9.17297e-06,-8.9465,-0.223662
3.03,2,1.38028,1.30793,0.00104056,2.16836,0.072348
3.03,3,-7.75205e-06,-0.0241942,0.0154631,0.232587,0.0241865
3.03,4,-0.399991,-0.372845,3.69487e-05,-0.217187,-0.0271461
3.03,5,5.03828e-06,4.5739e-06,0.00016116,-4.60262e-05,4.64382e-07
3.04,0,1.26688,0.348384,-0.000249608,30,0.918494
3.04,1,-0.980982,-0.756608,9.06755e-06,-8.97499,-0.224374
3.04,2,1.38099,1.30794,0.00103818,2.18942,0.0730499
3.04,3,-7.78268e-06,-0.0240398,0.0154247,0.231065,0.024032
3.04,4,-0.399991,-0.372845,2.56894e-05,-0.217184,-0.0271464
3.04,5,5.05819e-06,5.90333e-06,0.000111402,-3.76464e-05,-8.45146e-07
3.05,0,1.27186,0.348381,-0.000249028,30,0.923482
3.05,1,-0.981694,-0.756607,8.97167e-06,-9.00348,-0.225086
3.05,2,1.3817,1.30795,0.0010363,2.21048,0.0737518
3.05,3,-7.81331e-06,-0.0238857,0.0153936,0.229543,0.0238779
3.05,4,-0.399991,-0.372845,1.66263e-05,-0.217181,-0.0271466
3.05,5,5.07809e-06,6.78952e-06,7.13551e-05,-2.99637e-05,-1.71143e-06
3.06,0,1.27685,0.348379,-0.00024856,30,0.92847
3.06,1,-0.982406,-0.756607,8.88468e-06,-9.03198,-0.225799
3.06,2,1.38241,1.30796,0.00103487,2.23154,0.0744537
3.06,3,-7.84394e-06,-0.0237319,0.0153694,0.228019,0.0237241
3.06,4,-0.399991,-0.372845,9.53623e-06,-0.217178,-0.0271467
3.06,5,5.098e-06,7.32335e-06,3.98829e-05,-2.30916e-05,-2.22535e-06
3.07,0,1.28183,0.348376,-0.000248194,30,0.933458
3.07,1,-0.983118,-0.756607,8.80574e-06,-9.06047,-0.226511
3.07,2,1.38312,1.30797,0.00103385,2.2526,0.0751557
3.07,3,-7.87457e-06,-0.0235783,0.0153514,0.226494,0.0235705
3.07,4,-0.399991,-0.372845,4.17876e-06,-0.217176,-0.0271467
3.07,5,5.11791e-06,7.58425e-06,1.58386e-05,-1.70833e-05,-2.46634e-06
3.08,0,1.28682,0.348374,-0.000247916,30,0.938447
3.08,1,-0.983831,-0.756607,8.73387e-06,-9.08896,-0.227223
3.08,2,1.38384,1.30798,0.0010332,2.27366,0.0758576
3.08,3,-7.90519e-06,-0.0234249,0.0153389,0.224967,0.023417
3.08,4,-0.399991,-0.372844,3.09567e-07,-0.217174,-0.0271467
3.08,5,5.13781e-06,7.64032e-06,-1.89247e-06,-1.19448e-05,-2.50251e-06
3.09,0,1.29181,0.348371,-0.000247714,30,0.943435
3.09,1,-0.984543,-0.756607,8.66808e-06,-9.11746,-0.227936
3.09,2,1.38455,1.30799,0.00103286,2.29472,0.0765595
3.09,3,-7.93582e-06,-0.0232716,0.0153311,0.223438,0.0232636
3.09,4,-0.399991,-0.372844,-2.30974e-06,-0.217172,-0.0271466
3.09,5,5.15772e-06,7.54887e-06,-1.43617e-05,-7.64725e-06,-2.39115e-06
3.1,0,1.29679,0.348369,-0.000247576,30,0.948423
3.1,1,-0.985255,-0.756607,8.60736e-06,-9.14595,-0.228648
3.1,2,1.38526,1.308,0.00103277,2.31578,0.0772615
3.1,3,-7.96645e-06,-0.0231183,0.0153273,0.221907,0.0231103
3.1,4,-0.399991,-0.372845,-3.90418e-06,-0.217171,-0.0271466
3.1,5,5.17762e-06,7.3571e-06,-2.25356e-05,-4.1367e-06,-2.17948e-06
3.11,0,1.30178,0.348366,-0.00024749,30,0.953411
3.11,1,-0.985967,-0.756607,8.55078e-06,-9.17444,-0.22936
3.11,2,1.38597,1.30801,0.0010329,2.33684,0.0779634
3.11,3,-7.99708e-06,-0.022965,0.0153267,0.220374,0.022957
3.11,4,-0.399991,-0.372845,-4.68033e-06,-0.217169,-0.0271465
3.11,5,5.19753e-06,7.10311e-06,-2.72831e-05,-1.34297e-06,-1.90558e-06
3.12,0,1.30676,0.348364,-0.000247445,30,0.958399
3.12,1,-0.98668,-0.756607,8.49745e-06,-9.20294,-0.230073
3.12,2,1.38669,1.30802,0.0010332,2.35789,0.0786654
3.12,3,-8.02771e-06,-0.0228117,0.0153286,0.21884,0.0228037
3.12,4,-0.399991,-0.372845,-4.82314e-06,-0.217169,-0.0271464
3.12,5,5.21744e-06,6.81688e-06,-2.93693e-05,8.13586e-07,-1.59944e-06
3.13,0,1.31175,0.348361,-0.000247432,30,0.963388
3.13,1,-0.987392,-0.756607,8.44661e-06,-9.23143,-0.230785
3.13,2,1.3874,1.30803,0.00103363,2.37895,0.0793673
3.13,3,-8.05834e-06,-0.0226584,0.0153324,0.217304,0.0226504
3.13,4,-0.399991,-0.372845,-4.49439e-06,-0.217168,-0.0271463
3.13,5,5.23734e-06,6.52129e-06,-2.9454e-05,2.41648e-06,-1.28394e-06
3.14,0,1.31673,0.348359,-0.000247441,30,0.968376
3.14,1,-0.988104,-0.756607,8.39757e-06,-9.25992,-0.231497
3.14,2,1.38811,1.30804,0.00103415,2.40001,0.0800692
3.14,3,-8.08896e-06,-0.0225051,0.0153377,0.215767,0.022497
3.14,4,-0.399991,-0.372845,-3.83238e-06,-0.217168,-0.0271462
3.14,5,5.25725e-06,6.23321e-06,-2.80956e-05,3.54889e-06,-9.7596e-07
3.15,0,1.32172,0.348356,-0.000247465,30,0.973364
3.15,1,-0.988816,-0.756607,8.34977e-06,-9.28841,-0.23221
3.15,2,1.38882,1.30805,0.00103473,2.42107,0.0807712
3.15,3,-8.11959e-06,-0.0223517,0.0153439,0.214229,0.0223435
3.15,4,-0.399991,-0.372845,-2.95261e-06,-0.217168,-0.0271462
3.15,5,5.27716e-06,5.96445e-06,-2.57566e-05,4.29048e-06,-6.87297e-07
3.16,0,1.32671,0.348354,-0.000247499,30,0.978352
3.16,1,-0.989529,-0.756607,8.30271e-06,-9.31691,-0.232922
3.16,2,1.38954,1.30806,0.00103535,2.44212,0.0814731
3.16,3,-8.15022e-06,-0.0221982,0.0153507,0.21269,0.02219
3.16,4,-0.399991,-0.372845,-1.94915e-06,-0.217168,-0.0271461
3.16,5,5.29706e-06,5.72269e-06,-2.28115e-05,4.71528e-06,-4.25633e-07
3.17,0,1.33169,0.348351,-0.000247537,30,0.98334
3.17,1,-0.990241,-0.756606,8.25601e-06,-9.3454,-0.233634
3.17,2,1.39025,1.30807,0.00103599,2.46318,0.082175
3.17,3,-8.18085e-06,-0.0220446,0.0153579,0.21115,0.0220365
3.17,4,-0.399991,-0.372845,-8.96496e-07,-0.217168,-0.0271461
3.17,5,5.31697e-06,5.51231e-06,-1.95564e-05,4.89024e-06,-1.95339e-07
3.18,0,1.33668,0.348349,-0.000247577,30,0.988329
3.18,1,-0.990953,-0.756606,8.20938e-06,-9.37389,-0.234347
3.18,2,1.39096,1.30808,0.00103664,2.48423,0.0828769
3.18,3,-8.21148e-06,-0.021891,0.015365,0.209609,0.0218828
3.18,4,-0.399991,-0.372845,1.48295e-07,-0.217168,-0.027146
3.18,5,5.33687e-06,5.33509e-06,-1.62185e-05,4.87448e-06,1.78749e-09
3.19,0,1.34166,0.348346,-0.000247614,30,0.993317
3.19,1,-0.991665,-0.756606,8.16257e-06,-9.40239,-0.235059
3.19,2,1.39167,1.30809,0.00103728,2.50529,0.0835788
3.19,3,-8.24211e-06,-0.0217373,0.0153721,0.208068,0.0217291
3.19,4,-0.399991,-0.372845,1.14333e-06,-0.217169,-0.027146
3.19,5,5.35678e-06,5.1909e-06,-1.29655e-05,4.71908e-06,1.65885e-07
3.2,0,1.34665,0.348344,-0.000247647,30,0.998305
3.2,1,-0.992378,-0.756606,8.11544e-06,-9.43088,-0.235771
3.2,2,1.39238,1.3081,0.0010379,2.52634,0.0842807
3.2,3,-8.27273e-06,-0.0215836,0.0153789,0.206526,0.0215753
3.2,4,-0.399991,-0.372845,2.0596e-06,-0.217169,-0.027146
3.2,5,5.37669e-06,5.0782e-06,-9.91555e-06,4.46712e-06,2.98491e-07
3.21,0,1.35163,0.348342,-0.000247674,30,1.00329
3.21,1,-0.99309,-0.756606,8.06786e-06,-9.45937,-0.236484
3.21,2,1.3931,1.30811,0.0010385,2.5474,0.0849826
3.21,3,-8.30336e-06,-0.0214298,0.0153854,0.204983,0.0214214
3.21,4,-0.399991,-0.372845,2.87878e-06,-0.217169,-0.027146
3.21,5,5.39659e-06,4.9945e-06,-7.14571e-06,4.15415e-06,4.02088e-07
3.22,0,1.35662,0.348339,-0.000247696,30,1.00828
3.22,1,-0.993802,-0.756606,8.01977e-06,-9.48786,-0.237196
3.22,2,1.39381,1.30812,0.00103908,2.56846,0.0856845
3.22,3,-8.33399e-06,-0.0212759,0.0153914,0.20344,0.0212675
3.22,4,-0.399991,-0.372845,3.5912e-06,-0.21717,-0.027146
3.22,5,5.4165e-06,4.93675e-06,-4.70014e-06,3.80877e-06,4.79747e-07
3.23,0,1.36161,0.348337,-0.00024771,30,1.01327
3.23,1,-0.994514,-0.756606,7.97115e-06,-9.51636,-0.237908
3.23,2,1.39452,1.30813,0.00103962,2.58951,0.0863863
3.23,3,-8.36462e-06,-0.0211219,0.0153971,0.201897,0.0211136
3.23,4,-0.399991,-0.372845,4.19395e-06,-0.21717,-0.027146
3.23,5,5.43641e-06,4.90158e-06,-2.59723e-06,3.45331e-06,5.34828e-07
3.24,0,1.36659,0.348334,-0.000247718,30,1.01826
3.24,1,-0.995227,-0.756606,7.92198e-06,-9.54485,-0.238621
3.24,2,1.39523,1.30815,0.00104014,2.61057,0.0870882
3.24,3,-8.39525e-06,-0.0209679,0.0154024,0.200354,0.0209595
3.24,4,-0.399991,-0.372845,4.68926e-06,-0.21717,-0.027146
3.24,5,5.45631e-06,4.88555e-06,-8.35893e-07,3.1046e-06,5.70766e-07
3.25,0,1.37158,0.348332,-0.000247719,30,1.02325
3.25,1,-0.995939,-0.756606,7.8723e-06,-9.57334,-0.239333
3.25,2,1.39595,1.30816,0.00104064,2.63162,0.0877901
3.25,3,-8.42588e-06,-0.0208139,0.0154072,0.19881,0.0208054
3.25,4,-0.399991,-0.372845,5.08308e-06,-0.217171,-0.027146
3.25,5,5.47622e-06,4.88532e-06,5.99129e-07,2.77478e-06,5.90903e-07
3.26,0,1.37656,0.348329,-0.000247715,30,1.02823
3.26,1,-0.996651,-0.756606,7.82213e-06,-9.60184,-0.240045
3.26,2,1.39666,1.30817,0.0010411,2.65268,0.0884919
3.26,3,-8.45651e-06,-0.0206598,0.0154117,0.197266,0.0206513
3.26,4,-0.399991,-0.372845,5.38384e-06,-0.217171,-0.027146
3.26,5,5.49612e-06,4.89775e-06,1.73275e-06,2.47203e-06,5.98371e-07
3.27,0,1.38155,0.348327,-0.000247704,30,1.03322
3.27,1,-0.997363,-0.756606,7.77151e-06,-9.63033,-0.240758
3.27,2,1.39737,1.30818,0.00104155,2.67373,0.0891938
3.27,3,-8.48713e-06,-0.0205056,0.0154159,0.195722,0.0204971
3.27,4,-0.399991,-0.372844,5.6015e-06,-0.217171,-0.027146
3.27,5,5.51603e-06,4.92001e-06,2.59593e-06,2.20131e-06,5.96018e-07
3.28,0,1.38654,0.348324,-0.000247689,30,1.03821
3.28,1,-0.998076,-0.756606,7.7205e-06,-9.65882,-0.24147
3.28,2,1.39808,1.30819,0.00104198,2.69479,0.0898957
3.28,3,-8.51776e-06,-0.0203514,0.0154197,0.194177,0.0203429
3.28,4,-0.39999,-0.372844,5.74676e-06,-0.217171,-0.0271461
3.28,5,5.53594e-06,4.94958e-06,3.22271e-06,1.96499e-06,5.86361e-07
3.29,0,1.39152,0.348322,-0.00024767,30,1.0432
3.29,1,-0.998788,-0.756605,7.66914e-06,-9.68731,-0.242182
3.29,2,1.39879,1.3082,0.00104239,2.71584,0.0905975
3.29,3,-8.54839e-06,-0.0201972,0.0154233,0.192633,0.0201887
3.29,4,-0.39999,-0.372844,5.83041e-06,-0.217172,-0.0271461
3.29,5,5.55584e-06,4.98427e-06,3.64801e-06,1.76347e-06,5.71574e-07
3.3,0,1.39651,0.348319,-0.000247647,30,1.04819
3.3,1,-0.9995,-0.756605,7.61749e-06,-9.71581,-0.242895
3.3,2,1.39951,1.30821,0.00104278,2.73689,0.0912993
3.3,3,-8.57902e-06,-0.020043,0.0154267,0.191088,0.0200344
3.3,4,-0.39999,-0.372844,5.86292e-06,-0.217172,-0.0271461
3.3,5,5.57575e-06,5.02227e-06,3.90593e-06,1.59563e-06,5.53482e-07
3.31,0,1.4,0.348317,-0.000247073,30,1.05168
3.31,1,-0.999999,-0.756605,8.1705e-06,-9.73575,-0.243393
3.31,2,1.40001,1.30822,0.00103975,2.75155,0.0917875
3.31,3,-8.60046e-06,-0.0198887,0.0153954,0.189564,0.0198801
3.31,4,-0.39999,-0.372844,1.014e-05,-0.217174,-0.0271462
3.31,5,5.58968e-06,5.10448e-06,3.54705e-05,-8.21514e-06,4.852e-07
3.32,0,1.4,0.348314,-0.000236275,30,1.05168
3.32,1,-0.999999,-0.756605,8.37129e-06,-9.73576,-0.243393
3.32,2,1.40001,1.30823,0.000993645,2.75133,0.0917773
3.32,3,-8.60046e-06,-0.0197379,0.0147267,0.188457,0.0197293
3.32,4,-0.39999,-0.372844,7.13786e-05,-0.217208,-0.0271466
3.32,5,5.58968e-06,7.84939e-06,0.00051916,-0.000167047,-2.25971e-06
3.33,0,1.4,0.348312,-0.00021775,30,1.05168
3.33,1,-0.999999,-0.756605,7.00465e-06,-9.73576,-0.243393
3.33,2,1.40001,1.30824,0.000917228,2.7512,0.0917678
3.33,3,-8.60046e-06,-0.0195967,0.0135758,0.187735,0.0195881
3.33,4,-0.39999,-0.372843,0.00014883,-0.217256,-0.0271477
3.33,5,5.58968e-06,1.61548e-05,0.00106614,-0.000372669,-1.05651e-05
3.34,0,1.4,0.34831,-0.000195833,30,1.05169
3.34,1,-0.999999,-0.756605,5.26578e-06,-9.73576,-0.243393
3.34,2,1.40001,1.30825,0.000826878,2.75112,0.0917591
3.34,3,-8.60046e-06,-0.0194683,0.0122123,0.18727,0.0194597
3.34,4,-0.39999,-0.372841,0.000209625,-0.217301,-0.0271495
3.34,5,5.58968e-06,2.89571e-05,0.0014208,-0.000543078,-2.33674e-05
3.35,0,1.4,0.348308,-0.000172755,30,1.05169
3.35,1,-0.999999,-0.756605,3.42365e-06,-9.73575,-0.243394
3.35,2,1.40001,1.30825,0.000731662,2.75108,0.0917514
3.35,3,-8.60046e-06,-0.0193541,0.0107754,0.18699,0.0193455
3.35,4,-0.39999,-0.372839,0.00024405,-0.217337,-0.0271518
3.35,5,5.58968e-06,4.40517e-05,0.0015503,-0.0006574,-3.8462e-05
3.36,0,1.4,0.348307,-0.000149803,30,1.05169
3.36,1,-0.999999,-0.756605,1.5905e-06,-9.73575,-0.243394
3.36,2,1.40001,1.30826,0.000636887,2.75106,0.0917446
3.36,3,-8.60046e-06,-0.0192542,0.00934542,0.186849,0.0192456
3.36,4,-0.39999,-0.372836,0.000252303,-0.217361,-0.0271544
3.36,5,5.58968e-06,5.93775e-05,0.00149444,-0.000717271,-5.37878e-05
3.37,0,1.4,0.348305,-0.00012778,30,1.05169
3.37,1,-0.999999,-0.756605,-1.68505e-07,-9.73574,-0.243394
3.37,2,1.40001,1.30827,0.000545889,2.75107,0.0917387
3.37,3,-8.60046e-06,-0.0191684,0.00797259,0.186814,0.0191598
3.37,4,-0.39999,-0.372834,0.000238589,-0.217374,-0.0271568
3.37,5,5.58968e-06,7.33869e-05,0.00130916,-0.000731733,-6.77972e-05
3.38,0,1.4,0.348304,-0.000107204,30,1.05169
3.38,1,-0.999999,-0.756605,-1.81193e-06,-9.73574,-0.243394
3.38,2,1.40001,1.30827,0.000460824,2.75109,0.0917337
3.38,3,-8.60046e-06,-0.0190958,0.00668941,0.186858,0.0190872
3.38,4,-0.39999,-0.372831,0.000208432,-0.217377,-0.0271591
3.38,5,5.58968e-06,8.50785e-05,0.00104646,-0.000711382,-7.94888e-05
3.39,0,1.4,0.348303,-8.83981e-05,30,1.05169
3.39,1,-0.999999,-0.756605,-3.31397e-06,-9.73573,-0.243394
3.39,2,1.40001,1.30828,0.000383042,2.75112,0.0917296
3.39,3,-8.60046e-06,-0.0190355,0.0055162,0.186959,0.0190269
3.39,4,-0.39999,-0.372829,0.000167418,-0.217371,-0.0271609
3.39,5,5.58968e-06,9.39184e-05,0.000748411,-0.000666167,-8.83288e-05
3.4,0,1.4,0.348302,-7.1541e-05,30,1.05169
3.4,1,-0.999999,-0.756605,-4.6603e-06,-9.73573,-0.243393
3.4,2,1.40001,1.30828,0.000313296,2.75116,0.0917261
3.4,3,-8.60046e-06,-0.0189862,0.00446429,0.187097,0.0189776
3.4,4,-0.39999,-0.372828,0.000120587,-0.217359,-0.0271623
3.4,5,5.58968e-06,9.97344e-05,0.0004464,-0.000604644,-9.41447e-05
3.41,0,1.4,0.348302,-5.67018e-05,30,1.05169
3.41,1,-0.999999,-0.756605,-5.84543e-06,-9.73572,-0.243393
3.41,2,1.40001,1.30828,0.000251883,2.7512,0.0917233
3.41,3,-8.60046e-06,-0.0189467,0.00353811,0.187259,0.0189381
3.41,4,-0.39999,-0.372827,7.21619e-05,-0.217342,-0.0271633
3.41,5,5.58968e-06,0.000102614,0.000162295,-0.000533811,-9.70245e-05
3.42,0,1.4,0.348301,-4.38651e-05,30,1.0517
3.42,1,-0.999999,-0.756605,-6.87058e-06,-9.73571,-0.243393
3.42,2,1.40001,1.30828,0.000198745,2.75124,0.0917211
3.42,3,-8.60046e-06,-0.0189159,0.00273676,0.187431,0.0189073
3.42,4,-0.39999,-0.372827,2.54521e-05,-0.217323,-0.0271637
3.42,5,5.58968e-06,0.00010282,-8.99088e-05,-0.000459177,-9.72299e-05
3.43,0,1.4,0.348301,-3.29523e-05,30,1.0517
3.43,1,-0.999999,-0.756605,-7.74205e-06,-9.73571,-0.243393
3.43,2,1.40001,1.30829,0.000153563,2.75127,0.0917194
3.43,3,-8.60046e-06,-0.0188923,0.00205543,0.187604,0.0188837
3.43,4,-0.39999,-0.372827,-1.71255e-05,-0.217301,-0.0271638
3.43,5,5.58968e-06,0.000100717,-0.000302406,-0.000384916,-9.51275e-05
3.44,0,1.4,0.3483,-2.38396e-05,30,1.0517
3.44,1,-0.999999,-0.756605,-8.46973e-06,-9.7357,-0.243393
3.44,2,1.40001,1.30829,0.000115829,2.75131,0.0917181
3.44,3,-8.60046e-06,-0.018875,0.00148642,0.187772,0.0188664
3.44,4,-0.39999,-0.372827,-5.39713e-05,-0.21728,-0.0271634
3.44,5,5.58968e-06,9.67242e-05,-0.000472075,-0.00031405,-9.11345e-05
3.45,0,1.4,0.3483,-1.63732e-05,30,1.0517
3.45,1,-0.999999,-0.756605,-9.06589e-06,-9.7357,-0.243393
3.45,2,1.40001,1.30829,8.4909e-05,2.75134,0.0917171
3.45,3,-8.60046e-06,-0.0188628,0.00102018,0.18793,0.0188542
3.45,4,-0.39999,-0.372828,-8.41908e-05,-0.217259,-0.0271627
3.45,5,5.58968e-06,9.127e-05,-0.000599196,-0.000248643,-8.56803e-05
3.46,0,1.4,0.3483,-1.03819e-05,30,1.0517
3.46,1,-0.999999,-0.756606,-9.54424e-06,-9.73569,-0.243393
3.46,2,1.40001,1.30829,6.00961e-05,2.75137,0.0917164
3.46,3,-8.60046e-06,-0.0188547,0.000646026,0.188074,0.0188461
3.46,4,-0.39999,-0.372829,-0.000107469,-0.21724,-0.0271617
3.46,5,5.58968e-06,8.4767e-05,-0.000686392,-0.000189969,-7.91773e-05
3.47,0,1.4,0.3483,-5.68716e-06,30,1.0517
3.47,1,-0.999999,-0.756606,-9.91902e-06,-9.73569,-0.243393
3.47,2,1.40001,1.30829,4.06519e-05,2.75139,0.0917159
3.47,3,-8.60046e-06,-0.0188499,0.000352833,0.188202,0.0188413
3.47,4,-0.39999,-0.37283,-0.000123942,-0.217222,-0.0271605
3.47,5,5.58968e-06,7.75928e-05,-0.000737781,-0.000138682,-7.20032e-05
3.48,0,1.4,0.3483,-2.111e-06,30,1.0517
3.48,1,-0.999999,-0.756606,-1.02045e-05,-9.73568,-0.243393
3.48,2,1.40001,1.30829,2.584e-05,2.75141,0.0917156
3.48,3,-8.60046e-06,-0.0188477,0.000129492,0.188313,0.0188391
3.48,4,-0.39999,-0.372831,-0.000134078,-0.217207,-0.0271592
3.48,5,5.58968e-06,7.00788e-05,-0.000758315,-9.49511e-05,-6.44891e-05
3.49,0,1.4,0.3483,5.1791e-07,30,1.0517
3.49,1,-0.999999,-0.756606,-1.04143e-05,-9.73568,-0.243393
3.49,2,1.40001,1.30829,1.49513e-05,2.75143,0.0917154
3.49,3,-8.60046e-06,-0.0188473,-3.46924e-05,0.188408,0.0188387
3.49,4,-0.39999,-0.372833,-0.000138569,-0.217193,-0.0271578
3.49,5,5.58968e-06,6.25044e-05,-0.000753278,-5.85901e-05,-5.69147e-05
3.5,0,1.4,0.3483,2.35995e-06,30,1.0517
3.5,1,-0.999999,-0.756606,-1.05612e-05,-9.73567,-0.243393
3.5,2,1.40001,1.30829,7.32162e-06,2.75144,0.0917153
3.5,3,-8.60046e-06,-0.0188484,-0.000149734,0.188487,0.0188398
3.5,4,-0.39999,-0.372834,-0.000138237,-0.217183,-0.0271565
3.5,5,5.58968e-06,5.50964e-05,-0.00072792,-2.91578e-05,-4.95067e-05
3.51,0,1.4,0.3483,3.56172e-06,30,1.0517
3.51,1,-0.999999,-0.756606,-1.06571e-05,-9.73567,-0.243393
3.51,2,1.40001,1.30829,2.3439e-06,2.75145,0.0917152
3.51,3,-8.60046e-06,-0.0188503,-0.000224789,0.188552,0.0188417
3.51,4,-0.39999,-0.372835,-0.000133963,-0.217174,-0.0271551
3.51,5,5.58968e-06,4.80304e-05,-0.000687194,-6.04554e-06,-4.24408e-05
3.52,0,1.4,0.3483,4.25434e-06,30,1.0517
3.52,1,-0.999999,-0.756606,-1.07123e-05,-9.73566,-0.243392
3.52,2,1.40001,1.30829,-5.2495e-07,2.75146,0.0917152
3.52,3,-8.60046e-06,-0.0188528,-0.000268045,0.188603,0.0188442
3.52,4,-0.39999,-0.372837,-0.000126624,-0.217167,-0.0271538
3.52,5,5.58968e-06,4.1435e-05,-0.000635597,1.14526e-05,-3.58453e-05
3.53,0,1.4,0.3483,4.55275e-06,30,1.0517
3.53,1,-0.999999,-0.756606,-1.0736e-05,-9.73566,-0.243392
3.53,2,1.40001,1.30829,-1.76103e-06,2.75146,0.0917152
3.53,3,-8.60046e-06,-0.0188556,-0.000286681,0.188642,0.018847
3.53,4,-0.39999,-0.372838,-0.000117051,-0.217162,-0.0271526
3.53,5,5.58968e-06,3.53967e-05,-0.000577068,2.40854e-05,-2.9807e-05
3.54,0,1.4,0.3483,4.55576e-06,30,1.0517
3.54,1,-0.999999,-0.756606,-1.07361e-05,-9.73566,-0.243392
3.54,2,1.40001,1.30829,-1.77359e-06,2.75146,0.0917152
3.54,3,-8.60046e-06,-0.0188585,-0.000286869,0.188671,0.0188499
3.54,4,-0.39999,-0.372839,-0.000105999,-0.217159,-0.0271515
3.54,5,5.58968e-06,2.99659e-05,-0.000514945,3.26025e-05,-2.43762e-05
3.55,0,1.4,0.3483,4.34665e-06,30,1.0517
3.55,1,-0.999999,-0.756606,-1.07193e-05,-9.73565,-0.243392
3.55,2,1.40001,1.30829,-9.07581e-07,2.75146,0.0917152
3.55,3,-8.60046e-06,-0.0188613,-0.000273809,0.188691,0.0188527
3.55,4,-0.39999,-0.37284,-9.41289e-05,-0.217157,-0.0271505
3.55,5,5.58968e-06,2.51631e-05,-0.000451968,3.77236e-05,-1.95734e-05
3.56,0,1.4,0.3483,3.99418e-06,30,1.0517
3.56,1,-0.999999,-0.756607,-1.06911e-05,-9.73565,-0.243392
3.56,2,1.40001,1.30829,5.52168e-07,2.75146,0.0917152
3.56,3,-8.60046e-06,-0.0188639,-0.000251796,0.188704,0.0188553
3.56,4,-0.39999,-0.372841,-8.19973e-05,-0.217156,-0.0271496
3.56,5,5.58968e-06,2.09844e-05,-0.000390302,4.01172e-05,-1.53947e-05
3.57,0,1.4,0.3483,3.55389e-06,30,1.0517
3.57,1,-0.999999,-0.756607,-1.06559e-05,-9.73564,-0.243392
3.57,2,1.40001,1.30829,2.37564e-06,2.75145,0.0917152
3.57,3,-8.60046e-06,-0.0188663,-0.000224299,0.188711,0.0188577
3.57,4,-0.39999,-0.372842,-7.00553e-05,-0.217156,-0.0271488
3.57,5,5.58968e-06,1.74072e-05,-0.000331584,4.03872e-05,-1.18176e-05
3.58,0,1.4,0.3483,3.06951e-06,30,1.0517
3.58,1,-0.999999,-0.756607,-1.06171e-05,-9.73564,-0.243392
3.58,2,1.40001,1.30829,4.38171e-06,2.75145,0.0917152
3.58,3,-8.60046e-06,-0.0188684,-0.000194048,0.188714,0.0188598
3.58,4,-0.39999,-0.372842,-5.86521e-05,-0.217156,-0.0271482
3.58,5,5.58968e-06,1.43955e-05,-0.000276982,3.90656e-05,-8.80578e-06
3.59,0,1.4,0.3483,2.57447e-06,30,1.0517
3.59,1,-0.999999,-0.756607,-1.05776e-05,-9.73563,-0.243392
3.59,2,1.40001,1.30829,6.43192e-06,2.75144,0.0917151
3.59,3,-8.60046e-06,-0.0188701,-0.000163133,0.188713,0.0188615
3.59,4,-0.39999,-0.372843,-4.80431e-05,-0.217157,-0.0271477
3.59,5,5.58968e-06,1.19033e-05,-0.00022726,3.66097e-05,-6.31366e-06
3.6,0,1.4,0.3483,2.09338e-06,30,1.0517
3.6,1,-0.999999,-0.756607,-1.05391e-05,-9.73563,-0.243392
3.6,2,1.40001,1.30829,8.42436e-06,2.75144,0.0917151
3.6,3,-8.60046e-06,-0.0188716,-0.000133088,0.18871,0.018863
3.6,4,-0.39999,-0.372843,-3.84002e-05,-0.217159,-0.0271473
3.6,5,5.58968e-06,9.87949e-06,-0.000182842,3.34036e-05,-4.28981e-06
3.61,0,1.4,0.3483,1.64345e-06,30,1.0517
3.61,1,-0.999999,-0.756607,-1.05032e-05,-9.73563,-0.243391
3.61,2,1.40001,1.30829,1.02877e-05,2.75143,0.091715
3.61,3,-8.60046e-06,-0.0188728,-0.000104989,0.188705,0.0188642
3.61,4,-0.39999,-0.372843,-2.98233e-05,-0.21716,-0.0271469
3.61,5,5.58968e-06,8.26986e-06,-0.000143876,2.97618e-05,-2.68018e-06
3.62,0,1.4,0.3483,1.23584e-06,30,1.0517
3.62,1,-0.999999,-0.756607,-1.04706e-05,-9.73562,-0.243391
3.62,2,1.40001,1.30829,1.19758e-05,2.75142,0.0917149
3.62,3,-8.60046e-06,-0.0188737,-7.95337e-05,0.188699,0.0188651
3.62,4,-0.39999,-0.372844,-2.23524e-05,-0.217162,-0.0271467
3.62,5,5.58968e-06,7.02017e-06,-0.000110291,2.59349e-05,-1.43048e-06
3.63,0,1.4,0.3483,8.7683e-07,30,1.0517
3.63,1,-0.999999,-0.756607,-1.04419e-05,-9.73562,-0.243391
3.63,2,1.40001,1.30829,1.34627e-05,2.75142,0.0917147
3.63,3,-8.60046e-06,-0.0188743,-5.71135e-05,0.188692,0.0188657
3.63,4,-0.39999,-0.372844,-1.59798e-05,-0.217164,-0.0271465
3.63,5,5.58968e-06,6.07775e-06,-8.18558e-05,2.21164e-05,-4.88064e-07
3.64,0,1.4,0.3483,5.68936e-07,30,1.0517
3.64,1,-0.999999,-0.756607,-1.04173e-05,-9.73561,-0.243391
3.64,2,1.40001,1.30829,1.47378e-05,2.75141,0.0917146
3.64,3,-8.60046e-06,-0.0188748,-3.78853e-05,0.188685,0.0188662
3.64,4,-0.39999,-0.372844,-1.06608e-05,-0.217165,-0.0271463
3.64,5,5.58968e-06,5.39296e-06,-5.822e-05,1.84496e-05,1.96725e-07
3.65,0,1.4,0.3483,3.11807e-07,30,1.0517
3.65,1,-0.999999,-0.756608,-1.03967e-05,-9.73561,-0.243391
3.65,2,1.40001,1.30829,1.58027e-05,2.7514,0.0917144
3.65,3,-8.60046e-06,-0.0188751,-2.18274e-05,0.188678,0.0188665
3.65,4,-0.39999,-0.372844,-6.32409e-06,-0.217167,-0.0271463
3.65,5,5.58968e-06,4.9201e-06,-3.89575e-05,1.50352e-05,6.69584e-07
3.66,0,1.4,0.3483,1.03031e-07,30,1.0517
3.66,1,-0.999999,-0.756608,-1.03801e-05,-9.73561,-0.243391
3.66,2,1.40001,1.30829,1.66673e-05,2.75139,0.0917143
3.66,3,-8.60046e-06,-0.0188752,-8.78916e-06,0.188672,0.0188666
3.66,4,-0.39999,-0.372844,-2.88046e-06,-0.217168,-0.0271462
3.66,5,5.58968e-06,4.618e-06,-2.35989e-05,1.19381e-05,9.71687e-07
3.67,0,1.4,0.3483,-6.12004e-08,30,1.0517
3.67,1,-0.999999,-0.756608,-1.03669e-05,-9.7356,-0.243391
3.67,2,1.40001,1.30829,1.73475e-05,2.75139,0.0917141
3.67,3,-8.60046e-06,-0.0188753,1.46732e-06,0.188666,0.0188667
3.67,4,-0.39999,-0.372844,-2.30272e-07,-0.21717,-0.0271462
3.67,5,5.58968e-06,4.45028e-06,-1.16581e-05,9.19446e-06,1.13941e-06
3.68,0,1.4,0.3483,-1.85561e-07,30,1.0517
3.68,1,-0.999999,-0.756608,-1.0357e-05,-9.7356,-0.243391
3.68,2,1.40001,1.30829,1.78625e-05,2.75138,0.0917139
3.68,3,-8.60046e-06,-0.0188752,9.23384e-06,0.188661,0.0188666
3.68,4,-0.39999,-0.372844,1.73041e-06,-0.217171,-0.0271462
3.68,5,5.58968e-06,4.38542e-06,-2.65389e-06,6.81746e-06,1.20426e-06
3.69,0,1.4,0.3483,-2.75158e-07,30,1.0517
3.69,1,-0.999999,-0.756608,-1.03498e-05,-9.73559,-0.243391
3.69,2,1.40001,1.30829,1.82336e-05,2.75138,0.0917137
3.69,3,-8.60046e-06,-0.0188751,1.48293e-05,0.188656,0.0188665
3.69,4,-0.39999,-0.372844,3.10496e-06,-0.217171,-0.0271462
3.69,5,5.58968e-06,4.39663e-06,3.87487e-06,4.80282e-06,1.19306e-06
3.7,0,1.4,0.3483,-3.35202e-07,30,1.0517
3.7,1,-0.999999,-0.756608,-1.0345e-05,-9.73559,-0.243391
3.7,2,1.40001,1.30829,1.84822e-05,2.75137,0.0917136
3.7,3,-8.60046e-06,-0.0188749,1.85792e-05,0.188652,0.0188663
3.7,4,-0.39999,-0.372844,3.99253e-06,-0.217172,-0.0271463
3.7,5,5.58968e-06,4.46153e-06,8.35787e-06,3.13342e-06,1.12816e-06
3.71,0,1.4,0.3483,-3.70765e-07,30,1.0517
3.71,1,-0.999999,-0.756608,-1.03422e-05,-9.73559,-0.24339
3.71,2,1.40001,1.30829,1.86295e-05,2.75136,0.0917134
3.71,3,-8.60046e-06,-0.0188747,2.08003e-05,0.188649,0.0188661
3.71,4,-0.39999,-0.372844,4.48542e-06,-0.217173,-0.0271463
3.71,5,5.58968e-06,4.56185e-06,1.11861e-05,1.78334e-06,1.02783e-06
3.72,0,1.4,0.3483,-3.86606e-07,30,1.0517
3.72,1,-0.999999,-0.756608,-1.03409e-05,-9.73558,-0.24339
3.72,2,1.40001,1.30829,1.86951e-05,2.75136,0.0917132
3.72,3,-8.60046e-06,-0.0188745,2.17897e-05,0.188646,0.0188659
3.72,4,-0.39999,-0.372844,4.6673e-06,-0.217173,-0.0271464
3.72,5,5.58968e-06,4.683e-06,1.27077e-05,7.21103e-07,9.06684e-07
3.73,0,1.4,0.3483,-3.87056e-07,30,1.0517
3.73,1,-0.999999,-0.756608,-1.03409e-05,-9.73558,-0.24339
3.73,2,1.40001,1.30829,1.8697e-05,2.75135,0.091713
3.73,3,-8.60046e-06,-0.0188743,2.18178e-05,0.188644,0.0188657
3.73,4,-0.39999,-0.372844,4.61227e-06,-0.217174,-0.0271464
3.73,5,5.58968e-06,4.81362e-06,1.32267e-05,-8.76751e-08,7.76065e-07
3.74,0,1.4,0.3483,-3.75952e-07,30,1.0517
3.74,1,-0.999999,-0.756608,-1.03417e-05,-9.73557,-0.24339
3.74,2,1.40001,1.30829,1.86509e-05,2.75135,0.0917128
3.74,3,-8.60046e-06,-0.0188741,2.11245e-05,0.188642,0.0188655
3.74,4,-0.39999,-0.372844,4.38445e-06,-0.217174,-0.0271465
3.74,5,5.58968e-06,4.94515e-06,1.30029e-05,-6.78191e-07,6.44538e-07
3.75,0,1.4,0.3483,-3.56614e-07,30,1.0517
3.75,1,-0.999999,-0.756609,-1.03433e-05,-9.73557,-0.24339
3.75,2,1.40001,1.30829,1.85708e-05,2.75134,0.0917126
3.75,3,-8.60046e-06,-0.0188739,1.99169e-05,0.188641,0.0188653
3.75,4,-0.39999,-0.372844,4.03808e-06,-0.217174,-0.0271465
3.75,5,5.58968e-06,5.07139e-06,1.22546e-05,-1.08489e-06,5.18297e-07
3.76,0,1.4,0.3483,-3.31839e-07,30,1.0517
3.76,1,-0.999999,-0.756609,-1.03453e-05,-9.73556,-0.24339
3.76,2,1.40001,1.30829,1.84682e-05,2.75134,0.0917124
3.76,3,-8.60046e-06,-0.0188737,1.83697e-05,0.18864,0.0188651
3.76,4,-0.39999,-0.372844,3.61794e-06,-0.217174,-0.0271465
3.76,5,5.58968e-06,5.18811e-06,1.11607e-05,-1.34033e-06,4.01573e-07
3.77,0,1.4,0.3483,-3.03927e-07,30,1.0517
3.77,1,-0.999999,-0.756609,-1.03475e-05,-9.73556,-0.24339
3.77,2,1.40001,1.30829,1.83526e-05,2.75133,0.0917123
3.77,3,-8.60046e-06,-0.0188735,1.66266e-05,0.188639,0.0188649
3.77,4,-0.39999,-0.372844,3.16008e-06,-0.217174,-0.0271466
3.77,5,5.58968e-06,5.29268e-06,9.86481e-06,-1.47443e-06,2.97004e-07
3.78,0,1.4,0.3483,-2.74717e-07,30,1.0517
3.78,1,-0.999999,-0.756609,-1.03498e-05,-9.73556,-0.24339
3.78,2,1.40001,1.30829,1.82316e-05,2.75133,0.0917121
3.78,3,-8.60046e-06,-0.0188733,1.48024e-05,0.188639,0.0188647
3.78,4,-0.39999,-0.372844,2.69265e-06,-0.217174,-0.0271466
3.78,5,5.58968e-06,5.38372e-06,8.47928e-06,-1.51395e-06,2.05966e-07
3.79,0,1.4,0.3483,-2.45631e-07,30,1.0517
3.79,1,-0.999999,-0.756609,-1.03521e-05,-9.73555,-0.24339
3.79,2,1.40001,1.30829,1.81111e-05,2.75132,0.0917119
3.79,3,-8.60046e-06,-0.0188732,1.2986e-05,0.188638,0.0188646
3.79,4,-0.39999,-0.372844,2.23685e-06,-0.217174,-0.0271466
3.79,5,5.58968e-06,5.46081e-06,7.089e-06,-1.48235e-06,1.2887e-07
3.8,0,1.4,0.3483,-2.17725e-07,30,1.0517
3.8,1,-0.999999,-0.756609,-1.03543e-05,-9.73555,-0.243389
3.8,2,1.40001,1.30829,1.79955e-05,2.75132,0.0917117
3.8,3,-8.60046e-06,-0.0188731,1.12433e-05,0.188638,0.0188645
3.8,4,-0.39999,-0.372844,1.80789e-06,-0.217174,-0.0271466
3.8,5,5.58968e-06,5.52428e-06,5.75569e-06,-1.39968e-06,6.54061e-08
