sim_t,joint,desired,actual,velocity,torque,error
0,0,0,0,0,0,0
0,1,-0.8,-0.8,0,0,0
0,2,1.2,1.2,0,-6.66134e-15,-2.22045e-16
0,3,0,0,0,0,0
0,4,-0.4,-0.4,0,0,0
0,5,0,0,0,0,0
0.01,0,0,0,0,0,0
0.01,1,-0.8,-0.799036,0.16595,-0.536428,-0.000964426
0.01,2,1.2,1.20018,0.0384837,-0.0823016,-0.000177805
0.01,3,0,0,0,0,0
0.01,4,-0.4,-0.401011,-0.1636,0.089886,0.00101077
0.01,5,0,0,0,0,0
0.02,0,0,0,0,0,0
0.02,1,-0.8,-0.796699,0.2836,-0.982847,-0.00330121
0.02,2,1.2,1.20089,0.100179,-0.227177,-0.000893941
0.02,3,0,0,0,0,0
0.02,4,-0.4,-0.402999,-0.213878,0.130932,0.00299909
0.02,5,0,0,0,0,0
0.03,0,0,0,0,0,0
0.03,1,-0.8,-0.79336,0.371512,-1.38016,-0.00664049
0.03,2,1.2,1.20226,0.165307,-0.398268,-0.00225512
0.03,3,0,0,0,0,0
0.03,4,-0.4,-0.40506,-0.191605,0.136286,0.00506038
0.03,5,0,0,0,0,0
0.04,0,0,0,0,0,0
0.04,1,-0.8,-0.789258,0.439158,-1.74714,-0.0107418
0.04,2,1.2,1.20425,0.226588,-0.580675,-0.00424998
0.04,3,0,0,0,0,0
0.04,4,-0.4,-0.406654,-0.128913,0.117692,0.00665443
0.04,5,0,0,0,0,0
0.05,0,0,0,0,0,0
0.05,1,-0.8,-0.784566,0.491833,-2.09285,-0.0154339
0.05,2,1.2,1.20682,0.281133,-0.766927,-0.00682205
0.05,3,0,0,0,0,0
0.05,4,-0.4,-0.407507,-0.0480056,0.0840564,0.0075067
0.05,5,0,0,0,0,0
0.06,0,0,0,0,0,0
0.06,1,-0.8,-0.779414,0.532665,-2.42142,-0.0205856
0.06,2,1.2,1.2099,0.327782,-0.952464,-0.00989669
0.06,3,0,0,0,0,0
0.06,4,-0.4,-0.407519,0.0368425,0.0417314,0.00751908
0.06,5,0,0,0,0,0
0.07,0,0,0,0,0,0
0.07,1,-0.8,-0.77391,0.563557,-2.73426,-0.0260898
0.07,2,1.2,1.21339,0.366159,-1.13409,-0.0133924
0.07,3,0,0,0,0,0
0.07,4,-0.4,-0.406703,0.117015,-0.00488035,0.00670341
0.07,5,0,0,0,0,0
0.08,0,0,0,0,0,0
0.08,1,-0.8,-0.768146,0.585705,-3.03128,-0.031854
0.08,2,1.2,1.21723,0.396296,-1.30939,-0.0172265
0.08,3,0,0,0,0,0
0.08,4,-0.4,-0.405135,0.18773,-0.0527828,0.00513529
0.08,5,0,0,0,0,0
0.09,0,0,0,0,0,0
0.09,1,-0.8,-0.762205,0.599905,-3.31154,-0.0377955
0.09,2,1.2,1.22132,0.418456,-1.47645,-0.0213178
0.09,3,0,0,0,0,0
0.09,4,-0.4,-0.402923,0.246709,-0.0999671,0.00292345
0.09,5,0,0,0,0,0
0.1,0,0,0,0,0,0
0.1,1,-0.8,-0.756162,0.606744,-3.57375,-0.043838
0.1,2,1.2,1.22559,0.43304,-1.63374,-0.0255886
0.1,3,0,0,0,0,0
0.1,4,-0.4,-0.40019,0.293258,-0.145108,0.000190081
0.1,5,0,0,0,0,0
0.11,0,0,0,0,0,0
0.11,1,-0.8,-0.750089,0.606714,-3.81657,-0.0499108
0.11,2,1.2,1.22997,0.440534,-1.78004,-0.0299659
0.11,3,0,0,0,0,0
0.11,4,-0.4,-0.397059,0.327642,-0.187352,-0.00294137
0.11,5,0,0,0,0,0
0.12,0,0,0,0,0,0
0.12,1,-0.8,-0.744052,0.600284,-4.03876,-0.0559476
0.12,2,1.2,1.23438,0.441472,-1.91439,-0.0343815
0.12,3,0,0,0,0,0
0.12,4,-0.4,-0.393647,0.350674,-0.226164,-0.0063534
0.12,5,0,0,0,0,0
0.13,0,0,0,0,0,0
0.13,1,-0.8,-0.738113,0.587937,-4.2393,-0.0618872
0.13,2,1.2,1.23877,0.436424,-2.03604,-0.0387732
0.13,3,0,0,0,0,0
0.13,4,-0.4,-0.390062,0.363451,-0.261232,-0.00993838
0.13,5,0,0,0,0,0
0.14,0,0,0,0,0,0
0.14,1,-0.8,-0.732327,0.570184,-4.41748,-0.0676732
0.14,2,1.2,1.24308,0.425975,-2.14448,-0.0430842
0.14,3,0,0,0,0,0
0.14,4,-0.4,-0.3864,0.367186,-0.292396,-0.0136004
0.14,5,0,0,0,0,0
0.15,0,0,0,0,0,0
0.15,1,-0.8,-0.726746,0.547576,-4.57291,-0.0732545
0.15,2,1.2,1.24726,0.410723,-2.23936,-0.0472638
0.15,3,0,0,0,0,0
0.15,4,-0.4,-0.382744,0.363109,-0.319601,-0.0172558
0.15,5,0,0,0,0,0
0.16,0,0,0,0,0,0
0.16,1,-0.8,-0.721414,0.520693,-4.70551,-0.0785856
0.16,2,1.2,1.25127,0.391267,-2.32055,-0.0512672
0.16,3,0,0,0,0,0
0.16,4,-0.4,-0.379167,0.352406,-0.342867,-0.020833
0.16,5,0,0,0,0,0
0.17,0,0,0,0,0,0
0.17,1,-0.8,-0.716373,0.490142,-4.81552,-0.0836273
0.17,2,1.2,1.25506,0.368208,-2.38809,-0.0550558
0.17,3,0,0,0,0,0
0.17,4,-0.4,-0.375728,0.33619,-0.362271,-0.024272
0.17,5,0,0,0,0,0
0.18,0,0,0,0,0,0
0.18,1,-0.8,-0.711654,0.456543,-4.90348,-0.0883462
0.18,2,1.2,1.2586,0.342139,-2.44218,-0.0585967
0.18,3,0,0,0,0,0
0.18,4,-0.4,-0.372477,0.31549,-0.377932,-0.0275233
0.18,5,0,0,0,0,0
0.19,0,0,0,0,0,0
0.19,1,-0.8,-0.707285,0.420518,-4.97017,-0.0927152
0.19,2,1.2,1.26186,0.313646,-2.48319,-0.0618631
0.19,3,0,0,0,0,0
0.19,4,-0.4,-0.369453,0.291246,-0.390002,-0.0305474
0.19,5,0,0,0,0,0
0.2,0,0,0,0,0,0
0.2,1,-0.8,-0.703286,0.382682,-5.01659,-0.0967136
0.2,2,1.2,1.26483,0.283299,-2.51162,-0.064834
0.2,3,0,0,0,0,0
0.2,4,-0.4,-0.366686,0.264309,-0.398663,-0.0333136
0.2,5,0,0,0,0,0
0.21,0,0,0,0,0,0
0.21,1,-0.8,-0.699674,0.343629,-5.04394,-0.100326
0.21,2,1.2,1.26749,0.251651,-2.52811,-0.0674938
0.21,3,0,0,0,0,0
0.21,4,-0.4,-0.364201,0.235448,-0.404118,-0.0357993
0.21,5,0,0,0,0,0
0.22,0,0,0,0,0,0
0.22,1,-0.8,-0.696455,0.303927,-5.05356,-0.103545
0.22,2,1.2,1.26983,0.219228,-2.53343,-0.0698324
0.22,3,0,0,0,0,0
0.22,4,-0.4,-0.362011,0.205355,-0.406589,-0.037989
0.22,5,0,0,0,0,0
0.23,0,0,0,0,0,0
0.23,1,-0.8,-0.693635,0.264109,-5.04692,-0.106365
0.23,2,1.2,1.27184,0.186531,-2.52841,-0.0718449
0.23,3,0,0,0,0,0
0.23,4,-0.4,-0.360126,0.174649,-0.406316,-0.0398739
0.23,5,0,0,0,0,0
0.24,0,0,0,0,0,0
0.24,1,-0.8,-0.691212,0.224666,-5.02553,-0.108788
0.24,2,1.2,1.27353,0.154026,-2.51398,-0.0735311
0.24,3,0,0,0,0,0
0.24,4,-0.4,-0.358549,0.143881,-0.403549,-0.041451
0.24,5,0,0,0,0,0
0.25,0,0,0,0,0,0
0.25,1,-0.8,-0.689178,0.186045,-4.99101,-0.110822
0.25,2,1.2,1.2749,0.12214,-2.49114,-0.0748953
0.25,3,0,0,0,0,0
0.25,4,-0.4,-0.357278,0.113541,-0.39855,-0.0427224
0.25,5,0,0,0,0,0
0.26,0,0,0,0,0,0
0.26,1,-0.8,-0.687525,0.148643,-4.94495,-0.112475
0.26,2,1.2,1.27595,0.0912627,-2.4609,-0.0759459
0.26,3,0,0,0,0,0
0.26,4,-0.4,-0.356305,0.084053,-0.391585,-0.0436948
0.26,5,0,0,0,0,0
0.27,0,0,0,0,0,0
0.27,1,-0.8,-0.686237,0.112809,-4.88896,-0.113763
0.27,2,1.2,1.27669,0.0617363,-2.42432,-0.0766948
0.27,3,0,0,0,0,0
0.27,4,-0.4,-0.355621,0.0557871,-0.382923,-0.0443787
0.27,5,0,0,0,0,0
0.28,0,0,0,0,0,0
0.28,1,-0.8,-0.685297,0.0788394,-4.82463,-0.114703
0.28,2,1.2,1.27716,0.0338582,-2.38244,-0.0771574
0.28,3,0,0,0,0,0
0.28,4,-0.4,-0.355212,0.0290557,-0.372833,-0.0447882
0.28,5,0,0,0,0,0
0.29,0,0,0,0,0,0
0.29,1,-0.8,-0.684686,0.0469823,-4.75352,-0.115314
0.29,2,1.2,1.27735,0.00787764,-2.3363,-0.0773514
0.29,3,0,0,0,0,0
0.29,4,-0.4,-0.35506,0.00411722,-0.361579,-0.04494
0.29,5,0,0,0,0,0
0.3,0,0,0,0,0,0
0.3,1,-0.8,-0.68438,0.017437,-4.6771,-0.11562
0.3,2,1.2,1.2773,-0.0160044,-2.2869,-0.0772971
0.3,3,0,0,0,0,0
0.3,4,-0.4,-0.355147,-0.0188215,-0.349416,-0.0448533
0.3,5,0,0,0,0,0
0.31,0,0,0,0,0,0
0.31,1,-0.8,-0.684357,-0.00964384,-4.59679,-0.115643
0.31,2,1.2,1.27702,-0.0376346,-2.23522,-0.0770161
0.31,3,0,0,0,0,0
0.31,4,-0.4,-0.355451,-0.0396033,-0.33659,-0.0445489
0.31,5,0,0,0,0,0
0.32,0,0,0,0,0,0
0.32,1,-0.8,-0.68459,-0.0341515,-4.51393,-0.11541
0.32,2,1.2,1.27653,-0.056906,-2.18214,-0.0765318
0.32,3,0,0,0,0,0
0.32,4,-0.4,-0.355951,-0.0581182,-0.323334,-0.0440492
0.32,5,0,0,0,0,0
0.33,0,0,0,0,0,0
0.33,1,-0.8,-0.685054,-0.0560184,-4.42977,-0.114946
0.33,2,1.2,1.27587,-0.0737559,-2.12853,-0.0758681
0.33,3,0,0,0,0,0
0.33,4,-0.4,-0.356623,-0.0743006,-0.309866,-0.043377
0.33,5,0,0,0,0,0
0.34,0,0,0,0,0,0
0.34,1,-0.8,-0.685722,-0.075215,-4.34546,-0.114278
0.34,2,1.2,1.27505,-0.0881631,-2.07515,-0.0750493
0.34,3,0,0,0,0,0
0.34,4,-0.4,-0.357444,-0.0881258,-0.296386,-0.0425561
0.34,5,0,0,0,0,0
0.35,0,0,0,0,0,0
0.35,1,-0.8,-0.686568,-0.0917463,-4.26205,-0.113432
0.35,2,1.2,1.2741,-0.100145,-2.0227,-0.0740998
0.35,3,0,0,0,0,0
0.35,4,-0.4,-0.35839,-0.0996066,-0.283075,-0.0416097
0.35,5,0,0,0,0,0
0.36,0,0,0,0,0,0
0.36,1,-0.8,-0.687564,-0.105649,-4.1805,-0.112436
0.36,2,1.2,1.27304,-0.109752,-1.9718,-0.0730435
0.36,3,0,0,0,0,0
0.36,4,-0.4,-0.359439,-0.10879,-0.270095,-0.0405613
0.36,5,0,0,0,0,0
0.37,0,0,0,0,0,0
0.37,1,-0.8,-0.688685,-0.116989,-4.10165,-0.111315
0.37,2,1.2,1.2719,-0.117066,-1.92299,-0.0719039
0.37,3,0,0,0,0,0
0.37,4,-0.4,-0.360567,-0.115752,-0.25759,-0.0394333
0.37,5,0,0,0,0,0
0.38,0,0,0,0,0,0
0.38,1,-0.8,-0.689905,-0.125854,-4.02623,-0.110095
0.38,2,1.2,1.2707,-0.122194,-1.87671,-0.0707033
0.38,3,0,0,0,0,0
0.38,4,-0.4,-0.361753,-0.120595,-0.245682,-0.0382474
0.38,5,0,0,0,0,0
0.39,0,0,0,0,0,0
0.39,1,-0.8,-0.691202,-0.132356,-3.95487,-0.108798
0.39,2,1.2,1.26946,-0.125266,-1.83335,-0.0694629
0.39,3,0,0,0,0,0
0.39,4,-0.4,-0.362976,-0.123442,-0.234473,-0.0370242
0.39,5,0,0,0,0,0
0.4,0,0,0,0,0,0
0.4,1,-0.8,-0.69255,-0.136626,-3.88811,-0.10745
0.4,2,1.2,1.2682,-0.126428,-1.79321,-0.0682023
0.4,3,0,0,0,0,0
0.4,4,-0.4,-0.364217,-0.124435,-0.224046,-0.0357829
0.4,5,0,0,0,0,0
0.41,0,0,0,0,0,0
0.41,1,-0.8,-0.69393,-0.138806,-3.82637,-0.10607
0.41,2,1.2,1.26694,-0.125839,-1.75652,-0.0669399
0.41,3,0,0,0,0,0
0.41,4,-0.4,-0.365459,-0.123726,-0.214466,-0.0345411
0.41,5,0,0,0,0,0
0.42,0,0,0,0,0,0
0.42,1,-0.8,-0.695321,-0.139056,-3.76998,-0.104679
0.42,2,1.2,1.26569,-0.12367,-1.72343,-0.0656922
0.42,3,0,0,0,0,0
0.42,4,-0.4,-0.366685,-0.121481,-0.205779,-0.033315
0.42,5,0,0,0,0,0
0.43,0,0,0,0,0,0
0.43,1,-0.8,-0.696705,-0.137542,-3.71918,-0.103295
0.43,2,1.2,1.26447,-0.120094,-1.69403,-0.0644741
0.43,3,0,0,0,0,0
0.43,4,-0.4,-0.367881,-0.117869,-0.198017,-0.032119
0.43,5,0,0,0,0,0
0.44,0,0,0,0,0,0
0.44,1,-0.8,-0.698064,-0.134436,-3.67411,-0.101936
0.44,2,1.2,1.2633,-0.115289,-1.66838,-0.0632986
0.44,3,0,0,0,0,0
0.44,4,-0.4,-0.369034,-0.113062,-0.191195,-0.0309658
0.44,5,0,0,0,0,0
0.45,0,0,0,0,0,0
0.45,1,-0.8,-0.699385,-0.129918,-3.63485,-0.100615
0.45,2,1.2,1.26218,-0.109432,-1.64645,-0.0621772
0.45,3,0,0,0,0,0
0.45,4,-0.4,-0.370134,-0.107234,-0.185315,-0.0298665
0.45,5,0,0,0,0,0
0.46,0,0,0,0,0,0
0.46,1,-0.8,-0.700654,-0.124166,-3.60136,-0.0993465
0.46,2,1.2,1.26112,-0.102697,-1.62818,-0.0611192
0.46,3,0,0,0,0,0
0.46,4,-0.4,-0.37117,-0.100554,-0.180365,-0.0288303
0.46,5,0,0,0,0,0
0.47,0,0,0,0,0,0
0.47,1,-0.8,-0.701859,-0.11736,-3.57358,-0.0981415
0.47,2,1.2,1.26013,-0.0952533,-1.61347,-0.0601327
0.47,3,0,0,0,0,0
0.47,4,-0.4,-0.372135,-0.0931865,-0.176325,-0.0278647
0.47,5,0,0,0,0,0
0.48,0,0,0,0,0,0
0.48,1,-0.8,-0.702991,-0.109677,-3.55135,-0.0970095
0.48,2,1.2,1.25922,-0.0872628,-1.60219,-0.0592237
0.48,3,0,0,0,0,0
0.48,4,-0.4,-0.373024,-0.0852915,-0.173162,-0.0269759
0.48,5,0,0,0,0,0
0.49,0,0,0,0,0,0
0.49,1,-0.8,-0.704042,-0.101288,-3.53447,-0.0959583
0.49,2,1.2,1.2584,-0.078879,-1.59415,-0.0583969
0.49,3,0,0,0,0,0
0.49,4,-0.4,-0.373832,-0.0770186,-0.170837,-0.0261683
0.49,5,0,0,0,0,0
0.5,0,0.000498575,0,0,0.019943,0.000498575
0.5,1,-0.800071,-0.705006,-0.0923593,-3.52554,-0.0950654
0.5,2,1.20007,1.25766,-0.0702455,-1.58704,-0.0575842
0.5,3,2.89424e-09,0,0,2.89424e-08,2.89424e-09
0.5,4,-0.4,-0.374555,-0.068509,-0.169303,-0.0254447
0.5,5,1.21521e-09,0,0,6.07603e-09,1.21521e-09
0.51,0,0.00548432,1.43444e-05,0.00354974,0.20815,0.00546998
0.51,1,-0.800783,-0.705892,-0.0862429,-3.53692,-0.0948912
0.51,2,1.20078,1.25702,-0.0562601,-1.57469,-0.0562405
0.51,3,3.18367e-08,1.43206e-05,0.00335109,-0.00215354,-1.42888e-05
0.51,4,-0.4,-0.375202,-0.061778,-0.167496,-0.0247982
0.51,5,1.33673e-08,-9.31386e-06,-0.0020289,0.000655305,9.32723e-06
0.52,0,0.0104701,9.71461e-05,0.0129731,0.375998,0.0103729
0.52,1,-0.801496,-0.706734,-0.0826071,-3.54266,-0.0947619
0.52,2,1.2015,1.25656,-0.0384421,-1.57499,-0.0550626
0.52,3,6.07791e-08,8.20376e-05,0.00980924,-0.00670531,-8.19769e-05
0.52,4,-0.4,-0.375783,-0.054952,-0.166259,-0.0242169
0.52,5,2.55193e-08,-4.29233e-05,-0.00427271,0.00149656,4.29488e-05
0.53,0,0.0154558,0.000302945,0.0275186,0.523559,0.0151529
0.53,1,-0.802208,-0.707543,-0.0794653,-3.54822,-0.0946654
0.53,2,1.20221,1.25627,-0.0205387,-1.58088,-0.0540651
0.53,3,8.97216e-08,0.000219649,0.0169966,-0.0123936,-0.000219559
0.53,4,-0.4,-0.376289,-0.0467499,-0.166317,-0.0237115
0.53,5,3.76714e-08,-9.08568e-05,-0.00496124,0.00194284,9.08944e-05
0.54,0,0.0204416,0.0006791,0.0464898,0.651029,0.0197625
0.54,1,-0.80292,-0.708319,-0.07617,-3.55552,-0.0946008
0.54,2,1.20292,1.25616,-0.00376099,-1.58971,-0.0532409
0.54,3,1.18664e-07,0.000427476,0.0237617,-0.0185306,-0.000427357
0.54,4,-0.4,-0.376706,-0.0375715,-0.167566,-0.0232939
0.54,5,4.98235e-08,-0.000136753,-0.00408111,0.00190835,0.000136803
0.55,0,0.0254273,0.00126619,0.0692232,0.758775,0.0241611
0.55,1,-0.803632,-0.709061,-0.0725622,-3.56515,-0.0945709
0.55,2,1.20363,1.25621,0.0115388,-1.60037,-0.0525765
0.55,3,1.47606e-07,0.000697686,0.0295052,-0.0246785,-0.000697538
0.55,4,-0.4,-0.37703,-0.0280696,-0.169729,-0.0229705
0.55,5,6.19755e-08,-0.000167387,-0.00210748,0.00146949,0.000167449
0.56,0,0.0304131,0.00209833,0.0950831,0.84734,0.0283147
0.56,1,-0.804345,-0.709766,-0.0686668,-3.57715,-0.0945787
0.56,2,1.20434,1.2564,0.0252993,-1.6123,-0.0520566
0.56,3,1.76549e-07,0.00101817,0.0339157,-0.0305294,-0.001018
0.56,4,-0.4,-0.377259,-0.0187745,-0.172543,-0.0227413
0.56,5,7.41276e-08,-0.000174749,0.000435258,0.000743537,0.000174823
0.57,0,0.0353988,0.00320341,0.123462,0.917432,0.0321954
0.57,1,-0.805057,-0.71043,-0.0645768,-3.59134,-0.0946267
0.57,2,1.20506,1.25672,0.0375581,-1.6251,-0.051666
0.57,3,2.05491e-07,0.00137474,0.0368574,-0.0358598,-0.00137454
0.57,4,-0.4,-0.377398,-0.0100396,-0.175798,-0.0226022
0.57,5,8.62796e-08,-0.00015564,0.00311101,-0.000154669,0.000155726
0.58,0,0.0403846,0.00460341,0.153781,0.969904,0.0357812
0.58,1,-0.805769,-0.711053,-0.0604074,-3.60742,-0.094716
0.58,2,1.20577,1.25716,0.0483853,-1.63847,-0.0513901
0.58,3,2.34434e-07,0.00175253,0.0383127,-0.0405106,-0.0017523
0.58,4,-0.4,-0.377454,-0.00207138,-0.179335,-0.0225463
0.58,5,9.84317e-08,-0.000110579,0.00560124,-0.00112698,0.000110678
0.59,0,0.0453703,0.00631471,0.185496,1.00574,0.0390556
0.59,1,-0.806481,-0.711634,-0.0562749,-3.62505,-0.094847
0.59,2,1.20648,1.2577,0.0578616,-1.65217,-0.0512149
0.59,3,2.63376e-07,0.00213698,0.0383475,-0.0443757,-0.00213671
0.59,4,-0.4,-0.377435,0.00502786,-0.183037,-0.0225654
0.59,5,1.10584e-07,-4.26531e-05,0.00769719,-0.00209534,4.27637e-05
0.6,0,0.0503561,0.00834844,0.218096,1.02602,0.0420076
0.6,1,-0.807193,-0.712175,-0.0522874,-3.64388,-0.0950185
0.6,2,1.20719,1.25832,0.0660708,-1.66597,-0.0511275
0.6,3,2.92319e-07,0.00251452,0.037086,-0.0473939,-0.00251423
0.6,4,-0.4,-0.37735,0.0112244,-0.186816,-0.0226505
0.6,5,1.22736e-07,4.34813e-05,0.00928107,-0.00300111,-4.33585e-05
0.61,0,0.0553418,0.0107108,0.251108,1.03192,0.044631
0.61,1,-0.807906,-0.712677,-0.04854,-3.66353,-0.0952287
0.61,2,1.20791,1.25902,0.073097,-1.67966,-0.0511155
0.61,3,3.21261e-07,0.00287307,0.0346906,-0.0495418,-0.00287275
0.61,4,-0.4,-0.377208,0.0165271,-0.190605,-0.0227927
0.61,5,1.34888e-07,0.000142393,0.0103056,-0.00380296,-0.000142258
0.62,0,0.0603276,0.0134035,0.284098,1.02467,0.046924
0.62,1,-0.808618,-0.713143,-0.0451128,-3.68365,-0.0954747
0.62,2,1.20862,1.25979,0.0790238,-1.69308,-0.0511678
0.62,3,3.50204e-07,0.00320228,0.0313462,-0.0508271,-0.00320193
0.62,4,-0.4,-0.377017,0.0209699,-0.19435,-0.0229831
0.62,5,1.4704e-07,0.000248477,0.0107753,-0.00447424,-0.00024833
0.63,0,0.0653133,0.0164242,0.316672,1.00555,0.0488892
0.63,1,-0.80933,-0.713577,-0.0420702,-3.7039,-0.0957528
0.63,2,1.20933,1.2606,0.0839341,-1.70608,-0.0512736
0.63,3,3.79146e-07,0.00349374,0.0272477,-0.0512823,-0.00349336
0.63,4,-0.4,-0.376787,0.0246002,-0.198008,-0.0232134
0.63,5,1.59192e-07,0.000356386,0.0107309,-0.0050004,-0.000356227
0.64,0,0.0702991,0.0197666,0.348474,0.975877,0.0505325
0.64,1,-0.810042,-0.713983,-0.039461,-3.72398,-0.0960591
0.64,2,1.21004,1.26147,0.0879094,-1.71852,-0.0514233
0.64,3,4.08089e-07,0.00374098,0.0225892,-0.0509593,-0.00374057
0.64,4,-0.4,-0.376524,0.0274724,-0.201543,-0.0234759
0.64,5,1.71344e-07,0.000461315,0.010236,-0.00537651,-0.000461143
0.65,0,0.0752848,0.0234213,0.379193,0.936961,0.0518635
0.65,1,-0.810754,-0.714366,-0.0373193,-3.7436,-0.0963889
0.65,2,1.21075,1.26236,0.0910301,-1.7303,-0.051608
0.65,3,4.37031e-07,0.00393943,0.0175569,-0.0499241,-0.00393899
0.65,4,-0.4,-0.376237,0.029643,-0.204926,-0.0237631
0.65,5,1.83496e-07,0.000559171,0.00936709,-0.00560506,-0.000558987
0.66,0,0.0802706,0.0273759,0.408557,0.890113,0.0528946
0.66,1,-0.811467,-0.714729,-0.0356656,-3.7625,-0.0967374
0.66,2,1.21147,1.26329,0.0933748,-1.74134,-0.0518196
0.66,3,4.65973e-07,0.00408632,0.0123237,-0.0482528,-0.00408585
0.66,4,-0.4,-0.375932,0.0311688,-0.208132,-0.0240685
0.66,5,1.95648e-07,0.000646662,0.00820577,-0.00569406,-0.000646466
0.67,0,0.0852563,0.0316157,0.436335,0.836621,0.0536406
0.67,1,-0.812179,-0.715079,-0.034508,-3.78047,-0.0970997
0.67,2,1.21218,1.26423,0.0950201,-1.75156,-0.0520507
0.67,3,4.94916e-07,0.0041805,0.0070452,-0.0460272,-0.00418001
0.67,4,-0.4,-0.375615,0.0321058,-0.211139,-0.0243858
0.67,5,2.078e-07,0.000721311,0.00683287,-0.00565537,-0.000721103
0.68,0,0.0902421,0.0361236,0.462334,0.777739,0.0541185
0.68,1,-0.812891,-0.71542,-0.0338432,-3.79731,-0.0974709
0.68,2,1.21289,1.26519,0.0960403,-1.76092,-0.0522948
0.68,3,5.23858e-07,0.00422229,0.00185752,-0.0433322,-0.00422177
0.68,4,-0.4,-0.375291,0.0325084,-0.21393,-0.0247095
0.68,5,2.19952e-07,0.000781425,0.00532448,-0.00550337,-0.000781205
0.69,0,0.0952278,0.0408809,0.486401,0.714673,0.0543469
0.69,1,-0.813603,-0.715757,-0.0336585,-3.81287,-0.0978461
0.69,2,1.2136,1.26615,0.0965071,-1.76939,-0.052546
0.69,3,5.52801e-07,0.00421326,-0.00312349,-0.040253,-0.00421271
0.69,4,-0.4,-0.374966,0.0324295,-0.216491,-0.0250346
0.69,5,2.32104e-07,0.000826036,0.0037494,-0.00525384,-0.000825804
0.7,0,0.100214,0.0458677,0.50842,0.648572,0.0543458
0.7,1,-0.814316,-0.716095,-0.0339328,-3.82703,-0.0982206
0.7,2,1.21432,1.26711,0.0964891,-1.77695,-0.0527991
0.7,3,5.81743e-07,0.00415601,-0.00780246,-0.0368728,-0.00415543
0.7,4,-0.4,-0.374644,0.0319208,-0.218812,-0.0253564
0.7,5,2.44256e-07,0.000854813,0.00216757,-0.00492312,-0.000854569
0.71,0,0.105199,0.0510631,0.528309,0.580519,0.0541362
0.71,1,-0.815028,-0.716438,-0.0346377,-3.83969,-0.09859
0.71,2,1.21503,1.26808,0.0960514,-1.78359,-0.0530497
0.71,3,6.10686e-07,0.00405399,-0.0121038,-0.0332715,-0.00405338
0.71,4,-0.4,-0.374329,0.0310323,-0.220884,-0.025671
0.71,5,2.56409e-07,0.000867975,0.000629395,-0.00452741,-0.000867718
0.72,0,0.110185,0.0564454,0.54602,0.511523,0.0537396
0.72,1,-0.81574,-0.71679,-0.0357395,-3.85078,-0.0989501
0.72,2,1.21574,1.26903,0.095256,-1.78933,-0.0532939
0.72,3,6.39628e-07,0.00391131,-0.0159708,-0.0295242,-0.00391067
0.72,4,-0.400001,-0.374026,0.0298131,-0.222706,-0.0259749
0.72,5,2.68561e-07,0.000866189,-0.000824282,-0.00408232,-0.000865921
0.73,0,0.115171,0.0619928,0.561535,0.442515,0.053178
0.73,1,-0.816452,-0.717155,-0.0371998,-3.86029,-0.0992971
0.73,2,1.21645,1.26998,0.0941607,-1.79417,-0.0535284
0.73,3,6.68571e-07,0.00373253,-0.0193635,-0.0257005,-0.00373187
0.73,4,-0.400001,-0.373735,0.0283109,-0.224276,-0.026265
0.73,5,2.80713e-07,0.000850484,-0.0021618,-0.00360248,-0.000850203
0.74,0,0.120157,0.0676832,0.574864,0.374341,0.0524733
0.74,1,-0.817164,-0.717537,-0.038977,-3.86818,-0.0996278
0.74,2,1.21716,1.27092,0.0928197,-1.79816,-0.0537506
0.74,3,6.97513e-07,0.00352256,-0.0222578,-0.021864,-0.00352187
0.74,4,-0.400001,-0.373462,0.0265717,-0.225596,-0.0265388
0.74,5,2.92865e-07,0.000822153,-0.00335998,-0.00310131,-0.00082186
0.75,0,0.125142,0.0734951,0.586042,0.30776,0.0516472
0.75,1,-0.817877,-0.717937,-0.0410272,-3.87449,-0.0999392
0.75,2,1.21788,1.27184,0.0912833,-1.80132,-0.0539583
0.75,3,7.26455e-07,0.00328644,-0.0246431,-0.0180713,-0.00328572
0.75,4,-0.400001,-0.373207,0.0246405,-0.226673,-0.026794
0.75,5,3.05017e-07,0.000782683,-0.00440329,-0.0025909,-0.000782378
0.76,0,0.130128,0.0794072,0.595129,0.243446,0.0507208
0.76,1,-0.818589,-0.71836,-0.0433054,-3.87923,-0.100229
0.76,2,1.21859,1.27274,0.0895976,-1.80369,-0.0541497
0.76,3,7.55398e-07,0.00302927,-0.0265205,-0.0143729,-0.00302852
0.76,4,-0.400001,-0.372971,0.0225601,-0.227513,-0.0270291
0.76,5,3.17169e-07,0.000733675,-0.00528286,-0.00208193,-0.000733358
0.77,0,0.135114,0.085399,0.602203,0.18198,0.0497148
0.77,1,-0.819301,-0.718807,-0.0457665,-3.88248,-0.100495
0.77,2,1.2193,1.27362,0.0878048,-1.80532,-0.0543237
0.77,3,7.8434e-07,0.00275607,-0.0279013,-0.010812,-0.00275529
0.77,4,-0.400001,-0.372758,0.0203716,-0.228128,-0.0272428
0.77,5,3.29321e-07,0.000676789,-0.00599555,-0.00158363,-0.00067646
0.78,0,0.1401,0.091451,0.607361,0.12386,0.0486486
0.78,1,-0.820013,-0.719278,-0.0483656,-3.8843,-0.100735
0.78,2,1.22001,1.27449,0.0859432,-1.80627,-0.0544793
0.78,3,8.13283e-07,0.0024717,-0.0288052,-0.00742574,-0.00247089
0.78,4,-0.400001,-0.372566,0.0181137,-0.22853,-0.0274342
0.78,5,3.41473e-07,0.000613688,-0.00654297,-0.00110384,-0.000613347
0.79,0,0.145085,0.0975445,0.610713,0.0694943,0.0475408
0.79,1,-0.820726,-0.719777,-0.0510594,-3.88477,-0.100949
0.79,2,1.22073,1.27534,0.0840474,-1.80658,-0.0546161
0.79,3,8.42225e-07,0.0021808,-0.0292585,-0.00424444,-0.00217995
0.79,4,-0.400001,-0.372398,0.0158226,-0.228733,-0.0276027
0.79,5,3.53625e-07,0.000545998,-0.00693059,-0.000649045,-0.000545644
0.8,0,0.150071,0.103662,0.612383,0.0192095,0.0464089
0.8,1,-0.821438,-0.720302,-0.0538064,-3.88399,-0.101135
0.8,2,1.22144,1.27617,0.0821482,-1.80631,-0.0547339
0.8,3,8.71168e-07,0.00188769,-0.0292928,-0.00129253,-0.00188682
0.8,4,-0.400001,-0.372252,0.0135317,-0.228753,-0.0277484
0.8,5,3.65777e-07,0.000475271,-0.00716694,-0.000224446,-0.000474906
0.81,0,0.155057,0.109788,0.612502,-0.0267478,0.045269
0.81,1,-0.82215,-0.720856,-0.0565675,-3.88207,-0.101294
0.81,2,1.22215,1.27698,0.0802726,-1.80553,-0.0548329
0.81,3,9.0011e-07,0.00159638,-0.0289437,0.00141137,-0.00159548
0.81,4,-0.400001,-0.372129,0.0112715,-0.228606,-0.0278712
0.81,5,3.77929e-07,0.000402963,-0.00726289,0.000165938,-0.000402585
0.82,0,0.160043,0.115907,0.611212,-0.0682068,0.0441357
0.82,1,-0.822862,-0.721437,-0.0593064,-3.87911,-0.101426
0.82,2,1.22286,1.27778,0.0784444,-1.80429,-0.0549133
0.82,3,9.29053e-07,0.0013105,-0.0282495,0.00385402,-0.00130957
0.82,4,-0.400001,-0.372029,0.0090694,-0.228309,-0.0279718
0.82,5,3.90081e-07,0.00033041,-0.00723095,0.000519183,-0.00033002
0.83,0,0.165028,0.122006,0.608655,-0.105068,0.0430224
0.83,1,-0.823574,-0.722044,-0.0619903,-3.87523,-0.10153
0.83,2,1.22357,1.27855,0.0766841,-1.80264,-0.0549757
0.83,3,9.57995e-07,0.00103326,-0.0272504,0.00602719,-0.0010323
0.83,4,-0.400001,-0.37195,0.00694949,-0.227881,-0.0280508
0.83,5,4.02233e-07,0.000258816,-0.00708476,0.000833358,-0.000258414
0.84,0,0.170014,0.128073,0.604978,-0.137296,0.041941
0.84,1,-0.824287,-0.722679,-0.0645895,-3.87055,-0.101608
0.84,2,1.22429,1.27931,0.0750092,-1.80065,-0.0550211
0.84,3,9.86938e-07,0.000767504,-0.0259872,0.00792715,-0.000766518
0.84,4,-0.400001,-0.371892,0.0049326,-0.227339,-0.0281091
0.84,5,4.14385e-07,0.000189246,-0.00683861,0.00110743,-0.000188832
0.85,0,0.175,0.134098,0.60033,-0.164919,0.0409018
0.85,1,-0.824999,-0.723338,-0.0670781,-3.86518,-0.10166
0.85,2,1.225,1.28005,0.0734339,-1.79837,-0.0550502
0.85,3,1.01588e-06,0.00051564,-0.0245009,0.00955433,-0.000514624
0.85,4,-0.400001,-0.371853,0.00303626,-0.226702,-0.0281479
0.85,5,4.26537e-07,0.000122619,-0.00650699,0.00134113,-0.000122193
0.86,0,0.179986,0.140072,0.594855,-0.188016,0.0399137
0.86,1,-0.825711,-0.724022,-0.0694338,-3.85925,-0.101689
0.86,2,1.22571,1.28078,0.0719699,-1.79586,-0.0550642
0.86,3,1.04482e-06,0.000279676,-0.0228318,0.0109128,-0.000278631
0.86,4,-0.400001,-0.371832,0.00127477,-0.225985,-0.0281685
0.86,5,4.38689e-07,5.97113e-05,-0.00610431,0.00153493,-5.92726e-05
0.87,0,0.184971,0.145987,0.588696,-0.206716,0.0389843
0.87,1,-0.826423,-0.724729,-0.0716379,-3.85286,-0.101694
0.87,2,1.22642,1.28149,0.0706265,-1.79318,-0.0550642
0.87,3,1.07376e-06,6.12256e-05,-0.0210189,0.0120098,-6.01518e-05
0.87,4,-0.400001,-0.371829,-0.000340762,-0.225208,-0.0281723
0.87,5,4.50842e-07,1.15534e-06,-0.00564458,0.00168985,-7.04502e-07
0.88,0,0.189957,0.151837,0.581991,-0.221192,0.0381195
0.88,1,-0.827135,-0.725457,-0.0736757,-3.84613,-0.101679
0.88,2,1.22714,1.28219,0.0694101,-1.79036,-0.0550514
0.88,3,1.10271e-06,-0.00013848,-0.0190995,0.0128555,0.000139583
0.88,4,-0.400001,-0.37184,-0.00180224,-0.224385,-0.0281607
0.88,5,4.62994e-07,-5.25526e-05,-0.00514121,0.00180744,5.30156e-05
0.89,0,0.194943,0.157619,0.574874,-0.231652,0.0373242
0.89,1,-0.827848,-0.726204,-0.0755356,-3.83915,-0.101644
0.89,2,1.22785,1.28287,0.0683252,-1.78747,-0.0550272
0.89,3,1.13165e-06,-0.000318572,-0.0171089,0.0134624,0.000319703
0.89,4,-0.400001,-0.371865,-0.00310444,-0.223531,-0.0281354
0.89,5,4.75146e-07,-0.000101046,-0.00460683,0.00188966,0.000101521
0.9,0,0.199929,0.163327,0.567469,-0.238334,0.0366018
0.9,1,-0.82856,-0.726968,-0.0772098,-3.83203,-0.101591
0.9,2,1.22856,1.28355,0.0673743,-1.78454,-0.0549929
0.9,3,1.16059e-06,-0.000478521,-0.01508,0.0138448,0.000479681
0.9,4,-0.400001,-0.371903,-0.00424478,-0.222662,-0.028098
0.9,5,4.87298e-07,-0.000144081,-0.00405318,0.0019388,0.000144568
0.91,0,0.204914,0.16896,0.559893,-0.241503,0.0359544
0.91,1,-0.829272,-0.727749,-0.0786933,-3.82485,-0.101523
0.91,2,1.22927,1.28422,0.0665576,-1.78161,-0.0549498
0.91,3,1.18953e-06,-0.000618112,-0.0130429,0.0140188,0.000619301
0.91,4,-0.400001,-0.371951,-0.00522313,-0.221789,-0.0280501
0.91,5,4.9945e-07,-0.000181523,-0.00349099,0.00195741,0.000182023
0.92,0,0.2099,0.174517,0.552257,-0.241441,0.0353832
0.92,1,-0.829984,-0.728543,-0.0799842,-3.8177,-0.101441
0.92,2,1.22998,1.28488,0.0658741,-1.77873,-0.0548993
0.92,3,1.21848e-06,-0.000737417,-0.0110252,0.0140015,0.000738636
0.92,4,-0.400001,-0.372008,-0.00604159,-0.220925,-0.0279932
0.92,5,5.11602e-07,-0.000213343,-0.0029299,0.00194824,0.000213854
0.93,0,0.214886,0.179998,0.544659,-0.238445,0.0348883
0.93,1,-0.830697,-0.729349,-0.0810836,-3.81065,-0.101347
0.93,2,1.2307,1.28554,0.0653208,-1.77592,-0.0548427
0.93,3,1.24742e-06,-0.000836768,-0.00905143,0.013811,0.000838015
0.93,4,-0.400001,-0.372072,-0.00670419,-0.22008,-0.0279291
0.93,5,5.23754e-07,-0.000239598,-0.00237848,0.00191415,0.000240121
0.94,0,0.219872,0.185403,0.53719,-0.232823,0.0344687
0.94,1,-0.831409,-0.730165,-0.0819946,-3.80376,-0.101244
0.94,2,1.23141,1.28619,0.0648936,-1.77322,-0.0547812
0.94,3,1.27636e-06,-0.000916725,-0.00714317,0.0134659,0.000918001
0.94,4,-0.400001,-0.372142,-0.0072167,-0.219264,-0.0278591
0.94,5,5.35906e-07,-0.000260427,-0.00184417,0.00185806,0.000260963
0.95,0,0.224857,0.190735,0.52993,-0.224885,0.0341226
0.95,1,-0.832121,-0.730989,-0.0827228,-3.7971,-0.101132
0.95,2,1.23212,1.28684,0.064587,-1.77066,-0.0547161
0.95,3,1.3053e-06,-0.000978048,-0.00531912,0.012985,0.000979353
0.95,4,-0.400001,-0.372216,-0.00758633,-0.218485,-0.0277848
0.95,5,5.48058e-07,-0.000276037,-0.00133332,0.00178292,0.000276585
0.96,0,0.229843,0.195995,0.52295,-0.214942,0.0338477
0.96,1,-0.832833,-0.73182,-0.0832757,-3.79072,-0.101014
0.96,2,1.23283,1.28748,0.0643945,-1.76825,-0.0546486
0.96,3,1.33425e-06,-0.00102167,-0.00359507,0.0123871,0.001023
0.96,4,-0.400001,-0.372293,-0.00782154,-0.21775,-0.0277076
0.96,5,5.6021e-07,-0.000286693,-0.000851207,0.00169163,0.000287253
0.97,0,0.234829,0.201188,0.516311,-0.203302,0.0336408
0.97,1,-0.833545,-0.732655,-0.0836621,-3.78465,-0.100891
0.97,2,1.23355,1.28813,0.0643087,-1.76601,-0.0545798
0.97,3,1.36319e-06,-0.00104866,-0.00198394,0.0116906,0.00105002
0.97,4,-0.400001,-0.372372,-0.00793176,-0.217063,-0.0276287
0.97,5,5.72362e-07,-0.000292706,-0.000402059,0.00158701,0.000293279
0.98,0,0.239815,0.206316,0.510064,-0.190265,0.0334981
0.98,1,-0.834258,-0.733493,-0.0838925,-3.77892,-0.100765
0.98,2,1.23426,1.28877,0.0643217,-1.76396,-0.0545107
0.98,3,1.39213e-06,-0.00106021,-0.000495967,0.0109136,0.0010616
0.98,4,-0.400001,-0.372452,-0.00792717,-0.216431,-0.0275493
0.98,5,5.84514e-07,-0.000294425,1.08571e-05,0.00147179,0.000295009
0.99,0,0.2448,0.211385,0.504249,-0.176122,0.0334156
0.99,1,-0.83497,-0.734332,-0.0839784,-3.77357,-0.100638
0.99,2,1.23497,1.28941,0.0644246,-1.76211,-0.0544422
0.99,3,1.42107e-06,-0.0010576,0.000861234,0.0100734,0.00105902
0.99,4,-0.400001,-0.372531,-0.00781851,-0.215855,-0.0274706
0.99,5,5.96666e-07,-0.000292225,0.000385194,0.00134855,0.000292821
1,0,0.249786,0.216397,0.498899,-0.16115,0.0333887
1,1,-0.835682,-0.735172,-0.083932,-3.76862,-0.10051
1,2,1.23568,1.29006,0.0646084,-1.76047,-0.0543751
1,3,1.45002e-06,-0.00104215,0.00208247,0.00918654,0.0010436
1,4,-0.400001,-0.372608,-0.00761688,-0.215339,-0.0273935
1,5,6.08818e-07,-0.000286501,0.000719446,0.00121972,0.00028711
1.01,0,0.254772,0.221359,0.494038,-0.145611,0.0334126
1.01,1,-0.836394,-0.73601,-0.0837662,-3.76406,-0.100384
1.01,2,1.23639,1.2907,0.0648638,-1.75904,-0.0543104
1.01,3,1.47896e-06,-0.00101526,0.00316483,0.00826848,0.00101674
1.01,4,-0.400001,-0.372682,-0.00733353,-0.214884,-0.0273188
1.01,5,6.2097e-07,-0.000277659,0.00101287,0.00108754,0.00027828
1.02,0,0.259758,0.226275,0.489681,-0.12975,0.0334823
1.02,1,-0.837106,-0.736846,-0.0834941,-3.75992,-0.10026
1.02,2,1.23711,1.29136,0.0651811,-1.75782,-0.0542485
1.02,3,1.5079e-06,-0.000978311,0.00410747,0.00733371,0.000979819
1.02,4,-0.400001,-0.372754,-0.00697974,-0.214489,-0.0272474
1.02,5,6.33122e-07,-0.000266108,0.00126543,0.000954076,0.000266741
1.03,0,0.264743,0.23115,0.485836,-0.113795,0.0335929
1.03,1,-0.837819,-0.737679,-0.0831292,-3.75618,-0.100139
1.03,2,1.23782,1.29201,0.065551,-1.7568,-0.0541901
1.03,3,1.53684e-06,-0.000932701,0.00491143,0.00639552,0.000934238
1.03,4,-0.400001,-0.372821,-0.00656661,-0.214155,-0.0271798
1.03,5,6.45275e-07,-0.000252253,0.00147766,0.000821195,0.000252898
1.04,0,0.269729,0.23599,0.482504,-0.0979523,0.033739
1.04,1,-0.838531,-0.738508,-0.0826848,-3.75285,-0.100023
1.04,2,1.23853,1.29267,0.0659641,-1.756,-0.0541356
1.04,3,1.56579e-06,-0.000879802,0.00557946,0.005466,0.000881368
1.04,4,-0.400001,-0.372885,-0.00610502,-0.213881,-0.0271167
1.04,5,6.57427e-07,-0.000236493,0.00165065,0.00069056,0.000237151
1.05,0,0.274715,0.240799,0.479678,-0.0824089,0.0339157
1.05,1,-0.839243,-0.739332,-0.082174,-3.7499,-0.0999107
1.05,2,1.23924,1.29333,0.0664111,-1.75539,-0.0540854
1.05,3,1.59473e-06,-0.000820951,0.00611578,0.00455599,0.000822546
1.05,4,-0.400001,-0.372943,-0.00560543,-0.213664,-0.0270584
1.05,5,6.69579e-07,-0.000219212,0.00178593,0.000563632,0.000219882
1.06,0,0.279701,0.245583,0.477348,-0.0673308,0.0341178
1.06,1,-0.839955,-0.740151,-0.0816096,-3.74734,-0.0998042
1.06,2,1.23996,1.294,0.0668833,-1.75496,-0.0540399
1.06,3,1.62367e-06,-0.000757436,0.00652589,0.00367507,0.00075906
1.06,4,-0.400001,-0.372996,-0.00507782,-0.213503,-0.0270052
1.06,5,6.81731e-07,-0.000200777,0.0018854,0.000441676,0.000201459
1.07,0,0.284686,0.250346,0.475497,-0.0528626,0.0343407
1.07,1,-0.840668,-0.740964,-0.0810039,-3.74513,-0.0997036
1.07,2,1.24067,1.29467,0.0673723,-1.75472,-0.0539992
1.07,3,1.65261e-06,-0.000690484,0.00681639,0.00283153,0.000692137
1.07,4,-0.400001,-0.373044,-0.00453163,-0.213394,-0.0269575
1.07,5,6.93883e-07,-0.000181534,0.00195126,0.000325764,0.000182228
1.08,0,0.289672,0.255093,0.474103,-0.0391285,0.0345795
1.08,1,-0.84138,-0.741771,-0.0803686,-3.74327,-0.0996093
1.08,2,1.24138,1.29534,0.0678701,-1.75464,-0.0539634
1.08,3,1.68156e-06,-0.00062125,0.00699478,0.00203245,0.000622931
1.08,4,-0.400001,-0.373086,-0.00397563,-0.213334,-0.0269152
1.08,5,7.06035e-07,-0.000161806,0.00198595,0.000216778,0.000162512
1.09,0,0.294658,0.259828,0.473142,-0.0262318,0.0348298
1.09,1,-0.842092,-0.742571,-0.0797146,-3.74171,-0.0995214
1.09,2,1.24209,1.29602,0.0683694,-1.75472,-0.0539327
1.09,3,1.7105e-06,-0.00055081,0.00706925,0.00128366,0.000552521
1.09,4,-0.400001,-0.373123,-0.00341796,-0.21332,-0.0268786
1.09,5,7.18187e-07,-0.000141891,0.00199206,0.000115427,0.000142609
1.1,0,0.299644,0.264556,0.472586,-0.014256,0.0350876
1.1,1,-0.842804,-0.743364,-0.0790522,-3.74045,-0.0994401
1.1,2,1.2428,1.29671,0.0688636,-1.75493,-0.0539069
1.1,3,1.73944e-06,-0.000480157,0.00704855,0.000589832,0.000481896
1.1,4,-0.400001,-0.373154,-0.002866,-0.213347,-0.0268475
1.1,5,7.30339e-07,-0.000122059,0.00197232,2.22484e-05,0.000122789
1.11,0,0.304629,0.269281,0.472405,-0.0032655,0.0353487
1.11,1,-0.843516,-0.744151,-0.0783908,-3.73945,-0.0993654
1.11,2,1.24352,1.2974,0.0693464,-1.75527,-0.053886
1.11,3,1.76838e-06,-0.000410191,0.0069418,-4.54854e-05,0.00041196
1.11,4,-0.400001,-0.37318,-0.00232639,-0.213411,-0.0268218
1.11,5,7.42491e-07,-0.000102553,0.0019295,-6.2374e-05,0.000103295
1.12,0,0.309615,0.274005,0.472566,0.00669367,0.0356098
1.12,1,-0.844229,-0.744931,-0.0777389,-3.73868,-0.0992973
1.12,2,1.24423,1.2981,0.0698126,-1.75572,-0.0538698
1.12,3,1.79733e-06,-0.000341723,0.00675834,-0.000619803,0.00034352
1.12,4,-0.400001,-0.3732,-0.00180502,-0.213509,-0.0268014
1.12,5,7.54643e-07,-8.35894e-05,0.00186641,-0.000138202,8.4344e-05
1.13,0,0.314601,0.278733,0.473037,0.0155925,0.0358676
1.13,1,-0.844941,-0.745705,-0.0771041,-3.73811,-0.0992357
1.13,2,1.24494,1.2988,0.0702574,-1.75626,-0.0538582
1.13,3,1.82627e-06,-0.000275467,0.00650759,-0.00113162,0.000277293
1.13,4,-0.400001,-0.373215,-0.00130699,-0.213636,-0.0267862
1.13,5,7.66795e-07,-6.53554e-05,0.0017858,-0.000205129,6.61222e-05
1.14,0,0.319587,0.283467,0.473781,0.0234179,0.0361191
1.14,1,-0.845653,-0.746473,-0.0764931,-3.73773,-0.0991802
1.14,2,1.24565,1.2995,0.0706767,-1.75688,-0.0538508
1.14,3,1.85521e-06,-0.000212045,0.00619893,-0.00158036,0.0002139
1.14,4,-0.400001,-0.373226,-0.00083668,-0.213788,-0.0267757
1.14,5,7.78947e-07,-4.8011e-05,0.0016904,-0.00026317,4.87899e-05
1.15,0,0.324572,0.288211,0.474766,0.0301714,0.0363618
1.15,1,-0.846365,-0.747235,-0.0759117,-3.73749,-0.0991307
1.15,2,1.24637,1.30021,0.0710674,-1.75756,-0.0538476
1.15,3,1.88415e-06,-0.000151984,0.00584158,-0.00196626,0.000153869
1.15,4,-0.400001,-0.373232,-0.000397677,-0.21396,-0.0267698
1.15,5,7.91099e-07,-3.16897e-05,0.00158283,-0.000312444,3.24808e-05
1.16,0,0.329558,0.292965,0.475957,0.0358678,0.0365935
1.16,1,-0.847078,-0.747991,-0.0753648,-3.73738,-0.0990869
1.16,2,1.24708,1.30093,0.0714267,-1.75829,-0.053848
1.16,3,1.9131e-06,-9.57233e-05,0.00544452,-0.00229035,9.76364e-05
1.16,4,-0.400002,-0.373233,7.13446e-06,-0.214149,-0.0267681
1.16,5,8.03251e-07,-1.64992e-05,0.0014656,-0.000353168,1.73024e-05
1.17,0,0.334544,0.297731,0.477319,0.0405337,0.0368123
1.17,1,-0.84779,-0.748741,-0.0748564,-3.73736,-0.0990483
1.17,2,1.24779,1.30164,0.0717527,-1.75906,-0.0538519
1.17,3,1.94204e-06,-4.36108e-05,0.00501635,-0.00255428,4.55529e-05
1.17,4,-0.400002,-0.373231,0.000375573,-0.21435,-0.0267703
1.17,5,8.15403e-07,-2.52286e-06,0.0013411,-0.00038564,3.33827e-06
1.18,0,0.33953,0.302513,0.47882,0.0442063,0.0370167
1.18,1,-0.848502,-0.749487,-0.0743896,-3.73741,-0.0990145
1.18,2,1.2485,1.30236,0.0720441,-1.75985,-0.0538588
1.18,3,1.97098e-06,4.08746e-06,0.00456529,-0.00276034,-2.11648e-06
1.18,4,-0.400002,-0.373226,0.000706121,-0.21456,-0.0267759
1.18,5,8.27555e-07,1.01791e-05,0.00121158,-0.000410231,-9.3515e-06
1.19,0,0.344515,0.30731,0.480429,0.0469316,0.0372054
1.19,1,-0.849214,-0.750229,-0.0739667,-3.73751,-0.0989852
1.19,2,1.24921,1.30308,0.0722999,-1.76065,-0.0538685
1.19,3,1.99992e-06,4.71856e-05,0.00409906,-0.00291129,-4.51856e-05
1.19,4,-0.400002,-0.373217,0.000997883,-0.214776,-0.0267846
1.19,5,8.39707e-07,2.15678e-05,0.0010791,-0.000427371,-2.07281e-05
1.2,0,0.349501,0.312123,0.482115,0.0487634,0.0373777
1.2,1,-0.849926,-0.750967,-0.0735894,-3.73763,-0.0989599
1.2,2,1.24993,1.30381,0.0725201,-1.76146,-0.0538805
1.2,3,2.02887e-06,8.55719e-05,0.00362486,-0.00301035,-8.3543e-05
1.2,4,-0.400002,-0.373206,0.00125054,-0.214994,-0.0267961
1.2,5,8.5186e-07,3.16246e-05,0.000945584,-0.000437539,-3.07728e-05
1.21,0,0.354487,0.316954,0.48385,0.0497615,0.0375328
1.21,1,-0.850639,-0.751701,-0.0732583,-3.73775,-0.0989381
1.21,2,1.25064,1.30453,0.0727049,-1.76225,-0.0538945
1.21,3,2.05781e-06,0.000119204,0.00314932,-0.00306105,-0.000117146
1.21,4,-0.400002,-0.373192,0.00146433,-0.215211,-0.0268098
1.21,5,8.64012e-07,4.03487e-05,0.000812766,-0.000441253,-3.94847e-05
1.22,0,0.359473,0.321802,0.485608,0.0499908,0.0376704
1.22,1,-0.851351,-0.752432,-0.0729736,-3.73785,-0.0989193
1.22,2,1.25135,1.30526,0.0728551,-1.76302,-0.0539102
1.22,3,2.08675e-06,0.000148101,0.00267847,-0.00306722,-0.000146014
1.22,4,-0.400002,-0.373176,0.00163993,-0.215424,-0.0268255
1.22,5,8.76164e-07,4.77559e-05,0.000682214,-0.000439063,-4.68797e-05
1.23,0,0.364458,0.326668,0.487365,0.0495198,0.0377904
1.23,1,-0.852063,-0.75316,-0.0727349,-3.73792,-0.0989031
1.23,2,1.25206,1.30599,0.0729717,-1.76376,-0.0539272
1.23,3,2.11569e-06,0.000172341,0.00221772,-0.00303288,-0.000170225
1.23,4,-0.400002,-0.373159,0.00177848,-0.215631,-0.0268427
1.23,5,8.88316e-07,5.38765e-05,0.000555314,-0.000431535,-5.29882e-05
1.24,0,0.369444,0.331551,0.489099,0.0484194,0.0378929
1.24,1,-0.852775,-0.753886,-0.0725411,-3.73794,-0.0988891
1.24,2,1.25278,1.30672,0.0730562,-1.76447,-0.0539452
1.24,3,2.14464e-06,0.000192052,0.00177186,-0.00296219,-0.000189907
1.24,4,-0.400002,-0.373141,0.00188151,-0.215829,-0.0268611
1.24,5,9.00468e-07,5.8754e-05,0.000433279,-0.000419251,-5.78535e-05
1.25,0,0.37443,0.336451,0.49079,0.046762,0.0379783
1.25,1,-0.853487,-0.754611,-0.0723908,-3.7379,-0.0988768
1.25,2,1.25349,1.30745,0.0731104,-1.76514,-0.0539639
1.25,3,2.17358e-06,0.000207406,0.00134507,-0.00285937,-0.000205232
1.25,4,-0.400002,-0.373121,0.00195085,-0.216018,-0.0268803
1.25,5,9.1262e-07,6.24428e-05,0.000317152,-0.000402796,-6.15302e-05
1.26,0,0.379416,0.341368,0.492422,0.04462,0.0380471
1.26,1,-0.8542,-0.755334,-0.0722819,-3.73778,-0.0988657
1.26,2,1.2542,1.30818,0.0731364,-1.76576,-0.0539829
1.26,3,2.20252e-06,0.000218614,0.000940899,-0.00272865,-0.000216411
1.26,4,-0.400002,-0.373102,0.00198861,-0.216195,-0.0269001
1.26,5,9.24772e-07,6.5007e-05,0.000207805,-0.000382753,-6.40822e-05
1.27,0,0.384401,0.346301,0.493979,0.0420654,0.0381
1.27,1,-0.854912,-0.756056,-0.0722122,-3.73758,-0.0988555
1.27,2,1.25491,1.30891,0.0731363,-1.76634,-0.0540021
1.27,3,2.23146e-06,0.000225918,0.000562285,-0.00257424,-0.000223687
1.27,4,-0.400002,-0.373082,0.00199713,-0.216359,-0.0269201
1.27,5,9.36924e-07,6.65184e-05,0.000105953,-0.000359693,-6.55815e-05
1.28,0,0.389387,0.348081,0.00876804,1.62592,0.0413056
1.28,1,-0.855624,-0.756417,-0.000913137,-3.96555,-0.0992071
1.28,2,1.25562,1.30895,-0.0429599,-1.51393,-0.0533283
1.28,3,2.26041e-06,-0.00499375,-0.644841,0.436865,0.00499601
1.28,4,-0.400002,-0.372691,0.0376177,-0.237296,-0.0273109
1.28,5,9.49076e-07,0.00373409,0.322993,-0.115564,-0.00373314
1.29,0,0.394373,0.34815,-0.00198126,1.85486,0.046223
1.29,1,-0.856336,-0.756464,-0.000797225,-3.99249,-0.0998721
1.29,2,1.25634,1.30872,-0.0204841,-1.53051,-0.0523827
1.29,3,2.28935e-06,-0.00936505,-0.316796,0.283751,0.00936734
1.29,4,-0.400002,-0.372609,-0.00548362,-0.216399,-0.0273926
1.29,5,9.61228e-07,0.00426269,-0.0843861,0.00400716,-0.00426173
1.3,0,0.399359,0.34819,0.0100866,2.01648,0.0511685
1.3,1,-0.857049,-0.756519,-0.0128799,-3.98256,-0.10053
1.3,2,1.25705,1.30866,0.0122627,-1.57297,-0.0516147
1.3,3,2.31829e-06,-0.0114063,-0.127623,0.19066,0.0114087
1.3,4,-0.400002,-0.372789,-0.0289868,-0.203211,-0.027213
1.3,5,9.7338e-07,0.00262476,-0.201736,0.0474018,-0.00262379
1.31,0,0.404344,0.348195,0.000716323,2.24381,0.056149
1.31,1,-0.857761,-0.756579,-6.65725e-05,-4.04707,-0.101182
1.31,2,1.25776,1.3087,-0.00300142,-1.52209,-0.0509363
1.31,3,2.34723e-06,-0.0122573,-0.0453109,0.149783,0.0122596
1.31,4,-0.400002,-0.373014,-0.0191668,-0.206323,-0.0269883
1.31,5,9.85532e-07,0.000730874,-0.180869,0.0506114,-0.000729888
1.32,0,0.40933,0.348197,-0.000184107,2.44587,0.0611329
1.32,1,-0.858473,-0.756579,1.22365e-05,-4.07578,-0.101894
1.32,2,1.25847,1.30869,0.000779304,-1.50805,-0.0502162
1.32,3,2.37618e-06,-0.0123755,0.0116478,0.11679,0.0123779
1.32,4,-0.400002,-0.373191,-0.0161781,-0.206397,-0.0268108
1.32,5,9.97684e-07,-0.000838529,-0.135437,0.0448287,0.000839527
1.33,0,0.414316,0.348192,-0.000758519,2.64723,0.0661239
1.33,1,-0.859185,-0.756579,5.85597e-05,-4.10443,-0.102606
1.33,2,1.25919,1.30871,0.0031996,-1.49218,-0.049526
1.33,3,2.40512e-06,-0.0120457,0.0480176,0.0916708,0.0120481
1.33,4,-0.400002,-0.373328,-0.0115317,-0.207626,-0.026674
1.33,5,1.00984e-06,-0.00192165,-0.0866995,0.0356231,0.00192266
1.34,0,0.419302,0.348182,-0.00112016,2.84813,0.0711193
1.34,1,-0.859897,-0.756578,8.75269e-05,-4.13303,-0.103319
1.34,2,1.2599,1.30875,0.0047306,-1.47511,-0.0488548
1.34,3,2.43406e-06,-0.01143,0.0709986,0.0717249,0.0114324
1.34,4,-0.400002,-0.373416,-0.00668373,-0.209342,-0.0265855
1.34,5,1.02199e-06,-0.00255095,-0.0448229,0.0262067,0.00255197
1.35,0,0.424287,0.34817,-0.00132837,3.04869,0.0761175
1.35,1,-0.86061,-0.756577,0.000104319,-4.16161,-0.104032
1.35,2,1.26061,1.30881,0.00562036,-1.4571,-0.0481952
1.35,3,2.463e-06,-0.0106398,0.0843313,0.0558238,0.0106423
1.35,4,-0.400002,-0.373459,-0.00229793,-0.211198,-0.0265434
1.35,5,1.03414e-06,-0.00281276,-0.0123622,0.0177776,0.0028138
1.36,0,0.429273,0.348156,-0.00142079,3.24895,0.0811172
1.36,1,-0.861322,-0.756576,0.000111741,-4.19017,-0.104746
1.36,2,1.26132,1.30886,0.00602475,-1.4383,-0.0475418
1.36,3,2.49194e-06,-0.00975806,0.0903611,0.0433889,0.00976056
1.36,4,-0.400002,-0.373461,0.00133804,-0.212998,-0.0265411
1.36,5,1.04629e-06,-0.00280092,0.0109829,0.010715,0.00280197
1.37,0,0.434259,0.348142,-0.00142532,3.44896,0.0861172
1.37,1,-0.862034,-0.756575,0.000112086,-4.2187,-0.105459
1.37,2,1.26203,1.30892,0.0060583,-1.41882,-0.0468903
1.37,3,2.52089e-06,-0.00884795,0.0908199,0.0340128,0.00885047
1.37,4,-0.400002,-0.373431,0.00413098,-0.21463,-0.0265706
1.37,5,1.05844e-06,-0.00259998,0.0264841,0.00505995,0.00260104
1.38,0,0.439244,0.348128,-0.00136464,3.64877,0.0911169
1.38,1,-0.862746,-0.756574,0.000107187,-4.24722,-0.106172
1.38,2,1.26275,1.30898,0.00581405,-1.39875,-0.0462375
1.38,3,2.54983e-06,-0.00795722,0.0871136,0.0273295,0.00795977
1.38,4,-0.400002,-0.373379,0.00609484,-0.216034,-0.0266234
1.38,5,1.0706e-06,-0.00228016,0.0356404,0.000714017,0.00228123
1.39,0,0.44423,0.348114,-0.00125766,3.8484,0.0961157
1.39,1,-0.863459,-0.756573,9.85623e-05,-4.27572,-0.106886
1.39,2,1.26346,1.30904,0.00537038,-1.37817,-0.0455811
1.39,3,2.57877e-06,-0.00712085,0.0804244,0.0229797,0.00712343
1.39,4,-0.400002,-0.37331,0.00730411,-0.217184,-0.0266916
1.39,5,1.08275e-06,-0.00189689,0.0398892,-0.00247691,0.00189797
1.4,0,0.449216,0.348103,-0.0011202,4.04789,0.101113
1.4,1,-0.864171,-0.756572,8.74776e-05,-4.30421,-0.107599
1.4,2,1.26417,1.30909,0.00479345,-1.35717,-0.0449195
1.4,3,2.60771e-06,-0.00636306,0.0717474,0.0206082,0.00636566
1.4,4,-0.400002,-0.373234,0.00786562,-0.218078,-0.0267682
1.4,5,1.0949e-06,-0.0014921,0.0405011,-0.00468434,0.0014932
1.41,0,0.454202,0.348092,-0.00096522,4.24727,0.106109
1.41,1,-0.864883,-0.756571,7.49749e-05,-4.3327,-0.108312
1.41,2,1.26488,1.30913,0.00413819,-1.33583,-0.0442517
1.41,3,2.63666e-06,-0.00569904,0.0619073,0.0198724,0.00570168
1.41,4,-0.400002,-0.373155,0.00790008,-0.21873,-0.0268474
1.41,5,1.10705e-06,-0.0010961,0.0385498,-0.00607891,0.00109721
1.42,0,0.459187,0.348084,-0.000803098,4.44657,0.111104
1.42,1,-0.865595,-0.75657,6.18891e-05,-4.36117,-0.109025
1.42,2,1.2656,1.30917,0.00344908,-1.31421,-0.043577
1.42,3,2.6656e-06,-0.00513665,0.0515701,0.020451,0.00513931
1.42,4,-0.400002,-0.373077,0.00752951,-0.219162,-0.0269247
1.42,5,1.1192e-06,-0.000729523,0.0349141,-0.00682101,0.000730642
1.43,0,0.464173,0.348076,-0.000641865,4.6458,0.116097
1.43,1,-0.866307,-0.75657,4.8868e-05,-4.38965,-0.109737
1.43,2,1.26631,1.3092,0.002761,-1.29239,-0.0428955
1.43,3,2.69454e-06,-0.00467787,0.0412568,0.0220516,0.00468056
1.43,4,-0.400002,-0.373006,0.00686886,-0.219407,-0.0269966
1.43,5,1.13136e-06,-0.000405233,0.0302924,-0.00705591,0.000406364
1.44,0,0.469159,0.348071,-0.000487489,4.84499,0.121088
1.44,1,-0.86702,-0.756569,3.63937e-05,-4.41811,-0.11045
1.44,2,1.26702,1.30923,0.00210018,-1.27042,-0.0422072
1.44,3,2.72348e-06,-0.00432022,0.031358,0.0244146,0.00432294
1.44,4,-0.400002,-0.372941,0.00602077,-0.219496,-0.0270608
1.44,5,1.14351e-06,-0.000130002,0.0252237,-0.00691139,0.000131146
1.45,0,0.474145,0.348067,-0.000344159,5.04415,0.126078
1.45,1,-0.867732,-0.756569,2.48053e-05,-4.44658,-0.111163
1.45,2,1.26773,1.30924,0.00148526,-1.24835,-0.0415126
1.45,3,2.75243e-06,-0.00405793,0.0221508,0.0273164,0.00406069
1.45,4,-0.400002,-0.372886,0.00507268,-0.219463,-0.0271158
1.45,5,1.15566e-06,9.40081e-05,0.0201089,-0.00649693,-9.28524e-05
1.46,0,0.47913,0.348064,-0.000214572,5.2433,0.131066
1.46,1,-0.868444,-0.756569,1.43218e-05,-4.47504,-0.111875
1.46,2,1.26844,1.30926,0.00092841,-1.22622,-0.0408121
1.46,3,2.78137e-06,-0.00388304,0.0138158,0.0305687,0.00388582
1.46,4,-0.400002,-0.372841,0.00409578,-0.219338,-0.0271612
1.46,5,1.16781e-06,0.000267992,0.015233,-0.00590403,-0.000266824
1.47,0,0.484116,0.348063,-0.000100205,5.44245,0.136054
1.47,1,-0.869156,-0.756569,5.06319e-06,-4.50351,-0.112587
1.47,2,1.26916,1.30926,0.000436474,-1.20407,-0.0401064
1.47,3,2.81031e-06,-0.0037862,0.00645379,0.0340178,0.00378901
1.47,4,-0.400002,-0.372805,0.00314518,-0.219148,-0.0271969
1.47,5,1.17997e-06,0.000395451,0.0107858,-0.00520709,-0.000394271
1.48,0,0.489102,0.348062,-1.56472e-06,5.6416,0.14104
1.48,1,-0.869868,-0.756569,-2.92872e-06,-4.53197,-0.1133
1.48,2,1.26987,1.30926,1.19873e-05,-1.18191,-0.0393962
1.48,3,2.83925e-06,-0.00375743,0.000101657,0.0375417,0.00376027
1.48,4,-0.400002,-0.372779,0.00226107,-0.218918,-0.0272235
1.48,5,1.19212e-06,0.000481352,0.00688041,-0.00446493,-0.00048016
1.49,0,0.494088,0.348063,8.1583e-05,5.84076,0.146025
1.49,1,-0.870581,-0.756569,-9.67239e-06,-4.56044,-0.114012
1.49,2,1.27058,1.30926,-0.000345826,-1.15977,-0.0386821
1.49,3,2.8682e-06,-0.00378667,-0.00525289,0.0410472,0.00378954
1.49,4,-0.400002,-0.372761,0.00147035,-0.218668,-0.0272417
1.49,5,1.20427e-06,0.000531452,0.0035706,-0.00372242,-0.000530248
1.5,0,0.499073,0.348064,0.000150019,6.03994,0.15101
1.5,1,-0.871293,-0.756569,-1.52305e-05,-4.58891,-0.114724
1.5,2,1.27129,1.30926,-0.00064019,-1.13766,-0.0379647
1.5,3,2.89714e-06,-0.00386419,-0.00965853,0.044466,0.00386709
1.5,4,-0.400002,-0.37275,0.000788639,-0.218415,-0.0272525
1.5,5,1.21642e-06,0.000551785,0.000865075,-0.00301236,-0.000550568
1.51,0,0.504059,0.348066,0.000204901,6.23913,0.155994
1.51,1,-0.872005,-0.756569,-1.96962e-05,-4.61737,-0.115436
1.51,2,1.27201,1.30925,-0.000876031,-1.11559,-0.0372447
1.51,3,2.92608e-06,-0.00398088,-0.0131891,0.0477515,0.00398381
1.51,4,-0.400002,-0.372745,0.000222329,-0.218169,-0.0272572
1.51,5,1.22857e-06,0.000548285,-0.00125991,-0.00235731,-0.000547057
1.52,0,0.509045,0.348068,0.000247622,6.43834,0.160977
1.52,1,-0.872717,-0.756569,-2.31819e-05,-4.64584,-0.116148
1.52,2,1.27272,1.30924,-0.00105934,-1.09356,-0.0365227
1.52,3,2.95502e-06,-0.00412848,-0.0159343,0.0508749,0.00413143
1.52,4,-0.400002,-0.372745,-0.000229392,-0.217941,-0.0272569
1.52,5,1.24073e-06,0.000526522,-0.00285018,-0.00177135,-0.000525281
1.53,0,0.514031,0.348071,0.000279694,6.63757,0.16596
1.53,1,-0.87343,-0.75657,-2.58096e-05,-4.67431,-0.11686
1.53,2,1.27343,1.30923,-0.00119666,-1.07158,-0.0357991
1.53,3,2.98397e-06,-0.00429966,-0.0179919,0.0538216,0.00430265
1.53,4,-0.400002,-0.37275,-0.000572666,-0.217735,-0.0272527
1.53,5,1.25288e-06,0.000491522,-0.00396518,-0.00126179,-0.000490269
1.54,0,0.519016,0.348073,0.000302663,6.83681,0.170943
1.54,1,-0.874142,-0.75657,-2.7704e-05,-4.70279,-0.117572
1.54,2,1.27414,1.30922,-0.00129468,-1.04964,-0.0350744
1.54,3,3.01291e-06,-0.00448811,-0.0194619,0.0565884,0.00449112
1.54,4,-0.400002,-0.372757,-0.000817308,-0.217556,-0.0272455
1.54,5,1.26503e-06,0.000447677,-0.00467136,-0.000830652,-0.000446412
1.55,0,0.524002,0.348077,0.000318035,7.03607,0.175926
1.55,1,-0.874854,-0.75657,-2.89864e-05,-4.73126,-0.118284
1.55,2,1.27485,1.3092,-0.00135994,-1.02774,-0.0343488
1.55,3,3.04185e-06,-0.00468848,-0.0204418,0.0591804,0.00469153
1.55,4,-0.400002,-0.372766,-0.000975394,-0.217404,-0.0272365
1.55,5,1.27718e-06,0.000398699,-0.00503702,-0.000476004,-0.000397422
1.56,0,0.528988,0.34808,0.000327226,7.23535,0.180908
1.56,1,-0.875566,-0.756571,-2.97714e-05,-4.75974,-0.118996
1.56,2,1.27557,1.30919,-0.00139857,-1.00589,-0.0336228
1.56,3,3.07079e-06,-0.00489639,-0.0210236,0.0616088,0.00489947
1.56,4,-0.400002,-0.372776,-0.0010601,-0.21728,-0.0272262
1.56,5,1.28933e-06,0.000347626,-0.00512859,-0.000193104,-0.000346336
1.57,0,0.533974,0.348083,0.000331533,7.43463,0.185891
1.57,1,-0.876278,-0.756571,-3.01633e-05,-4.78821,-0.119708
1.57,2,1.27628,1.30918,-0.0014162,-0.984061,-0.0328964
1.57,3,3.09974e-06,-0.00510833,-0.0212909,0.0638888,0.00511143
1.57,4,-0.400002,-0.372787,-0.00108478,-0.217181,-0.0272154
1.57,5,1.30149e-06,0.000296852,-0.00500799,2.46433e-05,-0.000295551
1.58,0,0.538959,0.348086,0.000332109,7.63393,0.190873
1.58,1,-0.876991,-0.756571,-3.0255e-05,-4.81669,-0.120419
1.58,2,1.27699,1.30916,-0.0014178,-0.962265,-0.03217
1.58,3,3.12868e-06,-0.00532156,-0.0213184,0.0660379,0.00532469
1.58,4,-0.400002,-0.372798,-0.0010623,-0.217107,-0.0272047
1.58,5,1.31364e-06,0.000248188,-0.00473094,0.00018491,-0.000246874
1.59,0,0.543945,0.34809,0.000329955,7.83323,0.195856
1.59,1,-0.877703,-0.756571,-3.01272e-05,-4.84516,-0.121131
1.59,2,1.2777,1.30915,-0.0014077,-0.940495,-0.0314437
1.59,3,3.15762e-06,-0.00553405,-0.0211708,0.0680746,0.00553721
1.59,4,-0.400003,-0.372808,-0.00100454,-0.217053,-0.0271944
1.59,5,1.32579e-06,0.000202925,-0.00434606,0.000295824,-0.000201599
1.6,0,0.548931,0.348093,0.000325919,8.03254,0.200838
1.6,1,-0.878415,-0.756572,-2.98484e-05,-4.87364,-0.121843
1.6,2,1.27842,1.30913,-0.00138957,-0.918745,-0.0307175
1.6,3,3.18656e-06,-0.00574436,-0.0209027,0.0700171,0.00574755
1.6,4,-0.400003,-0.372818,-0.000922074,-0.217017,-0.0271848
1.6,5,1.33794e-06,0.000161908,-0.00389448,0.000365496,-0.00016057
1.61,0,0.553917,0.348096,0.000320703,8.23186,0.20582
1.61,1,-0.879127,-0.756572,-2.94748e-05,-4.90212,-0.122555
1.61,2,1.27913,1.30912,-0.00136641,-0.897012,-0.0299915
1.61,3,3.21551e-06,-0.00595155,-0.0205593,0.0718832,0.00595476
1.61,4,-0.400003,-0.372826,-0.00082403,-0.216997,-0.0271761
1.61,5,1.35009e-06,0.000125613,-0.00340997,0.000401677,-0.000124263
1.62,0,0.558902,0.348099,0.000314871,8.43118,0.210803
1.62,1,-0.87984,-0.756572,-2.9052e-05,-4.9306,-0.123267
1.62,2,1.27984,1.30911,-0.00134066,-0.875291,-0.0292657
1.62,3,3.24445e-06,-0.00615506,-0.0201769,0.0736892,0.0061583
1.62,4,-0.400003,-0.372834,-0.000718012,-0.216989,-0.0271685
1.62,5,1.36225e-06,9.42159e-05,-0.00291929,0.00041152,-9.28536e-05
1.63,0,0.563888,0.348103,0.000308861,8.6305,0.215786
1.63,1,-0.880552,-0.756573,-2.86151e-05,-4.95908,-0.123979
1.63,2,1.28055,1.30909,-0.00131418,-0.85358,-0.0285403
1.63,3,3.27339e-06,-0.00635466,-0.0197836,0.0754495,0.00635794
1.63,4,-0.400003,-0.372841,-0.000610136,-0.216991,-0.0271619
1.63,5,1.3744e-06,6.76619e-05,-0.00244288,0.000401426,-6.62875e-05
1.64,0,0.568874,0.348106,0.000303003,8.82983,0.220768
1.64,1,-0.881264,-0.756573,-2.81907e-05,-4.98755,-0.124691
1.64,2,1.28126,1.30908,-0.0012884,-0.831875,-0.027815
1.64,3,3.30233e-06,-0.00655038,-0.0194005,0.0771771,0.00655368
1.64,4,-0.400003,-0.372846,-0.000505127,-0.216999,-0.0271565
1.64,5,1.38655e-06,4.57224e-05,-0.00199551,0.000376974,-4.43358e-05
1.65,0,0.57386,0.348109,0.000297533,9.02915,0.225751
1.65,1,-0.881976,-0.756573,-2.77976e-05,-5.01603,-0.125403
1.65,2,1.28198,1.30907,-0.00126431,-0.810174,-0.0270901
1.65,3,3.33128e-06,-0.00674239,-0.0190427,0.0788828,0.00674572
1.65,4,-0.400003,-0.372851,-0.000406451,-0.217013,-0.027152
1.65,5,1.3987e-06,2.80484e-05,-0.00158714,0.000342894,-2.66497e-05
1.66,0,0.578845,0.348112,0.000292605,9.22848,0.230734
1.66,1,-0.882688,-0.756574,-2.74483e-05,-5.04451,-0.126115
1.66,2,1.28269,1.30905,-0.00124257,-0.788475,-0.0263653
1.66,3,3.36022e-06,-0.00693101,-0.01872,0.0805757,0.00693437
1.66,4,-0.400003,-0.372854,-0.000316473,-0.217029,-0.0271484
1.66,5,1.41085e-06,1.42145e-05,-0.0012237,0.000303091,-1.28037e-05
1.67,0,0.583831,0.348114,0.000288312,9.42781,0.235717
1.67,1,-0.883401,-0.756574,-2.71502e-05,-5.07299,-0.126827
1.67,2,1.2834,1.30904,-0.00122357,-0.766777,-0.0256408
1.67,3,3.38916e-06,-0.00711662,-0.0184383,0.0822631,0.00712001
1.67,4,-0.400003,-0.372857,-0.000236624,-0.217048,-0.0271457
1.67,5,1.42301e-06,3.7544e-06,-0.000907839,0.000260695,-2.33139e-06
1.68,0,0.588817,0.348117,0.000284693,9.62713,0.2407
1.68,1,-0.884113,-0.756574,-2.69064e-05,-5.10147,-0.127539
1.68,2,1.28411,1.30903,-0.00120747,-0.745078,-0.0249164
1.68,3,3.4181e-06,-0.00729966,-0.0181999,0.0839507,0.00730308
1.68,4,-0.400003,-0.372859,-0.000167575,-0.217066,-0.0271438
1.68,5,1.43516e-06,-3.81023e-06,-0.000639671,0.000218128,5.24539e-06
1.69,0,0.593803,0.34812,0.000281748,9.82646,0.245683
1.69,1,-0.884825,-0.756574,-2.67168e-05,-5.12995,-0.128251
1.69,2,1.28483,1.30902,-0.00119426,-0.723378,-0.0241922
1.69,3,3.44705e-06,-0.00748055,-0.0180049,0.0856429,0.007484
1.69,4,-0.400003,-0.37286,-0.000109387,-0.217085,-0.0271425
1.69,5,1.44731e-06,-8.94769e-06,-0.000417392,0.000177193,1.0395e-05
1.7,0,0.598788,0.348123,0.000279448,10.0258,0.250666
1.7,1,-0.885537,-0.756575,-2.65792e-05,-5.15843,-0.128963
1.7,2,1.28554,1.30901,-0.00118383,-0.701676,-0.0234681
1.7,3,3.47599e-06,-0.00765972,-0.0178513,0.0873428,0.0076632
1.7,4,-0.400003,-0.372861,-6.16683e-05,-0.217102,-0.0271417
1.7,5,1.45946e-06,-1.21004e-05,-0.000237843,0.000139152,1.35599e-05
1.71,0,0.603774,0.348126,0.000277746,10.2251,0.255649
1.71,1,-0.886249,-0.756575,-2.64896e-05,-5.1869,-0.129675
1.71,2,1.28625,1.30899,-0.00117595,-0.679971,-0.0227441
1.71,3,3.50493e-06,-0.00783757,-0.0177361,0.0890524,0.00784108
1.71,4,-0.400003,-0.372862,-2.3697e-05,-0.217118,-0.0271413
1.71,5,1.47161e-06,-1.3674e-05,-9.69811e-05,0.000104823,1.51456e-05
1.72,0,0.60876,0.348128,0.000276579,10.4244,0.260631
1.72,1,-0.886962,-0.756575,-2.64432e-05,-5.21538,-0.130387
1.72,2,1.28696,1.30898,-0.00117036,-0.658264,-0.0220202
1.72,3,3.53387e-06,-0.00801446,-0.0176551,0.090773,0.00801799
1.72,4,-0.400003,-0.372862,5.46417e-06,-0.217133,-0.0271412
1.72,5,1.48377e-06,-1.40307e-05,9.73539e-06,7.46516e-05,1.55144e-05
1.73,0,0.613746,0.348131,0.00027588,10.6238,0.265614
1.73,1,-0.887674,-0.756575,-2.64343e-05,-5.24386,-0.131099
1.73,2,1.28767,1.30897,-0.00116677,-0.636554,-0.0212963
1.73,3,3.56282e-06,-0.00819071,-0.0176041,0.0925052,0.00819427
1.73,4,-0.400003,-0.372861,2.68756e-05,-0.217145,-0.0271414
1.73,5,1.49592e-06,-1.34859e-05,8.70341e-05,4.87987e-05,1.49818e-05
1.74,0,0.618731,0.348134,0.000275579,10.8231,0.270597
1.74,1,-0.888386,-0.756576,-2.64574e-05,-5.27234,-0.13181
1.74,2,1.28839,1.30896,-0.00116488,-0.614842,-0.0205724
1.74,3,3.59176e-06,-0.00836659,-0.0175786,0.094249,0.00837018
1.74,4,-0.400003,-0.372861,4.16461e-05,-0.217155,-0.0271418
1.74,5,1.50807e-06,-1.23079e-05,0.000139592,2.72024e-05,1.3816e-05
1.75,0,0.623717,0.348137,0.000275608,11.0224,0.27558
1.75,1,-0.889098,-0.756576,-2.65069e-05,-5.30082,-0.132522
1.75,2,1.2891,1.30895,-0.00116439,-0.593127,-0.0198485
1.75,3,3.6207e-06,-0.00854233,-0.017574,0.096004,0.00854596
1.75,4,-0.400003,-0.372861,5.08745e-05,-0.217164,-0.0271423
1.75,5,1.52022e-06,-1.07196e-05,0.000171861,9.64055e-06,1.22398e-05
1.76,0,0.628703,0.34814,0.000275902,11.2217,0.280563
1.76,1,-0.889811,-0.756576,-2.65778e-05,-5.32929,-0.133234
1.76,2,1.28981,1.30894,-0.00116502,-0.571409,-0.0191246
1.76,3,3.64964e-06,-0.00871813,-0.0175864,0.0977697,0.00872178
1.76,4,-0.400003,-0.37286,5.56069e-05,-0.217171,-0.0271429
1.76,5,1.53238e-06,-8.90073e-06,0.000187945,-4.21801e-06,1.04331e-05
1.77,0,0.633689,0.348142,0.000276402,11.421,0.285546
1.77,1,-0.890523,-0.756576,-2.66652e-05,-5.35777,-0.133946
1.77,2,1.29052,1.30892,-0.00116654,-0.54969,-0.0184008
1.77,3,3.67859e-06,-0.00889413,-0.0176119,0.0995452,0.0088978
1.77,4,-0.400003,-0.372859,5.68068e-05,-0.217176,-0.0271435
1.77,5,1.54453e-06,-6.99268e-06,0.000191525,-1.47715e-05,8.53721e-06
1.78,0,0.638674,0.348145,0.000277056,11.6203,0.290529
1.78,1,-0.891235,-0.756577,-2.6765e-05,-5.38625,-0.134658
1.78,2,1.29124,1.30891,-0.0011687,-0.527969,-0.0176769
1.78,3,3.70753e-06,-0.00907043,-0.0176472,0.10133,0.00907414
1.78,4,-0.400003,-0.372859,5.53358e-05,-0.21718,-0.027144
1.78,5,1.55668e-06,-5.10236e-06,0.000185821,-2.24511e-05,6.65904e-06
1.79,0,0.64366,0.348148,0.00027782,11.8197,0.295512
1.79,1,-0.891947,-0.756577,-2.68735e-05,-5.41473,-0.13537
1.79,2,1.29195,1.3089,-0.00117133,-0.506246,-0.016953
1.79,3,3.73647e-06,-0.00924713,-0.0176895,0.103122,0.00925087
1.79,4,-0.400003,-0.372858,5.19445e-05,-0.217183,-0.0271446
1.79,5,1.56883e-06,-3.30711e-06,0.000173579,-2.76941e-05,4.87594e-06
1.8,0,0.648646,0.348151,0.000278655,12.019,0.300495
1.8,1,-0.892659,-0.756577,-2.69877e-05,-5.44321,-0.136082
1.8,2,1.29266,1.30889,-0.00117425,-0.484522,-0.016229
1.8,3,3.76541e-06,-0.00942428,-0.0177362,0.104922,0.00942805
1.8,4,-0.400003,-0.372858,4.72692e-05,-0.217185,-0.0271451
1.8,5,1.58098e-06,-1.65936e-06,0.000157087,-3.09245e-05,3.24034e-06
1.81,0,0.653632,0.348153,0.000279531,12.2183,0.305478
1.81,1,-0.893372,-0.756578,-2.71052e-05,-5.47168,-0.136794
1.81,2,1.29337,1.30888,-0.00117735,-0.462796,-0.015505
1.81,3,3.79436e-06,-0.00960191,-0.0177855,0.106728,0.00960571
1.81,4,-0.400003,-0.372857,4.18351e-05,-0.217186,-0.0271456
1.81,5,1.59314e-06,-1.9114e-07,0.000138198,-3.2538e-05,1.78428e-06
1.82,0,0.658617,0.348156,0.000280423,12.4176,0.310461
1.82,1,-0.894084,-0.756578,-2.72239e-05,-5.50016,-0.137506
1.82,2,1.29408,1.30887,-0.0011805,-0.441069,-0.014781
1.82,3,3.8233e-06,-0.00978004,-0.0178357,0.10854,0.00978387
1.82,4,-0.400003,-0.372857,3.60631e-05,-0.217186,-0.027146
1.82,5,1.60529e-06,1.08215e-06,0.00011837,-3.28953e-05,5.23142e-07
1.83,0,0.663603,0.348159,0.000281313,12.6169,0.315444
1.83,1,-0.894796,-0.756578,-2.73424e-05,-5.52864,-0.138218
1.83,2,1.2948,1.30885,-0.00118365,-0.419342,-0.014057
1.83,3,3.85224e-06,-0.00995868,-0.0178858,0.110357,0.00996253
1.83,4,-0.400003,-0.372857,3.02791e-05,-0.217186,-0.0271463
1.83,5,1.61744e-06,2.15719e-06,9.87118e-05,-3.23123e-05,-5.39754e-07
1.84,0,0.668589,0.348162,0.000282186,12.8162,0.320427
1.84,1,-0.895508,-0.756578,-2.74596e-05,-5.55712,-0.13893
1.84,2,1.29551,1.30884,-0.00118671,-0.397614,-0.0133329
1.84,3,3.88118e-06,-0.0101378,-0.0179347,0.112178,0.0101417
1.84,4,-0.400003,-0.372856,2.47249e-05,-0.217186,-0.0271466
1.84,5,1.62959e-06,3.04047e-06,8.00269e-05,-3.10625e-05,-1.41088e-06
1.85,0,0.673575,0.348165,0.000283033,13.0156,0.32541
1.85,1,-0.89622,-0.756579,-2.75746e-05,-5.58559,-0.139642
1.85,2,1.29622,1.30883,-0.00118967,-0.375885,-0.0126088
1.85,3,3.91012e-06,-0.0103174,-0.0179819,0.114002,0.0103213
1.85,4,-0.400003,-0.372856,1.95698e-05,-0.217185,-0.0271469
1.85,5,1.64174e-06,3.7449e-06,6.2863e-05,-2.93747e-05,-2.10316e-06
1.86,0,0.67856,0.348167,0.000283848,13.2149,0.330393
1.86,1,-0.896933,-0.756579,-2.76871e-05,-5.61407,-0.140354
1.86,2,1.29693,1.30882,-0.00119248,-0.354155,-0.0118847
1.86,3,3.93907e-06,-0.0104975,-0.0180271,0.11583,0.0105014
1.86,4,-0.400003,-0.372856,1.49227e-05,-0.217184,-0.0271471
1.86,5,1.6539e-06,4.28771e-06,4.75561e-05,-2.74359e-05,-2.63381e-06
1.87,0,0.683546,0.34817,0.000284628,13.4142,0.335376
1.87,1,-0.897645,-0.756579,-2.77967e-05,-5.64255,-0.141066
1.87,2,1.29765,1.30881,-0.00119514,-0.332425,-0.0111605
1.87,3,3.96801e-06,-0.010678,-0.0180699,0.117662,0.010682
1.87,4,-0.400003,-0.372856,1.08427e-05,-0.217183,-0.0271472
1.87,5,1.66605e-06,4.6885e-06,3.42735e-05,-2.53943e-05,-3.02245e-06
1.88,0,0.688532,0.348173,0.000285373,13.6135,0.340359
1.88,1,-0.898357,-0.756579,-2.79035e-05,-5.67102,-0.141778
1.88,2,1.29836,1.30879,-0.00119765,-0.310694,-0.0104363
1.88,3,3.99695e-06,-0.0108589,-0.0181105,0.119495,0.0108629
1.88,4,-0.400003,-0.372856,7.34995e-06,-0.217182,-0.0271473
1.88,5,1.6782e-06,4.96781e-06,2.30511e-05,-2.33634e-05,-3.28961e-06
1.89,0,0.693518,0.348176,0.000286083,13.8128,0.345342
1.89,1,-0.899069,-0.75658,-2.80075e-05,-5.6995,-0.14249
1.89,2,1.29907,1.30878,-0.00120001,-0.288963,-0.00971211
1.89,3,4.02589e-06,-0.0110402,-0.0181489,0.121332,0.0110443
1.89,4,-0.400003,-0.372856,4.4348e-06,-0.217182,-0.0271474
1.89,5,1.69035e-06,5.14598e-06,1.38273e-05,-2.14263e-05,-3.45563e-06
1.9,0,0.698503,0.348179,0.000286761,14.0121,0.350325
1.9,1,-0.899782,-0.75658,-2.81088e-05,-5.72798,-0.143202
1.9,2,1.29978,1.30877,-0.00120223,-0.267232,-0.00898788
1.9,3,4.05484e-06,-0.0112219,-0.0181851,0.123171,0.011226
1.9,4,-0.400003,-0.372856,2.06592e-06,-0.217181,-0.0271475
1.9,5,1.7025e-06,5.24231e-06,6.47152e-06,-1.96405e-05,-3.53981e-06
1.91,0,0.703489,0.348182,0.000287409,14.2114,0.355307
1.91,1,-0.900494,-0.75658,-2.82078e-05,-5.75646,-0.143914
1.91,2,1.30049,1.30876,-0.00120432,-0.2455,-0.00826363
1.91,3,4.08378e-06,-0.011404,-0.0182195,0.125012,0.011408
1.91,4,-0.400003,-0.372856,1.97297e-07,-0.21718,-0.0271475
1.91,5,1.71466e-06,5.27455e-06,8.07803e-07,-1.80418e-05,-3.55989e-06
1.92,0,0.708475,0.348185,0.000288032,14.4107,0.36029
1.92,1,-0.901206,-0.756581,-2.83047e-05,-5.78493,-0.144625
1.92,2,1.30121,1.30875,-0.0012063,-0.223768,-0.00753935
1.92,3,4.11272e-06,-0.0115863,-0.0182521,0.126856,0.0115905
1.92,4,-0.400003,-0.372856,-1.22601e-06,-0.21718,-0.0271475
1.92,5,1.72681e-06,5.25852e-06,-3.3653e-06,-1.6649e-05,-3.53171e-06
1.93,0,0.713461,0.348188,0.000288632,14.6101,0.365273
1.93,1,-0.901918,-0.756581,-2.83997e-05,-5.81341,-0.145337
1.93,2,1.30192,1.30873,-0.00120818,-0.202035,-0.00681506
1.93,3,4.14166e-06,-0.011769,-0.0182833,0.128702,0.0117732
1.93,4,-0.400003,-0.372856,-2.26328e-06,-0.217179,-0.0271475
1.93,5,1.73896e-06,5.20797e-06,-6.25959e-06,-1.54672e-05,-3.46901e-06
1.94,0,0.718446,0.34819,0.000289213,14.8094,0.370256
1.94,1,-0.90263,-0.756581,-2.84933e-05,-5.84189,-0.146049
1.94,2,1.30263,1.30872,-0.00120998,-0.180302,-0.00609075
1.94,3,4.17061e-06,-0.011952,-0.0183133,0.13055,0.0119562
1.94,4,-0.400003,-0.372856,-2.97449e-06,-0.217179,-0.0271475
1.94,5,1.75111e-06,5.13452e-06,-8.08542e-06,-1.44914e-05,-3.38341e-06
1.95,0,0.723432,0.348193,0.000289779,15.0087,0.375239
1.95,1,-0.903343,-0.756581,-2.85856e-05,-5.87036,-0.146761
1.95,2,1.30334,1.30871,-0.00121171,-0.158569,-0.00536642
1.95,3,4.19955e-06,-0.0121353,-0.0183423,0.132401,0.0121395
1.95,4,-0.400003,-0.372856,-3.41761e-06,-0.217178,-0.0271475
1.95,5,1.76326e-06,5.04775e-06,-9.04317e-06,-1.37095e-05,-3.28449e-06
1.96,0,0.728418,0.348196,0.000290334,15.208,0.380222
1.96,1,-0.904055,-0.756582,-2.86769e-05,-5.89884,-0.147473
1.96,2,1.30406,1.3087,-0.00121339,-0.136835,-0.00464207
1.96,3,4.22849e-06,-0.0123189,-0.0183706,0.134254,0.0123231
1.96,4,-0.400003,-0.372856,-3.64676e-06,-0.217178,-0.0271475
1.96,5,1.77542e-06,4.95531e-06,-9.31739e-06,-1.31042e-05,-3.17989e-06
1.97,0,0.733404,0.348199,0.00029088,15.4073,0.385205
1.97,1,-0.904767,-0.756582,-2.87676e-05,-5.92732,-0.148185
1.97,2,1.30477,1.30869,-0.00121503,-0.115101,-0.00391771
1.97,3,4.25743e-06,-0.0125028,-0.0183982,0.136109,0.012507
1.97,4,-0.400003,-0.372856,-3.71087e-06,-0.217178,-0.0271475
1.97,5,1.78757e-06,4.8631e-06,-9.07315e-06,-1.26557e-05,-3.07553e-06
1.98,0,0.738389,0.348202,0.000291419,15.6066,0.390187
1.98,1,-0.905479,-0.756582,-2.88577e-05,-5.95579,-0.148897
1.98,2,1.30548,1.30867,-0.00121665,-0.0933667,-0.00319333
1.98,3,4.28638e-06,-0.0126869,-0.0184254,0.137967,0.0126912
1.98,4,-0.400003,-0.372856,-3.65306e-06,-0.217178,-0.0271475
1.98,5,1.79972e-06,4.7755e-06,-8.4542e-06,-1.23426e-05,-2.97578e-06
1.99,0,0.743375,0.348205,0.000291955,15.8059,0.39517
1.99,1,-0.906192,-0.756583,-2.89475e-05,-5.98427,-0.149609
1.99,2,1.30619,1.30866,-0.00121824,-0.0716316,-0.00246894
1.99,3,4.31532e-06,-0.0128713,-0.0184524,0.139828,0.0128756
1.99,4,-0.400003,-0.372856,-3.51031e-06,-0.217178,-0.0271475
1.99,5,1.81187e-06,4.69558e-06,-7.58251e-06,-1.21438e-05,-2.8837e-06
2,0,0.748361,0.348208,0.000292488,16.0052,0.400153
2,1,-0.906904,-0.756583,-2.90371e-05,-6.01275,-0.150321
2,2,1.3069,1.30865,-0.00121982,-0.0498961,-0.00174453
2,3,4.34426e-06,-0.013056,-0.0184792,0.141691,0.0130603
2,4,-0.400003,-0.372856,-3.31352e-06,-0.217178,-0.0271475
2,5,1.82402e-06,4.62528e-06,-6.55885e-06,-1.20386e-05,-2.80126e-06
2.01,0,0.753347,0.348211,0.000293021,16.2046,0.405136
2.01,1,-0.907616,-0.756583,-2.91267e-05,-6.04122,-0.151033
2.01,2,1.30762,1.30864,-0.0012214,-0.0281602,-0.0010201
2.01,3,4.3732e-06,-0.0132409,-0.0185059,0.143556,0.0132453
2.01,4,-0.400003,-0.372856,-3.08784e-06,-0.217178,-0.0271474
2.01,5,1.83618e-06,4.56567e-06,-5.46412e-06,-1.20082e-05,-2.72949e-06
2.02,0,0.758332,0.348214,0.000293555,16.4039,0.410119
2.02,1,-0.908328,-0.756583,-2.92163e-05,-6.0697,-0.151745
2.02,2,1.30833,1.30862,-0.00122298,-0.00642376,-0.000295657
2.02,3,4.40215e-06,-0.0134261,-0.0185327,0.145425,0.0134305
2.02,4,-0.400004,-0.372856,-2.85305e-06,-0.217178,-0.0271474
2.02,5,1.84833e-06,4.5171e-06,-4.36117e-06,-1.20355e-05,-2.66877e-06
2.03,0,0.763318,0.348217,0.000294091,16.6032,0.415102
2.03,1,-0.90904,-0.756584,-2.9306e-05,-6.09818,-0.152457
2.03,2,1.30904,1.30861,-0.00122456,0.0153132,0.000428801
2.03,3,4.43109e-06,-0.0136116,-0.0185595,0.147296,0.013616
2.03,4,-0.400004,-0.372856,-2.62424e-06,-0.217178,-0.0271474
2.03,5,1.86048e-06,4.47937e-06,-3.29685e-06,-1.21054e-05,-2.61889e-06
2.04,0,0.768304,0.34822,0.000294628,16.8025,0.420084
2.04,1,-0.909753,-0.756584,-2.93959e-05,-6.12665,-0.153169
2.04,2,1.30975,1.3086,-0.00122615,0.0370505,0.00115327
2.04,3,4.46003e-06,-0.0137973,-0.0185864,0.14917,0.0138018
2.04,4,-0.400004,-0.372856,-2.41229e-06,-0.217178,-0.0271474
2.04,5,1.87263e-06,4.45192e-06,-2.30432e-06,-1.22051e-05,-2.57928e-06
2.05,0,0.77329,0.348223,0.000295168,17.0018,0.425067
2.05,1,-0.910465,-0.756584,-2.9486e-05,-6.15513,-0.15388
2.05,2,1.31047,1.30859,-0.00122775,0.0587884,0.00187776
2.05,3,4.48897e-06,-0.0139833,-0.0186135,0.151046,0.0139878
2.05,4,-0.400004,-0.372856,-2.2246e-06,-0.217178,-0.0271474
2.05,5,1.88478e-06,4.43389e-06,-1.40514e-06,-1.2324e-05,-2.5491e-06
2.06,0,0.778275,0.348226,0.000295712,17.2011,0.43005
2.06,1,-0.911177,-0.756585,-2.95763e-05,-6.18361,-0.154592
2.06,2,1.31118,1.30858,-0.00122936,0.0805268,0.00260227
2.06,3,4.51792e-06,-0.0141696,-0.0186407,0.152926,0.0141741
2.06,4,-0.400004,-0.372856,-2.06565e-06,-0.217178,-0.0271474
2.06,5,1.89694e-06,4.42428e-06,-6.11478e-07,-1.24533e-05,-2.52734e-06
2.07,0,0.783261,0.348228,0.000296258,17.4004,0.435033
2.07,1,-0.911889,-0.756585,-2.96668e-05,-6.21208,-0.155304
2.07,2,1.31189,1.30856,-0.00123098,0.102266,0.00332679
2.07,3,4.54686e-06,-0.0143562,-0.0186681,0.154808,0.0143607
2.07,4,-0.400004,-0.372856,-1.93759e-06,-0.217179,-0.0271474
2.07,5,1.90909e-06,4.422e-06,7.19744e-08,-1.25861e-05,-2.51291e-06
2.08,0,0.788247,0.348231,0.000296808,17.5997,0.440015
2.08,1,-0.912601,-0.756585,-2.97576e-05,-6.24056,-0.156016
2.08,2,1.3126,1.30855,-0.00123261,0.124005,0.00405133
2.08,3,4.5758e-06,-0.014543,-0.0186957,0.156693,0.0145476
2.08,4,-0.400004,-0.372856,-1.84075e-06,-0.217179,-0.0271474
2.08,5,1.92124e-06,4.42595e-06,6.46251e-07,-1.27174e-05,-2.50471e-06
2.09,0,0.793233,0.348234,0.000297361,17.799,0.444998
2.09,1,-0.913314,-0.756586,-2.98487e-05,-6.26904,-0.156728
2.09,2,1.31331,1.30854,-0.00123425,0.145745,0.00477589
2.09,3,4.60474e-06,-0.0147301,-0.0187234,0.158581,0.0147347
2.09,4,-0.400004,-0.372856,-1.7741e-06,-0.217179,-0.0271474
2.09,5,1.93339e-06,4.43507e-06,1.11657e-06,-1.28434e-05,-2.50168e-06
2.1,0,0.798218,0.348237,0.000297917,17.9983,0.449981
2.1,1,-0.914026,-0.756586,-2.99399e-05,-6.29751,-0.15744
2.1,2,1.31403,1.30853,-0.0012359,0.167486,0.00550046
2.1,3,4.63369e-06,-0.0149175,-0.0187513,0.160472,0.0149221
2.1,4,-0.400004,-0.372856,-1.73566e-06,-0.217179,-0.0271474
2.1,5,1.94555e-06,4.44836e-06,1.49103e-06,-1.29614e-05,-2.50281e-06
2.11,0,0.803204,0.34824,0.000298476,18.1977,0.454964
2.11,1,-0.914738,-0.756586,-3.00314e-05,-6.32599,-0.158152
2.11,2,1.31474,1.30851,-0.00123757,0.189226,0.00622504
2.11,3,4.66263e-06,-0.0151052,-0.0187794,0.162366,0.0151098
2.11,4,-0.400004,-0.372856,-1.7228e-06,-0.217179,-0.0271475
2.11,5,1.9577e-06,4.4649e-06,1.77953e-06,-1.30699e-05,-2.50721e-06
2.12,0,0.80819,0.348243,0.000299038,18.397,0.459947
2.12,1,-0.91545,-0.756586,-3.01231e-05,-6.35447,-0.158864
2.12,2,1.31545,1.3085,-0.00123924,0.210968,0.00694965
2.12,3,4.69157e-06,-0.0152931,-0.0188076,0.164263,0.0152978
2.12,4,-0.400004,-0.372856,-1.73257e-06,-0.217179,-0.0271475
2.12,5,1.96985e-06,4.48392e-06,1.9929e-06,-1.31682e-05,-2.51407e-06
2.13,0,0.813176,0.348246,0.000299603,18.5963,0.464929
2.13,1,-0.916163,-0.756587,-3.0215e-05,-6.38294,-0.159576
2.13,2,1.31616,1.30849,-0.00124091,0.23271,0.00767427
2.13,3,4.72051e-06,-0.0154814,-0.0188359,0.166162,0.0154861
2.13,4,-0.400004,-0.372856,-1.76185e-06,-0.217179,-0.0271475
2.13,5,1.982e-06,4.5047e-06,2.14218e-06,-1.32561e-05,-2.5227e-06
2.14,0,0.818161,0.348249,0.000300169,18.7956,0.469912
2.14,1,-0.916875,-0.756587,-3.0307e-05,-6.41142,-0.160288
2.14,2,1.31688,1.30848,-0.0012426,0.254452,0.00839891
2.14,3,4.74946e-06,-0.0156699,-0.0188644,0.168065,0.0156746
2.14,4,-0.400004,-0.372856,-1.80756e-06,-0.217179,-0.0271475
2.14,5,1.99415e-06,4.52667e-06,2.23816e-06,-1.3334e-05,-2.53252e-06
2.15,0,0.823147,0.348252,0.000300739,18.9949,0.474895
2.15,1,-0.917587,-0.756587,-3.03993e-05,-6.4399,-0.161
2.15,2,1.31759,1.30846,-0.00124429,0.276195,0.00912356
2.15,3,4.7784e-06,-0.0158587,-0.018893,0.16997,0.0158635
2.15,4,-0.400004,-0.372856,-1.86674e-06,-0.217179,-0.0271475
2.15,5,2.00631e-06,4.54936e-06,2.29098e-06,-1.34026e-05,-2.54305e-06
2.16,0,0.828133,0.348255,0.00030131,19.1942,0.479878
2.16,1,-0.918299,-0.756588,-3.04916e-05,-6.46837,-0.161712
2.16,2,1.3183,1.30845,-0.00124599,0.297939,0.00984824
2.16,3,4.80734e-06,-0.0160478,-0.0189216,0.171879,0.0160526
2.16,4,-0.400004,-0.372856,-1.93671e-06,-0.217179,-0.0271475
2.16,5,2.01846e-06,4.57238e-06,2.30989e-06,-1.34626e-05,-2.55393e-06
2.17,0,0.833119,0.348258,0.000301883,19.3935,0.48486
2.17,1,-0.919011,-0.756588,-3.05841e-05,-6.49685,-0.162423
2.17,2,1.31901,1.30844,-0.0012477,0.319683,0.0105729
2.17,3,4.83628e-06,-0.0162371,-0.0189504,0.17379,0.016242
2.17,4,-0.400004,-0.372856,-2.01502e-06,-0.217179,-0.0271475
2.17,5,2.03061e-06,4.59545e-06,2.30308e-06,-1.35151e-05,-2.56484e-06
2.18,0,0.838104,0.348261,0.000302458,19.5928,0.489843
2.18,1,-0.919724,-0.756588,-3.06768e-05,-6.52532,-0.163135
2.18,2,1.31972,1.30843,-0.00124941,0.341428,0.0112976
2.18,3,4.86523e-06,-0.0164268,-0.0189793,0.175704,0.0164317
2.18,4,-0.400004,-0.372856,-2.09954e-06,-0.217179,-0.0271475
2.18,5,2.04276e-06,4.61833e-06,2.27768e-06,-1.35612e-05,-2.57557e-06
2.19,0,0.84309,0.348264,0.000303035,19.7921,0.494826
2.19,1,-0.920436,-0.756589,-3.07696e-05,-6.5538,-0.163847
2.19,2,1.32044,1.30841,-0.00125112,0.363173,0.0120224
2.19,3,4.89417e-06,-0.0166168,-0.0190082,0.177621,0.0166217
2.19,4,-0.400004,-0.372856,-2.18848e-06,-0.217179,-0.0271475
2.19,5,2.05491e-06,4.64089e-06,2.23967e-06,-1.36018e-05,-2.58598e-06
2.2,0,0.848076,0.348267,0.000303614,19.9914,0.499808
2.2,1,-0.921148,-0.756589,-3.08625e-05,-6.58228,-0.164559
2.2,2,1.32115,1.3084,-0.00125284,0.384918,0.0127471
2.2,3,4.92311e-06,-0.016807,-0.0190372,0.179542,0.0168119
2.2,4,-0.400004,-0.372856,-2.28034e-06,-0.217179,-0.0271475
2.2,5,2.06707e-06,4.66303e-06,2.19401e-06,-1.3638e-05,-2.59596e-06
2.21,0,0.853062,0.348271,0.000304194,20.1907,0.504791
2.21,1,-0.92186,-0.756589,-3.09555e-05,-6.61075,-0.165271
2.21,2,1.32186,1.30839,-0.00125457,0.406665,0.0134719
2.21,3,4.95205e-06,-0.0169975,-0.0190663,0.181465,0.0170025
2.21,4,-0.400004,-0.372856,-2.37389e-06,-0.217179,-0.0271475
2.21,5,2.07922e-06,4.68468e-06,2.14464e-06,-1.36707e-05,-2.60546e-06
2.22,0,0.858047,0.348274,0.000304776,20.39,0.509774
2.22,1,-0.922573,-0.756589,-3.10486e-05,-6.63923,-0.165983
2.22,2,1.32257,1.30838,-0.00125629,0.428411,0.0141966
2.22,3,4.981e-06,-0.0171884,-0.0190954,0.183391,0.0171933
2.22,4,-0.400004,-0.372856,-2.46819e-06,-0.217179,-0.0271475
2.22,5,2.09137e-06,4.70583e-06,2.09465e-06,-1.37007e-05,-2.61446e-06
2.23,0,0.863033,0.348277,0.000305359,20.5893,0.514757
2.23,1,-0.923285,-0.75659,-3.11418e-05,-6.6677,-0.166695
2.23,2,1.32329,1.30836,-0.00125802,0.450159,0.0149214
2.23,3,5.00994e-06,-0.0173795,-0.0191246,0.18532,0.0173845
2.23,4,-0.400004,-0.372857,-2.56252e-06,-0.217179,-0.0271475
2.23,5,2.10352e-06,4.7265e-06,2.04631e-06,-1.37288e-05,-2.62297e-06
2.24,0,0.868019,0.34828,0.000305944,20.7887,0.519739
2.24,1,-0.923997,-0.75659,-3.12351e-05,-6.69618,-0.167407
2.24,2,1.324,1.30835,-0.00125976,0.471906,0.0156462
2.24,3,5.03888e-06,-0.0175709,-0.0191539,0.187251,0.0175759
2.24,4,-0.400004,-0.372857,-2.65637e-06,-0.217179,-0.0271475
2.24,5,2.11567e-06,4.74669e-06,2.00125e-06,-1.37555e-05,-2.63102e-06
2.25,0,0.873005,0.348283,0.00030653,20.988,0.524722
2.25,1,-0.924709,-0.75659,-3.13286e-05,-6.72466,-0.168119
2.25,2,1.32471,1.30834,-0.00126149,0.493655,0.0163711
2.25,3,5.06782e-06,-0.0177626,-0.0191832,0.189186,0.0177676
2.25,4,-0.400004,-0.372857,-2.74939e-06,-0.217178,-0.0271475
2.25,5,2.12783e-06,4.76646e-06,1.96053e-06,-1.37813e-05,-2.63863e-06
2.26,0,0.87799,0.348286,0.000307118,21.1873,0.529705
2.26,1,-0.925421,-0.756591,-3.14221e-05,-6.75313,-0.168831
2.26,2,1.32542,1.30833,-0.00126323,0.515403,0.0170959
2.26,3,5.09677e-06,-0.0179546,-0.0192126,0.191124,0.0179597
2.26,4,-0.400004,-0.372857,-2.84138e-06,-0.217178,-0.0271475
2.26,5,2.13998e-06,4.78585e-06,1.92474e-06,-1.38068e-05,-2.64587e-06
2.27,0,0.882976,0.348289,0.000307707,21.3866,0.534687
2.27,1,-0.926134,-0.756591,-3.15157e-05,-6.78161,-0.169543
2.27,2,1.32613,1.30831,-0.00126498,0.537153,0.0178208
2.27,3,5.12571e-06,-0.0181469,-0.0192421,0.193065,0.018152
2.27,4,-0.400004,-0.372857,-2.93224e-06,-0.217178,-0.0271475
2.27,5,2.15213e-06,4.8049e-06,1.89414e-06,-1.38321e-05,-2.65277e-06
2.28,0,0.887962,0.348292,0.000308298,21.5859,0.53967
2.28,1,-0.926846,-0.756591,-3.16094e-05,-6.81008,-0.170254
2.28,2,1.32685,1.3083,-0.00126673,0.558903,0.0185456
2.28,3,5.15465e-06,-0.0183394,-0.0192716,0.195009,0.0183446
2.28,4,-0.400004,-0.372857,-3.02197e-06,-0.217178,-0.0271475
2.28,5,2.16428e-06,4.82368e-06,1.86869e-06,-1.38576e-05,-2.6594e-06
2.29,0,0.892948,0.348295,0.00030889,21.7852,0.544653
2.29,1,-0.927558,-0.756592,-3.17032e-05,-6.83856,-0.170966
2.29,2,1.32756,1.30829,-0.00126848,0.580653,0.0192705
2.29,3,5.18359e-06,-0.0185323,-0.0193011,0.196956,0.0185375
2.29,4,-0.400004,-0.372857,-3.11062e-06,-0.217178,-0.0271475
2.29,5,2.17643e-06,4.84223e-06,1.84815e-06,-1.38834e-05,-2.6658e-06
2.3,0,0.897933,0.348298,0.000309484,21.9845,0.549635
2.3,1,-0.92827,-0.756592,-3.17972e-05,-6.86703,-0.171678
2.3,2,1.32827,1.30828,-0.00127023,0.602404,0.0199954
2.3,3,5.21254e-06,-0.0187255,-0.0193307,0.198905,0.0187307
2.3,4,-0.400004,-0.372857,-3.1983e-06,-0.217178,-0.0271474
2.3,5,2.18859e-06,4.86061e-06,1.83215e-06,-1.39097e-05,-2.67202e-06
2.31,0,0.902919,0.348301,0.000310079,22.1838,0.554618
2.31,1,-0.928982,-0.756592,-3.18912e-05,-6.89551,-0.17239
2.31,2,1.32898,1.30826,-0.00127199,0.624155,0.0207204
2.31,3,5.24148e-06,-0.018919,-0.0193604,0.200858,0.0189242
2.31,4,-0.400004,-0.372857,-3.28513e-06,-0.217178,-0.0271474
2.31,5,2.20074e-06,4.87884e-06,1.82022e-06,-1.39366e-05,-2.6781e-06
2.32,0,0.907905,0.348304,0.000310676,22.3831,0.559601
2.32,1,-0.929695,-0.756593,-3.19853e-05,-6.92399,-0.173102
2.32,2,1.3297,1.30825,-0.00127375,0.645907,0.0214453
2.32,3,5.27042e-06,-0.0191127,-0.0193902,0.202814,0.019118
2.32,4,-0.400004,-0.372857,-3.37127e-06,-0.217178,-0.0271474
2.32,5,2.21289e-06,4.89697e-06,1.81186e-06,-1.3964e-05,-2.68408e-06
2.33,0,0.912891,0.348307,0.000311274,22.5824,0.564583
2.33,1,-0.930407,-0.756593,-3.20795e-05,-6.95246,-0.173814
2.33,2,1.33041,1.30824,-0.00127551,0.66766,0.0221703
2.33,3,5.29936e-06,-0.0193068,-0.01942,0.204773,0.0193121
2.33,4,-0.400004,-0.372857,-3.45686e-06,-0.217178,-0.0271474
2.33,5,2.22504e-06,4.91504e-06,1.80654e-06,-1.3992e-05,-2.69e-06
2.34,0,0.917876,0.348311,0.000311874,22.7817,0.569566
2.34,1,-0.931119,-0.756593,-3.21739e-05,-6.98094,-0.174526
2.34,2,1.33112,1.30822,-0.00127728,0.689413,0.0228953
2.34,3,5.3283e-06,-0.0195012,-0.0194498,0.206735,0.0195065
2.34,4,-0.400004,-0.372857,-3.54206e-06,-0.217177,-0.0271474
2.34,5,2.23719e-06,4.93307e-06,1.80376e-06,-1.40205e-05,-2.69588e-06
2.35,0,0.922862,0.348314,0.000312476,22.981,0.574548
2.35,1,-0.931831,-0.756594,-3.22683e-05,-7.00941,-0.175238
2.35,2,1.33183,1.30821,-0.00127905,0.711167,0.0236203
2.35,3,5.35725e-06,-0.0196958,-0.0194798,0.2087,0.0197012
2.35,4,-0.400004,-0.372857,-3.62701e-06,-0.217177,-0.0271474
2.35,5,2.24935e-06,4.95109e-06,1.80304e-06,-1.40496e-05,-2.70174e-06
2.36,0,0.927848,0.348317,0.000313079,23.1803,0.579531
2.36,1,-0.932544,-0.756594,-3.23629e-05,-7.03789,-0.17595
2.36,2,1.33254,1.3082,-0.00128083,0.732921,0.0243453
2.36,3,5.38619e-06,-0.0198908,-0.0195098,0.210668,0.0198962
2.36,4,-0.400004,-0.372857,-3.71185e-06,-0.217177,-0.0271474
2.36,5,2.2615e-06,4.9691e-06,1.80395e-06,-1.40792e-05,-2.7076e-06
2.37,0,0.932834,0.34832,0.000313683,23.3796,0.584514
2.37,1,-0.933256,-0.756594,-3.24575e-05,-7.06636,-0.176662
2.37,2,1.33326,1.30819,-0.0012826,0.754675,0.0250703
2.37,3,5.41513e-06,-0.020086,-0.0195398,0.212639,0.0200915
2.37,4,-0.400004,-0.372857,-3.79668e-06,-0.217177,-0.0271474
2.37,5,2.27365e-06,4.98713e-06,1.80609e-06,-1.41092e-05,-2.71348e-06
2.38,0,0.937819,0.348323,0.000314289,23.5789,0.589496
2.38,1,-0.933968,-0.756595,-3.25523e-05,-7.09484,-0.177373
2.38,2,1.33397,1.30817,-0.00128439,0.776431,0.0257954
2.38,3,5.44407e-06,-0.0202816,-0.01957,0.214613,0.0202871
2.38,4,-0.400004,-0.372857,-3.88163e-06,-0.217177,-0.0271473
2.38,5,2.2858e-06,5.00519e-06,1.80912e-06,-1.41397e-05,-2.71939e-06
2.39,0,0.942805,0.348326,0.000314897,23.7782,0.594479
2.39,1,-0.93468,-0.756595,-3.26472e-05,-7.12331,-0.178085
2.39,2,1.33468,1.30816,-0.00128617,0.798186,0.0265205
2.39,3,5.47302e-06,-0.0204775,-0.0196001,0.21659,0.020483
2.39,4,-0.400004,-0.372857,-3.96676e-06,-0.217177,-0.0271473
2.39,5,2.29795e-06,5.02328e-06,1.81277e-06,-1.41705e-05,-2.72533e-06
2.4,0,0.947791,0.348329,0.000315506,23.9775,0.599462
2.4,1,-0.935392,-0.756595,-3.27422e-05,-7.15179,-0.178797
2.4,2,1.33539,1.30815,-0.00128796,0.819943,0.0272456
2.4,3,5.50196e-06,-0.0206736,-0.0196304,0.21857,0.0206791
2.4,4,-0.400004,-0.372857,-4.05216e-06,-0.217176,-0.0271473
2.4,5,2.31011e-06,5.04141e-06,1.8168e-06,-1.42016e-05,-2.7313e-06
2.41,0,0.952777,0.348333,0.000316117,24.1768,0.604444
2.41,1,-0.936105,-0.756596,-3.28373e-05,-7.18026,-0.179509
2.41,2,1.33611,1.30813,-0.00128976,0.8417,0.0279707
2.41,3,5.5309e-06,-0.0208701,-0.0196607,0.220553,0.0208756
2.41,4,-0.400004,-0.372857,-4.13789e-06,-0.217176,-0.0271473
2.41,5,2.32226e-06,5.05958e-06,1.82101e-06,-1.42329e-05,-2.73732e-06
2.42,0,0.957762,0.348336,0.00031673,24.3761,0.609427
2.42,1,-0.936817,-0.756596,-3.29325e-05,-7.20874,-0.180221
2.42,2,1.33682,1.30812,-0.00129155,0.863457,0.0286958
2.42,3,5.55984e-06,-0.0210669,-0.0196911,0.222539,0.0210725
2.42,4,-0.400004,-0.372857,-4.224e-06,-0.217176,-0.0271473
2.42,5,2.33441e-06,5.07779e-06,1.82527e-06,-1.42645e-05,-2.74338e-06
2.43,0,0.962748,0.348339,0.000317344,24.5754,0.614409
2.43,1,-0.937529,-0.756596,-3.30278e-05,-7.23722,-0.180933
2.43,2,1.33753,1.30811,-0.00129335,0.885215,0.0294209
2.43,3,5.58879e-06,-0.021264,-0.0197216,0.224529,0.0212696
2.43,4,-0.400004,-0.372857,-4.31051e-06,-0.217176,-0.0271473
2.43,5,2.34656e-06,5.09605e-06,1.82945e-06,-1.42963e-05,-2.74949e-06
2.44,0,0.967734,0.348342,0.00031796,24.7747,0.619392
2.44,1,-0.938241,-0.756597,-3.31232e-05,-7.26569,-0.181645
2.44,2,1.33824,1.3081,-0.00129516,0.906973,0.0301461
2.44,3,5.61773e-06,-0.0214614,-0.0197521,0.226521,0.021467
2.44,4,-0.400004,-0.372857,-4.39746e-06,-0.217176,-0.0271472
2.44,5,2.35872e-06,5.11435e-06,1.8335e-06,-1.43282e-05,-2.75563e-06
2.45,0,0.97272,0.348345,0.000318578,24.974,0.624374
2.45,1,-0.938953,-0.756597,-3.32188e-05,-7.29417,-0.182357
2.45,2,1.33895,1.30808,-0.00129697,0.928732,0.0308713
2.45,3,5.64667e-06,-0.021659,-0.0197827,0.228517,0.0216647
2.45,4,-0.400004,-0.372857,-4.48487e-06,-0.217175,-0.0271472
2.45,5,2.37087e-06,5.13268e-06,1.83734e-06,-1.43603e-05,-2.76181e-06
2.46,0,0.977705,0.348348,0.000319197,25.1733,0.629357
2.46,1,-0.939666,-0.756597,-3.33144e-05,-7.32264,-0.183069
2.46,2,1.33967,1.30807,-0.00129878,0.950492,0.0315965
2.46,3,5.67561e-06,-0.021857,-0.0198134,0.230515,0.0218627
2.46,4,-0.400005,-0.372857,-4.57275e-06,-0.217175,-0.0271472
2.46,5,2.38302e-06,5.15105e-06,1.84096e-06,-1.43925e-05,-2.76804e-06
2.47,0,0.982691,0.348352,0.000319818,25.3726,0.63434
2.47,1,-0.940378,-0.756598,-3.34102e-05,-7.35112,-0.18378
2.47,2,1.34038,1.30806,-0.0013006,0.972252,0.0323217
2.47,3,5.70456e-06,-0.0220553,-0.0198441,0.232517,0.022061
2.47,4,-0.400005,-0.372857,-4.6611e-06,-0.217175,-0.0271472
2.47,5,2.39517e-06,5.16946e-06,1.84433e-06,-1.44248e-05,-2.77429e-06
2.48,0,0.987677,0.348355,0.00032044,25.5719,0.639322
2.48,1,-0.94109,-0.756598,-3.35061e-05,-7.37959,-0.184492
2.48,2,1.34109,1.30804,-0.00130242,0.994013,0.0330469
2.48,3,5.7335e-06,-0.022254,-0.0198749,0.234522,0.0222597
2.48,4,-0.400005,-0.372857,-4.74993e-06,-0.217175,-0.0271471
2.48,5,2.40732e-06,5.1879e-06,1.84747e-06,-1.44571e-05,-2.78058e-06
2.49,0,0.992663,0.348358,0.000321064,25.7712,0.644305
2.49,1,-0.941802,-0.756598,-3.36021e-05,-7.40807,-0.185204
2.49,2,1.3418,1.30803,-0.00130424,1.01577,0.0337722
2.49,3,5.76244e-06,-0.0224529,-0.0199058,0.23653,0.0224586
2.49,4,-0.400005,-0.372857,-4.83923e-06,-0.217175,-0.0271471
2.49,5,2.41948e-06,5.20637e-06,1.85038e-06,-1.44896e-05,-2.7869e-06
2.5,0,0.997648,0.348361,0.00032169,25.9705,0.649287
2.5,1,-0.942515,-0.756599,-3.36982e-05,-7.43654,-0.185916
2.5,2,1.34252,1.30802,-0.00130607,1.03754,0.0344975
2.5,3,5.79138e-06,-0.0226521,-0.0199367,0.238541,0.0226579
2.5,4,-0.400005,-0.372858,-4.92901e-06,-0.217174,-0.0271471
2.5,5,2.43163e-06,5.22487e-06,1.85308e-06,-1.45221e-05,-2.79324e-06
2.51,0,1.00263,0.348364,0.000322318,26.1698,0.65427
2.51,1,-0.943227,-0.756599,-3.37944e-05,-7.46502,-0.186628
2.51,2,1.34323,1.308,-0.0013079,1.0593,0.0352228
2.51,3,5.82033e-06,-0.0228516,-0.0199677,0.240555,0.0228575
2.51,4,-0.400005,-0.372858,-5.01925e-06,-0.217174,-0.0271471
2.51,5,2.44378e-06,5.24339e-06,1.85558e-06,-1.45547e-05,-2.79961e-06
2.52,0,1.00762,0.348368,0.000322947,26.3691,0.659252
2.52,1,-0.943939,-0.756599,-3.38908e-05,-7.49349,-0.18734
2.52,2,1.34394,1.30799,-0.00130974,1.08106,0.0359481
2.52,3,5.84927e-06,-0.0230515,-0.0199988,0.242573,0.0230573
2.52,4,-0.400005,-0.372858,-5.10996e-06,-0.217174,-0.027147
2.52,5,2.45593e-06,5.26194e-06,1.85792e-06,-1.45874e-05,-2.80601e-06
2.53,0,1.01261,0.348371,0.000323578,26.5684,0.664235
2.53,1,-0.944651,-0.7566,-3.39873e-05,-7.52197,-0.188052
2.53,2,1.34465,1.30798,-0.00131158,1.10282,0.0366734
2.53,3,5.87821e-06,-0.0232516,-0.0200299,0.244593,0.0232575
2.53,4,-0.400005,-0.372858,-5.20113e-06,-0.217173,-0.027147
2.53,5,2.46808e-06,5.28051e-06,1.86012e-06,-1.46202e-05,-2.81242e-06
2.54,0,1.01759,0.348374,0.000324211,26.7677,0.669217
2.54,1,-0.945363,-0.7566,-3.40838e-05,-7.55044,-0.188764
2.54,2,1.34536,1.30797,-0.00131342,1.12459,0.0373987
2.54,3,5.90715e-06,-0.0234521,-0.0200611,0.246617,0.023458
2.54,4,-0.400005,-0.372858,-5.29275e-06,-0.217173,-0.027147
2.54,5,2.48024e-06,5.2991e-06,1.8622e-06,-1.4653e-05,-2.81886e-06
2.55,0,1.02258,0.348377,0.000324845,26.967,0.6742
2.55,1,-0.946076,-0.7566,-3.41805e-05,-7.57891,-0.189475
2.55,2,1.34608,1.30795,-0.00131527,1.14635,0.0381241
2.55,3,5.9361e-06,-0.0236529,-0.0200924,0.248644,0.0236588
2.55,4,-0.400005,-0.372858,-5.38481e-06,-0.217173,-0.0271469
2.55,5,2.49239e-06,5.31771e-06,1.86418e-06,-1.46859e-05,-2.82532e-06
2.56,0,1.02756,0.348381,0.000325482,27.1663,0.679182
2.56,1,-0.946788,-0.756601,-3.42773e-05,-7.60739,-0.190187
2.56,2,1.34679,1.30794,-0.00131712,1.16812,0.0388495
2.56,3,5.96504e-06,-0.023854,-0.0201238,0.250674,0.02386
2.56,4,-0.400005,-0.372858,-5.47733e-06,-0.217173,-0.0271469
2.56,5,2.50454e-06,5.33634e-06,1.86609e-06,-1.47188e-05,-2.8318e-06
2.57,0,1.03255,0.348384,0.000326119,27.3656,0.684165
2.57,1,-0.9475,-0.756601,-3.43743e-05,-7.63586,-0.190899
2.57,2,1.3475,1.30793,-0.00131897,1.18988,0.0395749
2.57,3,5.99398e-06,-0.0240554,-0.0201552,0.252707,0.0240614
2.57,4,-0.400005,-0.372858,-5.57028e-06,-0.217172,-0.0271469
2.57,5,2.51669e-06,5.35499e-06,1.86795e-06,-1.47519e-05,-2.8383e-06
2.58,0,1.03753,0.348387,0.000326759,27.5649,0.689147
2.58,1,-0.948212,-0.756601,-3.44713e-05,-7.66434,-0.191611
2.58,2,1.34821,1.30791,-0.00132083,1.21165,0.0403003
2.58,3,6.02292e-06,-0.0242571,-0.0201867,0.254743,0.0242631
2.58,4,-0.400005,-0.372858,-5.66367e-06,-0.217172,-0.0271469
2.58,5,2.52884e-06,5.37365e-06,1.86976e-06,-1.4785e-05,-2.84481e-06
2.59,0,1.04252,0.34839,0.0003274,27.7642,0.69413
2.59,1,-0.948925,-0.756602,-3.45685e-05,-7.69281,-0.192323
2.59,2,1.34893,1.3079,-0.0013227,1.23342,0.0410257
2.59,3,6.05187e-06,-0.0244592,-0.0202182,0.256783,0.0244652
2.59,4,-0.400005,-0.372858,-5.7575e-06,-0.217172,-0.0271468
2.59,5,2.541e-06,5.39234e-06,1.87155e-06,-1.48182e-05,-2.85134e-06
2.6,0,1.04751,0.348394,0.000328043,27.9635,0.699112
2.6,1,-0.949637,-0.756602,-3.46658e-05,-7.72129,-0.193035
2.6,2,1.34964,1.30789,-0.00132456,1.25519,0.0417512
2.6,3,6.08081e-06,-0.0246615,-0.0202499,0.258826,0.0246676
2.6,4,-0.400005,-0.372858,-5.85175e-06,-0.217171,-0.0271468
2.6,5,2.55315e-06,5.41104e-06,1.87332e-06,-1.48515e-05,-2.85789e-06
2.61,0,1.05249,0.348397,0.000328688,28.1628,0.704095
2.61,1,-0.950349,-0.756602,-3.47632e-05,-7.74976,-0.193747
2.61,2,1.35035,1.30787,-0.00132643,1.27695,0.0424767
2.61,3,6.10975e-06,-0.0248642,-0.0202816,0.260872,0.0248703
2.61,4,-0.400005,-0.372858,-5.94645e-06,-0.217171,-0.0271467
2.61,5,2.5653e-06,5.42976e-06,1.87509e-06,-1.48848e-05,-2.86446e-06
2.62,0,1.05748,0.3484,0.000329335,28.3621,0.709077
2.62,1,-0.951061,-0.756603,-3.48607e-05,-7.77824,-0.194459
2.62,2,1.35106,1.30786,-0.00132831,1.29872,0.0432022
2.62,3,6.13869e-06,-0.0250672,-0.0203133,0.262921,0.0250733
2.62,4,-0.400005,-0.372858,-6.04157e-06,-0.217171,-0.0271467
2.62,5,2.57745e-06,5.4485e-06,1.87686e-06,-1.49183e-05,-2.87104e-06
2.63,0,1.06246,0.348404,0.000329983,28.5614,0.71406
2.63,1,-0.951773,-0.756603,-3.49583e-05,-7.80671,-0.19517
2.63,2,1.35177,1.30785,-0.00133019,1.32049,0.0439277
2.63,3,6.16764e-06,-0.0252705,-0.0203452,0.264974,0.0252767
2.63,4,-0.400005,-0.372858,-6.13713e-06,-0.21717,-0.0271467
2.63,5,2.5896e-06,5.46725e-06,1.87864e-06,-1.49518e-05,-2.87765e-06
2.64,0,1.06745,0.348407,0.000330633,28.7607,0.719042
2.64,1,-0.952486,-0.756603,-3.50561e-05,-7.83519,-0.195882
2.64,2,1.35249,1.30783,-0.00133207,1.34226,0.0446532
2.64,3,6.19658e-06,-0.0254741,-0.0203771,0.267029,0.0254803
2.64,4,-0.400005,-0.372858,-6.23312e-06,-0.21717,-0.0271466
2.64,5,2.60176e-06,5.48602e-06,1.88043e-06,-1.49855e-05,-2.88427e-06
2.65,0,1.07243,0.34841,0.000331285,28.96,0.724024
2.65,1,-0.953198,-0.756604,-3.5154e-05,-7.86366,-0.196594
2.65,2,1.3532,1.30782,-0.00133396,1.36403,0.0453788
2.65,3,6.22552e-06,-0.0256781,-0.0204091,0.269088,0.0256843
2.65,4,-0.400005,-0.372858,-6.32954e-06,-0.21717,-0.0271466
2.65,5,2.61391e-06,5.50481e-06,1.88223e-06,-1.50192e-05,-2.89091e-06
2.66,0,1.07742,0.348414,0.000331939,29.1593,0.729007
2.66,1,-0.95391,-0.756604,-3.5252e-05,-7.89213,-0.197306
2.66,2,1.35391,1.30781,-0.00133585,1.3858,0.0461043
2.66,3,6.25446e-06,-0.0258823,-0.0204412,0.271151,0.0258886
2.66,4,-0.400005,-0.372858,-6.4264e-06,-0.217169,-0.0271466
2.66,5,2.62606e-06,5.52362e-06,1.88405e-06,-1.5053e-05,-2.89756e-06
2.67,0,1.08241,0.348417,0.000332594,29.3586,0.733989
2.67,1,-0.954622,-0.756604,-3.53501e-05,-7.92061,-0.198018
2.67,2,1.35462,1.30779,-0.00133775,1.40757,0.0468299
2.67,3,6.28341e-06,-0.0260869,-0.0204733,0.273216,0.0260932
2.67,4,-0.400005,-0.372858,-6.5237e-06,-0.217169,-0.0271465
2.67,5,2.63821e-06,5.54245e-06,1.88589e-06,-1.50869e-05,-2.90424e-06
2.68,0,1.08739,0.34842,0.000333251,29.5579,0.738972
2.68,1,-0.955334,-0.756605,-3.54484e-05,-7.94908,-0.19873
2.68,2,1.35534,1.30778,-0.00133964,1.42935,0.0475555
2.68,3,6.31235e-06,-0.0262918,-0.0205055,0.275285,0.0262981
2.68,4,-0.400005,-0.372859,-6.62143e-06,-0.217168,-0.0271465
2.68,5,2.65036e-06,5.56129e-06,1.88775e-06,-1.5121e-05,-2.91093e-06
2.69,0,1.09238,0.348424,0.00033391,29.7572,0.743954
2.69,1,-0.956047,-0.756605,-3.55467e-05,-7.97756,-0.199442
2.69,2,1.35605,1.30777,-0.00134155,1.45112,0.0482812
2.69,3,6.34129e-06,-0.0264971,-0.0205378,0.277357,0.0265034
2.69,4,-0.400005,-0.372859,-6.71961e-06,-0.217168,-0.0271464
2.69,5,2.66252e-06,5.58016e-06,1.88962e-06,-1.51551e-05,-2.91764e-06
2.7,0,1.09736,0.348427,0.000334571,29.9565,0.748937
2.7,1,-0.956759,-0.756605,-3.56452e-05,-8.00603,-0.200153
2.7,2,1.35676,1.30775,-0.00134346,1.47289,0.0490068
2.7,3,6.37023e-06,-0.0267026,-0.0205701,0.279432,0.026709
2.7,4,-0.400005,-0.372859,-6.81823e-06,-0.217168,-0.0271464
2.7,5,2.67467e-06,5.59904e-06,1.89151e-06,-1.51893e-05,-2.92437e-06
2.71,0,1.10235,0.34843,0.000324811,30,0.753919
2.71,1,-0.957471,-0.756606,-3.49793e-05,-8.03451,-0.200865
2.71,2,1.35747,1.30774,-0.00130294,1.49458,0.0497323
2.71,3,6.39918e-06,-0.0269065,-0.0199621,0.281107,0.0269129
2.71,4,-0.400005,-0.372859,-7.04941e-05,-0.217134,-0.0271461
2.71,5,2.68682e-06,3.95082e-06,-0.000524594,0.000151058,-1.264e-06
2.72,0,1.10733,0.348433,0.000289064,30,0.758902
2.72,1,-0.958183,-0.756606,-3.21915e-05,-8.06299,-0.201577
2.72,2,1.35818,1.30773,-0.00115723,1.51602,0.0504568
2.72,3,6.42812e-06,-0.027095,-0.0177589,0.281669,0.0271014
2.72,4,-0.400005,-0.372861,-0.000248627,-0.217032,-0.0271445
2.72,5,2.69897e-06,-8.60417e-06,-0.00186761,0.000616797,1.13031e-05
2.73,0,1.11232,0.348436,0.000240693,30,0.763885
2.73,1,-0.958896,-0.756606,-2.83886e-05,-8.09148,-0.202289
2.73,2,1.3589,1.30772,-0.000960557,1.53731,0.0511796
2.73,3,6.45706e-06,-0.0272566,-0.0147827,0.2815,0.027263
2.73,4,-0.400005,-0.372864,-0.000418547,-0.216919,-0.0271411
2.73,5,2.71113e-06,-3.37211e-05,-0.00296751,0.00107242,3.64322e-05
2.74,0,1.11731,0.348438,0.000187091,30,0.768868
2.74,1,-0.959608,-0.756607,-2.41709e-05,-8.11997,-0.203001
2.74,2,1.35961,1.30771,-0.000742916,1.55849,0.0519002
2.74,3,6.486e-06,-0.0273864,-0.0114882,0.280822,0.0273929
2.74,4,-0.400005,-0.372869,-0.000533989,-0.216823,-0.0271362
2.74,5,2.72328e-06,-6.70037e-05,-0.00354259,0.00141141,6.97269e-05
2.75,0,1.12229,0.34844,0.000132305,30,0.773853
2.75,1,-0.96032,-0.756607,-1.98607e-05,-8.14846,-0.203713
2.75,2,1.36032,1.3077,-0.000520658,1.5796,0.0526186
2.75,3,6.51495e-06,-0.0274828,-0.00812311,0.279767,0.0274893
2.75,4,-0.400005,-0.372875,-0.000585777,-0.216752,-0.0271306
2.75,5,2.73543e-06,-0.000103236,-0.00362326,0.00161684,0.000105972
2.76,0,1.12728,0.348441,7.87797e-05,30,0.778837
2.76,1,-0.961032,-0.756607,-1.56521e-05,-8.17696,-0.204425
2.76,2,1.36103,1.3077,-0.000303646,1.60065,0.0533349
2.76,3,6.54389e-06,-0.0275458,-0.00483706,0.278426,0.0275524
2.76,4,-0.400005,-0.37288,-0.000580022,-0.216708,-0.0271247
2.76,5,2.74758e-06,-0.000138112,-0.00333066,0.0017035,0.00014086
2.77,0,1.13226,0.348441,2.80868e-05,30,0.783823
2.77,1,-0.961744,-0.756607,-1.16697e-05,-8.20545,-0.205137
2.77,2,1.36175,1.3077,-9.8183e-05,1.62167,0.054049
2.77,3,6.57283e-06,-0.0275769,-0.00172574,0.27687,0.0275835
2.77,4,-0.400005,-0.372886,-0.000528613,-0.216689,-0.0271192
2.77,5,2.75973e-06,-0.000168623,-0.00279496,0.0016954,0.000171383
2.78,0,1.13725,0.348441,-1.8765e-05,30,0.788808
2.78,1,-0.962457,-0.756607,-7.99344e-06,-8.23395,-0.205849
2.78,2,1.36246,1.3077,9.16946e-05,1.64265,0.0547611
2.78,3,6.60177e-06,-0.0275782,0.00114954,0.275158,0.0275848
2.78,4,-0.400005,-0.372891,-0.000444848,-0.216693,-0.0271144
2.78,5,2.77189e-06,-0.000192973,-0.00212789,0.00161709,0.000195745
2.79,0,1.14224,0.348441,-6.1169e-05,30,0.793794
2.79,1,-0.963169,-0.756607,-4.67124e-06,-8.26244,-0.206561
2.79,2,1.36317,1.3077,0.00026357,1.66362,0.0554715
2.79,3,6.63072e-06,-0.0275521,0.00375204,0.273336,0.0275587
2.79,4,-0.400005,-0.372895,-0.000341353,-0.216713,-0.0271105
2.79,5,2.78404e-06,-0.000210345,-0.00141615,0.00149049,0.000213129
2.8,0,1.14722,0.34844,-9.88236e-05,30,0.798781
2.8,1,-0.963881,-0.756607,-1.72691e-06,-8.29094,-0.207274
2.8,2,1.36388,1.3077,0.000416251,1.68457,0.0561802
2.8,3,6.65966e-06,-0.0275016,0.00606361,0.271445,0.0275083
2.8,4,-0.400005,-0.372898,-0.000229092,-0.216747,-0.0271077
2.8,5,2.79619e-06,-0.000220655,-0.000722357,0.00133397,0.000223452
2.81,0,1.15221,0.348439,-0.000131663,30,0.803768
2.81,1,-0.964593,-0.756607,8.34436e-07,-8.31944,-0.207986
2.81,2,1.36459,1.30771,0.000549487,1.70553,0.0568875
2.81,3,6.6886e-06,-0.0274297,0.00808039,0.269515,0.0274364
2.81,4,-0.400005,-0.372899,-0.000116968,-0.21679,-0.0271061
2.81,5,2.80834e-06,-0.000224331,-8.85301e-05,0.00116225,0.000227139
2.82,0,1.15719,0.348437,-0.0001598,30,0.808755
2.82,1,-0.965306,-0.756607,3.02187e-06,-8.34793,-0.208698
2.82,2,1.36531,1.30771,0.000663744,1.72648,0.0575936
2.82,3,6.71754e-06,-0.0273391,0.00980941,0.267573,0.0273458
2.82,4,-0.400005,-0.3729,-1.17413e-05,-0.216838,-0.0271055
2.82,5,2.82049e-06,-0.000222122,0.000459892,0.000986747,0.000224943
2.83,0,1.16218,0.348435,-0.00018348,30,0.813743
2.83,1,-0.966018,-0.756607,4.85489e-06,-8.37643,-0.20941
2.83,2,1.36602,1.30772,0.000760009,1.74744,0.0582986
2.83,3,6.74648e-06,-0.0272328,0.0112656,0.265636,0.0272395
2.83,4,-0.400005,-0.372899,8.18527e-05,-0.216889,-0.0271059
2.83,5,2.83265e-06,-0.000214963,0.000910275,0.000815896,0.000217796
2.84,0,1.16716,0.348434,-0.000203037,30,0.81873
2.84,1,-0.96673,-0.756607,6.36019e-06,-8.40492,-0.210123
2.84,2,1.36673,1.30773,0.000839637,1.7684,0.0590028
2.84,3,6.77543e-06,-0.0271133,0.0124696,0.263719,0.0271201
2.84,4,-0.400005,-0.372898,0.000160877,-0.216938,-0.0271072
2.84,5,2.8448e-06,-0.000203857,0.00125949,0.000655662,0.000206702
2.85,0,1.17215,0.348431,-0.000218865,30,0.823718
2.85,1,-0.967442,-0.756607,7.56904e-06,-8.43342,-0.210835
2.85,2,1.36744,1.30774,0.000904208,1.78938,0.0597062
2.85,3,6.80437e-06,-0.0269831,0.0134454,0.261832,0.0269899
2.85,4,-0.400005,-0.372896,0.00022391,-0.216986,-0.0271092
2.85,5,2.85695e-06,-0.0001898,0.00151114,0.000509943,0.000192657
2.86,0,1.17714,0.348429,-0.000231387,30,0.828706
2.86,1,-0.968154,-0.756607,8.51503e-06,-8.46191,-0.211547
2.86,2,1.36816,1.30775,0.000955425,1.81036,0.0604091
2.86,3,6.83331e-06,-0.0268442,0.0142186,0.259979,0.0268511
2.86,4,-0.400005,-0.372894,0.000270747,-0.217029,-0.0271118
2.86,5,2.8691e-06,-0.000173727,0.00167334,0.000380978,0.000176596
2.87,0,1.18212,0.348427,-0.000241033,30,0.833694
2.87,1,-0.968867,-0.756607,9.23237e-06,-8.49041,-0.21226
2.87,2,1.36887,1.30776,0.000995018,1.83136,0.0611116
2.87,3,6.86225e-06,-0.0266986,0.0148157,0.258165,0.0267055
2.87,4,-0.400005,-0.372891,0.000302105,-0.217068,-0.0271147
2.87,5,2.88125e-06,-0.000156474,0.00175692,0.000269702,0.000159355
2.88,0,1.18711,0.348424,-0.000248224,30,0.838683
2.88,1,-0.969579,-0.756607,9.7545e-06,-8.5189,-0.212972
2.88,2,1.36958,1.30777,0.00102468,1.85236,0.0618137
2.88,3,6.8912e-06,-0.0265479,0.0152623,0.25639,0.0265548
2.88,4,-0.400005,-0.372888,0.000319354,-0.217102,-0.0271178
2.88,5,2.89341e-06,-0.000138761,0.00177403,0.000176065,0.000141655
2.89,0,1.19209,0.348422,-0.000253359,30,0.843671
2.89,1,-0.970291,-0.756607,1.01132e-05,-8.5474,-0.213684
2.89,2,1.37029,1.30778,0.00104603,1.87337,0.0625155
2.89,3,6.92014e-06,-0.0263934,0.0155829,0.254654,0.0264003
2.89,4,-0.400006,-0.372884,0.000324284,-0.217131,-0.0271211
2.89,5,2.90556e-06,-0.000121184,0.00173717,9.92984e-05,0.00012409
2.9,0,1.19708,0.348419,-0.000256807,30,0.848659
2.9,1,-0.971003,-0.756607,1.03377e-05,-8.57589,-0.214396
2.9,2,1.371,1.30779,0.00106053,1.89439,0.0632172
2.9,3,6.94908e-06,-0.0262363,0.0157999,0.252953,0.0262433
2.9,4,-0.400006,-0.372881,0.000318903,-0.217154,-0.0271243
2.9,5,2.91771e-06,-0.000104216,0.00165842,3.81412e-05,0.000107134
2.91,0,1.20206,0.348417,-0.0002589,30,0.853647
2.91,1,-0.971715,-0.756607,1.04544e-05,-8.60438,-0.215109
2.91,2,1.37172,1.3078,0.00106955,1.91542,0.0639188
2.91,3,6.97802e-06,-0.0260775,0.0159337,0.251285,0.0260845
2.91,4,-0.400006,-0.372878,0.000305284,-0.217172,-0.0271275
2.91,5,2.92986e-06,-8.82127e-05,0.00154896,-8.97599e-06,9.11425e-05
2.92,0,1.20705,0.348414,-0.000259934,30,0.858636
2.92,1,-0.972428,-0.756607,1.04869e-05,-8.63288,-0.215821
2.92,2,1.37243,1.30781,0.00107427,1.93646,0.0646202
2.92,3,7.00697e-06,-0.0259177,0.0160024,0.249646,0.0259248
2.92,4,-0.400006,-0.372875,0.000285439,-0.217186,-0.0271304
2.92,5,2.94201e-06,-7.34259e-05,0.00141874,-4.3784e-05,7.63679e-05
2.93,0,1.21204,0.348412,-0.000260162,30,0.863624
2.93,1,-0.97314,-0.756606,1.04553e-05,-8.66137,-0.216533
2.93,2,1.37314,1.30782,0.00107571,1.9575,0.0653217
2.93,3,7.03591e-06,-0.0257576,0.0160215,0.248033,0.0257646
2.93,4,-0.400006,-0.372872,0.000261239,-0.217196,-0.0271332
2.93,5,2.95417e-06,-6.00148e-05,0.00127635,-6.80607e-05,6.29689e-05
2.94,0,1.21702,0.348409,-0.000259801,30,0.868612
2.94,1,-0.973852,-0.756606,1.03769e-05,-8.68986,-0.217246
2.94,2,1.37385,1.30783,0.00107476,1.97855,0.0660232
2.94,3,7.06485e-06,-0.0255974,0.0160044,0.246442,0.0256045
2.94,4,-0.400006,-0.37287,0.000234348,-0.217203,-0.0271357
2.94,5,2.96632e-06,-4.80605e-05,0.00112893,-8.35464e-05,5.10268e-05
2.95,0,1.22201,0.348406,-0.000259033,30,0.873601
2.95,1,-0.974564,-0.756606,1.0266e-05,-8.71835,-0.217958
2.95,2,1.37457,1.30784,0.00107215,1.9996,0.0667247
2.95,3,7.09379e-06,-0.0254376,0.0159621,0.24487,0.0254447
2.95,4,-0.400006,-0.372868,0.000206199,-0.217206,-0.0271379
2.95,5,2.97847e-06,-3.75805e-05,0.000982257,-9.18821e-05,4.0559e-05
2.96,0,1.22699,0.348404,-0.000258003,30,0.878589
2.96,1,-0.975277,-0.756606,1.01343e-05,-8.74685,-0.21867
2.96,2,1.37528,1.30785,0.00106846,2.02065,0.0674262
2.96,3,7.12274e-06,-0.0252783,0.0159037,0.243312,0.0252854
2.96,4,-0.400006,-0.372866,0.000177977,-0.217208,-0.0271398
2.96,5,2.99062e-06,-2.8542e-05,0.000840775,-9.45695e-05,3.15326e-05
2.97,0,1.23198,0.348401,-0.000256828,30,0.883577
2.97,1,-0.975989,-0.756606,9.99112e-06,-8.77534,-0.219383
2.97,2,1.37599,1.30786,0.00106418,2.0417,0.0681277
2.97,3,7.15168e-06,-0.0251196,0.0158362,0.241766,0.0251268
2.97,4,-0.400006,-0.372864,0.00015062,-0.217207,-0.0271415
2.97,5,3.00277e-06,-2.08738e-05,0.000707766,-9.29468e-05,2.38766e-05
2.98,0,1.23696,0.348399,-0.000255599,30,0.888566
2.98,1,-0.976701,-0.756606,9.84361e-06,-8.80383,-0.220095
2.98,2,1.3767,1.30787,0.00105968,2.06276,0.0688293
2.98,3,7.18062e-06,-0.0249617,0.0157654,0.240229,0.0249688
2.98,4,-0.400006,-0.372863,0.000124839,-0.217205,-0.0271429
2.98,5,3.01493e-06,-1.44783e-05,0.000585479,-8.81774e-05,1.74932e-05
2.99,0,1.24195,0.348396,-0.000254384,30,0.893554
2.99,1,-0.977413,-0.756606,9.69716e-06,-8.83232,-0.220807
2.99,2,1.37741,1.30788,0.00105522,2.08382,0.069531
2.99,3,7.20956e-06,-0.0248044,0.0156954,0.238699,0.0248116
2.99,4,-0.400006,-0.372862,0.000101133,-0.217203,-0.027144
2.99,5,3.02708e-06,-9.23999e-06,0.000475281,-8.12488e-05,1.22671e-05
3,0,1.24694,0.348394,-0.00025323,30,0.898542
3,1,-0.978125,-0.756606,9.55561e-06,-8.86081,-0.22152
3,2,1.37813,1.30789,0.00105101,2.10488,0.0702327
3,3,7.23851e-06,-0.0246478,0.015629,0.237173,0.024655
3,4,-0.400006,-0.372861,7.98184e-05,-0.217199,-0.0271449
3,5,3.03923e-06,-5.03389e-06,0.000377816,-7.29793e-05,8.07312e-06
3.01,0,1.25192,0.348391,-0.000252171,30,0.903531
3.01,1,-0.978838,-0.756606,9.42153e-06,-8.88931,-0.222232
3.01,2,1.37884,1.3079,0.00104718,2.12594,0.0709344
3.01,3,7.26745e-06,-0.0244919,0.0155685,0.23565,0.0244991
3.01,4,-0.400006,-0.37286,6.10581e-05,-0.217196,-0.0271456
3.01,5,3.05138e-06,-1.73192e-06,0.000293151,-6.40289e-05,4.7833e-06
3.02,0,1.25691,0.348388,-0.000251224,30,0.908519
3.02,1,-0.97955,-0.756606,9.29648e-06,-8.9178,-0.222944
3.02,2,1.37955,1.30791,0.00104381,2.147,0.0716362
3.02,3,7.29639e-06,-0.0243365,0.0155148,0.234129,0.0243438
3.02,4,-0.400006,-0.37286,4.48871e-05,-0.217192,-0.0271462
3.02,5,3.06353e-06,7.92478e-07,0.000220904,-5.49159e-05,2.27106e-06
3.03,0,1.26189,0.348386,-0.000250401,30,0.913507
3.03,1,-0.980262,-0.756605,9.18118e-06,-8.94629,-0.223657
3.03,2,1.38026,1.30792,0.00104094,2.16806,0.072338
3.03,3,7.32533e-06,-0.0241816,0.0154687,0.232608,0.0241889
3.03,4,-0.400006,-0.372859,3.12414e-05,-0.217188,-0.0271466
3.03,5,3.07569e-06,2.65912e-06,0.000160368,-4.60276e-05,4.16569e-07
3.04,0,1.26688,0.348383,-0.000249701,30,0.918495
3.04,1,-0.980974,-0.756605,9.07575e-06,-8.97478,-0.224369
3.04,2,1.38097,1.30794,0.00103856,2.18912,0.0730398
3.04,3,7.35428e-06,-0.0240271,0.0154303,0.231086,0.0240345
3.04,4,-0.400006,-0.372859,1.99825e-05,-0.217185,-0.0271468
3.04,5,3.08784e-06,3.98064e-06,0.000110613,-3.76479e-05,-8.92797e-07
3.05,0,1.27186,0.348381,-0.000249121,30,0.923484
3.05,1,-0.981687,-0.756605,8.97987e-06,-9.00327,-0.225081
3.05,2,1.38169,1.30795,0.00103668,2.21018,0.0737416
3.05,3,7.38322e-06,-0.023873,0.0153992,0.229564,0.0238804
3.05,4,-0.400006,-0.372859,1.092e-05,-0.217181,-0.027147
3.05,5,3.09999e-06,4.85894e-06,7.05685e-05,-2.99653e-05,-1.75895e-06
3.06,0,1.27685,0.348378,-0.000248653,30,0.928472
3.06,1,-0.982399,-0.756605,8.89289e-06,-9.03177,-0.225794
3.06,2,1.3824,1.30796,0.00103525,2.23123,0.0744435
3.06,3,7.41216e-06,-0.0237191,0.015375,0.22804,0.0237265
3.06,4,-0.400006,-0.372859,3.83032e-06,-0.217179,-0.0271471
3.06,5,3.11214e-06,5.38492e-06,3.90986e-05,-2.30935e-05,-2.27277e-06
3.07,0,1.28184,0.348376,-0.000248287,30,0.93346
3.07,1,-0.983111,-0.756605,8.81395e-06,-9.06026,-0.226506
3.07,2,1.38311,1.30797,0.00103423,2.25229,0.0751454
3.07,3,7.4411e-06,-0.0235655,0.015357,0.226515,0.0235729
3.07,4,-0.400006,-0.372859,-1.52675e-06,-0.217176,-0.0271471
3.07,5,3.1243e-06,5.63798e-06,1.50563e-05,-1.70853e-05,-2.51369e-06
3.08,0,1.28682,0.348374,-0.000248009,30,0.938448
3.08,1,-0.983823,-0.756605,8.74209e-06,-9.08875,-0.227218
3.08,2,1.38382,1.30798,0.00103358,2.27335,0.0758473
3.08,3,7.47005e-06,-0.023412,0.0153445,0.224988,0.0234195
3.08,4,-0.400006,-0.372859,-5.3956e-06,-0.217174,-0.0271471
3.08,5,3.13645e-06,5.68625e-06,-2.67301e-06,-1.19471e-05,-2.5498e-06
3.09,0,1.29181,0.348371,-0.000247807,30,0.943437
3.09,1,-0.984535,-0.756605,8.67629e-06,-9.11724,-0.22793
3.09,2,1.38454,1.30799,0.00103324,2.29441,0.0765491
3.09,3,7.49899e-06,-0.0232586,0.0153367,0.223459,0.0232661
3.09,4,-0.400006,-0.372859,-8.01462e-06,-0.217173,-0.0271471
3.09,5,3.1486e-06,5.58699e-06,-1.51408e-05,-7.64975e-06,-2.43839e-06
3.1,0,1.29679,0.348369,-0.000247669,30,0.948425
3.1,1,-0.985248,-0.756605,8.61558e-06,-9.14573,-0.228643
3.1,2,1.38525,1.308,0.00103315,2.31546,0.077251
3.1,3,7.52793e-06,-0.0231052,0.0153329,0.221928,0.0231128
3.1,4,-0.400006,-0.372859,-9.60881e-06,-0.217171,-0.027147
3.1,5,3.16075e-06,5.38744e-06,-2.33135e-05,-4.13941e-06,-2.22669e-06
3.11,0,1.30178,0.348366,-0.000247583,30,0.953413
3.11,1,-0.98596,-0.756605,8.55899e-06,-9.17423,-0.229355
3.11,2,1.38596,1.30801,0.00103328,2.33652,0.0779529
3.11,3,7.55687e-06,-0.0229519,0.0153323,0.220395,0.0229595
3.11,4,-0.400006,-0.372859,-1.03848e-05,-0.21717,-0.0271469
3.11,5,3.1729e-06,5.12568e-06,-2.80601e-05,-1.34586e-06,-1.95278e-06
3.12,0,1.30676,0.348364,-0.000247538,30,0.958401
3.12,1,-0.986672,-0.756605,8.50567e-06,-9.20272,-0.230067
3.12,2,1.38667,1.30802,0.00103358,2.35758,0.0786548
3.12,3,7.58582e-06,-0.0227986,0.0153342,0.218861,0.0228062
3.12,4,-0.400006,-0.372859,-1.05274e-05,-0.217169,-0.0271468
3.12,5,3.18506e-06,4.83168e-06,-3.01455e-05,8.10524e-07,-1.64663e-06
3.13,0,1.31175,0.348361,-0.000247524,30,0.963389
3.13,1,-0.987384,-0.756605,8.45483e-06,-9.23121,-0.23078
3.13,2,1.38738,1.30803,0.00103401,2.37863,0.0793567
3.13,3,7.61476e-06,-0.0226452,0.0153381,0.217326,0.0226528
3.13,4,-0.400006,-0.372859,-1.01986e-05,-0.217169,-0.0271468
3.13,5,3.19721e-06,4.52834e-06,-3.02297e-05,2.41327e-06,-1.33113e-06
3.14,0,1.31674,0.348359,-0.000247533,30,0.968378
3.14,1,-0.988096,-0.756605,8.40579e-06,-9.2597,-0.231492
3.14,2,1.3881,1.30804,0.00103453,2.39969,0.0800586
3.14,3,7.6437e-06,-0.0224918,0.0153433,0.215789,0.0224995
3.14,4,-0.400006,-0.372859,-9.53649e-06,-0.217169,-0.0271467
3.14,5,3.20936e-06,4.2325e-06,-2.88709e-05,3.54555e-06,-1.02314e-06
3.15,0,1.32172,0.348356,-0.000247558,30,0.973366
3.15,1,-0.988809,-0.756604,8.35799e-06,-9.28819,-0.232204
3.15,2,1.38881,1.30805,0.00103511,2.42074,0.0807604
3.15,3,7.67264e-06,-0.0223384,0.0153496,0.214251,0.022346
3.15,4,-0.400006,-0.372859,-8.65668e-06,-0.217169,-0.0271466
3.15,5,3.22151e-06,3.956e-06,-2.65316e-05,4.28704e-06,-7.34487e-07
3.16,0,1.32671,0.348354,-0.000247592,30,0.978354
3.16,1,-0.989521,-0.756604,8.31093e-06,-9.31669,-0.232917
3.16,2,1.38952,1.30806,0.00103573,2.4418,0.0814623
3.16,3,7.70159e-06,-0.0221848,0.0153564,0.212711,0.0221925
3.16,4,-0.400006,-0.37286,-7.6532e-06,-0.217169,-0.0271466
3.16,5,3.23366e-06,3.70649e-06,-2.35863e-05,4.71175e-06,-4.7283e-07
3.17,0,1.33169,0.348351,-0.00024763,30,0.983342
3.17,1,-0.990233,-0.756604,8.26423e-06,-9.34518,-0.233629
3.17,2,1.39023,1.30807,0.00103638,2.46285,0.0821642
3.17,3,7.73053e-06,-0.0220312,0.0153635,0.211171,0.0220389
3.17,4,-0.400006,-0.37286,-6.60055e-06,-0.217169,-0.0271465
3.17,5,3.24582e-06,3.48836e-06,-2.03312e-05,4.88663e-06,-2.42544e-07
3.18,0,1.33668,0.348349,-0.000247669,30,0.988331
3.18,1,-0.990945,-0.756604,8.2176e-06,-9.37367,-0.234341
3.18,2,1.39095,1.30808,0.00103702,2.48391,0.082866
3.18,3,7.75947e-06,-0.0218775,0.0153707,0.209631,0.0218853
3.18,4,-0.400006,-0.37286,-5.55577e-06,-0.217169,-0.0271465
3.18,5,3.25797e-06,3.30339e-06,-1.69932e-05,4.87083e-06,-4.54266e-08
3.19,0,1.34167,0.348346,-0.000247706,30,0.993319
3.19,1,-0.991658,-0.756604,8.1708e-06,-9.40216,-0.235053
3.19,2,1.39166,1.30809,0.00103766,2.50496,0.0835679
3.19,3,7.78841e-06,-0.0217238,0.0153777,0.208089,0.0217316
3.19,4,-0.400006,-0.37286,-4.56077e-06,-0.217169,-0.0271464
3.19,5,3.27012e-06,3.15146e-06,-1.37402e-05,4.71538e-06,1.18662e-07
3.2,0,1.34665,0.348344,-0.000247739,30,0.998307
3.2,1,-0.99237,-0.756604,8.12366e-06,-9.43065,-0.235766
3.2,2,1.39237,1.3081,0.00103828,2.52601,0.0842697
3.2,3,7.81736e-06,-0.02157,0.0153845,0.206547,0.0215778
3.2,4,-0.400006,-0.37286,-3.64455e-06,-0.21717,-0.0271464
3.2,5,3.28227e-06,3.03101e-06,-1.06903e-05,4.46339e-06,2.51259e-07
3.21,0,1.35164,0.348341,-0.000247767,30,1.0033
3.21,1,-0.993082,-0.756604,8.07608e-06,-9.45915,-0.236478
3.21,2,1.39308,1.30811,0.00103888,2.54707,0.0849715
3.21,3,7.8463e-06,-0.0214161,0.015391,0.205005,0.0214239
3.21,4,-0.400006,-0.37286,-2.82542e-06,-0.21717,-0.0271464
3.21,5,3.29442e-06,2.93957e-06,-7.92056e-06,4.15041e-06,3.54849e-07
3.22,0,1.35662,0.348339,-0.000247788,30,1.00828
3.22,1,-0.993794,-0.756604,8.02799e-06,-9.48764,-0.23719
3.22,2,1.39379,1.30812,0.00103946,2.56812,0.0856734
3.22,3,7.87524e-06,-0.0212622,0.0153971,0.203462,0.02127
3.22,4,-0.400006,-0.37286,-2.11305e-06,-0.21717,-0.0271464
3.22,5,3.30658e-06,2.87408e-06,-5.47507e-06,3.80503e-06,4.32501e-07
3.23,0,1.36161,0.348336,-0.000247803,30,1.01327
3.23,1,-0.994506,-0.756604,7.97937e-06,-9.51613,-0.237903
3.23,2,1.39451,1.30813,0.00104,2.58918,0.0863752
3.23,3,7.90418e-06,-0.0211082,0.0154028,0.201919,0.0211161
3.23,4,-0.400006,-0.37286,-1.51036e-06,-0.217171,-0.0271464
3.23,5,3.31873e-06,2.83115e-06,-3.37225e-06,3.44956e-06,4.87577e-07
3.24,0,1.36659,0.348334,-0.00024781,30,1.01826
3.24,1,-0.995219,-0.756604,7.93021e-06,-9.54462,-0.238615
3.24,2,1.39522,1.30814,0.00104052,2.61023,0.087077
3.24,3,7.93313e-06,-0.0209541,0.015408,0.200376,0.020962
3.24,4,-0.400006,-0.37286,-1.0151e-06,-0.217171,-0.0271464
3.24,5,3.33088e-06,2.80737e-06,-1.61099e-06,3.10085e-06,5.2351e-07
3.25,0,1.37158,0.348331,-0.000247812,30,1.02325
3.25,1,-0.995931,-0.756604,7.88052e-06,-9.57311,-0.239327
3.25,2,1.39593,1.30815,0.00104102,2.63128,0.0877788
3.25,3,7.96207e-06,-0.0208,0.0154129,0.198832,0.020808
3.25,4,-0.400006,-0.37286,-6.21346e-07,-0.217171,-0.0271464
3.25,5,3.34303e-06,2.79939e-06,-1.76045e-07,2.77103e-06,5.43644e-07
3.26,0,1.37657,0.348329,-0.000247807,30,1.02824
3.26,1,-0.996643,-0.756604,7.83035e-06,-9.6016,-0.24004
3.26,2,1.39664,1.30816,0.00104149,2.65234,0.0884806
3.26,3,7.99101e-06,-0.0206458,0.0154174,0.197288,0.0206538
3.26,4,-0.400006,-0.37286,-3.20646e-07,-0.217172,-0.0271465
3.26,5,3.35518e-06,2.80407e-06,9.57513e-07,2.46829e-06,5.5111e-07
3.27,0,1.38155,0.348326,-0.000247797,30,1.03322
3.27,1,-0.997355,-0.756603,7.77973e-06,-9.6301,-0.240752
3.27,2,1.39736,1.30817,0.00104193,2.67339,0.0891824
3.27,3,8.01995e-06,-0.0204916,0.0154215,0.195744,0.0204997
3.27,4,-0.400006,-0.37286,-1.03039e-07,-0.217172,-0.0271465
3.27,5,3.36734e-06,2.81858e-06,1.82063e-06,2.19758e-06,5.48754e-07
3.28,0,1.38654,0.348324,-0.000247781,30,1.03821
3.28,1,-0.998067,-0.756603,7.72872e-06,-9.65859,-0.241464
3.28,2,1.39807,1.30818,0.00104236,2.69444,0.0898842
3.28,3,8.0489e-06,-0.0203374,0.0154254,0.194199,0.0203455
3.28,4,-0.400006,-0.37286,4.21661e-08,-0.217172,-0.0271465
3.28,5,3.37949e-06,2.84039e-06,2.44736e-06,1.96128e-06,5.39097e-07
3.29,0,1.39152,0.348321,-0.000247762,30,1.0432
3.29,1,-0.99878,-0.756603,7.67736e-06,-9.68708,-0.242176
3.29,2,1.39878,1.30819,0.00104277,2.71549,0.090586
3.29,3,8.07784e-06,-0.0201831,0.015429,0.192655,0.0201912
3.29,4,-0.400006,-0.37286,1.2577e-07,-0.217172,-0.0271465
3.29,5,3.39164e-06,2.86733e-06,2.87262e-06,1.75976e-06,5.24309e-07
3.3,0,1.39651,0.348319,-0.000247739,30,1.04819
3.3,1,-0.999492,-0.756603,7.62571e-06,-9.71557,-0.242889
3.3,2,1.39949,1.3082,0.00104317,2.73655,0.0912878
3.3,3,8.10678e-06,-0.0200288,0.0154323,0.19111,0.0200369
3.3,4,-0.400006,-0.37286,1.58226e-07,-0.217173,-0.0271466
3.3,5,3.40379e-06,2.89758e-06,3.13052e-06,1.59193e-06,5.06217e-07
3.31,0,1.4,0.348317,-0.000247165,30,1.05168
3.31,1,-0.99999,-0.756603,8.17868e-06,-9.73552,-0.243387
3.31,2,1.39999,1.30822,0.00104013,2.7512,0.0917759
3.31,3,8.12704e-06,-0.0198745,0.015401,0.189586,0.0198827
3.31,4,-0.400006,-0.37286,4.44804e-06,-0.217175,-0.0271466
3.31,5,3.4123e-06,2.97206e-06,3.47104e-05,-8.2119e-06,4.40241e-07
3.32,0,1.4,0.348314,-0.000236362,30,1.05168
3.32,1,-0.99999,-0.756603,8.37904e-06,-9.73552,-0.243387
3.32,2,1.39999,1.30823,0.000994008,2.75098,0.0917657
3.32,3,8.12704e-06,-0.0197236,0.0147321,0.188478,0.0197318
3.32,4,-0.400006,-0.37286,6.59538e-05,-0.217208,-0.0271469
3.32,5,3.4123e-06,5.71053e-06,0.000518642,-0.000167084,-2.29823e-06
3.33,0,1.4,0.348312,-0.00021783,30,1.05169
3.33,1,-0.99999,-0.756603,7.01177e-06,-9.73552,-0.243387
3.33,2,1.39999,1.30824,0.00091756,2.75085,0.0917562
3.33,3,8.12704e-06,-0.0195824,0.0135807,0.187757,0.0195905
3.33,4,-0.400006,-0.372858,0.000143895,-0.217256,-0.027148
3.33,5,3.4123e-06,1.40123e-05,0.00106592,-0.000372775,-1.06e-05
3.34,0,1.4,0.34831,-0.000195904,30,1.05169
3.34,1,-0.99999,-0.756603,5.2722e-06,-9.73552,-0.243388
3.34,2,1.39999,1.30824,0.000827175,2.75077,0.0917475
3.34,3,8.12704e-06,-0.019454,0.0122167,0.187291,0.0194621
3.34,4,-0.400006,-0.372857,0.000205287,-0.217301,-0.0271498
3.34,5,3.4123e-06,2.68136e-05,0.00142079,-0.000543245,-2.34013e-05
3.35,0,1.4,0.348308,-0.000172818,30,1.05169
3.35,1,-0.99999,-0.756603,3.42934e-06,-9.73551,-0.243388
3.35,2,1.39999,1.30825,0.000731922,2.75073,0.0917398
3.35,3,8.12704e-06,-0.0193397,0.0107793,0.187011,0.0193478
3.35,4,-0.400006,-0.372854,0.00024034,-0.217337,-0.0271521
3.35,5,3.4123e-06,4.19089e-05,0.00155042,-0.000657608,-3.84966e-05
3.36,0,1.4,0.348306,-0.000149857,30,1.05169
3.36,1,-0.99999,-0.756603,1.59548e-06,-9.73551,-0.243388
3.36,2,1.39999,1.30826,0.000637111,2.75072,0.091733
3.36,3,8.12704e-06,-0.0192398,0.00934872,0.18687,0.0192479
3.36,4,-0.400006,-0.372852,0.000249206,-0.217361,-0.0271546
3.36,5,3.4123e-06,5.72362e-05,0.0014946,-0.0007175,-5.38239e-05
3.37,0,1.4,0.348305,-0.000127826,30,1.05169
3.37,1,-0.99999,-0.756603,-1.64186e-07,-9.7355,-0.243388
3.37,2,1.39999,1.30826,0.000546079,2.75072,0.0917271
3.37,3,8.12704e-06,-0.0191539,0.0079754,0.186835,0.019162
3.37,4,-0.400006,-0.372849,0.000236059,-0.217374,-0.027157
3.37,5,3.4123e-06,7.12471e-05,0.00130931,-0.000731966,-6.78348e-05
3.38,0,1.4,0.348304,-0.000107243,30,1.05169
3.38,1,-0.99999,-0.756603,-1.80822e-06,-9.7355,-0.243388
3.38,2,1.39999,1.30827,0.000460983,2.75074,0.0917221
3.38,3,8.12704e-06,-0.0190813,0.00669176,0.186879,0.0190894
3.38,4,-0.400006,-0.372847,0.000206407,-0.217377,-0.0271592
3.38,5,3.4123e-06,8.294e-05,0.00104657,-0.000711608,-7.95277e-05
3.39,0,1.4,0.348303,-8.84297e-05,30,1.0517
3.39,1,-0.99999,-0.756603,-3.31081e-06,-9.73549,-0.243388
3.39,2,1.39999,1.30827,0.000383173,2.75077,0.0917179
3.39,3,8.12704e-06,-0.0190209,0.00551815,0.18698,0.0190291
3.39,4,-0.400006,-0.372845,0.00016583,-0.217371,-0.0271611
3.39,5,3.4123e-06,9.17807e-05,0.000748451,-0.000666377,-8.83684e-05
3.4,0,1.4,0.348302,-7.15666e-05,30,1.0517
3.4,1,-0.99999,-0.756603,-4.65763e-06,-9.73549,-0.243388
3.4,2,1.39999,1.30828,0.000313403,2.75081,0.0917145
3.4,3,8.12704e-06,-0.0189717,0.00446588,0.187118,0.0189798
3.4,4,-0.400006,-0.372844,0.000119368,-0.217359,-0.0271625
3.4,5,3.4123e-06,9.75966e-05,0.000446371,-0.000604833,-9.41843e-05
3.41,0,1.4,0.348301,-5.67223e-05,30,1.0517
3.41,1,-0.99999,-0.756603,-5.84318e-06,-9.73548,-0.243387
3.41,2,1.39999,1.30828,0.000251968,2.75085,0.0917117
3.41,3,8.12704e-06,-0.0189322,0.00353937,0.18728,0.0189403
3.41,4,-0.400006,-0.372843,7.12452e-05,-0.217343,-0.0271634
3.41,5,3.4123e-06,0.000100476,0.000162198,-0.000533977,-9.70635e-05
3.42,0,1.4,0.348301,-4.38812e-05,30,1.0517
3.42,1,-0.99999,-0.756603,-6.8687e-06,-9.73548,-0.243387
3.42,2,1.39999,1.30828,0.000198812,2.75089,0.0917095
3.42,3,8.12704e-06,-0.0189013,0.00273776,0.187452,0.0189094
3.42,4,-0.400006,-0.372843,2.47792e-05,-0.217323,-0.0271638
3.42,5,3.4123e-06,0.00010068,-9.00648e-05,-0.000459319,-9.72676e-05
3.43,0,1.4,0.348301,-3.29647e-05,30,1.0517
3.43,1,-0.99999,-0.756603,-7.74048e-06,-9.73547,-0.243387
3.43,2,1.39999,1.30828,0.000153614,2.75093,0.0917078
3.43,3,8.12704e-06,-0.0188778,0.00205619,0.187625,0.0188859
3.43,4,-0.400006,-0.372843,-1.76062e-05,-0.217302,-0.0271639
3.43,5,3.4123e-06,9.85756e-05,-0.00030261,-0.000385033,-9.51633e-05
3.44,0,1.4,0.3483,-2.38488e-05,30,1.0517
3.44,1,-0.99999,-0.756603,-8.46841e-06,-9.73546,-0.243387
3.44,2,1.39999,1.30828,0.000115867,2.75096,0.0917064
3.44,3,8.12704e-06,-0.0188604,0.00148699,0.187793,0.0188686
3.44,4,-0.400006,-0.372843,-5.43036e-05,-0.217281,-0.0271635
3.44,5,3.4123e-06,9.45804e-05,-0.000472317,-0.000314146,-9.11681e-05
3.45,0,1.4,0.3483,-1.63799e-05,30,1.0517
3.45,1,-0.99999,-0.756603,-9.06478e-06,-9.73546,-0.243387
3.45,2,1.39999,1.30829,8.49364e-05,2.75099,0.0917055
3.45,3,8.12704e-06,-0.0188482,0.00102059,0.187951,0.0188563
3.45,4,-0.400006,-0.372844,-8.44113e-05,-0.21726,-0.0271628
3.45,5,3.4123e-06,8.91236e-05,-0.000599463,-0.000248718,-8.57113e-05
3.46,0,1.4,0.3483,-1.03865e-05,30,1.0517
3.46,1,-0.99999,-0.756603,-9.5433e-06,-9.73545,-0.243387
3.46,2,1.39999,1.30829,6.01148e-05,2.75102,0.0917047
3.46,3,8.12704e-06,-0.0188401,0.000646313,0.188095,0.0188483
3.46,4,-0.400006,-0.372845,-0.000107607,-0.21724,-0.0271618
3.46,5,3.4123e-06,8.26179e-05,-0.000686673,-0.000190026,-7.92056e-05
3.47,0,1.4,0.3483,-5.69015e-06,30,1.0517
3.47,1,-0.99999,-0.756603,-9.91821e-06,-9.73545,-0.243387
3.47,2,1.39999,1.30829,4.06637e-05,2.75105,0.0917043
3.47,3,8.12704e-06,-0.0188353,0.000353019,0.188223,0.0188435
3.47,4,-0.400006,-0.372846,-0.000124022,-0.217223,-0.0271606
3.47,5,3.4123e-06,7.54409e-05,-0.000738066,-0.000138723,-7.20286e-05
3.48,0,1.4,0.3483,-2.11272e-06,30,1.0517
3.48,1,-0.99999,-0.756604,-1.02038e-05,-9.73544,-0.243387
3.48,2,1.39999,1.30829,2.58466e-05,2.75107,0.0917039
3.48,3,8.12704e-06,-0.0188331,0.000129601,0.188334,0.0188412
3.48,4,-0.400006,-0.372847,-0.000134117,-0.217207,-0.0271593
3.48,5,3.4123e-06,6.7924e-05,-0.000758597,-9.49793e-05,-6.45117e-05
3.49,0,1.4,0.3483,5.17138e-07,30,1.0517
3.49,1,-0.99999,-0.756604,-1.04136e-05,-9.73544,-0.243387
3.49,2,1.39999,1.30829,1.49539e-05,2.75108,0.0917037
3.49,3,8.12704e-06,-0.0188328,-3.46423e-05,0.18843,0.0188409
3.49,4,-0.400006,-0.372849,-0.000138581,-0.217194,-0.0271579
3.49,5,3.4123e-06,6.03468e-05,-0.00075355,-5.86076e-05,-5.69345e-05
3.5,0,1.4,0.3483,2.35987e-06,30,1.0517
3.5,1,-0.99999,-0.756604,-1.05607e-05,-9.73543,-0.243387
3.5,2,1.39999,1.30829,7.3213e-06,2.75109,0.0917036
3.5,3,8.12704e-06,-0.0188338,-0.000149727,0.188509,0.0188419
3.5,4,-0.400006,-0.37285,-0.000138232,-0.217183,-0.0271565
3.5,5,3.4123e-06,5.29362e-05,-0.000728176,-2.91665e-05,-4.95239e-05
3.51,0,1.4,0.3483,3.56212e-06,30,1.0517
3.51,1,-0.99999,-0.756604,-1.06565e-05,-9.73543,-0.243387
3.51,2,1.39999,1.30829,2.34156e-06,2.7511,0.0917036
3.51,3,8.12704e-06,-0.0188357,-0.000224812,0.188573,0.0188438
3.51,4,-0.400006,-0.372851,-0.000133949,-0.217174,-0.0271552
3.51,5,3.4123e-06,4.58677e-05,-0.000687432,-6.04758e-06,-4.24554e-05
3.52,0,1.4,0.3483,4.25506e-06,30,1.0517
3.52,1,-0.99999,-0.756604,-1.07118e-05,-9.73543,-0.243386
3.52,2,1.39999,1.30829,-5.28604e-07,2.75111,0.0917036
3.52,3,8.12704e-06,-0.0188382,-0.000268087,0.188624,0.0188463
3.52,4,-0.400006,-0.372853,-0.000126605,-0.217168,-0.0271539
3.52,5,3.4123e-06,3.927e-05,-0.000635814,1.14556e-05,-3.58577e-05
3.53,0,1.4,0.3483,4.55365e-06,30,1.0517
3.53,1,-0.99999,-0.756604,-1.07355e-05,-9.73542,-0.243386
3.53,2,1.39999,1.30829,-1.76545e-06,2.75111,0.0917036
3.53,3,8.12704e-06,-0.018841,-0.000286735,0.188663,0.0188491
3.53,4,-0.400006,-0.372854,-0.00011703,-0.217163,-0.0271527
3.53,5,3.4123e-06,3.32297e-05,-0.000577263,2.40921e-05,-2.98174e-05
3.54,0,1.4,0.3483,4.55674e-06,30,1.0517
3.54,1,-0.99999,-0.756604,-1.07356e-05,-9.73542,-0.243386
3.54,2,1.39999,1.30829,-1.77835e-06,2.75111,0.0917036
3.54,3,8.12704e-06,-0.0188439,-0.000286927,0.188692,0.018852
3.54,4,-0.400006,-0.372855,-0.00010598,-0.217159,-0.0271516
3.54,5,3.4123e-06,2.77971e-05,-0.000515118,3.26116e-05,-2.43848e-05
3.55,0,1.4,0.3483,4.34764e-06,30,1.0517
3.55,1,-0.99999,-0.756604,-1.07188e-05,-9.73541,-0.243386
3.55,2,1.39999,1.30829,-9.1238e-07,2.75111,0.0917036
3.55,3,8.12704e-06,-0.0188467,-0.000273868,0.188713,0.0188548
3.55,4,-0.400006,-0.372856,-9.41117e-05,-0.217157,-0.0271506
3.55,5,3.4123e-06,2.29926e-05,-0.000452119,3.77341e-05,-1.95803e-05
3.56,0,1.4,0.3483,3.99513e-06,30,1.0517
3.56,1,-0.99999,-0.756604,-1.06906e-05,-9.73541,-0.243386
3.56,2,1.39999,1.30829,5.47552e-07,2.75111,0.0917036
3.56,3,8.12704e-06,-0.0188493,-0.000251853,0.188726,0.0188575
3.56,4,-0.400006,-0.372857,-8.19827e-05,-0.217157,-0.0271497
3.56,5,3.4123e-06,1.88125e-05,-0.000390432,4.01284e-05,-1.54002e-05
3.57,0,1.4,0.3483,3.55476e-06,30,1.0517
3.57,1,-0.99999,-0.756605,-1.06554e-05,-9.7354,-0.243386
3.57,2,1.39999,1.30829,2.37135e-06,2.7511,0.0917036
3.57,3,8.12704e-06,-0.0188517,-0.000224351,0.188733,0.0188598
3.57,4,-0.400006,-0.372858,-7.00434e-05,-0.217156,-0.0271489
3.57,5,3.4123e-06,1.52342e-05,-0.000331694,4.03985e-05,-1.18219e-05
3.58,0,1.4,0.3483,3.07028e-06,30,1.0517
3.58,1,-0.99999,-0.756605,-1.06166e-05,-9.7354,-0.243386
3.58,2,1.39999,1.30829,4.37784e-06,2.7511,0.0917036
3.58,3,8.12704e-06,-0.0188538,-0.000194094,0.188735,0.0188619
3.58,4,-0.400006,-0.372858,-5.86427e-05,-0.217157,-0.0271483
3.58,5,3.4123e-06,1.22214e-05,-0.000277074,3.90765e-05,-8.80914e-06
3.59,0,1.4,0.3483,2.57514e-06,30,1.0517
3.59,1,-0.99999,-0.756605,-1.05771e-05,-9.7354,-0.243386
3.59,2,1.39999,1.30829,6.4285e-06,2.75109,0.0917035
3.59,3,8.12704e-06,-0.0188555,-0.000163172,0.188735,0.0188637
3.59,4,-0.400006,-0.372859,-4.80359e-05,-0.217158,-0.0271478
3.59,5,3.4123e-06,9.72848e-06,-0.000227336,3.662e-05,-6.31618e-06
3.6,0,1.4,0.3483,2.09394e-06,30,1.0517
3.6,1,-0.99999,-0.756605,-1.05386e-05,-9.73539,-0.243386
3.6,2,1.39999,1.30829,8.4214e-06,2.75109,0.0917035
3.6,3,8.12704e-06,-0.018857,-0.00013312,0.188731,0.0188651
3.6,4,-0.400006,-0.372859,-3.83948e-05,-0.21716,-0.0271473
3.6,5,3.4123e-06,7.70395e-06,-0.000182904,3.34129e-05,-4.29166e-06
3.61,0,1.4,0.3483,1.6439e-06,30,1.0517
3.61,1,-0.99999,-0.756605,-1.05026e-05,-9.73539,-0.243385
3.61,2,1.39999,1.30829,1.02852e-05,2.75108,0.0917034
3.61,3,8.12704e-06,-0.0188582,-0.000105015,0.188726,0.0188663
3.61,4,-0.400006,-0.372859,-2.98194e-05,-0.217161,-0.027147
3.61,5,3.4123e-06,6.09378e-06,-0.000143925,2.97701e-05,-2.68148e-06
3.62,0,1.4,0.3483,1.23619e-06,30,1.0517
3.62,1,-0.99999,-0.756605,-1.04701e-05,-9.73538,-0.243385
3.62,2,1.39999,1.30829,1.19738e-05,2.75107,0.0917032
3.62,3,8.12704e-06,-0.0188591,-7.95537e-05,0.18872,0.0188672
3.62,4,-0.400006,-0.37286,-2.23497e-05,-0.217163,-0.0271468
3.62,5,3.4123e-06,4.84365e-06,-0.00011033,2.59422e-05,-1.43135e-06
3.63,0,1.4,0.3483,8.77096e-07,30,1.0517
3.63,1,-0.99999,-0.756605,-1.04414e-05,-9.73538,-0.243385
3.63,2,1.39999,1.30829,1.34609e-05,2.75107,0.0917031
3.63,3,8.12704e-06,-0.0188598,-5.71281e-05,0.188713,0.0188679
3.63,4,-0.400006,-0.37286,-1.59779e-05,-0.217165,-0.0271466
3.63,5,3.4123e-06,3.9009e-06,-8.18856e-05,2.21226e-05,-4.88604e-07
3.64,0,1.4,0.3483,5.69125e-07,30,1.0517
3.64,1,-0.99999,-0.756605,-1.04167e-05,-9.73538,-0.243385
3.64,2,1.39999,1.30829,1.47364e-05,2.75106,0.091703
3.64,3,8.12704e-06,-0.0188602,-3.78952e-05,0.188706,0.0188684
3.64,4,-0.400006,-0.37286,-1.06595e-05,-0.217166,-0.0271464
3.64,5,3.4123e-06,3.21587e-06,-5.82422e-05,1.84548e-05,1.96433e-07
3.65,0,1.4,0.3483,3.11931e-07,30,1.0517
3.65,1,-0.99999,-0.756605,-1.03962e-05,-9.73537,-0.243385
3.65,2,1.39999,1.30829,1.58016e-05,2.75105,0.0917028
3.65,3,8.12704e-06,-0.0188605,-2.18333e-05,0.1887,0.0188686
3.65,4,-0.400006,-0.37286,-6.32314e-06,-0.217168,-0.0271464
3.65,5,3.4123e-06,2.74283e-06,-3.89736e-05,1.50394e-05,6.69471e-07
3.66,0,1.4,0.3483,1.03102e-07,30,1.0517
3.66,1,-0.99999,-0.756606,-1.03795e-05,-9.73537,-0.243385
3.66,2,1.39999,1.30829,1.66664e-05,2.75105,0.0917027
3.66,3,8.12704e-06,-0.0188607,-8.7918e-06,0.188693,0.0188688
3.66,4,-0.400006,-0.37286,-2.87975e-06,-0.217169,-0.0271463
3.66,5,3.4123e-06,2.4406e-06,-2.361e-05,1.19415e-05,9.71701e-07
3.67,0,1.4,0.3483,-6.11716e-08,30,1.0517
3.67,1,-0.99999,-0.756606,-1.03664e-05,-9.73536,-0.243385
3.67,2,1.39999,1.30829,1.73468e-05,2.75104,0.0917025
3.67,3,8.12704e-06,-0.0188607,1.46726e-06,0.188687,0.0188688
3.67,4,-0.400006,-0.37286,-2.29695e-07,-0.21717,-0.0271463
3.67,5,3.4123e-06,2.27279e-06,-1.16654e-05,9.19713e-06,1.1395e-06
3.68,0,1.4,0.3483,-1.85564e-07,30,1.0517
3.68,1,-0.99999,-0.756606,-1.03564e-05,-9.73536,-0.243385
3.68,2,1.39999,1.30829,1.78619e-05,2.75103,0.0917023
3.68,3,8.12704e-06,-0.0188606,9.23574e-06,0.188682,0.0188688
3.68,4,-0.400006,-0.37286,1.73092e-06,-0.217171,-0.0271463
3.68,5,3.4123e-06,2.20789e-06,-2.65813e-06,6.8195e-06,1.20441e-06
3.69,0,1.4,0.3483,-2.75184e-07,30,1.0517
3.69,1,-0.99999,-0.756606,-1.03493e-05,-9.73536,-0.243385
3.69,2,1.39999,1.30829,1.82331e-05,2.75103,0.0917021
3.69,3,8.12704e-06,-0.0188605,1.48326e-05,0.188677,0.0188686
3.69,4,-0.400006,-0.37286,3.10545e-06,-0.217172,-0.0271463
3.69,5,3.4123e-06,2.21906e-06,3.87293e-06,4.80431e-06,1.19324e-06
3.7,0,1.4,0.3483,-3.35244e-07,30,1.0517
3.7,1,-0.99999,-0.756606,-1.03445e-05,-9.73535,-0.243385
3.7,2,1.39999,1.30829,1.84818e-05,2.75102,0.0917019
3.7,3,8.12704e-06,-0.0188603,1.85835e-05,0.188673,0.0188685
3.7,4,-0.400006,-0.37286,3.99303e-06,-0.217173,-0.0271464
3.7,5,3.4123e-06,2.28395e-06,8.35762e-06,3.13446e-06,1.12835e-06
3.71,0,1.4,0.3483,-3.70817e-07,30,1.0517
3.71,1,-0.99999,-0.756606,-1.03416e-05,-9.73535,-0.243384
3.71,2,1.39999,1.30829,1.86291e-05,2.75102,0.0917018
3.71,3,8.12704e-06,-0.0188601,2.08052e-05,0.18867,0.0188683
3.71,4,-0.400006,-0.37286,4.48592e-06,-0.217174,-0.0271464
3.71,5,3.4123e-06,2.38427e-06,1.1187e-05,1.78401e-06,1.02802e-06
3.72,0,1.4,0.3483,-3.86662e-07,30,1.0517
3.72,1,-0.99999,-0.756606,-1.03403e-05,-9.73534,-0.243384
3.72,2,1.39999,1.30829,1.86947e-05,2.75101,0.0917016
3.72,3,8.12704e-06,-0.0188599,2.17948e-05,0.188667,0.018868
3.72,4,-0.400006,-0.37286,4.66781e-06,-0.217174,-0.0271465
3.72,5,3.4123e-06,2.50544e-06,1.27095e-05,7.21474e-07,9.06864e-07
3.73,0,1.4,0.3483,-3.87111e-07,30,1.0517
3.73,1,-0.99999,-0.756606,-1.03403e-05,-9.73534,-0.243384
3.73,2,1.39999,1.30829,1.86966e-05,2.751,0.0917014
3.73,3,8.12704e-06,-0.0188597,2.1823e-05,0.188665,0.0188678
3.73,4,-0.400006,-0.37286,4.61278e-06,-0.217174,-0.0271465
3.73,5,3.4123e-06,2.63607e-06,1.32289e-05,-8.75369e-08,7.76228e-07
3.74,0,1.4,0.3483,-3.76006e-07,30,1.0517
3.74,1,-0.99999,-0.756606,-1.03412e-05,-9.73533,-0.243384
3.74,2,1.39999,1.30829,1.86506e-05,2.751,0.0917012
3.74,3,8.12704e-06,-0.0188595,2.11295e-05,0.188663,0.0188676
3.74,4,-0.400006,-0.37286,4.38495e-06,-0.217175,-0.0271465
3.74,5,3.4123e-06,2.76762e-06,1.30054e-05,-6.78229e-07,6.4468e-07
3.75,0,1.4,0.3483,-3.56663e-07,30,1.0517
3.75,1,-0.99999,-0.756606,-1.03427e-05,-9.73533,-0.243384
3.75,2,1.39999,1.30829,1.85704e-05,2.75099,0.091701
3.75,3,8.12704e-06,-0.0188593,1.99216e-05,0.188662,0.0188674
3.75,4,-0.400006,-0.37286,4.03855e-06,-0.217175,-0.0271466
3.75,5,3.4123e-06,2.89388e-06,1.22571e-05,-1.08506e-06,5.18416e-07
3.76,0,1.4,0.3483,-3.31882e-07,30,1.0517
3.76,1,-0.99999,-0.756607,-1.03447e-05,-9.73533,-0.243384
3.76,2,1.39999,1.30829,1.84678e-05,2.75099,0.0917008
3.76,3,8.12704e-06,-0.0188591,1.8374e-05,0.188661,0.0188672
3.76,4,-0.400006,-0.37286,3.61837e-06,-0.217175,-0.0271466
3.76,5,3.4123e-06,3.01063e-06,1.11631e-05,-1.34059e-06,4.01669e-07
3.77,0,1.4,0.3483,-3.03963e-07,30,1.0517
3.77,1,-0.99999,-0.756607,-1.03469e-05,-9.73532,-0.243384
3.77,2,1.39999,1.30829,1.83521e-05,2.75098,0.0917006
3.77,3,8.12704e-06,-0.0188589,1.66305e-05,0.18866,0.018867
3.77,4,-0.400006,-0.37286,3.16047e-06,-0.217175,-0.0271467
3.77,5,3.4123e-06,3.11522e-06,9.86706e-06,-1.47473e-06,2.97077e-07
3.78,0,1.4,0.3483,-2.74745e-07,30,1.0517
3.78,1,-0.99999,-0.756607,-1.03492e-05,-9.73532,-0.243384
3.78,2,1.39999,1.30829,1.82311e-05,2.75098,0.0917005
3.78,3,8.12704e-06,-0.0188588,1.48058e-05,0.18866,0.0188669
3.78,4,-0.400006,-0.37286,2.693e-06,-0.217175,-0.0271467
3.78,5,3.4123e-06,3.20628e-06,8.48128e-06,-1.51428e-06,2.0602e-07
3.79,0,1.4,0.3483,-2.45651e-07,30,1.0517
3.79,1,-0.99999,-0.756607,-1.03515e-05,-9.73531,-0.243384
3.79,2,1.39999,1.30829,1.81106e-05,2.75097,0.0917003
3.79,3,8.12704e-06,-0.0188586,1.29889e-05,0.18866,0.0188667
3.79,4,-0.400006,-0.37286,2.23715e-06,-0.217175,-0.0271467
3.79,5,3.4123e-06,3.28339e-06,7.09073e-06,-1.48269e-06,1.28907e-07
3.8,0,1.4,0.3483,-2.17738e-07,30,1.0517
3.8,1,-0.99999,-0.756607,-1.03538e-05,-9.73531,-0.243384
3.8,2,1.39999,1.30829,1.7995e-05,2.75097,0.0917001
3.8,3,8.12704e-06,-0.0188585,1.12458e-05,0.18866,0.0188666
3.8,4,-0.400006,-0.37286,1.80814e-06,-0.217175,-0.0271467
3.8,5,3.4123e-06,3.34687e-06,5.75714e-06,-1.40001e-06,6.54274e-08
