sim_t,joint,desired,actual,velocity,torque,error
0,0,0,0,0,0,0
0,1,-0.8,-0.8,0,0,0
0,2,1.2,1.2,0,-6.66134e-15,-2.22045e-16
0,3,0,0,0,0,0
0,4,-0.4,-0.4,0,0,0
0,5,0,0,0,0,0
0.01,0,0,0,0,0,0
0.01,1,-0.8,-0.799036,0.16595,-0.536428,-0.000964426
0.01,2,1.2,1.20018,0.0384837,-0.0823016,-0.000177805
0.01,3,0,0,0,0,0
0.01,4,-0.4,-0.401011,-0.1636,0.089886,0.00101077
0.01,5,0,0,0,0,0
0.02,0,0,0,0,0,0
0.02,1,-0.8,-0.796699,0.2836,-0.982847,-0.00330121
0.02,2,1.2,1.20089,0.100179,-0.227177,-0.000893941
0.02,3,0,0,0,0,0
0.02,4,-0.4,-0.402999,-0.213878,0.130932,0.00299909
0.02,5,0,0,0,0,0
0.03,0,0,0,0,0,0
0.03,1,-0.8,-0.79336,0.371512,-1.38016,-0.00664049
0.03,2,1.2,1.20226,0.165307,-0.398268,-0.00225512
0.03,3,0,0,0,0,0
0.03,4,-0.4,-0.40506,-0.191605,0.136286,0.00506038
0.03,5,0,0,0,0,0
0.04,0,0,0,0,0,0
0.04,1,-0.8,-0.789258,0.439158,-1.74714,-0.0107418
0.04,2,1.2,1.20425,0.226588,-0.580675,-0.00424998
0.04,3,0,0,0,0,0
0.04,4,-0.4,-0.406654,-0.128913,0.117692,0.00665443
0.04,5,0,0,0,0,0
0.05,0,0,0,0,0,0
0.05,1,-0.8,-0.784566,0.491833,-2.09285,-0.0154339
0.05,2,1.2,1.20682,0.281133,-0.766927,-0.00682205
0.05,3,0,0,0,0,0
0.05,4,-0.4,-0.407507,-0.0480056,0.0840564,0.0075067
0.05,5,0,0,0,0,0
0.06,0,0,0,0,0,0
0.06,1,-0.8,-0.779414,0.532665,-2.42142,-0.0205856
0.06,2,1.2,1.2099,0.327782,-0.952464,-0.00989669
0.06,3,0,0,0,0,0
0.06,4,-0.4,-0.407519,0.0368425,0.0417314,0.00751908
0.06,5,0,0,0,0,0
0.07,0,0,0,0,0,0
0.07,1,-0.8,-0.77391,0.563557,-2.73426,-0.0260898
0.07,2,1.2,1.21339,0.366159,-1.13409,-0.0133924
0.07,3,0,0,0,0,0
0.07,4,-0.4,-0.406703,0.117015,-0.00488035,0.00670341
0.07,5,0,0,0,0,0
0.08,0,0,0,0,0,0
0.08,1,-0.8,-0.768146,0.585705,-3.03128,-0.031854
0.08,2,1.2,1.21723,0.396296,-1.30939,-0.0172265
0.08,3,0,0,0,0,0
0.08,4,-0.4,-0.405135,0.18773,-0.0527828,0.00513529
0.08,5,0,0,0,0,0
0.09,0,0,0,0,0,0
0.09,1,-0.8,-0.762205,0.599905,-3.31154,-0.0377955
0.09,2,1.2,1.22132,0.418456,-1.47645,-0.0213178
0.09,3,0,0,0,0,0
0.09,4,-0.4,-0.402923,0.246709,-0.0999671,0.00292345
0.09,5,0,0,0,0,0
0.1,0,0,0,0,0,0
0.1,1,-0.8,-0.756162,0.606744,-3.57375,-0.043838
0.1,2,1.2,1.22559,0.43304,-1.63374,-0.0255886
0.1,3,0,0,0,0,0
0.1,4,-0.4,-0.40019,0.293258,-0.145108,0.000190081
0.1,5,0,0,0,0,0
0.11,0,0,0,0,0,0
0.11,1,-0.8,-0.750089,0.606714,-3.81657,-0.0499108
0.11,2,1.2,1.22997,0.440534,-1.78004,-0.0299659
0.11,3,0,0,0,0,0
0.11,4,-0.4,-0.397059,0.327642,-0.187352,-0.00294137
0.11,5,0,0,0,0,0
0.12,0,0,0,0,0,0
0.12,1,-0.8,-0.744052,0.600284,-4.03876,-0.0559476
0.12,2,1.2,1.23438,0.441472,-1.91439,-0.0343815
0.12,3,0,0,0,0,0
0.12,4,-0.4,-0.393647,0.350674,-0.226164,-0.0063534
0.12,5,0,0,0,0,0
0.13,0,0,0,0,0,0
0.13,1,-0.8,-0.738113,0.587937,-4.2393,-0.0618872
0.13,2,1.2,1.23877,0.436424,-2.03604,-0.0387732
0.13,3,0,0,0,0,0
0.13,4,-0.4,-0.390062,0.363451,-0.261232,-0.00993838
0.13,5,0,0,0,0,0
0.14,0,0,0,0,0,0
0.14,1,-0.8,-0.732327,0.570184,-4.41748,-0.0676732
0.14,2,1.2,1.24308,0.425975,-2.14448,-0.0430842
0.14,3,0,0,0,0,0
0.14,4,-0.4,-0.3864,0.367186,-0.292396,-0.0136004
0.14,5,0,0,0,0,0
0.15,0,0,0,0,0,0
0.15,1,-0.8,-0.726746,0.547576,-4.57291,-0.0732545
0.15,2,1.2,1.24726,0.410723,-2.23936,-0.0472638
0.15,3,0,0,0,0,0
0.15,4,-0.4,-0.382744,0.363109,-0.319601,-0.0172558
0.15,5,0,0,0,0,0
0.16,0,0,0,0,0,0
0.16,1,-0.8,-0.721414,0.520693,-4.70551,-0.0785856
0.16,2,1.2,1.25127,0.391267,-2.32055,-0.0512672
0.16,3,0,0,0,0,0
0.16,4,-0.4,-0.379167,0.352406,-0.342867,-0.020833
0.16,5,0,0,0,0,0
0.17,0,0,0,0,0,0
0.17,1,-0.8,-0.716373,0.490142,-4.81552,-0.0836273
0.17,2,1.2,1.25506,0.368208,-2.38809,-0.0550558
0.17,3,0,0,0,0,0
0.17,4,-0.4,-0.375728,0.33619,-0.362271,-0.024272
0.17,5,0,0,0,0,0
0.18,0,0,0,0,0,0
0.18,1,-0.8,-0.711654,0.456543,-4.90348,-0.0883462
0.18,2,1.2,1.2586,0.342139,-2.44218,-0.0585967
0.18,3,0,0,0,0,0
0.18,4,-0.4,-0.372477,0.31549,-0.377932,-0.0275233
0.18,5,0,0,0,0,0
0.19,0,0,0,0,0,0
0.19,1,-0.8,-0.707285,0.420518,-4.97017,-0.0927152
0.19,2,1.2,1.26186,0.313646,-2.48319,-0.0618631
0.19,3,0,0,0,0,0
0.19,4,-0.4,-0.369453,0.291246,-0.390002,-0.0305474
0.19,5,0,0,0,0,0
0.2,0,0,0,0,0,0
0.2,1,-0.8,-0.703286,0.382682,-5.01659,-0.0967136
0.2,2,1.2,1.26483,0.283299,-2.51162,-0.064834
0.2,3,0,0,0,0,0
0.2,4,-0.4,-0.366686,0.264309,-0.398663,-0.0333136
0.2,5,0,0,0,0,0
0.21,0,0,0,0,0,0
0.21,1,-0.8,-0.699674,0.343629,-5.04394,-0.100326
0.21,2,1.2,1.26749,0.251651,-2.52811,-0.0674938
0.21,3,0,0,0,0,0
0.21,4,-0.4,-0.364201,0.235448,-0.404118,-0.0357993
0.21,5,0,0,0,0,0
0.22,0,0,0,0,0,0
0.22,1,-0.8,-0.696455,0.303927,-5.05356,-0.103545
0.22,2,1.2,1.26983,0.219228,-2.53343,-0.0698324
0.22,3,0,0,0,0,0
0.22,4,-0.4,-0.362011,0.205355,-0.406589,-0.037989
0.22,5,0,0,0,0,0
0.23,0,0,0,0,0,0
0.23,1,-0.8,-0.693635,0.264109,-5.04692,-0.106365
0.23,2,1.2,1.27184,0.186531,-2.52841,-0.0718449
0.23,3,0,0,0,0,0
0.23,4,-0.4,-0.360126,0.174649,-0.406316,-0.0398739
0.23,5,0,0,0,0,0
0.24,0,0,0,0,0,0
0.24,1,-0.8,-0.691212,0.224666,-5.02553,-0.108788
0.24,2,1.2,1.27353,0.154026,-2.51398,-0.0735311
0.24,3,0,0,0,0,0
0.24,4,-0.4,-0.358549,0.143881,-0.403549,-0.041451
0.24,5,0,0,0,0,0
0.25,0,0,0,0,0,0
0.25,1,-0.8,-0.689178,0.186045,-4.99101,-0.110822
0.25,2,1.2,1.2749,0.12214,-2.49114,-0.0748953
0.25,3,0,0,0,0,0
0.25,4,-0.4,-0.357278,0.113541,-0.39855,-0.0427224
0.25,5,0,0,0,0,0
0.26,0,0,0,0,0,0
0.26,1,-0.8,-0.687525,0.148643,-4.94495,-0.112475
0.26,2,1.2,1.27595,0.0912627,-2.4609,-0.0759459
0.26,3,0,0,0,0,0
0.26,4,-0.4,-0.356305,0.084053,-0.391585,-0.0436948
0.26,5,0,0,0,0,0
0.27,0,0,0,0,0,0
0.27,1,-0.8,-0.686237,0.112809,-4.88896,-0.113763
0.27,2,1.2,1.27669,0.0617363,-2.42432,-0.0766948
0.27,3,0,0,0,0,0
0.27,4,-0.4,-0.355621,0.0557871,-0.382923,-0.0443787
0.27,5,0,0,0,0,0
0.28,0,0,0,0,0,0
0.28,1,-0.8,-0.685297,0.0788394,-4.82463,-0.114703
0.28,2,1.2,1.27716,0.0338582,-2.38244,-0.0771574
0.28,3,0,0,0,0,0
0.28,4,-0.4,-0.355212,0.0290557,-0.372833,-0.0447882
0.28,5,0,0,0,0,0
0.29,0,0,0,0,0,0
0.29,1,-0.8,-0.684686,0.0469823,-4.75352,-0.115314
0.29,2,1.2,1.27735,0.00787764,-2.3363,-0.0773514
0.29,3,0,0,0,0,0
0.29,4,-0.4,-0.35506,0.00411722,-0.361579,-0.04494
0.29,5,0,0,0,0,0
0.3,0,0,0,0,0,0
0.3,1,-0.8,-0.68438,0.017437,-4.6771,-0.11562
0.3,2,1.2,1.2773,-0.0160044,-2.2869,-0.0772971
0.3,3,0,0,0,0,0
0.3,4,-0.4,-0.355147,-0.0188215,-0.349416,-0.0448533
0.3,5,0,0,0,0,0
0.31,0,0,0,0,0,0
0.31,1,-0.8,-0.684357,-0.00964384,-4.59679,-0.115643
0.31,2,1.2,1.27702,-0.0376346,-2.23522,-0.0770161
0.31,3,0,0,0,0,0
0.31,4,-0.4,-0.355451,-0.0396033,-0.33659,-0.0445489
0.31,5,0,0,0,0,0
0.32,0,0,0,0,0,0
0.32,1,-0.8,-0.68459,-0.0341515,-4.51393,-0.11541
0.32,2,1.2,1.27653,-0.056906,-2.18214,-0.0765318
0.32,3,0,0,0,0,0
0.32,4,-0.4,-0.355951,-0.0581182,-0.323334,-0.0440492
0.32,5,0,0,0,0,0
0.33,0,0,0,0,0,0
0.33,1,-0.8,-0.685054,-0.0560184,-4.42977,-0.114946
0.33,2,1.2,1.27587,-0.0737559,-2.12853,-0.0758681
0.33,3,0,0,0,0,0
0.33,4,-0.4,-0.356623,-0.0743006,-0.309866,-0.043377
0.33,5,0,0,0,0,0
0.34,0,0,0,0,0,0
0.34,1,-0.8,-0.685722,-0.075215,-4.34546,-0.114278
0.34,2,1.2,1.27505,-0.0881631,-2.07515,-0.0750493
0.34,3,0,0,0,0,0
0.34,4,-0.4,-0.357444,-0.0881258,-0.296386,-0.0425561
0.34,5,0,0,0,0,0
0.35,0,0,0,0,0,0
0.35,1,-0.8,-0.686568,-0.0917463,-4.26205,-0.113432
0.35,2,1.2,1.2741,-0.100145,-2.0227,-0.0740998
0.35,3,0,0,0,0,0
0.35,4,-0.4,-0.35839,-0.0996066,-0.283075,-0.0416097
0.35,5,0,0,0,0,0
0.36,0,0,0,0,0,0
0.36,1,-0.8,-0.687564,-0.105649,-4.1805,-0.112436
0.36,2,1.2,1.27304,-0.109752,-1.9718,-0.0730435
0.36,3,0,0,0,0,0
0.36,4,-0.4,-0.359439,-0.10879,-0.270095,-0.0405613
0.36,5,0,0,0,0,0
0.37,0,0,0,0,0,0
0.37,1,-0.8,-0.688685,-0.116989,-4.10165,-0.111315
0.37,2,1.2,1.2719,-0.117066,-1.92299,-0.0719039
0.37,3,0,0,0,0,0
0.37,4,-0.4,-0.360567,-0.115752,-0.25759,-0.0394333
0.37,5,0,0,0,0,0
0.38,0,0,0,0,0,0
0.38,1,-0.8,-0.689905,-0.125854,-4.02623,-0.110095
0.38,2,1.2,1.2707,-0.122194,-1.87671,-0.0707033
0.38,3,0,0,0,0,0
0.38,4,-0.4,-0.361753,-0.120595,-0.245682,-0.0382474
0.38,5,0,0,0,0,0
0.39,0,0,0,0,0,0
0.39,1,-0.8,-0.691202,-0.132356,-3.95487,-0.108798
0.39,2,1.2,1.26946,-0.125266,-1.83335,-0.0694629
0.39,3,0,0,0,0,0
0.39,4,-0.4,-0.362976,-0.123442,-0.234473,-0.0370242
0.39,5,0,0,0,0,0
0.4,0,0,0,0,0,0
0.4,1,-0.8,-0.69255,-0.136626,-3.88811,-0.10745
0.4,2,1.2,1.2682,-0.126428,-1.79321,-0.0682023
0.4,3,0,0,0,0,0
0.4,4,-0.4,-0.364217,-0.124435,-0.224046,-0.0357829
0.4,5,0,0,0,0,0
0.41,0,0,0,0,0,0
0.41,1,-0.8,-0.69393,-0.138806,-3.82637,-0.10607
0.41,2,1.2,1.26694,-0.125839,-1.75652,-0.0669399
0.41,3,0,0,0,0,0
0.41,4,-0.4,-0.365459,-0.123726,-0.214466,-0.0345411
0.41,5,0,0,0,0,0
0.42,0,0,0,0,0,0
0.42,1,-0.8,-0.695321,-0.139056,-3.76998,-0.104679
0.42,2,1.2,1.26569,-0.12367,-1.72343,-0.0656922
0.42,3,0,0,0,0,0
0.42,4,-0.4,-0.366685,-0.121481,-0.205779,-0.033315
0.42,5,0,0,0,0,0
0.43,0,0,0,0,0,0
0.43,1,-0.8,-0.696705,-0.137542,-3.71918,-0.103295
0.43,2,1.2,1.26447,-0.120094,-1.69403,-0.0644741
0.43,3,0,0,0,0,0
0.43,4,-0.4,-0.367881,-0.117869,-0.198017,-0.032119
0.43,5,0,0,0,0,0
0.44,0,0,0,0,0,0
0.44,1,-0.8,-0.698064,-0.134436,-3.67411,-0.101936
0.44,2,1.2,1.2633,-0.115289,-1.66838,-0.0632986
0.44,3,0,0,0,0,0
0.44,4,-0.4,-0.369034,-0.113062,-0.191195,-0.0309658
0.44,5,0,0,0,0,0
0.45,0,0,0,0,0,0
0.45,1,-0.8,-0.699385,-0.129918,-3.63485,-0.100615
0.45,2,1.2,1.26218,-0.109432,-1.64645,-0.0621772
0.45,3,0,0,0,0,0
0.45,4,-0.4,-0.370134,-0.107234,-0.185315,-0.0298665
0.45,5,0,0,0,0,0
0.46,0,0,0,0,0,0
0.46,1,-0.8,-0.700654,-0.124166,-3.60136,-0.0993465
0.46,2,1.2,1.26112,-0.102697,-1.62818,-0.0611192
0.46,3,0,0,0,0,0
0.46,4,-0.4,-0.37117,-0.100554,-0.180365,-0.0288303
0.46,5,0,0,0,0,0
0.47,0,0,0,0,0,0
0.47,1,-0.8,-0.701859,-0.11736,-3.57358,-0.0981415
0.47,2,1.2,1.26013,-0.0952533,-1.61347,-0.0601327
0.47,3,0,0,0,0,0
0.47,4,-0.4,-0.372135,-0.0931865,-0.176325,-0.0278647
0.47,5,0,0,0,0,0
0.48,0,0,0,0,0,0
0.48,1,-0.8,-0.702991,-0.109677,-3.55135,-0.0970095
0.48,2,1.2,1.25922,-0.0872628,-1.60219,-0.0592237
0.48,3,0,0,0,0,0
0.48,4,-0.4,-0.373024,-0.0852915,-0.173162,-0.0269759
0.48,5,0,0,0,0,0
0.49,0,0,0,0,0,0
0.49,1,-0.8,-0.704042,-0.101288,-3.53447,-0.0959583
0.49,2,1.2,1.2584,-0.078879,-1.59415,-0.0583969
0.49,3,0,0,0,0,0
0.49,4,-0.4,-0.373832,-0.0770186,-0.170837,-0.0261683
0.49,5,0,0,0,0,0
0.5,0,0.000498575,0,0,0.019943,0.000498575
0.5,1,-0.800071,-0.705006,-0.0923593,-3.52554,-0.0950654
0.5,2,1.20007,1.25766,-0.0702455,-1.58704,-0.0575842
0.5,3,-2.69675e-09,0,0,-2.69675e-08,-2.69675e-09
0.5,4,-0.4,-0.374555,-0.068509,-0.169303,-0.0254447
0.5,5,-2.76004e-09,0,0,-1.38002e-08,-2.76004e-09
0.51,0,0.00548433,1.43443e-05,0.00354974,0.20815,0.00546999
0.51,1,-0.800784,-0.705892,-0.086243,-3.53692,-0.0948913
0.51,2,1.20078,1.25702,-0.0562599,-1.57469,-0.0562405
0.51,3,-2.96643e-08,1.43199e-05,0.00335092,-0.00215405,-1.43496e-05
0.51,4,-0.4,-0.375202,-0.061778,-0.167496,-0.0247982
0.51,5,-3.03605e-08,-9.31407e-06,-0.00202895,0.000655104,9.28371e-06
0.52,0,0.0104701,9.7146e-05,0.0129731,0.375998,0.0103729
0.52,1,-0.801496,-0.706734,-0.0826075,-3.54266,-0.094762
0.52,2,1.2015,1.25656,-0.0384417,-1.575,-0.0550626
0.52,3,-5.66319e-08,8.20334e-05,0.0098087,-0.00670612,-8.209e-05
0.52,4,-0.4,-0.375783,-0.0549519,-0.166259,-0.0242169
0.52,5,-5.79609e-08,-4.29249e-05,-0.00427295,0.00149622,4.2867e-05
0.53,0,0.0154558,0.000302945,0.0275186,0.52356,0.0151529
0.53,1,-0.802208,-0.707543,-0.0794661,-3.54822,-0.0946655
0.53,2,1.20221,1.25627,-0.020538,-1.58088,-0.0540651
0.53,3,-8.35994e-08,0.000219637,0.0169956,-0.0123945,-0.00021972
0.53,4,-0.4,-0.376289,-0.0467496,-0.166317,-0.0237115
0.53,5,-8.55613e-08,-9.08624e-05,-0.00496178,0.00194242,9.07768e-05
0.54,0,0.0204416,0.000679099,0.0464898,0.65103,0.0197625
0.54,1,-0.80292,-0.708319,-0.0761711,-3.55553,-0.094601
0.54,2,1.20292,1.25616,-0.00376008,-1.58971,-0.0532409
0.54,3,-1.10567e-07,0.00042745,0.0237601,-0.0185317,-0.00042756
0.54,4,-0.4,-0.376706,-0.037571,-0.167566,-0.0232939
0.54,5,-1.13162e-07,-0.000136766,-0.00408202,0.00190787,0.000136653
0.55,0,0.0254273,0.00126619,0.0692232,0.758777,0.0241612
0.55,1,-0.803633,-0.709061,-0.0725637,-3.56516,-0.0945712
0.55,2,1.20363,1.25621,0.0115398,-1.60037,-0.0525765
0.55,3,-1.37535e-07,0.000697641,0.029503,-0.0246796,-0.000697778
0.55,4,-0.4,-0.37703,-0.0280689,-0.16973,-0.0229705
0.55,5,-1.40762e-07,-0.000167411,-0.00210882,0.001469,0.00016727
0.56,0,0.0304131,0.00209833,0.0950831,0.847341,0.0283148
0.56,1,-0.804345,-0.709766,-0.0686686,-3.57716,-0.094579
0.56,2,1.20434,1.2564,0.0253005,-1.6123,-0.0520566
0.56,3,-1.64502e-07,0.0010181,0.033913,-0.0305305,-0.00101827
0.56,4,-0.4,-0.377259,-0.0187737,-0.172544,-0.0227413
0.56,5,-1.68363e-07,-0.000174789,0.000433488,0.000743057,0.000174621
0.57,0,0.0353989,0.00320341,0.123462,0.917433,0.0321954
0.57,1,-0.805057,-0.71043,-0.064579,-3.59134,-0.094627
0.57,2,1.20506,1.25672,0.0375593,-1.6251,-0.051666
0.57,3,-1.9147e-07,0.00137464,0.0368541,-0.0358608,-0.00137483
0.57,4,-0.4,-0.377398,-0.0100387,-0.175798,-0.0226022
0.57,5,-1.95963e-07,-0.0001557,0.00310881,-0.000155122,0.000155504
0.58,0,0.0403846,0.00460341,0.153781,0.969905,0.0357812
0.58,1,-0.805769,-0.711053,-0.06041,-3.60743,-0.0947164
0.58,2,1.20577,1.25716,0.0483865,-1.63848,-0.0513901
0.58,3,-2.18437e-07,0.00175239,0.038309,-0.0405115,-0.00175261
0.58,4,-0.4,-0.377454,-0.00207041,-0.179336,-0.0225463
0.58,5,-2.23563e-07,-0.000110664,0.00559865,-0.0011274,0.00011044
0.59,0,0.0453704,0.00631471,0.185496,1.00574,0.0390556
0.59,1,-0.806482,-0.711634,-0.0562778,-3.62506,-0.0948474
0.59,2,1.20648,1.2577,0.0578628,-1.65217,-0.051215
0.59,3,-2.45405e-07,0.0021368,0.0383433,-0.0443765,-0.00213705
0.59,4,-0.4,-0.377435,0.00502885,-0.183038,-0.0225654
0.59,5,-2.51164e-07,-4.27653e-05,0.00769426,-0.00209571,4.25141e-05
0.6,0,0.0503561,0.00834844,0.218096,1.02602,0.0420077
0.6,1,-0.807194,-0.712175,-0.0522906,-3.64389,-0.095019
0.6,2,1.20719,1.25832,0.0660719,-1.66597,-0.0511275
0.6,3,-2.72372e-07,0.0025143,0.0370814,-0.0473946,-0.00251457
0.6,4,-0.4,-0.37735,0.0112254,-0.186817,-0.0226506
0.6,5,-2.78764e-07,4.33381e-05,0.00927782,-0.00300143,-4.36168e-05
0.61,0,0.0553419,0.0107108,0.251108,1.03192,0.0446311
0.61,1,-0.807906,-0.712677,-0.0485435,-3.66354,-0.0952292
0.61,2,1.20791,1.25902,0.0730981,-1.67966,-0.0511156
0.61,3,-2.9934e-07,0.0028728,0.0346857,-0.0495424,-0.0028731
0.61,4,-0.4,-0.377208,0.016528,-0.190606,-0.0227927
0.61,5,-3.06365e-07,0.000142216,0.0103021,-0.00380323,-0.000142522
0.62,0,0.0603276,0.0134035,0.284099,1.02467,0.0469241
0.62,1,-0.808619,-0.713143,-0.0451166,-3.68366,-0.0954751
0.62,2,1.20862,1.25979,0.0790248,-1.69308,-0.0511678
0.62,3,-3.26307e-07,0.00320196,0.0313411,-0.0508276,-0.00320229
0.62,4,-0.4,-0.377017,0.0209707,-0.194351,-0.0229832
0.62,5,-3.33965e-07,0.000248264,0.0107716,-0.00447446,-0.000248598
0.63,0,0.0653134,0.0164242,0.316672,1.00555,0.0488892
0.63,1,-0.809331,-0.713577,-0.0420743,-3.70391,-0.0957533
0.63,2,1.20933,1.2606,0.083935,-1.70608,-0.0512737
0.63,3,-3.53275e-07,0.00349337,0.0272423,-0.0512827,-0.00349373
0.63,4,-0.4,-0.376787,0.024601,-0.198009,-0.0232135
0.63,5,-3.61565e-07,0.000356135,0.010727,-0.00500058,-0.000356496
0.64,0,0.0702991,0.0197666,0.348475,0.975879,0.0505326
0.64,1,-0.810043,-0.713983,-0.0394654,-3.72399,-0.0960596
0.64,2,1.21004,1.26147,0.0879102,-1.71852,-0.0514234
0.64,3,-3.80242e-07,0.00374056,0.0225837,-0.0509596,-0.00374094
0.64,4,-0.4,-0.376524,0.027473,-0.201544,-0.023476
0.64,5,-3.89166e-07,0.000461023,0.0102319,-0.00537665,-0.000461413
0.65,0,0.0752849,0.0234213,0.379194,0.936963,0.0518636
0.65,1,-0.810755,-0.714366,-0.0373239,-3.7436,-0.0963894
0.65,2,1.21075,1.26236,0.0910307,-1.73031,-0.0516081
0.65,3,-4.0721e-07,0.00393895,0.0175513,-0.0499243,-0.00393936
0.65,4,-0.4,-0.376237,0.0296435,-0.204927,-0.0237632
0.65,5,-4.16766e-07,0.000558839,0.00936297,-0.00560517,-0.000559255
0.66,0,0.0802706,0.0273759,0.408558,0.890114,0.0528947
0.66,1,-0.811468,-0.71473,-0.0356705,-3.7625,-0.0967379
0.66,2,1.21147,1.26329,0.0933753,-1.74134,-0.0518197
0.66,3,-4.34178e-07,0.00408578,0.012318,-0.0482529,-0.00408621
0.66,4,-0.4,-0.375932,0.0311692,-0.208133,-0.0240686
0.66,5,-4.44367e-07,0.000646288,0.00820159,-0.00569414,-0.000646733
0.67,0,0.0852564,0.0316157,0.436335,0.836622,0.0536407
0.67,1,-0.81218,-0.71508,-0.034513,-3.78047,-0.0971002
0.67,2,1.21218,1.26423,0.0950205,-1.75157,-0.0520508
0.67,3,-4.61145e-07,0.00417991,0.00703938,-0.0460273,-0.00418037
0.67,4,-0.4,-0.375615,0.0321061,-0.21114,-0.0243859
0.67,5,-4.71967e-07,0.000720895,0.00682864,-0.00565543,-0.000721367
0.68,0,0.0902422,0.0361236,0.462334,0.77774,0.0541186
0.68,1,-0.812892,-0.715421,-0.0338485,-3.79731,-0.0974714
0.68,2,1.21289,1.26519,0.0960406,-1.76093,-0.0522949
0.68,3,-4.88113e-07,0.00422164,0.00185165,-0.0433323,-0.00422213
0.68,4,-0.4,-0.375291,0.0325085,-0.213931,-0.0247096
0.68,5,-4.99568e-07,0.000780967,0.00532023,-0.0055034,-0.000781467
0.69,0,0.0952279,0.0408809,0.486402,0.714674,0.054347
0.69,1,-0.813604,-0.715758,-0.033664,-3.81287,-0.0978466
0.69,2,1.2136,1.26615,0.0965073,-1.7694,-0.0525461
0.69,3,-5.1508e-07,0.00421255,-0.00312938,-0.040253,-0.00421306
0.69,4,-0.4,-0.374966,0.0324295,-0.216492,-0.0250347
0.69,5,-5.27168e-07,0.000825535,0.00374514,-0.00525386,-0.000826063
0.7,0,0.100214,0.0458678,0.508421,0.648573,0.0543459
0.7,1,-0.814317,-0.716096,-0.0339384,-3.82703,-0.0982211
0.7,2,1.21432,1.26711,0.0964892,-1.77695,-0.0527992
0.7,3,-5.42048e-07,0.00415524,-0.00780836,-0.0368728,-0.00415578
0.7,4,-0.4,-0.374644,0.0319207,-0.218812,-0.0253565
0.7,5,-5.54768e-07,0.00085427,0.00216332,-0.00492312,-0.000854825
0.71,0,0.105199,0.0510632,0.52831,0.58052,0.0541362
0.71,1,-0.815029,-0.716438,-0.0346435,-3.83969,-0.0985905
0.71,2,1.21503,1.26808,0.0960515,-1.7836,-0.0530498
0.71,3,-5.69015e-07,0.00405316,-0.0121097,-0.0332714,-0.00405373
0.71,4,-0.4,-0.374329,0.0310321,-0.220885,-0.0256711
0.71,5,-5.82369e-07,0.000867389,0.000625155,-0.0045274,-0.000867971
0.72,0,0.110185,0.0564455,0.546021,0.511524,0.0537397
0.72,1,-0.815741,-0.716791,-0.0357455,-3.85079,-0.0989506
0.72,2,1.21574,1.26903,0.0952559,-1.78933,-0.053294
0.72,3,-5.95983e-07,0.00391042,-0.0159767,-0.0295241,-0.00391101
0.72,4,-0.400001,-0.374025,0.0298129,-0.222707,-0.025975
0.72,5,-6.09969e-07,0.000865561,-0.000828503,-0.00408231,-0.000866171
0.73,0,0.115171,0.0619928,0.561536,0.442515,0.0531781
0.73,1,-0.816454,-0.717156,-0.0372059,-3.86029,-0.0992976
0.73,2,1.21645,1.26998,0.0941606,-1.79418,-0.0535285
0.73,3,-6.2295e-07,0.00373159,-0.0193694,-0.0257004,-0.00373221
0.73,4,-0.400001,-0.373735,0.0283105,-0.224276,-0.0262651
0.73,5,-6.3757e-07,0.000849814,-0.00216599,-0.00360246,-0.000850451
0.74,0,0.120157,0.0676833,0.574865,0.374341,0.0524734
0.74,1,-0.817166,-0.717537,-0.0389832,-3.86818,-0.0996283
0.74,2,1.21716,1.27092,0.0928196,-1.79816,-0.0537507
0.74,3,-6.49918e-07,0.00352156,-0.0222637,-0.0218639,-0.00352221
0.74,4,-0.400001,-0.373462,0.0265713,-0.225597,-0.0265389
0.74,5,-6.6517e-07,0.000821441,-0.00336415,-0.00310129,-0.000822107
0.75,0,0.125142,0.0734952,0.586043,0.30776,0.0516472
0.75,1,-0.817878,-0.717938,-0.0410334,-3.87449,-0.0999397
0.75,2,1.21788,1.27184,0.0912831,-1.80132,-0.0539584
0.75,3,-6.76885e-07,0.00328538,-0.0246489,-0.0180712,-0.00328606
0.75,4,-0.400001,-0.373206,0.02464,-0.226673,-0.0267941
0.75,5,-6.9277e-07,0.000781929,-0.00440744,-0.00259088,-0.000782622
0.76,0,0.130128,0.0794073,0.59513,0.243446,0.0507209
0.76,1,-0.81859,-0.718361,-0.0433118,-3.87924,-0.100229
0.76,2,1.21859,1.27274,0.0895973,-1.80369,-0.0541498
0.76,3,-7.03853e-07,0.00302815,-0.0265263,-0.0143727,-0.00302885
0.76,4,-0.400001,-0.372971,0.0225596,-0.227513,-0.0270292
0.76,5,-7.20371e-07,0.00073288,-0.00528699,-0.00208191,-0.000733601
0.77,0,0.135114,0.0853991,0.602204,0.18198,0.0497148
0.77,1,-0.819303,-0.718808,-0.0457729,-3.88248,-0.100495
0.77,2,1.2193,1.27363,0.0878045,-1.80532,-0.0543238
0.77,3,-7.30821e-07,0.00275489,-0.0279071,-0.0108119,-0.00275562
0.77,4,-0.400001,-0.372758,0.020371,-0.228128,-0.0272429
0.77,5,-7.47971e-07,0.000675953,-0.00599965,-0.00158361,-0.000676701
0.78,0,0.1401,0.0914511,0.607362,0.12386,0.0486486
0.78,1,-0.820015,-0.71928,-0.048372,-3.8843,-0.100735
0.78,2,1.22001,1.27449,0.085943,-1.80627,-0.0544794
0.78,3,-7.57788e-07,0.00247046,-0.028811,-0.00742559,-0.00247122
0.78,4,-0.400001,-0.372566,0.0181131,-0.22853,-0.0274342
0.78,5,-7.75572e-07,0.000612811,-0.00654705,-0.00110382,-0.000613587
0.79,0,0.145085,0.0975446,0.610714,0.069494,0.0475409
0.79,1,-0.820727,-0.719778,-0.0510659,-3.88477,-0.100949
0.79,2,1.22073,1.27534,0.0840472,-1.80658,-0.0546162
0.79,3,-7.84756e-07,0.0021795,-0.0292643,-0.00424428,-0.00218028
0.79,4,-0.400001,-0.372398,0.015822,-0.228733,-0.0276028
0.79,5,-8.03172e-07,0.00054508,-0.00693464,-0.000649025,-0.000545884
0.8,0,0.150071,0.103662,0.612383,0.0192092,0.046409
0.8,1,-0.821439,-0.720304,-0.0538129,-3.88399,-0.101136
0.8,2,1.22144,1.27617,0.0821479,-1.80632,-0.054734
0.8,3,-8.11723e-07,0.00188634,-0.0292985,-0.00129237,-0.00188715
0.8,4,-0.400001,-0.372252,0.0135311,-0.228753,-0.0277484
0.8,5,-8.30773e-07,0.000474313,-0.00717098,-0.000224427,-0.000475144
0.81,0,0.155057,0.109788,0.612503,-0.0267482,0.045269
0.81,1,-0.822152,-0.720857,-0.0565739,-3.88206,-0.101295
0.81,2,1.22215,1.27698,0.0802723,-1.80553,-0.0548329
0.81,3,-8.38691e-07,0.00159497,-0.0289494,0.00141153,-0.00159581
0.81,4,-0.400001,-0.372129,0.0112709,-0.228606,-0.0278713
0.81,5,-8.58373e-07,0.000401965,-0.00726691,0.000165955,-0.000402824
0.82,0,0.160043,0.115907,0.611212,-0.0682073,0.0441357
0.82,1,-0.822864,-0.721438,-0.0593129,-3.8791,-0.101426
0.82,2,1.22286,1.27778,0.0784442,-1.80429,-0.0549133
0.82,3,-8.65658e-07,0.00130903,-0.0282552,0.00385419,-0.00130989
0.82,4,-0.400001,-0.372029,0.00906878,-0.228309,-0.0279718
0.82,5,-8.85973e-07,0.000329372,-0.00723495,0.000519197,-0.000330258
0.83,0,0.165028,0.122006,0.608655,-0.105068,0.0430225
0.83,1,-0.823576,-0.722046,-0.0619968,-3.87523,-0.10153
0.83,2,1.22357,1.27855,0.0766839,-1.80264,-0.0549758
0.83,3,-8.92626e-07,0.00103174,-0.0272561,0.00602735,-0.00103263
0.83,4,-0.400001,-0.37195,0.00694889,-0.227881,-0.0280508
0.83,5,-9.13574e-07,0.000257738,-0.00708876,0.00083337,-0.000258652
0.84,0,0.170014,0.128073,0.604979,-0.137297,0.041941
0.84,1,-0.824289,-0.72268,-0.064596,-3.87055,-0.101608
0.84,2,1.22429,1.27931,0.075009,-1.80065,-0.0550211
0.84,3,-9.19593e-07,0.000765921,-0.0259929,0.00792732,-0.000766841
0.84,4,-0.400001,-0.371892,0.00493202,-0.227339,-0.0281091
0.84,5,-9.41174e-07,0.000188128,-0.0068426,0.00110743,-0.000189069
0.85,0,0.175,0.134098,0.60033,-0.164919,0.0409018
0.85,1,-0.825001,-0.72334,-0.0670845,-3.86518,-0.101661
0.85,2,1.225,1.28005,0.0734337,-1.79837,-0.0550502
0.85,3,-9.46561e-07,0.000514,-0.0245066,0.0095545,-0.000514946
0.85,4,-0.400001,-0.371853,0.00303572,-0.226701,-0.028148
0.85,5,-9.68775e-07,0.000121461,-0.00651097,0.00134114,-0.00012243
0.86,0,0.179986,0.140072,0.594855,-0.188016,0.0399137
0.86,1,-0.825713,-0.724024,-0.0694401,-3.85925,-0.101689
0.86,2,1.22571,1.28078,0.0719698,-1.79587,-0.0550642
0.86,3,-9.73529e-07,0.00027798,-0.0228375,0.010913,-0.000278953
0.86,4,-0.400001,-0.371832,0.00127426,-0.225985,-0.0281685
0.86,5,-9.96375e-07,5.85135e-05,-0.00610828,0.00153493,-5.95099e-05
0.87,0,0.184971,0.145987,0.588696,-0.206717,0.0389843
0.87,1,-0.826425,-0.72473,-0.0716443,-3.85286,-0.101695
0.87,2,1.22642,1.28149,0.0706264,-1.79318,-0.0550642
0.87,3,-1.0005e-06,5.9473e-05,-0.0210245,0.01201,-6.04735e-05
0.87,4,-0.400001,-0.371829,-0.000341228,-0.225208,-0.0281723
0.87,5,-1.02398e-06,-8.25674e-08,-0.00564854,0.00168986,-9.41408e-07
0.88,0,0.189957,0.151838,0.581992,-0.221193,0.0381196
0.88,1,-0.827138,-0.725458,-0.073682,-3.84613,-0.101679
0.88,2,1.22714,1.28219,0.0694101,-1.79036,-0.0550514
0.88,3,-1.02746e-06,-0.000140289,-0.0191052,0.0128557,0.000139261
0.88,4,-0.400001,-0.37184,-0.00180266,-0.224384,-0.0281607
0.88,5,-1.05158e-06,-5.38296e-05,-0.00514516,0.00180744,5.2778e-05
0.89,0,0.194943,0.157619,0.574875,-0.231653,0.0373243
0.89,1,-0.82785,-0.726205,-0.0755419,-3.83915,-0.101644
0.89,2,1.22785,1.28288,0.0683253,-1.78747,-0.0550272
0.89,3,-1.05443e-06,-0.000320437,-0.0171146,0.0134626,0.000319382
0.89,4,-0.400001,-0.371865,-0.00310481,-0.223531,-0.0281354
0.89,5,-1.07918e-06,-0.000102363,-0.00461079,0.00188965,0.000101284
0.9,0,0.199929,0.163327,0.567469,-0.238335,0.0366018
0.9,1,-0.828562,-0.72697,-0.077216,-3.83203,-0.101592
0.9,2,1.22856,1.28355,0.0673744,-1.78454,-0.0549929
0.9,3,-1.0814e-06,-0.000480442,-0.0150856,0.013845,0.000479361
0.9,4,-0.400001,-0.371903,-0.0042451,-0.222661,-0.028098
0.9,5,-1.10678e-06,-0.000145437,-0.00405714,0.00193879,0.00014433
0.91,0,0.204914,0.16896,0.559894,-0.241503,0.0359545
0.91,1,-0.829274,-0.727751,-0.0786994,-3.82485,-0.101524
0.91,2,1.22927,1.28422,0.0665578,-1.78161,-0.0549498
0.91,3,-1.10837e-06,-0.000620089,-0.0130485,0.0140189,0.000618981
0.91,4,-0.400001,-0.371951,-0.00522341,-0.221789,-0.0280501
0.91,5,-1.13438e-06,-0.000182919,-0.00349494,0.0019574,0.000181785
0.92,0,0.2099,0.174517,0.552257,-0.241441,0.0353833
0.92,1,-0.829987,-0.728545,-0.0799903,-3.8177,-0.101442
0.92,2,1.22998,1.28488,0.0658743,-1.77873,-0.0548993
0.92,3,-1.13533e-06,-0.000739451,-0.0110308,0.0140017,0.000738315
0.92,4,-0.400001,-0.372008,-0.00604182,-0.220925,-0.0279932
0.92,5,-1.16198e-06,-0.000214778,-0.00293385,0.00194823,0.000213616
0.93,0,0.214886,0.179998,0.544659,-0.238446,0.0348883
0.93,1,-0.830699,-0.729351,-0.0810896,-3.81065,-0.101348
0.93,2,1.2307,1.28554,0.065321,-1.77592,-0.0548427
0.93,3,-1.1623e-06,-0.000838858,-0.00905704,0.0138112,0.000837695
0.93,4,-0.400001,-0.372072,-0.00670437,-0.22008,-0.027929
0.93,5,-1.18958e-06,-0.000241072,-0.00238243,0.00191414,0.000239883
0.94,0,0.219872,0.185403,0.53719,-0.232824,0.0344687
0.94,1,-0.831411,-0.730167,-0.0820006,-3.80376,-0.101244
0.94,2,1.23141,1.28619,0.0648939,-1.77322,-0.0547812
0.94,3,-1.18927e-06,-0.00091887,-0.00714877,0.0134661,0.000917681
0.94,4,-0.400001,-0.372142,-0.00721683,-0.219264,-0.0278591
0.94,5,-1.21718e-06,-0.000261941,-0.00184812,0.00185805,0.000260724
0.95,0,0.224858,0.190735,0.529931,-0.224885,0.0341227
0.95,1,-0.832124,-0.730991,-0.0827288,-3.7971,-0.101132
0.95,2,1.23212,1.28684,0.0645873,-1.77066,-0.0547162
0.95,3,-1.21624e-06,-0.000980249,-0.00532472,0.0129852,0.000979033
0.95,4,-0.400001,-0.372216,-0.00758642,-0.218485,-0.0277848
0.95,5,-1.24478e-06,-0.000277591,-0.00133727,0.00178291,0.000276346
0.96,0,0.229843,0.195996,0.522951,-0.214942,0.0338478
0.96,1,-0.832836,-0.731822,-0.0832816,-3.79071,-0.101014
0.96,2,1.23283,1.28748,0.0643948,-1.76825,-0.0546487
0.96,3,-1.2432e-06,-0.00102393,-0.00360067,0.0123872,0.00102268
0.96,4,-0.400001,-0.372293,-0.00782158,-0.21775,-0.0277076
0.96,5,-1.27238e-06,-0.000288286,-0.000855158,0.00169162,0.000287014
0.97,0,0.234829,0.201188,0.516312,-0.203302,0.0336408
0.97,1,-0.833548,-0.732657,-0.083668,-3.78464,-0.100891
0.97,2,1.23355,1.28813,0.0643091,-1.76601,-0.0545798
0.97,3,-1.27017e-06,-0.00105097,-0.00198954,0.0116908,0.0010497
0.97,4,-0.400001,-0.372372,-0.00793176,-0.217063,-0.0276287
0.97,5,-1.29998e-06,-0.000294339,-0.000406012,0.001587,0.000293039
0.98,0,0.239815,0.206317,0.510064,-0.190265,0.0334982
0.98,1,-0.83426,-0.733495,-0.0838984,-3.77892,-0.100765
0.98,2,1.23426,1.28877,0.0643221,-1.76397,-0.0545107
0.98,3,-1.29714e-06,-0.00106258,-0.000501565,0.0109138,0.00106128
0.98,4,-0.400001,-0.372452,-0.00792713,-0.216431,-0.0275493
0.98,5,-1.32758e-06,-0.000296097,6.90255e-06,0.00147178,0.000294769
0.99,0,0.244801,0.211385,0.504249,-0.176122,0.0334156
0.99,1,-0.834973,-0.734335,-0.0839842,-3.77357,-0.100638
0.99,2,1.23497,1.28941,0.0644251,-1.76212,-0.0544422
0.99,3,-1.32411e-06,-0.00106002,0.000855635,0.0100736,0.0010587
0.99,4,-0.400001,-0.372531,-0.00781843,-0.215855,-0.0274706
0.99,5,-1.35518e-06,-0.000293937,0.000381237,0.00134854,0.000292581
1,0,0.249786,0.216398,0.498899,-0.16115,0.0333887
1,1,-0.835685,-0.735174,-0.0839377,-3.76861,-0.100511
1,2,1.23568,1.29006,0.0646089,-1.76047,-0.0543752
1,3,-1.35107e-06,-0.00104463,0.00207687,0.0091867,0.00104328
1,4,-0.400001,-0.372608,-0.00761677,-0.215339,-0.0273934
1,5,-1.38278e-06,-0.000288252,0.000715487,0.0012197,0.00028687
1.01,0,0.254772,0.221359,0.494039,-0.145611,0.0334126
1.01,1,-0.836397,-0.736013,-0.0837719,-3.76406,-0.100384
1.01,2,1.23639,1.2907,0.0648643,-1.75904,-0.0543104
1.01,3,-1.37804e-06,-0.0010178,0.00315923,0.00826865,0.00101642
1.01,4,-0.400001,-0.372682,-0.00733339,-0.214884,-0.0273188
1.01,5,-1.41038e-06,-0.00027945,0.00100891,0.00108752,0.000278039
1.02,0,0.259758,0.226275,0.489682,-0.12975,0.0334824
1.02,1,-0.837109,-0.736849,-0.0834998,-3.75992,-0.10026
1.02,2,1.23711,1.29136,0.0651817,-1.75782,-0.0542485
1.02,3,-1.40501e-06,-0.000980905,0.00410187,0.00733388,0.0009795
1.02,4,-0.400001,-0.372754,-0.00697957,-0.214489,-0.0272474
1.02,5,-1.43798e-06,-0.000267938,0.00126146,0.000954062,0.0002665
1.03,0,0.264744,0.231151,0.485837,-0.113795,0.0335929
1.03,1,-0.837822,-0.737682,-0.0831349,-3.75618,-0.10014
1.03,2,1.23782,1.29201,0.0655516,-1.75681,-0.0541901
1.03,3,-1.43198e-06,-0.000935351,0.00490583,0.00639569,0.000933919
1.03,4,-0.400001,-0.372821,-0.00656643,-0.214155,-0.0271798
1.03,5,-1.46558e-06,-0.000254123,0.00147369,0.000821181,0.000252658
1.04,0,0.269729,0.23599,0.482504,-0.0979525,0.033739
1.04,1,-0.838534,-0.738511,-0.0826904,-3.75284,-0.100023
1.04,2,1.23853,1.29267,0.0659647,-1.756,-0.0541356
1.04,3,-1.45894e-06,-0.000882508,0.00557386,0.00546618,0.000881049
1.04,4,-0.400001,-0.372885,-0.00610481,-0.213881,-0.0271167
1.04,5,-1.49318e-06,-0.000238403,0.00164668,0.000690546,0.00023691
1.05,0,0.274715,0.240799,0.479679,-0.0824091,0.0339157
1.05,1,-0.839246,-0.739335,-0.0821796,-3.7499,-0.099911
1.05,2,1.23924,1.29333,0.0664117,-1.75539,-0.0540855
1.05,3,-1.48591e-06,-0.000823713,0.00611017,0.00455617,0.000822227
1.05,4,-0.400001,-0.372943,-0.00560521,-0.213664,-0.0270584
1.05,5,-1.52078e-06,-0.000221162,0.00178196,0.000563619,0.000219641
1.06,0,0.279701,0.245583,0.477349,-0.0673309,0.0341179
1.06,1,-0.839959,-0.740154,-0.0816152,-3.74734,-0.0998046
1.06,2,1.23996,1.294,0.0668839,-1.75497,-0.05404
1.06,3,-1.51288e-06,-0.000760254,0.00652028,0.00367525,0.000758741
1.06,4,-0.400001,-0.372996,-0.00507759,-0.213503,-0.0270052
1.06,5,-1.54838e-06,-0.000202767,0.00188143,0.000441664,0.000201218
1.07,0,0.284687,0.250346,0.475497,-0.0528628,0.0343407
1.07,1,-0.840671,-0.740967,-0.0810095,-3.74513,-0.099704
1.07,2,1.24067,1.29467,0.0673729,-1.75472,-0.0539993
1.07,3,-1.53985e-06,-0.000693358,0.00681078,0.00283172,0.000691818
1.07,4,-0.400001,-0.373044,-0.00453138,-0.213394,-0.0269575
1.07,5,-1.57598e-06,-0.000183563,0.00194729,0.000325751,0.000181987
1.08,0,0.289672,0.255093,0.474103,-0.0391286,0.0345795
1.08,1,-0.841383,-0.741773,-0.0803742,-3.74326,-0.0996096
1.08,2,1.24138,1.29534,0.0678707,-1.75465,-0.0539635
1.08,3,-1.56681e-06,-0.00062418,0.00698916,0.00203264,0.000622613
1.08,4,-0.400001,-0.373086,-0.00397538,-0.213334,-0.0269152
1.08,5,-1.60358e-06,-0.000163875,0.00198197,0.000216766,0.000162272
1.09,0,0.294658,0.259828,0.473142,-0.0262319,0.0348299
1.09,1,-0.842095,-0.742574,-0.0797202,-3.74171,-0.0995217
1.09,2,1.24209,1.29603,0.0683701,-1.75472,-0.0539327
1.09,3,-1.59378e-06,-0.000553797,0.00706363,0.00128385,0.000552203
1.09,4,-0.400001,-0.373123,-0.00341771,-0.21332,-0.0268786
1.09,5,-1.63118e-06,-0.000143999,0.00198808,0.000115415,0.000142368
1.1,0,0.299644,0.264556,0.472587,-0.0142561,0.0350876
1.1,1,-0.842808,-0.743367,-0.0790578,-3.74044,-0.0994405
1.1,2,1.2428,1.29671,0.0688642,-1.75494,-0.0539069
1.1,3,-1.62075e-06,-0.000483199,0.00704293,0.000590029,0.000481579
1.1,4,-0.400001,-0.373154,-0.00286574,-0.213347,-0.0268475
1.1,5,-1.65879e-06,-0.000124207,0.00196834,2.22376e-05,0.000122548
1.11,0,0.30463,0.269281,0.472405,-0.00326561,0.0353488
1.11,1,-0.84352,-0.744154,-0.0783964,-3.73944,-0.0993658
1.11,2,1.24352,1.2974,0.069347,-1.75527,-0.053886
1.11,3,-1.64772e-06,-0.00041329,0.00693618,-4.5283e-05,0.000411642
1.11,4,-0.400001,-0.37318,-0.00232614,-0.213411,-0.0268218
1.11,5,-1.68639e-06,-0.000104741,0.00192552,-6.23842e-05,0.000103055
1.12,0,0.309615,0.274005,0.472567,0.00669357,0.0356098
1.12,1,-0.844232,-0.744934,-0.0777445,-3.73867,-0.0992977
1.12,2,1.24423,1.2981,0.0698132,-1.75572,-0.0538698
1.12,3,-1.67468e-06,-0.000344878,0.00675272,-0.000619596,0.000343203
1.12,4,-0.400001,-0.3732,-0.00180477,-0.213509,-0.0268015
1.12,5,-1.71399e-06,-8.58173e-05,0.00186243,-0.000138212,8.41033e-05
1.13,0,0.314601,0.278734,0.473037,0.0155924,0.0358676
1.13,1,-0.844944,-0.745708,-0.0771097,-3.73811,-0.099236
1.13,2,1.24494,1.2988,0.070258,-1.75626,-0.0538582
1.13,3,-1.70165e-06,-0.000278678,0.00650196,-0.00113141,0.000276977
1.13,4,-0.400001,-0.373215,-0.00130675,-0.213636,-0.0267862
1.13,5,-1.74159e-06,-6.7623e-05,0.00178182,-0.000205138,6.58814e-05
1.14,0,0.319587,0.283468,0.473782,0.0234178,0.0361191
1.14,1,-0.845657,-0.746476,-0.0764987,-3.73773,-0.0991806
1.14,2,1.24565,1.2995,0.0706773,-1.75688,-0.0538509
1.14,3,-1.72862e-06,-0.000215312,0.0061933,-0.00158014,0.000213584
1.14,4,-0.400001,-0.373226,-0.000836447,-0.213788,-0.0267758
1.14,5,-1.76919e-06,-5.03185e-05,0.00168641,-0.000263178,4.85493e-05
1.15,0,0.324573,0.288211,0.474767,0.0301713,0.0363618
1.15,1,-0.846369,-0.747238,-0.0759173,-3.73749,-0.0991311
1.15,2,1.24637,1.30021,0.071068,-1.75757,-0.0538476
1.15,3,-1.75559e-06,-0.000155308,0.00583595,-0.00196604,0.000153553
1.15,4,-0.400001,-0.373232,-0.000397454,-0.21396,-0.0267699
1.15,5,-1.79679e-06,-3.4037e-05,0.00157884,-0.000312452,3.22402e-05
1.16,0,0.329558,0.292965,0.475957,0.0358677,0.0365935
1.16,1,-0.847081,-0.747994,-0.0753704,-3.73738,-0.0990872
1.16,2,1.24708,1.30093,0.0714273,-1.7583,-0.0538481
1.16,3,-1.78256e-06,-9.91036e-05,0.00543888,-0.00229012,9.73211e-05
1.16,4,-0.400002,-0.373233,7.34728e-06,-0.214149,-0.0267682
1.16,5,-1.82439e-06,-1.88863e-05,0.00146162,-0.000353175,1.70619e-05
1.17,0,0.334544,0.297732,0.477319,0.0405336,0.0368123
1.17,1,-0.847794,-0.748745,-0.074862,-3.73736,-0.0990486
1.17,2,1.24779,1.30164,0.0717533,-1.75907,-0.053852
1.17,3,-1.80952e-06,-4.70475e-05,0.00501071,-0.00255405,4.5238e-05
1.17,4,-0.400002,-0.373231,0.000375774,-0.21435,-0.0267703
1.17,5,-1.85199e-06,-4.94985e-06,0.00133712,-0.000385647,3.09786e-06
1.18,0,0.33953,0.302513,0.478821,0.0442062,0.0370167
1.18,1,-0.848506,-0.749491,-0.0743952,-3.73741,-0.0990149
1.18,2,1.2485,1.30236,0.0720446,-1.75986,-0.0538589
1.18,3,-1.83649e-06,5.94398e-07,0.00455965,-0.0027601,-2.43089e-06
1.18,4,-0.400002,-0.373226,0.00070631,-0.214561,-0.0267759
1.18,5,-1.87959e-06,7.71223e-06,0.00120759,-0.000410238,-9.59182e-06
1.19,0,0.344516,0.30731,0.480429,0.0469315,0.0372055
1.19,1,-0.849218,-0.750232,-0.0739724,-3.73751,-0.0989856
1.19,2,1.24921,1.30308,0.0723005,-1.76066,-0.0538686
1.19,3,-1.86346e-06,4.36361e-05,0.00409343,-0.00291105,-4.54996e-05
1.19,4,-0.400002,-0.373217,0.000998059,-0.214776,-0.0267847
1.19,5,-1.90719e-06,1.90612e-05,0.00107512,-0.000427377,-2.09684e-05
1.2,0,0.349501,0.312124,0.482115,0.0487632,0.0373777
1.2,1,-0.84993,-0.75097,-0.073595,-3.73762,-0.0989602
1.2,2,1.24993,1.30381,0.0725207,-1.76146,-0.0538806
1.2,3,-1.89043e-06,8.1966e-05,0.00361923,-0.0030101,-8.38564e-05
1.2,4,-0.400002,-0.373206,0.00125071,-0.214994,-0.0267961
1.2,5,-1.93479e-06,2.90781e-05,0.0009416,-0.000437544,-3.10129e-05
1.21,0,0.354487,0.316954,0.48385,0.0497613,0.0375328
1.21,1,-0.850643,-0.751704,-0.0732639,-3.73775,-0.0989384
1.21,2,1.25064,1.30453,0.0727055,-1.76225,-0.0538946
1.21,3,-1.91739e-06,0.000115541,0.00314368,-0.0030608,-0.000117459
1.21,4,-0.400002,-0.373192,0.00146447,-0.215211,-0.0268098
1.21,5,-1.96239e-06,3.77624e-05,0.000808783,-0.000441259,-3.97248e-05
1.22,0,0.359473,0.321802,0.485608,0.0499906,0.0376704
1.22,1,-0.851355,-0.752435,-0.0729793,-3.73785,-0.0989197
1.22,2,1.25135,1.30526,0.0728556,-1.76302,-0.0539103
1.22,3,-1.94436e-06,0.000144382,0.00267283,-0.00306696,-0.000146327
1.22,4,-0.400002,-0.373176,0.00164006,-0.215424,-0.0268255
1.22,5,-1.98999e-06,4.51297e-05,0.000678231,-0.000439068,-4.71197e-05
1.23,0,0.364459,0.326668,0.487365,0.0495196,0.0377904
1.23,1,-0.852067,-0.753164,-0.0727406,-3.73792,-0.0989035
1.23,2,1.25206,1.30599,0.0729722,-1.76376,-0.0539273
1.23,3,-1.97133e-06,0.000168566,0.00221208,-0.00303262,-0.000170537
1.23,4,-0.400002,-0.373159,0.00177861,-0.215631,-0.0268427
1.23,5,-2.01759e-06,5.12105e-05,0.000551331,-0.00043154,-5.32281e-05
1.24,0,0.369444,0.331551,0.489099,0.0484192,0.0378929
1.24,1,-0.852779,-0.75389,-0.0725468,-3.73794,-0.0988895
1.24,2,1.25278,1.30672,0.0730567,-1.76447,-0.0539453
1.24,3,-1.9983e-06,0.00018822,0.00176622,-0.00296192,-0.000190219
1.24,4,-0.400002,-0.373141,0.00188162,-0.21583,-0.0268611
1.24,5,-2.04519e-06,5.60482e-05,0.000429297,-0.000419256,-5.80933e-05
1.25,0,0.37443,0.336452,0.490791,0.0467618,0.0379783
1.25,1,-0.853492,-0.754615,-0.0723965,-3.7379,-0.0988771
1.25,2,1.25349,1.30745,0.0731109,-1.76514,-0.053964
1.25,3,-2.02526e-06,0.000203518,0.00133943,-0.00285909,-0.000205543
1.25,4,-0.400002,-0.373121,0.00195094,-0.216018,-0.0268804
1.25,5,-2.07279e-06,5.96972e-05,0.00031317,-0.000402801,-6.177e-05
1.26,0,0.379416,0.341369,0.492422,0.0446198,0.0380472
1.26,1,-0.854204,-0.755338,-0.0722876,-3.73778,-0.0988661
1.26,2,1.2542,1.30818,0.0731368,-1.76576,-0.053983
1.26,3,-2.05223e-06,0.000214669,0.000935259,-0.00272837,-0.000216722
1.26,4,-0.400002,-0.373102,0.00198869,-0.216195,-0.0269001
1.26,5,-2.10039e-06,6.22216e-05,0.000203824,-0.000382757,-6.43219e-05
1.27,0,0.384402,0.346302,0.493979,0.0420652,0.0381001
1.27,1,-0.854916,-0.75606,-0.0722179,-3.73758,-0.0988559
1.27,2,1.25491,1.30891,0.0731367,-1.76634,-0.0540022
1.27,3,-2.0792e-06,0.000221917,0.000556645,-0.00257395,-0.000223997
1.27,4,-0.400002,-0.373082,0.0019972,-0.216359,-0.0269201
1.27,5,-2.12799e-06,6.36932e-05,0.000101972,-0.000359697,-6.58212e-05
1.28,0,0.389387,0.348081,0.00876826,1.62593,0.041306
1.28,1,-0.855629,-0.756421,-0.000913337,-3.96556,-0.0992075
1.28,2,1.25562,1.30895,-0.0429599,-1.51393,-0.0533284
1.28,3,-2.10617e-06,-0.00499835,-0.644849,0.436872,0.00499624
1.28,4,-0.400002,-0.372691,0.0376066,-0.23729,-0.0273109
1.28,5,-2.15559e-06,0.00373168,0.32299,-0.115566,-0.00373384
1.29,0,0.394373,0.34815,-0.00197934,1.85487,0.0462233
1.29,1,-0.856341,-0.756468,-0.000797229,-3.99251,-0.0998726
1.29,2,1.25634,1.30872,-0.0204844,-1.53051,-0.0523828
1.29,3,-2.13313e-06,-0.0093697,-0.3168,0.283756,0.00936757
1.29,4,-0.400002,-0.372609,-0.00549053,-0.216395,-0.0273925
1.29,5,-2.18319e-06,0.00426022,-0.0843949,0.00400646,-0.0042624
1.3,0,0.399359,0.34819,0.0100871,2.01649,0.0511688
1.3,1,-0.857053,-0.756523,-0.0128777,-3.98258,-0.10053
1.3,2,1.25705,1.30866,0.0122604,-1.57297,-0.0516148
1.3,3,-2.1601e-06,-0.011411,-0.127628,0.190666,0.0114089
1.3,4,-0.400002,-0.372789,-0.0289914,-0.203207,-0.0272129
1.3,5,-2.21079e-06,0.0026222,-0.201745,0.0474015,-0.00262441
1.31,0,0.404345,0.348195,0.000716528,2.24382,0.0561493
1.31,1,-0.857765,-0.756583,-6.65902e-05,-4.04709,-0.101182
1.31,2,1.25776,1.3087,-0.00300181,-1.52209,-0.0509363
1.31,3,-2.18707e-06,-0.012262,-0.0453172,0.149789,0.0122598
1.31,4,-0.400002,-0.373014,-0.0191682,-0.206321,-0.0269881
1.31,5,-2.23839e-06,0.000728224,-0.180879,0.0506113,-0.000730462
1.32,0,0.40933,0.348197,-0.000184029,2.44588,0.0611332
1.32,1,-0.858478,-0.756583,1.22301e-05,-4.07581,-0.101894
1.32,2,1.25847,1.30869,0.000778856,-1.50805,-0.0502163
1.32,3,-2.21404e-06,-0.0123803,0.0116412,0.116796,0.0123781
1.32,4,-0.400002,-0.373191,-0.0161779,-0.206396,-0.0268106
1.32,5,-2.26599e-06,-0.00084127,-0.135446,0.0448287,0.000839004
1.33,0,0.414316,0.348192,-0.000758521,2.64724,0.0661242
1.33,1,-0.85919,-0.756583,5.85591e-05,-4.10445,-0.102607
1.33,2,1.25919,1.30871,0.00319911,-1.49218,-0.0495261
1.33,3,-2.241e-06,-0.0120506,0.0480106,0.0916776,0.0120484
1.33,4,-0.400002,-0.373328,-0.0115304,-0.207625,-0.0266738
1.33,5,-2.29359e-06,-0.00192447,-0.0867078,0.0356232,0.00192218
1.34,0,0.419302,0.348182,-0.00112021,2.84815,0.0711196
1.34,1,-0.859902,-0.756582,8.75298e-05,-4.13306,-0.10332
1.34,2,1.2599,1.30875,0.00473007,-1.47511,-0.0488549
1.34,3,-2.26797e-06,-0.0114349,0.0709912,0.0717321,0.0114327
1.34,4,-0.400002,-0.373417,-0.00668192,-0.209342,-0.0265854
1.34,5,-2.3212e-06,-0.00255385,-0.0448306,0.0262068,0.00255153
1.35,0,0.424288,0.34817,-0.00132845,3.0487,0.0761179
1.35,1,-0.860614,-0.756581,0.000104324,-4.16164,-0.104033
1.35,2,1.26061,1.30881,0.00561979,-1.4571,-0.0481953
1.35,3,-2.29494e-06,-0.0106448,0.0843236,0.0558313,0.0106425
1.35,4,-0.400002,-0.373459,-0.00229584,-0.211198,-0.0265432
1.35,5,-2.3488e-06,-0.00281574,-0.0123693,0.0177777,0.00281339
1.36,0,0.429273,0.348156,-0.00142087,3.24896,0.0811175
1.36,1,-0.861327,-0.75658,0.000111747,-4.1902,-0.104747
1.36,2,1.26132,1.30886,0.00602416,-1.4383,-0.0475418
1.36,3,-2.32191e-06,-0.0097632,0.0903531,0.0433969,0.00976088
1.36,4,-0.400002,-0.373461,0.00134019,-0.212998,-0.026541
1.36,5,-2.3764e-06,-0.00280397,0.0109764,0.010715,0.00280159
1.37,0,0.434259,0.348142,-0.00142541,3.44898,0.0861175
1.37,1,-0.862039,-0.756579,0.000112091,-4.21873,-0.10546
1.37,2,1.26203,1.30892,0.00605769,-1.41882,-0.0468903
1.37,3,-2.34887e-06,-0.00885317,0.0908116,0.0340212,0.00885082
1.37,4,-0.400002,-0.373432,0.00413305,-0.21463,-0.0265705
1.37,5,-2.404e-06,-0.00260309,0.026478,0.00506001,0.00260068
1.38,0,0.439245,0.348128,-0.00136471,3.64878,0.0911173
1.38,1,-0.862751,-0.756578,0.000107192,-4.24725,-0.106173
1.38,2,1.26275,1.30898,0.00581342,-1.39875,-0.0462375
1.38,3,-2.37584e-06,-0.00796252,0.087105,0.0273384,0.00796014
1.38,4,-0.400002,-0.373379,0.00609675,-0.216035,-0.0266233
1.38,5,-2.4316e-06,-0.00228332,0.0356347,0.000714044,0.00228089
1.39,0,0.444231,0.348115,-0.00125771,3.84842,0.0961161
1.39,1,-0.863464,-0.756577,9.85653e-05,-4.27576,-0.106887
1.39,2,1.26346,1.30904,0.00536974,-1.37817,-0.0455811
1.39,3,-2.40281e-06,-0.00712624,0.0804155,0.022989,0.00712383
1.39,4,-0.400002,-0.373311,0.0073058,-0.217185,-0.0266915
1.39,5,-2.4592e-06,-0.00190011,0.0398839,-0.00247691,0.00189765
1.4,0,0.449216,0.348103,-0.00112023,4.04791,0.101114
1.4,1,-0.864176,-0.756576,8.74788e-05,-4.30426,-0.1076
1.4,2,1.26417,1.30909,0.0047928,-1.35717,-0.0449195
1.4,3,-2.42978e-06,-0.00636853,0.0717383,0.020618,0.0063661
1.4,4,-0.400002,-0.373234,0.00786708,-0.218079,-0.0267682
1.4,5,-2.4868e-06,-0.00149538,0.040496,-0.00468436,0.00149289
1.41,0,0.454202,0.348092,-0.000965222,4.24729,0.10611
1.41,1,-0.864888,-0.756575,7.49741e-05,-4.33274,-0.108313
1.41,2,1.26488,1.30914,0.00413753,-1.33582,-0.0442517
1.41,3,-2.45674e-06,-0.00570461,0.061898,0.0198827,0.00570215
1.41,4,-0.400002,-0.373155,0.00790131,-0.21873,-0.0268474
1.41,5,-2.5144e-06,-0.00109942,0.038545,-0.00607894,0.00109691
1.42,0,0.459188,0.348084,-0.000803072,4.44658,0.111104
1.42,1,-0.8656,-0.756574,6.18863e-05,-4.36122,-0.109026
1.42,2,1.2656,1.30917,0.00344841,-1.31421,-0.043577
1.42,3,-2.48371e-06,-0.00514231,0.0515607,0.0204619,0.00513982
1.42,4,-0.400002,-0.373077,0.00753052,-0.219163,-0.0269247
1.42,5,-2.542e-06,-0.000732895,0.0349094,-0.00682105,0.000730353
1.43,0,0.464174,0.348076,-0.000641812,4.64581,0.116097
1.43,1,-0.866313,-0.756574,4.88631e-05,-4.38969,-0.109739
1.43,2,1.26631,1.3092,0.00276033,-1.29239,-0.0428955
1.43,3,-2.51068e-06,-0.00468363,0.0412471,0.0220629,0.00468112
1.43,4,-0.400002,-0.373006,0.00686968,-0.219408,-0.0269966
1.43,5,-2.5696e-06,-0.000408651,0.0302879,-0.00705596,0.000406081
1.44,0,0.469159,0.348071,-0.000487411,4.845,0.121089
1.44,1,-0.867025,-0.756574,3.63868e-05,-4.41816,-0.110451
1.44,2,1.26702,1.30923,0.0020995,-1.27042,-0.0422072
1.44,3,-2.53765e-06,-0.00432607,0.0313482,0.0244264,0.00432353
1.44,4,-0.400002,-0.372941,0.00602141,-0.219497,-0.0270608
1.44,5,-2.5972e-06,-0.000133465,0.0252193,-0.00691144,0.000130868
1.45,0,0.474145,0.348067,-0.000344057,5.04417,0.126078
1.45,1,-0.867737,-0.756573,2.47967e-05,-4.44663,-0.111164
1.45,2,1.26773,1.30924,0.00148457,-1.24835,-0.0415126
1.45,3,-2.56461e-06,-0.00406389,0.0221408,0.0273287,0.00406132
1.45,4,-0.400002,-0.372886,0.00507318,-0.219463,-0.0271158
1.45,5,-2.6248e-06,9.05014e-05,0.0201045,-0.00649699,-9.31262e-05
1.46,0,0.479131,0.348064,-0.000214448,5.24332,0.131067
1.46,1,-0.868449,-0.756573,1.43116e-05,-4.4751,-0.111876
1.46,2,1.26844,1.30926,0.000927725,-1.22622,-0.0408121
1.46,3,-2.59158e-06,-0.00388909,0.0138057,0.0305816,0.0038865
1.46,4,-0.400002,-0.372841,0.00409615,-0.219338,-0.0271612
1.46,5,-2.6524e-06,0.000264441,0.0152287,-0.00590408,-0.000267094
1.47,0,0.484117,0.348063,-0.000100061,5.44246,0.136054
1.47,1,-0.869162,-0.756573,5.05149e-06,-4.50357,-0.112589
1.47,2,1.26916,1.30926,0.000435785,-1.20406,-0.0401064
1.47,3,-2.61855e-06,-0.00379236,0.00644355,0.0340312,0.00378974
1.47,4,-0.400002,-0.372805,0.00314546,-0.219148,-0.0271969
1.47,5,-2.68e-06,0.000391858,0.0107815,-0.00520714,-0.000394538
1.48,0,0.489102,0.348062,-1.40433e-06,5.64162,0.14104
1.48,1,-0.869874,-0.756573,-2.94168e-06,-4.53203,-0.113301
1.48,2,1.26987,1.30927,1.12957e-05,-1.18191,-0.0393961
1.48,3,-2.64552e-06,-0.00376369,9.13136e-05,0.0375557,0.00376105
1.48,4,-0.400002,-0.372779,0.00226126,-0.218918,-0.0272235
1.48,5,-2.7076e-06,0.000477717,0.00687618,-0.00446498,-0.000480425
1.49,0,0.494088,0.348063,8.17575e-05,5.84078,0.146026
1.49,1,-0.870586,-0.756573,-9.68641e-06,-4.5605,-0.114013
1.49,2,1.27058,1.30926,-0.00034652,-1.15977,-0.038682
1.49,3,-2.67248e-06,-0.00379304,-0.00526333,0.0410616,0.00379036
1.49,4,-0.400002,-0.372761,0.00147048,-0.218669,-0.0272417
1.49,5,-2.7352e-06,0.000527774,0.0035664,-0.00372247,-0.00053051
1.5,0,0.499074,0.348064,0.000150205,6.03996,0.15101
1.5,1,-0.871299,-0.756573,-1.52454e-05,-4.58897,-0.114725
1.5,2,1.27129,1.30926,-0.000640887,-1.13766,-0.0379646
1.5,3,-2.69945e-06,-0.00387066,-0.00966905,0.044481,0.00386796
1.5,4,-0.400002,-0.37275,0.000788727,-0.218415,-0.0272526
1.5,5,-2.7628e-06,0.000548065,0.000860896,-0.00301241,-0.000550828
1.51,0,0.50406,0.348066,0.000205097,6.23915,0.155994
1.51,1,-0.872011,-0.756573,-1.97118e-05,-4.61744,-0.115437
1.51,2,1.27201,1.30925,-0.000876729,-1.11559,-0.0372446
1.51,3,-2.72642e-06,-0.00398745,-0.0131997,0.0477671,0.00398473
1.51,4,-0.400002,-0.372745,0.000222382,-0.218169,-0.0272573
1.51,5,-2.7904e-06,0.000544524,-0.00126408,-0.00235735,-0.000547315
1.52,0,0.509046,0.348068,0.000247825,6.43836,0.160978
1.52,1,-0.872723,-0.756574,-2.31981e-05,-4.64591,-0.11615
1.52,2,1.27272,1.30924,-0.00106004,-1.09356,-0.0365226
1.52,3,-2.75339e-06,-0.00413516,-0.0159449,0.050891,0.0041324
1.52,4,-0.400002,-0.372745,-0.000229362,-0.217941,-0.0272569
1.52,5,-2.818e-06,0.000522719,-0.00285433,-0.00177139,-0.000525537
1.53,0,0.514031,0.348071,0.000279903,6.63759,0.165961
1.53,1,-0.873435,-0.756574,-2.58262e-05,-4.67439,-0.116862
1.53,2,1.27343,1.30923,-0.00119736,-1.07158,-0.035799
1.53,3,-2.78035e-06,-0.00430645,-0.0180025,0.0538382,0.00430367
1.53,4,-0.400002,-0.37275,-0.000572652,-0.217735,-0.0272527
1.53,5,-2.8456e-06,0.000487678,-0.00396932,-0.00126182,-0.000490524
1.54,0,0.519017,0.348074,0.000302877,6.83683,0.170943
1.54,1,-0.874148,-0.756574,-2.77209e-05,-4.70286,-0.117574
1.54,2,1.27414,1.30922,-0.00129539,-1.04964,-0.0350742
1.54,3,-2.80732e-06,-0.004495,-0.0194726,0.0566055,0.0044922
1.54,4,-0.400002,-0.372757,-0.000817304,-0.217556,-0.0272456
1.54,5,-2.8732e-06,0.000443792,-0.00467548,-0.000830681,-0.000446665
1.55,0,0.524003,0.348077,0.000318251,7.03609,0.175926
1.55,1,-0.87486,-0.756574,-2.90036e-05,-4.73134,-0.118286
1.55,2,1.27485,1.3092,-0.00136064,-1.02774,-0.0343487
1.55,3,-2.83429e-06,-0.00469548,-0.0204526,0.0591981,0.00469265
1.55,4,-0.400002,-0.372766,-0.000975396,-0.217404,-0.0272365
1.55,5,-2.9008e-06,0.000394773,-0.00504113,-0.00047603,-0.000397674
1.56,0,0.528989,0.34808,0.000327444,7.23536,0.180909
1.56,1,-0.875572,-0.756575,-2.97887e-05,-4.75981,-0.118998
1.56,2,1.27557,1.30919,-0.00139928,-1.00588,-0.0336226
1.56,3,-2.86126e-06,-0.0049035,-0.0210343,0.061627,0.00490064
1.56,4,-0.400002,-0.372776,-0.0010601,-0.21728,-0.0272262
1.56,5,-2.9284e-06,0.000343658,-0.00513268,-0.000193129,-0.000346587
1.57,0,0.533974,0.348083,0.000331752,7.43465,0.185891
1.57,1,-0.876284,-0.756575,-3.01806e-05,-4.78829,-0.11971
1.57,2,1.27628,1.30918,-0.0014169,-0.984055,-0.0328963
1.57,3,-2.88822e-06,-0.00511554,-0.0213017,0.0639076,0.00511266
1.57,4,-0.400002,-0.372787,-0.00108478,-0.217181,-0.0272155
1.57,5,-2.956e-06,0.000292844,-0.00501207,2.4621e-05,-0.0002958
1.58,0,0.53896,0.348087,0.000332329,7.63394,0.190873
1.58,1,-0.876997,-0.756575,-3.02724e-05,-4.81677,-0.120421
1.58,2,1.27699,1.30916,-0.00141851,-0.962259,-0.0321699
1.58,3,-2.91519e-06,-0.00532888,-0.0213292,0.0660572,0.00532597
1.58,4,-0.400002,-0.372798,-0.0010623,-0.217107,-0.0272047
1.58,5,-2.98361e-06,0.000244139,-0.00473501,0.000184889,-0.000247123
1.59,0,0.543946,0.34809,0.000330174,7.83325,0.195856
1.59,1,-0.877709,-0.756576,-3.01446e-05,-4.84525,-0.121133
1.59,2,1.2777,1.30915,-0.00140841,-0.940489,-0.0314435
1.59,3,-2.94216e-06,-0.00554148,-0.0211816,0.0680944,0.00553854
1.59,4,-0.400002,-0.372808,-0.00100454,-0.217053,-0.0271944
1.59,5,-3.01121e-06,0.000198835,-0.00435012,0.000295804,-0.000201846
1.6,0,0.548932,0.348093,0.000326138,8.03256,0.200838
1.6,1,-0.878421,-0.756576,-2.98658e-05,-4.87373,-0.121845
1.6,2,1.27842,1.30913,-0.00139028,-0.918738,-0.0307173
1.6,3,-2.96913e-06,-0.0057519,-0.0209135,0.0700375,0.00574893
1.6,4,-0.400002,-0.372818,-0.000922069,-0.217018,-0.0271848
1.6,5,-3.03881e-06,0.000157778,-0.00389853,0.000365476,-0.000160816
1.61,0,0.553917,0.348096,0.000320922,8.23187,0.205821
1.61,1,-0.879134,-0.756576,-2.94922e-05,-4.90221,-0.122557
1.61,2,1.27913,1.30912,-0.00136712,-0.897005,-0.0299913
1.61,3,-2.99609e-06,-0.0059592,-0.0205702,0.0719041,0.0059562
1.61,4,-0.400003,-0.372826,-0.000824023,-0.216997,-0.0271762
1.61,5,-3.06641e-06,0.000121442,-0.003414,0.000401658,-0.000124509
1.62,0,0.558903,0.3481,0.000315089,8.43119,0.210804
1.62,1,-0.879846,-0.756576,-2.90692e-05,-4.93069,-0.123269
1.62,2,1.27984,1.30911,-0.00134137,-0.875284,-0.0292655
1.62,3,-3.02306e-06,-0.00616281,-0.0201878,0.0737106,0.00615979
1.62,4,-0.400003,-0.372834,-0.000718001,-0.216989,-0.0271685
1.62,5,-3.09401e-06,9.00051e-05,-0.00292332,0.0004115,-9.30991e-05
1.63,0,0.563889,0.348103,0.000309078,8.63052,0.215786
1.63,1,-0.880558,-0.756577,-2.86323e-05,-4.95917,-0.123981
1.63,2,1.28055,1.30909,-0.00131489,-0.853572,-0.0285401
1.63,3,-3.05003e-06,-0.00636253,-0.0197945,0.0754715,0.00635948
1.63,4,-0.400003,-0.372841,-0.000610121,-0.216991,-0.027162
1.63,5,-3.12161e-06,6.34109e-05,-0.0024469,0.000401406,-6.65325e-05
1.64,0,0.568875,0.348106,0.00030322,8.82984,0.220769
1.64,1,-0.88127,-0.756577,-2.82078e-05,-4.98765,-0.124693
1.64,2,1.28126,1.30908,-0.00128911,-0.831867,-0.0278148
1.64,3,-3.077e-06,-0.00655835,-0.0194114,0.0771996,0.00655527
1.64,4,-0.400003,-0.372846,-0.000505109,-0.216999,-0.0271565
1.64,5,-3.14921e-06,4.14312e-05,-0.00199952,0.000376954,-4.45804e-05
1.65,0,0.57386,0.348109,0.000297749,9.02917,0.225752
1.65,1,-0.881983,-0.756577,-2.78147e-05,-5.01613,-0.125405
1.65,2,1.28198,1.30907,-0.00126502,-0.810165,-0.0270898
1.65,3,-3.10396e-06,-0.00675047,-0.0190536,0.0789058,0.00674737
1.65,4,-0.400003,-0.372851,-0.000406431,-0.217013,-0.027152
1.65,5,-3.17681e-06,2.37172e-05,-0.00159115,0.000342873,-2.68941e-05
1.66,0,0.578846,0.348112,0.000292821,9.2285,0.230734
1.66,1,-0.882695,-0.756578,-2.74654e-05,-5.04461,-0.126117
1.66,2,1.28269,1.30905,-0.00124328,-0.788466,-0.0263651
1.66,3,-3.13093e-06,-0.0069392,-0.0187309,0.0805992,0.00693607
1.66,4,-0.400003,-0.372854,-0.00031645,-0.217029,-0.0271484
1.66,5,-3.20441e-06,9.84336e-06,-0.0012277,0.00030307,-1.30478e-05
1.67,0,0.583832,0.348115,0.000288528,9.42782,0.235717
1.67,1,-0.883407,-0.756578,-2.71673e-05,-5.07309,-0.126829
1.67,2,1.2834,1.30904,-0.00122428,-0.766768,-0.0256406
1.67,3,-3.1579e-06,-0.00712492,-0.0184491,0.0822871,0.00712177
1.67,4,-0.400003,-0.372857,-0.0002366,-0.217048,-0.0271458
1.67,5,-3.23201e-06,-6.56721e-07,-0.00091183,0.000260672,-2.57529e-06
1.68,0,0.588818,0.348117,0.000284908,9.62715,0.2407
1.68,1,-0.884119,-0.756578,-2.69234e-05,-5.10157,-0.127541
1.68,2,1.28411,1.30903,-0.00120818,-0.745069,-0.0249162
1.68,3,-3.18487e-06,-0.00730807,-0.0182108,0.0839753,0.00730488
1.68,4,-0.400003,-0.372859,-0.000167549,-0.217067,-0.0271438
1.68,5,-3.25961e-06,-8.26121e-06,-0.000643657,0.000218105,5.0016e-06
1.69,0,0.593803,0.34812,0.000281963,9.82648,0.245683
1.69,1,-0.884832,-0.756578,-2.67338e-05,-5.13005,-0.128253
1.69,2,1.28483,1.30902,-0.00119498,-0.723368,-0.0241919
1.69,3,-3.21184e-06,-0.00748907,-0.0180158,0.085668,0.00748586
1.69,4,-0.400003,-0.37286,-0.00010936,-0.217085,-0.0271425
1.69,5,-3.28721e-06,-1.34385e-05,-0.000421374,0.000177169,1.01513e-05
1.7,0,0.598789,0.348123,0.000279663,10.0258,0.250666
1.7,1,-0.885544,-0.756579,-2.65962e-05,-5.15854,-0.128965
1.7,2,1.28554,1.30901,-0.00118454,-0.701666,-0.0234678
1.7,3,-3.2388e-06,-0.00766835,-0.0178623,0.0873685,0.00766511
1.7,4,-0.400003,-0.372861,-6.16398e-05,-0.217103,-0.0271417
1.7,5,-3.31481e-06,-1.6631e-05,-0.000241822,0.000139128,1.33162e-05
1.71,0,0.603775,0.348126,0.00027796,10.2251,0.255649
1.71,1,-0.886256,-0.756579,-2.65067e-05,-5.18702,-0.129677
1.71,2,1.28625,1.30899,-0.00117666,-0.679961,-0.0227438
1.71,3,-3.26577e-06,-0.00784631,-0.017747,0.0890786,0.00784304
1.71,4,-0.400003,-0.372861,-2.36676e-05,-0.217119,-0.0271413
1.71,5,-3.34241e-06,-1.82444e-05,-0.000100957,0.000104797,1.4902e-05
1.72,0,0.608761,0.348129,0.000276794,10.4244,0.260632
1.72,1,-0.886969,-0.756579,-2.64602e-05,-5.2155,-0.130389
1.72,2,1.28696,1.30898,-0.00117108,-0.658254,-0.0220199
1.72,3,-3.29274e-06,-0.00802331,-0.0176661,0.0907998,0.00802001
1.72,4,-0.400003,-0.372862,5.49414e-06,-0.217133,-0.0271413
1.72,5,-3.37001e-06,-1.86408e-05,5.76118e-06,7.46257e-05,1.52708e-05
1.73,0,0.613746,0.348131,0.000276095,10.6238,0.265615
1.73,1,-0.887681,-0.756579,-2.64513e-05,-5.24398,-0.131101
1.73,2,1.28767,1.30897,-0.00116749,-0.636543,-0.0212959
1.73,3,-3.31971e-06,-0.00819966,-0.0176151,0.0925325,0.00819634
1.73,4,-0.400003,-0.372861,2.6906e-05,-0.217145,-0.0271415
1.73,5,-3.39761e-06,-1.81357e-05,8.30613e-05,4.87723e-05,1.47381e-05
1.74,0,0.618732,0.348134,0.000275795,10.8231,0.270598
1.74,1,-0.888393,-0.75658,-2.64745e-05,-5.27246,-0.131813
1.74,2,1.28839,1.30896,-0.0011656,-0.614831,-0.0205721
1.74,3,-3.34667e-06,-0.00837565,-0.0175895,0.0942768,0.00837231
1.74,4,-0.400003,-0.372861,4.16768e-05,-0.217155,-0.0271418
1.74,5,-3.42521e-06,-1.69975e-05,0.00013562,2.71755e-05,1.35723e-05
1.75,0,0.623718,0.348137,0.000275824,11.0224,0.275581
1.75,1,-0.889105,-0.75658,-2.65241e-05,-5.30094,-0.132525
1.75,2,1.2891,1.30895,-0.00116511,-0.593115,-0.0198482
1.75,3,-3.37364e-06,-0.00855151,-0.017585,0.0960324,0.00854814
1.75,4,-0.400003,-0.372861,5.09053e-05,-0.217164,-0.0271423
1.75,5,-3.45281e-06,-1.54489e-05,0.00016789,9.61329e-06,1.19961e-05
1.76,0,0.628704,0.34814,0.000276118,11.2217,0.280564
1.76,1,-0.889818,-0.75658,-2.65949e-05,-5.32942,-0.133237
1.76,2,1.28981,1.30894,-0.00116574,-0.571398,-0.0191243
1.76,3,-3.40061e-06,-0.00872742,-0.0175974,0.0977986,0.00872402
1.76,4,-0.400003,-0.37286,5.56378e-05,-0.217171,-0.0271429
1.76,5,-3.48041e-06,-1.36697e-05,0.000183974,-4.24557e-06,1.01893e-05
1.77,0,0.633689,0.348142,0.000276619,11.421,0.285547
1.77,1,-0.89053,-0.75658,-2.66824e-05,-5.3579,-0.133949
1.77,2,1.29052,1.30892,-0.00116726,-0.549678,-0.0184004
1.77,3,-3.42758e-06,-0.00890352,-0.017623,0.0995747,0.00890009
1.77,4,-0.400003,-0.372859,5.68376e-05,-0.217176,-0.0271435
1.77,5,-3.50801e-06,-1.18014e-05,0.000187554,-1.47993e-05,8.2934e-06
1.78,0,0.638675,0.348145,0.000277274,11.6204,0.29053
1.78,1,-0.891242,-0.756581,-2.67822e-05,-5.38638,-0.134661
1.78,2,1.29124,1.30891,-0.00116942,-0.527957,-0.0176765
1.78,3,-3.45454e-06,-0.00907994,-0.0176583,0.10136,0.00907648
1.78,4,-0.400003,-0.372859,5.53666e-05,-0.21718,-0.0271441
1.78,5,-3.53561e-06,-9.95079e-06,0.00018185,-2.24791e-05,6.41518e-06
1.79,0,0.643661,0.348148,0.000278038,11.8197,0.295513
1.79,1,-0.891954,-0.756581,-2.68907e-05,-5.41486,-0.135373
1.79,2,1.29195,1.3089,-0.00117205,-0.506233,-0.0169526
1.79,3,-3.48151e-06,-0.00925675,-0.0177005,0.103153,0.00925327
1.79,4,-0.400003,-0.372858,5.19752e-05,-0.217183,-0.0271446
1.79,5,-3.56321e-06,-8.19525e-06,0.000169608,-2.77223e-05,4.63204e-06
1.8,0,0.648647,0.348151,0.000278874,12.019,0.300496
1.8,1,-0.892667,-0.756581,-2.7005e-05,-5.44334,-0.136085
1.8,2,1.29266,1.30889,-0.00117498,-0.484509,-0.0162286
1.8,3,-3.50848e-06,-0.00943401,-0.0177473,0.104953,0.0094305
1.8,4,-0.400003,-0.372858,4.72997e-05,-0.217185,-0.0271451
1.8,5,-3.59081e-06,-6.58721e-06,0.000153116,-3.09527e-05,2.9964e-06
1.81,0,0.653632,0.348154,0.00027975,12.2183,0.305479
1.81,1,-0.893379,-0.756582,-2.71225e-05,-5.47182,-0.136797
1.81,2,1.29337,1.30888,-0.00117807,-0.462783,-0.0155046
1.81,3,-3.53545e-06,-0.00961175,-0.0177966,0.10676,0.00960822
1.81,4,-0.400003,-0.372857,4.18655e-05,-0.217186,-0.0271456
1.81,5,-3.61841e-06,-5.15864e-06,0.000134226,-3.25667e-05,1.54022e-06
1.82,0,0.658618,0.348156,0.000280643,12.4176,0.310462
1.82,1,-0.894091,-0.756582,-2.72413e-05,-5.5003,-0.137509
1.82,2,1.29408,1.30887,-0.00118123,-0.441056,-0.0147806
1.82,3,-3.56241e-06,-0.00978999,-0.0178469,0.108572,0.00978643
1.82,4,-0.400003,-0.372857,3.60933e-05,-0.217186,-0.027146
1.82,5,-3.64602e-06,-3.92518e-06,0.000114398,-3.29235e-05,2.79163e-07
1.83,0,0.663604,0.348159,0.000281533,12.6169,0.315445
1.83,1,-0.894804,-0.756582,-2.73598e-05,-5.52878,-0.138221
1.83,2,1.2948,1.30885,-0.00118437,-0.419328,-0.0140566
1.83,3,-3.58938e-06,-0.00996874,-0.0178969,0.11039,0.00996515
1.83,4,-0.400003,-0.372857,3.03091e-05,-0.217186,-0.0271464
1.83,5,-3.67362e-06,-2.88985e-06,9.47392e-05,-3.23406e-05,-7.83767e-07
1.84,0,0.66859,0.348162,0.000282406,12.8163,0.320428
1.84,1,-0.895516,-0.756582,-2.7477e-05,-5.55726,-0.138933
1.84,2,1.29551,1.30884,-0.00118744,-0.3976,-0.0133325
1.84,3,-3.61635e-06,-0.010148,-0.0179458,0.112211,0.0101444
1.84,4,-0.400003,-0.372856,2.47547e-05,-0.217186,-0.0271467
1.84,5,-3.70122e-06,-2.0463e-06,7.6054e-05,-3.10908e-05,-1.65491e-06
1.85,0,0.673575,0.348165,0.000283254,13.0156,0.325411
1.85,1,-0.896228,-0.756583,-2.75921e-05,-5.58573,-0.139645
1.85,2,1.29622,1.30883,-0.0011904,-0.37587,-0.0126084
1.85,3,-3.64332e-06,-0.0103277,-0.0179931,0.114036,0.0103241
1.85,4,-0.400003,-0.372856,1.95995e-05,-0.217185,-0.0271469
1.85,5,-3.72882e-06,-1.3816e-06,5.88896e-05,-2.94029e-05,-2.34721e-06
1.86,0,0.678561,0.348168,0.000284069,13.2149,0.330393
1.86,1,-0.89694,-0.756583,-2.77046e-05,-5.61421,-0.140357
1.86,2,1.29693,1.30882,-0.00119321,-0.35414,-0.0118842
1.86,3,-3.67028e-06,-0.0105079,-0.0180382,0.115865,0.0105042
1.86,4,-0.400003,-0.372856,1.49521e-05,-0.217184,-0.0271471
1.86,5,-3.75642e-06,-8.7854e-07,4.35825e-05,-2.74641e-05,-2.87788e-06
1.87,0,0.683547,0.348171,0.00028485,13.4142,0.335376
1.87,1,-0.897653,-0.756583,-2.78143e-05,-5.64269,-0.141069
1.87,2,1.29765,1.30881,-0.00119587,-0.33241,-0.0111601
1.87,3,-3.69725e-06,-0.0106885,-0.0180812,0.117697,0.0106848
1.87,4,-0.400003,-0.372856,1.0872e-05,-0.217183,-0.0271472
1.87,5,-3.78402e-06,-5.17501e-07,3.02996e-05,-2.54225e-05,-3.26652e-06
1.88,0,0.688533,0.348173,0.000285596,13.6135,0.340359
1.88,1,-0.898365,-0.756583,-2.79211e-05,-5.67117,-0.141781
1.88,2,1.29836,1.30879,-0.00119838,-0.310679,-0.0104359
1.88,3,-3.72422e-06,-0.0108695,-0.0181218,0.119531,0.0108658
1.88,4,-0.400003,-0.372856,7.37906e-06,-0.217183,-0.0271474
1.88,5,-3.81162e-06,-2.77961e-07,1.90772e-05,-2.33914e-05,-3.53366e-06
1.89,0,0.693518,0.348176,0.000286306,13.8128,0.345342
1.89,1,-0.899077,-0.756584,-2.80251e-05,-5.69965,-0.142493
1.89,2,1.29907,1.30878,-0.00120074,-0.288948,-0.00971164
1.89,3,-3.75119e-06,-0.011051,-0.0181601,0.121368,0.0110472
1.89,4,-0.400003,-0.372856,4.46377e-06,-0.217182,-0.0271474
1.89,5,-3.83922e-06,-1.3961e-07,9.85377e-06,-2.14542e-05,-3.69961e-06
1.9,0,0.698504,0.348179,0.000286985,14.0121,0.350325
1.9,1,-0.899789,-0.756584,-2.81265e-05,-5.72813,-0.143205
1.9,2,1.29978,1.30877,-0.00120296,-0.267216,-0.0089874
1.9,3,-3.77815e-06,-0.0112328,-0.0181964,0.123208,0.011229
1.9,4,-0.400003,-0.372856,2.09476e-06,-0.217181,-0.0271475
1.9,5,-3.86682e-06,-8.3119e-08,2.49878e-06,-1.96681e-05,-3.7837e-06
1.91,0,0.70349,0.348182,0.000287633,14.2115,0.355308
1.91,1,-0.900502,-0.756584,-2.82255e-05,-5.75661,-0.143917
1.91,2,1.30049,1.30876,-0.00120505,-0.245484,-0.00826314
1.91,3,-3.80512e-06,-0.0114149,-0.0182307,0.12505,0.0114111
1.91,4,-0.400003,-0.372856,2.25995e-07,-0.21718,-0.0271475
1.91,5,-3.89442e-06,-9.05903e-08,-3.16438e-06,-1.80698e-05,-3.80383e-06
1.92,0,0.708476,0.348185,0.000288256,14.4108,0.360291
1.92,1,-0.901214,-0.756585,-2.83224e-05,-5.78509,-0.144629
1.92,2,1.30121,1.30875,-0.00120703,-0.223752,-0.00753886
1.92,3,-3.83209e-06,-0.0115974,-0.0182634,0.126894,0.0115936
1.92,4,-0.400003,-0.372856,-1.19748e-06,-0.21718,-0.0271475
1.92,5,-3.92202e-06,-1.46255e-07,-7.33817e-06,-1.66774e-05,-3.77576e-06
1.93,0,0.713461,0.348188,0.000288857,14.6101,0.365274
1.93,1,-0.901926,-0.756585,-2.84175e-05,-5.81357,-0.145341
1.93,2,1.30192,1.30873,-0.00120892,-0.202019,-0.00681455
1.93,3,-3.85906e-06,-0.0117802,-0.0182946,0.12874,0.0117764
1.93,4,-0.400003,-0.372856,-2.23489e-06,-0.217179,-0.0271475
1.93,5,-3.94962e-06,-2.36485e-07,-1.02336e-05,-1.54956e-05,-3.71314e-06
1.94,0,0.718447,0.348191,0.000289438,14.8094,0.370257
1.94,1,-0.902639,-0.756585,-2.85111e-05,-5.84205,-0.146053
1.94,2,1.30263,1.30872,-0.00121072,-0.180286,-0.00609023
1.94,3,-3.88602e-06,-0.0119633,-0.0183247,0.130589,0.0119594
1.94,4,-0.400003,-0.372856,-2.9462e-06,-0.217179,-0.0271475
1.94,5,-3.97722e-06,-3.49646e-07,-1.20603e-05,-1.45198e-05,-3.62757e-06
1.95,0,0.723433,0.348194,0.000290005,15.0087,0.375239
1.95,1,-0.903351,-0.756585,-2.86034e-05,-5.87053,-0.146765
1.95,2,1.30334,1.30871,-0.00121245,-0.158552,-0.00536589
1.95,3,-3.91299e-06,-0.0121467,-0.0183537,0.13244,0.0121428
1.95,4,-0.400003,-0.372856,-3.38941e-06,-0.217179,-0.0271475
1.95,5,-4.00482e-06,-4.76153e-07,-1.30186e-05,-1.37378e-05,-3.52867e-06
1.96,0,0.728419,0.348196,0.00029056,15.208,0.380222
1.96,1,-0.904063,-0.756586,-2.86948e-05,-5.89901,-0.147477
1.96,2,1.30406,1.3087,-0.00121413,-0.136818,-0.00464154
1.96,3,-3.93996e-06,-0.0123304,-0.0183819,0.134294,0.0123265
1.96,4,-0.400003,-0.372856,-3.61864e-06,-0.217178,-0.0271475
1.96,5,-4.03242e-06,-6.08344e-07,-1.32931e-05,-1.31324e-05,-3.42408e-06
1.97,0,0.733404,0.348199,0.000291106,15.4073,0.385205
1.97,1,-0.904775,-0.756586,-2.87855e-05,-5.92749,-0.148189
1.97,2,1.30477,1.30869,-0.00121577,-0.115083,-0.00391716
1.97,3,-3.96693e-06,-0.0125144,-0.0184096,0.13615,0.0125104
1.97,4,-0.400003,-0.372856,-3.68284e-06,-0.217178,-0.0271475
1.97,5,-4.06002e-06,-7.40305e-07,-1.30491e-05,-1.26839e-05,-3.31972e-06
1.98,0,0.73839,0.348202,0.000291646,15.6066,0.390188
1.98,1,-0.905488,-0.756586,-2.88757e-05,-5.95597,-0.148901
1.98,2,1.30548,1.30867,-0.00121739,-0.0933485,-0.00319278
1.98,3,-3.99389e-06,-0.0126986,-0.0184368,0.138009,0.0126947
1.98,4,-0.400003,-0.372856,-3.62512e-06,-0.217178,-0.0271475
1.98,5,-4.08762e-06,-8.67656e-07,-1.24302e-05,-1.23708e-05,-3.21997e-06
1.99,0,0.743376,0.348205,0.000292183,15.806,0.395171
1.99,1,-0.9062,-0.756587,-2.89655e-05,-5.98445,-0.149613
1.99,2,1.30619,1.30866,-0.00121898,-0.0716131,-0.00246837
1.99,3,-4.02086e-06,-0.0128832,-0.0184638,0.13987,0.0128791
1.99,4,-0.400003,-0.372856,-3.48245e-06,-0.217178,-0.0271475
1.99,5,-4.11522e-06,-9.87337e-07,-1.15585e-05,-1.21719e-05,-3.12789e-06
2,0,0.748362,0.348208,0.000292717,16.0053,0.400154
2,1,-0.906912,-0.756587,-2.90552e-05,-6.01292,-0.150325
2,2,1.3069,1.30865,-0.00122057,-0.0498774,-0.00174395
2,3,-4.04783e-06,-0.0130679,-0.0184906,0.141733,0.0130639
2,4,-0.400003,-0.372856,-3.28576e-06,-0.217178,-0.0271475
2,5,-4.14282e-06,-1.09739e-06,-1.05348e-05,-1.20667e-05,-3.04543e-06
2.01,0,0.753347,0.348211,0.00029325,16.2046,0.405136
2.01,1,-0.907624,-0.756587,-2.91447e-05,-6.0414,-0.151037
2.01,2,1.30762,1.30864,-0.00122215,-0.0281411,-0.00101951
2.01,3,-4.0748e-06,-0.013253,-0.0185174,0.1436,0.0132489
2.01,4,-0.400003,-0.372856,-3.06017e-06,-0.217178,-0.0271475
2.01,5,-4.17042e-06,-1.19676e-06,-9.43996e-06,-1.20363e-05,-2.97366e-06
2.02,0,0.758333,0.348214,0.000293784,16.4039,0.410119
2.02,1,-0.908337,-0.756587,-2.92344e-05,-6.06988,-0.151749
2.02,2,1.30833,1.30862,-0.00122373,-0.00640438,-0.000295061
2.02,3,-4.10176e-06,-0.0134383,-0.0185441,0.145469,0.0134342
2.02,4,-0.400003,-0.372856,-2.82549e-06,-0.217178,-0.0271475
2.02,5,-4.19802e-06,-1.28509e-06,-8.33692e-06,-1.20636e-05,-2.91293e-06
2.03,0,0.763319,0.348217,0.00029432,16.6032,0.415102
2.03,1,-0.909049,-0.756588,-2.93241e-05,-6.09836,-0.152461
2.03,2,1.30904,1.30861,-0.00122531,0.0153328,0.000429407
2.03,3,-4.12873e-06,-0.0136239,-0.0185709,0.14734,0.0136198
2.03,4,-0.400003,-0.372856,-2.59677e-06,-0.217178,-0.0271474
2.03,5,-4.22562e-06,-1.36257e-06,-7.27251e-06,-1.21335e-05,-2.86305e-06
2.04,0,0.768305,0.34822,0.000294858,16.8025,0.420085
2.04,1,-0.909761,-0.756588,-2.9414e-05,-6.12684,-0.153173
2.04,2,1.30975,1.3086,-0.0012269,0.0370705,0.00115389
2.04,3,-4.1557e-06,-0.0138098,-0.0185979,0.149215,0.0138056
2.04,4,-0.400003,-0.372856,-2.38492e-06,-0.217178,-0.0271474
2.04,5,-4.25322e-06,-1.42978e-06,-6.27988e-06,-1.22333e-05,-2.82344e-06
2.05,0,0.77329,0.348223,0.000295399,17.0018,0.425068
2.05,1,-0.910474,-0.756588,-2.95042e-05,-6.15532,-0.153885
2.05,2,1.31047,1.30859,-0.0012285,0.0588087,0.00187839
2.05,3,-4.18267e-06,-0.0139959,-0.018625,0.151092,0.0139917
2.05,4,-0.400004,-0.372856,-2.19732e-06,-0.217178,-0.0271474
2.05,5,-4.28082e-06,-1.48756e-06,-5.3806e-06,-1.23521e-05,-2.79326e-06
2.06,0,0.778276,0.348226,0.000295943,17.2011,0.43005
2.06,1,-0.911186,-0.756589,-2.95945e-05,-6.1838,-0.154597
2.06,2,1.31118,1.30857,-0.00123011,0.0805474,0.00260291
2.06,3,-4.20963e-06,-0.0141823,-0.0186522,0.152972,0.0141781
2.06,4,-0.400004,-0.372856,-2.03847e-06,-0.217179,-0.0271474
2.06,5,-4.30843e-06,-1.53693e-06,-4.58685e-06,-1.24814e-05,-2.7715e-06
2.07,0,0.783262,0.348229,0.00029649,17.4004,0.435033
2.07,1,-0.911898,-0.756589,-2.96851e-05,-6.21228,-0.155309
2.07,2,1.31189,1.30856,-0.00123173,0.102287,0.00332744
2.07,3,-4.2366e-06,-0.014369,-0.0186796,0.154855,0.0143647
2.07,4,-0.400004,-0.372856,-1.91051e-06,-0.217179,-0.0271474
2.07,5,-4.33603e-06,-1.57896e-06,-3.90332e-06,-1.26143e-05,-2.75707e-06
2.08,0,0.788248,0.348232,0.00029704,17.5998,0.440016
2.08,1,-0.91261,-0.756589,-2.97759e-05,-6.24076,-0.156021
2.08,2,1.3126,1.30855,-0.00123336,0.124026,0.00405199
2.08,3,-4.26357e-06,-0.0145559,-0.0187072,0.156741,0.0145517
2.08,4,-0.400004,-0.372856,-1.81377e-06,-0.217179,-0.0271475
2.08,5,-4.36363e-06,-1.61476e-06,-3.32896e-06,-1.27456e-05,-2.74887e-06
2.09,0,0.793233,0.348235,0.000297594,17.7991,0.444999
2.09,1,-0.913323,-0.75659,-2.9867e-05,-6.26923,-0.156733
2.09,2,1.31331,1.30854,-0.001235,0.145767,0.00477655
2.09,3,-4.29054e-06,-0.0147431,-0.018735,0.15863,0.0147389
2.09,4,-0.400004,-0.372856,-1.74722e-06,-0.217179,-0.0271475
2.09,5,-4.39123e-06,-1.6454e-06,-2.85858e-06,-1.28716e-05,-2.74583e-06
2.1,0,0.798219,0.348238,0.00029815,17.9984,0.449982
2.1,1,-0.914035,-0.75659,-2.99583e-05,-6.29771,-0.157445
2.1,2,1.31403,1.30853,-0.00123666,0.167507,0.00550113
2.1,3,-4.3175e-06,-0.0149306,-0.0187629,0.160521,0.0149263
2.1,4,-0.400004,-0.372856,-1.70888e-06,-0.217179,-0.0271475
2.1,5,-4.41883e-06,-1.67186e-06,-2.48405e-06,-1.29896e-05,-2.74697e-06
2.11,0,0.803205,0.348241,0.00029871,18.1977,0.454964
2.11,1,-0.914747,-0.75659,-3.00498e-05,-6.32619,-0.158157
2.11,2,1.31474,1.30851,-0.00123832,0.189249,0.00622573
2.11,3,-4.34447e-06,-0.0151184,-0.018791,0.162415,0.0151141
2.11,4,-0.400004,-0.372856,-1.69612e-06,-0.217179,-0.0271475
2.11,5,-4.44643e-06,-1.69506e-06,-2.1955e-06,-1.30982e-05,-2.75136e-06
2.12,0,0.808191,0.348244,0.000299272,18.397,0.459947
2.12,1,-0.915459,-0.75659,-3.01415e-05,-6.35467,-0.158869
2.12,2,1.31545,1.3085,-0.00123999,0.21099,0.00695035
2.12,3,-4.37144e-06,-0.0153065,-0.0188192,0.164313,0.0153021
2.12,4,-0.400004,-0.372856,-1.70599e-06,-0.217179,-0.0271475
2.12,5,-4.47403e-06,-1.7158e-06,-1.9821e-06,-1.31965e-05,-2.75823e-06
2.13,0,0.813177,0.348247,0.000299837,18.5963,0.46493
2.13,1,-0.916172,-0.756591,-3.02334e-05,-6.38315,-0.159581
2.13,2,1.31616,1.30849,-0.00124167,0.232733,0.00767498
2.13,3,-4.39841e-06,-0.0154948,-0.0188476,0.166213,0.0154904
2.13,4,-0.400004,-0.372856,-1.73537e-06,-0.217179,-0.0271475
2.13,5,-4.50163e-06,-1.73477e-06,-1.83278e-06,-1.32845e-05,-2.76686e-06
2.14,0,0.818162,0.34825,0.000300405,18.7956,0.469913
2.14,1,-0.916884,-0.756591,-3.03255e-05,-6.41163,-0.160293
2.14,2,1.31688,1.30848,-0.00124336,0.254475,0.00839963
2.14,3,-4.42537e-06,-0.0156835,-0.0188761,0.168116,0.015679
2.14,4,-0.400004,-0.372856,-1.78118e-06,-0.217179,-0.0271475
2.14,5,-4.52923e-06,-1.75255e-06,-1.73676e-06,-1.33624e-05,-2.77668e-06
2.15,0,0.823148,0.348253,0.000300974,18.9949,0.474895
2.15,1,-0.917596,-0.756591,-3.04178e-05,-6.44011,-0.161005
2.15,2,1.31759,1.30846,-0.00124505,0.276219,0.00912429
2.15,3,-4.45234e-06,-0.0158724,-0.0189047,0.170022,0.0158679
2.15,4,-0.400004,-0.372856,-1.84047e-06,-0.217179,-0.0271475
2.15,5,-4.55683e-06,-1.76961e-06,-1.68392e-06,-1.34309e-05,-2.78722e-06
2.16,0,0.828134,0.348256,0.000301546,19.1942,0.479878
2.16,1,-0.918309,-0.756592,-3.05102e-05,-6.46858,-0.161717
2.16,2,1.3183,1.30845,-0.00124675,0.297963,0.00984897
2.16,3,-4.47931e-06,-0.0160616,-0.0189334,0.171931,0.0160571
2.16,4,-0.400004,-0.372856,-1.91053e-06,-0.217179,-0.0271475
2.16,5,-4.58443e-06,-1.78633e-06,-1.66499e-06,-1.3491e-05,-2.7981e-06
2.17,0,0.83312,0.348259,0.00030212,19.3935,0.484861
2.17,1,-0.919021,-0.756592,-3.06028e-05,-6.49706,-0.162429
2.17,2,1.31901,1.30844,-0.00124846,0.319707,0.0105737
2.17,3,-4.50628e-06,-0.0162511,-0.0189621,0.173843,0.0162466
2.17,4,-0.400004,-0.372856,-1.98894e-06,-0.217179,-0.0271475
2.17,5,-4.61203e-06,-1.80302e-06,-1.67178e-06,-1.35435e-05,-2.80901e-06
2.18,0,0.838105,0.348262,0.000302695,19.5928,0.489844
2.18,1,-0.919733,-0.756592,-3.06955e-05,-6.52554,-0.163141
2.18,2,1.31972,1.30843,-0.00125017,0.341452,0.0112984
2.18,3,-4.53325e-06,-0.0164409,-0.018991,0.175758,0.0164363
2.18,4,-0.400004,-0.372856,-2.07358e-06,-0.217179,-0.0271475
2.18,5,-4.63963e-06,-1.81988e-06,-1.69718e-06,-1.35896e-05,-2.81975e-06
2.19,0,0.843091,0.348265,0.000303273,19.7921,0.494826
2.19,1,-0.920445,-0.756593,-3.07883e-05,-6.55402,-0.163853
2.19,2,1.32044,1.30841,-0.00125189,0.363197,0.0120231
2.19,3,-4.56021e-06,-0.0166309,-0.01902,0.177676,0.0166264
2.19,4,-0.400004,-0.372856,-2.16262e-06,-0.217179,-0.0271475
2.19,5,-4.66723e-06,-1.83707e-06,-1.73518e-06,-1.36303e-05,-2.83016e-06
2.2,0,0.848077,0.348268,0.000303852,19.9915,0.499809
2.2,1,-0.921158,-0.756593,-3.08812e-05,-6.5825,-0.164565
2.2,2,1.32115,1.3084,-0.00125361,0.384943,0.0127479
2.2,3,-4.58718e-06,-0.0168213,-0.019049,0.179596,0.0168167
2.2,4,-0.400004,-0.372856,-2.25458e-06,-0.217179,-0.0271475
2.2,5,-4.69483e-06,-1.85468e-06,-1.78084e-06,-1.36665e-05,-2.84015e-06
2.21,0,0.853063,0.348271,0.000304433,20.1908,0.504792
2.21,1,-0.92187,-0.756593,-3.09742e-05,-6.61098,-0.165277
2.21,2,1.32186,1.30839,-0.00125533,0.40669,0.0134726
2.21,3,-4.61415e-06,-0.0170119,-0.0190781,0.18152,0.0170073
2.21,4,-0.400004,-0.372856,-2.34824e-06,-0.217179,-0.0271475
2.21,5,-4.72243e-06,-1.87278e-06,-1.8302e-06,-1.36992e-05,-2.84965e-06
2.22,0,0.858048,0.348274,0.000305015,20.3901,0.509774
2.22,1,-0.922582,-0.756594,-3.10674e-05,-6.63945,-0.165989
2.22,2,1.32257,1.30838,-0.00125706,0.428437,0.0141974
2.22,3,-4.64112e-06,-0.0172029,-0.0191072,0.183447,0.0171982
2.22,4,-0.400004,-0.372856,-2.44264e-06,-0.217179,-0.0271475
2.22,5,-4.75003e-06,-1.89137e-06,-1.88019e-06,-1.37292e-05,-2.85866e-06
2.23,0,0.863034,0.348277,0.000305599,20.5894,0.514757
2.23,1,-0.923294,-0.756594,-3.11607e-05,-6.66793,-0.166701
2.23,2,1.32329,1.30836,-0.00125879,0.450184,0.0149222
2.23,3,-4.66808e-06,-0.0173941,-0.0191365,0.185376,0.0173895
2.23,4,-0.400004,-0.372856,-2.53708e-06,-0.217179,-0.0271475
2.23,5,-4.77763e-06,-1.91046e-06,-1.92853e-06,-1.37573e-05,-2.86717e-06
2.24,0,0.86802,0.34828,0.000306184,20.7887,0.51974
2.24,1,-0.924007,-0.756594,-3.1254e-05,-6.69641,-0.167413
2.24,2,1.324,1.30835,-0.00126053,0.471932,0.015647
2.24,3,-4.69505e-06,-0.0175856,-0.0191658,0.187309,0.017581
2.24,4,-0.400004,-0.372856,-2.63104e-06,-0.217179,-0.0271475
2.24,5,-4.80523e-06,-1.93002e-06,-1.97359e-06,-1.3784e-05,-2.87522e-06
2.25,0,0.873006,0.348283,0.000306771,20.988,0.524723
2.25,1,-0.924719,-0.756594,-3.13475e-05,-6.72489,-0.168125
2.25,2,1.32471,1.30834,-0.00126226,0.493681,0.0163719
2.25,3,-4.72202e-06,-0.0177775,-0.0191951,0.189245,0.0177727
2.25,4,-0.400004,-0.372856,-2.72417e-06,-0.217179,-0.0271475
2.25,5,-4.83283e-06,-1.95e-06,-2.01431e-06,-1.38099e-05,-2.88284e-06
2.26,0,0.877991,0.348286,0.000307359,21.1873,0.529705
2.26,1,-0.925431,-0.756595,-3.1441e-05,-6.75337,-0.168837
2.26,2,1.32542,1.30833,-0.001264,0.51543,0.0170967
2.26,3,-4.74899e-06,-0.0179696,-0.0192245,0.191183,0.0179648
2.26,4,-0.400004,-0.372857,-2.81627e-06,-0.217178,-0.0271475
2.26,5,-4.86043e-06,-1.97036e-06,-2.05009e-06,-1.38353e-05,-2.89007e-06
2.27,0,0.882977,0.348289,0.000307949,21.3866,0.534688
2.27,1,-0.926144,-0.756595,-3.15347e-05,-6.78184,-0.169548
2.27,2,1.32613,1.30831,-0.00126575,0.53718,0.0178216
2.27,3,-4.77595e-06,-0.018162,-0.019254,0.193124,0.0181572
2.27,4,-0.400004,-0.372857,-2.90724e-06,-0.217178,-0.0271475
2.27,5,-4.88803e-06,-1.99105e-06,-2.0807e-06,-1.38607e-05,-2.89698e-06
2.28,0,0.887963,0.348292,0.00030854,21.5859,0.539671
2.28,1,-0.926856,-0.756595,-3.16284e-05,-6.81032,-0.17026
2.28,2,1.32685,1.3083,-0.0012675,0.55893,0.0185465
2.28,3,-4.80292e-06,-0.0183547,-0.0192835,0.195069,0.0183499
2.28,4,-0.400004,-0.372857,-2.99708e-06,-0.217178,-0.0271475
2.28,5,-4.91563e-06,-2.01202e-06,-2.10615e-06,-1.38862e-05,-2.90362e-06
2.29,0,0.892949,0.348295,0.000309133,21.7852,0.544653
2.29,1,-0.927568,-0.756596,-3.17223e-05,-6.8388,-0.170972
2.29,2,1.32756,1.30829,-0.00126925,0.580681,0.0192714
2.29,3,-4.82989e-06,-0.0185477,-0.0193131,0.197016,0.0185429
2.29,4,-0.400004,-0.372857,-3.08584e-06,-0.217178,-0.0271475
2.29,5,-4.94323e-06,-2.03322e-06,-2.12669e-06,-1.39121e-05,-2.91002e-06
2.3,0,0.897934,0.348298,0.000309727,21.9845,0.549636
2.3,1,-0.92828,-0.756596,-3.18163e-05,-6.86728,-0.171684
2.3,2,1.32827,1.30827,-0.001271,0.602432,0.0199963
2.3,3,-4.85686e-06,-0.018741,-0.0193427,0.198967,0.0187361
2.3,4,-0.400004,-0.372857,-3.17363e-06,-0.217178,-0.0271475
2.3,5,-4.97084e-06,-2.05459e-06,-2.1427e-06,-1.39384e-05,-2.91624e-06
2.31,0,0.90292,0.348302,0.000310323,22.1838,0.554619
2.31,1,-0.928993,-0.756596,-3.19103e-05,-6.89576,-0.172396
2.31,2,1.32898,1.30826,-0.00127276,0.624184,0.0207213
2.31,3,-4.88382e-06,-0.0189346,-0.0193724,0.20092,0.0189297
2.31,4,-0.400004,-0.372857,-3.26058e-06,-0.217178,-0.0271474
2.31,5,-4.99844e-06,-2.07611e-06,-2.15463e-06,-1.39653e-05,-2.92233e-06
2.32,0,0.907906,0.348305,0.00031092,22.3831,0.559601
2.32,1,-0.929705,-0.756597,-3.20045e-05,-6.92423,-0.173108
2.32,2,1.3297,1.30825,-0.00127452,0.645936,0.0214462
2.32,3,-4.91079e-06,-0.0191285,-0.0194022,0.202877,0.0191235
2.32,4,-0.400004,-0.372857,-3.34683e-06,-0.217178,-0.0271474
2.32,5,-5.02604e-06,-2.09772e-06,-2.16299e-06,-1.39927e-05,-2.92832e-06
2.33,0,0.912892,0.348308,0.000311519,22.5824,0.564584
2.33,1,-0.930417,-0.756597,-3.20988e-05,-6.95271,-0.17382
2.33,2,1.33041,1.30824,-0.00127629,0.667689,0.0221712
2.33,3,-4.93776e-06,-0.0193226,-0.019432,0.204836,0.0193177
2.33,4,-0.400004,-0.372857,-3.43253e-06,-0.217178,-0.0271474
2.33,5,-5.05364e-06,-2.1194e-06,-2.16831e-06,-1.40207e-05,-2.93424e-06
2.34,0,0.917877,0.348311,0.00031212,22.7817,0.569566
2.34,1,-0.931129,-0.756597,-3.21931e-05,-6.98119,-0.174532
2.34,2,1.33112,1.30822,-0.00127806,0.689442,0.0228962
2.34,3,-4.96473e-06,-0.0195171,-0.0194619,0.206799,0.0195122
2.34,4,-0.400004,-0.372857,-3.51785e-06,-0.217178,-0.0271474
2.34,5,-5.08124e-06,-2.14112e-06,-2.17108e-06,-1.40493e-05,-2.94012e-06
2.35,0,0.922863,0.348314,0.000312722,22.981,0.574549
2.35,1,-0.931842,-0.756598,-3.22876e-05,-7.00967,-0.175244
2.35,2,1.33183,1.30821,-0.00127983,0.711196,0.0236212
2.35,3,-4.99169e-06,-0.0197119,-0.0194918,0.208764,0.0197069
2.35,4,-0.400004,-0.372857,-3.60291e-06,-0.217177,-0.0271474
2.35,5,-5.10884e-06,-2.16286e-06,-2.1718e-06,-1.40784e-05,-2.94598e-06
2.36,0,0.927849,0.348317,0.000313325,23.1803,0.579532
2.36,1,-0.932554,-0.756598,-3.23822e-05,-7.03815,-0.175956
2.36,2,1.33254,1.3082,-0.00128161,0.732951,0.0243462
2.36,3,-5.01866e-06,-0.019907,-0.0195219,0.210733,0.019902
2.36,4,-0.400004,-0.372857,-3.68786e-06,-0.217177,-0.0271474
2.36,5,-5.13644e-06,-2.18459e-06,-2.1709e-06,-1.4108e-05,-2.95185e-06
2.37,0,0.932835,0.34832,0.00031393,23.3796,0.584514
2.37,1,-0.933266,-0.756598,-3.24769e-05,-7.06662,-0.176668
2.37,2,1.33326,1.30819,-0.00128339,0.754706,0.0250713
2.37,3,-5.04563e-06,-0.0201024,-0.0195519,0.212704,0.0200973
2.37,4,-0.400004,-0.372857,-3.77281e-06,-0.217177,-0.0271474
2.37,5,-5.16404e-06,-2.20631e-06,-2.16876e-06,-1.4138e-05,-2.95773e-06
2.38,0,0.93782,0.348323,0.000314537,23.5789,0.589497
2.38,1,-0.933979,-0.756599,-3.25717e-05,-7.0951,-0.17738
2.38,2,1.33397,1.30817,-0.00128517,0.776461,0.0257964
2.38,3,-5.0726e-06,-0.0202981,-0.0195821,0.214679,0.020293
2.38,4,-0.400004,-0.372857,-3.85787e-06,-0.217177,-0.0271474
2.38,5,-5.19164e-06,-2.228e-06,-2.16572e-06,-1.41685e-05,-2.96364e-06
2.39,0,0.942806,0.348327,0.000315145,23.7782,0.59448
2.39,1,-0.934691,-0.756599,-3.26666e-05,-7.12358,-0.178092
2.39,2,1.33468,1.30816,-0.00128696,0.798217,0.0265214
2.39,3,-5.09956e-06,-0.020494,-0.0196123,0.216657,0.020489
2.39,4,-0.400004,-0.372857,-3.94312e-06,-0.217177,-0.0271473
2.39,5,-5.21924e-06,-2.24966e-06,-2.16207e-06,-1.41993e-05,-2.96958e-06
2.4,0,0.947792,0.34833,0.000315755,23.9775,0.599462
2.4,1,-0.935403,-0.756599,-3.27616e-05,-7.15206,-0.178804
2.4,2,1.33539,1.30815,-0.00128875,0.819974,0.0272465
2.4,3,-5.12653e-06,-0.0206903,-0.0196426,0.218638,0.0206852
2.4,4,-0.400004,-0.372857,-4.02864e-06,-0.217177,-0.0271473
2.4,5,-5.24684e-06,-2.27128e-06,-2.15805e-06,-1.42304e-05,-2.97556e-06
2.41,0,0.952778,0.348333,0.000316366,24.1768,0.604445
2.41,1,-0.936115,-0.7566,-3.28568e-05,-7.18053,-0.179516
2.41,2,1.33611,1.30813,-0.00129054,0.841731,0.0279717
2.41,3,-5.1535e-06,-0.0208869,-0.0196729,0.220622,0.0208818
2.41,4,-0.400004,-0.372857,-4.11448e-06,-0.217176,-0.0271473
2.41,5,-5.27444e-06,-2.29285e-06,-2.15383e-06,-1.42618e-05,-2.98159e-06
2.42,0,0.957763,0.348336,0.00031698,24.3761,0.609427
2.42,1,-0.936828,-0.7566,-3.2952e-05,-7.20901,-0.180228
2.42,2,1.33682,1.30812,-0.00129234,0.863489,0.0286968
2.42,3,-5.18047e-06,-0.0210838,-0.0197033,0.222608,0.0210786
2.42,4,-0.400004,-0.372857,-4.20071e-06,-0.217176,-0.0271473
2.42,5,-5.30204e-06,-2.31439e-06,-2.14958e-06,-1.42934e-05,-2.98765e-06
2.43,0,0.962749,0.348339,0.000317594,24.5754,0.61441
2.43,1,-0.93754,-0.7566,-3.30474e-05,-7.23749,-0.18094
2.43,2,1.33753,1.30811,-0.00129414,0.885247,0.029422
2.43,3,-5.20743e-06,-0.021281,-0.0197338,0.224598,0.0212758
2.43,4,-0.400004,-0.372857,-4.28734e-06,-0.217176,-0.0271473
2.43,5,-5.32964e-06,-2.33588e-06,-2.14539e-06,-1.43252e-05,-2.99376e-06
2.44,0,0.967735,0.348342,0.000318211,24.7747,0.619393
2.44,1,-0.938252,-0.756601,-3.31429e-05,-7.26597,-0.181652
2.44,2,1.33824,1.3081,-0.00129595,0.907006,0.0301471
2.44,3,-5.2344e-06,-0.0214785,-0.0197643,0.226592,0.0214733
2.44,4,-0.400004,-0.372857,-4.37441e-06,-0.217176,-0.0271472
2.44,5,-5.35724e-06,-2.35733e-06,-2.14134e-06,-1.43571e-05,-2.99991e-06
2.45,0,0.972721,0.348346,0.000318829,24.974,0.624375
2.45,1,-0.938964,-0.756601,-3.32385e-05,-7.29444,-0.182364
2.45,2,1.33895,1.30808,-0.00129776,0.928765,0.0308723
2.45,3,-5.26137e-06,-0.0216763,-0.019795,0.228588,0.0216711
2.45,4,-0.400004,-0.372857,-4.46194e-06,-0.217176,-0.0271472
2.45,5,-5.38484e-06,-2.37875e-06,-2.1375e-06,-1.43892e-05,-3.00609e-06
2.46,0,0.977706,0.348349,0.000319449,25.1733,0.629358
2.46,1,-0.939677,-0.756601,-3.33342e-05,-7.32292,-0.183076
2.46,2,1.33967,1.30807,-0.00129957,0.950525,0.0315975
2.46,3,-5.28834e-06,-0.0218745,-0.0198256,0.230587,0.0218692
2.46,4,-0.400004,-0.372857,-4.54993e-06,-0.217175,-0.0271472
2.46,5,-5.41244e-06,-2.40012e-06,-2.13388e-06,-1.44214e-05,-3.01232e-06
2.47,0,0.982692,0.348352,0.00032007,25.3726,0.63434
2.47,1,-0.940389,-0.756602,-3.343e-05,-7.3514,-0.183787
2.47,2,1.34038,1.30806,-0.00130139,0.972286,0.0323228
2.47,3,-5.3153e-06,-0.0220729,-0.0198564,0.23259,0.0220676
2.47,4,-0.400004,-0.372857,-4.6384e-06,-0.217175,-0.0271472
2.47,5,-5.44004e-06,-2.42146e-06,-2.1305e-06,-1.44537e-05,-3.01858e-06
2.48,0,0.987678,0.348355,0.000320693,25.5719,0.639323
2.48,1,-0.941101,-0.756602,-3.35259e-05,-7.37987,-0.184499
2.48,2,1.34109,1.30804,-0.00130321,0.994047,0.033048
2.48,3,-5.34227e-06,-0.0222716,-0.0198872,0.234595,0.0222663
2.48,4,-0.400004,-0.372857,-4.72735e-06,-0.217175,-0.0271472
2.48,5,-5.46764e-06,-2.44277e-06,-2.12736e-06,-1.44861e-05,-3.02487e-06
2.49,0,0.992664,0.348358,0.000321318,25.7712,0.644305
2.49,1,-0.941814,-0.756602,-3.36219e-05,-7.40835,-0.185211
2.49,2,1.3418,1.30803,-0.00130503,1.01581,0.0337733
2.49,3,-5.36924e-06,-0.0224707,-0.0199181,0.236604,0.0224653
2.49,4,-0.400005,-0.372857,-4.81677e-06,-0.217175,-0.0271471
2.49,5,-5.49524e-06,-2.46405e-06,-2.12445e-06,-1.45186e-05,-3.03119e-06
2.5,0,0.997649,0.348362,0.000321945,25.9705,0.649288
2.5,1,-0.942526,-0.756603,-3.37181e-05,-7.43683,-0.185923
2.5,2,1.34252,1.30802,-0.00130686,1.03757,0.0344986
2.5,3,-5.39621e-06,-0.02267,-0.019949,0.238616,0.0226646
2.5,4,-0.400005,-0.372857,-4.90667e-06,-0.217174,-0.0271471
2.5,5,-5.52284e-06,-2.4853e-06,-2.12176e-06,-1.45512e-05,-3.03754e-06
2.51,0,1.00264,0.348365,0.000322573,26.1698,0.65427
2.51,1,-0.943238,-0.756603,-3.38144e-05,-7.46531,-0.186635
2.51,2,1.34323,1.308,-0.0013087,1.05933,0.0352239
2.51,3,-5.42317e-06,-0.0228697,-0.0199801,0.240631,0.0228643
2.51,4,-0.400005,-0.372857,-4.99704e-06,-0.217174,-0.0271471
2.51,5,-5.55044e-06,-2.50653e-06,-2.11925e-06,-1.45838e-05,-3.04392e-06
2.52,0,1.00762,0.348368,0.000323203,26.3691,0.659253
2.52,1,-0.94395,-0.756603,-3.39108e-05,-7.49378,-0.187347
2.52,2,1.34394,1.30799,-0.00131053,1.0811,0.0359492
2.52,3,-5.45014e-06,-0.0230696,-0.0200112,0.242649,0.0230642
2.52,4,-0.400005,-0.372858,-5.08787e-06,-0.217174,-0.027147
2.52,5,-5.57804e-06,-2.52773e-06,-2.11691e-06,-1.46165e-05,-3.05031e-06
2.53,0,1.01261,0.348371,0.000323834,26.5684,0.664235
2.53,1,-0.944663,-0.756604,-3.40073e-05,-7.52226,-0.188059
2.53,2,1.34465,1.30798,-0.00131237,1.10286,0.0366745
2.53,3,-5.47711e-06,-0.0232699,-0.0200423,0.24467,0.0232645
2.53,4,-0.400005,-0.372858,-5.17916e-06,-0.217174,-0.027147
2.53,5,-5.60564e-06,-2.54891e-06,-2.11471e-06,-1.46493e-05,-3.05674e-06
2.54,0,1.01759,0.348375,0.000324467,26.7677,0.669218
2.54,1,-0.945375,-0.756604,-3.41039e-05,-7.55074,-0.188771
2.54,2,1.34536,1.30796,-0.00131422,1.12462,0.0373999
2.54,3,-5.50408e-06,-0.0234705,-0.0200736,0.246694,0.023465
2.54,4,-0.400005,-0.372858,-5.2709e-06,-0.217173,-0.027147
2.54,5,-5.63325e-06,-2.57007e-06,-2.11263e-06,-1.46821e-05,-3.06318e-06
2.55,0,1.02258,0.348378,0.000325102,26.967,0.6742
2.55,1,-0.946087,-0.756604,-3.42006e-05,-7.57921,-0.189483
2.55,2,1.34608,1.30795,-0.00131607,1.14639,0.0381252
2.55,3,-5.53104e-06,-0.0236714,-0.0201049,0.248722,0.0236659
2.55,4,-0.400005,-0.372858,-5.36309e-06,-0.217173,-0.027147
2.55,5,-5.66085e-06,-2.59121e-06,-2.11065e-06,-1.4715e-05,-3.06964e-06
2.56,0,1.02756,0.348381,0.000325739,27.1663,0.679183
2.56,1,-0.946799,-0.756605,-3.42975e-05,-7.60769,-0.190195
2.56,2,1.34679,1.30794,-0.00131792,1.16815,0.0388506
2.56,3,-5.55801e-06,-0.0238727,-0.0201362,0.250753,0.0238671
2.56,4,-0.400005,-0.372858,-5.45573e-06,-0.217173,-0.0271469
2.56,5,-5.68845e-06,-2.61232e-06,-2.10874e-06,-1.4748e-05,-3.07612e-06
2.57,0,1.03255,0.348384,0.000326378,27.3656,0.684165
2.57,1,-0.947512,-0.756605,-3.43944e-05,-7.63617,-0.190907
2.57,2,1.3475,1.30793,-0.00131978,1.18992,0.039576
2.57,3,-5.58498e-06,-0.0240742,-0.0201677,0.252787,0.0240686
2.57,4,-0.400005,-0.372858,-5.54881e-06,-0.217172,-0.0271469
2.57,5,-5.71605e-06,-2.63342e-06,-2.10688e-06,-1.4781e-05,-3.08262e-06
2.58,0,1.03754,0.348388,0.000327018,27.5649,0.689148
2.58,1,-0.948224,-0.756605,-3.44915e-05,-7.66464,-0.191619
2.58,2,1.34821,1.30791,-0.00132164,1.21169,0.0403015
2.58,3,-5.61195e-06,-0.024276,-0.0201992,0.254824,0.0242704
2.58,4,-0.400005,-0.372858,-5.64232e-06,-0.217172,-0.0271469
2.58,5,-5.74365e-06,-2.65451e-06,-2.10507e-06,-1.48142e-05,-3.08914e-06
2.59,0,1.04252,0.348391,0.00032766,27.7642,0.69413
2.59,1,-0.948936,-0.756606,-3.45887e-05,-7.69312,-0.192331
2.59,2,1.34893,1.3079,-0.0013235,1.23345,0.0410269
2.59,3,-5.63891e-06,-0.0244782,-0.0202308,0.256864,0.0244726
2.59,4,-0.400005,-0.372858,-5.73628e-06,-0.217172,-0.0271468
2.59,5,-5.77125e-06,-2.67557e-06,-2.10328e-06,-1.48474e-05,-3.09568e-06
2.6,0,1.04751,0.348394,0.000328303,27.9635,0.699113
2.6,1,-0.949649,-0.756606,-3.46861e-05,-7.7216,-0.193043
2.6,2,1.34964,1.30789,-0.00132537,1.25522,0.0417524
2.6,3,-5.66588e-06,-0.0246807,-0.0202624,0.258908,0.024675
2.6,4,-0.400005,-0.372858,-5.83066e-06,-0.217171,-0.0271468
2.6,5,-5.79885e-06,-2.69662e-06,-2.1015e-06,-1.48807e-05,-3.10223e-06
2.61,0,1.05249,0.348397,0.000328949,28.1628,0.704095
2.61,1,-0.950361,-0.756606,-3.47835e-05,-7.75008,-0.193754
2.61,2,1.35035,1.30787,-0.00132724,1.27699,0.0424779
2.61,3,-5.69285e-06,-0.0248835,-0.0202941,0.260954,0.0248778
2.61,4,-0.400005,-0.372858,-5.92548e-06,-0.217171,-0.0271468
2.61,5,-5.82645e-06,-2.71765e-06,-2.09973e-06,-1.49141e-05,-3.1088e-06
2.62,0,1.05748,0.348401,0.000329596,28.3621,0.709078
2.62,1,-0.951073,-0.756607,-3.48811e-05,-7.77855,-0.194466
2.62,2,1.35106,1.30786,-0.00132912,1.29876,0.0432034
2.62,3,-5.71982e-06,-0.0250866,-0.0203259,0.263004,0.0250809
2.62,4,-0.400005,-0.372858,-6.02073e-06,-0.217171,-0.0271467
2.62,5,-5.85405e-06,-2.73866e-06,-2.09796e-06,-1.49476e-05,-3.11539e-06
2.63,0,1.06246,0.348404,0.000330245,28.5614,0.71406
2.63,1,-0.951785,-0.756607,-3.49787e-05,-7.80703,-0.195178
2.63,2,1.35177,1.30785,-0.001331,1.32053,0.0439289
2.63,3,-5.74678e-06,-0.02529,-0.0203578,0.265058,0.0252843
2.63,4,-0.400005,-0.372858,-6.11642e-06,-0.21717,-0.0271467
2.63,5,-5.88165e-06,-2.75965e-06,-2.09618e-06,-1.49811e-05,-3.122e-06
2.64,0,1.06745,0.348407,0.000330895,28.7607,0.719043
2.64,1,-0.952498,-0.756607,-3.50765e-05,-7.83551,-0.19589
2.64,2,1.35249,1.30783,-0.00133288,1.3423,0.0446545
2.64,3,-5.77375e-06,-0.0254938,-0.0203897,0.267114,0.025488
2.64,4,-0.400005,-0.372858,-6.21253e-06,-0.21717,-0.0271466
2.64,5,-5.90925e-06,-2.78063e-06,-2.09439e-06,-1.50148e-05,-3.12862e-06
2.65,0,1.07244,0.348411,0.000331548,28.96,0.724025
2.65,1,-0.95321,-0.756608,-3.51745e-05,-7.86398,-0.196602
2.65,2,1.3532,1.30782,-0.00133477,1.36407,0.04538
2.65,3,-5.80072e-06,-0.0256979,-0.0204217,0.269174,0.0256921
2.65,4,-0.400005,-0.372858,-6.30909e-06,-0.21717,-0.0271466
2.65,5,-5.93685e-06,-2.80158e-06,-2.09259e-06,-1.50485e-05,-3.13527e-06
2.66,0,1.07742,0.348414,0.000332202,29.1593,0.729008
2.66,1,-0.953922,-0.756608,-3.52725e-05,-7.89246,-0.197314
2.66,2,1.35391,1.30781,-0.00133666,1.38584,0.0461056
2.66,3,-5.82769e-06,-0.0259023,-0.0204538,0.271237,0.0258964
2.66,4,-0.400005,-0.372858,-6.40608e-06,-0.217169,-0.0271466
2.66,5,-5.96445e-06,-2.82252e-06,-2.09077e-06,-1.50824e-05,-3.14193e-06
2.67,0,1.08241,0.348417,0.000332858,29.3586,0.73399
2.67,1,-0.954634,-0.756608,-3.53707e-05,-7.92093,-0.198026
2.67,2,1.35462,1.30779,-0.00133856,1.40761,0.0468312
2.67,3,-5.85466e-06,-0.026107,-0.020486,0.273303,0.0261011
2.67,4,-0.400005,-0.372858,-6.50351e-06,-0.217169,-0.0271465
2.67,5,-5.99205e-06,-2.84345e-06,-2.08893e-06,-1.51163e-05,-3.1486e-06
2.68,0,1.08739,0.348421,0.000333516,29.5579,0.738972
2.68,1,-0.955347,-0.756609,-3.5469e-05,-7.94941,-0.198738
2.68,2,1.35534,1.30778,-0.00134046,1.42939,0.0475568
2.68,3,-5.88162e-06,-0.026312,-0.0205182,0.275372,0.0263061
2.68,4,-0.400005,-0.372858,-6.60137e-06,-0.217169,-0.0271465
2.68,5,-6.01965e-06,-2.86435e-06,-2.08707e-06,-1.51504e-05,-3.1553e-06
2.69,0,1.09238,0.348424,0.000334175,29.7572,0.743955
2.69,1,-0.956059,-0.756609,-3.55674e-05,-7.97789,-0.19945
2.69,2,1.35605,1.30777,-0.00134236,1.45116,0.0482824
2.69,3,-5.90859e-06,-0.0265174,-0.0205505,0.277445,0.0265115
2.69,4,-0.400005,-0.372859,-6.69968e-06,-0.217168,-0.0271464
2.69,5,-6.04725e-06,-2.88524e-06,-2.0852e-06,-1.51845e-05,-3.16202e-06
2.7,0,1.09736,0.348427,0.000334837,29.9565,0.748937
2.7,1,-0.956771,-0.75661,-3.56659e-05,-8.00636,-0.200162
2.7,2,1.35676,1.30775,-0.00134427,1.47293,0.0490081
2.7,3,-5.93556e-06,-0.0267231,-0.0205829,0.279521,0.0267171
2.7,4,-0.400005,-0.372859,-6.79844e-06,-0.217168,-0.0271464
2.7,5,-6.07485e-06,-2.9061e-06,-2.08331e-06,-1.52188e-05,-3.16875e-06
2.71,0,1.10235,0.348431,0.00032507,30,0.75392
2.71,1,-0.957484,-0.75661,-3.49995e-05,-8.03484,-0.200874
2.71,2,1.35747,1.30774,-0.00130373,1.49462,0.0497336
2.71,3,-5.96253e-06,-0.0269271,-0.0199746,0.281196,0.0269211
2.71,4,-0.400005,-0.372859,-7.05055e-05,-0.217134,-0.0271461
2.71,5,-6.10245e-06,-4.59513e-06,-0.000528827,0.000151112,-1.50732e-06
2.72,0,1.10734,0.348434,0.000289309,30,0.758902
2.72,1,-0.958196,-0.75661,-3.22106e-05,-8.06333,-0.201586
2.72,2,1.35818,1.30773,-0.00115799,1.51606,0.0504582
2.72,3,-5.98949e-06,-0.0271156,-0.0177708,0.281759,0.0271096
2.72,4,-0.400005,-0.372861,-0.000248674,-0.217032,-0.0271445
2.72,5,-6.13005e-06,-1.71939e-05,-0.00187209,0.000616947,1.10639e-05
2.73,0,1.11232,0.348436,0.000240919,30,0.763885
2.73,1,-0.958908,-0.756611,-2.84063e-05,-8.09182,-0.202298
2.73,2,1.3589,1.30772,-0.000961287,1.53735,0.0511809
2.73,3,-6.01646e-06,-0.0272774,-0.0147941,0.28159,0.0272714
2.73,4,-0.400005,-0.372864,-0.000418616,-0.216919,-0.0271411
2.73,5,-6.15765e-06,-4.23565e-05,-0.00297213,0.00107263,3.61988e-05
2.74,0,1.11731,0.348438,0.000187299,30,0.768869
2.74,1,-0.95962,-0.756611,-2.41872e-05,-8.12031,-0.20301
2.74,2,1.35961,1.30771,-0.000743612,1.55853,0.0519016
2.74,3,-6.04343e-06,-0.0274073,-0.011499,0.280912,0.0274013
2.74,4,-0.400005,-0.372869,-0.000534068,-0.216823,-0.0271362
2.74,5,-6.18525e-06,-7.56854e-05,-0.00354723,0.00141167,6.95002e-05
2.75,0,1.12229,0.34844,0.000132494,30,0.773853
2.75,1,-0.960333,-0.756611,-1.98756e-05,-8.14881,-0.203722
2.75,2,1.36032,1.3077,-0.00052132,1.57964,0.05262
2.75,3,-6.0704e-06,-0.0275038,-0.00813329,0.279857,0.0274977
2.75,4,-0.400005,-0.372875,-0.000585856,-0.216752,-0.0271306
2.75,5,-6.21285e-06,-0.000111964,-0.00362786,0.00161711,0.000105751
2.76,0,1.12728,0.348441,7.89504e-05,30,0.778838
2.76,1,-0.961045,-0.756611,-1.56656e-05,-8.1773,-0.204434
2.76,2,1.36103,1.3077,-0.000304276,1.6007,0.0533362
2.76,3,-6.09736e-06,-0.0275669,-0.0048467,0.278517,0.0275609
2.76,4,-0.400005,-0.37288,-0.000580093,-0.216708,-0.0271247
2.76,5,-6.24045e-06,-0.000146886,-0.00333517,0.00170378,0.000140645
2.77,0,1.13226,0.348442,2.82404e-05,30,0.783823
2.77,1,-0.961757,-0.756611,-1.1682e-05,-8.2058,-0.205146
2.77,2,1.36175,1.3077,-9.87836e-05,1.62171,0.0540504
2.77,3,-6.12433e-06,-0.0275981,-0.00173487,0.276961,0.027592
2.77,4,-0.400005,-0.372886,-0.00052867,-0.216689,-0.0271192
2.77,5,-6.26805e-06,-0.000177441,-0.00279935,0.00169567,0.000171173
2.78,0,1.13725,0.348442,-1.86272e-05,30,0.788809
2.78,1,-0.962469,-0.756611,-8.00452e-06,-8.2343,-0.205858
2.78,2,1.36246,1.3077,9.11209e-05,1.64269,0.0547625
2.78,3,-6.1513e-06,-0.0275994,0.00114088,0.275248,0.0275933
2.78,4,-0.400005,-0.372891,-0.000444888,-0.216693,-0.0271144
2.78,5,-6.29566e-06,-0.000201834,-0.00213215,0.00161734,0.000195538
2.79,0,1.14224,0.348441,-6.10453e-05,30,0.793795
2.79,1,-0.963182,-0.756611,-4.68126e-06,-8.2628,-0.20657
2.79,2,1.36317,1.3077,0.00026302,1.66366,0.0554729
2.79,3,-6.17827e-06,-0.0275735,0.0037438,0.273427,0.0275673
2.79,4,-0.400005,-0.372895,-0.000341372,-0.216713,-0.0271105
2.79,5,-6.32326e-06,-0.000219248,-0.00142029,0.00149071,0.000212925
2.8,0,1.14722,0.34844,-9.87125e-05,30,0.798782
2.8,1,-0.963894,-0.756611,-1.73599e-06,-8.2913,-0.207283
2.8,2,1.36388,1.3077,0.000415722,1.68462,0.0561816
2.8,3,-6.20523e-06,-0.0275231,0.00605573,0.271535,0.0275169
2.8,4,-0.400005,-0.372897,-0.000229092,-0.216747,-0.0271077
2.8,5,-6.35086e-06,-0.000229599,-0.000726383,0.00133416,0.000223248
2.81,0,1.15221,0.348439,-0.000131563,30,0.803769
2.81,1,-0.964606,-0.756611,8.2617e-07,-8.31979,-0.207995
2.81,2,1.36459,1.30771,0.000548976,1.70557,0.0568889
2.81,3,-6.2322e-06,-0.0274512,0.00807282,0.269606,0.027445
2.81,4,-0.400005,-0.372899,-0.000116949,-0.21679,-0.0271061
2.81,5,-6.37846e-06,-0.000233314,-9.24546e-05,0.00116242,0.000226936
2.82,0,1.15719,0.348438,-0.000159709,30,0.808756
2.82,1,-0.965319,-0.756611,3.0143e-06,-8.34829,-0.208707
2.82,2,1.36531,1.30771,0.000663248,1.72652,0.057595
2.82,3,-6.25917e-06,-0.0273607,0.0098021,0.267663,0.0273545
2.82,4,-0.400005,-0.3729,-1.17046e-05,-0.216838,-0.0271055
2.82,5,-6.40606e-06,-0.000231145,0.000456052,0.000986878,0.000224739
2.83,0,1.16218,0.348436,-0.000183397,30,0.813743
2.83,1,-0.966031,-0.756611,4.8479e-06,-8.37679,-0.209419
2.83,2,1.36602,1.30772,0.000759526,1.74748,0.0583
2.83,3,-6.28614e-06,-0.0272545,0.0112586,0.265727,0.0272482
2.83,4,-0.400005,-0.372899,8.19042e-05,-0.216889,-0.027106
2.83,5,-6.43366e-06,-0.000224023,0.000906501,0.000815998,0.00021759
2.84,0,1.16717,0.348434,-0.00020296,30,0.818731
2.84,1,-0.966743,-0.756611,6.35368e-06,-8.40529,-0.210132
2.84,2,1.36673,1.30773,0.000839164,1.76845,0.0590042
2.84,3,-6.3131e-06,-0.0271351,0.0124627,0.26381,0.0271288
2.84,4,-0.400005,-0.372898,0.000160941,-0.216938,-0.0271072
2.84,5,-6.46126e-06,-0.000212955,0.00125576,0.000655738,0.000206493
2.85,0,1.17215,0.348432,-0.000218794,30,0.823719
2.85,1,-0.967455,-0.756611,7.56292e-06,-8.43379,-0.210844
2.85,2,1.36744,1.30774,0.000903743,1.78942,0.0597077
2.85,3,-6.34007e-06,-0.0270049,0.0134386,0.261922,0.0269986
2.85,4,-0.400005,-0.372896,0.000223983,-0.216986,-0.0271092
2.85,5,-6.48886e-06,-0.000198935,0.00150745,0.000509996,0.000192446
2.86,0,1.17714,0.34843,-0.00023132,30,0.828707
2.86,1,-0.968168,-0.756611,8.50921e-06,-8.46228,-0.211556
2.86,2,1.36816,1.30775,0.000954966,1.81041,0.0604106
2.86,3,-6.36704e-06,-0.0268661,0.014212,0.26007,0.0268597
2.86,4,-0.400005,-0.372894,0.000270827,-0.21703,-0.0271118
2.86,5,-6.51646e-06,-0.000182899,0.00166967,0.00038101,0.000176382
2.87,0,1.18212,0.348427,-0.000240969,30,0.833695
2.87,1,-0.96888,-0.756611,9.22678e-06,-8.49078,-0.212269
2.87,2,1.36887,1.30775,0.000994564,1.8314,0.061113
2.87,3,-6.39401e-06,-0.0267206,0.0148091,0.258256,0.0267142
2.87,4,-0.400005,-0.372891,0.00030219,-0.217069,-0.0271147
2.87,5,-6.54406e-06,-0.000165682,0.00175325,0.000269717,0.000159138
2.88,0,1.18711,0.348425,-0.000248162,30,0.838683
2.88,1,-0.969592,-0.756611,9.74909e-06,-8.51928,-0.212981
2.88,2,1.36958,1.30776,0.00102423,1.85241,0.0618151
2.88,3,-6.42097e-06,-0.0265699,0.0152558,0.256481,0.0265635
2.88,4,-0.400005,-0.372888,0.000319441,-0.217102,-0.0271178
2.88,5,-6.57166e-06,-0.000148006,0.00177036,0.000176066,0.000141435
2.89,0,1.19209,0.348422,-0.000253299,30,0.843672
2.89,1,-0.970304,-0.756611,1.01079e-05,-8.54777,-0.213694
2.89,2,1.37029,1.30778,0.00104558,1.87342,0.062517
2.89,3,-6.44794e-06,-0.0264155,0.0155764,0.254745,0.026409
2.89,4,-0.400005,-0.372884,0.000324371,-0.217131,-0.0271211
2.89,5,-6.59926e-06,-0.000130466,0.00173349,9.92875e-05,0.000123867
2.9,0,1.19708,0.34842,-0.000256748,30,0.84866
2.9,1,-0.971017,-0.756611,1.03324e-05,-8.57627,-0.214406
2.9,2,1.371,1.30779,0.00106009,1.89444,0.0632187
2.9,3,-6.47491e-06,-0.0262584,0.0157934,0.253044,0.026252
2.9,4,-0.400005,-0.372881,0.000318989,-0.217154,-0.0271243
2.9,5,-6.62686e-06,-0.000113535,0.00165472,3.81213e-05,0.000106908
2.91,0,1.20207,0.348417,-0.000258842,30,0.853648
2.91,1,-0.971729,-0.756611,1.04493e-05,-8.60476,-0.215118
2.91,2,1.37172,1.3078,0.00106911,1.91547,0.0639202
2.91,3,-6.50188e-06,-0.0260997,0.0159273,0.251376,0.0260932
2.91,4,-0.400005,-0.372878,0.000305367,-0.217172,-0.0271275
2.91,5,-6.65446e-06,-9.75684e-05,0.00154524,-9.00276e-06,9.0914e-05
2.92,0,1.20705,0.348415,-0.000259875,30,0.858637
2.92,1,-0.972441,-0.756611,1.04818e-05,-8.63326,-0.215831
2.92,2,1.37243,1.30781,0.00107382,1.9365,0.0646217
2.92,3,-6.52884e-06,-0.02594,0.0159959,0.249737,0.0259335
2.92,4,-0.400005,-0.372875,0.00028552,-0.217186,-0.0271304
2.92,5,-6.68206e-06,-8.2819e-05,0.001415,-4.38156e-05,7.61369e-05
2.93,0,1.21204,0.348412,-0.000260104,30,0.863625
2.93,1,-0.973154,-0.756611,1.04502e-05,-8.66175,-0.216543
2.93,2,1.37314,1.30782,0.00107527,1.95755,0.0653232
2.93,3,-6.55581e-06,-0.0257799,0.0160151,0.248125,0.0257734
2.93,4,-0.400006,-0.372872,0.000261315,-0.217196,-0.0271332
2.93,5,-6.70966e-06,-6.94454e-05,0.00127258,-6.80956e-05,6.27358e-05
2.94,0,1.21702,0.348409,-0.000259743,30,0.868613
2.94,1,-0.973866,-0.75661,1.03718e-05,-8.69025,-0.217255
2.94,2,1.37385,1.30783,0.00107431,1.97859,0.0660247
2.94,3,-6.58278e-06,-0.0256198,0.015998,0.246534,0.0256133
2.94,4,-0.400006,-0.37287,0.000234421,-0.217203,-0.0271357
2.94,5,-6.73726e-06,-5.7529e-05,0.00112514,-8.35831e-05,5.07918e-05
2.95,0,1.22201,0.348407,-0.000258974,30,0.873602
2.95,1,-0.974578,-0.75661,1.02608e-05,-8.71874,-0.217968
2.95,2,1.37457,1.30784,0.0010717,1.99964,0.0667262
2.95,3,-6.60975e-06,-0.0254601,0.0159556,0.244961,0.0254535
2.95,4,-0.400006,-0.372868,0.000206267,-0.217206,-0.0271379
2.95,5,-6.76486e-06,-4.70871e-05,0.000978437,-9.19196e-05,4.03223e-05
2.96,0,1.22699,0.348404,-0.000257944,30,0.87859
2.96,1,-0.97529,-0.75661,1.01291e-05,-8.74724,-0.21868
2.96,2,1.37528,1.30785,0.00106801,2.02069,0.0674277
2.96,3,-6.63671e-06,-0.0253008,0.0158972,0.243404,0.0252942
2.96,4,-0.400006,-0.372866,0.000178041,-0.217208,-0.0271398
2.96,5,-6.79246e-06,-3.80869e-05,0.000836931,-9.4607e-05,3.12944e-05
2.97,0,1.23198,0.348402,-0.000256769,30,0.883578
2.97,1,-0.976003,-0.75661,9.98591e-06,-8.77573,-0.219393
2.97,2,1.37599,1.30786,0.00106373,2.04175,0.0681293
2.97,3,-6.66368e-06,-0.0251422,0.0158298,0.241858,0.0251356
2.97,4,-0.400006,-0.372864,0.00015068,-0.217207,-0.0271415
2.97,5,-6.82006e-06,-3.04573e-05,0.0007039,-9.29836e-05,2.36373e-05
2.98,0,1.23697,0.348399,-0.00025554,30,0.888567
2.98,1,-0.976715,-0.75661,9.83837e-06,-8.80423,-0.220105
2.98,2,1.3767,1.30787,0.00105923,2.06281,0.0688309
2.98,3,-6.69065e-06,-0.0249843,0.0157589,0.240321,0.0249776
2.98,4,-0.400006,-0.372863,0.000124895,-0.217205,-0.0271429
2.98,5,-6.84766e-06,-2.41006e-05,0.000581593,-8.82131e-05,1.72529e-05
2.99,0,1.24195,0.348396,-0.000254324,30,0.893555
2.99,1,-0.977427,-0.75661,9.69189e-06,-8.83272,-0.220817
2.99,2,1.37741,1.30788,0.00105477,2.08387,0.0695325
2.99,3,-6.71762e-06,-0.0248271,0.0156889,0.238791,0.0248204
2.99,4,-0.400006,-0.372862,0.000101185,-0.217203,-0.027144
2.99,5,-6.87526e-06,-1.89012e-05,0.000471377,-8.12832e-05,1.2026e-05
3,0,1.24694,0.348394,-0.00025317,30,0.898543
3,1,-0.978139,-0.75661,9.55031e-06,-8.86122,-0.22153
3,2,1.37813,1.30789,0.00105056,2.10493,0.0702342
3,3,-6.74458e-06,-0.0246706,0.0156225,0.237265,0.0246638
3,4,-0.400006,-0.372861,7.98674e-05,-0.217199,-0.0271449
3,5,-6.90286e-06,-1.47342e-05,0.000373897,-7.30121e-05,7.83137e-06
3.01,0,1.25192,0.348391,-0.00025211,30,0.903531
3.01,1,-0.978852,-0.75661,9.41621e-06,-8.88971,-0.222242
3.01,2,1.37884,1.3079,0.00104673,2.12599,0.070936
3.01,3,-6.77155e-06,-0.0245147,0.0155619,0.235742,0.0245079
3.01,4,-0.400006,-0.37286,6.11043e-05,-0.217196,-0.0271456
3.01,5,-6.93046e-06,-1.14715e-05,0.000289218,-6.40602e-05,4.54103e-06
3.02,0,1.25691,0.348389,-0.000251163,30,0.90852
3.02,1,-0.979564,-0.75661,9.29113e-06,-8.9182,-0.222954
3.02,2,1.37955,1.30791,0.00104336,2.14705,0.0716377
3.02,3,-6.79852e-06,-0.0243594,0.0155083,0.234221,0.0243526
3.02,4,-0.400006,-0.37286,4.4931e-05,-0.217192,-0.0271462
3.02,5,-6.95807e-06,-8.98676e-06,0.00021696,-5.49445e-05,2.02869e-06
3.03,0,1.26189,0.348386,-0.00025034,30,0.913508
3.03,1,-0.980276,-0.75661,9.17582e-06,-8.9467,-0.223667
3.03,2,1.38026,1.30792,0.00104048,2.16811,0.0723395
3.03,3,-6.82549e-06,-0.0242046,0.0154622,0.2327,0.0241977
3.03,4,-0.400006,-0.372859,3.12833e-05,-0.217188,-0.0271466
3.03,5,-6.98567e-06,-7.15949e-06,0.000156415,-4.60555e-05,1.73824e-07
3.04,0,1.26688,0.348384,-0.00024964,30,0.918496
3.04,1,-0.980989,-0.756609,9.07038e-06,-8.97519,-0.224379
3.04,2,1.38098,1.30793,0.00103811,2.18916,0.0730414
3.04,3,-6.85245e-06,-0.0240502,0.0154237,0.231179,0.0240433
3.04,4,-0.400006,-0.372859,2.00228e-05,-0.217185,-0.0271468
3.04,5,-7.01327e-06,-5.87753e-06,0.000106652,-3.76744e-05,-1.13574e-06
3.05,0,1.27187,0.348381,-0.00024906,30,0.923485
3.05,1,-0.981701,-0.756609,8.97449e-06,-9.00369,-0.225091
3.05,2,1.38169,1.30794,0.00103622,2.21022,0.0737432
3.05,3,-6.87942e-06,-0.0238961,0.0153926,0.229657,0.0238892
3.05,4,-0.400006,-0.372859,1.0959e-05,-0.217182,-0.027147
3.05,5,-7.04087e-06,-5.03886e-06,6.66017e-05,-2.99905e-05,-2.002e-06
3.06,0,1.27685,0.348379,-0.000248592,30,0.928473
3.06,1,-0.982413,-0.756609,8.8875e-06,-9.03218,-0.225804
3.06,2,1.3824,1.30796,0.00103479,2.23128,0.0744451
3.06,3,-6.90639e-06,-0.0237423,0.0153684,0.228133,0.0237354
3.06,4,-0.400006,-0.372859,3.86839e-06,-0.217179,-0.0271471
3.06,5,-7.06847e-06,-4.55259e-06,3.5127e-05,-2.31175e-05,-2.51588e-06
3.07,0,1.28184,0.348376,-0.000248225,30,0.933461
3.07,1,-0.983125,-0.756609,8.80855e-06,-9.06068,-0.226516
3.07,2,1.38311,1.30797,0.00103378,2.25234,0.075147
3.07,3,-6.93336e-06,-0.0235887,0.0153504,0.226608,0.0235818
3.07,4,-0.400006,-0.372859,-1.48939e-06,-0.217176,-0.0271471
3.07,5,-7.09607e-06,-4.33926e-06,1.10811e-05,-1.71084e-05,-2.75681e-06
3.08,0,1.28682,0.348374,-0.000247947,30,0.938449
3.08,1,-0.983838,-0.756609,8.73669e-06,-9.08917,-0.227229
3.08,2,1.38382,1.30798,0.00103312,2.2734,0.0758489
3.08,3,-6.96032e-06,-0.0234353,0.0153379,0.225081,0.0234283
3.08,4,-0.400006,-0.372859,-5.35871e-06,-0.217174,-0.0271471
3.08,5,-7.12367e-06,-4.33076e-06,-6.6508e-06,-1.19693e-05,-2.79291e-06
3.09,0,1.29181,0.348371,-0.000247746,30,0.943437
3.09,1,-0.98455,-0.756609,8.6709e-06,-9.11766,-0.227941
3.09,2,1.38454,1.30799,0.00103278,2.29446,0.0765508
3.09,3,-6.98729e-06,-0.023282,0.0153302,0.223552,0.023275
3.09,4,-0.400006,-0.372859,-7.97802e-06,-0.217173,-0.0271471
3.09,5,-7.15127e-06,-4.46981e-06,-1.91203e-05,-7.67123e-06,-2.68146e-06
3.1,0,1.29679,0.348369,-0.000247608,30,0.948426
3.1,1,-0.985262,-0.756609,8.61018e-06,-9.14616,-0.228653
3.1,2,1.38525,1.308,0.0010327,2.31551,0.0772526
3.1,3,-7.01426e-06,-0.0231287,0.0153263,0.222021,0.0231217
3.1,4,-0.400006,-0.372859,-9.57235e-06,-0.217171,-0.027147
3.1,5,-7.17887e-06,-4.70916e-06,-2.72941e-05,-4.16033e-06,-2.46971e-06
3.11,0,1.30178,0.348366,-0.000247522,30,0.953414
3.11,1,-0.985974,-0.756609,8.5536e-06,-9.17465,-0.229366
3.11,2,1.38596,1.30801,0.00103283,2.33657,0.0779545
3.11,3,-7.04123e-06,-0.0229754,0.0153257,0.220489,0.0229684
3.11,4,-0.400006,-0.372859,-1.03483e-05,-0.21717,-0.0271469
3.11,5,-7.20647e-06,-5.01073e-06,-3.20413e-05,-1.36633e-06,-2.19574e-06
3.12,0,1.30677,0.348364,-0.000247477,30,0.958402
3.12,1,-0.986687,-0.756609,8.50028e-06,-9.20315,-0.230078
3.12,2,1.38667,1.30802,0.00103312,2.35763,0.0786564
3.12,3,-7.06819e-06,-0.0228222,0.0153276,0.218954,0.0228151
3.12,4,-0.400006,-0.372859,-1.04909e-05,-0.21717,-0.0271468
3.12,5,-7.23407e-06,-5.34454e-06,-3.41268e-05,7.90395e-07,-1.88953e-06
3.13,0,1.31175,0.348362,-0.000247463,30,0.96339
3.13,1,-0.987399,-0.756609,8.44945e-06,-9.23164,-0.23079
3.13,2,1.38739,1.30803,0.00103355,2.37868,0.0793583
3.13,3,-7.09516e-06,-0.0226689,0.0153315,0.217419,0.0226618
3.13,4,-0.400006,-0.372859,-1.01619e-05,-0.217169,-0.0271468
3.13,5,-7.26167e-06,-5.6877e-06,-3.42108e-05,2.3934e-06,-1.57397e-06
3.14,0,1.31674,0.348359,-0.000247472,30,0.968379
3.14,1,-0.988111,-0.756609,8.40042e-06,-9.26013,-0.231503
3.14,2,1.3881,1.30804,0.00103407,2.39974,0.0800602
3.14,3,-7.12213e-06,-0.0225155,0.0153367,0.215882,0.0225084
3.14,4,-0.400006,-0.372859,-9.49966e-06,-0.217169,-0.0271467
3.14,5,-7.28927e-06,-6.02334e-06,-3.28516e-05,3.52585e-06,-1.26593e-06
3.15,0,1.32172,0.348357,-0.000247497,30,0.973367
3.15,1,-0.988824,-0.756608,8.35261e-06,-9.28863,-0.232215
3.15,2,1.38881,1.30805,0.00103465,2.42079,0.0807621
3.15,3,-7.1491e-06,-0.0223621,0.015343,0.214344,0.022355
3.15,4,-0.400006,-0.372859,-8.61963e-06,-0.217169,-0.0271466
3.15,5,-7.31687e-06,-6.33966e-06,-3.05117e-05,4.26745e-06,-9.77215e-07
3.16,0,1.32671,0.348354,-0.000247531,30,0.978355
3.16,1,-0.989536,-0.756608,8.30556e-06,-9.31712,-0.232927
3.16,2,1.38952,1.30806,0.00103528,2.44185,0.081464
3.16,3,-7.17606e-06,-0.0222087,0.0153498,0.212805,0.0222015
3.16,4,-0.400006,-0.372859,-7.61593e-06,-0.217169,-0.0271466
3.16,5,-7.34447e-06,-6.62896e-06,-2.75659e-05,4.69222e-06,-7.15509e-07
3.17,0,1.33169,0.348352,-0.000247569,30,0.983343
3.17,1,-0.990248,-0.756608,8.25887e-06,-9.34562,-0.23364
3.17,2,1.39023,1.30807,0.00103592,2.4629,0.0821658
3.17,3,-7.20303e-06,-0.0220551,0.0153569,0.211265,0.0220479
3.17,4,-0.400006,-0.37286,-6.56305e-06,-0.217169,-0.0271465
3.17,5,-7.37207e-06,-6.88689e-06,-2.43101e-05,4.86712e-06,-4.85181e-07
3.18,0,1.33668,0.348349,-0.000247608,30,0.988332
3.18,1,-0.99096,-0.756608,8.21225e-06,-9.37411,-0.234352
3.18,2,1.39095,1.30808,0.00103656,2.48396,0.0828677
3.18,3,-7.23e-06,-0.0219015,0.0153641,0.209724,0.0218943
3.18,4,-0.400006,-0.37286,-5.51805e-06,-0.217169,-0.0271465
3.18,5,-7.39967e-06,-7.11164e-06,-2.09715e-05,4.8513e-06,-2.88028e-07
3.19,0,1.34167,0.348347,-0.000247646,30,0.99332
3.19,1,-0.991673,-0.756608,8.16545e-06,-9.4026,-0.235065
3.19,2,1.39166,1.30809,0.0010372,2.50501,0.0835695
3.19,3,-7.25697e-06,-0.0217478,0.0153711,0.208183,0.0217406
3.19,4,-0.400006,-0.37286,-4.52283e-06,-0.217169,-0.0271465
3.19,5,-7.42727e-06,-7.30336e-06,-1.77179e-05,4.69581e-06,-1.2391e-07
3.2,0,1.34665,0.348344,-0.000247679,30,0.998308
3.2,1,-0.992385,-0.756608,8.11832e-06,-9.4311,-0.235777
3.2,2,1.39237,1.3081,0.00103782,2.52607,0.0842714
3.2,3,-7.28394e-06,-0.0215941,0.015378,0.206641,0.0215868
3.2,4,-0.400006,-0.37286,-3.6064e-06,-0.21717,-0.0271464
3.2,5,-7.45487e-06,-7.46358e-06,-1.46674e-05,4.44377e-06,8.71094e-09
3.21,0,1.35164,0.348342,-0.000247706,30,1.0033
3.21,1,-0.993097,-0.756608,8.07075e-06,-9.45959,-0.236489
3.21,2,1.39308,1.30811,0.00103842,2.54712,0.0849732
3.21,3,-7.3109e-06,-0.0214403,0.0153844,0.205099,0.021433
3.21,4,-0.400006,-0.37286,-2.78709e-06,-0.21717,-0.0271464
3.21,5,-7.48247e-06,-7.59479e-06,-1.18971e-05,4.13073e-06,1.12319e-07
3.22,0,1.35662,0.348339,-0.000247728,30,1.00828
3.22,1,-0.993809,-0.756608,8.02267e-06,-9.48809,-0.237202
3.22,2,1.3938,1.30812,0.001039,2.56817,0.0856751
3.22,3,-7.33787e-06,-0.0212864,0.0153905,0.203556,0.0212791
3.22,4,-0.400006,-0.37286,-2.07455e-06,-0.21717,-0.0271464
3.22,5,-7.51007e-06,-7.70006e-06,-9.4512e-06,3.78528e-06,1.89984e-07
3.23,0,1.36161,0.348337,-0.000247742,30,1.01327
3.23,1,-0.994522,-0.756608,7.97405e-06,-9.51658,-0.237914
3.23,2,1.39451,1.30813,0.00103955,2.58923,0.0863769
3.23,3,-7.36484e-06,-0.0211325,0.0153962,0.202013,0.0211251
3.23,4,-0.400006,-0.37286,-1.47171e-06,-0.217171,-0.0271464
3.23,5,-7.53767e-06,-7.78274e-06,-7.34801e-06,3.42974e-06,2.45068e-07
3.24,0,1.3666,0.348334,-0.00024775,30,1.01826
3.24,1,-0.995234,-0.756608,7.92489e-06,-9.54507,-0.238626
3.24,2,1.39522,1.30814,0.00104007,2.61028,0.0870787
3.24,3,-7.39181e-06,-0.0209785,0.0154014,0.20047,0.0209711
3.24,4,-0.400006,-0.37286,-9.76319e-07,-0.217171,-0.0271464
3.24,5,-7.56527e-06,-7.84628e-06,-5.58645e-06,3.08097e-06,2.81007e-07
3.25,0,1.37158,0.348332,-0.000247751,30,1.02325
3.25,1,-0.995946,-0.756608,7.87521e-06,-9.57357,-0.239339
3.25,2,1.39593,1.30815,0.00104056,2.63133,0.0877805
3.25,3,-7.41877e-06,-0.0208244,0.0154063,0.198926,0.020817
3.25,4,-0.400006,-0.37286,-5.82447e-07,-0.217171,-0.0271465
3.25,5,-7.59287e-06,-7.89402e-06,-4.15126e-06,2.75109e-06,3.01142e-07
3.26,0,1.37657,0.348329,-0.000247747,30,1.02824
3.26,1,-0.996659,-0.756608,7.82504e-06,-9.60206,-0.240051
3.26,2,1.39664,1.30816,0.00104103,2.65239,0.0884823
3.26,3,-7.44574e-06,-0.0206703,0.0154108,0.197382,0.0206629
3.26,4,-0.400006,-0.37286,-2.81645e-07,-0.217172,-0.0271465
3.26,5,-7.62048e-06,-7.92908e-06,-3.01752e-06,2.4483e-06,3.08608e-07
3.27,0,1.38155,0.348327,-0.000247737,30,1.03323
3.27,1,-0.997371,-0.756608,7.77443e-06,-9.63056,-0.240763
3.27,2,1.39736,1.30817,0.00104148,2.67344,0.0891842
3.27,3,-7.47271e-06,-0.0205162,0.0154149,0.195838,0.0205087
3.27,4,-0.400006,-0.37286,-6.39483e-08,-0.217172,-0.0271465
3.27,5,-7.64808e-06,-7.95433e-06,-2.15428e-06,2.17754e-06,3.0625e-07
3.28,0,1.38654,0.348324,-0.000247721,30,1.03821
3.28,1,-0.998083,-0.756607,7.72343e-06,-9.65905,-0.241476
3.28,2,1.39807,1.30818,0.0010419,2.69449,0.089886
3.28,3,-7.49968e-06,-0.020362,0.0154188,0.194294,0.0203545
3.28,4,-0.400006,-0.37286,8.13338e-08,-0.217172,-0.0271465
3.28,5,-7.67568e-06,-7.97227e-06,-1.52746e-06,1.94119e-06,2.9659e-07
3.29,0,1.39152,0.348322,-0.000247702,30,1.0432
3.29,1,-0.998795,-0.756607,7.67207e-06,-9.68754,-0.242188
3.29,2,1.39878,1.30819,0.00104231,2.71555,0.0905878
3.29,3,-7.52664e-06,-0.0202078,0.0154224,0.19275,0.0202003
3.29,4,-0.400006,-0.37286,1.65005e-07,-0.217172,-0.0271465
3.29,5,-7.70328e-06,-7.98507e-06,-1.10215e-06,1.73964e-06,2.81798e-07
3.3,0,1.39651,0.348319,-0.000247679,30,1.04819
3.3,1,-0.999508,-0.756607,7.62043e-06,-9.71604,-0.2429
3.3,2,1.39949,1.3082,0.00104271,2.7366,0.0912896
3.3,3,-7.55361e-06,-0.0200536,0.0154257,0.191205,0.020046
3.3,4,-0.400006,-0.37286,1.97521e-07,-0.217173,-0.0271466
3.3,5,-7.73088e-06,-7.99458e-06,-8.44229e-07,1.57178e-06,2.63701e-07
3.31,0,1.4,0.348317,-0.000247106,30,1.05168
3.31,1,-1.00001,-0.756607,8.17341e-06,-9.73599,-0.243399
3.31,2,1.39999,1.30821,0.00103967,2.75125,0.0917777
3.31,3,-7.57249e-06,-0.0198994,0.0153945,0.189681,0.0198918
3.31,4,-0.400006,-0.37286,4.48611e-06,-0.217175,-0.0271466
3.31,5,-7.7502e-06,-7.95984e-06,3.07377e-05,-8.17311e-06,2.09643e-07
3.32,0,1.4,0.348315,-0.000236304,30,1.05169
3.32,1,-1.00001,-0.756607,8.37392e-06,-9.73599,-0.243399
3.32,2,1.39999,1.30822,0.000993566,2.75104,0.0917675
3.32,3,-7.57249e-06,-0.0197485,0.0147258,0.188574,0.0197409
3.32,4,-0.400006,-0.372859,6.59698e-05,-0.217209,-0.0271469
3.32,5,-7.7502e-06,-5.26076e-06,0.000514744,-0.00016687,-2.48944e-06
3.33,0,1.4,0.348312,-0.000217775,30,1.05169
3.33,1,-1.00001,-0.756607,7.00695e-06,-9.73599,-0.243399
3.33,2,1.39999,1.30823,0.000917147,2.75091,0.091758
3.33,3,-7.57249e-06,-0.0196073,0.0135748,0.187853,0.0195998
3.33,4,-0.400006,-0.372858,0.000143878,-0.217256,-0.027148
3.33,5,-7.7502e-06,3.00322e-06,0.00106222,-0.000372434,-1.07534e-05
3.34,0,1.4,0.34831,-0.000195854,30,1.05169
3.34,1,-1.00001,-0.756607,5.26778e-06,-9.73599,-0.243399
3.34,2,1.39999,1.30824,0.000826799,2.75083,0.0917493
3.34,3,-7.57249e-06,-0.019479,0.0122113,0.187387,0.0194714
3.34,4,-0.400006,-0.372857,0.000205239,-0.217301,-0.0271498
3.34,5,-7.7502e-06,1.57691e-05,0.0014174,-0.000542817,-2.35193e-05
3.35,0,1.4,0.348308,-0.000172773,30,1.05169
3.35,1,-1.00001,-0.756607,3.42539e-06,-9.73598,-0.243399
3.35,2,1.39999,1.30825,0.000731588,2.75078,0.0917416
3.35,3,-7.57249e-06,-0.0193647,0.0107745,0.187107,0.0193572
3.35,4,-0.400006,-0.372854,0.00024027,-0.217337,-0.0271521
3.35,5,-7.7502e-06,3.08325e-05,0.0015474,-0.000657133,-3.85827e-05
3.36,0,1.4,0.348307,-0.000149818,30,1.05169
3.36,1,-1.00001,-0.756607,1.59203e-06,-9.73598,-0.243399
3.36,2,1.39999,1.30826,0.00063682,2.75077,0.0917348
3.36,3,-7.57249e-06,-0.0192649,0.00934454,0.186967,0.0192573
3.36,4,-0.400006,-0.372852,0.000249124,-0.217361,-0.0271546
3.36,5,-7.7502e-06,4.61319e-05,0.001492,-0.00071701,-5.38821e-05
3.37,0,1.4,0.348305,-0.000127793,30,1.05169
3.37,1,-1.00001,-0.756607,-1.67139e-07,-9.73597,-0.243399
3.37,2,1.39999,1.30826,0.000545831,2.75078,0.0917289
3.37,3,-7.57249e-06,-0.0191791,0.00797183,0.186932,0.0191715
3.37,4,-0.400006,-0.372849,0.000235975,-0.217374,-0.027157
3.37,5,-7.7502e-06,6.01192e-05,0.00130713,-0.000731487,-6.78694e-05
3.38,0,1.4,0.348304,-0.000107215,30,1.0517
3.38,1,-1.00001,-0.756607,-1.81069e-06,-9.73597,-0.243399
3.38,2,1.39999,1.30827,0.000460776,2.7508,0.0917239
3.38,3,-7.57249e-06,-0.0191065,0.00668878,0.186976,0.0190989
3.38,4,-0.400006,-0.372847,0.000206329,-0.217377,-0.0271592
3.38,5,-7.7502e-06,7.17926e-05,0.0010448,-0.000711155,-7.95427e-05
3.39,0,1.4,0.348303,-8.84071e-05,30,1.0517
3.39,1,-1.00001,-0.756607,-3.31283e-06,-9.73596,-0.243399
3.39,2,1.39999,1.30827,0.000383003,2.75083,0.0917197
3.39,3,-7.57249e-06,-0.0190461,0.00551571,0.187076,0.0190386
3.39,4,-0.400006,-0.372845,0.000165764,-0.217371,-0.0271611
3.39,5,-7.7502e-06,8.06177e-05,0.000747073,-0.000665961,-8.83679e-05
3.4,0,1.4,0.348302,-7.15488e-05,30,1.0517
3.4,1,-1.00001,-0.756607,-4.65924e-06,-9.73596,-0.243399
3.4,2,1.39999,1.30828,0.000313267,2.75086,0.0917163
3.4,3,-7.57249e-06,-0.0189969,0.00446393,0.187215,0.0189893
3.4,4,-0.400006,-0.372844,0.000119318,-0.217359,-0.0271625
3.4,5,-7.7502e-06,8.64219e-05,0.000445339,-0.000604462,-9.41721e-05
3.41,0,1.4,0.348302,-5.67087e-05,30,1.0517
3.41,1,-1.00001,-0.756607,-5.84443e-06,-9.73595,-0.243399
3.41,2,1.39999,1.30828,0.000251862,2.7509,0.0917135
3.41,3,-7.57249e-06,-0.0189574,0.00353786,0.187376,0.0189499
3.41,4,-0.400006,-0.372843,7.12145e-05,-0.217343,-0.0271634
3.41,5,-7.7502e-06,8.92924e-05,0.00016147,-0.000533654,-9.70426e-05
3.42,0,1.4,0.348301,-4.38712e-05,30,1.0517
3.42,1,-1.00001,-0.756607,-6.86964e-06,-9.73595,-0.243399
3.42,2,1.39999,1.30828,0.000198732,2.75094,0.0917113
3.42,3,-7.57249e-06,-0.0189266,0.00273662,0.187548,0.018919
3.42,4,-0.400006,-0.372843,2.4768e-05,-0.217323,-0.0271638
3.42,5,-7.7502e-06,8.94907e-05,-9.05352e-05,-0.000459044,-9.72409e-05
3.43,0,1.4,0.348301,-3.29577e-05,30,1.0517
3.43,1,-1.00001,-0.756607,-7.74116e-06,-9.73594,-0.243399
3.43,2,1.39999,1.30828,0.000153556,2.75098,0.0917096
3.43,3,-7.57249e-06,-0.018903,0.00205537,0.187721,0.0188955
3.43,4,-0.400006,-0.372843,-1.75988e-05,-0.217302,-0.0271639
3.43,5,-7.7502e-06,8.73829e-05,-0.000302867,-0.000384805,-9.51331e-05
3.44,0,1.4,0.348301,-2.38444e-05,30,1.0517
3.44,1,-1.00001,-0.756607,-8.46887e-06,-9.73593,-0.243399
3.44,2,1.39999,1.30828,0.000115827,2.75102,0.0917082
3.44,3,-7.57249e-06,-0.0188857,0.00148643,0.187889,0.0188781
3.44,4,-0.400006,-0.372843,-5.42795e-05,-0.217281,-0.0271635
3.44,5,-7.7502e-06,8.33861e-05,-0.000472402,-0.000313961,-9.11363e-05
3.45,0,1.4,0.348301,-1.63775e-05,30,1.0517
3.45,1,-1.00001,-0.756607,-9.06507e-06,-9.73593,-0.243399
3.45,2,1.39999,1.30828,8.49118e-05,2.75105,0.0917073
3.45,3,-7.57249e-06,-0.0188735,0.00102025,0.188047,0.0188659
3.45,4,-0.400006,-0.372844,-8.4373e-05,-0.21726,-0.0271628
3.45,5,-7.7502e-06,7.79292e-05,-0.000599415,-0.000248573,-8.56794e-05
3.46,0,1.4,0.3483,-1.03857e-05,30,1.0517
3.46,1,-1.00001,-0.756607,-9.54344e-06,-9.73592,-0.243399
3.46,2,1.39999,1.30829,6.0102e-05,2.75108,0.0917065
3.46,3,-7.57249e-06,-0.0188654,0.000646141,0.188191,0.0188578
3.46,4,-0.400006,-0.372845,-0.000107558,-0.21724,-0.0271618
3.46,5,-7.7502e-06,7.14245e-05,-0.000686526,-0.000189916,-7.91747e-05
3.47,0,1.4,0.3483,-5.69057e-06,30,1.0517
3.47,1,-1.00001,-0.756608,-9.91826e-06,-9.73592,-0.243399
3.47,2,1.39999,1.30829,4.066e-05,2.7511,0.0917061
3.47,3,-7.57249e-06,-0.0188606,0.000352978,0.188319,0.0188531
3.47,4,-0.400006,-0.372846,-0.000123964,-0.217223,-0.0271606
3.47,5,-7.7502e-06,6.42494e-05,-0.00073785,-0.000138643,-7.19996e-05
3.48,0,1.4,0.3483,-2.11402e-06,30,1.0517
3.48,1,-1.00001,-0.756608,-1.02037e-05,-9.73591,-0.243399
3.48,2,1.39999,1.30829,2.58495e-05,2.75112,0.0917057
3.48,3,-7.57249e-06,-0.0188584,0.000129655,0.18843,0.0188508
3.48,4,-0.400006,-0.372847,-0.000134054,-0.217207,-0.0271593
3.48,5,-7.7502e-06,5.67349e-05,-0.000758336,-9.49247e-05,-6.44851e-05
3.49,0,1.4,0.3483,5.15241e-07,30,1.0517
3.49,1,-1.00001,-0.756608,-1.04136e-05,-9.73591,-0.243399
3.49,2,1.39999,1.30829,1.49615e-05,2.75114,0.0917055
3.49,3,-7.57249e-06,-0.018858,-3.452e-05,0.188525,0.0188505
3.49,4,-0.400006,-0.372848,-0.000138515,-0.217194,-0.0271579
3.49,5,-7.7502e-06,4.91605e-05,-0.000753266,-5.85738e-05,-5.69107e-05
3.5,0,1.4,0.3483,2.35761e-06,30,1.0517
3.5,1,-1.00001,-0.756608,-1.05605e-05,-9.7359,-0.243398
3.5,2,1.39999,1.30829,7.33202e-06,2.75115,0.0917054
3.5,3,-7.57249e-06,-0.018859,-0.000149561,0.188604,0.0188515
3.5,4,-0.400006,-0.37285,-0.000138167,-0.217183,-0.0271566
3.5,5,-7.7502e-06,4.17528e-05,-0.000727884,-2.91496e-05,-4.9503e-05
3.51,0,1.4,0.3483,3.55968e-06,30,1.0517
3.51,1,-1.00001,-0.756608,-1.06564e-05,-9.7359,-0.243398
3.51,2,1.39999,1.30829,2.35405e-06,2.75116,0.0917054
3.51,3,-7.57249e-06,-0.018861,-0.00022462,0.188669,0.0188534
3.51,4,-0.400006,-0.372851,-0.000133885,-0.217175,-0.0271552
3.51,5,-7.7502e-06,3.46872e-05,-0.000687145,-6.04373e-06,-4.24374e-05
3.52,0,1.4,0.3483,4.25258e-06,30,1.0517
3.52,1,-1.00001,-0.756608,-1.07116e-05,-9.7359,-0.243398
3.52,2,1.39999,1.30829,-5.15372e-07,2.75116,0.0917054
3.52,3,-7.57249e-06,-0.0188635,-0.000267885,0.18872,0.0188559
3.52,4,-0.400006,-0.372852,-0.000126544,-0.217168,-0.0271539
3.52,5,-7.7502e-06,2.80923e-05,-0.000635541,1.14497e-05,-3.58425e-05
3.53,0,1.4,0.3483,4.55125e-06,30,1.0517
3.53,1,-1.00001,-0.756608,-1.07354e-05,-9.73589,-0.243398
3.53,2,1.39999,1.30829,-1.75225e-06,2.75117,0.0917054
3.53,3,-7.57249e-06,-0.0188663,-0.000286534,0.188759,0.0188587
3.53,4,-0.400006,-0.372854,-0.000116974,-0.217163,-0.0271527
3.53,5,-7.7502e-06,2.20546e-05,-0.00057701,2.40791e-05,-2.98048e-05
3.54,0,1.4,0.3483,4.55449e-06,30,1.0517
3.54,1,-1.00001,-0.756608,-1.07355e-05,-9.73589,-0.243398
3.54,2,1.39999,1.30829,-1.76576e-06,2.75117,0.0917054
3.54,3,-7.57249e-06,-0.0188692,-0.000286736,0.188788,0.0188616
3.54,4,-0.400006,-0.372855,-0.000105929,-0.21716,-0.0271516
3.54,5,-7.7502e-06,1.66244e-05,-0.000514889,3.25939e-05,-2.43746e-05
3.55,0,1.4,0.3483,4.34558e-06,30,1.0517
3.55,1,-1.00001,-0.756608,-1.07187e-05,-9.73588,-0.243398
3.55,2,1.39999,1.30829,-9.00779e-07,2.75116,0.0917054
3.55,3,-7.57249e-06,-0.018872,-0.000273691,0.188808,0.0188644
3.55,4,-0.400006,-0.372856,-9.40667e-05,-0.217158,-0.0271506
3.55,5,-7.7502e-06,1.18221e-05,-0.000451917,3.77137e-05,-1.95723e-05
3.56,0,1.4,0.348301,3.99329e-06,30,1.0517
3.56,1,-1.00001,-0.756609,-1.06905e-05,-9.73588,-0.243398
3.56,2,1.39999,1.30829,5.57919e-07,2.75116,0.0917054
3.56,3,-7.57249e-06,-0.0188746,-0.000251694,0.188821,0.018867
3.56,4,-0.400006,-0.372857,-8.19437e-05,-0.217157,-0.0271497
3.56,5,-7.7502e-06,7.64387e-06,-0.000390257,4.01067e-05,-1.53941e-05
3.57,0,1.4,0.348301,3.55316e-06,30,1.0517
3.57,1,-1.00001,-0.756609,-1.06553e-05,-9.73587,-0.243398
3.57,2,1.39999,1.30829,2.38036e-06,2.75116,0.0917054
3.57,3,-7.57249e-06,-0.018877,-0.000224212,0.188828,0.0188694
3.57,4,-0.400006,-0.372857,-7.00102e-05,-0.217157,-0.0271489
3.57,5,-7.7502e-06,4.06719e-06,-0.000331546,4.03767e-05,-1.18174e-05
3.58,0,1.4,0.348301,3.06892e-06,30,1.0517
3.58,1,-1.00001,-0.756609,-1.06166e-05,-9.73587,-0.243398
3.58,2,1.39999,1.30829,4.38545e-06,2.75115,0.0917054
3.58,3,-7.57249e-06,-0.018879,-0.000193976,0.188831,0.0188715
3.58,4,-0.400006,-0.372858,-5.86151e-05,-0.217157,-0.0271483
3.58,5,-7.7502e-06,1.05589e-06,-0.000276952,3.9055e-05,-8.80609e-06
3.59,0,1.4,0.348301,2.57406e-06,30,1.0517
3.59,1,-1.00001,-0.756609,-1.0577e-05,-9.73587,-0.243397
3.59,2,1.39999,1.30829,6.43449e-06,2.75115,0.0917053
3.59,3,-7.57249e-06,-0.0188808,-0.000163077,0.18883,0.0188732
3.59,4,-0.400006,-0.372859,-4.80132e-05,-0.217158,-0.0271478
3.59,5,-7.7502e-06,-1.43619e-06,-0.000227219,3.65957e-05,-6.31401e-06
3.6,0,1.4,0.348301,2.09301e-06,30,1.0517
3.6,1,-1.00001,-0.756609,-1.05386e-05,-9.73586,-0.243397
3.6,2,1.39999,1.30829,8.42638e-06,2.75114,0.0917052
3.6,3,-7.57249e-06,-0.0188823,-0.00013304,0.188827,0.0188747
3.6,4,-0.400006,-0.372859,-3.83774e-05,-0.21716,-0.0271474
3.6,5,-7.7502e-06,-3.45965e-06,-0.000182819,3.33929e-05,-4.29055e-06
3.61,0,1.4,0.348301,1.64315e-06,30,1.0517
3.61,1,-1.00001,-0.756609,-1.05026e-05,-9.73586,-0.243397
3.61,2,1.39999,1.30829,1.02891e-05,2.75113,0.0917052
3.61,3,-7.57249e-06,-0.0188834,-0.000104951,0.188822,0.0188759
3.61,4,-0.400006,-0.372859,-2.98063e-05,-0.217161,-0.027147
3.61,5,-7.7502e-06,-5.06909e-06,-0.000143863,2.97533e-05,-2.6811e-06
3.62,0,1.4,0.348301,1.2356e-06,30,1.0517
3.62,1,-1.00001,-0.756609,-1.04701e-05,-9.73585,-0.243397
3.62,2,1.39999,1.30829,1.19766e-05,2.75113,0.091705
3.62,3,-7.57249e-06,-0.0188844,-7.95047e-05,0.188816,0.0188768
3.62,4,-0.400006,-0.37286,-2.23401e-05,-0.217163,-0.0271468
3.62,5,-7.7502e-06,-6.3187e-06,-0.000110285,2.59281e-05,-1.4315e-06
3.63,0,1.4,0.348301,8.76655e-07,30,1.0517
3.63,1,-1.00001,-0.756609,-1.04414e-05,-9.73585,-0.243397
3.63,2,1.39999,1.30829,1.34629e-05,2.75112,0.0917049
3.63,3,-7.57249e-06,-0.018885,-5.70926e-05,0.188809,0.0188775
3.63,4,-0.400006,-0.37286,-1.59714e-05,-0.217165,-0.0271466
3.63,5,-7.7502e-06,-7.26108e-06,-8.18547e-05,2.21109e-05,-4.89112e-07
3.64,0,1.4,0.348301,5.68813e-07,30,1.0517
3.64,1,-1.00001,-0.756609,-1.04168e-05,-9.73585,-0.243397
3.64,2,1.39999,1.30829,1.47375e-05,2.75111,0.0917048
3.64,3,-7.57249e-06,-0.0188855,-3.78713e-05,0.188802,0.0188779
3.64,4,-0.400006,-0.37286,-1.06554e-05,-0.217166,-0.0271464
3.64,5,-7.7502e-06,-7.94589e-06,-5.82225e-05,1.84452e-05,1.95689e-07
3.65,0,1.4,0.348301,3.11724e-07,30,1.0517
3.65,1,-1.00001,-0.756609,-1.03962e-05,-9.73584,-0.243397
3.65,2,1.39999,1.30829,1.5802e-05,2.75111,0.0917046
3.65,3,-7.57249e-06,-0.0188858,-2.18189e-05,0.188795,0.0188782
3.65,4,-0.400006,-0.37286,-6.32115e-06,-0.217168,-0.0271464
3.65,5,-7.7502e-06,-8.41879e-06,-3.89626e-05,1.50317e-05,6.6859e-07
3.66,0,1.4,0.348301,1.0298e-07,30,1.0517
3.66,1,-1.00001,-0.75661,-1.03796e-05,-9.73584,-0.243397
3.66,2,1.39999,1.30829,1.66664e-05,2.7511,0.0917045
3.66,3,-7.57249e-06,-0.0188859,-8.78516e-06,0.188789,0.0188783
3.66,4,-0.400006,-0.37286,-2.87937e-06,-0.217169,-0.0271463
3.66,5,-7.7502e-06,-8.72095e-06,-2.36057e-05,1.19355e-05,9.70756e-07
3.67,0,1.4,0.348301,-6.12287e-08,30,1.0517
3.67,1,-1.00001,-0.75661,-1.03664e-05,-9.73583,-0.243397
3.67,2,1.39999,1.30829,1.73463e-05,2.75109,0.0917043
3.67,3,-7.57249e-06,-0.0188859,1.4679e-06,0.188783,0.0188784
3.67,4,-0.400006,-0.37286,-2.30537e-07,-0.21717,-0.0271463
3.67,5,-7.7502e-06,-8.88875e-06,-1.16662e-05,9.19261e-06,1.13855e-06
3.68,0,1.4,0.348301,-1.85573e-07,30,1.0517
3.68,1,-1.00001,-0.75661,-1.03565e-05,-9.73583,-0.243397
3.68,2,1.39999,1.30829,1.78611e-05,2.75109,0.0917041
3.68,3,-7.57249e-06,-0.0188859,9.2319e-06,0.188778,0.0188783
3.68,4,-0.400006,-0.37286,1.72919e-06,-0.217171,-0.0271463
3.68,5,-7.7502e-06,-8.95369e-06,-2.6626e-06,6.81623e-06,1.20349e-06
3.69,0,1.4,0.348301,-2.75158e-07,30,1.0517
3.69,1,-1.00001,-0.75661,-1.03493e-05,-9.73583,-0.243396
3.69,2,1.39999,1.30829,1.82321e-05,2.75108,0.0917039
3.69,3,-7.57249e-06,-0.0188858,1.48256e-05,0.188773,0.0188782
3.69,4,-0.400006,-0.37286,3.10312e-06,-0.217172,-0.0271463
3.69,5,-7.7502e-06,-8.94257e-06,3.86594e-06,4.80209e-06,1.19238e-06
3.7,0,1.4,0.348301,-3.35196e-07,30,1.0517
3.7,1,-1.00001,-0.75661,-1.03445e-05,-9.73582,-0.243396
3.7,2,1.39999,1.30829,1.84807e-05,2.75108,0.0917037
3.7,3,-7.57249e-06,-0.0188856,1.85744e-05,0.188769,0.018878
3.7,4,-0.400006,-0.37286,3.99034e-06,-0.217173,-0.0271464
3.7,5,-7.7502e-06,-8.87776e-06,8.34905e-06,3.1331e-06,1.12756e-06
3.71,0,1.4,0.348301,-3.70756e-07,30,1.0517
3.71,1,-1.00001,-0.75661,-1.03417e-05,-9.73582,-0.243396
3.71,2,1.39999,1.30829,1.86279e-05,2.75107,0.0917036
3.71,3,-7.57249e-06,-0.0188854,2.07948e-05,0.188766,0.0188778
3.71,4,-0.400006,-0.37286,4.48306e-06,-0.217174,-0.0271464
3.71,5,-7.7502e-06,-8.77752e-06,1.11776e-05,1.78334e-06,1.02733e-06
3.72,0,1.4,0.348301,-3.86595e-07,30,1.0517
3.72,1,-1.00001,-0.75661,-1.03404e-05,-9.73581,-0.243396
3.72,2,1.39999,1.30829,1.86935e-05,2.75106,0.0917034
3.72,3,-7.57249e-06,-0.0188852,2.17839e-05,0.188763,0.0188776
3.72,4,-0.400006,-0.37286,4.66494e-06,-0.217174,-0.0271465
3.72,5,-7.7502e-06,-8.65645e-06,1.26998e-05,7.21339e-07,9.06258e-07
3.73,0,1.4,0.348301,-3.87045e-07,30,1.0517
3.73,1,-1.00001,-0.75661,-1.03404e-05,-9.73581,-0.243396
3.73,2,1.39999,1.30829,1.86953e-05,2.75106,0.0917032
3.73,3,-7.57249e-06,-0.018885,2.18121e-05,0.188761,0.0188774
3.73,4,-0.400006,-0.37286,4.61001e-06,-0.217174,-0.0271465
3.73,5,-7.7502e-06,-8.52591e-06,1.32195e-05,-8.72723e-08,7.75714e-07
3.74,0,1.4,0.348301,-3.75943e-07,30,1.0517
3.74,1,-1.00001,-0.75661,-1.03413e-05,-9.7358,-0.243396
3.74,2,1.39999,1.30829,1.86493e-05,2.75105,0.091703
3.74,3,-7.57249e-06,-0.0188847,2.1119e-05,0.188759,0.0188772
3.74,4,-0.400006,-0.37286,4.38237e-06,-0.217175,-0.0271466
3.74,5,-7.7502e-06,-8.39445e-06,1.29965e-05,-6.77679e-07,6.44254e-07
3.75,0,1.4,0.348301,-3.56608e-07,30,1.0517
3.75,1,-1.00001,-0.75661,-1.03428e-05,-9.7358,-0.243396
3.75,2,1.39999,1.30829,1.85692e-05,2.75105,0.0917028
3.75,3,-7.57249e-06,-0.0188845,1.99118e-05,0.188758,0.018877
3.75,4,-0.400006,-0.37286,4.03621e-06,-0.217175,-0.0271466
3.75,5,-7.7502e-06,-8.26827e-06,1.22489e-05,-1.08432e-06,5.18073e-07
3.76,0,1.4,0.348301,-3.31836e-07,30,1.0517
3.76,1,-1.00001,-0.756611,-1.03448e-05,-9.7358,-0.243396
3.76,2,1.39999,1.30829,1.84666e-05,2.75104,0.0917026
3.76,3,-7.57249e-06,-0.0188844,1.83651e-05,0.188757,0.0188768
3.76,4,-0.400006,-0.37286,3.6163e-06,-0.217175,-0.0271466
3.76,5,-7.7502e-06,-8.1516e-06,1.11558e-05,-1.33974e-06,4.014e-07
3.77,0,1.4,0.348301,-3.03927e-07,30,1.0517
3.77,1,-1.00001,-0.756611,-1.0347e-05,-9.73579,-0.243396
3.77,2,1.39999,1.30829,1.83511e-05,2.75104,0.0917024
3.77,3,-7.57249e-06,-0.0188842,1.66225e-05,0.188756,0.0188766
3.77,4,-0.400006,-0.37286,3.15868e-06,-0.217175,-0.0271467
3.77,5,-7.7502e-06,-8.04707e-06,9.86069e-06,-1.47383e-06,2.96875e-07
3.78,0,1.4,0.348301,-2.74719e-07,30,1.0517
3.78,1,-1.00001,-0.756611,-1.03493e-05,-9.73579,-0.243395
3.78,2,1.39999,1.30829,1.82301e-05,2.75103,0.0917023
3.78,3,-7.57249e-06,-0.018884,1.47988e-05,0.188756,0.0188764
3.78,4,-0.400006,-0.37286,2.69149e-06,-0.217175,-0.0271467
3.78,5,-7.7502e-06,-7.95607e-06,8.47585e-06,-1.51338e-06,2.05874e-07
3.79,0,1.4,0.348301,-2.45635e-07,30,1.0517
3.79,1,-1.00001,-0.756611,-1.03516e-05,-9.73578,-0.243395
3.79,2,1.39999,1.30829,1.81096e-05,2.75103,0.0917021
3.79,3,-7.57249e-06,-0.0188839,1.29829e-05,0.188755,0.0188763
3.79,4,-0.400006,-0.37286,2.23591e-06,-0.217175,-0.0271467
3.79,5,-7.7502e-06,-7.87901e-06,7.08622e-06,-1.48182e-06,1.28809e-07
3.8,0,1.4,0.348301,-2.17732e-07,30,1.0517
3.8,1,-1.00001,-0.756611,-1.03538e-05,-9.73578,-0.243395
3.8,2,1.39999,1.30829,1.79941e-05,2.75102,0.0917019
3.8,3,-7.57249e-06,-0.0188838,1.12406e-05,0.188755,0.0188762
3.8,4,-0.400006,-0.37286,1.80714e-06,-0.217175,-0.0271467
3.8,5,-7.7502e-06,-7.81557e-06,5.75349e-06,-1.3992e-06,6.53687e-08
