sim_t,joint,desired,actual,velocity,torque,error
0,0,0,0,0,0,0
0,1,-0.8,-0.8,0,0,0
0,2,1.2,1.2,0,-6.66134e-15,-2.22045e-16
0,3,0,0,0,0,0
0,4,-0.4,-0.4,0,0,0
0,5,0,0,0,0,0
0.01,0,0,0,0,0,0
0.01,1,-0.8,-0.799036,0.16595,-0.536428,-0.000964426
0.01,2,1.2,1.20018,0.0384837,-0.0823016,-0.000177805
0.01,3,0,0,0,0,0
0.01,4,-0.4,-0.401011,-0.1636,0.089886,0.00101077
0.01,5,0,0,0,0,0
0.02,0,0,0,0,0,0
0.02,1,-0.8,-0.796699,0.2836,-0.982847,-0.00330121
0.02,2,1.2,1.20089,0.100179,-0.227177,-0.000893941
0.02,3,0,0,0,0,0
0.02,4,-0.4,-0.402999,-0.213878,0.130932,0.00299909
0.02,5,0,0,0,0,0
0.03,0,0,0,0,0,0
0.03,1,-0.8,-0.79336,0.371512,-1.38016,-0.00664049
0.03,2,1.2,1.20226,0.165307,-0.398268,-0.00225512
0.03,3,0,0,0,0,0
0.03,4,-0.4,-0.40506,-0.191605,0.136286,0.00506038
0.03,5,0,0,0,0,0
0.04,0,0,0,0,0,0
0.04,1,-0.8,-0.789258,0.439158,-1.74714,-0.0107418
0.04,2,1.2,1.20425,0.226588,-0.580675,-0.00424998
0.04,3,0,0,0,0,0
0.04,4,-0.4,-0.406654,-0.128913,0.117692,0.00665443
0.04,5,0,0,0,0,0
0.05,0,0,0,0,0,0
0.05,1,-0.8,-0.784566,0.491833,-2.09285,-0.0154339
0.05,2,1.2,1.20682,0.281133,-0.766927,-0.00682205
0.05,3,0,0,0,0,0
0.05,4,-0.4,-0.407507,-0.0480056,0.0840564,0.0075067
0.05,5,0,0,0,0,0
0.06,0,0,0,0,0,0
0.06,1,-0.8,-0.779414,0.532665,-2.42142,-0.0205856
0.06,2,1.2,1.2099,0.327782,-0.952464,-0.00989669
0.06,3,0,0,0,0,0
0.06,4,-0.4,-0.407519,0.0368425,0.0417314,0.00751908
0.06,5,0,0,0,0,0
0.07,0,0,0,0,0,0
0.07,1,-0.8,-0.77391,0.563557,-2.73426,-0.0260898
0.07,2,1.2,1.21339,0.366159,-1.13409,-0.0133924
0.07,3,0,0,0,0,0
0.07,4,-0.4,-0.406703,0.117015,-0.00488035,0.00670341
0.07,5,0,0,0,0,0
0.08,0,0,0,0,0,0
0.08,1,-0.8,-0.768146,0.585705,-3.03128,-0.031854
0.08,2,1.2,1.21723,0.396296,-1.30939,-0.0172265
0.08,3,0,0,0,0,0
0.08,4,-0.4,-0.405135,0.18773,-0.0527828,0.00513529
0.08,5,0,0,0,0,0
0.09,0,0,0,0,0,0
0.09,1,-0.8,-0.762205,0.599905,-3.31154,-0.0377955
0.09,2,1.2,1.22132,0.418456,-1.47645,-0.0213178
0.09,3,0,0,0,0,0
0.09,4,-0.4,-0.402923,0.246709,-0.0999671,0.00292345
0.09,5,0,0,0,0,0
0.1,0,0,0,0,0,0
0.1,1,-0.8,-0.756162,0.606744,-3.57375,-0.043838
0.1,2,1.2,1.22559,0.43304,-1.63374,-0.0255886
0.1,3,0,0,0,0,0
0.1,4,-0.4,-0.40019,0.293258,-0.145108,0.000190081
0.1,5,0,0,0,0,0
0.11,0,0,0,0,0,0
0.11,1,-0.8,-0.750089,0.606714,-3.81657,-0.0499108
0.11,2,1.2,1.22997,0.440534,-1.78004,-0.0299659
0.11,3,0,0,0,0,0
0.11,4,-0.4,-0.397059,0.327642,-0.187352,-0.00294137
0.11,5,0,0,0,0,0
0.12,0,0,0,0,0,0
0.12,1,-0.8,-0.744052,0.600284,-4.03876,-0.0559476
0.12,2,1.2,1.23438,0.441472,-1.91439,-0.0343815
0.12,3,0,0,0,0,0
0.12,4,-0.4,-0.393647,0.350674,-0.226164,-0.0063534
0.12,5,0,0,0,0,0
0.13,0,0,0,0,0,0
0.13,1,-0.8,-0.738113,0.587937,-4.2393,-0.0618872
0.13,2,1.2,1.23877,0.436424,-2.03604,-0.0387732
0.13,3,0,0,0,0,0
0.13,4,-0.4,-0.390062,0.363451,-0.261232,-0.00993838
0.13,5,0,0,0,0,0
0.14,0,0,0,0,0,0
0.14,1,-0.8,-0.732327,0.570184,-4.41748,-0.0676732
0.14,2,1.2,1.24308,0.425975,-2.14448,-0.0430842
0.14,3,0,0,0,0,0
0.14,4,-0.4,-0.3864,0.367186,-0.292396,-0.0136004
0.14,5,0,0,0,0,0
0.15,0,0,0,0,0,0
0.15,1,-0.8,-0.726746,0.547576,-4.57291,-0.0732545
0.15,2,1.2,1.24726,0.410723,-2.23936,-0.0472638
0.15,3,0,0,0,0,0
0.15,4,-0.4,-0.382744,0.363109,-0.319601,-0.0172558
0.15,5,0,0,0,0,0
0.16,0,0,0,0,0,0
0.16,1,-0.8,-0.721414,0.520693,-4.70551,-0.0785856
0.16,2,1.2,1.25127,0.391267,-2.32055,-0.0512672
0.16,3,0,0,0,0,0
0.16,4,-0.4,-0.379167,0.352406,-0.342867,-0.020833
0.16,5,0,0,0,0,0
0.17,0,0,0,0,0,0
0.17,1,-0.8,-0.716373,0.490142,-4.81552,-0.0836273
0.17,2,1.2,1.25506,0.368208,-2.38809,-0.0550558
0.17,3,0,0,0,0,0
0.17,4,-0.4,-0.375728,0.33619,-0.362271,-0.024272
0.17,5,0,0,0,0,0
0.18,0,0,0,0,0,0
0.18,1,-0.8,-0.711654,0.456543,-4.90348,-0.0883462
0.18,2,1.2,1.2586,0.342139,-2.44218,-0.0585967
0.18,3,0,0,0,0,0
0.18,4,-0.4,-0.372477,0.31549,-0.377932,-0.0275233
0.18,5,0,0,0,0,0
0.19,0,0,0,0,0,0
0.19,1,-0.8,-0.707285,0.420518,-4.97017,-0.0927152
0.19,2,1.2,1.26186,0.313646,-2.48319,-0.0618631
0.19,3,0,0,0,0,0
0.19,4,-0.4,-0.369453,0.291246,-0.390002,-0.0305474
0.19,5,0,0,0,0,0
0.2,0,0,0,0,0,0
0.2,1,-0.8,-0.703286,0.382682,-5.01659,-0.0967136
0.2,2,1.2,1.26483,0.283299,-2.51162,-0.064834
0.2,3,0,0,0,0,0
0.2,4,-0.4,-0.366686,0.264309,-0.398663,-0.0333136
0.2,5,0,0,0,0,0
0.21,0,0,0,0,0,0
0.21,1,-0.8,-0.699674,0.343629,-5.04394,-0.100326
0.21,2,1.2,1.26749,0.251651,-2.52811,-0.0674938
0.21,3,0,0,0,0,0
0.21,4,-0.4,-0.364201,0.235448,-0.404118,-0.0357993
0.21,5,0,0,0,0,0
0.22,0,0,0,0,0,0
0.22,1,-0.8,-0.696455,0.303927,-5.05356,-0.103545
0.22,2,1.2,1.26983,0.219228,-2.53343,-0.0698324
0.22,3,0,0,0,0,0
0.22,4,-0.4,-0.362011,0.205355,-0.406589,-0.037989
0.22,5,0,0,0,0,0
0.23,0,0,0,0,0,0
0.23,1,-0.8,-0.693635,0.264109,-5.04692,-0.106365
0.23,2,1.2,1.27184,0.186531,-2.52841,-0.0718449
0.23,3,0,0,0,0,0
0.23,4,-0.4,-0.360126,0.174649,-0.406316,-0.0398739
0.23,5,0,0,0,0,0
0.24,0,0,0,0,0,0
0.24,1,-0.8,-0.691212,0.224666,-5.02553,-0.108788
0.24,2,1.2,1.27353,0.154026,-2.51398,-0.0735311
0.24,3,0,0,0,0,0
0.24,4,-0.4,-0.358549,0.143881,-0.403549,-0.041451
0.24,5,0,0,0,0,0
0.25,0,0,0,0,0,0
0.25,1,-0.8,-0.689178,0.186045,-4.99101,-0.110822
0.25,2,1.2,1.2749,0.12214,-2.49114,-0.0748953
0.25,3,0,0,0,0,0
0.25,4,-0.4,-0.357278,0.113541,-0.39855,-0.0427224
0.25,5,0,0,0,0,0
0.26,0,0,0,0,0,0
0.26,1,-0.8,-0.687525,0.148643,-4.94495,-0.112475
0.26,2,1.2,1.27595,0.0912627,-2.4609,-0.0759459
0.26,3,0,0,0,0,0
0.26,4,-0.4,-0.356305,0.084053,-0.391585,-0.0436948
0.26,5,0,0,0,0,0
0.27,0,0,0,0,0,0
0.27,1,-0.8,-0.686237,0.112809,-4.88896,-0.113763
0.27,2,1.2,1.27669,0.0617363,-2.42432,-0.0766948
0.27,3,0,0,0,0,0
0.27,4,-0.4,-0.355621,0.0557871,-0.382923,-0.0443787
0.27,5,0,0,0,0,0
0.28,0,0,0,0,0,0
0.28,1,-0.8,-0.685297,0.0788394,-4.82463,-0.114703
0.28,2,1.2,1.27716,0.0338582,-2.38244,-0.0771574
0.28,3,0,0,0,0,0
0.28,4,-0.4,-0.355212,0.0290557,-0.372833,-0.0447882
0.28,5,0,0,0,0,0
0.29,0,0,0,0,0,0
0.29,1,-0.8,-0.684686,0.0469823,-4.75352,-0.115314
0.29,2,1.2,1.27735,0.00787764,-2.3363,-0.0773514
0.29,3,0,0,0,0,0
0.29,4,-0.4,-0.35506,0.00411722,-0.361579,-0.04494
0.29,5,0,0,0,0,0
0.3,0,0,0,0,0,0
0.3,1,-0.8,-0.68438,0.017437,-4.6771,-0.11562
0.3,2,1.2,1.2773,-0.0160044,-2.2869,-0.0772971
0.3,3,0,0,0,0,0
0.3,4,-0.4,-0.355147,-0.0188215,-0.349416,-0.0448533
0.3,5,0,0,0,0,0
0.31,0,0,0,0,0,0
0.31,1,-0.8,-0.684357,-0.00964384,-4.59679,-0.115643
0.31,2,1.2,1.27702,-0.0376346,-2.23522,-0.0770161
0.31,3,0,0,0,0,0
0.31,4,-0.4,-0.355451,-0.0396033,-0.33659,-0.0445489
0.31,5,0,0,0,0,0
0.32,0,0,0,0,0,0
0.32,1,-0.8,-0.68459,-0.0341515,-4.51393,-0.11541
0.32,2,1.2,1.27653,-0.056906,-2.18214,-0.0765318
0.32,3,0,0,0,0,0
0.32,4,-0.4,-0.355951,-0.0581182,-0.323334,-0.0440492
0.32,5,0,0,0,0,0
0.33,0,0,0,0,0,0
0.33,1,-0.8,-0.685054,-0.0560184,-4.42977,-0.114946
0.33,2,1.2,1.27587,-0.0737559,-2.12853,-0.0758681
0.33,3,0,0,0,0,0
0.33,4,-0.4,-0.356623,-0.0743006,-0.309866,-0.043377
0.33,5,0,0,0,0,0
0.34,0,0,0,0,0,0
0.34,1,-0.8,-0.685722,-0.075215,-4.34546,-0.114278
0.34,2,1.2,1.27505,-0.0881631,-2.07515,-0.0750493
0.34,3,0,0,0,0,0
0.34,4,-0.4,-0.357444,-0.0881258,-0.296386,-0.0425561
0.34,5,0,0,0,0,0
0.35,0,0,0,0,0,0
0.35,1,-0.8,-0.686568,-0.0917463,-4.26205,-0.113432
0.35,2,1.2,1.2741,-0.100145,-2.0227,-0.0740998
0.35,3,0,0,0,0,0
0.35,4,-0.4,-0.35839,-0.0996066,-0.283075,-0.0416097
0.35,5,0,0,0,0,0
0.36,0,0,0,0,0,0
0.36,1,-0.8,-0.687564,-0.105649,-4.1805,-0.112436
0.36,2,1.2,1.27304,-0.109752,-1.9718,-0.0730435
0.36,3,0,0,0,0,0
0.36,4,-0.4,-0.359439,-0.10879,-0.270095,-0.0405613
0.36,5,0,0,0,0,0
0.37,0,0,0,0,0,0
0.37,1,-0.8,-0.688685,-0.116989,-4.10165,-0.111315
0.37,2,1.2,1.2719,-0.117066,-1.92299,-0.0719039
0.37,3,0,0,0,0,0
0.37,4,-0.4,-0.360567,-0.115752,-0.25759,-0.0394333
0.37,5,0,0,0,0,0
0.38,0,0,0,0,0,0
0.38,1,-0.8,-0.689905,-0.125854,-4.02623,-0.110095
0.38,2,1.2,1.2707,-0.122194,-1.87671,-0.0707033
0.38,3,0,0,0,0,0
0.38,4,-0.4,-0.361753,-0.120595,-0.245682,-0.0382474
0.38,5,0,0,0,0,0
0.39,0,0,0,0,0,0
0.39,1,-0.8,-0.691202,-0.132356,-3.95487,-0.108798
0.39,2,1.2,1.26946,-0.125266,-1.83335,-0.0694629
0.39,3,0,0,0,0,0
0.39,4,-0.4,-0.362976,-0.123442,-0.234473,-0.0370242
0.39,5,0,0,0,0,0
0.4,0,0,0,0,0,0
0.4,1,-0.8,-0.69255,-0.136626,-3.88811,-0.10745
0.4,2,1.2,1.2682,-0.126428,-1.79321,-0.0682023
0.4,3,0,0,0,0,0
0.4,4,-0.4,-0.364217,-0.124435,-0.224046,-0.0357829
0.4,5,0,0,0,0,0
0.41,0,0,0,0,0,0
0.41,1,-0.8,-0.69393,-0.138806,-3.82637,-0.10607
0.41,2,1.2,1.26694,-0.125839,-1.75652,-0.0669399
0.41,3,0,0,0,0,0
0.41,4,-0.4,-0.365459,-0.123726,-0.214466,-0.0345411
0.41,5,0,0,0,0,0
0.42,0,0,0,0,0,0
0.42,1,-0.8,-0.695321,-0.139056,-3.76998,-0.104679
0.42,2,1.2,1.26569,-0.12367,-1.72343,-0.0656922
0.42,3,0,0,0,0,0
0.42,4,-0.4,-0.366685,-0.121481,-0.205779,-0.033315
0.42,5,0,0,0,0,0
0.43,0,0,0,0,0,0
0.43,1,-0.8,-0.696705,-0.137542,-3.71918,-0.103295
0.43,2,1.2,1.26447,-0.120094,-1.69403,-0.0644741
0.43,3,0,0,0,0,0
0.43,4,-0.4,-0.367881,-0.117869,-0.198017,-0.032119
0.43,5,0,0,0,0,0
0.44,0,0,0,0,0,0
0.44,1,-0.8,-0.698064,-0.134436,-3.67411,-0.101936
0.44,2,1.2,1.2633,-0.115289,-1.66838,-0.0632986
0.44,3,0,0,0,0,0
0.44,4,-0.4,-0.369034,-0.113062,-0.191195,-0.0309658
0.44,5,0,0,0,0,0
0.45,0,0,0,0,0,0
0.45,1,-0.8,-0.699385,-0.129918,-3.63485,-0.100615
0.45,2,1.2,1.26218,-0.109432,-1.64645,-0.0621772
0.45,3,0,0,0,0,0
0.45,4,-0.4,-0.370134,-0.107234,-0.185315,-0.0298665
0.45,5,0,0,0,0,0
0.46,0,0,0,0,0,0
0.46,1,-0.8,-0.700654,-0.124166,-3.60136,-0.0993465
0.46,2,1.2,1.26112,-0.102697,-1.62818,-0.0611192
0.46,3,0,0,0,0,0
0.46,4,-0.4,-0.37117,-0.100554,-0.180365,-0.0288303
0.46,5,0,0,0,0,0
0.47,0,0,0,0,0,0
0.47,1,-0.8,-0.701859,-0.11736,-3.57358,-0.0981415
0.47,2,1.2,1.26013,-0.0952533,-1.61347,-0.0601327
0.47,3,0,0,0,0,0
0.47,4,-0.4,-0.372135,-0.0931865,-0.176325,-0.0278647
0.47,5,0,0,0,0,0
0.48,0,0,0,0,0,0
0.48,1,-0.8,-0.702991,-0.109677,-3.55135,-0.0970095
0.48,2,1.2,1.25922,-0.0872628,-1.60219,-0.0592237
0.48,3,0,0,0,0,0
0.48,4,-0.4,-0.373024,-0.0852915,-0.173162,-0.0269759
0.48,5,0,0,0,0,0
0.49,0,0,0,0,0,0
0.49,1,-0.8,-0.704042,-0.101288,-3.53447,-0.0959583
0.49,2,1.2,1.2584,-0.078879,-1.59415,-0.0583969
0.49,3,0,0,0,0,0
0.49,4,-0.4,-0.373832,-0.0770186,-0.170837,-0.0261683
0.49,5,0,0,0,0,0
0.5,0,0.000101512,0,0,0.00406047,0.000101512
0.5,1,-0.7995,-0.705006,-0.0923593,-3.50269,-0.0944942
0.5,2,1.19992,1.25766,-0.0702455,-1.59153,-0.057734
0.5,3,7.10245e-05,0,0,0.000710245,7.10245e-05
0.5,4,-0.39993,-0.374555,-0.068509,-0.168741,-0.0253745
0.5,5,0.000254085,0,0,0.00127042,0.000254085
0.51,0,0.00111663,2.83732e-06,0.000712855,0.0424131,0.00111379
0.51,1,-0.794501,-0.70582,-0.0692631,-3.33945,-0.088681
0.51,2,1.19914,1.25692,-0.0792501,-1.57512,-0.0577874
0.51,3,0.00078127,-2.41408e-06,-0.000344763,0.0080437,0.000783684
0.51,4,-0.399227,-0.375175,-0.0562452,-0.164296,-0.0240524
0.51,5,0.00279493,5.09265e-05,0.0119198,0.0101441,0.002744
0.52,0,0.00213174,1.99657e-05,0.00271818,0.0763166,0.00211178
0.52,1,-0.789501,-0.706318,-0.0327143,-3.2292,-0.0831836
0.52,2,1.19835,1.25602,-0.100197,-1.52963,-0.0576675
0.52,3,0.00149152,1.7094e-06,0.00150691,0.0139939,0.00148981
0.52,4,-0.398524,-0.375682,-0.0471881,-0.159142,-0.022842
0.52,5,0.00533578,0.000292871,0.0351842,0.0146593,0.00504291
0.53,0,0.00314686,6.36992e-05,0.00588913,0.105659,0.00308316
0.53,1,-0.784502,-0.706419,0.00868159,-3.14935,-0.0780825
0.53,2,1.19757,1.2549,-0.120249,-1.47963,-0.0573377
0.53,3,0.00220176,4.18963e-05,0.00651945,0.017687,0.00215986
0.53,4,-0.397821,-0.376131,-0.0437039,-0.15167,-0.0216902
0.53,5,0.00787662,0.000791594,0.0621234,0.0167881,0.00708503
0.54,0,0.00416198,0.000144695,0.0100409,0.130569,0.00401728
0.54,1,-0.779502,-0.706098,0.0514006,-3.09038,-0.0734046
0.54,2,1.19678,1.25361,-0.135674,-1.4336,-0.0568315
0.54,3,0.00291201,0.000146825,0.0140475,0.0192233,0.00276518
0.54,4,-0.397119,-0.376565,-0.0433122,-0.142775,-0.0205539
0.54,5,0.0104175,0.00156353,0.0894327,0.0174399,0.00885394
0.55,0,0.00517709,0.000271713,0.0149838,0.151264,0.00490538
0.55,1,-0.774503,-0.705349,0.0938819,-3.04778,-0.0691533
0.55,2,1.19599,1.25219,-0.14581,-1.39439,-0.0562002
0.55,3,0.00362225,0.000336198,0.023091,0.0190059,0.00328605
0.55,4,-0.396416,-0.376999,-0.0433585,-0.133659,-0.0194172
0.55,5,0.0129583,0.0026029,0.115552,0.0171115,0.0103554
0.56,0,0.00619221,0.00045168,0.0205418,0.167996,0.00574053
0.56,1,-0.769503,-0.704181,0.135383,-3.01902,-0.0653219
0.56,2,1.19521,1.2507,-0.151013,-1.36283,-0.0554951
0.56,3,0.0043325,0.000619925,0.0327214,0.0174929,0.00371257
0.56,4,-0.395713,-0.377427,-0.0420607,-0.125261,-0.0182864
0.56,5,0.0154992,0.003893,0.139686,0.016125,0.0116062
0.57,0,0.00720733,0.000689864,0.0265569,0.181028,0.00651746
0.57,1,-0.764504,-0.702605,0.175529,-3.00252,-0.0618983
0.57,2,1.19442,1.24919,-0.151952,-1.33896,-0.0547621
0.57,3,0.00504274,0.000999669,0.0422055,0.0151074,0.00404307
0.57,4,-0.39501,-0.37783,-0.0385077,-0.11819,-0.0171805
0.57,5,0.01804,0.00541152,0.161428,0.0147142,0.0126285
0.58,0,0.00822244,0.000990057,0.0328903,0.190625,0.00723239
0.58,1,-0.759504,-0.700637,0.214124,-2.99708,-0.0588677
0.58,2,1.19364,1.24768,-0.149359,-1.32247,-0.0540396
0.58,3,0.00575299,0.00147092,0.0510196,0.0122089,0.00428207
0.58,4,-0.394307,-0.378183,-0.0324246,-0.11278,-0.016124
0.58,5,0.0205809,0.00713338,0.180597,0.0130582,0.0134475
0.59,0,0.00923756,0.00135476,0.0394202,0.197051,0.0078828
0.59,1,-0.754505,-0.698291,0.251055,-3.00172,-0.056214
0.59,2,1.19285,1.24621,-0.14394,-1.3129,-0.0533593
0.59,3,0.00646323,0.00202498,0.0588263,0.00908673,0.00443825
0.59,4,-0.393605,-0.378463,-0.0239394,-0.109165,-0.0151418
0.59,5,0.0231217,0.00903261,0.197167,0.0112952,0.0140891
0.6,0,0.0102527,0.00178534,0.0460412,0.20057,0.00846734
0.6,1,-0.749505,-0.695585,0.286254,-3.01557,-0.0539201
0.6,2,1.19207,1.24481,-0.136344,-1.30968,-0.0527456
0.6,3,0.00717348,0.00265065,0.0654409,0.00596371,0.00452283
0.6,4,-0.392902,-0.378646,-0.0134068,-0.107345,-0.0142561
0.6,5,0.0256625,0.0110836,0.211216,0.00953016,0.014579
0.61,0,0.0112678,0.0022822,0.0526617,0.201439,0.00898559
0.61,1,-0.744506,-0.692537,0.319671,-3.03775,-0.0519685
0.61,2,1.19128,1.2435,-0.127151,-1.31221,-0.052217
0.61,3,0.00788372,0.00333556,0.0707973,0.00300325,0.00454816
0.61,4,-0.392199,-0.378714,-0.00128723,-0.107234,-0.0134848
0.61,5,0.0282034,0.0132618,0.222894,0.00783967,0.0149415
0.62,0,0.0122829,0.00284489,0.0592029,0.199912,0.00943802
0.62,1,-0.739506,-0.689165,0.351262,-3.06742,-0.050341
0.62,2,1.1905,1.24228,-0.116873,-1.31986,-0.0517868
0.62,3,0.00859397,0.00406718,0.0749168,0.000317772,0.00452678
0.62,4,-0.391496,-0.378655,0.0119304,-0.108694,-0.0128411
0.62,5,0.0307442,0.0155448,0.232402,0.0062768,0.0151995
0.63,0,0.013298,0.00347223,0.0655971,0.196241,0.00982579
0.63,1,-0.734507,-0.685488,0.380985,-3.10372,-0.0490192
0.63,2,1.18971,1.24117,-0.105954,-1.33199,-0.0514632
0.63,3,0.00930421,0.00483357,0.0778818,-0.00202261,0.00447065
0.63,4,-0.390794,-0.37846,0.0257751,-0.111555,-0.0123334
0.63,5,0.0332851,0.0179119,0.239969,0.00487508,0.0153732
0.64,0,0.0143131,0.00416244,0.0717867,0.190668,0.0101507
0.64,1,-0.729507,-0.681523,0.408804,-3.14578,-0.0479841
0.64,2,1.18893,1.24018,-0.0947741,-1.34797,-0.0512506
0.64,3,0.0100145,0.00562381,0.0798139,-0.00398181,0.00439065
0.64,4,-0.390091,-0.378125,0.0398195,-0.115635,-0.0119656
0.64,5,0.0358259,0.0203452,0.245838,0.00365234,0.0154807
0.65,0,0.0153283,0.00491318,0.0777232,0.183433,0.0104151
0.65,1,-0.724508,-0.677291,0.434681,-3.19271,-0.0472166
0.65,2,1.18814,1.23929,-0.0836557,-1.36718,-0.0511496
0.65,3,0.0107247,0.00642835,0.0808563,-0.00555027,0.00429635
0.65,4,-0.389388,-0.37765,0.0536924,-0.120747,-0.0117376
0.65,5,0.0383668,0.0228289,0.25025,0.00261413,0.0155378
0.66,0,0.0163434,0.00572171,0.0833661,0.174768,0.0106217
0.66,1,-0.719508,-0.672811,0.458586,-3.24364,-0.0466971
0.66,2,1.18735,1.23851,-0.0728672,-1.38901,-0.0511582
0.66,3,0.0114349,0.00723913,0.0811607,-0.00673825,0.00419582
0.66,4,-0.388685,-0.377039,0.0670823,-0.126708,-0.0116459
0.66,5,0.0409076,0.0253499,0.253439,0.00175684,0.0155577
0.67,0,0.0173585,0.00658489,0.0886822,0.164898,0.0107736
0.67,1,-0.714509,-0.668103,0.480495,-3.29771,-0.0464056
0.67,2,1.18657,1.23784,-0.0626284,-1.4129,-0.0512718
0.67,3,0.0121452,0.0080496,0.0808767,-0.00757011,0.00409559
0.67,4,-0.387982,-0.376298,0.0797368,-0.133342,-0.0116843
0.67,5,0.0434485,0.027897,0.255623,0.00107026,0.0155514
0.68,0,0.0183736,0.0074993,0.093645,0.154037,0.0108743
0.68,1,-0.70951,-0.663187,0.500394,-3.35407,-0.0463222
0.68,2,1.18578,1.23727,-0.0531152,-1.43829,-0.051484
0.68,3,0.0128554,0.00885466,0.0801455,-0.00807954,0.00400078
0.68,4,-0.38728,-0.375435,0.0914585,-0.140482,-0.0118441
0.68,5,0.0459893,0.0304614,0.256999,0.000539849,0.0155279
0.69,0,0.0193887,0.00846131,0.0982343,0.142393,0.0109274
0.69,1,-0.70451,-0.658083,0.518281,-3.41191,-0.0464267
0.69,2,1.185,1.23678,-0.0444644,-1.46467,-0.0517866
0.69,3,0.0135657,0.00965055,0.0790949,-0.00830564,0.00391513
0.69,4,-0.386577,-0.374461,0.1021,-0.147973,-0.0121154
0.69,5,0.0485302,0.033036,0.257742,0.000148487,0.0154942
0.7,0,0.0204038,0.00946709,0.102435,0.130164,0.0109368
0.7,1,-0.699511,-0.652812,0.534166,-3.47046,-0.046699
0.7,2,1.18421,1.23638,-0.0367778,-1.49156,-0.0521706
0.7,3,0.0142759,0.0104347,0.0778368,-0.00828992,0.00384122
0.7,4,-0.385874,-0.373387,0.111557,-0.155672,-0.0124866
0.7,5,0.051071,0.0356152,0.258004,-0.000122085,0.0154558
0.71,0,0.021419,0.0105127,0.106239,0.117535,0.0109063
0.71,1,-0.694511,-0.647392,0.548073,-3.52899,-0.0471193
0.71,2,1.18343,1.23605,-0.0301261,-1.51852,-0.0526257
0.71,3,0.0149862,0.0112056,0.0764661,-0.00807391,0.00378057
0.71,4,-0.385171,-0.372226,0.119765,-0.163448,-0.0129456
0.71,5,0.0536118,0.038195,0.257916,-0.000290193,0.0154169
0.72,0,0.0224341,0.0115941,0.109639,0.10468,0.01084
0.72,1,-0.689512,-0.641844,0.560039,-3.58684,-0.047668
0.72,2,1.18264,1.23578,-0.0245524,-1.54514,-0.0531415
0.72,3,0.0156964,0.0119625,0.0750607,-0.00769752,0.00373389
0.72,4,-0.384468,-0.370989,0.126692,-0.171183,-0.0134797
0.72,5,0.0561527,0.0407724,0.257582,-0.000373453,0.0153803
0.73,0,0.0234492,0.0127073,0.112637,0.0917629,0.0107419
0.73,1,-0.684512,-0.636186,0.570116,-3.64338,-0.0483259
0.73,2,1.18186,1.23556,-0.020076,-1.57106,-0.0537069
0.73,3,0.0164067,0.0127055,0.0736823,-0.00719786,0.00370115
0.73,4,-0.383766,-0.36969,0.132334,-0.178774,-0.0140759
0.73,5,0.0586935,0.0433457,0.257092,-0.000388231,0.0153479
0.74,0,0.0244643,0.0138483,0.115236,0.0789321,0.010616
0.74,1,-0.679513,-0.630438,0.578369,-3.69808,-0.0490744
0.74,2,1.18107,1.23538,-0.0166949,-1.59594,-0.0543111
0.74,3,0.0171169,0.0134351,0.0723779,-0.00660852,0.00368182
0.74,4,-0.383063,-0.368341,0.136709,-0.186127,-0.0147215
0.74,5,0.0612344,0.0459134,0.256513,-0.000349318,0.0153209
0.75,0,0.0254794,0.0150131,0.117443,0.0663242,0.0104663
0.75,1,-0.674513,-0.624617,0.584874,-3.75046,-0.0498958
0.75,2,1.18028,1.23523,-0.0143887,-1.61952,-0.0549432
0.75,3,0.0178272,0.0141522,0.0711815,-0.0059592,0.00367497
0.75,4,-0.38236,-0.366956,0.139858,-0.193162,-0.0154041
0.75,5,0.0637752,0.0484752,0.255899,-0.000269763,0.0153
0.76,0,0.0264945,0.0161979,0.119268,0.0540616,0.0102966
0.76,1,-0.669514,-0.618741,0.58972,-3.80008,-0.0507731
0.76,2,1.1795,1.23509,-0.0131218,-1.64153,-0.0555926
0.76,3,0.0185374,0.014858,0.0701156,-0.00527556,0.00367938
0.76,4,-0.381657,-0.365546,0.141836,-0.199812,-0.0161118
0.76,5,0.0663161,0.0510308,0.25529,-0.000160823,0.0152852
0.77,0,0.0275097,0.0173989,0.120726,0.0422532,0.0101108
0.77,1,-0.664514,-0.612824,0.593006,-3.84662,-0.0516901
0.77,2,1.17871,1.23496,-0.0128448,-1.66178,-0.0562491
0.77,3,0.0192476,0.015554,0.0691933,-0.00457934,0.00369366
0.77,4,-0.380955,-0.364122,0.142709,-0.206019,-0.016833
0.77,5,0.0688569,0.0535805,0.254713,-3.20141e-05,0.0152764
0.78,0,0.0285248,0.0186125,0.121832,0.0309939,0.00991225
0.78,1,-0.659515,-0.606883,0.594837,-3.88979,-0.0526319
0.78,2,1.17793,1.23483,-0.0134976,-1.6801,-0.0569033
0.78,3,0.0199579,0.0162415,0.0684201,-0.00388856,0.00371635
0.78,4,-0.380252,-0.362694,0.142556,-0.211737,-0.0175573
0.78,5,0.0713978,0.0561247,0.254188,0.000108781,0.015273
0.79,0,0.0295399,0.0198354,0.122606,0.0203644,0.00970452
0.79,1,-0.654515,-0.600931,0.595328,-3.92937,-0.0535846
0.79,2,1.17714,1.23469,-0.0150109,-1.69636,-0.0575461
0.79,3,0.0206681,0.0169222,0.0677955,-0.00321778,0.00374595
0.79,4,-0.379549,-0.361274,0.141464,-0.21693,-0.0182748
0.79,5,0.0739386,0.058664,0.253726,0.000255168,0.0152746
0.8,0,0.030555,0.0210642,0.123067,0.0104322,0.0094908
0.8,1,-0.649516,-0.59498,0.594597,-3.9652,-0.0545353
0.8,2,1.17636,1.23453,-0.0173085,-1.71047,-0.0581694
0.8,3,0.0213784,0.0175974,0.0673142,-0.00257851,0.003781
0.8,4,-0.378846,-0.35987,0.139523,-0.221575,-0.0189766
0.8,5,0.0764795,0.0611991,0.253333,0.000402066,0.0152804
0.81,0,0.0315701,0.022296,0.123237,0.00125102,0.00927408
0.81,1,-0.644516,-0.589044,0.592767,-3.9972,-0.0554726
0.81,2,1.17557,1.23434,-0.0203088,-1.72236,-0.0587659
0.81,3,0.0220886,0.0182685,0.0669679,-0.00197953,0.00382012
0.81,4,-0.378143,-0.358489,0.136828,-0.225653,-0.0196548
0.81,5,0.0790203,0.0637306,0.253011,0.000545541,0.0152897
0.82,0,0.0325852,0.0235281,0.123141,-0.00713825,0.00905714
0.82,1,-0.639517,-0.583131,0.589961,-4.02533,-0.0563861
0.82,2,1.17479,1.23412,-0.0239267,-1.73201,-0.0593288
0.82,3,0.0227989,0.0189369,0.0667455,-0.00142727,0.00386201
0.82,4,-0.377441,-0.357138,0.133475,-0.229157,-0.0203024
0.82,5,0.0815611,0.0662592,0.252757,0.000682627,0.0153019
0.83,0,0.0336004,0.0247578,0.122803,-0.0147071,0.00884252
0.83,1,-0.634517,-0.577251,0.586305,-4.04959,-0.0572668
0.83,2,1.174,1.23385,-0.028075,-1.73943,-0.0598526
0.83,3,0.0235091,0.0196036,0.0666351,-0.000926153,0.00390549
0.83,4,-0.376738,-0.355825,0.129563,-0.232088,-0.0209133
0.83,5,0.084102,0.0687857,0.252568,0.000811168,0.0153163
0.84,0,0.0346155,0.025983,0.122246,-0.0214389,0.0086325
0.84,1,-0.629518,-0.571411,0.581922,-4.07004,-0.0581068
0.84,2,1.17322,1.23355,-0.0326658,-1.74464,-0.0603324
0.84,3,0.0242194,0.0202698,0.0666236,-0.000478909,0.00394952
0.84,4,-0.376035,-0.354553,0.125186,-0.234452,-0.0214824
0.84,5,0.0866428,0.0713106,0.252438,0.000929673,0.0153322
0.85,0,0.0356306,0.0272015,0.121498,-0.027328,0.00842912
0.85,1,-0.624518,-0.565619,0.576934,-4.08678,-0.0588996
0.85,2,1.17243,1.23319,-0.0376118,-1.7477,-0.0607642
0.85,3,0.0249296,0.0209364,0.0666979,-8.6873e-05,0.00399319
0.85,4,-0.375332,-0.353327,0.12044,-0.236265,-0.0220056
0.85,5,0.0891837,0.0738345,0.252362,0.00103718,0.0153492
0.86,0,0.0366457,0.0284115,0.120582,-0.0323789,0.00823417
0.86,1,-0.619519,-0.559879,0.571457,-4.09996,-0.0596397
0.86,2,1.17164,1.23279,-0.0428276,-1.7487,-0.0611451
0.86,3,0.0256399,0.0216042,0.0668454,0.000249777,0.0040357
0.86,4,-0.374629,-0.35215,0.115414,-0.237545,-0.0224798
0.86,5,0.0917245,0.0763579,0.252332,0.00113317,0.0153666
0.87,0,0.0376608,0.0296116,0.119524,-0.0366056,0.00804918
0.87,1,-0.614519,-0.554197,0.565604,-4.10973,-0.0603228
0.87,2,1.17086,1.23233,-0.0482305,-1.74772,-0.0614727
0.87,3,0.0263501,0.0222737,0.0670535,0.000531796,0.00407639
0.87,4,-0.373927,-0.351024,0.110195,-0.238318,-0.0229026
0.87,5,0.0942654,0.0788813,0.252343,0.00121744,0.0153841
0.88,0,0.0386759,0.0308005,0.118349,-0.0400304,0.00787543
0.88,1,-0.60952,-0.548574,0.559484,-4.11629,-0.0609459
0.88,2,1.17007,1.23182,-0.0537418,-1.74488,-0.0617456
0.88,3,0.0270603,0.0229456,0.0673109,0.000760686,0.00411472
0.88,4,-0.373224,-0.349951,0.104866,-0.238613,-0.0232725
0.88,5,0.0968062,0.081405,0.252388,0.00129005,0.0154013
0.89,0,0.0396911,0.0319771,0.117081,-0.0426833,0.00771396
0.89,1,-0.604521,-0.543014,0.553195,-4.11986,-0.0615068
0.89,2,1.16929,1.23125,-0.0592872,-1.74032,-0.0619631
0.89,3,0.0277706,0.0236203,0.0676067,0.000938545,0.00415026
0.89,4,-0.372521,-0.348932,0.0995018,-0.238462,-0.0235889
0.89,5,0.0993471,0.0839292,0.25246,0.00135126,0.0154179
0.9,0,0.0407062,0.0331406,0.115741,-0.0446006,0.00756559
0.9,1,-0.599521,-0.537517,0.546833,-4.12067,-0.0620043
0.9,2,1.1685,1.23063,-0.0647975,-1.73416,-0.0621253
0.9,3,0.0284808,0.0242982,0.0679313,0.00106793,0.00418267
0.9,4,-0.371818,-0.347967,0.0941736,-0.237901,-0.0238517
0.9,5,0.101888,0.0864543,0.252555,0.00140147,0.0154336
0.91,0,0.0417213,0.0342904,0.114353,-0.0458243,0.0074309
0.91,1,-0.594522,-0.532083,0.540484,-4.11898,-0.0624382
0.91,2,1.16772,1.22995,-0.0702094,-1.72657,-0.0622329
0.91,3,0.0291911,0.0249794,0.0682758,0.00115176,0.00421172
0.91,4,-0.371116,-0.347054,0.088945,-0.236967,-0.0240618
0.91,5,0.104429,0.0889805,0.252667,0.00144119,0.0154483
0.92,0,0.0427364,0.0354261,0.112937,-0.0464008,0.00731025
0.92,1,-0.589522,-0.526713,0.534224,-4.11503,-0.062809
0.92,2,1.16693,1.22922,-0.0754657,-1.71769,-0.0622872
0.92,3,0.0299013,0.0256641,0.0686323,0.00119319,0.00423726
0.92,4,-0.370413,-0.346192,0.0838734,-0.2357,-0.0242204
0.92,5,0.10697,0.0915078,0.252793,0.00147102,0.0154618
0.93,0,0.0437515,0.0365477,0.111511,-0.0463805,0.00720384
0.93,1,-0.584523,-0.521405,0.528124,-4.1091,-0.0631181
0.93,2,1.16615,1.22844,-0.0805158,-1.70767,-0.0622901
0.93,3,0.0306116,0.0263524,0.0689938,0.0011956,0.00425919
0.93,4,-0.36971,-0.345381,0.0790091,-0.23414,-0.0243294
0.93,5,0.10951,0.0940365,0.252927,0.00149161,0.015474
0.94,0,0.0447666,0.037655,0.110094,-0.0458162,0.00711165
0.94,1,-0.579523,-0.516156,0.522246,-4.10143,-0.0633673
0.94,2,1.16536,1.22761,-0.0853155,-1.69668,-0.0622438
0.94,3,0.0313218,0.0270443,0.0693544,0.00116247,0.00427751
0.94,4,-0.369007,-0.344616,0.0743956,-0.232327,-0.0243911
0.94,5,0.112051,0.0965665,0.253067,0.00150365,0.0154848
0.95,0,0.0457818,0.0387482,0.108701,-0.0447627,0.00703351
0.95,1,-0.574524,-0.510964,0.516642,-4.09229,-0.0635592
0.95,2,1.16458,1.22673,-0.0898275,-1.68487,-0.062151
0.95,3,0.0320321,0.0277398,0.0697087,0.00109735,0.00429226
0.95,4,-0.368304,-0.343896,0.0700693,-0.230301,-0.0244083
0.95,5,0.114592,0.099098,0.25321,0.00150786,0.0154942
0.96,0,0.0467969,0.0398278,0.107347,-0.0432759,0.00696911
0.96,1,-0.569524,-0.505827,0.511357,-4.08194,-0.0636968
0.96,2,1.16379,1.22581,-0.094021,-1.6724,-0.0620148
0.96,3,0.0327423,0.0284388,0.0700523,0.0010038,0.00430352
0.96,4,-0.367602,-0.343218,0.0660602,-0.228101,-0.0243839
0.96,5,0.117133,0.101631,0.253352,0.00150497,0.0155021
0.97,0,0.047812,0.040894,0.106044,-0.041412,0.00691797
0.97,1,-0.564525,-0.500741,0.506429,-4.07063,-0.0637835
0.97,2,1.163,1.22484,-0.0978719,-1.65941,-0.0618386
0.97,3,0.0334526,0.0291411,0.0703813,0.000885382,0.00431142
0.97,4,-0.366899,-0.342578,0.0623912,-0.225765,-0.0243212
0.97,5,0.119674,0.104165,0.253492,0.00149572,0.0155087
0.98,0,0.0488271,0.0419476,0.104803,-0.0392268,0.00687953
0.98,1,-0.559525,-0.495702,0.501885,-4.05857,-0.063823
0.98,2,1.16222,1.22385,-0.101362,-1.64605,-0.0616259
0.98,3,0.0341628,0.0298467,0.0706927,0.000745595,0.00431612
0.98,4,-0.366196,-0.341972,0.0590791,-0.22333,-0.0242238
0.98,5,0.122215,0.106701,0.253628,0.00148084,0.0155138
0.99,0,0.0498422,0.0429891,0.103633,-0.036775,0.00685312
0.99,1,-0.554526,-0.490707,0.497748,-4.04601,-0.0638193
0.99,2,1.16143,1.22281,-0.104481,-1.63245,-0.0613802
0.99,3,0.034873,0.0305552,0.0709839,0.000587847,0.00431782
0.99,4,-0.365493,-0.341398,0.0561348,-0.22083,-0.0240953
0.99,5,0.124756,0.109238,0.253758,0.00146106,0.0155177
1,0,0.0508573,0.0440194,0.102543,-0.0341099,0.00683796
1,1,-0.549526,-0.48575,0.494031,-4.03315,-0.0637765
1,2,1.16065,1.22175,-0.107221,-1.61872,-0.0611055
1,3,0.0355833,0.0312666,0.071253,0.000415437,0.00431673
1,4,-0.364791,-0.340851,0.0535633,-0.218297,-0.0239394
1,5,0.127296,0.111776,0.253881,0.0014371,0.0155203
1.01,0,0.0518724,0.0450392,0.101538,-0.0312825,0.00683325
1.01,1,-0.544527,-0.480828,0.490744,-4.02019,-0.0636989
1.01,2,1.15986,1.22067,-0.109582,-1.605,-0.0608054
1.01,3,0.0362935,0.0319805,0.0714986,0.000231524,0.00431307
1.01,4,-0.364088,-0.340328,0.0513645,-0.215761,-0.0237599
1.01,5,0.129837,0.114316,0.253996,0.00140966,0.0155217
1.02,0,0.0528876,0.0460495,0.100622,-0.0283415,0.00683811
1.02,1,-0.539527,-0.475937,0.487886,-4.00729,-0.0635908
1.02,2,1.15908,1.21956,-0.111569,-1.59138,-0.0604839
1.02,3,0.0370038,0.0326967,0.0717197,3.91076e-05,0.00430709
1.02,4,-0.363385,-0.339825,0.0495334,-0.21325,-0.0235604
1.02,5,0.132378,0.116856,0.254102,0.0013794,0.015522
1.03,0,0.0539027,0.0470511,0.099799,-0.0253326,0.00685161
1.03,1,-0.534528,-0.471071,0.485456,-3.99463,-0.0634565
1.03,2,1.15829,1.21844,-0.113189,-1.57795,-0.0601444
1.03,3,0.037714,0.033415,0.0719157,-0.000158988,0.00429904
1.03,4,-0.362682,-0.339338,0.0480609,-0.210787,-0.0233445
1.03,5,0.134919,0.119398,0.254198,0.00134696,0.0155213
1.04,0,0.0549178,0.048045,0.0990704,-0.0222985,0.00687282
1.04,1,-0.529528,-0.466228,0.483443,-3.98233,-0.0633001
1.04,2,1.15751,1.2173,-0.114456,-1.56481,-0.0597907
1.04,3,0.0384243,0.0341351,0.0720864,-0.000360132,0.00428917
1.04,4,-0.361979,-0.338863,0.0469338,-0.208394,-0.0231159
1.04,5,0.13746,0.12194,0.254284,0.00131296,0.0155196
1.05,0,0.0559329,0.0490321,0.0984367,-0.0192785,0.00690079
1.05,1,-0.524529,-0.461403,0.481834,-3.97054,-0.0631259
1.05,2,1.15672,1.21615,-0.115384,-1.55202,-0.0594263
1.05,3,0.0391345,0.0348568,0.072232,-0.000561893,0.00427773
1.05,4,-0.361277,-0.338399,0.0461358,-0.20609,-0.0228778
1.05,5,0.140001,0.124483,0.254361,0.00127796,0.0155172
1.06,0,0.056948,0.0500134,0.0978972,-0.016308,0.00693459
1.06,1,-0.519529,-0.456592,0.480611,-3.95934,-0.0629377
1.06,2,1.15594,1.21499,-0.115994,-1.53964,-0.0590543
1.06,3,0.0398448,0.0355798,0.0723529,-0.000762056,0.00426497
1.06,4,-0.360574,-0.33794,0.0456477,-0.203891,-0.0226334
1.06,5,0.142541,0.127027,0.254427,0.0012425,0.0155141
1.07,0,0.0579631,0.0509899,0.09745,-0.0134194,0.00697327
1.07,1,-0.51453,-0.451791,0.479756,-3.94884,-0.0627394
1.07,2,1.15515,1.21383,-0.116306,-1.52772,-0.0586778
1.07,3,0.040555,0.0363039,0.0724499,-0.000958618,0.00425113
1.07,4,-0.359871,-0.337485,0.0454482,-0.201811,-0.0223858
1.07,5,0.145082,0.129572,0.254482,0.00120706,0.0155104
1.08,0,0.0589783,0.0519623,0.0970925,-0.0106407,0.00701592
1.08,1,-0.509531,-0.446996,0.479242,-3.9391,-0.0625344
1.08,2,1.15436,1.21266,-0.116344,-1.51631,-0.0582998
1.08,3,0.0412652,0.0370288,0.0725239,-0.0011498,0.00423645
1.08,4,-0.359168,-0.337031,0.0455139,-0.199858,-0.0221377
1.08,5,0.147623,0.132117,0.254528,0.00117209,0.0155061
1.09,0,0.0599934,0.0529317,0.0968212,-0.00799673,0.00706168
1.09,1,-0.504531,-0.442205,0.479045,-3.93018,-0.062326
1.09,2,1.15358,1.2115,-0.116132,-1.50542,-0.0579228
1.09,3,0.0419755,0.0377543,0.072576,-0.00133404,0.00422116
1.09,4,-0.358465,-0.336574,0.0458201,-0.198042,-0.0218915
1.09,5,0.150164,0.134663,0.254565,0.00113799,0.0155015
1.1,0,0.0610085,0.0538988,0.0966319,-0.00550828,0.00710969
1.1,1,-0.499532,-0.437414,0.479138,-3.9221,-0.0621172
1.1,2,1.15279,1.21034,-0.115696,-1.49508,-0.0575491
1.1,3,0.0426857,0.0384803,0.0726075,-0.00150999,0.00420545
1.1,4,-0.357763,-0.336113,0.0463414,-0.196368,-0.0216496
1.1,5,0.152705,0.137208,0.254592,0.00110511,0.0154965
1.11,0,0.0620236,0.0548645,0.0965197,-0.00319267,0.00715916
1.11,1,-0.494532,-0.432621,0.479491,-3.91491,-0.0619109
1.11,2,1.15201,1.20919,-0.115061,-1.48531,-0.057181
1.11,3,0.043396,0.0392064,0.0726199,-0.00167653,0.00418954
1.11,4,-0.35706,-0.335646,0.0470516,-0.194838,-0.021414
1.11,5,0.155246,0.139754,0.25461,0.00107377,0.0154913
1.12,0,0.0630387,0.0558294,0.0964794,-0.00106366,0.00720936
1.12,1,-0.489533,-0.427823,0.480075,-3.9086,-0.0617093
1.12,2,1.15122,1.20804,-0.114255,-1.47609,-0.0568201
1.12,3,0.0441062,0.0399326,0.0726146,-0.00183273,0.0041736
1.12,4,-0.356357,-0.335171,0.0479245,-0.193454,-0.0211864
1.12,5,0.157787,0.1423,0.25462,0.00104422,0.015486
1.13,0,0.0640538,0.0567943,0.0965051,0.000868324,0.00725959
1.13,1,-0.484533,-0.423018,0.480859,-3.90317,-0.0615148
1.13,2,1.15044,1.20691,-0.113304,-1.46744,-0.0564682
1.13,3,0.0448165,0.0406587,0.0725932,-0.00197786,0.00415781
1.13,4,-0.355654,-0.334686,0.0489342,-0.192214,-0.0209683
1.13,5,0.160327,0.144847,0.254622,0.00101669,0.0154807
1.14,0,0.065069,0.0577597,0.0965911,0.00259609,0.00730923
1.14,1,-0.479534,-0.418205,0.481814,-3.8986,-0.061329
1.14,2,1.14965,1.20578,-0.112234,-1.45932,-0.0561264
1.14,3,0.0455267,0.0413844,0.0725574,-0.00211138,0.0041423
1.14,4,-0.354952,-0.334191,0.0500552,-0.191115,-0.020761
1.14,5,0.162868,0.147393,0.254617,0.000991355,0.0154753
1.15,0,0.0660841,0.0587264,0.096731,0.00411546,0.00735771
1.15,1,-0.474534,-0.413381,0.482911,-3.89488,-0.0611536
1.15,2,1.14887,1.20466,-0.111069,-1.45174,-0.0557958
1.15,3,0.046237,0.0421097,0.0725088,-0.00223293,0.00412723
1.15,4,-0.354249,-0.333683,0.0512629,-0.190154,-0.0205653
1.15,5,0.165409,0.149939,0.254606,0.000968353,0.01547
1.16,0,0.0670992,0.0596947,0.0969186,0.00542506,0.00740452
1.16,1,-0.469535,-0.408545,0.48412,-3.89195,-0.0609898
1.16,2,1.14808,1.20356,-0.109833,-1.44465,-0.0554774
1.16,3,0.0469472,0.0428345,0.072449,-0.0023423,0.00411271
1.16,4,-0.353546,-0.333164,0.0525338,-0.189324,-0.0203821
1.16,5,0.16795,0.152485,0.254589,0.000947783,0.0154649
1.17,0,0.0681143,0.0606651,0.0971476,0.0065261,0.00744922
1.17,1,-0.464535,-0.403697,0.485413,-3.88978,-0.0608386
1.17,2,1.1473,1.20247,-0.10855,-1.43804,-0.0551715
1.17,3,0.0476575,0.0435586,0.0723798,-0.00243946,0.00409884
1.17,4,-0.352843,-0.332631,0.0538455,-0.188618,-0.0202119
1.17,5,0.170491,0.155031,0.254567,0.000929708,0.01546
1.18,0,0.0691294,0.061638,0.0974118,0.00742215,0.00749144
1.18,1,-0.459536,-0.398835,0.486766,-3.88832,-0.0607006
1.18,2,1.14651,1.20139,-0.107241,-1.43188,-0.0548787
1.18,3,0.0483677,0.044282,0.0723026,-0.0025245,0.00408571
1.18,4,-0.35214,-0.332086,0.0551772,-0.188027,-0.0200548
1.18,5,0.173032,0.157576,0.254541,0.000914158,0.0154553
1.19,0,0.0701445,0.0626137,0.097705,0.00811891,0.00753085
1.19,1,-0.454536,-0.39396,0.488152,-3.88751,-0.0605764
1.19,2,1.14572,1.20032,-0.105926,-1.42612,-0.0545989
1.19,3,0.0490779,0.0450046,0.072219,-0.00259762,0.00407338
1.19,4,-0.351438,-0.331526,0.0565097,-0.187544,-0.0199112
1.19,5,0.175572,0.160122,0.254511,0.000901132,0.0154509
1.2,0,0.0711597,0.0635925,0.0980212,0.00862396,0.00756719
1.2,1,-0.449537,-0.389071,0.489548,-3.88729,-0.0604661
1.2,2,1.14494,1.19927,-0.104622,-1.42072,-0.0543323
1.2,3,0.0497882,0.0457263,0.0721306,-0.00265916,0.00406192
1.2,4,-0.350735,-0.330954,0.0578253,-0.187159,-0.0197807
1.2,5,0.178113,0.162666,0.254478,0.000890601,0.0154468
1.21,0,0.0721748,0.0645745,0.0983548,0.00894649,0.00760027
1.21,1,-0.444537,-0.384168,0.490933,-3.88759,-0.0603698
1.21,2,1.14415,1.19823,-0.103347,-1.41566,-0.0540786
1.21,3,0.0504984,0.0464471,0.0720386,-0.00270954,0.00405136
1.21,4,-0.350032,-0.330369,0.0591082,-0.18686,-0.0196633
1.21,5,0.180654,0.165211,0.254443,0.000882509,0.0154431
1.22,0,0.0731899,0.0655599,0.0987003,0.00909709,0.00762995
1.22,1,-0.439538,-0.379251,0.492288,-3.88835,-0.0602871
1.22,2,1.14337,1.19721,-0.102114,-1.41089,-0.0538374
1.22,3,0.0512087,0.0471669,0.0719444,-0.00274928,0.00404174
1.22,4,-0.349329,-0.329771,0.0603444,-0.18664,-0.0195584
1.22,5,0.183195,0.167755,0.254405,0.000876779,0.0154397
1.23,0,0.074205,0.0665489,0.0990525,0.00908751,0.00765613
1.23,1,-0.434538,-0.374321,0.493596,-3.8895,-0.0602178
1.23,2,1.14258,1.19619,-0.100938,-1.40637,-0.0536082
1.23,3,0.0519189,0.0478859,0.0718493,-0.00277895,0.00403306
1.23,4,-0.348626,-0.329161,0.0615216,-0.186486,-0.0194656
1.23,5,0.185736,0.170299,0.254367,0.000873312,0.0154367
1.24,0,0.0752201,0.0675414,0.0994068,0.00893042,0.00767877
1.24,1,-0.429539,-0.369378,0.494841,-3.89097,-0.0601612
1.24,2,1.1418,1.19519,-0.0998273,-1.40206,-0.0533905
1.24,3,0.0526292,0.0486038,0.0717543,-0.00279921,0.00402534
1.24,4,-0.347924,-0.328539,0.0626295,-0.186388,-0.0193842
1.24,5,0.188277,0.172843,0.254328,0.000871993,0.0154341
1.25,0,0.0762352,0.0685374,0.0997587,0.00863917,0.00769788
1.25,1,-0.424539,-0.364423,0.49601,-3.89269,-0.0601166
1.25,2,1.14101,1.1942,-0.0987928,-1.39792,-0.0531834
1.25,3,0.0533394,0.0493209,0.0716605,-0.00281074,0.00401856
1.25,4,-0.347221,-0.327907,0.0636594,-0.186337,-0.0193135
1.25,5,0.190818,0.175386,0.254289,0.000872691,0.0154319
1.26,0,0.0772504,0.0695369,0.100104,0.00822761,0.0077135
1.26,1,-0.41954,-0.359457,0.497092,-3.89461,-0.0600833
1.26,2,1.14023,1.19321,-0.0978415,-1.39391,-0.0529863
1.26,3,0.0540497,0.050037,0.0715688,-0.00281427,0.0040127
1.26,4,-0.346518,-0.327266,0.0646044,-0.186322,-0.0192525
1.26,5,0.193358,0.177928,0.25425,0.000875262,0.01543
1.27,0,0.0782655,0.0705398,0.10044,0.00770985,0.00772572
1.27,1,-0.41454,-0.35448,0.498079,-3.89665,-0.0600602
1.27,2,1.13944,1.19224,-0.0969791,-1.38999,-0.0527981
1.27,3,0.0547599,0.0507522,0.0714801,-0.00281055,0.00400775
1.27,4,-0.345815,-0.326615,0.0654593,-0.186334,-0.0192006
1.27,5,0.195899,0.180471,0.254211,0.000879552,0.0154286
1.28,0,0.0792806,0.0715459,0.100762,0.00710013,0.00773466
1.28,1,-0.409541,-0.349495,0.498963,-3.89875,-0.0600465
1.28,2,1.13866,1.19127,-0.0962097,-1.38612,-0.0526181
1.28,3,0.0554702,0.0514665,0.071395,-0.00280036,0.00400367
1.28,4,-0.345113,-0.325956,0.0662205,-0.186363,-0.0191566
1.28,5,0.19844,0.183013,0.254174,0.0008854,0.0154275
1.29,0,0.0802957,0.0725553,0.101069,0.00641256,0.00774045
1.29,1,-0.404542,-0.344501,0.499738,-3.90085,-0.060041
1.29,2,1.13787,1.19032,-0.0955358,-1.38229,-0.0524453
1.29,3,0.0561804,0.05218,0.0713143,-0.00278446,0.00400041
1.29,4,-0.34441,-0.32529,0.0668859,-0.186401,-0.0191198
1.29,5,0.200981,0.185554,0.254138,0.000892636,0.0154268
1.3,0,0.0813108,0.0735675,0.101357,0.00566105,0.00774328
1.3,1,-0.399542,-0.339499,0.500403,-3.90291,-0.0600426
1.3,2,1.13708,1.18936,-0.0949585,-1.37844,-0.0522786
1.3,3,0.0568906,0.0528927,0.0712383,-0.00276364,0.00399793
1.3,4,-0.343707,-0.324618,0.0674547,-0.18644,-0.0190891
1.3,5,0.203522,0.188095,0.254104,0.00090109,0.0154265
1.31,0,0.0823259,0.0745826,0.101625,0.00485909,0.00774334
1.31,1,-0.394543,-0.334492,0.500955,-3.90488,-0.0600503
1.31,2,1.1363,1.18842,-0.0944778,-1.37456,-0.0521172
1.31,3,0.0576009,0.0536047,0.0711676,-0.00273866,0.00399619
1.31,4,-0.343004,-0.323941,0.0679275,-0.186472,-0.0190635
1.31,5,0.206063,0.190636,0.254072,0.000910589,0.0154265
1.32,0,0.0833411,0.0756002,0.101871,0.00401968,0.00774083
1.32,1,-0.389543,-0.32948,0.501394,-3.9067,-0.0600629
1.32,2,1.13551,1.18747,-0.094092,-1.37062,-0.0519601
1.32,3,0.0583111,0.054316,0.0711025,-0.00271025,0.00399512
1.32,4,-0.342301,-0.323259,0.0683061,-0.18649,-0.0190422
1.32,5,0.208603,0.193177,0.254043,0.000920958,0.0154267
1.33,0,0.0843562,0.0766202,0.102095,0.00315519,0.00773599
1.33,1,-0.384544,-0.324464,0.501722,-3.90834,-0.0600793
1.33,2,1.13473,1.18653,-0.0937989,-1.36659,-0.0518063
1.33,3,0.0590214,0.0550267,0.0710432,-0.00267915,0.00399467
1.33,4,-0.341599,-0.322575,0.0685931,-0.186489,-0.0190241
1.33,5,0.211144,0.195717,0.254015,0.000932027,0.0154273
1.34,0,0.0853713,0.0776423,0.102295,0.00227725,0.00772904
1.34,1,-0.379544,-0.319446,0.501942,-3.90976,-0.0600983
1.34,2,1.13394,1.1856,-0.0935949,-1.36246,-0.051655
1.34,3,0.0597316,0.0557368,0.0709898,-0.00264605,0.00399479
1.34,4,-0.340896,-0.321887,0.0687923,-0.186464,-0.0190084
1.34,5,0.213685,0.198257,0.25399,0.000943629,0.0154282
1.35,0,0.0863864,0.0786662,0.102471,0.0013967,0.00772022
1.35,1,-0.374545,-0.314426,0.502056,-3.91093,-0.060119
1.35,2,1.13316,1.18466,-0.0934757,-1.35821,-0.0515052
1.35,3,0.0604419,0.0564465,0.0709426,-0.00261159,0.0039954
1.35,4,-0.340193,-0.321199,0.0689081,-0.186408,-0.0189943
1.35,5,0.216226,0.200797,0.253968,0.0009556,0.0154292
1.36,0,0.0874015,0.0796917,0.102622,0.000523519,0.00770977
1.36,1,-0.369545,-0.309405,0.502071,-3.91182,-0.0601402
1.36,2,1.13237,1.18373,-0.0934363,-1.35381,-0.0513562
1.36,3,0.0611521,0.0571557,0.0709015,-0.0025764,0.00399645
1.36,4,-0.33949,-0.320509,0.0689457,-0.18632,-0.0189808
1.36,5,0.218767,0.203336,0.253949,0.000967785,0.0154305
1.37,0,0.0884166,0.0807187,0.10275,-0.000333238,0.00769794
1.37,1,-0.364546,-0.304385,0.501992,-3.91242,-0.0601611
1.37,2,1.13159,1.18279,-0.0934713,-1.34927,-0.0512072
1.37,3,0.0618624,0.0578645,0.0708664,-0.00254105,0.00399788
1.37,4,-0.338788,-0.31982,0.0689108,-0.186194,-0.0189674
1.37,5,0.221308,0.205876,0.253932,0.000980036,0.0154319
1.38,0,0.0894318,0.0817468,0.102855,-0.00116546,0.00768496
1.38,1,-0.359546,-0.299366,0.501825,-3.9127,-0.0601807
1.38,2,1.1308,1.18186,-0.0935744,-1.34457,-0.0510574
1.38,3,0.0625726,0.058573,0.0708372,-0.00250606,0.00399962
1.38,4,-0.338085,-0.319132,0.0688096,-0.18603,-0.0189532
1.38,5,0.223849,0.208415,0.253918,0.000992215,0.0154335
1.39,0,0.0904469,0.0827758,0.102936,-0.00196602,0.00767107
1.39,1,-0.354547,-0.294349,0.501578,-3.91266,-0.0601982
1.39,2,1.13002,1.18092,-0.0937394,-1.33971,-0.0509062
1.39,3,0.0632829,0.0592812,0.0708137,-0.00247192,0.00400163
1.39,4,-0.337382,-0.318444,0.0686483,-0.185825,-0.0189377
1.39,5,0.226389,0.210954,0.253907,0.00100419,0.0154353
1.4,0,0.091462,0.0838055,0.102996,-0.00272873,0.00765647
1.4,1,-0.349547,-0.289335,0.501258,-3.91228,-0.0602128
1.4,2,1.12923,1.17998,-0.0939596,-1.33468,-0.0507531
1.4,3,0.0639931,0.0599893,0.0707958,-0.00243903,0.00400384
1.4,4,-0.336679,-0.317759,0.0684337,-0.185579,-0.0189202
1.4,5,0.22893,0.213493,0.253899,0.00101585,0.0154371
1.41,0,0.0924771,0.0848357,0.103035,-0.00344843,0.0076414
1.41,1,-0.344548,-0.284324,0.500872,-3.91157,-0.0602238
1.41,2,1.12844,1.17904,-0.0942283,-1.32947,-0.0505976
1.41,3,0.0647033,0.0606971,0.070783,-0.00240779,0.0040062
1.41,4,-0.335976,-0.317076,0.0681726,-0.185289,-0.0189004
1.41,5,0.231471,0.216032,0.253893,0.00102709,0.015439
1.42,0,0.0934922,0.0858662,0.103054,-0.00412086,0.00762605
1.42,1,-0.339548,-0.279318,0.500428,-3.91051,-0.0602307
1.42,2,1.12766,1.1781,-0.0945385,-1.3241,-0.0504391
1.42,3,0.0654136,0.0614049,0.0707753,-0.0023785,0.00400867
1.42,4,-0.335274,-0.316396,0.0678717,-0.184957,-0.0188777
1.42,5,0.234012,0.218571,0.253889,0.0010378,0.0154409
1.43,0,0.0945073,0.0868967,0.103056,-0.00474272,0.0076106
1.43,1,-0.334549,-0.274316,0.499935,-3.90912,-0.0602328
1.43,2,1.12687,1.17715,-0.0948836,-1.31855,-0.0502773
1.43,3,0.0661238,0.0621127,0.0707721,-0.00235145,0.00401118
1.43,4,-0.334571,-0.315719,0.0675376,-0.184583,-0.0188518
1.43,5,0.236553,0.22111,0.253888,0.00104792,0.0154429
1.44,0,0.0955225,0.0879272,0.10304,-0.00531159,0.00759523
1.44,1,-0.329549,-0.26932,0.499401,-3.90739,-0.0602298
1.44,2,1.12609,1.1762,-0.0952569,-1.31284,-0.0501119
1.44,3,0.0668341,0.0628204,0.0707731,-0.00232684,0.0040137
1.44,4,-0.333868,-0.315046,0.067177,-0.184168,-0.0188224
1.44,5,0.239094,0.223649,0.253889,0.00105736,0.0154448
1.45,0,0.0965376,0.0889575,0.10301,-0.0058259,0.0075801
1.45,1,-0.32455,-0.264329,0.498832,-3.90534,-0.0602212
1.45,2,1.1253,1.17525,-0.095652,-1.30697,-0.0499426
1.45,3,0.0675443,0.0635281,0.070778,-0.00230485,0.00401619
1.45,4,-0.333165,-0.314376,0.0667962,-0.183713,-0.0187893
1.45,5,0.241634,0.226188,0.253893,0.00106608,0.0154468
1.46,0,0.0975527,0.0899873,0.102966,-0.0062849,0.00756535
1.46,1,-0.31955,-0.259344,0.498237,-3.90298,-0.0602068
1.46,2,1.12452,1.17429,-0.0960627,-1.30095,-0.0497693
1.46,3,0.0682546,0.064236,0.0707862,-0.00228559,0.00401861
1.46,4,-0.332462,-0.31371,0.0664011,-0.183219,-0.0187524
1.46,5,0.244175,0.228727,0.253898,0.00107403,0.0154487
1.47,0,0.0985678,0.0910167,0.102911,-0.00668854,0.0075511
1.47,1,-0.314551,-0.254365,0.497624,-3.90032,-0.0601863
1.47,2,1.12373,1.17332,-0.0964832,-1.29479,-0.0495918
1.47,3,0.0689648,0.0649439,0.0707975,-0.00226914,0.00402094
1.47,4,-0.33176,-0.313048,0.0659975,-0.18269,-0.0187114
1.47,5,0.246716,0.231266,0.253904,0.00108119,0.0154505
1.48,0,0.0995829,0.0920455,0.102845,-0.00703749,0.00753746
1.48,1,-0.309552,-0.249392,0.496998,-3.89738,-0.0601596
1.48,2,1.12295,1.17236,-0.0969081,-1.28849,-0.0494101
1.48,3,0.0696751,0.0656519,0.0708114,-0.00225553,0.00402313
1.48,4,-0.331057,-0.312391,0.0655907,-0.182126,-0.0186663
1.48,5,0.249257,0.233805,0.253913,0.00108752,0.0154523
1.49,0,0.100598,0.0930735,0.102771,-0.00733302,0.00752452
1.49,1,-0.304552,-0.244425,0.496366,-3.89416,-0.0601267
1.49,2,1.12216,1.17139,-0.0973322,-1.28206,-0.0492241
1.49,3,0.0703853,0.0663601,0.0708275,-0.00224474,0.00402518
1.49,4,-0.330354,-0.311737,0.0651857,-0.181531,-0.0186172
1.49,5,0.251798,0.236344,0.253922,0.00109303,0.0154539
1.5,0,0.101613,0.0941008,0.102691,-0.00757696,0.00751236
1.5,1,-0.299553,-0.239465,0.495734,-3.8907,-0.0600874
1.5,2,1.12138,1.17041,-0.0977509,-1.27552,-0.049034
1.5,3,0.0710956,0.0670685,0.0708454,-0.00223672,0.00402705
1.5,4,-0.329651,-0.311087,0.0647869,-0.180906,-0.0185641
1.5,5,0.254339,0.238883,0.253933,0.00109771,0.0154555
1.51,0,0.102628,0.0951272,0.102604,-0.00777161,0.00750105
1.51,1,-0.294553,-0.234511,0.495108,-3.887,-0.0600418
1.51,2,1.12059,1.16943,-0.09816,-1.26887,-0.0488397
1.51,3,0.0718058,0.0677771,0.0708646,-0.0022314,0.00402874
1.51,4,-0.328949,-0.310442,0.0643982,-0.180255,-0.018507
1.51,5,0.256879,0.241423,0.253944,0.00110158,0.015457
1.52,0,0.103643,0.0961528,0.102515,-0.0079197,0.00749061
1.52,1,-0.289554,-0.229564,0.494493,-3.88308,-0.05999
1.52,2,1.1198,1.16845,-0.0985559,-1.26213,-0.0486413
1.52,3,0.072516,0.0684858,0.0708848,-0.00222865,0.00403023
1.52,4,-0.328246,-0.3098,0.0640234,-0.179581,-0.0184462
1.52,5,0.25942,0.243962,0.253956,0.00110466,0.0154583
1.53,0,0.104659,0.0971774,0.102423,-0.0080243,0.00748108
1.53,1,-0.284554,-0.224622,0.493892,-3.87896,-0.0599321
1.53,2,1.11902,1.16746,-0.0989354,-1.2553,-0.0484391
1.53,3,0.0732263,0.0691948,0.0709057,-0.00222834,0.00403151
1.53,4,-0.327543,-0.309161,0.0636653,-0.178886,-0.0183816
1.53,5,0.261961,0.246502,0.253969,0.00110698,0.0154595
1.54,0,0.105674,0.0982011,0.102329,-0.00808875,0.00747249
1.54,1,-0.279555,-0.219686,0.493311,-3.87467,-0.0598684
1.54,2,1.11823,1.16647,-0.0992956,-1.24841,-0.0482332
1.54,3,0.0739365,0.069904,0.0709268,-0.0022303,0.00403258
1.54,4,-0.32684,-0.308527,0.0633267,-0.178172,-0.0183136
1.54,5,0.264502,0.249041,0.253981,0.00110859,0.0154606
1.55,0,0.106689,0.0992239,0.102236,-0.00811664,0.00746482
1.55,1,-0.274555,-0.214756,0.492751,-3.87021,-0.0597989
1.55,2,1.11745,1.16547,-0.0996343,-1.24145,-0.0480239
1.55,3,0.0746468,0.0706133,0.0709479,-0.00223435,0.00403344
1.55,4,-0.326137,-0.307895,0.0630096,-0.177443,-0.0182423
1.55,5,0.267043,0.251581,0.253994,0.00110951,0.0154616
1.56,0,0.107704,0.100246,0.102145,-0.00811167,0.00745808
1.56,1,-0.269556,-0.209832,0.492216,-3.86561,-0.059724
1.56,2,1.11666,1.16447,-0.0999498,-1.23444,-0.0478112
1.56,3,0.075357,0.0713229,0.0709687,-0.00224029,0.00403409
1.56,4,-0.325435,-0.307267,0.0627158,-0.176702,-0.018168
1.56,5,0.269584,0.254121,0.254007,0.00110981,0.0154624
1.57,0,0.108719,0.101267,0.102056,-0.00807767,0.00745224
1.57,1,-0.264556,-0.204912,0.491708,-3.86088,-0.0596438
1.57,2,1.11588,1.16347,-0.100241,-1.22739,-0.0475956
1.57,3,0.0760673,0.0720327,0.0709888,-0.0022479,0.00403454
1.57,4,-0.324732,-0.306641,0.0624464,-0.17595,-0.0180909
1.57,5,0.272125,0.256661,0.25402,0.00110954,0.0154631
1.58,0,0.109734,0.102287,0.10197,-0.00801849,0.00744727
1.58,1,-0.259557,-0.199998,0.491228,-3.85604,-0.0595588
1.58,2,1.11509,1.16247,-0.100506,-1.2203,-0.0473771
1.58,3,0.0767775,0.0727427,0.0710081,-0.00225697,0.00403479
1.58,4,-0.324029,-0.306018,0.0622023,-0.175191,-0.0180112
1.58,5,0.274665,0.259202,0.254032,0.00110875,0.0154637
1.59,0,0.110749,0.103306,0.101888,-0.00793797,0.00744314
1.59,1,-0.254557,-0.195088,0.490778,-3.8511,-0.0594691
1.59,2,1.11431,1.16146,-0.100745,-1.2132,-0.0471562
1.59,3,0.0774878,0.0734529,0.0710263,-0.00226728,0.00403485
1.59,4,-0.323326,-0.305397,0.061984,-0.174426,-0.0179292
1.59,5,0.277206,0.261742,0.254044,0.0011075,0.0154641
1.6,0,0.111764,0.104325,0.101811,-0.00783988,0.00743981
1.6,1,-0.249558,-0.190183,0.490359,-3.84608,-0.0593751
1.6,2,1.11352,1.16045,-0.100958,-1.20607,-0.046933
1.6,3,0.078198,0.0741633,0.0710433,-0.00227858,0.00403474
1.6,4,-0.322623,-0.304778,0.0617915,-0.173657,-0.0178452
1.6,5,0.279747,0.264283,0.254055,0.00110586,0.0154645
1.61,0,0.112779,0.105342,0.101739,-0.00772792,0.00743722
1.61,1,-0.244558,-0.185281,0.48997,-3.84099,-0.059277
1.61,2,1.11274,1.15944,-0.101145,-1.19895,-0.0467078
1.61,3,0.0789082,0.0748738,0.0710589,-0.00229066,0.00403447
1.61,4,-0.321921,-0.304161,0.0616245,-0.172887,-0.0177594
1.61,5,0.282288,0.266823,0.254066,0.00110388,0.0154647
1.62,0,0.113795,0.106359,0.101673,-0.00760561,0.00743532
1.62,1,-0.239559,-0.180384,0.489611,-3.83584,-0.0591752
1.62,2,1.11195,1.15843,-0.101306,-1.19182,-0.0464809
1.62,3,0.0796185,0.0755845,0.0710729,-0.0023033,0.00403404
1.62,4,-0.321218,-0.303546,0.0614825,-0.172118,-0.017672
1.62,5,0.284829,0.269364,0.254075,0.00110164,0.0154649
1.63,0,0.11481,0.107376,0.101613,-0.00747632,0.00743404
1.63,1,-0.234559,-0.175489,0.489282,-3.83065,-0.05907
1.63,2,1.11116,1.15742,-0.101442,-1.18469,-0.0462526
1.63,3,0.0803287,0.0762952,0.0710853,-0.00231628,0.00403349
1.63,4,-0.320515,-0.302932,0.0613647,-0.17135,-0.0175834
1.63,5,0.28737,0.271905,0.254084,0.00109918,0.0154649
1.64,0,0.115825,0.108391,0.101559,-0.00734322,0.00743333
1.64,1,-0.22956,-0.170598,0.488982,-3.82541,-0.0589617
1.64,2,1.11038,1.1564,-0.101554,-1.17758,-0.046023
1.64,3,0.081039,0.0770062,0.071096,-0.00232939,0.00403282
1.64,4,-0.319812,-0.302319,0.0612699,-0.170585,-0.0174937
1.64,5,0.28991,0.274446,0.254092,0.00109657,0.0154649
1.65,0,0.11684,0.109407,0.101511,-0.00720924,0.00743313
1.65,1,-0.22456,-0.16571,0.48871,-3.82015,-0.0588505
1.65,2,1.10959,1.15539,-0.101644,-1.17048,-0.0457924
1.65,3,0.0817492,0.0777172,0.071105,-0.00234243,0.00403206
1.65,4,-0.31911,-0.301706,0.0611971,-0.169824,-0.0174032
1.65,5,0.292451,0.276987,0.254099,0.00109386,0.0154647
1.66,0,0.117855,0.110422,0.10147,-0.00707708,0.00743336
1.66,1,-0.219561,-0.160824,0.488464,-3.81486,-0.0587368
1.66,2,1.10881,1.15437,-0.101713,-1.1634,-0.045561
1.66,3,0.0824595,0.0784283,0.0711122,-0.00235523,0.00403121
1.66,4,-0.318407,-0.301095,0.0611446,-0.169069,-0.0173121
1.66,5,0.294992,0.279528,0.254105,0.00109112,0.0154646
1.67,0,0.11887,0.111436,0.101436,-0.00694918,0.00743397
1.67,1,-0.214562,-0.155941,0.488243,-3.80956,-0.0586207
1.67,2,1.10802,1.15335,-0.101762,-1.15635,-0.045329
1.67,3,0.0831697,0.0791394,0.0711177,-0.00236759,0.0040303
1.67,4,-0.317704,-0.300483,0.061111,-0.16832,-0.0172206
1.67,5,0.297533,0.282069,0.254111,0.00108838,0.0154643
1.68,0,0.119885,0.11245,0.101408,-0.00682769,0.00743488
1.68,1,-0.209562,-0.151059,0.488045,-3.80424,-0.0585026
1.68,2,1.10724,1.15233,-0.101793,-1.14931,-0.0450967
1.68,3,0.08388,0.0798506,0.0711214,-0.00237938,0.00402935
1.68,4,-0.317001,-0.299872,0.0610946,-0.167578,-0.0171288
1.68,5,0.300074,0.28461,0.254115,0.00108569,0.015464
1.69,0,0.1209,0.113464,0.101386,-0.00671452,0.00743605
1.69,1,-0.204563,-0.14618,0.487867,-3.7989,-0.0583825
1.69,2,1.10645,1.15132,-0.101808,-1.14231,-0.0448641
1.69,3,0.0845902,0.0805618,0.0711235,-0.00239045,0.00402837
1.69,4,-0.316298,-0.299261,0.0610937,-0.166842,-0.0170369
1.69,5,0.302615,0.287151,0.254118,0.0010831,0.0154637
1.7,0,0.121915,0.114478,0.101369,-0.00661129,0.00743741
1.7,1,-0.199563,-0.141302,0.487709,-3.79356,-0.0582609
1.7,2,1.10567,1.1503,-0.101808,-1.13533,-0.0446315
1.7,3,0.0853005,0.0812731,0.071124,-0.00240067,0.00402737
1.7,4,-0.315596,-0.29865,0.0611064,-0.166114,-0.0169452
1.7,5,0.305156,0.289692,0.25412,0.00108065,0.0154634
1.71,0,0.122931,0.115492,0.101358,-0.00651935,0.00743889
1.71,1,-0.194564,-0.136426,0.487568,-3.78821,-0.0581377
1.71,2,1.10488,1.14928,-0.101796,-1.12838,-0.0443989
1.71,3,0.0860107,0.0819843,0.0711229,-0.00240994,0.00402638
1.71,4,-0.314893,-0.298039,0.061131,-0.165394,-0.0168536
1.71,5,0.307696,0.292233,0.254122,0.00107837,0.015463
1.72,0,0.123946,0.116505,0.101353,-0.00643977,0.00744046
1.72,1,-0.189564,-0.131551,0.487441,-3.78285,-0.0580132
1.72,2,1.1041,1.14826,-0.101773,-1.12145,-0.0441666
1.72,3,0.0867209,0.0826955,0.0711204,-0.00241815,0.00402541
1.72,4,-0.31419,-0.297428,0.0611657,-0.164681,-0.0167623
1.72,5,0.310237,0.294775,0.254123,0.00107628,0.0154626
1.73,0,0.124961,0.117519,0.101352,-0.00637338,0.00744206
1.73,1,-0.184565,-0.126677,0.487328,-3.77748,-0.0578875
1.73,2,1.10331,1.14724,-0.101741,-1.11455,-0.0439345
1.73,3,0.0874312,0.0834067,0.0711166,-0.00242524,0.00402447
1.73,4,-0.313487,-0.296816,0.0612086,-0.163975,-0.0166714
1.73,5,0.312778,0.297316,0.254122,0.00107442,0.0154622
1.74,0,0.125976,0.118532,0.101355,-0.00632075,0.00744364
1.74,1,-0.179565,-0.121804,0.487224,-3.7721,-0.0577607
1.74,2,1.10252,1.14623,-0.101702,-1.10768,-0.0437027
1.74,3,0.0881414,0.0841179,0.0711115,-0.00243115,0.00402358
1.74,4,-0.312785,-0.296204,0.0612581,-0.163277,-0.0165809
1.74,5,0.315319,0.299857,0.254122,0.0010728,0.0154619
1.75,0,0.126991,0.119546,0.101363,-0.00628222,0.00744516
1.75,1,-0.174566,-0.116933,0.487129,-3.76671,-0.0576329
1.75,2,1.10174,1.14521,-0.101657,-1.10083,-0.0434714
1.75,3,0.0888517,0.0848289,0.0711054,-0.00243582,0.00402274
1.75,4,-0.312082,-0.295591,0.0613126,-0.162585,-0.016491
1.75,5,0.31786,0.302398,0.25412,0.00107143,0.0154615
1.76,0,0.128006,0.12056,0.101374,-0.0062579,0.00744659
1.76,1,-0.169566,-0.112062,0.487041,-3.76129,-0.0575043
1.76,2,1.10095,1.14419,-0.101609,-1.094,-0.0432405
1.76,3,0.0895619,0.08554,0.0710982,-0.00243924,0.00402197
1.76,4,-0.311379,-0.294977,0.0613704,-0.161899,-0.0164017
1.76,5,0.320401,0.304939,0.254118,0.00107034,0.0154611
1.77,0,0.129021,0.121573,0.101388,-0.00624772,0.0074479
1.77,1,-0.164567,-0.107192,0.486957,-3.75586,-0.0573747
1.77,2,1.10017,1.14318,-0.101557,-1.08719,-0.0430102
1.77,3,0.0902722,0.0862509,0.0710902,-0.00244138,0.00402128
1.77,4,-0.310676,-0.294363,0.0614301,-0.161219,-0.0163129
1.77,5,0.322941,0.307481,0.254115,0.00106952,0.0154608
1.78,0,0.130036,0.122587,0.101404,-0.00625139,0.00744905
1.78,1,-0.159567,-0.102323,0.486876,-3.7504,-0.0572444
1.78,2,1.09938,1.14216,-0.101505,-1.0804,-0.0427804
1.78,3,0.0909824,0.0869618,0.0710815,-0.00244224,0.00402067
1.78,4,-0.309973,-0.293749,0.0614902,-0.160543,-0.0162248
1.78,5,0.325482,0.310022,0.254112,0.00106897,0.0154605
1.79,0,0.131052,0.123602,0.101423,-0.00626848,0.00745002
1.79,1,-0.154568,-0.0974546,0.486796,-3.74492,-0.0571132
1.79,2,1.0986,1.14115,-0.101454,-1.07362,-0.0425511
1.79,3,0.0916927,0.0876725,0.0710722,-0.00244184,0.00402015
1.79,4,-0.309271,-0.293133,0.0615496,-0.159873,-0.0161372
1.79,5,0.328023,0.312563,0.254109,0.0010687,0.0154603
1.8,0,0.132067,0.124616,0.101443,-0.0062984,0.00745079
1.8,1,-0.149568,-0.092587,0.486716,-3.7394,-0.0569813
1.8,2,1.09781,1.14013,-0.101404,-1.06686,-0.0423223
1.8,3,0.0924029,0.0883832,0.0710624,-0.00244019,0.00401972
1.8,4,-0.308568,-0.292518,0.0616071,-0.159206,-0.0160503
1.8,5,0.330564,0.315104,0.254105,0.0010687,0.0154601
1.81,0,0.133082,0.12563,0.101465,-0.00634045,0.00745136
1.81,1,-0.144569,-0.0877203,0.486634,-3.73384,-0.0568485
1.81,2,1.09703,1.13912,-0.101356,-1.06011,-0.0420939
1.81,3,0.0931132,0.0890938,0.0710522,-0.00243733,0.0040194
1.81,4,-0.307865,-0.291901,0.0616617,-0.158542,-0.0159639
1.81,5,0.333105,0.317645,0.254101,0.00106897,0.0154599
1.82,0,0.134097,0.126645,0.101487,-0.00639381,0.0074517
1.82,1,-0.139569,-0.0828545,0.486549,-3.72824,-0.0567149
1.82,2,1.09624,1.13811,-0.101312,-1.05336,-0.0418661
1.82,3,0.0938234,0.0898042,0.0710419,-0.0024333,0.00401918
1.82,4,-0.307162,-0.291284,0.0617125,-0.15788,-0.015878
1.82,5,0.335646,0.320186,0.254097,0.00106949,0.0154597
1.83,0,0.135112,0.12766,0.10151,-0.00645757,0.00745182
1.83,1,-0.13457,-0.0779895,0.48646,-3.7226,-0.0565805
1.83,2,1.09546,1.13709,-0.101272,-1.04662,-0.0416386
1.83,3,0.0945336,0.0905146,0.0710313,-0.00242814,0.00401907
1.83,4,-0.306459,-0.290667,0.0617587,-0.15722,-0.0157926
1.83,5,0.338187,0.322727,0.254093,0.00107025,0.0154596
1.84,0,0.136127,0.128675,0.101533,-0.00653075,0.00745171
1.84,1,-0.12957,-0.0731254,0.486366,-3.7169,-0.0564451
1.84,2,1.09467,1.13608,-0.101237,-1.03987,-0.0414116
1.84,3,0.0952439,0.0912248,0.0710208,-0.00242191,0.00401906
1.84,4,-0.305757,-0.290049,0.0617997,-0.156561,-0.0157076
1.84,5,0.340727,0.325268,0.254089,0.00107123,0.0154596
1.85,0,0.137142,0.129691,0.101556,-0.00661234,0.00745137
1.85,1,-0.124571,-0.0682623,0.486265,-3.71114,-0.0563087
1.85,2,1.09388,1.13507,-0.101208,-1.03313,-0.0411848
1.85,3,0.0959541,0.091935,0.0710103,-0.00241467,0.00401915
1.85,4,-0.305054,-0.289431,0.061835,-0.155902,-0.015623
1.85,5,0.343268,0.327809,0.254084,0.00107242,0.0154595
1.86,0,0.138157,0.130707,0.101578,-0.00670127,0.00745081
1.86,1,-0.119571,-0.0634002,0.486159,-3.70533,-0.0561713
1.86,2,1.0931,1.13406,-0.101185,-1.02638,-0.0409583
1.86,3,0.0966644,0.092645,0.071,-0.00240649,0.00401935
1.86,4,-0.304351,-0.288812,0.0618642,-0.155242,-0.0155387
1.86,5,0.345809,0.33035,0.25408,0.00107381,0.0154596
1.87,0,0.139172,0.131722,0.101599,-0.00679648,0.00745003
1.87,1,-0.114572,-0.0585392,0.486045,-3.69945,-0.0560328
1.87,2,1.09231,1.13305,-0.101168,-1.01963,-0.0407321
1.87,3,0.0973746,0.093355,0.0709899,-0.00239743,0.00401965
1.87,4,-0.303648,-0.288194,0.061887,-0.154581,-0.0154547
1.87,5,0.34835,0.33289,0.254076,0.00107536,0.0154596
1.88,0,0.140188,0.132739,0.101619,-0.0068969,0.00744904
1.88,1,-0.109573,-0.0536794,0.485924,-3.6935,-0.0558931
1.88,2,1.09153,1.13203,-0.101157,-1.01286,-0.0405059
1.88,3,0.0980849,0.0940648,0.0709801,-0.00238756,0.00402005
1.88,4,-0.302946,-0.287575,0.0619032,-0.153919,-0.0153709
1.88,5,0.350891,0.335431,0.254072,0.00107706,0.0154597
1.89,0,0.141203,0.133755,0.101639,-0.00700147,0.00744785
1.89,1,-0.104573,-0.0488209,0.485795,-3.68747,-0.0557522
1.89,2,1.09074,1.13102,-0.101153,-1.00609,-0.0402798
1.89,3,0.0987951,0.0947746,0.0709707,-0.00237695,0.00402055
1.89,4,-0.302243,-0.286956,0.0619128,-0.153254,-0.0152872
1.89,5,0.353432,0.337972,0.254068,0.00107889,0.0154599
1.9,0,0.142218,0.134771,0.101656,-0.00710916,0.00744649
1.9,1,-0.0995736,-0.0439637,0.485659,-3.68137,-0.0556099
1.9,2,1.08996,1.13001,-0.101155,-0.999302,-0.0400537
1.9,3,0.0995054,0.0954842,0.0709617,-0.00236567,0.00402114
1.9,4,-0.30154,-0.286336,0.0619158,-0.152587,-0.0152036
1.9,5,0.355972,0.340512,0.254065,0.00108083,0.0154601
1.91,0,0.143233,0.135788,0.101672,-0.00721899,0.00744495
1.91,1,-0.0945741,-0.0391079,0.485515,-3.67519,-0.0554662
1.91,2,1.08917,1.129,-0.101164,-0.992499,-0.0398276
1.91,3,0.100216,0.0961938,0.0709532,-0.0023538,0.00402181
1.91,4,-0.300837,-0.285717,0.0619123,-0.151916,-0.0151199
1.91,5,0.358513,0.343053,0.254062,0.00108286,0.0154603
1.92,0,0.144248,0.136805,0.101687,-0.00733002,0.00744326
1.92,1,-0.0895746,-0.0342536,0.485363,-3.66893,-0.0553211
1.92,2,1.08839,1.12799,-0.10118,-0.985681,-0.0396013
1.92,3,0.100926,0.0969033,0.0709451,-0.00234139,0.00402257
1.92,4,-0.300134,-0.285098,0.0619025,-0.151241,-0.0150362
1.92,5,0.361054,0.345594,0.254059,0.00108496,0.0154605
1.93,0,0.145263,0.137822,0.1017,-0.00744136,0.00744144
1.93,1,-0.0845752,-0.0294008,0.485203,-3.66258,-0.0551744
1.93,2,1.0876,1.12698,-0.101201,-0.978845,-0.0393749
1.93,3,0.101636,0.0976127,0.0709376,-0.00232851,0.00402341
1.93,4,-0.299432,-0.284479,0.0618867,-0.150563,-0.0149524
1.93,5,0.363595,0.348134,0.254056,0.0010871,0.0154608
1.94,0,0.146278,0.138839,0.101711,-0.0075522,0.0074395
1.94,1,-0.0795757,-0.0245497,0.485037,-3.65615,-0.055026
1.94,2,1.08682,1.12596,-0.101228,-0.97199,-0.0391482
1.94,3,0.102346,0.098322,0.0709306,-0.00231524,0.00402431
1.94,4,-0.298729,-0.28386,0.0618651,-0.149879,-0.0148684
1.94,5,0.366136,0.350675,0.254054,0.00108928,0.0154611
1.95,0,0.147293,0.139856,0.10172,-0.00766178,0.00743745
1.95,1,-0.0745762,-0.0197003,0.484864,-3.64963,-0.0548759
1.95,2,1.08603,1.12495,-0.10126,-0.965115,-0.0389212
1.95,3,0.103057,0.0990313,0.0709242,-0.00230161,0.00402529
1.95,4,-0.298026,-0.283242,0.0618382,-0.149192,-0.0147841
1.95,5,0.368677,0.353215,0.254052,0.00109146,0.0154614
1.96,0,0.148309,0.140873,0.101728,-0.00776945,0.00743533
1.96,1,-0.0695767,-0.0148526,0.484684,-3.64302,-0.0547241
1.96,2,1.08524,1.12394,-0.101298,-0.95822,-0.0386939
1.96,3,0.103767,0.0997405,0.0709182,-0.00228769,0.00402632
1.96,4,-0.297323,-0.282624,0.0618062,-0.148499,-0.0146995
1.96,5,0.371218,0.355756,0.25405,0.00109365,0.0154617
1.97,0,0.149324,0.14189,0.101733,-0.00787459,0.00743314
1.97,1,-0.0645773,-0.0100068,0.484499,-3.63632,-0.0545705
1.97,2,1.08446,1.12293,-0.10134,-0.951303,-0.0384661
1.97,3,0.104477,0.10045,0.0709129,-0.00227353,0.00402742
1.97,4,-0.29662,-0.282006,0.0617698,-0.147802,-0.0146146
1.97,5,0.373758,0.358296,0.254049,0.00109581,0.0154621
1.98,0,0.150339,0.142908,0.101737,-0.00797671,0.00743089
1.98,1,-0.0595778,-0.00516285,0.484308,-3.62952,-0.0544149
1.98,2,1.08367,1.12191,-0.101386,-0.944365,-0.0382379
1.98,3,0.105187,0.101159,0.070908,-0.00225917,0.00402856
1.98,4,-0.295918,-0.281388,0.0617292,-0.147099,-0.0145293
1.98,5,0.376299,0.360837,0.254048,0.00109793,0.0154625
1.99,0,0.151354,0.143925,0.10174,-0.00807535,0.00742862
1.99,1,-0.0545783,-0.00032084,0.484112,-3.62264,-0.0542575
1.99,2,1.08289,1.1209,-0.101436,-0.937406,-0.0380092
1.99,3,0.105898,0.101868,0.0709036,-0.00224466,0.00402975
1.99,4,-0.295215,-0.280771,0.0616851,-0.146391,-0.0144436
1.99,5,0.37884,0.363377,0.254047,0.00110002,0.0154628
2,0,0.152369,0.144943,0.101741,-0.00817017,0.00742633
2,1,-0.0495788,0.00451919,0.483912,-3.61566,-0.054098
2,2,1.0821,1.11988,-0.101489,-0.930425,-0.0377801
2,3,0.106608,0.102577,0.0708997,-0.00223002,0.00403098
2,4,-0.294512,-0.280155,0.0616378,-0.145678,-0.0143574
2,5,0.381381,0.365918,0.254047,0.00110204,0.0154632
2.01,0,0.153384,0.14596,0.101741,-0.00826088,0.00742404
2.01,1,-0.0445794,0.00935719,0.483709,-3.60859,-0.0539366
2.01,2,1.08132,1.11887,-0.101544,-0.923422,-0.0375503
2.01,3,0.107318,0.103286,0.0708963,-0.00221528,0.00403225
2.01,4,-0.293809,-0.279539,0.0615879,-0.144959,-0.0142707
2.01,5,0.383922,0.368458,0.254046,0.001104,0.0154636
2.02,0,0.154399,0.146977,0.101739,-0.00834726,0.00742175
2.02,1,-0.0395799,0.0141931,0.483502,-3.60143,-0.053773
2.02,2,1.08053,1.11785,-0.101602,-0.916398,-0.03732
2.02,3,0.108028,0.103995,0.0708933,-0.00220048,0.00403355
2.02,4,-0.293107,-0.278923,0.0615359,-0.144236,-0.0141835
2.02,5,0.386463,0.370999,0.254047,0.00110589,0.015464
2.03,0,0.155414,0.147995,0.101736,-0.0084292,0.00741949
2.03,1,-0.0345804,0.019027,0.483292,-3.59417,-0.0536074
2.03,2,1.07975,1.11684,-0.101661,-0.909353,-0.0370891
2.03,3,0.108739,0.104704,0.0708906,-0.00218563,0.00403488
2.03,4,-0.292404,-0.278308,0.0614822,-0.143507,-0.0140958
2.03,5,0.389003,0.373539,0.254047,0.00110769,0.0154643
2.04,0,0.156429,0.149012,0.101732,-0.00850661,0.00741727
2.04,1,-0.0295809,0.0238588,0.483081,-3.58683,-0.0534397
2.04,2,1.07896,1.11582,-0.101721,-0.902287,-0.0368577
2.04,3,0.109449,0.105413,0.0708884,-0.00217074,0.00403623
2.04,4,-0.291701,-0.277693,0.0614273,-0.142774,-0.0140075
2.04,5,0.391544,0.37608,0.254047,0.00110941,0.0154647
2.05,0,0.157445,0.150029,0.101728,-0.00857949,0.00741508
2.05,1,-0.0245815,0.0286884,0.482869,-3.5794,-0.0532699
2.05,2,1.07818,1.1148,-0.101783,-0.895202,-0.0366256
2.05,3,0.110159,0.106121,0.0708864,-0.00215583,0.0040376
2.05,4,-0.290998,-0.277079,0.0613715,-0.142035,-0.0139187
2.05,5,0.394085,0.37862,0.254048,0.00111105,0.0154651
2.06,0,0.15846,0.151047,0.101722,-0.00864788,0.00741295
2.06,1,-0.019582,0.0335159,0.482655,-3.57188,-0.0530979
2.06,2,1.07739,1.11378,-0.101844,-0.888098,-0.0363929
2.06,3,0.110869,0.10683,0.0708847,-0.0021409,0.00403899
2.06,4,-0.290295,-0.276466,0.0613154,-0.141292,-0.0138293
2.06,5,0.396626,0.381161,0.254049,0.00111259,0.0154655
2.07,0,0.159475,0.152064,0.101716,-0.00871189,0.00741088
2.07,1,-0.0145825,0.0383413,0.482441,-3.56428,-0.0529238
2.07,2,1.0766,1.11276,-0.101906,-0.880975,-0.0361595
2.07,3,0.11158,0.107539,0.0708832,-0.00212595,0.0040404
2.07,4,-0.289593,-0.275853,0.0612593,-0.140545,-0.0137394
2.07,5,0.399167,0.383701,0.25405,0.00111405,0.0154658
2.08,0,0.16049,0.153081,0.101709,-0.00877165,0.00740888
2.08,1,-0.00958305,0.0431645,0.482227,-3.55659,-0.0527476
2.08,2,1.07582,1.11174,-0.101967,-0.873835,-0.0359256
2.08,3,0.11229,0.108248,0.0708819,-0.00211098,0.00404182
2.08,4,-0.28889,-0.275241,0.0612036,-0.139793,-0.0136489
2.08,5,0.401708,0.386242,0.254051,0.00111542,0.0154661
2.09,0,0.161505,0.154098,0.101702,-0.00882736,0.00740695
2.09,1,-0.00458357,0.0479856,0.482014,-3.54881,-0.0525692
2.09,2,1.07503,1.11072,-0.102027,-0.866679,-0.0356911
2.09,3,0.113,0.108957,0.0708808,-0.00209598,0.00404325
2.09,4,-0.288187,-0.274629,0.0611486,-0.139037,-0.0135578
2.09,5,0.404249,0.388782,0.254052,0.00111671,0.0154665
2.1,0,0.16252,0.155115,0.101694,-0.00887922,0.00740509
2.1,1,0.000415903,0.0528046,0.481802,-3.54095,-0.0523887
2.1,2,1.07425,1.1097,-0.102086,-0.859507,-0.0354559
2.1,3,0.11371,0.109666,0.0708798,-0.00208095,0.00404469
2.1,4,-0.287484,-0.274018,0.0610946,-0.138277,-0.0134662
2.1,5,0.406789,0.391323,0.254053,0.00111791,0.0154668
2.11,0,0.163535,0.156132,0.101687,-0.00892747,0.0074033
2.11,1,0.00541538,0.0576215,0.481591,-3.53302,-0.0522061
2.11,2,1.07346,1.10868,-0.102144,-0.852319,-0.0352202
2.11,3,0.114421,0.110374,0.0708789,-0.00206588,0.00404615
2.11,4,-0.286781,-0.273407,0.0610418,-0.137514,-0.0133741
2.11,5,0.40933,0.393863,0.254055,0.00111903,0.0154671
2.12,0,0.16455,0.157149,0.101679,-0.00897239,0.0074016
2.12,1,0.0104149,0.0624362,0.481382,-3.525,-0.0520214
2.12,2,1.07268,1.10766,-0.1022,-0.845118,-0.0349839
2.12,3,0.115131,0.111083,0.070878,-0.00205075,0.00404761
2.12,4,-0.286079,-0.272797,0.0609904,-0.136747,-0.0132815
2.12,5,0.411871,0.396404,0.254056,0.00112008,0.0154674
2.13,0,0.165565,0.158166,0.101671,-0.00901425,0.00739997
2.13,1,0.0154143,0.0672489,0.481174,-3.51691,-0.0518346
2.13,2,1.07189,1.10664,-0.102254,-0.837904,-0.0347471
2.13,3,0.115841,0.111792,0.0708772,-0.00203554,0.00404908
2.13,4,-0.285376,-0.272188,0.0609407,-0.135977,-0.0131883
2.13,5,0.414412,0.398944,0.254057,0.00112107,0.0154677
2.14,0,0.166581,0.159182,0.101663,-0.00905334,0.00739842
2.14,1,0.0204138,0.0720595,0.480969,-3.50874,-0.0516457
2.14,2,1.07111,1.10562,-0.102307,-0.830678,-0.0345097
2.14,3,0.116551,0.112501,0.0708763,-0.00202024,0.00405055
2.14,4,-0.284673,-0.271578,0.0608929,-0.135204,-0.0130947
2.14,5,0.416953,0.401485,0.254059,0.00112199,0.0154679
2.15,0,0.167596,0.160199,0.101656,-0.00908995,0.00739694
2.15,1,0.0254133,0.0768681,0.480766,-3.50049,-0.0514548
2.15,2,1.07032,1.10459,-0.102357,-0.823441,-0.0342718
2.15,3,0.117261,0.113209,0.0708754,-0.00200484,0.00405204
2.15,4,-0.28397,-0.27097,0.0608469,-0.134428,-0.0130006
2.15,5,0.419494,0.404025,0.25406,0.00112285,0.0154682
2.16,0,0.168611,0.161215,0.101649,-0.00912438,0.00739554
2.16,1,0.0304128,0.0816746,0.480566,-3.49217,-0.0512619
2.16,2,1.06954,1.10357,-0.102405,-0.816193,-0.0340335
2.16,3,0.117972,0.113918,0.0708745,-0.0019893,0.00405354
2.16,4,-0.283268,-0.270362,0.0608029,-0.133649,-0.012906
2.16,5,0.422034,0.406566,0.254061,0.00112367,0.0154684
2.17,0,0.169626,0.162232,0.101642,-0.00915693,0.00739421
2.17,1,0.0354122,0.0864792,0.480368,-3.48378,-0.051067
2.17,2,1.06875,1.10254,-0.102451,-0.808936,-0.0337946
2.17,3,0.118682,0.114627,0.0708734,-0.00197363,0.00405504
2.17,4,-0.282565,-0.269754,0.060761,-0.132869,-0.012811
2.17,5,0.424575,0.409107,0.254063,0.00112444,0.0154686
2.18,0,0.170641,0.163248,0.101635,-0.00918787,0.00739294
2.18,1,0.0404117,0.0912818,0.480173,-3.47532,-0.0508701
2.18,2,1.06796,1.10152,-0.102495,-0.80167,-0.0335553
2.18,3,0.119392,0.115336,0.0708723,-0.00195779,0.00405656
2.18,4,-0.281862,-0.269146,0.0607213,-0.132086,-0.0127156
2.18,5,0.427116,0.411647,0.254064,0.00112518,0.0154689
2.19,0,0.171656,0.164264,0.101629,-0.00921747,0.00739174
2.19,1,0.0454112,0.0960825,0.47998,-3.46679,-0.0506713
2.19,2,1.06718,1.10049,-0.102536,-0.794396,-0.0333156
2.19,3,0.120102,0.116044,0.0708711,-0.00194176,0.00405809
2.19,4,-0.281159,-0.268539,0.0606836,-0.1313,-0.0126198
2.19,5,0.429657,0.414188,0.254065,0.00112589,0.0154691
2.2,0,0.172671,0.165281,0.101623,-0.009246,0.0073906
2.2,1,0.0504106,0.100881,0.479791,-3.4582,-0.0504706
2.2,2,1.06639,1.09947,-0.102575,-0.787114,-0.0330755
2.2,3,0.120813,0.116753,0.0708698,-0.00192554,0.00405963
2.2,4,-0.280456,-0.267933,0.060648,-0.130514,-0.0125237
2.2,5,0.432198,0.416729,0.254066,0.00112658,0.0154693
2.21,0,0.173686,0.166297,0.101618,-0.00927369,0.00738951
2.21,1,0.0554101,0.105678,0.479604,-3.44953,-0.050268
2.21,2,1.06561,1.09844,-0.102612,-0.779825,-0.032835
2.21,3,0.121523,0.117462,0.0708683,-0.0019091,0.00406119
2.21,4,-0.279754,-0.267326,0.0606144,-0.129725,-0.0124272
2.21,5,0.434739,0.419269,0.254066,0.00112726,0.0154694
2.22,0,0.174702,0.167313,0.101613,-0.00930077,0.00738847
2.22,1,0.0604096,0.110473,0.479419,-3.4408,-0.0500635
2.22,2,1.06482,1.09742,-0.102647,-0.77253,-0.0325941
2.22,3,0.122233,0.11817,0.0708667,-0.00189242,0.00406276
2.22,4,-0.279051,-0.26672,0.0605828,-0.128934,-0.0123304
2.22,5,0.43728,0.42181,0.254067,0.00112793,0.0154696
2.23,0,0.175717,0.168329,0.101609,-0.00932743,0.00738748
2.23,1,0.0654091,0.115266,0.479238,-3.432,-0.0498572
2.23,2,1.06404,1.09639,-0.102679,-0.765229,-0.0323529
2.23,3,0.122943,0.118879,0.0708649,-0.0018755,0.00406435
2.23,4,-0.278348,-0.266115,0.0605531,-0.128143,-0.0122333
2.23,5,0.43982,0.424351,0.254068,0.00112859,0.0154698
2.24,0,0.176732,0.169345,0.101605,-0.00935385,0.00738653
2.24,1,0.0704085,0.120058,0.479059,-3.42314,-0.0496492
2.24,2,1.06325,1.09536,-0.10271,-0.757923,-0.0321114
2.24,3,0.123654,0.119588,0.0708631,-0.00185831,0.00406595
2.24,4,-0.277645,-0.265509,0.0605253,-0.127349,-0.0121359
2.24,5,0.442361,0.426891,0.254068,0.00112926,0.0154699
2.25,0,0.177747,0.170361,0.101602,-0.00938019,0.00738562
2.25,1,0.075408,0.124847,0.478882,-3.41422,-0.0494393
2.25,2,1.06247,1.09434,-0.102739,-0.750612,-0.0318696
2.25,3,0.124364,0.120296,0.0708611,-0.00184085,0.00406758
2.25,4,-0.276943,-0.264904,0.0604991,-0.126555,-0.0120382
2.25,5,0.444902,0.429432,0.254069,0.00112993,0.0154701
2.26,0,0.178762,0.171377,0.101599,-0.00940659,0.00738473
2.26,1,0.0804075,0.129635,0.478708,-3.40523,-0.0492277
2.26,2,1.06168,1.09331,-0.102766,-0.743295,-0.0316276
2.26,3,0.125074,0.121005,0.0708589,-0.00182311,0.00406922
2.26,4,-0.27624,-0.264299,0.0604745,-0.125759,-0.0119402
2.26,5,0.447443,0.431973,0.254069,0.00113062,0.0154703
2.27,0,0.179777,0.172393,0.101596,-0.00943315,0.00738388
2.27,1,0.085407,0.134421,0.478536,-3.39618,-0.0490143
2.27,2,1.0609,1.09228,-0.102791,-0.735975,-0.0313852
2.27,3,0.125784,0.121714,0.0708567,-0.00180507,0.00407089
2.27,4,-0.275537,-0.263695,0.0604513,-0.124962,-0.0118421
2.27,5,0.449984,0.434513,0.254069,0.00113132,0.0154704
2.28,0,0.180792,0.173409,0.101594,-0.00945996,0.00738305
2.28,1,0.0904064,0.139206,0.478366,-3.38707,-0.0487993
2.28,2,1.06011,1.09125,-0.102815,-0.72865,-0.0311426
2.28,3,0.126495,0.122422,0.0708543,-0.00178673,0.00407258
2.28,4,-0.274834,-0.26309,0.0604295,-0.124164,-0.0117437
2.28,5,0.452525,0.437054,0.254069,0.00113204,0.0154706
2.29,0,0.181807,0.174425,0.101592,-0.00948709,0.00738223
2.29,1,0.0954059,0.143988,0.478197,-3.37789,-0.0485825
2.29,2,1.05932,1.09022,-0.102837,-0.721321,-0.0308998
2.29,3,0.127205,0.123131,0.0708518,-0.00176808,0.0040743
2.29,4,-0.274131,-0.262486,0.0604089,-0.123365,-0.0116451
2.29,5,0.455065,0.439595,0.254069,0.00113279,0.0154707
2.3,0,0.182822,0.175441,0.101591,-0.00951459,0.00738144
2.3,1,0.100405,0.14877,0.478031,-3.36866,-0.0483641
2.3,2,1.05854,1.0892,-0.102858,-0.713988,-0.0306568
2.3,3,0.127915,0.123839,0.0708492,-0.00174913,0.00407604
2.3,4,-0.273429,-0.261882,0.0603893,-0.122565,-0.0115463
2.3,5,0.457606,0.442135,0.254069,0.00113356,0.0154709
2.31,0,0.183838,0.176457,0.10159,-0.00954248,0.00738065
2.31,1,0.105405,0.153549,0.477866,-3.35936,-0.0481441
2.31,2,1.05775,1.08817,-0.102878,-0.706651,-0.0304136
2.31,3,0.128625,0.124548,0.0708466,-0.00172986,0.00407781
2.31,4,-0.272726,-0.261279,0.0603706,-0.121764,-0.0114473
2.31,5,0.460147,0.444676,0.254069,0.00113435,0.015471
2.32,0,0.184853,0.177473,0.101589,-0.00957076,0.00737988
2.32,1,0.110404,0.158327,0.477702,-3.35,-0.0479223
2.32,2,1.05697,1.08714,-0.102897,-0.69931,-0.0301701
2.32,3,0.129336,0.125256,0.0708438,-0.00171027,0.0040796
2.32,4,-0.272023,-0.260675,0.0603528,-0.120961,-0.0113481
2.32,5,0.462688,0.447217,0.254069,0.00113518,0.0154712
2.33,0,0.185868,0.178489,0.101588,-0.00959944,0.00737911
2.33,1,0.115404,0.163103,0.47754,-3.34058,-0.047699
2.33,2,1.05618,1.08611,-0.102915,-0.691965,-0.0299265
2.33,3,0.130046,0.125964,0.070841,-0.00169037,0.00408143
2.33,4,-0.27132,-0.260071,0.0603356,-0.120158,-0.0112488
2.33,5,0.465229,0.449758,0.254069,0.00113603,0.0154713
2.34,0,0.186883,0.179505,0.101588,-0.00962847,0.00737835
2.34,1,0.120403,0.167877,0.477379,-3.3311,-0.047474
2.34,2,1.0554,1.08508,-0.102933,-0.684616,-0.0296827
2.34,3,0.130756,0.126673,0.0708382,-0.00167016,0.00408328
2.34,4,-0.270617,-0.259468,0.060319,-0.119353,-0.0111492
2.34,5,0.46777,0.452298,0.254069,0.00113691,0.0154715
2.35,0,0.187898,0.18052,0.101587,-0.00965784,0.0073776
2.35,1,0.125403,0.17265,0.477218,-3.32155,-0.0472475
2.35,2,1.05461,1.08405,-0.10295,-0.677264,-0.0294388
2.35,3,0.131466,0.127381,0.0708353,-0.00164964,0.00408516
2.35,4,-0.269915,-0.258865,0.0603028,-0.118548,-0.0110496
2.35,5,0.470311,0.454839,0.254068,0.00113782,0.0154717
2.36,0,0.188913,0.181536,0.101587,-0.00968749,0.00737684
2.36,1,0.130402,0.177422,0.477059,-3.31195,-0.0470193
2.36,2,1.05383,1.08302,-0.102966,-0.669907,-0.0291946
2.36,3,0.132177,0.12809,0.0708324,-0.00162882,0.00408706
2.36,4,-0.269212,-0.258262,0.0602869,-0.117741,-0.0109497
2.36,5,0.472851,0.45738,0.254068,0.00113876,0.0154718
2.37,0,0.189928,0.182552,0.101587,-0.00971735,0.00737609
2.37,1,0.135402,0.182191,0.4769,-3.30228,-0.0467895
2.37,2,1.05304,1.08199,-0.102982,-0.662547,-0.0289504
2.37,3,0.132887,0.128798,0.0708295,-0.00160769,0.004089
2.37,4,-0.268509,-0.257659,0.0602712,-0.116933,-0.0108497
2.37,5,0.475392,0.45992,0.254067,0.00113972,0.015472
2.38,0,0.190943,0.183568,0.101587,-0.00974737,0.00737533
2.38,1,0.140401,0.186959,0.476742,-3.29255,-0.0465582
2.38,2,1.05226,1.08096,-0.102998,-0.655182,-0.0287059
2.38,3,0.133597,0.129506,0.0708266,-0.00158627,0.00409097
2.38,4,-0.267806,-0.257057,0.0602557,-0.116124,-0.0107496
2.38,5,0.477933,0.462461,0.254067,0.00114071,0.0154722
2.39,0,0.191959,0.184584,0.101587,-0.00977747,0.00737458
2.39,1,0.145401,0.191726,0.476584,-3.28276,-0.0463253
2.39,2,1.05147,1.07993,-0.103013,-0.647812,-0.0284613
2.39,3,0.134307,0.130214,0.0708237,-0.00156457,0.00409296
2.39,4,-0.267104,-0.256454,0.0602402,-0.115314,-0.0106492
2.39,5,0.480474,0.465002,0.254067,0.00114173,0.0154723
2.4,0,0.192974,0.1856,0.101587,-0.00980757,0.00737383
2.4,1,0.1504,0.196491,0.476427,-3.27291,-0.0460908
2.4,2,1.05068,1.0789,-0.103029,-0.640439,-0.0282165
2.4,3,0.135018,0.130923,0.0708208,-0.00154258,0.00409499
2.4,4,-0.266401,-0.255852,0.0602246,-0.114503,-0.0105488
2.4,5,0.483015,0.467542,0.254066,0.00114277,0.0154725
2.41,0,0.193989,0.186616,0.101587,-0.00983759,0.00737308
2.41,1,0.1554,0.201254,0.476269,-3.263,-0.0458547
2.41,2,1.0499,1.07787,-0.103044,-0.633061,-0.0279716
2.41,3,0.135728,0.131631,0.0708179,-0.00152032,0.00409704
2.41,4,-0.265698,-0.25525,0.060209,-0.11369,-0.0104482
2.41,5,0.485556,0.470083,0.254066,0.00114383,0.0154727
2.42,0,0.195004,0.187632,0.101587,-0.00986746,0.00737232
2.42,1,0.160399,0.206016,0.476112,-3.25302,-0.045617
2.42,2,1.04911,1.07684,-0.103059,-0.625678,-0.0277266
2.42,3,0.136438,0.132339,0.070815,-0.0014978,0.00409912
2.42,4,-0.264995,-0.254648,0.0601932,-0.112876,-0.0103474
2.42,5,0.488096,0.472624,0.254065,0.0011449,0.0154729
2.43,0,0.196019,0.188647,0.101587,-0.00989708,0.00737157
2.43,1,0.165399,0.210776,0.475955,-3.24298,-0.0453778
2.43,2,1.04833,1.07581,-0.103075,-0.61829,-0.0274813
2.43,3,0.137148,0.133047,0.0708123,-0.00147502,0.00410123
2.43,4,-0.264292,-0.254046,0.0601772,-0.11206,-0.0102464
2.43,5,0.490637,0.475164,0.254065,0.001146,0.0154731
2.44,0,0.197034,0.189663,0.101586,-0.00992638,0.00737082
2.44,1,0.170398,0.215535,0.475798,-3.23288,-0.045137
2.44,2,1.04754,1.07478,-0.103091,-0.610898,-0.027236
2.44,3,0.137859,0.133755,0.0708095,-0.00145199,0.00410337
2.44,4,-0.26359,-0.253444,0.060161,-0.111243,-0.0101453
2.44,5,0.493178,0.477705,0.254065,0.0011471,0.0154733
2.45,0,0.198049,0.190679,0.101586,-0.00995529,0.00737008
2.45,1,0.175398,0.220292,0.475641,-3.22271,-0.0448947
2.45,2,1.04676,1.07375,-0.103106,-0.6035,-0.0269904
2.45,3,0.138569,0.134463,0.0708068,-0.00142873,0.00410554
2.45,4,-0.262887,-0.252843,0.0601445,-0.110425,-0.0100441
2.45,5,0.495719,0.480245,0.254064,0.00114822,0.0154735
2.46,0,0.199064,0.191695,0.101586,-0.00998372,0.00736934
2.46,1,0.180397,0.225048,0.475484,-3.21248,-0.0446508
2.46,2,1.04597,1.07272,-0.103122,-0.596098,-0.0267447
2.46,3,0.139279,0.135171,0.0708042,-0.00140523,0.00410773
2.46,4,-0.262184,-0.252241,0.0601277,-0.109605,-0.00994263
2.46,5,0.49826,0.482786,0.254064,0.00114935,0.0154737
2.47,0,0.200079,0.192711,0.101585,-0.0100116,0.0073686
2.47,1,0.185396,0.229802,0.475327,-3.20219,-0.0444053
2.47,2,1.04519,1.07168,-0.103138,-0.58869,-0.0264989
2.47,3,0.139989,0.135879,0.0708016,-0.00138151,0.00410995
2.47,4,-0.261481,-0.25164,0.0601107,-0.108784,-0.00984103
2.47,5,0.500801,0.485327,0.254064,0.00115049,0.0154739
2.48,0,0.201095,0.193727,0.101585,-0.0100389,0.00736787
2.48,1,0.190396,0.234554,0.47517,-3.19184,-0.0441582
2.48,2,1.0444,1.07065,-0.103155,-0.581277,-0.0262529
2.48,3,0.1407,0.136587,0.0707991,-0.00135758,0.00411219
2.48,4,-0.260778,-0.251039,0.0600933,-0.107961,-0.00973926
2.48,5,0.503342,0.487867,0.254063,0.00115163,0.0154741
2.49,0,0.20211,0.194743,0.101584,-0.0100655,0.00736714
2.49,1,0.195395,0.239305,0.475013,-3.18142,-0.0439096
2.49,2,1.04362,1.06962,-0.103171,-0.573859,-0.0260067
2.49,3,0.14141,0.137295,0.0707967,-0.00133343,0.00411446
2.49,4,-0.260076,-0.250438,0.0600756,-0.107136,-0.00963731
2.49,5,0.505882,0.490408,0.254063,0.00115277,0.0154743
2.5,0,0.203125,0.195758,0.101583,-0.0100914,0.00736643
2.5,1,0.200395,0.244054,0.474856,-3.17094,-0.0436594
2.5,2,1.04283,1.06859,-0.103188,-0.566435,-0.0257604
2.5,3,0.14212,0.138003,0.0707943,-0.00130909,0.00411675
2.5,4,-0.259373,-0.249838,0.0600577,-0.10631,-0.00953519
2.5,5,0.508423,0.492949,0.254063,0.00115392,0.0154746
2.51,0,0.20414,0.196774,0.101582,-0.0101165,0.00736572
2.51,1,0.205394,0.248802,0.474698,-3.1604,-0.0434076
2.51,2,1.04204,1.06756,-0.103204,-0.559007,-0.0255138
2.51,3,0.14283,0.138711,0.070792,-0.00128455,0.00411906
2.51,4,-0.25867,-0.249237,0.0600395,-0.105483,-0.00943288
2.51,5,0.510964,0.495489,0.254063,0.00115506,0.0154748
2.52,0,0.205155,0.19779,0.101581,-0.0101408,0.00736502
2.52,1,0.210394,0.253548,0.474541,-3.14979,-0.0431542
2.52,2,1.04126,1.06653,-0.103221,-0.551572,-0.0252672
2.52,3,0.143541,0.139419,0.0707897,-0.00125982,0.0041214
2.52,4,-0.257967,-0.248637,0.060021,-0.104654,-0.00933039
2.52,5,0.513505,0.49803,0.254063,0.0011562,0.015475
2.53,0,0.20617,0.198806,0.101579,-0.0101643,0.00736434
2.53,1,0.215393,0.258293,0.474384,-3.13912,-0.0428993
2.53,2,1.04047,1.06549,-0.103238,-0.544133,-0.0250203
2.53,3,0.144251,0.140127,0.0707875,-0.00123492,0.00412376
2.53,4,-0.257265,-0.248037,0.0600023,-0.103823,-0.00922771
2.53,5,0.516046,0.500571,0.254062,0.00115734,0.0154752
2.54,0,0.207185,0.199822,0.101578,-0.0101869,0.00736367
2.54,1,0.220393,0.263036,0.474226,-3.12839,-0.0426428
2.54,2,1.03969,1.06446,-0.103256,-0.536688,-0.0247733
2.54,3,0.144961,0.140835,0.0707854,-0.00120983,0.00412614
2.54,4,-0.256562,-0.247437,0.0599834,-0.10299,-0.00912485
2.54,5,0.518587,0.503111,0.254062,0.00115848,0.0154754
2.55,0,0.2082,0.200837,0.101576,-0.0102086,0.00736302
2.55,1,0.225392,0.267777,0.474069,-3.1176,-0.0423847
2.55,2,1.0389,1.06343,-0.103273,-0.529238,-0.0245261
2.55,3,0.145671,0.141543,0.0707834,-0.00118457,0.00412855
2.55,4,-0.255859,-0.246837,0.0599643,-0.102156,-0.00902179
2.55,5,0.521127,0.505652,0.254062,0.00115961,0.0154757
2.56,0,0.209215,0.201853,0.101575,-0.0102294,0.00736238
2.56,1,0.230392,0.272517,0.473912,-3.10674,-0.0421251
2.56,2,1.03812,1.0624,-0.10329,-0.521782,-0.0242787
2.56,3,0.146382,0.142251,0.0707814,-0.00115914,0.00413097
2.56,4,-0.255156,-0.246238,0.0599451,-0.101321,-0.00891855
2.56,5,0.523668,0.508192,0.254062,0.00116073,0.0154759
2.57,0,0.210231,0.202869,0.101573,-0.0102493,0.00736176
2.57,1,0.235391,0.277255,0.473755,-3.09582,-0.0418638
2.57,2,1.03733,1.06136,-0.103307,-0.514321,-0.0240312
2.57,3,0.147092,0.142958,0.0707794,-0.00113355,0.00413341
2.57,4,-0.254453,-0.245638,0.0599258,-0.100484,-0.00881511
2.57,5,0.526209,0.510733,0.254062,0.00116184,0.0154761
2.58,0,0.211246,0.203885,0.101571,-0.0102683,0.00736115
2.58,1,0.240391,0.281992,0.473598,-3.08483,-0.041601
2.58,2,1.03655,1.06033,-0.103325,-0.506856,-0.0237835
2.58,3,0.147802,0.143666,0.0707775,-0.0011078,0.00413587
2.58,4,-0.253751,-0.245039,0.0599064,-0.099645,-0.00871147
2.58,5,0.52875,0.513274,0.254062,0.00116295,0.0154763
2.59,0,0.212261,0.2049,0.10157,-0.0102864,0.00736056
2.59,1,0.24539,0.286727,0.473441,-3.07379,-0.0413367
2.59,2,1.03576,1.0593,-0.103342,-0.499385,-0.0235356
2.59,3,0.148512,0.144374,0.0707757,-0.00108189,0.00413835
2.59,4,-0.253048,-0.24444,0.059887,-0.0988047,-0.00860765
2.59,5,0.531291,0.515814,0.254062,0.00116405,0.0154765
2.6,0,0.213276,0.205916,0.101568,-0.0103035,0.00735999
2.6,1,0.25039,0.29146,0.473284,-3.06268,-0.0410708
2.6,2,1.03498,1.05826,-0.103359,-0.491909,-0.0232876
2.6,3,0.149223,0.145082,0.0707739,-0.00105582,0.00414085
2.6,4,-0.252345,-0.243841,0.0598676,-0.0979628,-0.00850363
2.6,5,0.533832,0.518355,0.254062,0.00116514,0.0154768
2.61,0,0.214291,0.206932,0.101566,-0.0103197,0.00735944
2.61,1,0.255389,0.296192,0.473128,-3.05152,-0.0408033
2.61,2,1.03419,1.05723,-0.103376,-0.484429,-0.0230393
2.61,3,0.149933,0.145789,0.0707721,-0.0010296,0.00414337
2.61,4,-0.251642,-0.243243,0.0598483,-0.0971195,-0.00839941
2.61,5,0.536373,0.520896,0.254062,0.00116622,0.015477
2.62,0,0.215306,0.207947,0.101564,-0.0103351,0.00735891
2.62,1,0.260389,0.300923,0.472972,-3.04029,-0.0405342
2.62,2,1.0334,1.0562,-0.103392,-0.476944,-0.022791
2.62,3,0.150643,0.146497,0.0707704,-0.00100323,0.0041459
2.62,4,-0.25094,-0.242645,0.059829,-0.0962746,-0.00829501
2.62,5,0.538913,0.523436,0.254063,0.00116729,0.0154772
2.63,0,0.216321,0.208963,0.101562,-0.0103496,0.0073584
2.63,1,0.265388,0.305652,0.472817,-3.029,-0.0402636
2.63,2,1.03262,1.05516,-0.103409,-0.469454,-0.0225424
2.63,3,0.151353,0.147205,0.0707687,-0.000976699,0.00414845
2.63,4,-0.250237,-0.242046,0.0598099,-0.0954282,-0.00819041
2.63,5,0.541454,0.525977,0.254063,0.00116836,0.0154774
2.64,0,0.217336,0.209979,0.10156,-0.0103632,0.00735791
2.64,1,0.270388,0.310379,0.472662,-3.01764,-0.0399915
2.64,2,1.03183,1.05413,-0.103425,-0.46196,-0.0222937
2.64,3,0.152064,0.147912,0.070767,-0.000950023,0.00415102
2.64,4,-0.249534,-0.241448,0.0597909,-0.0945804,-0.00808562
2.64,5,0.543995,0.528517,0.254063,0.00116942,0.0154777
2.65,0,0.218352,0.210994,0.101558,-0.010376,0.00735744
2.65,1,0.275387,0.315105,0.472508,-3.00623,-0.0397178
2.65,2,1.03105,1.05309,-0.103441,-0.454462,-0.0220448
2.65,3,0.152774,0.14862,0.0707654,-0.000923197,0.0041536
2.65,4,-0.248831,-0.240851,0.0597721,-0.0937311,-0.00798064
2.65,5,0.546536,0.531058,0.254063,0.00117046,0.0154779
2.66,0,0.219367,0.21201,0.101556,-0.0103879,0.00735699
2.66,1,0.280386,0.319829,0.472354,-2.99476,-0.0394425
2.66,2,1.03026,1.05206,-0.103457,-0.44696,-0.0217958
2.66,3,0.153484,0.149328,0.0707638,-0.000896222,0.0041562
2.66,4,-0.248128,-0.240253,0.0597535,-0.0928805,-0.00787547
2.66,5,0.549077,0.533599,0.254063,0.00117151,0.0154781
2.67,0,0.220382,0.213025,0.101554,-0.0103991,0.00735656
2.67,1,0.285386,0.324552,0.4722,-2.98323,-0.0391657
2.67,2,1.02948,1.05102,-0.103472,-0.439453,-0.0215466
2.67,3,0.154194,0.150035,0.0707622,-0.0008691,0.00415882
2.67,4,-0.247426,-0.239655,0.0597351,-0.0920285,-0.00777012
2.67,5,0.551618,0.536139,0.254063,0.00117254,0.0154783
2.68,0,0.221397,0.214041,0.101552,-0.0104095,0.00735615
2.68,1,0.290385,0.329273,0.472047,-2.97164,-0.0388874
2.68,2,1.02869,1.04999,-0.103487,-0.431943,-0.0212972
2.68,3,0.154904,0.150743,0.0707606,-0.000841829,0.00416145
2.68,4,-0.246723,-0.239058,0.059717,-0.0911752,-0.00766459
2.68,5,0.554158,0.53868,0.254063,0.00117357,0.0154785
2.69,0,0.222412,0.215056,0.10155,-0.0104191,0.00735576
2.69,1,0.295385,0.333992,0.471895,-2.95999,-0.0386076
2.69,2,1.02791,1.04895,-0.103501,-0.424429,-0.0210477
2.69,3,0.155615,0.151451,0.070759,-0.000814412,0.0041641
2.69,4,-0.24602,-0.238461,0.0596991,-0.0903206,-0.00755888
2.69,5,0.556699,0.541221,0.254063,0.0011746,0.0154787
2.7,0,0.223427,0.216072,0.101548,-0.010428,0.00735539
2.7,1,0.300384,0.338711,0.471744,-2.94828,-0.0383262
2.7,2,1.02712,1.04792,-0.103515,-0.416912,-0.0207981
2.7,3,0.156325,0.152158,0.0707575,-0.000786847,0.00416676
2.7,4,-0.245317,-0.237864,0.0596816,-0.0894647,-0.00745299
2.7,5,0.55924,0.543761,0.254064,0.00117562,0.0154789
2.71,0,0.224442,0.217087,0.101546,-0.0104362,0.00735503
2.71,1,0.305384,0.343427,0.471593,-2.93651,-0.0380433
2.71,2,1.02634,1.04688,-0.103529,-0.409392,-0.0205483
2.71,3,0.157035,0.152866,0.0707559,-0.000759137,0.00416944
2.71,4,-0.244614,-0.237268,0.0596643,-0.0886075,-0.00734692
2.71,5,0.561781,0.546302,0.254064,0.00117664,0.0154791
2.72,0,0.225457,0.218103,0.101544,-0.0104437,0.0073547
2.72,1,0.310383,0.348142,0.471443,-2.92469,-0.037759
2.72,2,1.02555,1.04585,-0.103542,-0.401868,-0.0202984
2.72,3,0.157745,0.153573,0.0707544,-0.00073128,0.00417214
2.72,4,-0.243912,-0.236671,0.0596474,-0.0877492,-0.00724069
2.72,5,0.564322,0.548842,0.254064,0.00117765,0.0154794
2.73,0,0.226472,0.219118,0.101542,-0.0104505,0.00735439
2.73,1,0.315383,0.352856,0.471293,-2.9128,-0.0374731
2.73,2,1.02476,1.04481,-0.103555,-0.394341,-0.0200484
2.73,3,0.158456,0.154281,0.0707529,-0.000703278,0.00417485
2.73,4,-0.243209,-0.236075,0.0596308,-0.0868897,-0.00713429
2.73,5,0.566863,0.551383,0.254064,0.00117866,0.0154796
2.74,0,0.227488,0.220133,0.10154,-0.0104567,0.0073541
2.74,1,0.320382,0.357568,0.471145,-2.90086,-0.0371857
2.74,2,1.02398,1.04378,-0.103568,-0.386812,-0.0197982
2.74,3,0.159166,0.154988,0.0707514,-0.000675132,0.00417757
2.74,4,-0.242506,-0.235478,0.0596146,-0.0860291,-0.00702772
2.74,5,0.569404,0.553924,0.254064,0.00117967,0.0154798
2.75,0,0.228503,0.221149,0.101538,-0.0104622,0.00735382
2.75,1,0.325382,0.362279,0.470997,-2.88887,-0.0368969
2.75,2,1.02319,1.04274,-0.103579,-0.37928,-0.0195479
2.75,3,0.159876,0.155696,0.0707499,-0.000646842,0.00418031
2.75,4,-0.241803,-0.234882,0.0595987,-0.0851673,-0.006921
2.75,5,0.571944,0.556464,0.254064,0.00118068,0.01548
2.76,0,0.229518,0.222164,0.101537,-0.0104671,0.00735356
2.76,1,0.330381,0.366988,0.47085,-2.87681,-0.0366066
2.76,2,1.02241,1.04171,-0.103591,-0.371745,-0.0192975
2.76,3,0.160586,0.156403,0.0707484,-0.000618409,0.00418306
2.76,4,-0.241101,-0.234286,0.0595832,-0.0843045,-0.00681411
2.76,5,0.574485,0.559005,0.254064,0.00118169,0.0154802
2.77,0,0.230533,0.22318,0.101535,-0.0104714,0.00735332
2.77,1,0.335381,0.371696,0.470703,-2.8647,-0.0363148
2.77,2,1.02162,1.04067,-0.103602,-0.364208,-0.019047
2.77,3,0.161297,0.157111,0.070747,-0.000589834,0.00418583
2.77,4,-0.240398,-0.233691,0.059568,-0.0834406,-0.00670708
2.77,5,0.577026,0.561546,0.254064,0.0011827,0.0154804
2.78,0,0.231548,0.224195,0.101533,-0.0104751,0.0073531
2.78,1,0.34038,0.376402,0.470558,-2.85254,-0.0360216
2.78,2,1.02084,1.03963,-0.103612,-0.356668,-0.0187964
2.78,3,0.162007,0.157818,0.0707455,-0.000561119,0.00418862
2.78,4,-0.239695,-0.233095,0.0595531,-0.0825757,-0.00659989
2.78,5,0.579567,0.564086,0.254064,0.00118371,0.0154806
2.79,0,0.232563,0.22521,0.101531,-0.0104782,0.0073529
2.79,1,0.34538,0.381107,0.470413,-2.84031,-0.0357269
2.79,2,1.02005,1.0386,-0.103622,-0.349126,-0.0185457
2.79,3,0.162717,0.158526,0.070744,-0.000532264,0.00419142
2.79,4,-0.238992,-0.2325,0.0595387,-0.0817098,-0.00649256
2.79,5,0.582108,0.566627,0.254064,0.00118472,0.0154808
2.8,0,0.233578,0.226226,0.10153,-0.0104807,0.00735271
2.8,1,0.350379,0.38581,0.470269,-2.82804,-0.0354307
2.8,2,1.01927,1.03756,-0.103632,-0.341583,-0.0182949
2.8,3,0.163427,0.159233,0.0707426,-0.000503272,0.00419423
2.8,4,-0.238289,-0.231904,0.0595245,-0.0808429,-0.00638508
2.8,5,0.584649,0.569168,0.254064,0.00118573,0.015481
2.81,0,0.234593,0.227241,0.101528,-0.0104826,0.00735254
2.81,1,0.355379,0.390512,0.470125,-2.8157,-0.0351332
2.81,2,1.01848,1.03652,-0.103641,-0.334037,-0.018044
2.81,3,0.164138,0.159941,0.0707412,-0.000474144,0.00419706
2.81,4,-0.237587,-0.231309,0.0595107,-0.0799751,-0.00627747
2.81,5,0.587189,0.571708,0.254064,0.00118674,0.0154812
2.82,0,0.235609,0.228256,0.101526,-0.0104839,0.00735238
2.82,1,0.360378,0.395212,0.469983,-2.80331,-0.0348341
2.82,2,1.0177,1.03549,-0.10365,-0.32649,-0.017793
2.82,3,0.164848,0.160648,0.0707398,-0.000444882,0.0041999
2.82,4,-0.236884,-0.230714,0.0594973,-0.0791064,-0.00616972
2.82,5,0.58973,0.574249,0.254064,0.00118776,0.0154814
2.83,0,0.236624,0.229271,0.101525,-0.0104847,0.00735224
2.83,1,0.365378,0.399911,0.469841,-2.79087,-0.0345337
2.83,2,1.01691,1.03445,-0.103658,-0.318941,-0.0175419
2.83,3,0.165558,0.161355,0.0707384,-0.000415488,0.00420275
2.83,4,-0.236181,-0.230119,0.0594841,-0.0782367,-0.00606183
2.83,5,0.592271,0.57679,0.254064,0.00118878,0.0154816
2.84,0,0.237639,0.230287,0.101523,-0.0104848,0.00735212
2.84,1,0.370377,0.404609,0.4697,-2.77838,-0.0342319
2.84,2,1.01612,1.03341,-0.103666,-0.311391,-0.0172907
2.84,3,0.166268,0.162063,0.070737,-0.000385963,0.00420562
2.84,4,-0.235478,-0.229524,0.0594713,-0.0773662,-0.00595382
2.84,5,0.594812,0.57933,0.254064,0.00118979,0.0154818
2.85,0,0.238654,0.231302,0.101522,-0.0104844,0.00735201
2.85,1,0.375377,0.409305,0.46956,-2.76583,-0.0339286
2.85,2,1.01534,1.03238,-0.103673,-0.303839,-0.0170395
2.85,3,0.166979,0.16277,0.0707356,-0.000356312,0.00420851
2.85,4,-0.234775,-0.22893,0.0594588,-0.0764948,-0.00584568
2.85,5,0.597353,0.581871,0.254064,0.00119082,0.015482
2.86,0,0.239669,0.232317,0.10152,-0.0104834,0.00735192
2.86,1,0.380376,0.414,0.46942,-2.75322,-0.033624
2.86,2,1.01455,1.03134,-0.10368,-0.296286,-0.0167882
2.86,3,0.167689,0.163478,0.0707343,-0.000326534,0.0042114
2.86,4,-0.234073,-0.228335,0.0594466,-0.0756226,-0.00573742
2.86,5,0.599894,0.584411,0.254064,0.00119184,0.0154822
2.87,0,0.240684,0.233332,0.101519,-0.0104819,0.00735185
2.87,1,0.385375,0.418693,0.469281,-2.74056,-0.033318
2.87,2,1.01377,1.0303,-0.103686,-0.288731,-0.0165368
2.87,3,0.168399,0.164185,0.0707329,-0.000296634,0.00421431
2.87,4,-0.23337,-0.227741,0.0594347,-0.0747496,-0.00562903
2.87,5,0.602435,0.586952,0.254064,0.00119287,0.0154824
2.88,0,0.241699,0.234347,0.101517,-0.0104797,0.00735179
2.88,1,0.390375,0.423385,0.469143,-2.72785,-0.0330105
2.88,2,1.01298,1.02927,-0.103693,-0.281176,-0.0162854
2.88,3,0.169109,0.164892,0.0707316,-0.000266614,0.00421724
2.88,4,-0.232667,-0.227147,0.059423,-0.0738757,-0.00552053
2.88,5,0.604975,0.589493,0.254064,0.00119389,0.0154826
2.89,0,0.242714,0.235363,0.101516,-0.010477,0.00735174
2.89,1,0.395374,0.428076,0.469006,-2.71509,-0.0327017
2.89,2,1.0122,1.02823,-0.103698,-0.273619,-0.0160339
2.89,3,0.16982,0.165599,0.0707303,-0.000236476,0.00422017
2.89,4,-0.231964,-0.226552,0.0594116,-0.0730011,-0.00541191
2.89,5,0.607516,0.592033,0.254064,0.00119492,0.0154828
2.9,0,0.243729,0.236378,0.101514,-0.0104737,0.00735171
2.9,1,0.400374,0.432765,0.468869,-2.70227,-0.0323916
2.9,2,1.01141,1.02719,-0.103704,-0.266062,-0.0157823
2.9,3,0.17053,0.166307,0.070729,-0.000206222,0.00422312
2.9,4,-0.231262,-0.225958,0.0594005,-0.0721257,-0.00530318
2.9,5,0.610057,0.594574,0.254064,0.00119596,0.015483
2.91,0,0.244745,0.237393,0.101513,-0.0104698,0.00735169
2.91,1,0.405373,0.437453,0.468733,-2.6894,-0.03208
2.91,2,1.01063,1.02616,-0.103709,-0.258504,-0.0155307
2.91,3,0.17124,0.167014,0.0707278,-0.000175857,0.00422608
2.91,4,-0.230559,-0.225364,0.0593896,-0.0712495,-0.00519434
2.91,5,0.612598,0.597115,0.254064,0.00119699,0.0154832
2.92,0,0.24576,0.238408,0.101511,-0.0104652,0.00735169
2.92,1,0.410373,0.44214,0.468598,-2.67648,-0.0317671
2.92,2,1.00984,1.02512,-0.103714,-0.250944,-0.0152791
2.92,3,0.17195,0.167721,0.0707266,-0.000145382,0.00422906
2.92,4,-0.229856,-0.224771,0.0593789,-0.0703726,-0.0050854
2.92,5,0.615139,0.599655,0.254064,0.00119803,0.0154834
2.93,0,0.246775,0.239423,0.101509,-0.0104601,0.00735171
2.93,1,0.415372,0.446825,0.468463,-2.6635,-0.0314529
2.93,2,1.00905,1.02408,-0.103718,-0.243385,-0.0150274
2.93,3,0.172661,0.168429,0.0707254,-0.000114801,0.00423204
2.93,4,-0.229153,-0.224177,0.0593685,-0.069495,-0.00497635
2.93,5,0.61768,0.602196,0.254064,0.00119906,0.0154837
2.94,0,0.24779,0.240438,0.101508,-0.0104544,0.00735174
2.94,1,0.420372,0.451509,0.468329,-2.65048,-0.0311373
2.94,2,1.00827,1.02305,-0.103722,-0.235824,-0.0147756
2.94,3,0.173371,0.169136,0.0707242,-8.41155e-05,0.00423504
2.94,4,-0.22845,-0.223583,0.0593583,-0.0686166,-0.00486719
2.94,5,0.62022,0.604737,0.254064,0.0012001,0.0154839
2.95,0,0.248805,0.241453,0.101506,-0.0104481,0.00735178
2.95,1,0.425371,0.456192,0.468195,-2.6374,-0.0308204
2.95,2,1.00748,1.02201,-0.103726,-0.228263,-0.0145238
2.95,3,0.174081,0.169843,0.070723,-5.33291e-05,0.00423805
2.95,4,-0.227748,-0.22299,0.0593482,-0.0677376,-0.00475793
2.95,5,0.622761,0.607277,0.254064,0.00120114,0.0154841
2.96,0,0.24982,0.242468,0.101505,-0.0104411,0.00735184
2.96,1,0.430371,0.460873,0.468062,-2.62427,-0.0305021
2.96,2,1.0067,1.02097,-0.103729,-0.220702,-0.014272
2.96,3,0.174791,0.17055,0.0707219,-2.24445e-05,0.00424107
2.96,4,-0.227045,-0.222396,0.0593384,-0.0668578,-0.00464858
2.96,5,0.625302,0.609818,0.254064,0.00120218,0.0154843
2.97,0,0.250835,0.243483,0.101503,-0.0104336,0.00735192
2.97,1,0.43537,0.465553,0.46793,-2.61109,-0.0301826
2.97,2,1.00591,1.01993,-0.103732,-0.21314,-0.0140202
2.97,3,0.175502,0.171258,0.0707208,8.53565e-06,0.0042441
2.97,4,-0.226342,-0.221803,0.0593288,-0.0659774,-0.00453912
2.97,5,0.627843,0.612358,0.254064,0.00120323,0.0154845
2.98,0,0.25185,0.244498,0.101502,-0.0104254,0.00735201
2.98,1,0.44037,0.470231,0.467798,-2.59786,-0.0298617
2.98,2,1.00513,1.0189,-0.103735,-0.205578,-0.0137683
2.98,3,0.176212,0.171965,0.0707198,3.96085e-05,0.00424715
2.98,4,-0.225639,-0.22121,0.0593193,-0.0650963,-0.00442958
2.98,5,0.630384,0.614899,0.254064,0.00120427,0.0154847
2.99,0,0.252866,0.245513,0.1015,-0.0104166,0.00735211
2.99,1,0.445369,0.474909,0.467667,-2.58458,-0.0295394
2.99,2,1.00434,1.01786,-0.103738,-0.198015,-0.0135164
2.99,3,0.176922,0.172672,0.0707187,7.07714e-05,0.0042502
2.99,4,-0.224937,-0.220617,0.0593101,-0.0642145,-0.00431993
2.99,5,0.632925,0.61744,0.254064,0.00120531,0.0154849
3,0,0.253881,0.246528,0.101499,-0.0104072,0.00735224
3,1,0.450369,0.479585,0.467537,-2.57125,-0.0292159
3,2,1.00356,1.01682,-0.10374,-0.190453,-0.0132644
3,3,0.177632,0.173379,0.0707177,0.000102022,0.00425326
3,4,-0.224234,-0.220024,0.059301,-0.0633321,-0.0042102
3,5,0.635466,0.61998,0.254064,0.00120636,0.0154851
3.01,0,0.254896,0.247543,0.101497,-0.0103971,0.00735237
3.01,1,0.455368,0.484259,0.467407,-2.55786,-0.0288911
3.01,2,1.00277,1.01578,-0.103742,-0.18289,-0.0130125
3.01,3,0.178343,0.174086,0.0707167,0.000133357,0.00425634
3.01,4,-0.223531,-0.219431,0.059292,-0.062449,-0.00410038
3.01,5,0.638006,0.622521,0.254064,0.0012074,0.0154853
3.02,0,0.255911,0.248558,0.101496,-0.0103865,0.00735252
3.02,1,0.460368,0.488933,0.467278,-2.54443,-0.028565
3.02,2,1.00199,1.01475,-0.103744,-0.175327,-0.0127605
3.02,3,0.179053,0.174793,0.0707157,0.000164774,0.00425942
3.02,4,-0.222828,-0.218838,0.0592833,-0.0615654,-0.00399046
3.02,5,0.640547,0.625062,0.254064,0.00120844,0.0154855
3.03,0,0.256926,0.249573,0.101494,-0.0103752,0.00735269
3.03,1,0.465367,0.493605,0.467149,-2.53095,-0.0282376
3.03,2,1.0012,1.01371,-0.103746,-0.167764,-0.0125085
3.03,3,0.179763,0.175501,0.0707148,0.00019627,0.00426251
3.03,4,-0.222125,-0.218245,0.0592747,-0.0606811,-0.00388047
3.03,5,0.643088,0.627602,0.254064,0.00120948,0.0154857
3.04,0,0.257941,0.250588,0.101493,-0.0103632,0.00735287
3.04,1,0.470367,0.498275,0.467021,-2.51742,-0.0279089
3.04,2,1.00041,1.01267,-0.103747,-0.160202,-0.0122565
3.04,3,0.180473,0.176208,0.0707139,0.000227844,0.00426562
3.04,4,-0.221423,-0.217652,0.0592662,-0.0597962,-0.00377038
3.04,5,0.645629,0.630143,0.254064,0.00121053,0.0154859
3.05,0,0.258956,0.251603,0.101491,-0.0103507,0.00735307
3.05,1,0.475366,0.502945,0.466893,-2.50384,-0.0275789
3.05,2,0.999629,1.01163,-0.103748,-0.152639,-0.0120045
3.05,3,0.181184,0.176915,0.070713,0.000259492,0.00426873
3.05,4,-0.22072,-0.21706,0.0592579,-0.0589107,-0.00366021
3.05,5,0.64817,0.632684,0.254064,0.00121157,0.0154861
3.06,0,0.259971,0.252618,0.10149,-0.0103375,0.00735328
3.06,1,0.480365,0.507613,0.466766,-2.49021,-0.0272477
3.06,2,0.998844,1.0106,-0.103749,-0.145077,-0.0117525
3.06,3,0.181894,0.177622,0.0707121,0.000291212,0.00427185
3.06,4,-0.220017,-0.216467,0.0592498,-0.0580246,-0.00354996
3.06,5,0.650711,0.635224,0.254064,0.00121261,0.0154863
3.07,0,0.260986,0.253633,0.101488,-0.0103237,0.00735351
3.07,1,0.485365,0.51228,0.46664,-2.47653,-0.0269152
3.07,2,0.998059,1.00956,-0.103749,-0.137515,-0.0115004
3.07,3,0.182604,0.178329,0.0707113,0.000323003,0.00427498
3.07,4,-0.219314,-0.215875,0.0592418,-0.057138,-0.00343963
3.07,5,0.653251,0.637765,0.254064,0.00121365,0.0154866
3.08,0,0.262002,0.254648,0.101487,-0.0103093,0.00735376
3.08,1,0.490364,0.516946,0.466514,-2.4628,-0.0265814
3.08,2,0.997273,1.00852,-0.103749,-0.129953,-0.0112484
3.08,3,0.183314,0.179036,0.0707105,0.00035486,0.00427811
3.08,4,-0.218611,-0.215282,0.059234,-0.0562508,-0.00332923
3.08,5,0.655792,0.640306,0.254064,0.00121469,0.0154868
3.09,0,0.263017,0.255663,0.101485,-0.0102942,0.00735402
3.09,1,0.495364,0.52161,0.466388,-2.44902,-0.0262464
3.09,2,0.996488,1.00748,-0.103749,-0.122392,-0.0109964
3.09,3,0.184025,0.179743,0.0707097,0.000386783,0.00428126
3.09,4,-0.217909,-0.21469,0.0592263,-0.0553631,-0.00321874
3.09,5,0.658333,0.642846,0.254064,0.00121573,0.015487
3.1,0,0.264032,0.256677,0.101483,-0.0102785,0.00735429
3.1,1,0.500363,0.526273,0.466264,-2.43519,-0.0259101
3.1,2,0.995702,1.00645,-0.103749,-0.114832,-0.0107443
3.1,3,0.184735,0.18045,0.0707089,0.000418769,0.00428441
3.1,4,-0.217206,-0.214098,0.0592188,-0.0544748,-0.00310818
3.1,5,0.660874,0.645387,0.254064,0.00121676,0.0154872
3.11,0,0.265047,0.257692,0.101482,-0.0102622,0.00735458
3.11,1,0.505363,0.530935,0.46614,-2.42132,-0.0255726
3.11,2,0.994917,1.00541,-0.103749,-0.107272,-0.0104923
3.11,3,0.185445,0.181157,0.0707082,0.000450815,0.00428757
3.11,4,-0.216503,-0.213506,0.0592115,-0.0535861,-0.00299754
3.11,5,0.663415,0.647927,0.254064,0.0012178,0.0154874
3.12,0,0.266062,0.258707,0.10148,-0.0102453,0.00735489
3.12,1,0.510362,0.535596,0.466016,-2.4074,-0.0252338
3.12,2,0.994131,1.00437,-0.103748,-0.0997127,-0.0102403
3.12,3,0.186155,0.181865,0.0707075,0.00048292,0.00429074
3.12,4,-0.2158,-0.212913,0.0592043,-0.0526968,-0.00288683
3.12,5,0.665956,0.650468,0.254064,0.00121884,0.0154876
3.13,0,0.267077,0.259722,0.101479,-0.0102278,0.00735521
3.13,1,0.515362,0.540256,0.465893,-2.39343,-0.0248938
3.13,2,0.993346,1.00333,-0.103747,-0.0921543,-0.00998827
3.13,3,0.186866,0.182572,0.0707068,0.000515082,0.00429391
3.13,4,-0.215098,-0.212321,0.0591973,-0.0518071,-0.00277605
3.13,5,0.668497,0.653009,0.254064,0.00121987,0.0154878
3.14,0,0.268092,0.260737,0.101477,-0.0102096,0.00735555
3.14,1,0.520361,0.544914,0.465771,-2.37942,-0.0245526
3.14,2,0.99256,1.0023,-0.103746,-0.0845967,-0.00973627
3.14,3,0.187576,0.183279,0.0707061,0.000547297,0.0042971
3.14,4,-0.214395,-0.21173,0.0591904,-0.0509169,-0.0026652
3.14,5,0.671037,0.655549,0.254064,0.00122091,0.015488
3.15,0,0.269107,0.261751,0.101476,-0.0101909,0.0073559
3.15,1,0.525361,0.549571,0.465649,-2.36535,-0.0242102
3.15,2,0.991775,1.00126,-0.103744,-0.0770401,-0.00948428
3.15,3,0.188286,0.183986,0.0707054,0.000579564,0.00430028
3.15,4,-0.213692,-0.211138,0.0591838,-0.0500262,-0.00255429
3.15,5,0.673578,0.65809,0.254064,0.00122194,0.0154882
3.16,0,0.270122,0.262766,0.101474,-0.0101716,0.00735627
3.16,1,0.53036,0.554227,0.465528,-2.35124,-0.0238665
3.16,2,0.990989,1.00022,-0.103742,-0.0694845,-0.0092323
3.16,3,0.188996,0.184693,0.0707048,0.000611881,0.00430348
3.16,4,-0.212989,-0.210546,0.0591772,-0.0491351,-0.00244331
3.16,5,0.676119,0.660631,0.254064,0.00122297,0.0154884
3.17,0,0.271138,0.263781,0.101473,-0.0101516,0.00735665
3.17,1,0.53536,0.558881,0.465407,-2.33709,-0.0235217
3.17,2,0.990204,0.999184,-0.10374,-0.06193,-0.00898035
3.17,3,0.189707,0.1854,0.0707042,0.000644245,0.00430668
3.17,4,-0.212286,-0.209954,0.0591709,-0.0482435,-0.00233226
3.17,5,0.67866,0.663171,0.254064,0.001224,0.0154886
3.18,0,0.272153,0.264796,0.101471,-0.0101311,0.00735705
3.18,1,0.540359,0.563535,0.465287,-2.32289,-0.0231756
3.18,2,0.989419,0.998147,-0.103738,-0.0543767,-0.00872842
3.18,3,0.190417,0.186107,0.0707036,0.000676655,0.00430988
3.18,4,-0.211584,-0.209362,0.0591647,-0.0473516,-0.00222115
3.18,5,0.681201,0.665712,0.254064,0.00122503,0.0154888
3.19,0,0.273168,0.26581,0.10147,-0.0101099,0.00735747
3.19,1,0.545359,0.568187,0.465168,-2.30864,-0.0228283
3.19,2,0.988633,0.99711,-0.103735,-0.0468247,-0.00847651
3.19,3,0.191127,0.186814,0.0707031,0.000709109,0.0043131
3.19,4,-0.210881,-0.208771,0.0591588,-0.0464592,-0.00210998
3.19,5,0.683742,0.668253,0.254064,0.00122606,0.015489
3.2,0,0.274183,0.266825,0.101468,-0.0100882,0.0073579
3.2,1,0.550358,0.572838,0.465049,-2.29434,-0.0224799
3.2,2,0.987848,0.996072,-0.103732,-0.039274,-0.00822463
3.2,3,0.191837,0.187521,0.0707026,0.000741603,0.00431631
3.2,4,-0.210178,-0.208179,0.0591529,-0.0455665,-0.00199875
3.2,5,0.686282,0.670793,0.254064,0.00122709,0.0154893
3.21,0,0.275198,0.26784,0.101467,-0.0100659,0.00735834
3.21,1,0.555358,0.577488,0.464931,-2.28,-0.0221303
3.21,2,0.987062,0.995035,-0.103729,-0.0317248,-0.00797278
3.21,3,0.192547,0.188228,0.070702,0.000774136,0.00431954
3.21,4,-0.209475,-0.207588,0.0591473,-0.0446734,-0.00188747
3.21,5,0.688823,0.673334,0.254064,0.00122812,0.0154895
3.22,0,0.276213,0.268854,0.101465,-0.0100429,0.0073588
3.22,1,0.560357,0.582137,0.464814,-2.26562,-0.0217794
3.22,2,0.986277,0.993998,-0.103726,-0.0241772,-0.00772097
3.22,3,0.193258,0.188935,0.0707015,0.000806706,0.00432276
3.22,4,-0.208772,-0.206996,0.0591419,-0.0437799,-0.00177612
3.22,5,0.691364,0.675874,0.254064,0.00122915,0.0154897
3.23,0,0.277228,0.269869,0.101463,-0.0100195,0.00735928
3.23,1,0.565357,0.586784,0.464697,-2.25119,-0.0214275
3.23,2,0.985491,0.99296,-0.103722,-0.0166312,-0.00746919
3.23,3,0.193968,0.189642,0.0707011,0.000839311,0.004326
3.23,4,-0.20807,-0.206405,0.0591366,-0.0428862,-0.00166473
3.23,5,0.693905,0.678415,0.254064,0.00123018,0.0154899
3.24,0,0.278243,0.270884,0.101462,-0.00999539,0.00735977
3.24,1,0.570356,0.59143,0.464581,-2.23671,-0.0210743
3.24,2,0.984706,0.991923,-0.103718,-0.00908686,-0.00721745
3.24,3,0.194678,0.190349,0.0707006,0.000871948,0.00432923
3.24,4,-0.207367,-0.205814,0.0591316,-0.0419921,-0.00155328
3.24,5,0.696446,0.680956,0.254064,0.0012312,0.0154901
3.25,0,0.279259,0.271898,0.101461,-0.00997074,0.00736027
3.25,1,0.575355,0.596076,0.464465,-2.2222,-0.02072
3.25,2,0.98392,0.990886,-0.103714,-0.00154436,-0.00696575
3.25,3,0.195388,0.191056,0.0707002,0.000904615,0.00433247
3.25,4,-0.206664,-0.205222,0.0591267,-0.0410977,-0.00144179
3.25,5,0.698987,0.683496,0.254064,0.00123223,0.0154903
3.26,0,0.280274,0.272913,0.101459,-0.00994552,0.00736079
3.26,1,0.580355,0.60072,0.46435,-2.20763,-0.0203646
3.26,2,0.983135,0.989849,-0.103709,0.00599625,-0.00671409
3.26,3,0.196099,0.191763,0.0706998,0.00093731,0.00433572
3.26,4,-0.205961,-0.204631,0.059122,-0.040203,-0.00133025
3.26,5,0.701527,0.686037,0.254064,0.00123326,0.0154905
3.27,0,0.281289,0.273927,0.101458,-0.00991973,0.00736132
3.27,1,0.585354,0.605362,0.464236,-2.19303,-0.0200079
3.27,2,0.982349,0.988812,-0.103705,0.0135349,-0.00646248
3.27,3,0.196809,0.19247,0.0706994,0.000970031,0.00433897
3.27,4,-0.205259,-0.20404,0.0591175,-0.039308,-0.00121866
3.27,5,0.704068,0.688578,0.254064,0.00123428,0.0154907
3.28,0,0.282304,0.274942,0.101456,-0.00989337,0.00736187
3.28,1,0.590354,0.610004,0.464122,-2.17837,-0.0196502
3.28,2,0.981564,0.987775,-0.1037,0.0210714,-0.00621092
3.28,3,0.197519,0.193177,0.0706991,0.00100277,0.00434222
3.28,4,-0.204556,-0.203449,0.0591132,-0.0384128,-0.00110703
3.28,5,0.706609,0.691118,0.254064,0.00123531,0.0154909
3.29,0,0.283319,0.275957,0.101455,-0.00986644,0.00736244
3.29,1,0.595353,0.614645,0.464009,-2.16368,-0.0192913
3.29,2,0.980778,0.986738,-0.103694,0.0286059,-0.00595941
3.29,3,0.198229,0.193884,0.0706987,0.00103554,0.00434548
3.29,4,-0.203853,-0.202858,0.0591092,-0.0375174,-0.000995351
3.29,5,0.70915,0.693659,0.254064,0.00123633,0.0154911
3.3,0,0.284334,0.276971,0.101453,-0.00983895,0.00736301
3.3,1,0.600353,0.619284,0.463897,-2.14894,-0.0189313
3.3,2,0.979993,0.985701,-0.103688,0.036138,-0.00570796
3.3,3,0.19894,0.194591,0.0706984,0.00106832,0.00434874
3.3,4,-0.20315,-0.202267,0.0591053,-0.0366217,-0.000883637
3.3,5,0.711691,0.6962,0.254064,0.00123736,0.0154913
3.31,0,0.285349,0.277986,0.101452,-0.00981091,0.00736361
3.31,1,0.605352,0.623923,0.463785,-2.13416,-0.0185702
3.31,2,0.979208,0.984664,-0.103682,0.0436678,-0.00545657
3.31,3,0.19965,0.195298,0.0706981,0.00110113,0.004352
3.31,4,-0.202447,-0.201676,0.0591016,-0.0357259,-0.000771885
3.31,5,0.714232,0.69874,0.254064,0.00123838,0.0154915
3.32,0,0.286364,0.279,0.10145,-0.0097823,0.00736421
3.32,1,0.610352,0.62856,0.463674,-2.11934,-0.018208
3.32,2,0.978422,0.983627,-0.103676,0.0511953,-0.00520524
3.32,3,0.20036,0.196005,0.0706979,0.00113394,0.00435527
3.32,4,-0.201745,-0.201085,0.0590981,-0.0348298,-0.000660097
3.32,5,0.716773,0.701281,0.254064,0.00123941,0.0154917
3.33,0,0.287379,0.280015,0.101449,-0.00975314,0.00736484
3.33,1,0.615351,0.633196,0.463564,-2.10448,-0.0178446
3.33,2,0.977637,0.982591,-0.10367,0.0587202,-0.00495397
3.33,3,0.20107,0.196712,0.0706976,0.00116677,0.00435853
3.33,4,-0.201042,-0.200494,0.0590948,-0.0339336,-0.000548276
3.33,5,0.719313,0.703821,0.254064,0.00124043,0.0154919
3.34,0,0.288395,0.281029,0.101447,-0.00972343,0.00736547
3.34,1,0.620351,0.637831,0.463454,-2.08957,-0.0174802
3.34,2,0.976851,0.981554,-0.103663,0.0662425,-0.00470277
3.34,3,0.201781,0.197419,0.0706974,0.0011996,0.0043618
3.34,4,-0.200339,-0.199903,0.0590917,-0.0330372,-0.000436422
3.34,5,0.721854,0.706362,0.254064,0.00124145,0.0154921
3.35,0,0.28941,0.282044,0.101446,-0.00969316,0.00736612
3.35,1,0.62535,0.642465,0.463345,-2.07462,-0.0171147
3.35,2,0.976066,0.980517,-0.103656,0.0737621,-0.00445164
3.35,3,0.202491,0.198126,0.0706972,0.00123245,0.00436508
3.35,4,-0.199636,-0.199312,0.0590888,-0.0321407,-0.000324539
3.35,5,0.724395,0.708903,0.254064,0.00124247,0.0154923
3.36,0,0.290425,0.283058,0.101445,-0.00966235,0.00736679
3.36,1,0.63035,0.647098,0.463237,-2.05963,-0.016748
3.36,2,0.97528,0.979481,-0.103648,0.081279,-0.00420058
3.36,3,0.203201,0.198833,0.070697,0.0012653,0.00436835
3.36,4,-0.198933,-0.198721,0.0590861,-0.0312441,-0.000212628
3.36,5,0.726936,0.711443,0.254064,0.0012435,0.0154925
3.37,0,0.29144,0.284072,0.101443,-0.00963099,0.00736746
3.37,1,0.635349,0.65173,0.463129,-2.0446,-0.0163803
3.37,2,0.974495,0.978444,-0.103641,0.088793,-0.0039496
3.37,3,0.203911,0.19954,0.0706969,0.00129815,0.00437163
3.37,4,-0.198231,-0.19813,0.0590836,-0.0303473,-0.000100691
3.37,5,0.729477,0.713984,0.254064,0.00124452,0.0154927
3.38,0,0.292455,0.285087,0.101442,-0.00959909,0.00736816
3.38,1,0.640349,0.65636,0.463022,-2.02953,-0.0160116
3.38,2,0.973709,0.977408,-0.103633,0.0963041,-0.0036987
3.38,3,0.204622,0.200247,0.0706967,0.001331,0.0043749
3.38,4,-0.197528,-0.197539,0.0590813,-0.0294505,1.12705e-05
3.38,5,0.732018,0.716525,0.254064,0.00124554,0.015493
3.39,0,0.29347,0.286101,0.10144,-0.00956665,0.00736886
3.39,1,0.645348,0.66099,0.462916,-2.01442,-0.0156417
3.39,2,0.972924,0.976372,-0.103624,0.103812,-0.00344788
3.39,3,0.205332,0.200954,0.0706966,0.00136385,0.00437818
3.39,4,-0.196825,-0.196948,0.0590792,-0.0285536,0.000123253
3.39,5,0.734558,0.719065,0.254064,0.00124656,0.0154932
3.4,0,0.294485,0.287116,0.101439,-0.00953366,0.00736958
3.4,1,0.650348,0.665618,0.46281,-1.99926,-0.0152708
3.4,2,0.972138,0.975336,-0.103616,0.111317,-0.00319714
3.4,3,0.206042,0.201661,0.0706965,0.0013967,0.00438146
3.4,4,-0.196122,-0.196358,0.0590773,-0.0276566,0.000235256
3.4,5,0.737099,0.721606,0.254064,0.00124758,0.0154934
3.41,0,0.2955,0.28813,0.101438,-0.00950015,0.00737032
3.41,1,0.655347,0.670246,0.462705,-1.98407,-0.0148989
3.41,2,0.971353,0.974299,-0.103607,0.118819,-0.00294649
3.41,3,0.206752,0.202368,0.0706965,0.00142954,0.00438474
3.41,4,-0.19542,-0.195767,0.0590756,-0.0267596,0.000347277
3.41,5,0.73964,0.724147,0.254064,0.00124861,0.0154936
3.42,0,0.296516,0.289144,0.101436,-0.0094661,0.00737106
3.42,1,0.660347,0.674872,0.462601,-1.96884,-0.0145259
3.42,2,0.970567,0.973263,-0.103598,0.126317,-0.00269593
3.42,3,0.207463,0.203075,0.0706964,0.00146237,0.00438802
3.42,4,-0.194717,-0.195176,0.059074,-0.0258625,0.000459314
3.42,5,0.742181,0.726687,0.254064,0.00124963,0.0154938
3.43,0,0.297531,0.290159,0.101435,-0.00943151,0.00737183
3.43,1,0.665346,0.679498,0.462497,-1.95357,-0.0141518
3.43,2,0.969782,0.972227,-0.103588,0.133813,-0.00244547
3.43,3,0.208173,0.203782,0.0706964,0.00149519,0.0043913
3.43,4,-0.194014,-0.194585,0.0590727,-0.0249654,0.000571365
3.43,5,0.744722,0.729228,0.254064,0.00125065,0.015494
3.44,0,0.298546,0.291173,0.101433,-0.0093964,0.0073726
3.44,1,0.670346,0.684122,0.462394,-1.93825,-0.0137768
3.44,2,0.968997,0.971192,-0.103579,0.141304,-0.00219509
3.44,3,0.208883,0.204489,0.0706964,0.001528,0.00439459
3.44,4,-0.193311,-0.193995,0.0590716,-0.0240684,0.000683429
3.44,5,0.747263,0.731769,0.254064,0.00125167,0.0154942
3.45,0,0.299561,0.292187,0.101432,-0.00936077,0.00737339
3.45,1,0.675345,0.688746,0.462292,-1.9229,-0.0134007
3.45,2,0.968211,0.970156,-0.103569,0.148793,-0.00194482
3.45,3,0.209593,0.205196,0.0706965,0.00156079,0.00439787
3.45,4,-0.192608,-0.193404,0.0590706,-0.0231713,0.000795502
3.45,5,0.749804,0.734309,0.254064,0.00125269,0.0154944
3.46,0,0.300576,0.293202,0.101431,-0.0093246,0.00737419
3.46,1,0.680344,0.693368,0.46219,-1.90751,-0.0130236
3.46,2,0.967426,0.96912,-0.103558,0.156277,-0.00169465
3.46,3,0.210304,0.205902,0.0706965,0.00159356,0.00440115
3.46,4,-0.191906,-0.192813,0.0590699,-0.0222743,0.000907584
3.46,5,0.752344,0.73685,0.254064,0.00125371,0.0154946
3.47,0,0.301591,0.294216,0.101429,-0.00928792,0.00737501
3.47,1,0.685344,0.697989,0.462089,-1.89208,-0.0126454
3.47,2,0.96664,0.968085,-0.103548,0.163758,-0.00144458
3.47,3,0.211014,0.206609,0.0706966,0.00162632,0.00440443
3.47,4,-0.191203,-0.192223,0.0590693,-0.0213773,0.00101967
3.47,5,0.754885,0.73939,0.254064,0.00125472,0.0154948
3.48,0,0.302606,0.29523,0.101428,-0.00925072,0.00737584
3.48,1,0.690343,0.70261,0.461989,-1.87662,-0.0122663
3.48,2,0.965855,0.967049,-0.103537,0.171235,-0.00119462
3.48,3,0.211724,0.207316,0.0706967,0.00165905,0.00440771
3.48,4,-0.1905,-0.191632,0.059069,-0.0204804,0.00113177
3.48,5,0.757426,0.741931,0.254064,0.00125574,0.015495
3.49,0,0.303621,0.296245,0.101427,-0.00921301,0.00737668
3.49,1,0.695343,0.707229,0.461889,-1.86111,-0.0118862
3.49,2,0.965069,0.966014,-0.103526,0.178709,-0.000944772
3.49,3,0.212434,0.208023,0.0706968,0.00169175,0.00441098
3.49,4,-0.189797,-0.191041,0.0590688,-0.0195835,0.00124386
3.49,5,0.759967,0.744472,0.254064,0.00125676,0.0154952
3.5,0,0.304636,0.297259,0.101425,-0.00917478,0.00737754
3.5,1,0.700342,0.711847,0.46179,-1.84557,-0.011505
3.5,2,0.964284,0.964979,-0.103515,0.186178,-0.000695033
3.5,3,0.213145,0.20873,0.0706969,0.00172443,0.00441426
3.5,4,-0.189095,-0.19045,0.0590688,-0.0186867,0.00135596
3.5,5,0.762508,0.747012,0.254064,0.00125778,0.0154954
3.51,0,0.305652,0.298273,0.101424,-0.00913604,0.00737841
3.51,1,0.705342,0.716465,0.461692,-1.82999,-0.0111229
3.51,2,0.963498,0.963944,-0.103503,0.193644,-0.000445409
3.51,3,0.213855,0.209437,0.0706971,0.00175707,0.00441753
3.51,4,-0.188392,-0.18986,0.059069,-0.0177901,0.00146805
3.51,5,0.765049,0.749553,0.254064,0.00125879,0.0154956
3.52,0,0.306667,0.299287,0.101423,-0.00909679,0.00737929
3.52,1,0.710341,0.721081,0.461594,-1.81438,-0.0107398
3.52,2,0.962713,0.962909,-0.103491,0.201105,-0.000195903
3.52,3,0.214565,0.210144,0.0706973,0.00178969,0.00442081
3.52,4,-0.187689,-0.189269,0.0590693,-0.0168935,0.00158014
3.52,5,0.767589,0.752094,0.254064,0.00125981,0.0154958
3.53,0,0.307682,0.300302,0.101421,-0.00905704,0.00738019
3.53,1,0.715341,0.725697,0.461497,-1.79872,-0.0103558
3.53,2,0.961927,0.961874,-0.103479,0.208562,5.34831e-05
3.53,3,0.215275,0.210851,0.0706975,0.00182227,0.00442408
3.53,4,-0.186986,-0.188678,0.0590699,-0.0159971,0.00169223
3.53,5,0.77013,0.754634,0.254064,0.00126083,0.015496
3.54,0,0.31068,0.301318,0.102685,0.066399,0.00936135
3.54,1,0.719413,0.73031,0.461079,-1.81915,-0.0108978
3.54,2,0.960516,0.960839,-0.103562,0.19743,-0.000323129
3.54,3,0.214977,0.211557,0.0701799,-0.00790735,0.00342006
3.54,4,-0.186296,-0.188086,0.059698,-0.015529,0.00179
3.54,5,0.77272,0.757179,0.255802,0.000968388,0.0155418
3.55,0,0.31566,0.302397,0.11364,0.189618,0.0132635
3.55,1,0.722557,0.734908,0.458233,-1.86874,-0.012351
3.55,2,0.958478,0.959799,-0.104555,0.169492,-0.00132059
3.55,3,0.213671,0.212241,0.0664423,-0.0255653,0.00143001
3.55,4,-0.18562,-0.187466,0.0644787,-0.0174678,0.00184645
3.55,5,0.775359,0.759793,0.26708,-0.00229322,0.0155662
3.56,0,0.320641,0.303636,0.133471,0.279785,0.0170049
3.56,1,0.725701,0.739464,0.453149,-1.90997,-0.013763
3.56,2,0.956441,0.958742,-0.106724,0.144397,-0.00230167
3.56,3,0.212364,0.212873,0.06018,-0.041192,-0.000508401
3.56,4,-0.184943,-0.186783,0.0717024,-0.0211333,0.00183973
3.56,5,0.777999,0.762542,0.28123,-0.00708543,0.0154567
3.57,0,0.325622,0.305111,0.159617,0.341604,0.0205114
3.57,1,0.728845,0.743959,0.446338,-1.94358,-0.0151142
3.57,2,0.954403,0.957658,-0.110047,0.122453,-0.00325467
3.57,3,0.211058,0.213429,0.0514221,-0.0545596,-0.00237063
3.57,4,-0.184266,-0.186023,0.0794658,-0.0256803,0.00175657
3.57,5,0.780638,0.765426,0.293932,-0.012122,0.0152115
3.58,0,0.330603,0.306871,0.189898,0.379588,0.023732
3.58,1,0.731989,0.748378,0.438184,-1.97014,-0.0163897
3.58,2,0.952366,0.956534,-0.114445,0.103838,-0.00416844
3.58,3,0.209751,0.213882,0.0400132,-0.0653155,-0.00413076
3.58,4,-0.18359,-0.185188,0.0865873,-0.030505,0.00159858
3.58,5,0.783277,0.768421,0.303386,-0.0167345,0.0148563
3.59,0,0.335583,0.308948,0.222505,0.397912,0.0266357
3.59,1,0.735133,0.75271,0.428989,-1.99007,-0.0175777
3.59,2,0.950328,0.955361,-0.119812,0.0886391,-0.00503281
3.59,3,0.208445,0.214207,0.0260258,-0.0732399,-0.00576244
3.59,4,-0.182913,-0.184289,0.092395,-0.0351879,0.0013762
3.59,5,0.785916,0.771488,0.308987,-0.0205586,0.0144275
3.6,0,0.340564,0.311357,0.255978,0.400366,0.0292075
3.6,1,0.738277,0.756946,0.418996,-2.00375,-0.0186692
3.6,2,0.94829,0.954129,-0.126019,0.0768752,-0.00583877
3.6,3,0.207139,0.21438,0.00979505,-0.0782924,-0.00724154
3.6,4,-0.182236,-0.183341,0.0965653,-0.0394459,0.00110459
3.6,5,0.788555,0.774591,0.310767,-0.0234105,0.0139639
3.61,0,0.345545,0.3141,0.28916,0.390333,0.0314453
3.61,1,0.741421,0.761078,0.40841,-2.01152,-0.0196573
3.61,2,0.946253,0.952831,-0.132931,0.0685028,-0.00657867
3.61,3,0.205832,0.21438,-0.00815173,-0.080593,-0.0085484
3.61,4,-0.18156,-0.18236,0.099006,-0.0430967,0.00080079
3.61,5,0.791194,0.777692,0.309124,-0.0252279,0.0135018
3.62,0,0.350526,0.317168,0.321162,0.3708,0.0333571
3.62,1,0.744565,0.765102,0.397407,-2.01371,-0.0205371
3.62,2,0.944215,0.951461,-0.140406,0.0634256,-0.00724624
3.62,3,0.204526,0.214195,-0.0271814,-0.0803842,-0.0096693
3.62,4,-0.180883,-0.181365,0.0997734,-0.0460317,0.000481876
3.62,5,0.793833,0.780761,0.304652,-0.0260343,0.0130723
3.63,0,0.355506,0.320548,0.351327,0.344363,0.0349586
3.63,1,0.747709,0.769014,0.386148,-2.01066,-0.0213054
3.63,2,0.942178,0.950014,-0.148301,0.0615032,-0.00783663
3.63,3,0.203219,0.213816,-0.0466308,-0.077992,-0.010597
3.63,4,-0.180206,-0.18037,0.0990143,-0.0481965,0.000163831
3.63,5,0.796472,0.783773,0.298038,-0.0259124,0.0126998
3.64,0,0.360487,0.324216,0.379193,0.313251,0.0362708
3.64,1,0.750853,0.772813,0.374777,-2.00275,-0.0219604
3.64,2,0.94014,0.948486,-0.156475,0.0625572,-0.00834642
3.64,3,0.201913,0.213244,-0.0658651,-0.0737907,-0.011331
3.64,4,-0.179529,-0.17939,0.0969272,-0.0495767,-0.000139142
3.64,5,0.799112,0.78671,0.289977,-0.0249834,0.012402
3.65,0,0.365468,0.328149,0.404465,0.27934,0.0373183
3.65,1,0.753997,0.776498,0.363427,-1.99035,-0.0225016
3.65,2,0.938102,0.946876,-0.164793,0.066379,-0.00877357
3.65,3,0.200606,0.212483,-0.0843183,-0.0681734,-0.0118764
3.65,4,-0.178853,-0.178438,0.0937344,-0.050187,-0.000414974
3.65,5,0.801751,0.789561,0.281128,-0.0233905,0.0121896
3.66,0,0.370448,0.33232,0.426981,0.244187,0.0381283
3.66,1,0.757141,0.780071,0.352222,-1.97387,-0.0229301
3.66,2,0.936065,0.945182,-0.173128,0.0727352,-0.00911735
3.66,3,0.1993,0.211544,-0.101518,-0.0615284,-0.0122439
3.66,4,-0.178176,-0.177522,0.0896643,-0.0500631,-0.000653866
3.66,5,0.80439,0.792323,0.272073,-0.0212854,0.0120673
3.67,0,0.375429,0.336701,0.446695,0.209055,0.0387285
3.67,1,0.760285,0.783533,0.341275,-1.95374,-0.0232478
3.67,2,0.934027,0.943406,-0.181361,0.0813739,-0.00937825
3.67,3,0.197993,0.210441,-0.117098,-0.0542219,-0.012448
3.67,4,-0.177499,-0.176651,0.0849399,-0.0492562,-0.000848279
3.67,5,0.807029,0.794995,0.263299,-0.0188179,0.0120344
3.68,0,0.38041,0.341263,0.463645,0.174936,0.0391468
3.68,1,0.763429,0.786887,0.330689,-1.93039,-0.023458
3.68,2,0.93199,0.941548,-0.189383,0.09203,-0.00955789
3.68,3,0.196687,0.209193,-0.1308,-0.0465851,-0.0125065
3.68,4,-0.176823,-0.17583,0.0797707,-0.047828,-0.000992835
3.68,5,0.809668,0.797582,0.255192,-0.0161288,0.0120858
3.69,0,0.385391,0.34598,0.477941,0.142591,0.0394103
3.69,1,0.766573,0.790138,0.320557,-1.90426,-0.0235647
3.69,2,0.929952,0.939611,-0.197099,0.104431,-0.00965891
3.69,3,0.19538,0.207819,-0.142473,-0.0389068,-0.0124391
3.69,4,-0.176146,-0.175062,0.0743481,-0.0458473,-0.00108416
3.69,5,0.812307,0.800094,0.248035,-0.0133444,0.0122132
3.7,0,0.390371,0.350827,0.489741,0.112568,0.0395448
3.7,1,0.769717,0.79329,0.310961,-1.8758,-0.023573
3.7,2,0.927915,0.937599,-0.204424,0.118301,-0.00968487
3.7,3,0.194074,0.20634,-0.152058,-0.0314285,-0.0122663
3.7,4,-0.175469,-0.174349,0.0688434,-0.043387,-0.00112067
3.7,5,0.814946,0.80254,0.242014,-0.0105735,0.0124061
3.71,0,0.395352,0.355778,0.49924,0.0852392,0.039574
3.71,1,0.772861,0.79635,0.30197,-1.84545,-0.0234886
3.71,2,0.925877,0.935517,-0.211284,0.133366,-0.00964008
3.71,3,0.192767,0.204777,-0.15958,-0.024344,-0.0120092
3.71,4,-0.174793,-0.17369,0.0634056,-0.0405219,-0.00110239
3.71,5,0.817586,0.804933,0.237227,-0.00790586,0.0126525
3.72,0,0.400333,0.360813,0.506658,0.0608224,0.0395199
3.72,1,0.776005,0.799323,0.293642,-1.81364,-0.0233179
3.72,2,0.923839,0.933369,-0.217621,0.149357,-0.00952952
3.72,3,0.191461,0.203149,-0.165129,-0.0178001,-0.0116877
3.72,4,-0.174116,-0.173085,0.0581622,-0.0373267,-0.0010307
3.72,5,0.820225,0.807285,0.233701,-0.00541167,0.0129397
3.73,0,0.405314,0.365912,0.512224,0.0394091,0.039402
3.73,1,0.779149,0.802217,0.286023,-1.78078,-0.0230678
3.73,2,0.921802,0.93116,-0.223388,0.166015,-0.00935869
3.73,3,0.190155,0.201476,-0.16885,-0.0118999,-0.011321
3.73,4,-0.173439,-0.172531,0.0532188,-0.0338746,-0.000908149
3.73,5,0.822864,0.809608,0.2314,-0.00314264,0.0132555
3.74,0,0.410294,0.371057,0.516172,0.0209876,0.0392376
3.74,1,0.782293,0.805039,0.279149,-1.74727,-0.0227456
3.74,2,0.919764,0.928898,-0.228549,0.183092,-0.0091335
3.74,3,0.188848,0.199774,-0.170926,-0.00670715,-0.0109263
3.74,4,-0.172762,-0.172024,0.0486605,-0.030236,-0.000738222
3.74,5,0.825503,0.811915,0.230242,-0.00113324,0.0135879
3.75,0,0.415275,0.376234,0.518731,0.00546409,0.0390415
3.75,1,0.785437,0.807796,0.273042,-1.71348,-0.0223588
3.75,2,0.917727,0.926587,-0.23308,0.200356,-0.00886015
3.75,3,0.187542,0.198061,-0.171563,-0.002251,-0.0105189
3.75,4,-0.172086,-0.171561,0.0445528,-0.0264776,-0.000525144
3.75,5,0.828142,0.814216,0.230111,0.000597369,0.0139261
3.76,0,0.420256,0.381429,0.520124,-0.00731777,0.0388263
3.76,1,0.788581,0.810496,0.267714,-1.67975,-0.0219152
3.76,2,0.915689,0.924234,-0.23697,0.21759,-0.00854501
3.76,3,0.186235,0.196347,-0.17098,0.00146841,-0.010112
3.76,4,-0.171409,-0.171135,0.0409434,-0.0226613,-0.000273697
3.76,5,0.830781,0.816521,0.230867,0.00204319,0.0142607
3.77,0,0.425231,0.386633,0.520426,-0.0173628,0.0385979
3.77,1,0.787383,0.813124,0.254712,-1.79377,-0.0257409
3.77,2,0.914341,0.921883,-0.227121,0.227984,-0.00754196
3.77,3,0.18447,0.194649,-0.168083,-0.000947186,-0.0101797
3.77,4,-0.171393,-0.170759,0.0327851,-0.0214675,-0.000634361
3.77,5,0.831012,0.818816,0.224713,-0.00643264,0.0121963
3.78,0,0.430205,0.391832,0.519181,-0.0226401,0.0383726
3.78,1,0.784324,0.815496,0.221455,-1.91125,-0.0311722
3.78,2,0.91329,0.91981,-0.190115,0.184629,-0.00652006
3.78,3,0.182507,0.192997,-0.163123,-0.00702282,-0.0104897
3.78,4,-0.17166,-0.170496,0.0223732,-0.0205018,-0.0011644
3.78,5,0.83021,0.820922,0.197176,-0.012711,0.00928835
3.79,0,0.435178,0.397011,0.516657,-0.0232826,0.0381672
3.79,1,0.781265,0.817501,0.182896,-1.99809,-0.0362351
3.79,2,0.912238,0.918115,-0.153415,0.130522,-0.00587697
3.79,3,0.180544,0.191381,-0.160702,-0.0119483,-0.010837
3.79,4,-0.171927,-0.170281,0.0220925,-0.0242128,-0.00164581
3.79,5,0.829409,0.822705,0.162325,-0.0151747,0.00670455
3.8,0,0.440151,0.40216,0.51344,-0.0206664,0.0379913
3.8,1,0.778207,0.819113,0.143637,-2.06718,-0.0409068
3.8,2,0.911186,0.916753,-0.123142,0.0792732,-0.00556702
3.8,3,0.178582,0.189773,-0.161394,-0.0150736,-0.011191
3.8,4,-0.172194,-0.170027,0.0287926,-0.031731,-0.00216684
3.8,5,0.828608,0.824132,0.12698,-0.0157172,0.00447534
3.81,0,0.445125,0.407276,0.510022,-0.0161023,0.0378491
3.81,1,0.775148,0.820337,0.105081,-2.12281,-0.0451891
3.81,2,0.910134,0.915655,-0.0997892,0.0339353,-0.00552144
3.81,3,0.176619,0.188144,-0.164425,-0.016589,-0.0115244
3.81,4,-0.172461,-0.169689,0.0379837,-0.0411659,-0.00277176
3.81,5,0.827806,0.825217,0.0938535,-0.0152124,0.00258873
3.82,0,0.450098,0.412358,0.506734,-0.010581,0.0377405
3.82,1,0.772089,0.821181,0.0677691,-2.167,-0.0490923
3.82,2,0.909082,0.914756,-0.0827366,-0.00474941,-0.00567408
3.82,3,0.174657,0.186476,-0.168853,-0.0168793,-0.0118191
3.82,4,-0.172728,-0.169261,0.0465756,-0.0510256,-0.00346722
3.82,5,0.827005,0.825989,0.0640003,-0.0141208,0.00101586
3.83,0,0.455072,0.417408,0.503767,-0.0047749,0.0376631
3.83,1,0.76903,0.821661,0.0319354,-2.20103,-0.0526305
3.83,2,0.90803,0.913997,-0.0711684,-0.0366555,-0.00596641
3.83,3,0.172694,0.18476,-0.173899,-0.0163163,-0.0120656
3.83,4,-0.172995,-0.168758,0.0528502,-0.0603196,-0.00423681
3.83,5,0.826203,0.826482,0.0377542,-0.0127173,-0.000278212
3.84,0,0.460045,0.422432,0.50121,0.000899513,0.0376132
3.84,1,0.765971,0.82179,-0.00232312,-2.22579,-0.0558189
3.84,2,0.906978,0.913326,-0.0642706,-0.0619011,-0.00634808
3.84,3,0.170732,0.182993,-0.179007,-0.0152044,-0.0122609
3.84,4,-0.173262,-0.168209,0.056058,-0.0684498,-0.0050526
3.84,5,0.825402,0.826732,0.0151034,-0.0111795,-0.0013297
3.85,0,0.465018,0.427432,0.499083,0.00621343,0.0375866
3.85,1,0.762912,0.821586,-0.034977,-2.24201,-0.0586736
3.85,2,0.905926,0.912703,-0.0612777,-0.0807437,-0.00677664
3.85,3,0.168769,0.181176,-0.183815,-0.0137766,-0.0124065
3.85,4,-0.173529,-0.167646,0.0560655,-0.0750951,-0.0058828
3.85,5,0.8246,0.826774,-0.00414342,-0.00962501,-0.00217361
3.86,0,0.469992,0.432413,0.497362,0.0110672,0.0375789
3.86,1,0.759854,0.821064,-0.0660264,-2.25034,-0.0612106
3.86,2,0.904874,0.912091,-0.0614861,-0.0935368,-0.00721696
3.86,3,0.166807,0.179314,-0.188107,-0.012204,-0.0125068
3.86,4,-0.173796,-0.167099,0.0531026,-0.0801228,-0.00669644
3.86,5,0.823799,0.826642,-0.0202716,-0.00813079,-0.00284246
3.87,0,0.474965,0.437379,0.496003,0.0154442,0.0375863
3.87,1,0.756795,0.820241,-0.095481,-2.25139,-0.0634458
3.87,2,0.903823,0.911463,-0.0642574,-0.100703,-0.00764061
3.87,3,0.164844,0.177412,-0.191779,-0.0106081,-0.0125675
3.87,4,-0.174063,-0.166597,0.0475922,-0.0835245,-0.00746605
3.87,5,0.822998,0.826363,-0.0336107,-0.00674503,-0.00336565
3.88,0,0.479938,0.442333,0.49495,0.0193771,0.0376057
3.88,1,0.753736,0.819131,-0.123349,-2.24577,-0.0653953
3.88,2,0.902771,0.910796,-0.0690189,-0.102717,-0.00802515
3.88,3,0.162882,0.175477,-0.194798,-0.00907201,-0.0125951
3.88,4,-0.17433,-0.166161,0.0400399,-0.0853711,-0.00816889
3.88,5,0.822196,0.825965,-0.0445026,-0.00549516,-0.00376919
3.89,0,0.484912,0.447277,0.494147,0.022923,0.0376341
3.89,1,0.750677,0.817752,-0.149631,-2.2341,-0.0670748
3.89,2,0.901719,0.910072,-0.075261,-0.100084,-0.00835354
3.89,3,0.160919,0.173515,-0.197184,-0.00764965,-0.012596
3.89,4,-0.174597,-0.165809,0.0309654,-0.085782,-0.00878742
3.89,5,0.821395,0.82547,-0.0532821,-0.00439385,-0.0040757
3.9,0,0.489885,0.452216,0.493544,0.0261473,0.0376695
3.9,1,0.747618,0.816118,-0.174324,-2.21703,-0.0685001
3.9,2,0.900667,0.90928,-0.0825348,-0.0933351,-0.00861349
3.9,3,0.158957,0.171533,-0.198984,-0.00637293,-0.0125763
3.9,4,-0.174864,-0.165555,0.0208619,-0.0849042,-0.00930915
3.9,5,0.820593,0.824898,-0.0602641,-0.00344349,-0.00430455
3.91,0,0.494858,0.457148,0.493095,0.0291131,0.03771
3.91,1,0.744559,0.814247,-0.197417,-2.19524,-0.0696874
3.91,2,0.899615,0.908412,-0.0904486,-0.0830092,-0.00879688
3.91,3,0.156994,0.169536,-0.200263,-0.00525767,-0.0125416
3.91,4,-0.175131,-0.165405,0.0101747,-0.0828977,-0.00972629
3.91,5,0.819792,0.824264,-0.0657367,-0.00263949,-0.0044721
3.92,0,0.499832,0.462077,0.492765,0.031875,0.0377543
3.92,1,0.741501,0.812153,-0.218895,-2.16942,-0.0706526
3.92,2,0.898563,0.907462,-0.0986641,-0.0696483,-0.00889922
3.92,3,0.155032,0.167528,-0.201095,-0.00430801,-0.0124965
3.92,4,-0.175398,-0.165363,-0.000709477,-0.0799267,-0.0100352
3.92,5,0.81899,0.823582,-0.0699577,-0.00197276,-0.00459202
3.93,0,0.504805,0.467004,0.492526,0.0344762,0.0378014
3.93,1,0.738442,0.809854,-0.238745,-2.14024,-0.0714119
3.93,2,0.897511,0.90643,-0.106893,-0.0537875,-0.0089191
3.93,3,0.153069,0.165515,-0.201555,-0.00351986,-0.0124453
3.93,4,-0.175665,-0.165429,-0.0114643,-0.0761534,-0.0102357
3.93,5,0.818189,0.822865,-0.0731538,-0.00143151,-0.00467553
3.94,0,0.509778,0.471928,0.492356,0.0369479,0.0378504
3.94,1,0.735383,0.807365,-0.256955,-2.10841,-0.0719818
3.94,2,0.896459,0.905317,-0.114892,-0.0359486,-0.00885778
3.94,3,0.151107,0.163498,-0.201713,-0.00288359,-0.0123912
3.94,4,-0.175932,-0.165601,-0.0218225,-0.071734,-0.0103307
3.94,5,0.817388,0.822119,-0.0755214,-0.00100253,-0.00473179
3.95,0,0.514752,0.476851,0.492242,0.0393095,0.0379009
3.95,1,0.732324,0.804703,-0.273516,-2.0746,-0.0723786
3.95,2,0.895408,0.904126,-0.122463,-0.0166338,-0.00871868
3.95,3,0.149144,0.161481,-0.201637,-0.00238596,-0.0123368
3.95,4,-0.176199,-0.165874,-0.0315713,-0.0668161,-0.0103252
3.95,5,0.816586,0.821354,-0.0772284,-0.000672157,-0.00476814
3.96,0,0.519725,0.481773,0.492173,0.0415702,0.0379522
3.96,1,0.729265,0.801884,-0.288429,-2.03947,-0.0726189
3.96,2,0.894356,0.902863,-0.129444,0.0036789,-0.00850699
3.96,3,0.147182,0.159466,-0.201384,-0.00201172,-0.0122842
3.96,4,-0.176466,-0.166239,-0.0405473,-0.0615379,-0.0102264
3.96,5,0.815785,0.820575,-0.0784167,-0.000426856,-0.00479037
3.97,0,0.524698,0.486694,0.492144,0.0437308,0.0380041
3.97,1,0.726206,0.798926,-0.301702,-2.00366,-0.0727191
3.97,2,0.893304,0.901533,-0.13571,0.0245401,-0.00822933
3.97,3,0.145219,0.157454,-0.201007,-0.00174474,-0.0122349
3.97,4,-0.176733,-0.16669,-0.0486304,-0.0560265,-0.0100427
3.97,5,0.814983,0.819786,-0.0792046,-0.00025369,-0.00480302
3.98,0,0.529672,0.491616,0.492151,0.0457857,0.038056
3.98,1,0.723148,0.795843,-0.31335,-1.96777,-0.0726955
3.98,2,0.892252,0.900145,-0.141167,0.0455327,-0.0078934
3.98,3,0.143257,0.155447,-0.200548,-0.00156882,-0.0121898
3.98,4,-0.177,-0.167216,-0.0557388,-0.0503984,-0.00978348
3.98,5,0.814182,0.818991,-0.07969,-0.000140587,-0.00480952
3.99,0,0.534645,0.496538,0.492193,0.0477246,0.0381076
3.99,1,0.720089,0.792653,-0.323403,-1.93236,-0.0725643
3.99,2,0.8912,0.898708,-0.145752,0.0662741,-0.00750766
3.99,3,0.141294,0.153444,-0.200045,-0.00146834,-0.0121496
3.99,4,-0.177267,-0.167808,-0.0618231,-0.0447585,-0.00945876
3.99,5,0.81338,0.818193,-0.0799525,-7.65042e-05,-0.00481245
4,0,0.539619,0.50146,0.49227,0.0495345,0.0381586
4,1,0.71703,0.789371,-0.331896,-1.89796,-0.0723411
4,2,0.890148,0.897229,-0.149425,0.0864183,-0.00708106
4,3,0.139332,0.151446,-0.199527,-0.00142863,-0.0121145
4,4,-0.177534,-0.168455,-0.0668618,-0.0392006,-0.00907894
4,5,0.812579,0.817393,-0.0800563,-5.15125e-05,-0.00481368
4.01,0,0.544592,0.506383,0.492382,0.0512009,0.0382087
4.01,1,0.713971,0.786013,-0.338878,-1.86502,-0.0720413
4.01,2,0.889096,0.895719,-0.152171,0.105658,-0.00662282
4.01,3,0.137369,0.149454,-0.199015,-0.00143632,-0.0120845
4.01,4,-0.177801,-0.169146,-0.0708566,-0.0338076,-0.00865448
4.01,5,0.811778,0.816592,-0.0800522,-5.68231e-05,-0.0048145
4.02,0,0.549565,0.511308,0.492529,0.0527094,0.0382574
4.02,1,0.710912,0.782592,-0.344405,-1.83398,-0.0716798
4.02,2,0.888044,0.894187,-0.153994,0.123722,-0.00614221
4.02,3,0.135407,0.147466,-0.198528,-0.00147941,-0.0120596
4.02,4,-0.178068,-0.169872,-0.0738291,-0.0286513,-0.00819573
4.02,5,0.810976,0.815792,-0.0799801,-8.47718e-05,-0.00481576
4.03,0,0.554539,0.516234,0.492712,0.0540464,0.0383045
4.03,1,0.707854,0.779124,-0.348546,-1.80519,-0.0712707
4.03,2,0.886992,0.892641,-0.154916,0.140381,-0.00564835
4.03,3,0.133444,0.145484,-0.198077,-0.0015474,-0.0120394
4.03,4,-0.178335,-0.170622,-0.0758167,-0.0237933,-0.0077127
4.03,5,0.810175,0.814993,-0.0798703,-0.000128773,-0.00481797
4.04,0,0.559512,0.521162,0.492928,0.0552004,0.0383496
4.04,1,0.704795,0.775622,-0.351373,-1.77898,-0.0708275
4.04,2,0.885941,0.891091,-0.154972,0.155442,-0.00515007
4.04,3,0.131482,0.143505,-0.197671,-0.00163128,-0.0120234
4.04,4,-0.178602,-0.171387,-0.0768699,-0.0192849,-0.00721498
4.04,5,0.809373,0.814195,-0.0797455,-0.000183256,-0.00482138
4.05,0,0.564485,0.526093,0.493177,0.0561619,0.0383923
4.05,1,0.701736,0.772099,-0.35297,-1.7556,-0.0703628
4.05,2,0.884889,0.889544,-0.15421,0.168748,-0.00465577
4.05,3,0.129519,0.14153,-0.197314,-0.00172346,-0.0120112
4.05,4,-0.178869,-0.172157,-0.0770495,-0.015168,-0.00671159
4.05,5,0.808572,0.813398,-0.0796221,-0.000243585,-0.00482604
4.06,0,0.569459,0.531026,0.493457,0.0569244,0.0384324
4.06,1,0.698677,0.768566,-0.353425,-1.73527,-0.0698885
4.06,2,0.883837,0.88801,-0.15269,0.18018,-0.00417332
4.06,3,0.127557,0.139559,-0.197008,-0.00181773,-0.0120023
4.06,4,-0.179136,-0.172925,-0.0764241,-0.0114751,-0.00621089
4.06,5,0.80777,0.812602,-0.0795114,-0.000305977,-0.00483188
4.07,0,0.574432,0.535962,0.493765,0.0574843,0.0384695
4.07,1,0.695618,0.765034,-0.352831,-1.71813,-0.0694156
4.07,2,0.882785,0.886495,-0.150475,0.189652,-0.00370994
4.07,3,0.125594,0.13759,-0.196754,-0.0019091,-0.0119961
4.07,4,-0.179403,-0.173682,-0.075068,-0.00823024,-0.00572053
4.07,5,0.806969,0.811808,-0.0794205,-0.000367411,-0.00483871
4.08,0,0.579405,0.540902,0.494098,0.0578412,0.0385034
4.08,1,0.692559,0.761513,-0.351286,-1.7043,-0.0689538
4.08,2,0.881733,0.885005,-0.147638,0.19711,-0.00327219
4.08,3,0.123632,0.135624,-0.196549,-0.00199372,-0.0119923
4.08,4,-0.17967,-0.174422,-0.0730595,-0.00544927,-0.00524738
4.08,5,0.806168,0.811014,-0.0793537,-0.000425542,-0.00484633
4.09,0,0.584379,0.545845,0.494452,0.0579976,0.0385338
4.09,1,0.689501,0.758013,-0.348889,-1.69383,-0.0685123
4.09,2,0.880681,0.883547,-0.144254,0.202532,-0.00286589
4.09,3,0.121669,0.133659,-0.196389,-0.00206873,-0.0119902
4.09,4,-0.179937,-0.175139,-0.0704791,-0.00314066,-0.00479753
4.09,5,0.805366,0.810221,-0.0793125,-0.000478615,-0.00485447
4.1,0,0.589352,0.550791,0.494822,0.0579592,0.0385607
4.1,1,0.686442,0.754541,-0.345743,-1.68673,-0.068099
4.1,2,0.879629,0.882125,-0.140401,0.20592,-0.00249606
4.1,3,0.119707,0.131696,-0.196272,-0.00213216,-0.0119895
4.1,4,-0.180204,-0.175827,-0.067408,-0.00130598,-0.00437625
4.1,5,0.804565,0.809428,-0.0792968,-0.000525382,-0.00486288
4.11,0,0.594325,0.555742,0.495204,0.0577343,0.0385837
4.11,1,0.683383,0.751104,-0.34195,-1.68298,-0.0677208
4.11,2,0.878577,0.880744,-0.136157,0.207304,-0.00216699
4.11,3,0.117744,0.129734,-0.196192,-0.00218276,-0.0119898
4.11,4,-0.180471,-0.176483,-0.0639267,5.93964e-05,-0.003988
4.11,5,0.803763,0.808635,-0.0793052,-0.000565028,-0.00487132
4.12,0,0.599299,0.560696,0.495594,0.057334,0.0386029
4.12,1,0.680324,0.747708,-0.33761,-1.68251,-0.0673836
4.12,2,0.877526,0.879408,-0.1316,0.206737,-0.00188214
4.12,3,0.115782,0.127772,-0.196145,-0.00221992,-0.0119907
4.12,4,-0.180738,-0.177101,-0.0601145,0.000965711,-0.00363644
4.12,5,0.802962,0.807841,-0.0793355,-0.0005971,-0.00487955
4.13,0,0.604272,0.565654,0.495985,0.0567713,0.0386181
4.13,1,0.677265,0.744357,-0.332824,-1.68522,-0.0670923
4.13,2,0.876474,0.878118,-0.126808,0.204289,-0.00164421
4.13,3,0.113819,0.125811,-0.196125,-0.00224356,-0.0119919
4.13,4,-0.181005,-0.17768,-0.0560479,0.00142815,-0.00332448
4.13,5,0.80216,0.807048,-0.0793847,-0.000621444,-0.00488737
4.14,0,0.609245,0.570616,0.496373,0.0560614,0.0386295
4.14,1,0.674206,0.741057,-0.327687,-1.69097,-0.0668509
4.14,2,0.875422,0.876877,-0.121853,0.200051,-0.00145516
4.14,3,0.111857,0.12385,-0.196129,-0.002254,-0.0119931
4.14,4,-0.181272,-0.178217,-0.0518001,0.00146622,-0.00305423
4.14,5,0.801359,0.806254,-0.0794497,-0.000638147,-0.00489461
4.15,0,0.614219,0.575582,0.496753,0.055221,0.038637
4.15,1,0.671148,0.73781,-0.322292,-1.69962,-0.0666623
4.15,2,0.87437,0.875686,-0.116807,0.194127,-0.00131622
4.15,3,0.109894,0.121888,-0.196151,-0.0022519,-0.0119942
4.15,4,-0.181539,-0.178711,-0.0474404,0.00110313,-0.00282713
4.15,5,0.800558,0.805459,-0.0795271,-0.000647489,-0.00490113
4.16,0,0.619192,0.580551,0.497121,0.054268,0.0386408
4.16,1,0.668089,0.734617,-0.31673,-1.71096,-0.0665287
4.16,2,0.873318,0.874546,-0.111735,0.186633,-0.00122794
4.16,3,0.107932,0.119927,-0.196187,-0.00223818,-0.0119951
4.16,4,-0.181806,-0.179162,-0.0430334,0.000365166,-0.00264394
4.16,5,0.799756,0.804663,-0.0796139,-0.0006499,-0.00490681
4.17,0,0.624166,0.585525,0.497473,0.0532214,0.038641
4.17,1,0.66503,0.731481,-0.311081,-1.72481,-0.0664513
4.17,2,0.872266,0.873456,-0.106701,0.177695,-0.00119021
4.17,3,0.105969,0.117964,-0.196234,-0.00221396,-0.0119954
4.17,4,-0.182073,-0.179568,-0.038639,-0.000718873,-0.0025048
4.17,5,0.798955,0.803866,-0.0797069,-0.000645918,-0.0049116
4.18,0,0.629139,0.590501,0.497804,0.0521003,0.0386378
4.18,1,0.661971,0.728402,-0.305426,-1.74094,-0.0664304
4.18,2,0.871214,0.872417,-0.10176,0.167448,-0.00120236
4.18,3,0.104007,0.116002,-0.196288,-0.00218046,-0.0119953
4.18,4,-0.18234,-0.17993,-0.0343119,-0.00211825,-0.00240927
4.18,5,0.798153,0.803069,-0.0798033,-0.00063616,-0.00491543
4.19,0,0.634112,0.595481,0.49811,0.0509244,0.0386314
4.19,1,0.658912,0.725378,-0.299835,-1.75913,-0.0664658
4.19,2,0.870162,0.871426,-0.0969633,0.156032,-0.00126317
4.19,3,0.102044,0.114039,-0.196346,-0.00213902,-0.0119946
4.19,4,-0.182607,-0.18025,-0.030101,-0.00380085,-0.00235642
4.19,5,0.797352,0.80227,-0.0799006,-0.000621295,-0.0049183
4.2,0,0.639086,0.600464,0.49839,0.0497131,0.0386221
4.2,1,0.655853,0.72241,-0.294373,-1.77914,-0.0665565
4.2,2,0.86911,0.870481,-0.0923574,0.143587,-0.00137092
4.2,3,0.100081,0.112075,-0.196405,-0.00209098,-0.0119934
4.2,4,-0.182874,-0.180529,-0.02605,-0.00573363,-0.00234483
4.2,5,0.79655,0.801471,-0.0799965,-0.000602021,-0.00492019
4.21,0,0.644059,0.605449,0.49864,0.0484852,0.0386101
4.21,1,0.652795,0.719495,-0.289099,-1.80073,-0.0667008
4.21,2,0.868059,0.869582,-0.0879819,0.130259,-0.0015235
4.21,3,0.098119,0.11011,-0.196462,-0.00203773,-0.0119915
4.21,4,-0.18314,-0.180768,-0.0221967,-0.00788315,-0.00237269
4.21,5,0.795749,0.80067,-0.080089,-0.000579043,-0.00492115
4.22,0,0.649032,0.610436,0.498859,0.047259,0.0385959
4.22,1,0.649736,0.716632,-0.284064,-1.82367,-0.0668965
4.22,2,0.867007,0.868725,-0.0838709,0.11619,-0.00171841
4.22,3,0.0961564,0.108146,-0.196517,-0.0019806,-0.0119891
4.22,4,-0.183407,-0.18097,-0.0185735,-0.010216,-0.00243784
4.22,5,0.794948,0.799869,-0.0801765,-0.00055306,-0.0049212
4.23,0,0.654006,0.615426,0.499044,0.0460517,0.0385796
4.23,1,0.646677,0.713818,-0.279312,-1.84771,-0.0671411
4.23,2,0.865955,0.867908,-0.0800526,0.10152,-0.00195283
4.23,3,0.0941939,0.10618,-0.196568,-0.0019209,-0.0119862
4.23,4,-0.183674,-0.181137,-0.015207,-0.0126991,-0.00253783
4.23,5,0.794146,0.799067,-0.0802577,-0.000524754,-0.00492042
4.24,0,0.658979,0.620417,0.499195,0.0448794,0.0385616
4.24,1,0.643618,0.71105,-0.274882,-1.87261,-0.0674314
4.24,2,0.864903,0.867127,-0.0765497,0.0863876,-0.00222373
4.24,3,0.0922314,0.104214,-0.196613,-0.00185987,-0.0119827
4.24,4,-0.183941,-0.181271,-0.0121189,-0.0153003,-0.00266997
4.24,5,0.793345,0.798264,-0.0803317,-0.000494777,-0.00491886
4.25,0,0.663952,0.62541,0.499313,0.0437569,0.0385424
4.25,1,0.640559,0.708323,-0.270802,-1.89816,-0.0677642
4.25,2,0.863851,0.866379,-0.0733793,0.0709237,-0.00252783
4.25,3,0.0902689,0.102248,-0.196651,-0.00179866,-0.0119789
4.25,4,-0.184208,-0.181377,-0.00932519,-0.0179885,-0.00283139
4.25,5,0.792543,0.79746,-0.0803975,-0.000463742,-0.0049166
4.26,0,0.668926,0.630404,0.499396,0.0426973,0.0385221
4.26,1,0.6375,0.705636,-0.267097,-1.92414,-0.0681357
4.26,2,0.862799,0.865661,-0.0705532,0.0552539,-0.00286175
4.26,3,0.0883064,0.100281,-0.196682,-0.00173835,-0.0119747
4.26,4,-0.184475,-0.181456,-0.00683725,-0.0207339,-0.00301906
4.26,5,0.791742,0.796656,-0.0804548,-0.000432221,-0.00491373
4.27,0,0.673899,0.635398,0.499445,0.0417122,0.0385012
4.27,1,0.634442,0.702984,-0.263783,-1.95034,-0.0685421
4.27,2,0.861747,0.864969,-0.0680783,0.0394965,-0.003222
4.27,3,0.0863439,0.0983142,-0.196705,-0.0016799,-0.0119703
4.27,4,-0.184742,-0.181513,-0.00466169,-0.0235084,-0.0032299
4.27,5,0.79094,0.795851,-0.0805033,-0.000400736,-0.00491034
4.28,0,0.678872,0.640392,0.499463,0.0408115,0.03848
4.28,1,0.631383,0.700362,-0.260872,-1.97656,-0.0689795
4.28,2,0.860695,0.8643,-0.0659567,0.0237616,-0.00360506
4.28,3,0.0843814,0.096347,-0.196721,-0.00162417,-0.0119657
4.28,4,-0.185009,-0.181549,-0.00280077,-0.0262858,-0.00346077
4.28,5,0.790139,0.795045,-0.0805428,-0.000369758,-0.00490652
4.29,0,0.683846,0.645387,0.499449,0.0400033,0.0384588
4.29,1,0.628324,0.697768,-0.258369,-2.00264,-0.0694437
4.29,2,0.859644,0.863651,-0.0641862,0.00815023,-0.0040074
4.29,3,0.0824189,0.0943798,-0.196729,-0.00157191,-0.0119609
4.29,4,-0.185276,-0.181568,-0.00125268,-0.0290418,-0.00370852
4.29,5,0.789338,0.79424,-0.0805734,-0.000339706,-0.00490235
4.3,0,0.688819,0.650381,0.499407,0.039294,0.0384378
4.3,1,0.625265,0.695196,-0.256273,-2.02841,-0.0699307
4.3,2,0.858592,0.863017,-0.0627604,-0.00724569,-0.00442555
4.3,3,0.0804563,0.0924125,-0.196729,-0.00152375,-0.0119561
4.3,4,-0.185543,-0.181573,-1.19698e-05,-0.0317545,-0.00397006
4.3,5,0.788536,0.793434,-0.0805954,-0.000310941,-0.00489791
4.31,0,0.693792,0.655375,0.499337,0.0386882,0.0384175
4.31,1,0.622206,0.692643,-0.254579,-2.05372,-0.0704364
4.31,2,0.85754,0.862396,-0.0616694,-0.0223441,-0.0048561
4.31,3,0.0784938,0.0904452,-0.196723,-0.0014802,-0.0119514
4.31,4,-0.18581,-0.181568,0.000930162,-0.0344039,-0.00424235
4.31,5,0.787735,0.792628,-0.0806092,-0.000283772,-0.00489331
4.32,0,0.698766,0.660368,0.499243,0.0381889,0.038398
4.32,1,0.619147,0.690104,-0.253277,-2.07845,-0.0709569
4.32,2,0.856488,0.861784,-0.0609002,-0.0370729,-0.00529578
4.32,3,0.0765313,0.0884781,-0.19671,-0.00144168,-0.0119467
4.32,4,-0.186077,-0.181555,0.00158546,-0.0369726,-0.00452248
4.32,5,0.786933,0.791822,-0.0806153,-0.000258451,-0.00488861
4.33,0,0.703739,0.66536,0.499128,0.0377974,0.0383795
4.33,1,0.616089,0.687577,-0.252352,-2.10248,-0.0714884
4.33,2,0.855436,0.861177,-0.0604367,-0.0513702,-0.00574145
4.33,3,0.0745688,0.0865111,-0.19669,-0.00140846,-0.0119423
4.33,4,-0.186344,-0.181537,0.00196826,-0.0394453,-0.00480765
4.33,5,0.786132,0.791016,-0.0806142,-0.000235177,-0.00488389
4.34,0,0.708713,0.67035,0.498993,0.0375136,0.0383623
4.34,1,0.61303,0.685057,-0.251788,-2.12572,-0.0720271
4.34,2,0.854384,0.860574,-0.0602605,-0.065184,-0.00619017
4.34,3,0.0726063,0.0845443,-0.196666,-0.00138072,-0.011938
4.34,4,-0.186611,-0.181516,0.00209507,-0.0418093,-0.00509522
4.34,5,0.78533,0.79021,-0.0806066,-0.000214099,-0.00487921
4.35,0,0.713686,0.675339,0.498842,0.0373357,0.0383466
4.35,1,0.609971,0.682541,-0.251563,-2.14809,-0.0725696
4.35,2,0.853332,0.859971,-0.0603512,-0.0784722,-0.00663916
4.35,3,0.0706438,0.0825778,-0.196636,-0.00135854,-0.011934
4.35,4,-0.186878,-0.181496,0.00198426,-0.044054,-0.00538274
4.35,5,0.784529,0.789404,-0.0805931,-0.000195316,-0.00487465
4.36,0,0.718659,0.680327,0.498678,0.0372608,0.0383324
4.36,1,0.606912,0.680025,-0.251654,-2.16954,-0.0731125
4.36,2,0.85228,0.859366,-0.0606868,-0.0912026,-0.00708588
4.36,3,0.0686813,0.0806116,-0.196603,-0.0013419,-0.0119304
4.36,4,-0.187145,-0.181477,0.00165563,-0.0461713,-0.00566793
4.36,5,0.783727,0.788598,-0.0805745,-0.000178879,-0.00487025
4.37,0,0.723633,0.685313,0.498504,0.0372849,0.0383199
4.37,1,0.603853,0.677506,-0.252036,-2.19001,-0.0736529
4.37,2,0.851228,0.858756,-0.0612439,-0.103352,-0.007528
4.37,3,0.0667188,0.0786458,-0.196566,-0.00133068,-0.011927
4.37,4,-0.187412,-0.181464,0.0011301,-0.048155,-0.00594874
4.37,5,0.782926,0.787792,-0.0805516,-0.0001648,-0.00486606
4.38,0,0.728606,0.690297,0.498322,0.0374027,0.0383092
4.38,1,0.600794,0.674983,-0.252682,-2.20948,-0.0741881
4.38,2,0.850177,0.85814,-0.0619984,-0.114906,-0.00796345
4.38,3,0.0647562,0.0766803,-0.196527,-0.00132469,-0.0119241
4.38,4,-0.187679,-0.181456,0.000429384,-0.0500012,-0.00622331
4.38,5,0.782125,0.786987,-0.0805251,-0.000153048,-0.00486211
4.39,0,0.733579,0.695279,0.498136,0.0376083,0.0383004
4.39,1,0.597736,0.672451,-0.253564,-2.22792,-0.0747154
4.39,2,0.849125,0.857515,-0.0629257,-0.12586,-0.00839038
4.39,3,0.0627937,0.0747153,-0.196487,-0.00132366,-0.0119216
4.39,4,-0.187946,-0.181456,-0.000424394,-0.051708,-0.00649002
4.39,5,0.781323,0.786182,-0.0804957,-0.000143561,-0.00485845
4.4,0,0.738553,0.700259,0.497947,0.0378948,0.0382934
4.4,1,0.594677,0.66991,-0.254653,-2.24535,-0.0752328
4.4,2,0.848073,0.85688,-0.0640008,-0.136214,-0.0088072
4.4,3,0.0608312,0.0727507,-0.196445,-0.00132726,-0.0119194
4.4,4,-0.188213,-0.181466,-0.00140895,-0.0532751,-0.00674745
4.4,5,0.780522,0.785377,-0.0804642,-0.000136243,-0.0048551
4.41,0,0.743526,0.705238,0.497759,0.0382549,0.0382883
4.41,1,0.591618,0.667356,-0.25592,-2.26177,-0.0757382
4.41,2,0.847021,0.856233,-0.0651991,-0.145979,-0.00921258
4.41,3,0.0588687,0.0707864,-0.196404,-0.00133511,-0.0119177
4.41,4,-0.18848,-0.181486,-0.00250213,-0.0547043,-0.00699442
4.41,5,0.77972,0.784572,-0.0804313,-0.000130973,-0.00485207
4.42,0,0.748499,0.710214,0.497574,0.0386807,0.0382851
4.42,1,0.588559,0.664789,-0.257337,-2.2772,-0.0762302
4.42,2,0.845969,0.855574,-0.0664963,-0.15517,-0.00960541
4.42,3,0.0569062,0.0688226,-0.196363,-0.00134678,-0.0119164
4.42,4,-0.188747,-0.181517,-0.00368219,-0.0559986,-0.00722996
4.42,5,0.778919,0.783768,-0.0803975,-0.000127608,-0.00484937
4.43,0,0.753473,0.715189,0.497395,0.0391642,0.0382837
4.43,1,0.5855,0.662208,-0.258874,-2.29167,-0.0767073
4.43,2,0.844917,0.854902,-0.0678688,-0.163807,-0.00998483
4.43,3,0.0549437,0.0668592,-0.196323,-0.0013618,-0.0119155
4.43,4,-0.189014,-0.181561,-0.00492801,-0.0571625,-0.00745332
4.43,5,0.778117,0.782964,-0.0803636,-0.000125987,-0.00484702
4.44,0,0.758446,0.720162,0.497222,0.0396971,0.0382841
4.44,1,0.582441,0.65961,-0.260504,-2.30523,-0.0771685
4.44,2,0.843865,0.854215,-0.069294,-0.171919,-0.0103502
4.44,3,0.0529812,0.0648962,-0.196284,-0.0013797,-0.011915
4.44,4,-0.189281,-0.181617,-0.00621932,-0.058202,-0.00766395
4.44,5,0.777316,0.782161,-0.0803301,-0.000125938,-0.004845
4.45,0,0.763419,0.725133,0.497058,0.0402708,0.0382861
4.45,1,0.579383,0.656996,-0.2622,-2.31792,-0.077613
4.45,2,0.842813,0.853515,-0.0707503,-0.179535,-0.0107012
4.45,3,0.0510187,0.0629336,-0.196248,-0.00139998,-0.0119149
4.45,4,-0.189548,-0.181687,-0.00753685,-0.0591237,-0.00786152
4.45,5,0.776515,0.781358,-0.0802975,-0.000127278,-0.00484331
4.46,0,0.768393,0.730103,0.496904,0.0408772,0.0382897
4.46,1,0.576324,0.654364,-0.263937,-2.3298,-0.0780403
4.46,2,0.841762,0.852799,-0.0722174,-0.18669,-0.0110375
4.46,3,0.0490561,0.0609713,-0.196215,-0.00142212,-0.0119151
4.46,4,-0.189815,-0.181769,-0.00886254,-0.0599355,-0.00804585
4.46,5,0.775713,0.780555,-0.0802662,-0.000129818,-0.00484194
4.47,0,0.773366,0.735071,0.496762,0.041508,0.0382948
4.47,1,0.573265,0.651715,-0.26569,-2.34093,-0.0784501
4.47,2,0.84071,0.852069,-0.0736766,-0.193421,-0.0113592
4.47,3,0.0470936,0.0590093,-0.196185,-0.00144563,-0.0119157
4.47,4,-0.190082,-0.181865,-0.0101796,-0.0606458,-0.00821695
4.47,5,0.774912,0.779753,-0.0802366,-0.00013337,-0.00484087
4.48,0,0.77834,0.740038,0.496632,0.0421553,0.0383013
4.48,1,0.570206,0.649049,-0.267439,-2.35138,-0.0788424
4.48,2,0.839658,0.851324,-0.0751107,-0.199769,-0.0116664
4.48,3,0.0451311,0.0570476,-0.196158,-0.00147002,-0.0119165
4.48,4,-0.190349,-0.181974,-0.0114727,-0.0612637,-0.00837501
4.48,5,0.77411,0.77895,-0.080209,-0.000137746,-0.00484009
4.49,0,0.783313,0.745004,0.496516,0.0428116,0.038309
4.49,1,0.567147,0.646365,-0.269162,-2.36121,-0.0792173
4.49,2,0.838606,0.850565,-0.0765042,-0.205774,-0.0119594
4.49,3,0.0431686,0.0550861,-0.196134,-0.00149481,-0.0119175
4.49,4,-0.190616,-0.182096,-0.012728,-0.0617986,-0.00852033
4.49,5,0.773309,0.778148,-0.0801836,-0.000142762,-0.00483957
4.5,0,0.788286,0.749968,0.496414,0.0434696,0.0383178
4.5,1,0.564089,0.643664,-0.27084,-2.37049,-0.0795753
4.5,2,0.837554,0.849793,-0.0778431,-0.211479,-0.0122389
4.5,3,0.0412061,0.0531249,-0.196114,-0.00151955,-0.0119188
4.5,4,-0.190883,-0.18223,-0.0139332,-0.0622603,-0.00865336
4.5,5,0.772507,0.777347,-0.0801607,-0.000148244,-0.00483929
4.51,0,0.79326,0.754932,0.496325,0.0441227,0.0383275
4.51,1,0.56103,0.640946,-0.272458,-2.3793,-0.0799167
4.51,2,0.836502,0.849007,-0.0791153,-0.216927,-0.0125052
4.51,3,0.0392436,0.0511639,-0.196098,-0.00154382,-0.0119203
4.51,4,-0.19115,-0.182376,-0.0150775,-0.0626586,-0.00877467
4.51,5,0.771706,0.776545,-0.0801404,-0.000154025,-0.00483923
4.52,0,0.798233,0.759895,0.496252,0.0447647,0.038338
4.52,1,0.557971,0.638213,-0.274,-2.3877,-0.0802424
4.52,2,0.83545,0.84821,-0.0803107,-0.222159,-0.0127593
4.52,3,0.0372811,0.0492029,-0.196086,-0.00156721,-0.0119219
4.52,4,-0.191417,-0.182532,-0.0161518,-0.0630035,-0.00888492
4.52,5,0.770905,0.775744,-0.0801228,-0.00015995,-0.00483936
4.53,0,0.803206,0.764857,0.496192,0.0453898,0.0383492
4.53,1,0.554912,0.635465,-0.275455,-2.39576,-0.0805532
4.53,2,0.834398,0.8474,-0.0814206,-0.227217,-0.0130019
4.53,3,0.0353186,0.0472421,-0.196077,-0.00158936,-0.0119236
4.53,4,-0.191684,-0.182699,-0.0171485,-0.0633045,-0.00898484
4.53,5,0.770103,0.774943,-0.0801078,-0.000165876,-0.00483965
4.54,0,0.80818,0.769819,0.496147,0.0459931,0.0383609
4.54,1,0.551853,0.632703,-0.276812,-2.40356,-0.0808499
4.54,2,0.833346,0.84658,-0.0824381,-0.232142,-0.0132339
4.54,3,0.033356,0.0452814,-0.196073,-0.00160996,-0.0119254
4.54,4,-0.191951,-0.182876,-0.0180616,-0.0635712,-0.00907525
4.54,5,0.769302,0.774142,-0.0800956,-0.000171674,-0.00484007
4.55,0,0.813153,0.77478,0.496116,0.0465699,0.0383729
4.55,1,0.548794,0.629928,-0.278062,-2.41116,-0.0811337
4.55,2,0.832295,0.845751,-0.0833582,-0.236972,-0.0134563
4.55,3,0.0313935,0.0433207,-0.196071,-0.0016287,-0.0119271
4.55,4,-0.192218,-0.183061,-0.0188866,-0.0638128,-0.00915701
4.55,5,0.7685,0.773341,-0.0800859,-0.000177229,-0.0048406
4.56,0,0.818126,0.779741,0.496098,0.0471165,0.0383852
4.56,1,0.545736,0.627141,-0.2792,-2.41862,-0.0814055
4.56,2,0.831243,0.844913,-0.0841772,-0.241746,-0.01367
4.56,3,0.029431,0.04136,-0.196073,-0.00164535,-0.0119289
4.56,4,-0.192485,-0.183254,-0.0196203,-0.064038,-0.00923103
4.56,5,0.767699,0.77254,-0.0800787,-0.00018244,-0.00484121
4.57,0,0.8231,0.784702,0.496092,0.0476296,0.0383977
4.57,1,0.542677,0.624343,-0.28022,-2.426,-0.0816666
4.57,2,0.830191,0.844067,-0.0848932,-0.246496,-0.0138761
4.57,3,0.0274685,0.0393992,-0.196079,-0.00165968,-0.0119307
4.57,4,-0.192752,-0.183454,-0.0202612,-0.0642551,-0.00929821
4.57,5,0.766897,0.771739,-0.080074,-0.000187222,-0.00484188
4.58,0,0.828073,0.789663,0.496099,0.0481065,0.0384101
4.58,1,0.539618,0.621536,-0.281121,-2.43337,-0.0819182
4.58,2,0.829139,0.843215,-0.0855055,-0.251257,-0.0140756
4.58,3,0.025506,0.0374384,-0.196087,-0.00167152,-0.0119324
4.58,4,-0.193019,-0.18366,-0.0208086,-0.0644717,-0.0093595
4.58,5,0.766096,0.770939,-0.0800715,-0.000191504,-0.00484259
4.59,0,0.833046,0.794624,0.496116,0.0485452,0.0384223
4.59,1,0.536559,0.61872,-0.2819,-2.44076,-0.0821614
4.59,2,0.828087,0.842357,-0.0860148,-0.256056,-0.0142695
4.59,3,0.0235435,0.0354774,-0.196098,-0.00168074,-0.011934
4.59,4,-0.193286,-0.18387,-0.0212634,-0.0646949,-0.00941583
4.59,5,0.765295,0.770138,-0.0800711,-0.000195227,-0.00484331
4.6,0,0.83802,0.799585,0.496144,0.0489442,0.0384344
4.6,1,0.5335,0.615898,-0.282558,-2.44823,-0.0823976
4.6,2,0.827035,0.841494,-0.0864231,-0.260922,-0.0144589
4.6,3,0.021581,0.0335164,-0.196112,-0.00168723,-0.0119354
4.6,4,-0.193553,-0.184085,-0.0216275,-0.0649311,-0.0094681
4.6,5,0.764493,0.769337,-0.0800726,-0.000198347,-0.00484402
4.61,0,0.842993,0.804547,0.496181,0.0493025,0.0384461
4.61,1,0.530441,0.613069,-0.283098,-2.45581,-0.0826277
4.61,2,0.825983,0.840628,-0.0867334,-0.265877,-0.0146448
4.61,3,0.0196185,0.0315552,-0.196127,-0.00169092,-0.0119367
4.61,4,-0.19382,-0.184303,-0.0219034,-0.0651861,-0.00951723
4.61,5,0.763692,0.768536,-0.0800758,-0.000200834,-0.00484471
4.62,0,0.847966,0.809509,0.496226,0.0496197,0.0384574
4.62,1,0.527383,0.610236,-0.283523,-2.46356,-0.0828532
4.62,2,0.824931,0.839759,-0.0869497,-0.270943,-0.0148281
4.62,3,0.0176559,0.0295938,-0.196145,-0.00169176,-0.0119379
4.62,4,-0.194087,-0.184523,-0.0220951,-0.065465,-0.00956406
4.62,5,0.76289,0.767736,-0.0800805,-0.000202667,-0.00484536
4.63,0,0.85294,0.814472,0.496278,0.049896,0.0384682
4.63,1,0.524324,0.607399,-0.283836,-2.47149,-0.0830749
4.63,2,0.823879,0.838889,-0.0870767,-0.276138,-0.0150097
4.63,3,0.0156934,0.0276323,-0.196164,-0.00168976,-0.0119388
4.63,4,-0.194354,-0.184745,-0.0222067,-0.065772,-0.00960942
4.63,5,0.762089,0.766935,-0.0800865,-0.000203837,-0.00484596
4.64,0,0.857913,0.819435,0.496336,0.0501318,0.0384785
4.64,1,0.521265,0.604559,-0.284043,-2.47964,-0.0832942
4.64,2,0.822828,0.838018,-0.0871201,-0.281475,-0.0151905
4.64,3,0.0137309,0.0256705,-0.196185,-0.00168492,-0.0119396
4.64,4,-0.194621,-0.184967,-0.0222434,-0.066111,-0.00965408
4.64,5,0.761287,0.766134,-0.0800936,-0.000204346,-0.00484649
4.65,0,0.862887,0.824398,0.496399,0.0503281,0.0384881
4.65,1,0.518206,0.601718,-0.284151,-2.48802,-0.0835119
4.65,2,0.821776,0.837147,-0.0870859,-0.286968,-0.0153713
4.65,3,0.0117684,0.0237085,-0.196207,-0.00167729,-0.0119401
4.65,4,-0.194888,-0.185189,-0.0222107,-0.0664848,-0.00969877
4.65,5,0.760486,0.765333,-0.0801016,-0.000204203,-0.00484694
4.66,0,0.86786,0.829363,0.496466,0.0504863,0.0384971
4.66,1,0.515147,0.598876,-0.284167,-2.49666,-0.0837291
4.66,2,0.820724,0.836277,-0.0869807,-0.292625,-0.0155529
4.66,3,0.00980589,0.0217463,-0.196229,-0.00166692,-0.0119405
4.66,4,-0.195155,-0.185411,-0.0221145,-0.0668957,-0.00974413
4.66,5,0.759685,0.764532,-0.0801103,-0.000203425,-0.0048473
4.67,0,0.872833,0.834328,0.496537,0.050608,0.0385054
4.67,1,0.512088,0.596035,-0.284097,-2.50557,-0.0839466
4.67,2,0.819672,0.835408,-0.0868116,-0.298452,-0.0157358
4.67,3,0.00784338,0.0197839,-0.196253,-0.00165391,-0.0119405
4.67,4,-0.195422,-0.185631,-0.0219613,-0.0673455,-0.00979077
4.67,5,0.758883,0.763731,-0.0801196,-0.000202038,-0.00484758
4.68,0,0.877807,0.839294,0.496609,0.0506952,0.038513
4.68,1,0.50903,0.593195,-0.283951,-2.51475,-0.0841652
4.68,2,0.81862,0.834541,-0.0865856,-0.304453,-0.0159208
4.68,3,0.00588086,0.0178213,-0.196276,-0.00163834,-0.0119404
4.68,4,-0.195689,-0.18585,-0.0217573,-0.0678352,-0.00983923
4.68,5,0.758082,0.762929,-0.0801292,-0.000200071,-0.00484777
4.69,0,0.88278,0.84426,0.496682,0.0507502,0.0385199
4.69,1,0.505971,0.590356,-0.283736,-2.52422,-0.0843856
4.69,2,0.817568,0.833676,-0.0863102,-0.310629,-0.0161083
4.69,3,0.00391835,0.0158584,-0.1963,-0.00162033,-0.01194
4.69,4,-0.195956,-0.186066,-0.0215093,-0.0683652,-0.00988998
4.69,5,0.75728,0.762128,-0.080139,-0.000197559,-0.00484785
4.7,0,0.887531,0.849227,0.496755,0.0418925,0.038304
4.7,1,0.502722,0.58752,-0.28346,-2.54155,-0.0847983
4.7,2,0.816704,0.832815,-0.0859925,-0.311352,-0.0161112
4.7,3,0.00215113,0.0138952,-0.196323,0.000352865,-0.0117441
4.7,4,-0.196288,-0.18628,-0.0212238,-0.0694543,-0.0100083
4.7,5,0.756219,0.761327,-0.0801488,-0.00149317,-0.00510756
4.71,0,0.890284,0.854186,0.494604,-0.0399099,0.0360975
4.71,1,0.497766,0.584641,-0.293515,-2.59444,-0.0868748
4.71,2,0.817528,0.832045,-0.0663963,-0.302716,-0.014517
4.71,3,0.00214149,0.011977,-0.186053,0.0132768,-0.00983547
4.71,4,-0.197203,-0.18654,-0.0315496,-0.0695288,-0.0106629
4.71,5,0.75282,0.76043,-0.101942,-0.0074658,-0.00760966
4.72,0,0.893037,0.859102,0.488515,-0.108163,0.0339346
4.72,1,0.49281,0.581621,-0.30904,-2.62533,-0.0888111
4.72,2,0.818351,0.831534,-0.0386033,-0.318268,-0.0131825
4.72,3,0.00213185,0.0102104,-0.168632,0.0203934,-0.00807859
4.72,4,-0.198119,-0.186919,-0.0423559,-0.0684207,-0.0111998
4.72,5,0.749422,0.759209,-0.13932,-0.00714096,-0.00978736
4.73,0,0.895789,0.863938,0.479065,-0.163133,0.0318516
4.73,1,0.487854,0.578446,-0.324382,-2.65052,-0.0905916
4.73,2,0.819175,0.83129,-0.013247,-0.336959,-0.0121151
4.73,3,0.00212221,0.00862248,-0.150893,0.0255331,-0.00650026
4.73,4,-0.199035,-0.18738,-0.0484911,-0.0689916,-0.0116546
4.73,5,0.746023,0.757606,-0.176964,-0.00482733,-0.0115833
4.74,0,0.898542,0.868664,0.466983,-0.205822,0.0298781
4.74,1,0.482898,0.575123,-0.338585,-2.67323,-0.0922247
4.74,2,0.819999,0.83128,0.00845392,-0.355344,-0.0112812
4.74,3,0.00211258,0.00720517,-0.134456,0.0297474,-0.00509259
4.74,4,-0.19995,-0.187882,-0.0512728,-0.0709073,-0.012068
4.74,5,0.742624,0.755649,-0.210246,-0.00205119,-0.013025
4.75,0,0.901294,0.873258,0.452969,-0.237438,0.0280367
4.75,1,0.477942,0.571665,-0.351515,-2.69436,-0.0937227
4.75,2,0.820823,0.831468,0.0267194,-0.372792,-0.0106451
4.75,3,0.00210294,0.0059444,-0.119413,0.0332334,-0.00384146
4.75,4,-0.200866,-0.188401,-0.0522488,-0.0735916,-0.0124645
4.75,5,0.739226,0.753389,-0.238125,0.000620604,-0.0141634
4.76,0,0.904047,0.877704,0.437644,-0.259208,0.0263431
4.76,1,0.472986,0.568084,-0.363214,-2.71429,-0.0950983
4.76,2,0.821646,0.831821,0.0419575,-0.389155,-0.0101747
4.76,3,0.0020933,0.00482755,-0.105512,0.0359646,-0.00273425
4.76,4,-0.201781,-0.188925,-0.0524738,-0.0766117,-0.0128561
4.76,5,0.735827,0.750879,-0.260757,0.00296596,-0.0150522
4.77,0,0.9068,0.881992,0.421542,-0.272329,0.0248074
4.77,1,0.46803,0.564393,-0.373778,-2.73319,-0.0963632
4.77,2,0.82247,0.832312,0.0545691,-0.404394,-0.00984187
4.77,3,0.00208366,0.00384465,-0.0924996,0.0378899,-0.00176099
4.77,4,-0.202697,-0.189451,-0.0525762,-0.0796835,-0.0132464
4.77,5,0.732428,0.748169,-0.27868,0.00489814,-0.0157412
4.78,0,0.909552,0.886117,0.405112,-0.277939,0.0234349
4.78,1,0.463074,0.560602,-0.383323,-2.75116,-0.0975281
4.78,2,0.823294,0.832916,0.0649176,-0.418509,-0.00962244
4.78,3,0.00207403,0.0029878,-0.0802102,0.0389884,-0.000913773
4.78,4,-0.203613,-0.189978,-0.052892,-0.0826325,-0.0136348
4.78,5,0.72903,0.745303,-0.292535,0.00639175,-0.0162738
4.79,0,0.912305,0.890078,0.388726,-0.27711,0.0222267
4.79,1,0.458118,0.556721,-0.391964,-2.76822,-0.0986027
4.79,2,0.824118,0.833613,0.0733269,-0.431521,-0.00949558
4.79,3,0.00206439,0.00225027,-0.068563,0.039279,-0.000185883
4.79,4,-0.204528,-0.19051,-0.0535705,-0.0853594,-0.0140181
4.79,5,0.725631,0.742318,-0.302967,0.00745412,-0.0166872
4.8,0,0.915058,0.893877,0.372692,-0.270847,0.0211807
4.8,1,0.453162,0.552757,-0.399811,-2.78438,-0.0995954
4.8,2,0.824941,0.834385,0.080083,-0.443471,-0.00944351
4.8,3,0.00205475,0.00162578,-0.0575413,0.0388145,0.000428968
4.8,4,-0.205444,-0.191051,-0.0546485,-0.0878148,-0.0143924
4.8,5,0.722232,0.739244,-0.310578,0.00811227,-0.0170122
4.81,0,0.91781,0.897518,0.357254,-0.260085,0.0202919
4.81,1,0.448206,0.548719,-0.406964,-2.79964,-0.100513
4.81,2,0.825765,0.835216,0.0854374,-0.454407,-0.00945109
4.81,3,0.00204511,0.00110797,-0.0471694,0.0376731,0.000937145
4.81,4,-0.206359,-0.191606,-0.0560985,-0.0899812,-0.0147538
4.81,5,0.718833,0.736108,-0.31592,0.00840554,-0.0172741
4.82,0,0.920563,0.90101,0.342605,-0.245683,0.0195533
4.82,1,0.44325,0.544613,-0.41351,-2.81401,-0.101363
4.82,2,0.826589,0.836095,0.0896105,-0.464387,-0.00950554
4.82,3,0.00203548,0.000690092,-0.0374925,0.0359494,0.00134538
4.82,4,-0.207275,-0.192176,-0.0578607,-0.0918614,-0.015099
4.82,5,0.715435,0.732927,-0.319481,0.00838054,-0.0174927
4.83,0,0.923316,0.904359,0.328892,-0.228432,0.0189561
4.83,1,0.438294,0.540444,-0.419521,-2.82747,-0.102151
4.83,2,0.827413,0.837009,0.0927947,-0.473474,-0.00959614
4.83,3,0.00202584,0.000364919,-0.0285624,0.0337466,0.00166092
4.83,4,-0.208191,-0.192766,-0.0598627,-0.0934696,-0.0154251
4.83,5,0.712036,0.72972,-0.321684,0.00808744,-0.0176836
4.84,0,0.926068,0.907578,0.316221,-0.209045,0.0184905
4.84,1,0.433338,0.536218,-0.425059,-2.84006,-0.102881
4.84,2,0.828237,0.83795,0.0951574,-0.481733,-0.00971394
4.84,3,0.0020162,0.000124716,-0.0204262,0.0311706,0.00189149
4.84,4,-0.209106,-0.193376,-0.0620308,-0.0948268,-0.0157303
4.84,5,0.708637,0.726495,-0.322892,0.00757707,-0.0178581
4.85,0,0.928821,0.910676,0.304661,-0.188167,0.0181454
4.85,1,0.428382,0.531939,-0.430174,-2.85179,-0.103558
4.85,2,0.82906,0.838912,0.0968443,-0.489234,-0.00985153
4.85,3,0.00200656,-3.86658e-05,-0.0131201,0.0283244,0.00204523
4.85,4,-0.210022,-0.194009,-0.0642966,-0.095957,-0.0160132
4.85,5,0.705239,0.723263,-0.323405,0.00689874,-0.0180246
4.86,0,0.931574,0.913664,0.294252,-0.166369,0.0179096
4.86,1,0.423426,0.527611,-0.434905,-2.86272,-0.104186
4.86,2,0.829884,0.839887,0.0979814,-0.496049,-0.0100029
4.86,3,0.00199693,-0.00013366,-0.00666558,0.0253052,0.00213059
4.86,4,-0.210937,-0.194664,-0.0666003,-0.096885,-0.0162731
4.86,5,0.70184,0.720029,-0.323472,0.00609866,-0.0181886
4.87,0,0.934326,0.916555,0.285006,-0.144156,0.0177716
4.87,1,0.418469,0.523238,-0.439283,-2.87289,-0.104768
4.87,2,0.830708,0.840871,0.0986776,-0.502247,-0.0101631
4.87,3,0.00198729,-0.000168822,-0.00106746,0.0222016,0.00215611
4.87,4,-0.211853,-0.195343,-0.0688912,-0.0976353,-0.0165101
4.87,5,0.698441,0.716795,-0.323287,0.00521885,-0.0183534
4.88,0,0.937079,0.919359,0.276916,-0.121963,0.0177196
4.88,1,0.413513,0.518823,-0.443335,-2.88236,-0.105309
4.88,2,0.831532,0.84186,0.0990268,-0.507901,-0.0103283
4.88,3,0.00197765,-0.000152666,0.00368574,0.0190917,0.00213032
4.88,4,-0.212769,-0.196044,-0.071128,-0.0982315,-0.0167244
4.88,5,0.695043,0.713563,-0.323002,0.00429644,-0.0185208
4.89,0,0.939832,0.922089,0.269952,-0.100164,0.0177423
4.89,1,0.408557,0.514368,-0.447078,-2.89121,-0.105811
4.89,2,0.832355,0.842851,0.0991095,-0.513081,-0.0104954
4.89,3,0.00196801,-9.35058e-05,0.00762068,0.0160428,0.00206152
4.89,4,-0.213684,-0.196767,-0.0732777,-0.098696,-0.0169169
4.89,5,0.691644,0.710335,-0.322728,0.00336336,-0.018691
4.9,0,0.942584,0.924756,0.264072,-0.0790704,0.0178286
4.9,1,0.403601,0.509878,-0.450528,-2.8995,-0.106277
4.9,2,0.833179,0.843841,0.0989942,-0.517856,-0.0106622
4.9,3,0.00195838,6.84933e-07,0.0107773,0.0131106,0.00195769
4.9,4,-0.2146,-0.197512,-0.075315,-0.0990495,-0.0170884
4.9,5,0.688245,0.707109,-0.322547,0.00244628,-0.0188635
4.91,0,0.945337,0.927369,0.259221,-0.058939,0.0179681
4.91,1,0.398645,0.505355,-0.453698,-2.90731,-0.10671
4.91,2,0.834003,0.84483,0.0987395,-0.522293,-0.0108271
4.91,3,0.00194874,0.000122394,0.0132063,0.0103397,0.00182635
4.91,4,-0.215515,-0.198275,-0.0772207,-0.0993115,-0.0172402
4.91,5,0.684846,0.703884,-0.322508,0.00156672,-0.0190371
4.92,0,0.948089,0.929939,0.255333,-0.0399733,0.0181507
4.92,1,0.393689,0.500802,-0.456596,-2.91473,-0.107113
4.92,2,0.834827,0.845816,0.0983945,-0.526456,-0.0109889
4.92,3,0.0019391,0.000264665,0.0149668,0.00776432,0.00167444
4.92,4,-0.216431,-0.199057,-0.0789812,-0.0995,-0.0173738
4.92,5,0.681448,0.700658,-0.322641,0.000741388,-0.0192102
4.93,0,0.950842,0.932475,0.252338,-0.0223288,0.0183672
4.93,1,0.388733,0.496222,-0.459233,-2.92184,-0.107488
4.93,2,0.83565,0.846797,0.0980002,-0.530409,-0.011147
4.93,3,0.00192947,0.000421166,0.0161237,0.00540876,0.0015083
4.93,4,-0.217347,-0.199856,-0.0805873,-0.0996316,-0.0174907
4.93,5,0.678049,0.69743,-0.322956,-1.74256e-05,-0.0193809
4.94,0,0.953595,0.934986,0.25016,-0.0061171,0.018609
4.94,1,0.383777,0.491616,-0.461615,-2.92871,-0.107839
4.94,2,0.836474,0.847775,0.0975906,-0.53421,-0.0113009
4.94,3,0.00191983,0.000586235,0.0167455,0.00328863,0.00133359
4.94,4,-0.218262,-0.20067,-0.0820335,-0.0997216,-0.0175923
4.94,5,0.67465,0.694198,-0.323452,-0.000701393,-0.0195474
4.95,0,0.956347,0.937479,0.248718,0.00858916,0.0188686
4.95,1,0.378821,0.486988,-0.46375,-2.93542,-0.108167
4.95,2,0.837298,0.848749,0.0971934,-0.537913,-0.0114509
4.95,3,0.00191019,0.000754905,0.0169018,0.0014118,0.00115529
4.95,4,-0.219178,-0.201498,-0.0833173,-0.0997843,-0.0176804
4.95,5,0.671252,0.69096,-0.324116,-0.00130564,-0.0197081
4.96,0,0.9591,0.939961,0.247934,0.0217523,0.0191389
4.96,1,0.373865,0.48234,-0.465646,-2.94205,-0.108475
4.96,2,0.838122,0.849719,0.0968305,-0.541572,-0.011597
4.96,3,0.00190055,0.000922901,0.0166616,-0.00022043,0.000977652
4.96,4,-0.220094,-0.202337,-0.0844391,-0.0998324,-0.0177565
4.96,5,0.667853,0.687714,-0.324927,-0.00182821,-0.0198613
4.97,0,0.961853,0.942439,0.247728,0.0333651,0.0194138
4.97,1,0.368909,0.477674,-0.46731,-2.94867,-0.108765
4.97,2,0.838945,0.850685,0.0965191,-0.545232,-0.0117398
4.97,3,0.00189092,0.00108663,0.016092,-0.0016123,0.000804287
4.97,4,-0.221009,-0.203187,-0.0854009,-0.0998779,-0.0178223
4.97,5,0.664454,0.68446,-0.325862,-0.00226963,-0.0200056
4.98,0,0.964605,0.944917,0.248023,0.0434464,0.0196879
4.98,1,0.363953,0.472993,-0.468751,-2.95534,-0.10904
4.98,2,0.839769,0.851649,0.096272,-0.548939,-0.0118798
4.98,3,0.00188128,0.00124315,0.0152564,-0.00277253,0.000638131
4.98,4,-0.221925,-0.204045,-0.0862068,-0.0999312,-0.0178793
4.98,5,0.661056,0.681196,-0.326894,-0.00263235,-0.0201401
4.99,0,0.967358,0.947401,0.248743,0.0520374,0.0199567
4.99,1,0.358997,0.468298,-0.469978,-2.96212,-0.109301
4.99,2,0.840593,0.852611,0.0960984,-0.55273,-0.0120178
4.99,3,0.00187164,0.00139013,0.0142142,-0.00371335,0.000481515
4.99,4,-0.22284,-0.204911,-0.0868624,-0.100002,-0.0179291
4.99,5,0.657657,0.677921,-0.327996,-0.00292039,-0.0202639
5,0,0.970111,0.949894,0.249817,0.0591977,0.0202162
5,1,0.354041,0.463593,-0.471001,-2.96907,-0.109552
5,2,0.841417,0.853571,0.096004,-0.55664,-0.0121544
5,3,0.001862,0.0015258,0.0130194,-0.00444962,0.000336202
5,4,-0.223756,-0.205783,-0.0873743,-0.100098,-0.0179732
5,5,0.654258,0.674634,-0.329142,-0.00313888,-0.0203763
5.01,0,0.972863,0.9524,0.251179,0.0650014,0.0204634
5.01,1,0.349085,0.458878,-0.471831,-2.97623,-0.109793
5.01,2,0.84224,0.854531,0.0959917,-0.5607,-0.0122905
5.01,3,0.00185237,0.00164892,0.0117209,-0.00499805,0.000203446
5.01,4,-0.224672,-0.206659,-0.0877504,-0.100228,-0.0180129
5.01,5,0.650859,0.671337,-0.330307,-0.00329375,-0.0204772
5.02,0,0.975616,0.95492,0.252765,0.0695345,0.0206957
5.02,1,0.344129,0.454156,-0.472478,-2.98366,-0.110027
5.02,2,0.843064,0.855491,0.0960621,-0.564935,-0.012427
5.02,3,0.00184273,0.00175869,0.0103615,-0.00537649,8.40423e-05
5.02,4,-0.225587,-0.207538,-0.0879992,-0.100396,-0.0180495
5.02,5,0.647461,0.668027,-0.331469,-0.00339144,-0.0205664
5.03,0,0.978369,0.957457,0.254519,0.0728913,0.0209112
5.03,1,0.339173,0.449428,-0.472954,-2.99137,-0.110256
5.03,2,0.843888,0.856453,0.0962137,-0.569367,-0.0125646
5.03,3,0.00183309,0.0018547,0.00897876,-0.00560336,-2.16105e-05
5.03,4,-0.226503,-0.208418,-0.0881298,-0.100609,-0.0180843
5.03,5,0.644062,0.664706,-0.332607,-0.0034386,-0.0206441
5.04,0,0.981121,0.960013,0.256388,0.0751722,0.0211084
5.04,1,0.334217,0.444697,-0.473271,-2.9994,-0.11048
5.04,2,0.844712,0.857416,0.0964431,-0.574013,-0.0127042
5.04,3,0.00182345,0.00193691,0.00760426,-0.00569713,-0.000113457
5.04,4,-0.227418,-0.2093,-0.088152,-0.100871,-0.0181184
5.04,5,0.640663,0.661374,-0.333705,-0.00344192,-0.0207107
5.05,0,0.983874,0.962587,0.258327,0.0764808,0.0212866
5.05,1,0.329261,0.439963,-0.473443,-3.00778,-0.110703
5.05,2,0.845536,0.858382,0.0967458,-0.578886,-0.0128465
5.05,3,0.00181382,0.00200555,0.00626441,-0.00567594,-0.00019173
5.05,4,-0.228334,-0.210181,-0.0880757,-0.101185,-0.0181528
5.05,5,0.637265,0.658031,-0.334749,-0.00340795,-0.0207665
5.06,0,0.986626,0.965181,0.260294,0.0769222,0.0214451
5.06,1,0.324305,0.435229,-0.473483,-3.01651,-0.110924
5.06,2,0.846359,0.859351,0.0971158,-0.583997,-0.0129922
5.06,3,0.00180418,0.00206108,0.00498051,-0.00555727,-0.000256896
5.06,4,-0.22925,-0.211061,-0.0879113,-0.101552,-0.0181885
5.06,5,0.633866,0.654678,-0.335729,-0.00334296,-0.0208123
5.07,0,0.989379,0.967795,0.262254,0.0766009,0.021584
5.07,1,0.319349,0.430494,-0.473403,-3.02561,-0.111145
5.07,2,0.847183,0.860325,0.0975465,-0.58935,-0.0131419
5.07,3,0.00179454,0.00210415,0.00376926,-0.00535767,-0.000309611
5.07,4,-0.230165,-0.211939,-0.087669,-0.101976,-0.0182263
5.07,5,0.630467,0.651316,-0.336635,-0.00325285,-0.0208487
5.08,0,0.992132,0.970428,0.264174,0.0756195,0.0217035
5.08,1,0.314393,0.425761,-0.473217,-3.03509,-0.111368
5.08,2,0.848007,0.861303,0.0980306,-0.594948,-0.0132962
5.08,3,0.0017849,0.00213558,0.00264311,-0.00509259,-0.000350673
5.08,4,-0.231081,-0.212814,-0.087359,-0.102455,-0.0182668
5.08,5,0.627069,0.647945,-0.337463,-0.00314308,-0.0208764
5.09,0,0.994884,0.97308,0.26603,0.074077,0.0218042
5.09,1,0.309436,0.42103,-0.472938,-3.04494,-0.111594
5.09,2,0.848831,0.862286,0.0985601,-0.600789,-0.0134556
5.09,3,0.00177527,0.00215625,0.00161077,-0.00477629,-0.000380983
5.09,4,-0.231996,-0.213686,-0.0869915,-0.102991,-0.0183108
5.09,5,0.62367,0.644566,-0.338209,-0.00301861,-0.0208963
5.1,0,0.997637,0.97575,0.2678,0.0720681,0.0218867
5.1,1,0.30448,0.416303,-0.472581,-3.05515,-0.111822
5.1,2,0.849654,0.863275,0.0991271,-0.606871,-0.0136206
5.1,3,0.00176563,0.00216714,0.000677633,-0.00442171,-0.000401513
5.1,4,-0.232912,-0.214553,-0.0865763,-0.103582,-0.0183588
5.1,5,0.620271,0.64118,-0.338873,-0.0028839,-0.0209092
5.11,0,1.00039,0.978438,0.269467,0.0696822,0.0219521
5.11,1,0.299524,0.411579,-0.472156,-3.06573,-0.112055
5.11,2,0.850478,0.864269,0.0997233,-0.613187,-0.0137913
5.11,3,0.00175599,0.00216926,-0.000153738,-0.00404046,-0.00041327
5.11,4,-0.233828,-0.215417,-0.0861231,-0.104227,-0.0184111
5.11,5,0.616872,0.637788,-0.339455,-0.0027429,-0.0209159
5.12,0,1.00314,0.981141,0.271018,0.0670028,0.0220014
5.12,1,0.294568,0.40686,-0.471678,-3.07664,-0.112292
5.12,2,0.851302,0.86527,0.100341,-0.619727,-0.0139682
5.12,3,0.00174636,0.00216363,-0.000883209,-0.00364282,-0.000417274
5.12,4,-0.234743,-0.216275,-0.0856409,-0.104924,-0.0184681
5.12,5,0.613474,0.634391,-0.339957,-0.00259902,-0.0209172
5.13,0,1.00589,0.983859,0.272444,0.064107,0.022036
5.13,1,0.289612,0.402146,-0.471159,-3.08788,-0.112534
5.13,2,0.852126,0.866277,0.100971,-0.626481,-0.0141513
5.13,3,0.00173672,0.00215125,-0.00151264,-0.00323778,-0.000414536
5.13,4,-0.235659,-0.217129,-0.0851385,-0.105671,-0.01853
5.13,5,0.610075,0.630989,-0.340382,-0.0024552,-0.0209139
5.14,0,1.00865,0.986591,0.273738,0.0610649,0.0220569
5.14,1,0.284656,0.397438,-0.470609,-3.09943,-0.112781
5.14,2,0.852949,0.86729,0.101607,-0.633436,-0.0143407
5.14,3,0.00172708,0.00213312,-0.00204553,-0.00283307,-0.000406038
5.14,4,-0.236574,-0.217977,-0.0846241,-0.106464,-0.018597
5.14,5,0.606676,0.627583,-0.340734,-0.00231389,-0.0209068
5.15,0,1.0114,0.989335,0.274896,0.0579401,0.0220657
5.15,1,0.2797,0.392735,-0.47004,-3.11126,-0.113035
5.15,2,0.853773,0.86831,0.102241,-0.640578,-0.0145365
5.15,3,0.00171744,0.00211016,-0.00248663,-0.00243523,-0.000392721
5.15,4,-0.23749,-0.218821,-0.0841052,-0.107301,-0.0186693
5.15,5,0.603278,0.624174,-0.341019,-0.00217713,-0.0208966
5.16,0,1.01415,0.992089,0.275919,0.0547891,0.0220637
5.16,1,0.274744,0.388038,-0.469463,-3.12335,-0.113293
5.16,2,0.854597,0.869336,0.102866,-0.647892,-0.0147386
5.16,3,0.00170781,0.00208328,-0.00284168,-0.0020497,-0.000375471
5.16,4,-0.238406,-0.219659,-0.0835889,-0.108179,-0.0187467
5.16,5,0.599879,0.620763,-0.341241,-0.00204654,-0.0208838
5.17,0,1.01691,0.994853,0.276808,0.0516614,0.0220521
5.17,1,0.269788,0.383346,-0.468886,-3.13566,-0.113558
5.17,2,0.855421,0.870368,0.103477,-0.655361,-0.0149469
5.17,3,0.00169817,0.00205328,-0.00311709,-0.00168088,-0.000355114
5.17,4,-0.239321,-0.220492,-0.0830815,-0.109093,-0.0188292
5.17,5,0.59648,0.617349,-0.341407,-0.00192337,-0.0208691
5.18,0,1.01966,0.997626,0.277566,0.0486001,0.0220324
5.18,1,0.264832,0.37866,-0.468319,-3.14818,-0.113828
5.18,2,0.856244,0.871406,0.104066,-0.662968,-0.0151612
5.18,3,0.00168853,0.00202094,-0.00331972,-0.00133225,-0.000332409
5.18,4,-0.240237,-0.22132,-0.0825889,-0.110039,-0.0189167
5.18,5,0.593082,0.613935,-0.341523,-0.00180856,-0.0208531
5.19,0,1.02241,1.00041,0.278197,0.0456416,0.0220058
5.19,1,0.259876,0.37398,-0.467769,-3.16086,-0.114104
5.19,2,0.857068,0.872449,0.10463,-0.670696,-0.0153812
5.19,3,0.00167889,0.00198694,-0.00345669,-0.00100643,-0.000308044
5.19,4,-0.241152,-0.222143,-0.0821162,-0.111014,-0.019009
5.19,5,0.589683,0.610519,-0.341593,-0.00170274,-0.0208361
5.2,0,1.02516,1.00319,0.278709,0.0428164,0.0219736
5.2,1,0.25492,0.369305,-0.467243,-3.17369,-0.114385
5.2,2,0.857892,0.873499,0.105163,-0.678527,-0.0156067
5.2,3,0.00166926,0.00195189,-0.00353517,-0.000705278,-0.000282638
5.2,4,-0.242068,-0.222962,-0.0816677,-0.112014,-0.0191059
5.2,5,0.586284,0.607103,-0.341624,-0.00160629,-0.0208187
5.21,0,1.02792,1.00598,0.279109,0.0401489,0.0219369
5.21,1,0.249964,0.364636,-0.466748,-3.18663,-0.114672
5.21,2,0.858716,0.874553,0.105662,-0.686444,-0.0158373
5.21,3,0.00165962,0.00191635,-0.00356225,-0.000429999,-0.000256735
5.21,4,-0.242984,-0.223776,-0.0812473,-0.113034,-0.0192072
5.21,5,0.582886,0.603687,-0.341621,-0.00151939,-0.0208011
5.22,0,1.03067,1.00877,0.279403,0.0376584,0.0218967
5.22,1,0.245008,0.359971,-0.466289,-3.19965,-0.114963
5.22,2,0.859539,0.875612,0.106123,-0.694429,-0.0160728
5.22,3,0.00164998,0.00188079,-0.00354486,-0.000181202,-0.000230812
5.22,4,-0.243899,-0.224587,-0.0808582,-0.114071,-0.0193125
5.22,5,0.579487,0.600271,-0.34159,-0.00144203,-0.0207838
5.23,0,1.03342,1.01157,0.279602,0.0353589,0.0218542
5.23,1,0.240052,0.35531,-0.465871,-3.21272,-0.115258
5.23,2,0.860363,0.876676,0.106544,-0.702466,-0.0163126
5.23,3,0.00164034,0.00184562,-0.0034896,4.10007e-05,-0.000205276
5.23,4,-0.244815,-0.225393,-0.0805028,-0.115121,-0.0194215
5.23,5,0.576088,0.596855,-0.341534,-0.00137403,-0.0207669
5.24,0,1.03617,1.01436,0.279715,0.0332602,0.0218101
5.24,1,0.235096,0.350654,-0.465497,-3.22582,-0.115558
5.24,2,0.861187,0.877743,0.106923,-0.710538,-0.0165564
5.24,3,0.00163071,0.00181118,-0.00340274,0.00023693,-0.000180471
5.24,4,-0.24573,-0.226197,-0.0801831,-0.116179,-0.0195339
5.24,5,0.572689,0.59344,-0.34146,-0.00131509,-0.0207506
5.25,0,1.03893,1.01716,0.279749,0.0313676,0.0217653
5.25,1,0.23014,0.346001,-0.46517,-3.23892,-0.115861
5.25,2,0.862011,0.878814,0.107259,-0.71863,-0.0168037
5.25,3,0.00162107,0.00177775,-0.00329013,0.000407263,-0.000156682
5.25,4,-0.246646,-0.226997,-0.0799006,-0.117244,-0.0196492
5.25,5,0.569291,0.590026,-0.341371,-0.00126481,-0.0207352
5.26,0,1.04168,1.01996,0.279714,0.0296831,0.0217206
5.26,1,0.225184,0.34135,-0.464892,-3.25199,-0.116167
5.26,2,0.862835,0.879889,0.10755,-0.726727,-0.0170542
5.26,3,0.00161143,0.00174557,-0.00315719,0.000552972,-0.000134134
5.26,4,-0.247562,-0.227794,-0.0796559,-0.11831,-0.0197672
5.26,5,0.565892,0.586613,-0.34127,-0.00122272,-0.0207207
5.27,0,1.04443,1.02276,0.27962,0.0282052,0.0216766
5.27,1,0.220228,0.336703,-0.464665,-3.26501,-0.116475
5.27,2,0.863658,0.880966,0.107798,-0.734815,-0.0173073
5.27,3,0.00160179,0.0017148,-0.00300885,0.000675265,-0.000113005
5.27,4,-0.248477,-0.22859,-0.0794494,-0.119375,-0.0198874
5.27,5,0.562493,0.583201,-0.341161,-0.00118828,-0.0207073
5.28,0,1.04718,1.02555,0.279474,0.0269296,0.0216338
5.28,1,0.215272,0.332057,-0.464488,-3.27795,-0.116785
5.28,2,0.864482,0.882045,0.108001,-0.742882,-0.0175627
5.28,3,0.00159216,0.00168558,-0.00284959,0.000775532,-9.34223e-05
5.28,4,-0.249393,-0.229383,-0.0792809,-0.120435,-0.0200095
5.28,5,0.559095,0.57979,-0.341047,-0.00116092,-0.020695
5.29,0,1.04994,1.02834,0.279286,0.0258498,0.0215927
5.29,1,0.210316,0.327413,-0.464363,-3.29081,-0.117097
5.29,2,0.865306,0.883126,0.108161,-0.750917,-0.0178199
5.29,3,0.00158252,0.00165799,-0.00268339,0.0008553,-7.54736e-05
5.29,4,-0.250308,-0.230175,-0.0791499,-0.121489,-0.020133
5.29,5,0.555696,0.57638,-0.340931,-0.00114003,-0.0206839
5.3,0,1.05269,1.03114,0.279064,0.0249572,0.0215537
5.3,1,0.20536,0.32277,-0.464288,-3.30355,-0.11741
5.3,2,0.86613,0.884208,0.108278,-0.758909,-0.0180784
5.3,3,0.00157288,0.00163209,-0.00251379,0.000916189,-5.92084e-05
5.3,4,-0.251224,-0.230966,-0.0790553,-0.122534,-0.0202577
5.3,5,0.552297,0.572971,-0.340815,-0.001125,-0.0206739
5.31,0,1.05544,1.03393,0.278814,0.0242415,0.0215171
5.31,1,0.200404,0.318127,-0.464262,-3.31616,-0.117724
5.31,2,0.866953,0.885291,0.108356,-0.766848,-0.0183379
5.31,3,0.00156324,0.00160789,-0.00234385,0.000959872,-4.46435e-05
5.31,4,-0.25214,-0.231757,-0.0789957,-0.123567,-0.0203831
5.31,5,0.548899,0.569564,-0.340701,-0.00111521,-0.0206651
5.32,0,1.0582,1.03671,0.278544,0.0236911,0.0214831
5.32,1,0.195447,0.313484,-0.464284,-3.32863,-0.118037
5.32,2,0.867777,0.886375,0.108395,-0.774728,-0.0185979
5.32,3,0.00155361,0.00158537,-0.00217621,0.000988051,-3.17673e-05
5.32,4,-0.253055,-0.232546,-0.0789695,-0.124586,-0.0205089
5.32,5,0.5455,0.566157,-0.34059,-0.00111007,-0.0206574
5.33,0,1.06095,1.0395,0.27826,0.0232937,0.0214518
5.33,1,0.190491,0.308841,-0.464351,-3.34094,-0.11835
5.33,2,0.868601,0.887459,0.108398,-0.782541,-0.0188582
5.33,3,0.00154397,0.00156451,-0.00201311,0.00100242,-2.05442e-05
5.33,4,-0.253971,-0.233336,-0.0789748,-0.125591,-0.0206348
5.33,5,0.542101,0.562752,-0.340483,-0.00110897,-0.0206508
5.34,0,1.0637,1.04228,0.277968,0.0230359,0.0214235
5.34,1,0.185535,0.304197,-0.464461,-3.35309,-0.118662
5.34,2,0.869425,0.888543,0.108368,-0.790282,-0.0191182
5.34,3,0.00153433,0.00154525,-0.00185639,0.00100465,-1.09184e-05
5.34,4,-0.254886,-0.234126,-0.0790095,-0.126579,-0.0207605
5.34,5,0.538702,0.559348,-0.340382,-0.00111135,-0.0206452
5.35,0,1.06645,1.04506,0.277673,0.0229043,0.0213981
5.35,1,0.180579,0.299552,-0.464612,-3.36506,-0.118972
5.35,2,0.870248,0.889626,0.108306,-0.797947,-0.0193778
5.35,3,0.0015247,0.00152751,-0.00170756,0.000996358,-2.81752e-06
5.35,4,-0.255802,-0.234916,-0.0790711,-0.12755,-0.0208857
5.35,5,0.535304,0.555944,-0.340288,-0.00111667,-0.0206406
5.36,0,1.06921,1.04783,0.27738,0.022885,0.0213756
5.36,1,0.175623,0.294905,-0.464799,-3.37686,-0.119281
5.36,2,0.871072,0.890709,0.108216,-0.805532,-0.0196367
5.36,3,0.00151506,0.00151121,-0.00156777,0.000979103,3.84398e-06
5.36,4,-0.256718,-0.235708,-0.0791572,-0.128502,-0.0210101
5.36,5,0.531905,0.552542,-0.340201,-0.00112443,-0.0206369
5.37,0,1.07196,1.0506,0.277092,0.0229644,0.021356
5.37,1,0.170667,0.290255,-0.46502,-3.38847,-0.119588
5.37,2,0.871896,0.89179,0.108102,-0.813037,-0.0198944
5.37,3,0.00150542,0.00149626,-0.00143792,0.000954366,9.16163e-06
5.37,4,-0.257633,-0.2365,-0.0792653,-0.129436,-0.0211336
5.37,5,0.528506,0.54914,-0.34012,-0.00113416,-0.0206341
5.38,0,1.07471,1.05337,0.276814,0.023129,0.0213393
5.38,1,0.165711,0.285604,-0.465272,-3.39989,-0.119893
5.38,2,0.87272,0.892871,0.107965,-0.820458,-0.020151
5.38,3,0.00149578,0.00148254,-0.00131859,0.000923538,1.32383e-05
5.38,4,-0.258549,-0.237293,-0.0793927,-0.13035,-0.0212558
5.38,5,0.525108,0.54574,-0.340048,-0.0011454,-0.020632
5.39,0,1.07746,1.05614,0.276548,0.0233656,0.0213253
5.39,1,0.160755,0.28095,-0.46555,-3.41113,-0.120194
5.39,2,0.873543,0.893949,0.107809,-0.827798,-0.020406
5.39,3,0.00148615,0.00146996,-0.00121018,0.000887919,1.61814e-05
5.39,4,-0.259464,-0.238088,-0.0795367,-0.131246,-0.0213767
5.39,5,0.521709,0.54234,-0.339983,-0.00115778,-0.0206305
5.4,0,1.08022,1.0589,0.276297,0.0236617,0.0213138
5.4,1,0.155799,0.276293,-0.465852,-3.42218,-0.120493
5.4,2,0.874367,0.895027,0.107637,-0.835056,-0.0206594
5.4,3,0.00147651,0.00145841,-0.00111283,0.000848708,1.81012e-05
5.4,4,-0.26038,-0.238884,-0.0796948,-0.132122,-0.0214961
5.4,5,0.51831,0.53894,-0.339926,-0.00117092,-0.0206297
5.41,0,1.08297,1.06166,0.276062,0.0240052,0.0213048
5.41,1,0.150843,0.271632,-0.466174,-3.43305,-0.120789
5.41,2,0.875191,0.896102,0.107452,-0.842234,-0.020911
5.41,3,0.00146687,0.00144776,-0.00102653,0.000806999,1.91084e-05
5.41,4,-0.261296,-0.239682,-0.0798641,-0.132979,-0.0216138
5.41,5,0.514912,0.535541,-0.339876,-0.0011845,-0.0206294
5.42,0,1.08572,1.06442,0.275845,0.0243849,0.021298
5.42,1,0.145887,0.266969,-0.466512,-3.44373,-0.121082
5.42,2,0.876015,0.897175,0.107257,-0.849335,-0.0211607
5.42,3,0.00145723,0.00143792,-0.000951096,0.000763783,1.93125e-05
5.42,4,-0.262211,-0.240481,-0.0800423,-0.133818,-0.0217298
5.42,5,0.511513,0.532142,-0.339833,-0.00119823,-0.0206296
5.43,0,1.08847,1.06718,0.275648,0.0247903,0.0212933
5.43,1,0.140931,0.262302,-0.466863,-3.45424,-0.121371
5.43,2,0.876838,0.898247,0.107054,-0.856361,-0.0214084
5.43,3,0.0014476,0.00142878,-0.000886231,0.000719947,1.88208e-05
5.43,4,-0.263127,-0.241283,-0.0802269,-0.134639,-0.021844
5.43,5,0.508114,0.528744,-0.339797,-0.00121187,-0.0206302
5.44,0,1.09123,1.06994,0.275469,0.0252117,0.0212905
5.44,1,0.135975,0.257631,-0.467224,-3.46457,-0.121656
5.44,2,0.877662,0.899316,0.106847,-0.863316,-0.021654
5.44,3,0.00143796,0.00142022,-0.000831511,0.000676273,1.77366e-05
5.44,4,-0.264042,-0.242086,-0.0804155,-0.135443,-0.0219563
5.44,5,0.504715,0.525347,-0.339768,-0.0012252,-0.0206311
5.45,0,1.09398,1.07269,0.275311,0.0256403,0.0212893
5.45,1,0.131019,0.252957,-0.467591,-3.47474,-0.121938
5.45,2,0.878486,0.900384,0.106638,-0.870204,-0.0218976
5.45,3,0.00142832,0.00141216,-0.00078643,0.000633444,1.61587e-05
5.45,4,-0.264958,-0.242891,-0.0806058,-0.136231,-0.0220667
5.45,5,0.501317,0.521949,-0.339744,-0.00123803,-0.0206322
5.46,0,1.09673,1.07544,0.275173,0.0260681,0.0212896
5.46,1,0.126063,0.248279,-0.467961,-3.48475,-0.122216
5.46,2,0.87931,0.901449,0.106429,-0.87703,-0.0221391
5.46,3,0.00141868,0.0014045,-0.00075041,0.000592049,1.41802e-05
5.46,4,-0.265874,-0.243698,-0.0807959,-0.137004,-0.0221752
5.46,5,0.497918,0.518552,-0.339726,-0.00125022,-0.0206336
5.47,0,1.09948,1.07819,0.275054,0.0264881,0.0212912
5.47,1,0.121107,0.243597,-0.468333,-3.49462,-0.12249
5.47,2,0.880134,0.902512,0.106222,-0.883798,-0.0223785
5.47,3,0.00140905,0.00139716,-0.000722823,0.000552579,1.18886e-05
5.47,4,-0.266789,-0.244507,-0.0809839,-0.137763,-0.0222818
5.47,5,0.494519,0.515155,-0.339713,-0.00126165,-0.0206351
5.48,0,1.10224,1.08094,0.274954,0.026894,0.0212939
5.48,1,0.116151,0.238912,-0.468702,-3.50433,-0.122761
5.48,2,0.880957,0.903573,0.10602,-0.890514,-0.0226158
5.48,3,0.00139941,0.00139005,-0.000703003,0.000515445,9.36427e-06
5.48,4,-0.267705,-0.245318,-0.0811679,-0.138509,-0.0223866
5.48,5,0.491121,0.511757,-0.339705,-0.0012722,-0.0206367
5.49,0,1.10499,1.08369,0.274873,0.0272805,0.0212975
5.49,1,0.111195,0.234223,-0.469068,-3.51392,-0.123028
5.49,2,0.881781,0.904632,0.105823,-0.897181,-0.0228512
5.49,3,0.00138977,0.00138309,-0.000690263,0.000480971,6.6813e-06
5.49,4,-0.26862,-0.246131,-0.0813465,-0.139243,-0.0224895
5.49,5,0.487722,0.50836,-0.339701,-0.00128183,-0.0206384
5.5,0,1.10774,1.08644,0.274809,0.027643,0.0213018
5.5,1,0.106239,0.22953,-0.469427,-3.52338,-0.123291
5.5,2,0.882605,0.905689,0.105634,-0.903806,-0.0230846
5.5,3,0.00138013,0.00137623,-0.000683904,0.000449408,3.9066e-06
5.5,4,-0.269536,-0.246945,-0.0815183,-0.139966,-0.0225907
5.5,5,0.484323,0.504963,-0.3397,-0.00129047,-0.0206401
5.51,0,1.1105,1.08919,0.274762,0.0279779,0.0213066
5.51,1,0.101283,0.224834,-0.469778,-3.53272,-0.123551
5.51,2,0.883429,0.906745,0.105454,-0.910393,-0.0233162
5.51,3,0.0013705,0.0013694,-0.000683229,0.000420939,1.10014e-06
5.51,4,-0.270452,-0.247761,-0.0816821,-0.14068,-0.0226902
5.51,5,0.480925,0.501566,-0.339703,-0.00129809,-0.0206418
5.52,0,1.11325,1.09194,0.27473,0.028282,0.0213118
5.52,1,0.0963266,0.220134,-0.470119,-3.54195,-0.123808
5.52,2,0.884252,0.907798,0.105284,-0.916948,-0.023546
5.52,3,0.00136086,0.00136254,-0.000687553,0.000395682,-1.68501e-06
5.52,4,-0.271367,-0.248579,-0.081837,-0.141386,-0.0227881
5.52,5,0.477526,0.498169,-0.339708,-0.0013047,-0.0206434
5.53,0,1.116,1.09468,0.274712,0.028553,0.0213173
5.53,1,0.0913706,0.215431,-0.470449,-3.55108,-0.124061
5.53,2,0.885076,0.90885,0.105125,-0.923475,-0.0237742
5.53,3,0.00135122,0.00135563,-0.000696207,0.000373698,-4.40257e-06
5.53,4,-0.272283,-0.249398,-0.0819821,-0.142085,-0.0228845
5.53,5,0.474127,0.494772,-0.339716,-0.00131028,-0.020645
5.54,0,1.11875,1.09743,0.274708,0.0287894,0.0213228
5.54,1,0.0864145,0.210725,-0.470767,-3.56012,-0.12431
5.54,2,0.8859,0.909901,0.104977,-0.929979,-0.0240009
5.54,3,0.00134159,0.0013486,-0.000708548,0.000355001,-7.01279e-06
5.54,4,-0.273198,-0.250219,-0.0821169,-0.142778,-0.0229796
5.54,5,0.470728,0.491375,-0.339725,-0.00131486,-0.0206465
5.55,0,1.12151,1.10018,0.274715,0.02899,0.0213284
5.55,1,0.0814585,0.206016,-0.471072,-3.56907,-0.124557
5.55,2,0.886724,0.91095,0.104841,-0.936465,-0.0242261
5.55,3,0.00133195,0.00134143,-0.000723965,0.000339557,-9.48218e-06
5.55,4,-0.274114,-0.251041,-0.0822408,-0.143466,-0.0230733
5.55,5,0.46733,0.487978,-0.339736,-0.00131847,-0.0206479
5.56,0,1.12426,1.10292,0.274732,0.0291543,0.0213338
5.56,1,0.0765024,0.201303,-0.471363,-3.57794,-0.124801
5.56,2,0.887547,0.911997,0.104718,-0.942937,-0.0244501
5.56,3,0.00132231,0.00133409,-0.00074188,0.000327296,-1.17832e-05
5.56,4,-0.27503,-0.251864,-0.0823536,-0.14415,-0.0231659
5.56,5,0.463931,0.48458,-0.339749,-0.00132115,-0.0206491
5.57,0,1.12701,1.10567,0.274759,0.0292823,0.0213389
5.57,1,0.0715464,0.196588,-0.47164,-3.58675,-0.125042
5.57,2,0.888371,0.913044,0.104607,-0.949399,-0.0246729
5.57,3,0.00131267,0.00132657,-0.000761754,0.000318113,-1.38939e-05
5.57,4,-0.275945,-0.252688,-0.0824552,-0.144831,-0.0232574
5.57,5,0.460532,0.481183,-0.339762,-0.00132295,-0.0206503
5.58,0,1.12976,1.10842,0.274793,0.0293743,0.0213438
5.58,1,0.0665903,0.19187,-0.471903,-3.59549,-0.12528
5.58,2,0.889195,0.914089,0.104508,-0.955854,-0.0248946
5.58,3,0.00130304,0.00131883,-0.000783088,0.000311879,-1.57974e-05
5.58,4,-0.276861,-0.253513,-0.0825457,-0.145511,-0.0233479
5.58,5,0.457134,0.477785,-0.339775,-0.00132391,-0.0206513
5.59,0,1.13252,1.11117,0.274834,0.0294312,0.0213483
5.59,1,0.0616343,0.18715,-0.472151,-3.60417,-0.125516
5.59,2,0.890019,0.915134,0.104422,-0.962306,-0.0251154
5.59,3,0.0012934,0.00131088,-0.000805428,0.00030844,-1.74817e-05
5.59,4,-0.277777,-0.254339,-0.082625,-0.146189,-0.0234376
5.59,5,0.453735,0.474387,-0.339789,-0.0013241,-0.0206522
5.6,0,1.13527,1.11392,0.27488,0.0294542,0.0213524
5.6,1,0.0566782,0.182427,-0.472385,-3.6128,-0.125749
5.6,2,0.890842,0.916178,0.104347,-0.968759,-0.0253355
5.6,3,0.00128376,0.0013027,-0.000828358,0.000307625,-1.8939e-05
5.6,4,-0.278692,-0.255166,-0.0826937,-0.146866,-0.0235266
5.6,5,0.450336,0.470989,-0.339803,-0.00132357,-0.0206529
5.61,0,1.13802,1.11667,0.274931,0.0294445,0.0213559
5.61,1,0.0517222,0.177702,-0.472606,-3.62137,-0.12598
5.61,2,0.891666,0.917221,0.104284,-0.975213,-0.0255548
5.61,3,0.00127412,0.00129429,-0.00085151,0.000309251,-2.01655e-05
5.61,4,-0.279608,-0.255993,-0.0827519,-0.147543,-0.0236149
5.61,5,0.446938,0.467591,-0.339817,-0.0013224,-0.0206535
5.62,0,1.14077,1.11942,0.274985,0.0294038,0.021359
5.62,1,0.0467662,0.172975,-0.472812,-3.62991,-0.126209
5.62,2,0.89249,0.918264,0.104232,-0.981673,-0.0257736
5.62,3,0.00126449,0.00128565,-0.000874554,0.000313124,-2.11608e-05
5.62,4,-0.280523,-0.256821,-0.0828003,-0.148222,-0.0237027
5.62,5,0.443539,0.464193,-0.33983,-0.00132064,-0.0206539
5.63,0,1.14353,1.12217,0.275042,0.0293341,0.0213615
5.63,1,0.0418101,0.168246,-0.473006,-3.6384,-0.126435
5.63,2,0.893314,0.919306,0.10419,-0.988138,-0.0259919
5.63,3,0.00125485,0.00127678,-0.000897204,0.000319046,-2.19277e-05
5.63,4,-0.281439,-0.257649,-0.0828395,-0.148901,-0.0237901
5.63,5,0.44014,0.460794,-0.339843,-0.00131837,-0.0206543
5.64,0,1.14628,1.12492,0.275099,0.0292371,0.0213634
5.64,1,0.0368541,0.163514,-0.473188,-3.64685,-0.12666
5.64,2,0.894137,0.920347,0.104158,-0.994612,-0.0262099
5.64,3,0.00124521,0.00126768,-0.000919214,0.000326815,-2.24713e-05
5.64,4,-0.282355,-0.258477,-0.0828699,-0.149582,-0.0238772
5.64,5,0.436742,0.457396,-0.339856,-0.00131563,-0.0206545
5.65,0,1.14903,1.12767,0.275158,0.0291152,0.0213647
5.65,1,0.031898,0.158782,-0.473359,-3.65527,-0.126884
5.65,2,0.894961,0.921389,0.104134,-1.0011,-0.0264276
5.65,3,0.00123557,0.00125837,-0.000940374,0.00033623,-2.27994e-05
5.65,4,-0.28327,-0.259306,-0.0828924,-0.150265,-0.0239639
5.65,5,0.433343,0.453997,-0.339867,-0.0013125,-0.0206545
5.66,0,1.15179,1.13042,0.275216,0.0289702,0.0213655
5.66,1,0.026942,0.154047,-0.473519,-3.66365,-0.127105
5.66,2,0.895785,0.92243,0.104119,-1.00759,-0.0266451
5.66,3,0.00122594,0.00124886,-0.000960514,0.000347094,-2.29214e-05
5.66,4,-0.284186,-0.260135,-0.0829077,-0.15095,-0.0240505
5.66,5,0.429944,0.450599,-0.339878,-0.00130903,-0.0206545
5.67,0,1.15454,1.13317,0.275273,0.0288046,0.0213656
5.67,1,0.0219859,0.149311,-0.47367,-3.672,-0.127325
5.67,2,0.896609,0.923471,0.10411,-1.01409,-0.0268624
5.67,3,0.0012163,0.00123915,-0.000979494,0.000359214,-2.28482e-05
5.67,4,-0.285101,-0.260964,-0.0829165,-0.151638,-0.024137
5.67,5,0.426545,0.4472,-0.339888,-0.00130528,-0.0206544
5.68,0,1.15729,1.13593,0.27533,0.0286204,0.0213652
5.68,1,0.0170299,0.144574,-0.473813,-3.68031,-0.127544
5.68,2,0.897433,0.924512,0.104107,-1.02061,-0.0270798
5.68,3,0.00120666,0.00122925,-0.000997208,0.000372403,-2.25922e-05
5.68,4,-0.286017,-0.261794,-0.0829197,-0.152327,-0.0242234
5.68,5,0.423147,0.443801,-0.339898,-0.0013013,-0.0206541
5.69,0,1.16004,1.13868,0.275384,0.0284199,0.0213643
5.69,1,0.0120738,0.139835,-0.473948,-3.68859,-0.127761
5.69,2,0.898256,0.925553,0.10411,-1.02713,-0.0272971
5.69,3,0.00119702,0.00121919,-0.00101358,0.000386483,-2.21663e-05
5.69,4,-0.286933,-0.262623,-0.0829181,-0.15302,-0.0243098
5.69,5,0.419748,0.440402,-0.339906,-0.00129715,-0.0206538
5.7,0,1.1628,1.14143,0.275436,0.0282052,0.0213628
5.7,1,0.0071178,0.135095,-0.474076,-3.69684,-0.127977
5.7,2,0.89908,0.926594,0.104117,-1.03367,-0.0275145
5.7,3,0.00118739,0.00120897,-0.00102855,0.000401287,-2.15844e-05
5.7,4,-0.287848,-0.263452,-0.0829124,-0.153714,-0.0243963
5.7,5,0.416349,0.437003,-0.339914,-0.00129286,-0.0206534
5.71,0,1.16555,1.14419,0.275485,0.0279784,0.0213608
5.71,1,0.00216176,0.130353,-0.4742,-3.70506,-0.128191
5.71,2,0.899904,0.927636,0.104128,-1.04021,-0.0277319
5.71,3,0.00117775,0.00119861,-0.0010421,0.000416656,-2.08605e-05
5.71,4,-0.288764,-0.264281,-0.0829034,-0.154411,-0.0244828
5.71,5,0.412951,0.433604,-0.33992,-0.00128849,-0.0206529
5.72,0,1.1683,1.14694,0.275531,0.0277414,0.0213584
5.72,1,-0.00279428,0.12561,-0.474319,-3.71323,-0.128405
5.72,2,0.900728,0.928677,0.104141,-1.04677,-0.0279495
5.72,3,0.00116811,0.00118812,-0.00105422,0.000432444,-2.00091e-05
5.72,4,-0.289679,-0.26511,-0.082892,-0.155109,-0.0245694
5.72,5,0.409552,0.430204,-0.339926,-0.00128406,-0.0206524
5.73,0,1.17105,1.1497,0.275574,0.0274962,0.0213555
5.73,1,-0.00775033,0.120867,-0.474435,-3.72137,-0.128617
5.73,2,0.901551,0.929719,0.104156,-1.05333,-0.0281672
5.73,3,0.00115847,0.00117752,-0.00106493,0.000448517,-1.90441e-05
5.73,4,-0.290595,-0.265939,-0.0828789,-0.15581,-0.0246562
5.73,5,0.406153,0.426805,-0.339931,-0.00127962,-0.0206518
5.74,0,1.17381,1.15245,0.275614,0.0272445,0.0213521
5.74,1,-0.0127064,0.116122,-0.474548,-3.72948,-0.128828
5.74,2,0.902375,0.93076,0.104172,-1.0599,-0.0283851
5.74,3,0.00114884,0.00116682,-0.00107425,0.00046475,-1.79798e-05
5.74,4,-0.291511,-0.266767,-0.0828647,-0.156512,-0.0247431
5.74,5,0.402755,0.423406,-0.339935,-0.0012752,-0.0206512
5.75,0,1.17656,1.15521,0.27565,0.026988,0.0213484
5.75,1,-0.0176624,0.111376,-0.474661,-3.73754,-0.129038
5.75,2,0.903199,0.931802,0.104188,-1.06647,-0.0286032
5.75,3,0.0011392,0.00115603,-0.00108222,0.000481035,-1.68298e-05
5.75,4,-0.292426,-0.267596,-0.0828502,-0.157216,-0.0248301
5.75,5,0.399356,0.420006,-0.339939,-0.00127081,-0.0206505
5.76,0,1.17931,1.15797,0.275683,0.0267283,0.0213444
5.76,1,-0.0226185,0.106628,-0.474772,-3.74555,-0.129247
5.76,2,0.904023,0.932844,0.104204,-1.07305,-0.0288214
5.76,3,0.00112956,0.00114517,-0.0010889,0.000497271,-1.56072e-05
5.76,4,-0.293342,-0.268424,-0.0828359,-0.15792,-0.0249173
5.76,5,0.395957,0.416607,-0.339941,-0.00126649,-0.0206498
5.77,0,1.18206,1.16072,0.275712,0.0264667,0.0213401
5.77,1,-0.0275745,0.10188,-0.474885,-3.75353,-0.129455
5.77,2,0.904846,0.933886,0.104219,-1.07963,-0.0290397
5.77,3,0.00111993,0.00113425,-0.00109436,0.000513372,-1.43245e-05
5.77,4,-0.294257,-0.269253,-0.0828225,-0.158626,-0.0250046
5.77,5,0.392558,0.413207,-0.339943,-0.00126226,-0.020649
5.78,0,1.18482,1.16348,0.275738,0.0262045,0.0213354
5.78,1,-0.0325305,0.0971305,-0.474998,-3.76145,-0.129661
5.78,2,0.90567,0.934928,0.104232,-1.08621,-0.0292583
5.78,3,0.00111029,0.00112328,-0.00109867,0.000529263,-1.29937e-05
5.78,4,-0.295173,-0.270081,-0.0828105,-0.159331,-0.0250921
5.78,5,0.38916,0.409808,-0.339945,-0.00125813,-0.0206483
5.79,0,1.18757,1.16624,0.27576,0.0259429,0.0213306
5.79,1,-0.0374866,0.0923799,-0.475113,-3.76932,-0.129867
5.79,2,0.906494,0.935971,0.104243,-1.09279,-0.0294769
5.79,3,0.00110065,0.00111228,-0.0011019,0.00054488,-1.16258e-05
5.79,4,-0.296089,-0.270909,-0.0828002,-0.160037,-0.0251796
5.79,5,0.385761,0.406409,-0.339946,-0.0012541,-0.0206476
5.8,0,1.19032,1.169,0.275779,0.0256829,0.0213255
5.8,1,-0.0424426,0.0876282,-0.47523,-3.77714,-0.130071
5.8,2,0.907318,0.937013,0.104251,-1.09937,-0.0296956
5.8,3,0.00109101,0.00110124,-0.00110413,0.000560169,-1.02311e-05
5.8,4,-0.297004,-0.271737,-0.0827923,-0.160742,-0.0252673
5.8,5,0.382362,0.403009,-0.339946,-0.00125021,-0.0206468
5.81,0,1.19307,1.17175,0.275795,0.0254253,0.0213203
5.81,1,-0.0473987,0.0828752,-0.47535,-3.7849,-0.130274
5.81,2,0.908141,0.938056,0.104256,-1.10594,-0.0299144
5.81,3,0.00108138,0.0010902,-0.00110546,0.000575086,-8.81912e-06
5.81,4,-0.29792,-0.272565,-0.0827869,-0.161446,-0.025355
5.81,5,0.378964,0.39961,-0.339946,-0.00124644,-0.020646
5.82,0,1.19583,1.17451,0.275808,0.0251708,0.0213149
5.82,1,-0.0523547,0.078121,-0.475474,-3.79261,-0.130476
5.82,2,0.908965,0.939098,0.104258,-1.11251,-0.0301332
5.82,3,0.00107174,0.00107914,-0.00110597,0.000589599,-7.39843e-06
5.82,4,-0.298835,-0.273393,-0.0827844,-0.16215,-0.0254427
5.82,5,0.375565,0.39621,-0.339945,-0.00124282,-0.0206453
5.83,0,1.19858,1.17727,0.275819,0.0249202,0.0213094
5.83,1,-0.0573108,0.0733656,-0.475602,-3.80025,-0.130676
5.83,2,0.909789,0.940141,0.104257,-1.11907,-0.030352
5.83,3,0.0010621,0.00106808,-0.00110575,0.00060368,-5.97676e-06
5.83,4,-0.299751,-0.274221,-0.082785,-0.162851,-0.0255305
5.83,5,0.372166,0.392811,-0.339944,-0.00123933,-0.0206445
5.84,0,1.20133,1.18003,0.275826,0.0246738,0.0213038
5.84,1,-0.0622668,0.0686088,-0.475734,-3.80782,-0.130876
5.84,2,0.910613,0.941183,0.104251,-1.12563,-0.0305708
5.84,3,0.00105246,0.00105702,-0.00110487,0.000617315,-4.56098e-06
5.84,4,-0.300667,-0.275048,-0.082789,-0.163551,-0.0256182
5.84,5,0.368768,0.389411,-0.339943,-0.00123598,-0.0206438
5.85,0,1.20409,1.18279,0.275832,0.0244321,0.0212982
5.85,1,-0.0672229,0.0638508,-0.47587,-3.81533,-0.131074
5.85,2,0.911436,0.942226,0.104242,-1.13217,-0.0307895
5.85,3,0.00104283,0.00104598,-0.00110344,0.000630492,-3.15708e-06
5.85,4,-0.301582,-0.275876,-0.0827965,-0.164249,-0.0257059
5.85,5,0.365369,0.386012,-0.339942,-0.00123277,-0.0206431
5.86,0,1.20684,1.18555,0.275835,0.0241953,0.0212925
5.86,1,-0.0721789,0.0590913,-0.476011,-3.82277,-0.13127
5.86,2,0.91226,0.943268,0.104228,-1.1387,-0.0310081
5.86,3,0.00103319,0.00103496,-0.00110152,0.00064321,-1.77026e-06
5.86,4,-0.302498,-0.276704,-0.0828074,-0.164944,-0.0257935
5.86,5,0.36197,0.382613,-0.33994,-0.0012297,-0.0206423
5.87,0,1.20959,1.1883,0.275836,0.0239636,0.0212868
5.87,1,-0.0771349,0.0543304,-0.476157,-3.83014,-0.131465
5.87,2,0.913084,0.94431,0.104211,-1.14522,-0.0312265
5.87,3,0.00102355,0.00102396,-0.0010992,0.000655471,-4.04896e-07
5.87,4,-0.303413,-0.277532,-0.082822,-0.165636,-0.0258809
5.87,5,0.358571,0.379213,-0.339938,-0.00122677,-0.0206417
5.88,0,1.21234,1.19106,0.275835,0.0237371,0.0212811
5.88,1,-0.082091,0.049568,-0.476307,-3.83744,-0.131659
5.88,2,0.913908,0.945352,0.104189,-1.15172,-0.0314447
5.88,3,0.00101391,0.00101298,-0.00109655,0.000667284,9.35389e-07
5.88,4,-0.304329,-0.278361,-0.0828402,-0.166326,-0.0259682
5.88,5,0.355173,0.375814,-0.339936,-0.00122396,-0.020641
5.89,0,1.2151,1.19382,0.275833,0.0235158,0.0212754
5.89,1,-0.087047,0.0448041,-0.476463,-3.84466,-0.131851
5.89,2,0.914731,0.946394,0.104163,-1.15821,-0.0316627
5.89,3,0.00100428,0.00100203,-0.00109364,0.000678662,2.2477e-06
5.89,4,-0.305245,-0.279189,-0.0828619,-0.167011,-0.0260553
5.89,5,0.351774,0.372414,-0.339934,-0.00122128,-0.0206403
5.9,0,1.21785,1.19658,0.27583,0.0232996,0.0212697
5.9,1,-0.0920031,0.0400386,-0.476623,-3.8518,-0.132042
5.9,2,0.915555,0.947436,0.104134,-1.16468,-0.0318804
5.9,3,0.000994639,0.00099111,-0.00109054,0.000689623,3.52982e-06
5.9,4,-0.30616,-0.280018,-0.0828871,-0.167694,-0.0261421
5.9,5,0.348375,0.369015,-0.339932,-0.00121871,-0.0206397
5.91,0,1.2206,1.19934,0.275825,0.0230883,0.0212641
5.91,1,-0.0969591,0.0352714,-0.476788,-3.85886,-0.132231
5.91,2,0.916379,0.948477,0.1041,-1.17114,-0.0320978
5.91,3,0.000985002,0.000980222,-0.00108731,0.000700187,4.78016e-06
5.91,4,-0.307076,-0.280847,-0.0829156,-0.168372,-0.0262287
5.91,5,0.344977,0.365616,-0.33993,-0.00121625,-0.0206391
5.92,0,1.22335,1.2021,0.275819,0.0228817,0.0212585
5.92,1,-0.101915,0.0305026,-0.476957,-3.86584,-0.132418
5.92,2,0.917203,0.949518,0.104063,-1.17757,-0.0323149
5.92,3,0.000975365,0.000969367,-0.001084,0.000710378,5.99773e-06
5.92,4,-0.307991,-0.281676,-0.0829473,-0.169046,-0.026315
5.92,5,0.341578,0.362216,-0.339928,-0.00121389,-0.0206385
5.93,0,1.22611,1.20485,0.275813,0.0226797,0.021253
5.93,1,-0.106871,0.0257321,-0.477131,-3.87274,-0.132603
5.93,2,0.918027,0.950558,0.104023,-1.18399,-0.0325315
5.93,3,0.000965727,0.000958545,-0.00108067,0.000720222,7.18204e-06
5.93,4,-0.308907,-0.282506,-0.0829821,-0.169716,-0.0264009
5.93,5,0.338179,0.358817,-0.339926,-0.00121163,-0.0206379
5.94,0,1.22886,1.20761,0.275807,0.0224818,0.0212475
5.94,1,-0.111827,0.0209598,-0.477309,-3.87956,-0.132787
5.94,2,0.91885,0.951598,0.103979,-1.19039,-0.0327477
5.94,3,0.00095609,0.000947757,-0.00107736,0.000729746,8.33311e-06
5.94,4,-0.309823,-0.283336,-0.0830197,-0.170382,-0.0264865
5.94,5,0.334781,0.355418,-0.339924,-0.00120945,-0.0206373
5.95,0,1.23161,1.21037,0.2758,0.0222877,0.0212422
5.95,1,-0.116783,0.0161857,-0.477491,-3.88629,-0.132969
5.95,2,0.919674,0.952638,0.103932,-1.19677,-0.0329635
5.95,3,0.000946453,0.000937001,-0.00107411,0.000738979,9.45138e-06
5.95,4,-0.310738,-0.284167,-0.08306,-0.171044,-0.0265717
5.95,5,0.331382,0.352019,-0.339922,-0.00120735,-0.0206368
5.96,0,1.23436,1.21313,0.275792,0.0220971,0.0212368
5.96,1,-0.121739,0.0114098,-0.477677,-3.89294,-0.133149
5.96,2,0.920498,0.953677,0.103882,-1.20313,-0.0331788
5.96,3,0.000936815,0.000926278,-0.00107096,0.000747951,1.05377e-05
5.96,4,-0.311654,-0.284997,-0.0831027,-0.1717,-0.0266565
5.96,5,0.327983,0.348619,-0.339921,-0.00120532,-0.0206363
5.97,0,1.23712,1.21589,0.275785,0.0219095,0.0212316
5.97,1,-0.126695,0.00663199,-0.477866,-3.8995,-0.133327
5.97,2,0.921322,0.954715,0.10383,-1.20947,-0.0333936
5.97,3,0.000927178,0.000915585,-0.00106793,0.000756691,1.15931e-05
5.97,4,-0.312569,-0.285829,-0.0831476,-0.172353,-0.0267408
5.97,5,0.324584,0.34522,-0.339919,-0.00120335,-0.0206358
5.98,0,1.23987,1.21864,0.275778,0.0217246,0.0212264
5.98,1,-0.131651,0.00185228,-0.478058,-3.90597,-0.133504
5.98,2,0.922145,0.955753,0.103776,-1.21579,-0.0336078
5.98,3,0.00091754,0.000904921,-0.00106506,0.000765229,1.26191e-05
5.98,4,-0.313485,-0.28666,-0.0831945,-0.173,-0.0268247
5.98,5,0.321186,0.341821,-0.339917,-0.00120143,-0.0206353
5.99,0,1.24262,1.2214,0.275771,0.021542,0.0212214
5.99,1,-0.136607,-0.00292937,-0.478253,-3.91237,-0.133678
5.99,2,0.922969,0.956791,0.103719,-1.22208,-0.0338215
5.99,3,0.000907903,0.000894286,-0.00106237,0.000773596,1.36174e-05
5.99,4,-0.314401,-0.287493,-0.0832431,-0.173643,-0.0269081
5.99,5,0.317787,0.338422,-0.339916,-0.00119956,-0.0206349
6,0,1.24538,1.22416,0.275764,0.0213611,0.0212163
6,1,-0.141564,-0.00771299,-0.47845,-3.91867,-0.133851
6,2,0.923793,0.957827,0.103661,-1.22836,-0.0340346
6,3,0.000898266,0.000883676,-0.00105987,0.000781819,1.45898e-05
6,4,-0.315316,-0.288325,-0.0832932,-0.174281,-0.026991
6,5,0.314388,0.335023,-0.339914,-0.00119773,-0.0206344
6.01,0,1.24813,1.22692,0.275758,0.0211817,0.0212114
6.01,1,-0.14652,-0.0124986,-0.47865,-3.92489,-0.134021
6.01,2,0.924617,0.958864,0.103602,-1.23462,-0.0342472
6.01,3,0.000888628,0.00087309,-0.00105758,0.000789929,1.55383e-05
6.01,4,-0.316232,-0.289158,-0.0833446,-0.174914,-0.0270733
6.01,5,0.31099,0.331624,-0.339913,-0.00119594,-0.020634
6.02,0,1.25088,1.22967,0.275752,0.0210032,0.0212065
6.02,1,-0.151476,-0.0172862,-0.478852,-3.93102,-0.134189
6.02,2,0.92544,0.959899,0.103541,-1.24085,-0.0344591
6.02,3,0.000878991,0.000862526,-0.0010555,0.00079795,1.64651e-05
6.02,4,-0.317147,-0.289992,-0.083397,-0.175543,-0.0271552
6.02,5,0.307591,0.328225,-0.339912,-0.00119417,-0.0206335
6.03,0,1.25363,1.23243,0.275747,0.0208254,0.0212016
6.03,1,-0.156432,-0.0220758,-0.479055,-3.93707,-0.134356
6.03,2,0.926264,0.960935,0.103479,-1.24707,-0.0346704
6.03,3,0.000869354,0.000851981,-0.00105364,0.00080591,1.73723e-05
6.03,4,-0.318063,-0.290826,-0.0834503,-0.176167,-0.0272366
6.03,5,0.304192,0.324825,-0.339911,-0.00119241,-0.0206331
6.04,0,1.25639,1.23519,0.275742,0.0206477,0.0211968
6.04,1,-0.161388,-0.0268675,-0.47926,-3.94303,-0.13452
6.04,2,0.927088,0.961969,0.103416,-1.25326,-0.0348811
6.04,3,0.000859716,0.000841454,-0.00105202,0.000813832,1.82622e-05
6.04,4,-0.318979,-0.291661,-0.0835041,-0.176787,-0.0273174
6.04,5,0.300794,0.321426,-0.33991,-0.00119068,-0.0206327
6.05,0,1.25914,1.23795,0.275738,0.0204698,0.0211921
6.05,1,-0.166344,-0.0316612,-0.479465,-3.9489,-0.134683
6.05,2,0.927912,0.963003,0.103353,-1.25944,-0.0350911
6.05,3,0.000850079,0.000830942,-0.00105061,0.00082174,1.91371e-05
6.05,4,-0.319894,-0.292497,-0.0835584,-0.177402,-0.0273976
6.05,5,0.297395,0.318027,-0.339909,-0.00118896,-0.0206323
6.06,0,1.26189,1.2407,0.275734,0.0202914,0.0211874
6.06,1,-0.1713,-0.036457,-0.479672,-3.95469,-0.134843
6.06,2,0.928735,0.964036,0.103289,-1.26559,-0.0353005
6.06,3,0.000840441,0.000820442,-0.00104944,0.000829654,1.99992e-05
6.06,4,-0.32081,-0.293333,-0.0836129,-0.178012,-0.0274773
6.06,5,0.293996,0.314628,-0.339908,-0.00118724,-0.0206319
6.07,0,1.26464,1.24346,0.275732,0.0201121,0.0211827
6.07,1,-0.176256,-0.0412549,-0.479879,-3.9604,-0.135001
6.07,2,0.929559,0.965068,0.103225,-1.27173,-0.0355093
6.07,3,0.000830804,0.000809953,-0.00104848,0.000837594,2.08508e-05
6.07,4,-0.321725,-0.294169,-0.0836675,-0.178618,-0.0275565
6.07,5,0.290598,0.311229,-0.339908,-0.00118552,-0.0206316
6.08,0,1.2674,1.24622,0.27573,0.0199317,0.021178
6.08,1,-0.181212,-0.0460548,-0.480086,-3.96602,-0.135157
6.08,2,0.930383,0.9661,0.103161,-1.27785,-0.0357174
6.08,3,0.000821167,0.000799473,-0.00104773,0.000845579,2.16939e-05
6.08,4,-0.322641,-0.295006,-0.083722,-0.17922,-0.0276351
6.08,5,0.287199,0.30783,-0.339907,-0.0011838,-0.0206312
6.09,0,1.27015,1.24898,0.275728,0.0197497,0.0211734
6.09,1,-0.186168,-0.0508568,-0.480294,-3.97156,-0.135311
6.09,2,0.931207,0.967132,0.103098,-1.28394,-0.0359249
6.09,3,0.000811529,0.000788999,-0.00104719,0.000853622,2.25307e-05
6.09,4,-0.323557,-0.295843,-0.0837763,-0.179818,-0.0277132
6.09,5,0.2838,0.304431,-0.339907,-0.00118208,-0.0206308
6.1,0,1.2729,1.25173,0.275728,0.0195661,0.0211687
6.1,1,-0.191124,-0.0556609,-0.480501,-3.97702,-0.135463
6.1,2,0.93203,0.968162,0.103034,-1.29002,-0.0361318
6.1,3,0.000801892,0.000778529,-0.00104685,0.00086174,2.33632e-05
6.1,4,-0.324472,-0.296681,-0.0838302,-0.180411,-0.0277908
6.1,5,0.280401,0.301032,-0.339906,-0.00118035,-0.0206304
6.11,0,1.27565,1.25449,0.275728,0.0193805,0.0211641
6.11,1,-0.19608,-0.060467,-0.480708,-3.98239,-0.135613
6.11,2,0.932854,0.969192,0.102971,-1.29608,-0.036338
6.11,3,0.000792255,0.000768061,-0.00104669,0.000869944,2.41933e-05
6.11,4,-0.325388,-0.29752,-0.0838837,-0.181,-0.0278678
6.11,5,0.277003,0.297633,-0.339906,-0.00117861,-0.0206301
6.12,0,1.27841,1.25725,0.275729,0.0191927,0.0211595
6.12,1,-0.201036,-0.0652752,-0.480915,-3.98769,-0.135761
6.12,2,0.933678,0.970222,0.102908,-1.30213,-0.0365436
6.12,3,0.000782617,0.000757594,-0.0010467,0.000878245,2.50227e-05
6.12,4,-0.326303,-0.298359,-0.0839366,-0.181586,-0.0279443
6.12,5,0.273604,0.294234,-0.339906,-0.00117687,-0.0206297
6.13,0,1.28116,1.26,0.27573,0.0190025,0.0211548
6.13,1,-0.205992,-0.0700855,-0.481121,-3.9929,-0.135907
6.13,2,0.934502,0.97125,0.102846,-1.30815,-0.0367486
6.13,3,0.00077298,0.000747127,-0.00104687,0.000886652,2.58531e-05
6.13,4,-0.327219,-0.299199,-0.0839889,-0.182167,-0.0280202
6.13,5,0.270205,0.290835,-0.339906,-0.00117511,-0.0206294
6.14,0,1.28391,1.26276,0.275732,0.0188099,0.0211502
6.14,1,-0.210948,-0.0748979,-0.481327,-3.99803,-0.13605
6.14,2,0.935326,0.972279,0.102785,-1.31416,-0.036953
6.14,3,0.000763342,0.000736656,-0.00104719,0.000895173,2.6686e-05
6.14,4,-0.328135,-0.300039,-0.0840406,-0.182745,-0.0280956
6.14,5,0.266807,0.287436,-0.339906,-0.00117333,-0.020629
6.15,0,1.28666,1.26552,0.275735,0.0186147,0.0211455
6.15,1,-0.215904,-0.0797123,-0.481532,-4.00308,-0.136192
6.15,2,0.936149,0.973306,0.102724,-1.32015,-0.0371567
6.15,3,0.000753705,0.000726182,-0.00104764,0.000903813,2.75229e-05
6.15,4,-0.32905,-0.30088,-0.0840915,-0.183319,-0.0281705
6.15,5,0.263408,0.284037,-0.339906,-0.00117155,-0.0206286
6.16,0,1.28942,1.26828,0.275738,0.0184167,0.0211408
6.16,1,-0.22086,-0.0845287,-0.481736,-4.00805,-0.136332
6.16,2,0.936973,0.974333,0.102664,-1.32612,-0.0373599
6.16,3,0.000744068,0.000715703,-0.00104821,0.000912576,2.8365e-05
6.16,4,-0.329966,-0.301721,-0.0841418,-0.183889,-0.028245
6.16,5,0.260009,0.280638,-0.339906,-0.00116975,-0.0206283
6.17,0,1.29217,1.27103,0.275741,0.0182159,0.021136
6.17,1,-0.225816,-0.0893472,-0.48194,-4.01294,-0.136469
6.17,2,0.937797,0.975359,0.102604,-1.33208,-0.0375624
6.17,3,0.00073443,0.000705217,-0.00104889,0.000921466,2.92133e-05
6.17,4,-0.330881,-0.302563,-0.0841912,-0.184455,-0.0283189
6.17,5,0.256611,0.277238,-0.339906,-0.00116793,-0.0206279
6.18,0,1.29492,1.27379,0.275745,0.0180123,0.0211312
6.18,1,-0.230772,-0.0941677,-0.482142,-4.01776,-0.136605
6.18,2,0.938621,0.976385,0.102546,-1.33802,-0.0377644
6.18,3,0.000724793,0.000694724,-0.00104966,0.000930485,3.0069e-05
6.18,4,-0.331797,-0.303405,-0.08424,-0.185018,-0.0283923
6.18,5,0.253212,0.273839,-0.339906,-0.00116611,-0.0206276
6.19,0,1.29768,1.27655,0.27575,0.0178058,0.0211264
6.19,1,-0.235728,-0.0989902,-0.482344,-4.02249,-0.136738
6.19,2,0.939444,0.97741,0.102488,-1.34395,-0.0379658
6.19,3,0.000715155,0.000684223,-0.00105051,0.000939634,3.09328e-05
6.19,4,-0.332713,-0.304247,-0.084288,-0.185578,-0.0284652
6.19,5,0.249813,0.27044,-0.339906,-0.00116427,-0.0206272
6.2,0,1.30043,1.27931,0.275755,0.0175964,0.0211215
6.2,1,-0.240684,-0.103815,-0.482545,-4.02715,-0.13687
6.2,2,0.940268,0.978435,0.10243,-1.34986,-0.0381666
6.2,3,0.000705518,0.000673713,-0.00105143,0.000948911,3.18055e-05
6.2,4,-0.333628,-0.305091,-0.0843353,-0.186134,-0.0285377
6.2,5,0.246414,0.267041,-0.339906,-0.00116242,-0.0206268
6.21,0,1.30318,1.28206,0.27576,0.0173842,0.0211166
6.21,1,-0.24564,-0.108641,-0.482746,-4.03173,-0.136999
6.21,2,0.941092,0.979459,0.102373,-1.35575,-0.0383668
6.21,3,0.000695881,0.000663193,-0.0010524,0.000958316,3.26877e-05
6.21,4,-0.334544,-0.305934,-0.0843819,-0.186687,-0.0286097
6.21,5,0.243016,0.263642,-0.339906,-0.00116055,-0.0206265
6.22,0,1.30593,1.28482,0.275765,0.017169,0.0211116
6.22,1,-0.250596,-0.11347,-0.482945,-4.03623,-0.137127
6.22,2,0.941916,0.980482,0.102317,-1.36163,-0.0385665
6.22,3,0.000686243,0.000652663,-0.00105341,0.000967845,3.35799e-05
6.22,4,-0.33546,-0.306778,-0.0844279,-0.187236,-0.0286812
6.22,5,0.239617,0.260243,-0.339906,-0.00115868,-0.0206261
6.23,0,1.30869,1.28758,0.27577,0.0169511,0.0211066
6.23,1,-0.255553,-0.1183,-0.483144,-4.04065,-0.137252
6.23,2,0.942739,0.981505,0.102261,-1.36749,-0.0387656
6.23,3,0.000676606,0.000642124,-0.00105446,0.000977498,3.44823e-05
6.23,4,-0.336375,-0.307623,-0.0844733,-0.187782,-0.0287523
6.23,5,0.236218,0.256844,-0.339907,-0.00115679,-0.0206258
6.24,0,1.31144,1.29034,0.275776,0.0167304,0.0211015
6.24,1,-0.260509,-0.123133,-0.483343,-4.045,-0.137376
6.24,2,0.943563,0.982527,0.102206,-1.37334,-0.0389641
6.24,3,0.000666969,0.000631573,-0.00105552,0.000987269,3.53954e-05
6.24,4,-0.337291,-0.308468,-0.0845181,-0.188324,-0.0288229
6.24,5,0.23282,0.253445,-0.339907,-0.0011549,-0.0206254
6.25,0,1.31419,1.29309,0.275782,0.016507,0.0210963
6.25,1,-0.265465,-0.127968,-0.48354,-4.04926,-0.137497
6.25,2,0.944387,0.983549,0.102151,-1.37917,-0.0391621
6.25,3,0.000657331,0.000621012,-0.0010566,0.000997154,3.63192e-05
6.25,4,-0.338206,-0.309313,-0.0845625,-0.188863,-0.0288931
6.25,5,0.229421,0.250046,-0.339907,-0.001153,-0.020625
6.26,0,1.31694,1.29585,0.275788,0.016281,0.0210911
6.26,1,-0.270421,-0.132804,-0.483738,-4.05345,-0.137617
6.26,2,0.945211,0.98457,0.102097,-1.38498,-0.0393596
6.26,3,0.000647694,0.00061044,-0.00105769,0.00100715,3.72538e-05
6.26,4,-0.339122,-0.310159,-0.0846065,-0.189399,-0.0289628
6.26,5,0.226022,0.246647,-0.339907,-0.00115109,-0.0206246
6.27,0,1.3197,1.29861,0.275794,0.0160524,0.0210858
6.27,1,-0.275377,-0.137642,-0.483934,-4.05757,-0.137734
6.27,2,0.946034,0.985591,0.102042,-1.39078,-0.0395565
6.27,3,0.000638056,0.000599857,-0.00105876,0.00101725,3.81992e-05
6.27,4,-0.340038,-0.311005,-0.0846501,-0.189932,-0.0290321
6.27,5,0.222624,0.243248,-0.339907,-0.00114918,-0.0206243
6.28,0,1.32245,1.30137,0.2758,0.0158215,0.0210805
6.28,1,-0.280333,-0.142483,-0.484131,-4.0616,-0.13785
6.28,2,0.946858,0.986611,0.101988,-1.39656,-0.0397528
6.28,3,0.000628419,0.000589264,-0.00105983,0.00102745,3.91553e-05
6.28,4,-0.340953,-0.311852,-0.0846934,-0.190461,-0.029101
6.28,5,0.219225,0.239849,-0.339907,-0.00114727,-0.0206239
6.29,0,1.3252,1.30413,0.275806,0.0155882,0.0210751
6.29,1,-0.285289,-0.147325,-0.484327,-4.06556,-0.137964
6.29,2,0.947682,0.987631,0.101934,-1.40233,-0.0399486
6.29,3,0.000618782,0.00057866,-0.00106087,0.00103774,4.0122e-05
6.29,4,-0.341869,-0.312699,-0.0847366,-0.190987,-0.0291694
6.29,5,0.215826,0.23645,-0.339907,-0.00114535,-0.0206235
6.3,0,1.32795,1.30688,0.275812,0.0153527,0.0210697
6.3,1,-0.290245,-0.15217,-0.484523,-4.06944,-0.138075
6.3,2,0.948506,0.98865,0.10188,-1.40808,-0.0401439
6.3,3,0.000609144,0.000568045,-0.00106189,0.00104813,4.10989e-05
6.3,4,-0.342784,-0.313547,-0.0847796,-0.19151,-0.0292374
6.3,5,0.212427,0.233051,-0.339908,-0.00114343,-0.0206231
6.31,0,1.33071,1.30964,0.275818,0.0151151,0.0210642
6.31,1,-0.295201,-0.157016,-0.484719,-4.07324,-0.138185
6.31,2,0.949329,0.989668,0.101825,-1.41381,-0.0403387
6.31,3,0.000599507,0.000557421,-0.00106288,0.00105859,4.2086e-05
6.31,4,-0.3437,-0.314395,-0.0848225,-0.192029,-0.029305
6.31,5,0.209029,0.229652,-0.339908,-0.00114151,-0.0206228
6.32,0,1.33346,1.3124,0.275823,0.0148755,0.0210586
6.32,1,-0.300157,-0.161864,-0.484915,-4.07697,-0.138293
6.32,2,0.950153,0.990686,0.101771,-1.41953,-0.0405328
6.32,3,0.00058987,0.000546787,-0.00106384,0.00106913,4.30827e-05
6.32,4,-0.344616,-0.315243,-0.0848654,-0.192544,-0.0293721
6.32,5,0.20563,0.226252,-0.339908,-0.0011396,-0.0206224
6.33,0,1.33621,1.31516,0.275829,0.014634,0.021053
6.33,1,-0.305113,-0.166714,-0.485111,-4.08061,-0.138399
6.33,2,0.950977,0.991703,0.101717,-1.42523,-0.0407265
6.33,3,0.000580232,0.000536143,-0.00106476,0.00107975,4.40888e-05
6.33,4,-0.345531,-0.316092,-0.0849083,-0.193057,-0.0294389
6.33,5,0.202231,0.222853,-0.339908,-0.00113769,-0.020622
6.34,0,1.33897,1.31792,0.275834,0.0143907,0.0210473
6.34,1,-0.310069,-0.171567,-0.485307,-4.08418,-0.138502
6.34,2,0.951801,0.99272,0.101662,-1.43091,-0.0409196
6.34,3,0.000570595,0.000525491,-0.00106564,0.00109042,4.51039e-05
6.34,4,-0.346447,-0.316942,-0.0849514,-0.193565,-0.0295051
6.34,5,0.198833,0.219454,-0.339908,-0.00113578,-0.0206216
6.35,0,1.34172,1.32068,0.27584,0.0141458,0.0210416
6.35,1,-0.315025,-0.176421,-0.485503,-4.08766,-0.138604
6.35,2,0.952625,0.993737,0.101607,-1.43658,-0.0411122
6.35,3,0.000560957,0.00051483,-0.00106648,0.00110116,4.61276e-05
6.35,4,-0.347362,-0.317791,-0.0849946,-0.194071,-0.029571
6.35,5,0.195434,0.216055,-0.339908,-0.00113387,-0.0206212
6.36,0,1.34447,1.32343,0.275845,0.0138993,0.0210358
6.36,1,-0.319981,-0.181277,-0.4857,-4.09107,-0.138704
6.36,2,0.953448,0.994752,0.101551,-1.44223,-0.0413042
6.36,3,0.00055132,0.000504161,-0.00106727,0.00111196,4.71595e-05
6.36,4,-0.348278,-0.318642,-0.085038,-0.194572,-0.0296364
6.36,5,0.192035,0.212656,-0.339908,-0.00113198,-0.0206209
6.37,0,1.34722,1.32619,0.27585,0.0136514,0.02103
6.37,1,-0.324937,-0.186135,-0.485897,-4.0944,-0.138802
6.37,2,0.954272,0.995768,0.101495,-1.44786,-0.0414956
6.37,3,0.000541683,0.000493484,-0.00106803,0.00112281,4.8199e-05
6.37,4,-0.349194,-0.319492,-0.0850818,-0.19507,-0.0297014
6.37,5,0.188637,0.209257,-0.339908,-0.00113009,-0.0206205
6.38,0,1.34998,1.32895,0.275854,0.0134021,0.0210241
6.38,1,-0.329893,-0.190995,-0.486094,-4.09765,-0.138898
6.38,2,0.955096,0.996782,0.101439,-1.45347,-0.0416865
6.38,3,0.000532045,0.000482799,-0.00106873,0.0011337,4.92458e-05
6.38,4,-0.350109,-0.320343,-0.0851258,-0.195565,-0.0297659
6.38,5,0.185238,0.205858,-0.339908,-0.00112821,-0.0206201
6.39,0,1.35273,1.33171,0.275859,0.0131516,0.0210182
6.39,1,-0.334849,-0.195857,-0.486292,-4.10081,-0.138992
6.39,2,0.95592,0.997796,0.101382,-1.45907,-0.0418768
6.39,3,0.000522408,0.000472108,-0.00106939,0.00114463,5.02994e-05
6.39,4,-0.351025,-0.321195,-0.0851702,-0.196055,-0.02983
6.39,5,0.181839,0.202459,-0.339908,-0.00112633,-0.0206197
6.4,0,1.35548,1.33447,0.275863,0.0128999,0.0210122
6.4,1,-0.339805,-0.200721,-0.48649,-4.1039,-0.139084
6.4,2,0.956743,0.99881,0.101324,-1.46464,-0.0420665
6.4,3,0.000512771,0.000461411,-0.00107001,0.0011556,5.13594e-05
6.4,4,-0.35194,-0.322047,-0.085215,-0.196542,-0.0298937
6.4,5,0.17844,0.19906,-0.339908,-0.00112447,-0.0206193
6.41,0,1.35823,1.33723,0.275867,0.0126471,0.0210062
6.41,1,-0.344761,-0.205587,-0.486689,-4.1069,-0.139174
6.41,2,0.957567,0.999823,0.101266,-1.4702,-0.0422557
6.41,3,0.000503133,0.000450708,-0.00107059,0.00116661,5.24254e-05
6.41,4,-0.352856,-0.322899,-0.0852601,-0.197025,-0.0299569
6.41,5,0.175042,0.195661,-0.339907,-0.00112261,-0.020619
6.42,0,1.36099,1.33999,0.275871,0.0123934,0.0210002
6.42,1,-0.349717,-0.210455,-0.486889,-4.10983,-0.139262
6.42,2,0.958391,1.00084,0.101207,-1.47574,-0.0424443
6.42,3,0.000493496,0.000439999,-0.00107112,0.00117764,5.34969e-05
6.42,4,-0.353772,-0.323752,-0.0853058,-0.197504,-0.0300196
6.42,5,0.171643,0.192262,-0.339907,-0.00112077,-0.0206186
6.43,0,1.36374,1.34274,0.275875,0.0121387,0.0209941
6.43,1,-0.354673,-0.215325,-0.487089,-4.11267,-0.139348
6.43,2,0.959215,1.00185,0.101147,-1.48126,-0.0426322
6.43,3,0.000483858,0.000429285,-0.00107162,0.00118871,5.45735e-05
6.43,4,-0.354687,-0.324605,-0.0853519,-0.19798,-0.0300819
6.43,5,0.168244,0.188863,-0.339907,-0.00111894,-0.0206182
6.44,0,1.36649,1.3455,0.275879,0.0118832,0.020988
6.44,1,-0.359629,-0.220197,-0.48729,-4.11543,-0.139432
6.44,2,0.960038,1.00286,0.101087,-1.48676,-0.0428196
6.44,3,0.000474221,0.000418566,-0.00107208,0.0011998,5.56548e-05
6.44,4,-0.355603,-0.325459,-0.0853985,-0.198451,-0.0301438
6.44,5,0.164846,0.185464,-0.339907,-0.00111712,-0.0206178
6.45,0,1.36924,1.34826,0.275882,0.0116269,0.0209818
6.45,1,-0.364585,-0.225071,-0.487492,-4.1181,-0.139514
6.45,2,0.960862,1.00387,0.101026,-1.49224,-0.0430064
6.45,3,0.000464584,0.000407843,-0.0010725,0.00121091,5.67406e-05
6.45,4,-0.356518,-0.326313,-0.0854456,-0.198918,-0.0302051
6.45,5,0.161447,0.182064,-0.339907,-0.00111531,-0.0206175
6.46,0,1.372,1.35102,0.275885,0.0113699,0.0209756
6.46,1,-0.369542,-0.229947,-0.487694,-4.1207,-0.139594
6.46,2,0.961686,1.00488,0.100964,-1.49771,-0.0431925
6.46,3,0.000454946,0.000397116,-0.00107289,0.00122204,5.78304e-05
6.46,4,-0.357434,-0.327168,-0.0854932,-0.199381,-0.030266
6.46,5,0.158048,0.178665,-0.339907,-0.00111352,-0.0206171
6.47,0,1.37475,1.35378,0.275888,0.0111122,0.0209694
6.47,1,-0.374498,-0.234825,-0.487897,-4.12321,-0.139672
6.47,2,0.96251,1.00589,0.100902,-1.50315,-0.0433781
6.47,3,0.000445309,0.000386385,-0.00107325,0.00123319,5.89239e-05
6.47,4,-0.35835,-0.328023,-0.0855413,-0.199841,-0.0303264
6.47,5,0.15465,0.175266,-0.339906,-0.00111173,-0.0206167
6.48,0,1.3775,1.35654,0.275891,0.0108538,0.0209632
6.48,1,-0.379454,-0.239705,-0.488101,-4.12564,-0.139748
6.48,2,0.963333,1.0069,0.100839,-1.50857,-0.043563
6.48,3,0.000435671,0.000375651,-0.00107358,0.00124436,6.00209e-05
6.48,4,-0.359265,-0.328879,-0.0855899,-0.200296,-0.0303863
6.48,5,0.151251,0.171867,-0.339906,-0.00110996,-0.0206164
6.49,0,1.38025,1.3593,0.275893,0.0105949,0.0209569
6.49,1,-0.38441,-0.244587,-0.488305,-4.12798,-0.139822
6.49,2,0.964157,1.0079,0.100775,-1.51397,-0.0437473
6.49,3,0.000426034,0.000364913,-0.00107389,0.00125554,6.1121e-05
6.49,4,-0.360181,-0.329735,-0.085639,-0.200747,-0.0304458
6.49,5,0.147852,0.168468,-0.339906,-0.00110821,-0.020616
6.5,0,1.38301,1.36206,0.275896,0.0103354,0.0209506
6.5,1,-0.389366,-0.249471,-0.48851,-4.13024,-0.139894
6.5,2,0.964981,1.00891,0.100711,-1.51935,-0.0439309
6.5,3,0.000416397,0.000354173,-0.00107417,0.00126674,6.22241e-05
6.5,4,-0.361096,-0.330592,-0.0856886,-0.201193,-0.0305047
6.5,5,0.144454,0.165069,-0.339906,-0.00110646,-0.0206156
6.51,0,1.38576,1.36482,0.275898,0.0100753,0.0209442
6.51,1,-0.394322,-0.254358,-0.488716,-4.13241,-0.139964
6.51,2,0.965805,1.00992,0.100646,-1.52471,-0.0441139
6.51,3,0.000406759,0.000343429,-0.00107444,0.00127796,6.33299e-05
6.51,4,-0.362012,-0.331449,-0.0857387,-0.201636,-0.0305632
6.51,5,0.141055,0.16167,-0.339906,-0.00110473,-0.0206153
6.52,0,1.38851,1.36757,0.2759,0.00981476,0.0209379
6.52,1,-0.399278,-0.259246,-0.488922,-4.1345,-0.140032
6.52,2,0.966628,1.01092,0.10058,-1.53005,-0.0442962
6.52,3,0.000397122,0.000332684,-0.00107468,0.00128919,6.44383e-05
6.52,4,-0.362928,-0.332307,-0.0857893,-0.202074,-0.0306211
6.52,5,0.137656,0.158271,-0.339905,-0.00110302,-0.0206149
6.53,0,1.39127,1.37033,0.275902,0.00955368,0.0209315
6.53,1,-0.404234,-0.264136,-0.48913,-4.13651,-0.140097
6.53,2,0.967452,1.01193,0.100513,-1.53536,-0.0444779
6.53,3,0.000387485,0.000321936,-0.00107492,0.00130044,6.55491e-05
6.53,4,-0.363843,-0.333165,-0.0858403,-0.202508,-0.0306785
6.53,5,0.134257,0.154872,-0.339905,-0.00110131,-0.0206146
6.54,0,1.39402,1.37309,0.275904,0.00929211,0.0209251
6.54,1,-0.40919,-0.269029,-0.489337,-4.13843,-0.140161
6.54,2,0.968276,1.01293,0.100446,-1.54066,-0.0446589
6.54,3,0.000377847,0.000311185,-0.00107514,0.0013117,6.66621e-05
6.54,4,-0.364759,-0.334023,-0.0858918,-0.202938,-0.0307354
6.54,5,0.130859,0.151473,-0.339905,-0.00109962,-0.0206142
6.55,0,1.39677,1.37585,0.275906,0.00903006,0.0209187
6.55,1,-0.414146,-0.273923,-0.489546,-4.14027,-0.140223
6.55,2,0.9691,1.01394,0.100378,-1.54593,-0.0448392
6.55,3,0.00036821,0.000300433,-0.00107535,0.00132298,6.77773e-05
6.55,4,-0.365674,-0.334883,-0.0859437,-0.203363,-0.0307918
6.55,5,0.12746,0.148074,-0.339905,-0.00109794,-0.0206139
6.56,0,1.39952,1.37861,0.275908,0.00876753,0.0209123
6.56,1,-0.419102,-0.27882,-0.489755,-4.14202,-0.140282
6.56,2,0.969924,1.01494,0.10031,-1.55119,-0.0450189
6.56,3,0.000358572,0.000289678,-0.00107555,0.00133428,6.88945e-05
6.56,4,-0.36659,-0.335742,-0.0859961,-0.203784,-0.0308477
6.56,5,0.124061,0.144675,-0.339904,-0.00109628,-0.0206135
6.57,0,1.40228,1.38137,0.27591,0.00850452,0.0209059
6.57,1,-0.424058,-0.283719,-0.489964,-4.14368,-0.140339
6.57,2,0.970747,1.01595,0.100241,-1.55642,-0.0451978
6.57,3,0.000348935,0.000278921,-0.00107575,0.00134559,7.00138e-05
6.57,4,-0.367506,-0.336603,-0.0860488,-0.2042,-0.0309031
6.57,5,0.120663,0.141276,-0.339904,-0.00109462,-0.0206132
6.58,0,1.40503,1.38413,0.275912,0.00824104,0.0208994
6.58,1,-0.429014,-0.288619,-0.490175,-4.14526,-0.140395
6.58,2,0.971571,1.01695,0.100171,-1.56162,-0.0453761
6.58,3,0.000339298,0.000268163,-0.00107595,0.00135692,7.1135e-05
6.58,4,-0.368421,-0.337463,-0.0861019,-0.204612,-0.0309579
6.58,5,0.117264,0.137877,-0.339904,-0.00109298,-0.0206128
6.59,0,1.40778,1.38689,0.275913,0.00797708,0.0208929
6.59,1,-0.43397,-0.293522,-0.490385,-4.14675,-0.140448
6.59,2,0.972395,1.01795,0.100101,-1.56681,-0.0455537
6.59,3,0.00032966,0.000257402,-0.00107615,0.00136827,7.22582e-05
6.59,4,-0.369337,-0.338325,-0.0861554,-0.20502,-0.0310122
6.59,5,0.113865,0.134478,-0.339904,-0.00109136,-0.0206125
6.6,0,1.41053,1.38965,0.275915,0.00771263,0.0208864
6.6,1,-0.438926,-0.298427,-0.490597,-4.14816,-0.140499
6.6,2,0.973219,1.01895,0.10003,-1.57198,-0.0457305
6.6,3,0.000320023,0.00024664,-0.00107634,0.00137964,7.33834e-05
6.6,4,-0.370252,-0.339186,-0.0862092,-0.205423,-0.0310659
6.6,5,0.110467,0.131079,-0.339903,-0.00108974,-0.0206122
6.61,0,1.41329,1.39241,0.275916,0.00744769,0.0208799
6.61,1,-0.443882,-0.303334,-0.490808,-4.14948,-0.140548
6.61,2,0.974042,1.01995,0.0999589,-1.57712,-0.0459067
6.61,3,0.000310386,0.000235875,-0.00107654,0.00139103,7.45105e-05
6.61,4,-0.371168,-0.340049,-0.0862634,-0.205822,-0.0311192
6.61,5,0.107068,0.12768,-0.339903,-0.00108814,-0.0206118
6.62,0,1.41604,1.39517,0.275918,0.00718225,0.0208734
6.62,1,-0.448838,-0.308244,-0.49102,-4.15072,-0.140595
6.62,2,0.974866,1.02095,0.0998871,-1.58224,-0.0460821
6.62,3,0.000300748,0.000225109,-0.00107674,0.00140244,7.56396e-05
6.62,4,-0.372084,-0.340912,-0.0863178,-0.206216,-0.0311718
6.62,5,0.103669,0.124281,-0.339903,-0.00108655,-0.0206115
6.63,0,1.41879,1.39792,0.275919,0.0069163,0.0208668
6.63,1,-0.453794,-0.313155,-0.491233,-4.15187,-0.140639
6.63,2,0.97569,1.02195,0.0998149,-1.58733,-0.0462568
6.63,3,0.000291111,0.00021434,-0.00107695,0.00141388,7.67708e-05
6.63,4,-0.372999,-0.341775,-0.0863725,-0.206605,-0.031224
6.63,5,0.10027,0.120882,-0.339903,-0.00108497,-0.0206112
6.64,0,1.42154,1.40068,0.275921,0.00664983,0.0208603
6.64,1,-0.45875,-0.318069,-0.491446,-4.15293,-0.140682
6.64,2,0.976514,1.02294,0.0997422,-1.59241,-0.0464308
6.64,3,0.000281473,0.000203569,-0.00107716,0.00142534,7.79041e-05
6.64,4,-0.373915,-0.342639,-0.0864275,-0.20699,-0.0312755
6.64,5,0.0968717,0.117483,-0.339902,-0.00108341,-0.0206108
6.65,0,1.4243,1.40344,0.275922,0.00638283,0.0208537
6.65,1,-0.463706,-0.322984,-0.491659,-4.15391,-0.140722
6.65,2,0.977337,1.02394,0.099669,-1.59746,-0.0466041
6.65,3,0.000271836,0.000192797,-0.00107738,0.00143682,7.90395e-05
6.65,4,-0.37483,-0.343504,-0.0864828,-0.207371,-0.0313266
6.65,5,0.0934731,0.114084,-0.339902,-0.00108185,-0.0206105
6.66,0,1.42705,1.4062,0.275923,0.0061153,0.0208471
6.66,1,-0.468662,-0.327902,-0.491873,-4.1548,-0.14076
6.66,2,0.978161,1.02494,0.0995955,-1.60249,-0.0467766
6.66,3,0.000262199,0.000182021,-0.00107761,0.00144834,8.01772e-05
6.66,4,-0.375746,-0.344369,-0.0865382,-0.207747,-0.031377
6.66,5,0.0900744,0.110685,-0.339902,-0.00108031,-0.0206102
6.67,0,1.4298,1.40896,0.275925,0.00584721,0.0208405
6.67,1,-0.473618,-0.332822,-0.492087,-4.1556,-0.140797
6.67,2,0.978985,1.02593,0.0995215,-1.60749,-0.0469484
6.67,3,0.000252561,0.000171244,-0.00107784,0.00145988,8.13172e-05
6.67,4,-0.376662,-0.345235,-0.0865939,-0.208119,-0.0314269
6.67,5,0.0866757,0.107286,-0.339902,-0.00107878,-0.0206099
6.68,0,1.43256,1.41172,0.275926,0.00557858,0.0208339
6.68,1,-0.478575,-0.337744,-0.492301,-4.15632,-0.140831
6.68,2,0.979809,1.02693,0.0994471,-1.61248,-0.0471194
6.68,3,0.000242924,0.000160464,-0.00107809,0.00147145,8.24596e-05
6.68,4,-0.377577,-0.346101,-0.0866498,-0.208485,-0.0314763
6.68,5,0.083277,0.103887,-0.339901,-0.00107726,-0.0206095
6.69,0,1.43531,1.41448,0.275928,0.00530938,0.0208273
6.69,1,-0.483531,-0.342668,-0.492516,-4.15695,-0.140862
6.69,2,0.980632,1.02792,0.0993723,-1.61744,-0.0472897
6.69,3,0.000233287,0.000149682,-0.00107834,0.00148305,8.36045e-05
6.69,4,-0.378493,-0.346968,-0.0867059,-0.208848,-0.0315251
6.69,5,0.0798783,0.100487,-0.339901,-0.00107575,-0.0206092
6.7,0,1.43806,1.41724,0.275929,0.00503961,0.0208207
6.7,1,-0.488487,-0.347595,-0.492731,-4.15749,-0.140892
6.7,2,0.981456,1.02892,0.0992971,-1.62237,-0.0474593
6.7,3,0.000223649,0.000138897,-0.00107861,0.00149468,8.4752e-05
6.7,4,-0.379408,-0.347835,-0.0867622,-0.209205,-0.0315733
6.7,5,0.0764796,0.0970885,-0.339901,-0.00107426,-0.0206089
6.71,0,1.44081,1.42,0.27593,0.00476926,0.020814
6.71,1,-0.493443,-0.352523,-0.492946,-4.15795,-0.14092
6.71,2,0.98228,1.02991,0.0992216,-1.62728,-0.0476281
6.71,3,0.000214012,0.00012811,-0.00107888,0.00150635,8.59021e-05
6.71,4,-0.380324,-0.348703,-0.0868187,-0.209559,-0.031621
6.71,5,0.0730809,0.0936895,-0.339901,-0.00107277,-0.0206086
6.72,0,1.44357,1.42276,0.275932,0.00449834,0.0208074
6.72,1,-0.498399,-0.357454,-0.493161,-4.15832,-0.140945
6.72,2,0.983104,1.0309,0.0991457,-1.63217,-0.0477961
6.72,3,0.000204374,0.000117319,-0.00107916,0.00151805,8.70551e-05
6.72,4,-0.38124,-0.349572,-0.0868753,-0.209907,-0.0316681
6.72,5,0.0696822,0.0902905,-0.339901,-0.0010713,-0.0206083
6.73,0,1.44632,1.42552,0.275933,0.00422684,0.0208007
6.73,1,-0.503355,-0.362386,-0.493377,-4.1586,-0.140968
6.73,2,0.983927,1.03189,0.0990694,-1.63704,-0.0479634
6.73,3,0.000194737,0.000106526,-0.00107945,0.00152978,8.82109e-05
6.73,4,-0.382155,-0.350441,-0.0869321,-0.210251,-0.0317146
6.73,5,0.0662835,0.0868915,-0.3399,-0.00106983,-0.020608
6.74,0,1.44907,1.42828,0.275935,0.00395475,0.020794
6.74,1,-0.508311,-0.367321,-0.493592,-4.1588,-0.140989
6.74,2,0.984751,1.03288,0.0989928,-1.64188,-0.0481299
6.74,3,0.0001851,9.573e-05,-0.00107975,0.00154154,8.93696e-05
6.74,4,-0.383071,-0.35131,-0.0869891,-0.21059,-0.0317606
6.74,5,0.0628848,0.0834925,-0.3399,-0.00106838,-0.0206077
6.75,0,1.45182,1.43104,0.275936,0.00368209,0.0207873
6.75,1,-0.513267,-0.372258,-0.493808,-4.15891,-0.141008
6.75,2,0.985575,1.03387,0.0989158,-1.6467,-0.0482956
6.75,3,0.000175462,8.49309e-05,-0.00108005,0.00155335,9.05314e-05
6.75,4,-0.383986,-0.35218,-0.0870462,-0.210925,-0.031806
6.75,5,0.0594861,0.0800935,-0.3399,-0.00106694,-0.0206074
6.76,0,1.45458,1.4338,0.275938,0.00340885,0.0207805
6.76,1,-0.518223,-0.377198,-0.494025,-4.15893,-0.141025
6.76,2,0.986399,1.03486,0.0988385,-1.65149,-0.0484606
6.76,3,0.000165825,7.41286e-05,-0.00108037,0.00156518,9.16963e-05
6.76,4,-0.384902,-0.353051,-0.0871034,-0.211255,-0.0318508
6.76,5,0.0560874,0.0766945,-0.3399,-0.00106551,-0.0206071
6.77,0,1.45733,1.43656,0.275939,0.00313504,0.0207738
6.77,1,-0.523179,-0.382139,-0.494241,-4.15887,-0.14104
6.77,2,0.987223,1.03585,0.0987608,-1.65627,-0.0486248
6.77,3,0.000156187,6.33231e-05,-0.00108069,0.00157706,9.28644e-05
6.77,4,-0.385818,-0.353923,-0.0871608,-0.21158,-0.0318951
6.77,5,0.0526887,0.0732955,-0.339899,-0.00106409,-0.0206068
6.78,0,1.46008,1.43931,0.27594,0.00286066,0.020767
6.78,1,-0.528135,-0.387083,-0.494457,-4.15871,-0.141052
6.78,2,0.988046,1.03683,0.0986828,-1.66101,-0.0487882
6.78,3,0.00014655,5.25144e-05,-0.00108102,0.00158897,9.40357e-05
6.78,4,-0.386733,-0.354795,-0.0872184,-0.211901,-0.0319388
6.78,5,0.04929,0.0698965,-0.339899,-0.00106268,-0.0206065
6.79,0,1.46283,1.44207,0.275942,0.00258572,0.0207603
6.79,1,-0.533091,-0.392029,-0.494674,-4.15848,-0.141062
6.79,2,0.98887,1.03782,0.0986044,-1.66573,-0.0489508
6.79,3,0.000136913,4.17023e-05,-0.00108136,0.00160092,9.52104e-05
6.79,4,-0.387649,-0.355667,-0.0872761,-0.212217,-0.0319819
6.79,5,0.0458913,0.0664975,-0.339899,-0.00106129,-0.0206062
6.8,0,1.46559,1.44483,0.275943,0.00231024,0.0207535
6.8,1,-0.538047,-0.396976,-0.494891,-4.15815,-0.141071
6.8,2,0.989694,1.03881,0.0985257,-1.67043,-0.0491127
6.8,3,0.000127275,3.08869e-05,-0.0010817,0.0016129,9.63885e-05
6.8,4,-0.388564,-0.35654,-0.0873339,-0.212528,-0.0320244
6.8,5,0.0424926,0.0630985,-0.339899,-0.0010599,-0.0206059
6.81,0,1.46834,1.44759,0.275945,0.00203422,0.0207467
6.81,1,-0.543003,-0.401927,-0.495108,-4.15774,-0.141076
6.81,2,0.990518,1.03979,0.0984466,-1.67511,-0.0492738
6.81,3,0.000117638,2.0068e-05,-0.00108205,0.00162493,9.757e-05
6.81,4,-0.38948,-0.357414,-0.0873919,-0.212835,-0.0320663
6.81,5,0.0390939,0.0596995,-0.339899,-0.00105853,-0.0206056
6.82,0,1.47109,1.45035,0.275946,0.00175767,0.0207399
6.82,1,-0.547959,-0.406879,-0.495325,-4.15724,-0.14108
6.82,2,0.991341,1.04078,0.0983671,-1.67975,-0.049434
6.82,3,0.000108001,9.24559e-06,-0.0010824,0.00163699,9.8755e-05
6.82,4,-0.390396,-0.358288,-0.0874501,-0.213137,-0.0321077
6.82,5,0.0356952,0.0563005,-0.339898,-0.00105717,-0.0206053
6.83,0,1.47384,1.45311,0.275947,0.00148062,0.0207331
6.83,1,-0.552915,-0.411833,-0.495542,-4.15665,-0.141082
6.83,2,0.992165,1.04176,0.0982873,-1.68438,-0.0495935
6.83,3,9.83632e-05,-1.58034e-06,-0.00108275,0.00164909,9.99435e-05
6.83,4,-0.391311,-0.359163,-0.0875084,-0.213434,-0.0321485
6.83,5,0.0322965,0.0529015,-0.339898,-0.00105581,-0.020605
6.84,0,1.4766,1.45587,0.275949,0.00120308,0.0207262
6.84,1,-0.557871,-0.41679,-0.49576,-4.15597,-0.141081
6.84,2,0.992989,1.04274,0.0982071,-1.68898,-0.0497522
6.84,3,8.87258e-05,-1.24098e-05,-0.00108311,0.00166122,0.000101136
6.84,4,-0.392227,-0.360038,-0.0875669,-0.213726,-0.0321887
6.84,5,0.0288978,0.0495026,-0.339898,-0.00105448,-0.0206048
6.85,0,1.47935,1.45863,0.27595,0.000925062,0.0207194
6.85,1,-0.562827,-0.421749,-0.495977,-4.15521,-0.141079
6.85,2,0.993813,1.04372,0.0981266,-1.69355,-0.04991
6.85,3,7.90885e-05,-2.32429e-05,-0.00108347,0.0016734,0.000102331
6.85,4,-0.393143,-0.360914,-0.0876255,-0.214014,-0.0322283
6.85,5,0.0254991,0.0461036,-0.339898,-0.00105315,-0.0206045
6.86,0,1.4821,1.46139,0.275951,0.00064659,0.0207125
6.86,1,-0.567783,-0.42671,-0.496195,-4.15436,-0.141074
6.86,2,0.994636,1.0447,0.0980456,-1.6981,-0.0500671
6.86,3,6.94511e-05,-3.40796e-05,-0.00108383,0.00168561,0.000103531
6.86,4,-0.394058,-0.361791,-0.0876843,-0.214296,-0.0322673
6.86,5,0.0221004,0.0427046,-0.339897,-0.00105183,-0.0206042
6.87,0,1.48486,1.46415,0.275953,0.000367683,0.0207056
6.87,1,-0.572739,-0.431673,-0.496413,-4.15342,-0.141066
6.87,2,0.99546,1.04568,0.0979643,-1.70263,-0.0502233
6.87,3,5.98137e-05,-4.49199e-05,-0.0010842,0.00169785,0.000104734
6.87,4,-0.394974,-0.362668,-0.0877433,-0.214574,-0.0323057
6.87,5,0.0187017,0.0393056,-0.339897,-0.00105053,-0.0206039
6.88,0,1.48761,1.46691,0.275954,8.83616e-05,0.0206988
6.88,1,-0.577695,-0.436638,-0.496631,-4.15239,-0.141057
6.88,2,0.996284,1.04666,0.0978826,-1.70713,-0.0503788
6.88,3,5.01763e-05,-5.57639e-05,-0.00108456,0.00171014,0.00010594
6.88,4,-0.395889,-0.363546,-0.0878025,-0.214848,-0.0323436
6.88,5,0.015303,0.0359067,-0.339897,-0.00104924,-0.0206037
6.89,0,1.49036,1.46967,0.275955,-0.000191351,0.0206919
6.89,1,-0.582651,-0.441606,-0.49685,-4.15128,-0.141046
6.89,2,0.997108,1.04764,0.0978005,-1.7116,-0.0505334
6.89,3,4.05389e-05,-6.66115e-05,-0.00108492,0.00172246,0.00010715
6.89,4,-0.396805,-0.364424,-0.0878618,-0.215116,-0.0323808
6.89,5,0.0119043,0.0325077,-0.339897,-0.00104796,-0.0206034
6.9,0,1.49311,1.47243,0.275956,-0.000471431,0.0206849
6.9,1,-0.587607,-0.446575,-0.497068,-4.15008,-0.141032
6.9,2,0.997931,1.04862,0.0977179,-1.71605,-0.0506872
6.9,3,3.09016e-05,-7.74627e-05,-0.00108529,0.00173481,0.000108364
6.9,4,-0.397721,-0.365303,-0.0879213,-0.215379,-0.0324175
6.9,5,0.00850561,0.0291087,-0.339896,-0.00104669,-0.0206031
6.91,0,1.49587,1.47519,0.275958,-0.000751856,0.020678
6.91,1,-0.592564,-0.451547,-0.497287,-4.14879,-0.141016
6.91,2,0.998755,1.0496,0.097635,-1.72047,-0.0508401
6.91,3,2.12642e-05,-8.83176e-05,-0.00108565,0.00174721,0.000109582
6.91,4,-0.398636,-0.366183,-0.0879811,-0.215638,-0.0324536
6.91,5,0.00510691,0.0257098,-0.339896,-0.00104543,-0.0206029
6.92,0,1.49862,1.47795,0.275959,-0.0010326,0.0206711
6.92,1,-0.59752,-0.456521,-0.497506,-4.14741,-0.140998
6.92,2,0.999579,1.05057,0.0975516,-1.72487,-0.0509923
6.92,3,1.16268e-05,-9.91761e-05,-0.00108601,0.00175963,0.000110803
6.92,4,-0.399552,-0.367063,-0.088041,-0.215892,-0.032489
6.92,5,0.00170821,0.0223108,-0.339896,-0.00104419,-0.0206026
6.93,0,1.49999,1.48071,0.275588,-0.0552217,0.0192886
6.93,1,-0.599998,-0.461491,-0.494441,-4.05695,-0.138507
6.93,2,0.999991,1.05154,0.0924721,-1.7313,-0.0515451
6.93,3,6.80811e-06,-0.000113491,-0.00275357,0.00285514,0.000120299
6.93,4,-0.40001,-0.367939,-0.0861907,-0.213466,-0.0320702
6.93,5,8.86466e-06,0.0189212,-0.335325,0.00603549,-0.0189124
6.94,0,1.49999,1.48345,0.272371,-0.155199,0.0165479
6.94,1,-0.599998,-0.46633,-0.473486,-3.92624,-0.133667
6.94,2,0.999991,1.05231,0.0639052,-1.69748,-0.0523223
6.94,3,6.80811e-06,-0.000190792,-0.0123783,0.00940295,0.0001976
6.94,4,-0.40001,-0.368763,-0.0796954,-0.210127,-0.0312468
6.94,5,8.86466e-06,0.0157175,-0.30555,0.0131219,-0.0157086
6.95,0,1.49999,1.48614,0.26637,-0.244907,0.0138551
6.95,1,-0.599998,-0.470912,-0.445174,-3.82788,-0.129085
6.95,2,0.999991,1.05278,0.0322393,-1.64803,-0.0527849
6.95,3,6.80811e-06,-0.000371466,-0.0224147,0.0172316,0.000378274
6.95,4,-0.40001,-0.369551,-0.0790865,-0.204126,-0.0304586
6.95,5,8.86466e-06,0.0128728,-0.266818,0.0157255,-0.012864
6.96,0,1.49999,1.48876,0.257988,-0.324537,0.0112356
6.96,1,-0.599998,-0.475198,-0.414772,-3.74768,-0.1248
6.96,2,0.999991,1.05294,0.00519468,-1.599,-0.0529538
6.96,3,6.80811e-06,-0.000637811,-0.0295846,0.0241969,0.00064462
6.96,4,-0.40001,-0.370364,-0.0836534,-0.195338,-0.0296456
6.96,5,8.86466e-06,0.0104184,-0.228319,0.0164484,-0.0104095
6.97,0,1.49999,1.49128,0.247532,-0.394129,0.00871166
6.97,1,-0.599998,-0.479176,-0.384025,-3.68078,-0.120821
6.97,2,0.999991,1.05288,-0.0158976,-1.55475,-0.0528848
6.97,3,6.80811e-06,-0.000957569,-0.0334626,0.0297213,0.000964377
6.97,4,-0.40001,-0.371236,-0.0902046,-0.185085,-0.0287735
6.97,5,8.86466e-06,0.00833235,-0.193039,0.0162943,-0.00832348
6.98,0,1.49999,1.49369,0.235279,-0.453743,0.00630236
6.98,1,-0.599998,-0.482849,-0.353611,-3.62512,-0.117149
6.98,2,0.999991,1.05263,-0.0313062,-1.51649,-0.0526366
6.98,3,6.80811e-06,-0.00130006,-0.0345188,0.03378,0.00130687
6.98,4,-0.40001,-0.372172,-0.0962427,-0.174575,-0.027837
6.98,5,8.86466e-06,0.00657746,-0.161735,0.0156776,-0.0065686
6.99,0,1.49999,1.49597,0.221497,-0.503523,0.00402422
6.99,1,-0.599998,-0.48622,-0.323825,-3.57961,-0.113777
6.99,2,0.999991,1.05225,-0.0416791,-1.48452,-0.0522627
6.99,3,6.80811e-06,-0.00164072,-0.0334228,0.036529,0.00164753
6.99,4,-0.40001,-0.373159,-0.1003,-0.164652,-0.0268503
6.99,5,8.86466e-06,0.00511369,-0.134388,0.0147921,-0.00510483
7,0,1.49999,1.4981,0.206449,-0.543704,0.00189108
7,1,-0.599998,-0.489298,-0.294806,-3.54355,-0.110699
7,2,0.999991,1.0518,-0.0477252,-1.45883,-0.0518093
7,3,6.80811e-06,-0.00196159,-0.0308094,0.0381696,0.0019684
7,4,-0.40001,-0.374172,-0.101705,-0.155846,-0.0258372
7,5,8.86466e-06,0.00390289,-0.11072,0.0137458,-0.00389402
7.01,0,1.49999,1.50008,0.190393,-0.574611,-8.58299e-05
7.01,1,-0.599998,-0.492091,-0.266619,-3.51641,-0.107907
7.01,2,0.999991,1.05131,-0.0501277,-1.43923,-0.0513161
7.01,3,6.80811e-06,-0.00225051,-0.02721,0.0388992,0.00225732
7.01,4,-0.40001,-0.375184,-0.100314,-0.148448,-0.0248256
7.01,5,8.86466e-06,0.00291012,-0.0903879,0.0126101,-0.00290125
7.02,0,1.49999,1.50189,0.17358,-0.596651,-0.00189781
7.02,1,-0.599998,-0.494606,-0.239303,-3.49775,-0.105392
7.02,2,0.999991,1.05081,-0.0495187,-1.42544,-0.050816
7.02,3,6.80811e-06,-0.00250002,-0.0230443,0.0388949,0.00250683
7.02,4,-0.40001,-0.376167,-0.0963005,-0.14259,-0.0238425
7.02,5,8.86466e-06,0.00210396,-0.0730427,0.0114373,-0.0020951
7.03,0,1.49999,1.50353,0.156251,-0.610297,-0.00353862
7.03,1,-0.599998,-0.496853,-0.212884,-3.48713,-0.103145
7.03,2,0.999991,1.05033,-0.0464726,-1.41713,-0.0503357
7.03,3,6.80811e-06,-0.00270629,-0.0186307,0.0383094,0.0027131
7.03,4,-0.40001,-0.377097,-0.0900099,-0.138294,-0.0229124
7.03,5,8.86466e-06,0.0014564,-0.0583511,0.0102677,-0.00144753
7.04,0,1.49999,1.505,0.138635,-0.61608,-0.00500439
7.04,1,-0.599998,-0.498841,-0.187393,-3.48409,-0.101157
7.04,2,0.999991,1.04989,-0.0415049,-1.4139,-0.049897
7.04,3,6.80811e-06,-0.00286817,-0.0142023,0.0372712,0.00287498
7.04,4,-0.40001,-0.377954,-0.081865,-0.135513,-0.0220557
7.04,5,8.86466e-06,0.000942617,-0.046002,0.00913184,-0.000933752
7.05,0,1.49999,1.50629,0.120946,-0.614576,-0.00629342
7.05,1,-0.599998,-0.500579,-0.162865,-3.48815,-0.0994185
7.05,2,0.999991,1.04951,-0.0350733,-1.41534,-0.0495162
7.05,3,6.80811e-06,-0.00298648,-0.00992283,0.0358866,0.00299329
7.05,4,-0.40001,-0.378721,-0.0723068,-0.134156,-0.0212886
7.05,5,8.86466e-06,0.000540799,-0.0357074,0.00805256,-0.000531934
7.06,0,1.49999,1.5074,0.103384,-0.606397,-0.00740611
7.06,1,-0.599998,-0.502077,-0.139344,-3.49877,-0.0979201
7.06,2,0.999991,1.0492,-0.0275813,-1.42102,-0.049206
7.06,3,6.80811e-06,-0.00306335,-0.00590168,0.0342426,0.00307016
7.06,4,-0.40001,-0.379387,-0.0617588,-0.134104,-0.0206229
7.06,5,8.86466e-06,0.000231877,-0.0272019,0.00704552,-0.000223013
7.07,0,1.49999,1.50834,0.0861303,-0.59218,-0.00834473
7.07,1,-0.599998,-0.503346,-0.116881,-3.5154,-0.0966511
7.07,2,0.999991,1.04897,-0.019381,-1.43048,-0.0489748
7.07,3,6.80811e-06,-0.00310175,-0.00220592,0.0324092,0.00310856
7.07,4,-0.40001,-0.379943,-0.050608,-0.135227,-0.0200663
7.07,5,8.86466e-06,-6.8445e-07,-0.0202425,0.00612049,9.54911e-06
7.08,0,1.49999,1.50911,0.0693489,-0.572578,-0.00911329
7.08,1,-0.599998,-0.504397,-0.0955304,-3.53743,-0.0956006
7.08,2,0.999991,1.04882,-0.0107775,-1.44329,-0.0488281
7.08,3,6.80811e-06,-0.00310516,0.00112904,0.0304423,0.00311197
7.08,4,-0.40001,-0.380387,-0.0391948,-0.137386,-0.0196229
7.08,5,8.86466e-06,-0.000171111,-0.0146079,0.00528224,0.000179976
7.09,0,1.49999,1.50971,0.053186,-0.54825,-0.00971731
7.09,1,-0.599998,-0.50524,-0.0753464,-3.56425,-0.0947573
7.09,2,0.999991,1.04876,-0.00203204,-1.45899,-0.0487684
7.09,3,6.80811e-06,-0.00307727,0.00409094,0.0283863,0.00308408
7.09,4,-0.40001,-0.380716,-0.0278107,-0.140444,-0.0192937
7.09,5,8.86466e-06,-0.000291536,-0.0100982,0.00453146,0.0003004
7.1,0,1.49999,1.51016,0.0377687,-0.519855,-0.0101637
7.1,1,-0.599998,-0.505888,-0.0563832,-3.59522,-0.0941092
7.1,2,0.999991,1.04879,0.00663362,-1.47714,-0.0487959
7.1,3,6.80811e-06,-0.0030218,0.00668378,0.0262759,0.00302861
7.1,4,-0.40001,-0.380932,-0.0166991,-0.144267,-0.019077
7.1,5,8.86466e-06,-0.000372205,-0.00653447,0.00386569,0.00038107
7.11,0,1.49999,1.51046,0.0232062,-0.488041,-0.0104606
7.11,1,-0.599998,-0.506354,-0.0386901,-3.62968,-0.0936438
7.11,2,0.999991,1.0489,0.0150338,-1.49733,-0.0489087
7.11,3,6.80811e-06,-0.00294237,0.00892238,0.0241384,0.00294918
7.11,4,-0.40001,-0.38104,-0.00605826,-0.148723,-0.018969
7.11,5,8.86466e-06,-0.00042169,-0.00375787,0.00328013,0.000430554
7.12,0,1.49999,1.51061,0.00958911,-0.453444,-0.0106169
7.12,1,-0.599998,-0.50665,-0.0223099,-3.66699,-0.093348
7.12,2,0.999991,1.04909,0.0230156,-1.51913,-0.0491034
7.12,3,6.80811e-06,-0.0028424,0.0108282,0.0219952,0.00284921
7.12,4,-0.40001,-0.381045,0.00395475,-0.15369,-0.0189641
7.12,5,8.86466e-06,-0.000447077,-0.00162883,0.00276836,0.000455942
7.13,0,1.49999,1.51064,-0.00300971,-0.416677,-0.0106427
7.13,1,-0.599998,-0.506789,-0.00727692,-3.70652,-0.0932087
7.13,2,0.999991,1.04937,0.0304553,-1.54216,-0.0493749
7.13,3,6.80811e-06,-0.00272509,0.0124261,0.0198633,0.00273189
7.13,4,-0.40001,-0.380954,0.0132192,-0.159052,-0.0190553
7.13,5,8.86466e-06,-0.000454162,-2.61158e-05,0.00232297,0.000463026
7.14,0,1.49999,1.51054,-0.0145345,-0.378327,-0.0105483
7.14,1,-0.599998,-0.506785,0.00638444,-3.74764,-0.0932123
7.14,2,0.999991,1.04971,0.0372559,-1.56604,-0.0497175
7.14,3,6.80811e-06,-0.00259336,0.0137423,0.0177564,0.00260017
7.14,4,-0.40001,-0.380775,0.0216465,-0.164699,-0.0192345
7.14,5,8.86466e-06,-0.00044762,0.00115439,0.00193611,0.000456485
7.15,0,1.49999,1.51034,-0.024946,-0.338951,-0.0103447
7.15,1,-0.599998,-0.506653,0.0186606,-3.78977,-0.0933448
7.15,2,0.999991,1.05011,0.0433441,-1.59041,-0.0501241
7.15,3,6.80811e-06,-0.00244991,0.0148024,0.0156857,0.00245672
7.15,4,-0.40001,-0.380516,0.0291759,-0.170533,-0.0194932
7.15,5,8.86466e-06,-0.000431177,0.002001,0.00159991,0.000440042
7.16,0,1.49999,1.51004,-0.0342204,-0.299071,-0.0100433
7.16,1,-0.599998,-0.506405,0.0295495,-3.83234,-0.0935924
7.16,2,0.999991,1.05058,0.0486677,-1.61496,-0.0505875
7.16,3,6.80811e-06,-0.00229715,0.0156308,0.0136611,0.00230396
7.16,4,-0.40001,-0.380188,0.0357706,-0.176461,-0.019822
7.16,5,8.86466e-06,-0.000407754,0.00258755,0.00130682,0.000416618
7.17,0,1.49999,1.50965,-0.0423486,-0.259173,-0.00965546
7.17,1,-0.599998,-0.506056,0.0390603,-3.87483,-0.0939413
7.17,2,0.999991,1.05109,0.0531935,-1.63938,-0.0510997
7.17,3,6.80811e-06,-0.00213727,0.0162498,0.0116909,0.00214408
7.17,4,-0.40001,-0.379798,0.0414143,-0.182399,-0.0202115
7.17,5,8.86466e-06,-0.000379605,0.00297494,0.00104987,0.00038847
7.18,0,1.49999,1.50919,-0.0493346,-0.2197,-0.00919261
7.18,1,-0.599998,-0.50562,0.0472141,-3.91676,-0.0943779
7.18,2,0.999991,1.05164,0.056905,-1.66339,-0.0516527
7.18,3,6.80811e-06,-0.00197226,0.0166792,0.00978319,0.00197907
7.18,4,-0.40001,-0.379357,0.0461081,-0.188272,-0.0206522
7.18,5,8.86466e-06,-0.000348443,0.00321253,0.00082278,0.000357308
7.19,0,1.49999,1.50866,-0.0551952,-0.181059,-0.00866611
7.19,1,-0.599998,-0.505109,0.0540427,-3.95767,-0.0948887
7.19,2,0.999991,1.05223,0.0598006,-1.68675,-0.0522384
7.19,3,6.80811e-06,-0.00180392,0.0169369,0.00794513,0.00181073
7.19,4,-0.40001,-0.378875,0.0498678,-0.194012,-0.0211348
7.19,5,8.86466e-06,-0.000315542,0.00333959,0.000620155,0.000324406
7.2,0,1.49999,1.50808,-0.0599579,-0.143609,-0.00808707
7.2,1,-0.599998,-0.504537,0.0595881,-3.99719,-0.0954606
7.2,2,0.999991,1.05284,0.0618915,-1.70924,-0.0528485
7.2,3,6.80811e-06,-0.00163387,0.0170384,0.00618376,0.00164068
7.2,4,-0.40001,-0.37836,0.0527215,-0.19956,-0.0216499
7.2,5,8.86466e-06,-0.000281831,0.00338675,0.000437452,0.000290696
7.21,0,1.49999,1.50746,-0.0636605,-0.107669,-0.00746627
7.21,1,-0.599998,-0.503916,0.0639022,-4.03496,-0.0960812
7.21,2,0.999991,1.05347,0.0632002,-1.73066,-0.0534753
7.21,3,6.80811e-06,-0.0014636,0.0169973,0.00450572,0.00147041
7.21,4,-0.40001,-0.377821,0.0547076,-0.204863,-0.0221887
7.21,5,8.86466e-06,-0.000247977,0.00337731,0.000271012,0.000256841
7.22,0,1.49999,1.50681,-0.0663492,-0.0735151,-0.00681406
7.22,1,-0.599998,-0.503259,0.0670452,-4.07067,-0.0967385
7.22,2,0.999991,1.0541,0.063759,-1.75085,-0.054111
7.22,3,6.80811e-06,-0.00129447,0.0168257,0.00291736,0.00130128
7.22,4,-0.40001,-0.377267,0.0558726,-0.209879,-0.0227428
7.22,5,8.86466e-06,-0.000214445,0.00332847,0.000118009,0.00022331
7.23,0,1.49999,1.50614,-0.0680778,-0.0413786,-0.0061403
7.23,1,-0.599998,-0.502577,0.0690847,-4.1041,-0.097421
7.23,2,0.999991,1.05474,0.063608,-1.76967,-0.0547483
7.23,3,6.80811e-06,-0.00112772,0.0165344,0.00142462,0.00113453
7.23,4,-0.40001,-0.376705,0.0562698,-0.21457,-0.0233044
7.23,5,8.86466e-06,-0.00018156,0.00325248,-2.36197e-05,0.000190425
7.24,0,1.49999,1.50545,-0.0689063,-0.0114509,-0.00545425
7.24,1,-0.599998,-0.501879,0.0700947,-4.13501,-0.0981182
7.24,2,0.999991,1.05537,0.0627944,-1.787,-0.0553804
7.24,3,6.80811e-06,-0.000964493,0.0161334,3.29432e-05,0.000971301
7.24,4,-0.40001,-0.376144,0.0559577,-0.218906,-0.0238659
7.24,5,8.86466e-06,-0.000149544,0.00315767,-0.000155258,0.000158408
7.25,0,1.49999,1.50476,-0.0689,0.0161177,-0.00476456
7.25,1,-0.599998,-0.501177,0.0701543,-4.16327,-0.0988203
7.25,2,0.999991,1.05599,0.0613708,-1.80277,-0.056001
7.25,3,6.80811e-06,-0.000805837,0.0156321,-0.00125281,0.000812645
7.25,4,-0.40001,-0.375589,0.0549985,-0.222865,-0.0244207
7.25,5,8.86466e-06,-0.000118553,0.00304935,-0.000277717,0.000127418
7.26,0,1.49999,1.50407,-0.0681279,0.0412157,-0.0040792
7.26,1,-0.599998,-0.50048,0.0693464,-4.18876,-0.0995181
7.26,2,0.999991,1.0566,0.0593939,-1.81692,-0.0566043
7.26,3,6.80811e-06,-0.000652704,0.0150393,-0.00242849,0.000659512
7.26,4,-0.40001,-0.375047,0.0534574,-0.22643,-0.0249627
7.26,5,8.86466e-06,-8.8705e-05,0.00293062,-0.000391337,9.75697e-05
7.27,0,1.49999,1.5034,-0.066662,0.0637684,-0.00340544
7.27,1,-0.599998,-0.499794,0.0677567,-4.21141,-0.100203
7.27,2,0.999991,1.05718,0.0569237,-1.8294,-0.057185
7.27,3,6.80811e-06,-0.00050596,0.0143641,-0.00349077,0.000512768
7.27,4,-0.40001,-0.374523,0.0514007,-0.229591,-0.0254863
7.27,5,8.86466e-06,-6.00938e-05,0.00280298,-0.000496101,6.89585e-05
7.28,0,1.49999,1.50274,-0.0645761,0.0837358,-0.00274981
7.28,1,-0.599998,-0.499129,0.0654726,-4.23117,-0.100869
7.28,2,0.999991,1.05773,0.0540219,-1.8402,-0.0577386
7.28,3,6.80811e-06,-0.000366381,0.0136152,-0.00443726,0.000373189
7.28,4,-0.40001,-0.374023,0.0488959,-0.232343,-0.0259869
7.28,5,8.86466e-06,-3.28053e-05,0.00266694,-0.000591733,4.167e-05
7.29,0,1.49999,1.50211,-0.0619448,0.10111,-0.00211811
7.29,1,-0.599998,-0.498489,0.0625819,-4.24807,-0.101508
7.29,2,0.999991,1.05825,0.0507516,-1.84934,-0.0582611
7.29,3,6.80811e-06,-0.000234653,0.0128019,-0.00526652,0.000241461
7.29,4,-0.40001,-0.373549,0.0460097,-0.234687,-0.0264603
7.29,5,8.86466e-06,-6.9235e-06,0.00252245,-0.000677795,1.57882e-05
7.3,0,1.49999,1.50151,-0.0588427,0.115914,-0.00151536
7.3,1,-0.599998,-0.497882,0.0591718,-4.26214,-0.102116
7.3,2,0.999991,1.05874,0.0471759,-1.85683,-0.0587492
7.3,3,6.80811e-06,-0.000111369,0.0119333,-0.00597819,0.000118178
7.3,4,-0.40001,-0.373107,0.0428083,-0.236628,-0.026903
7.3,5,8.86466e-06,1.74657e-05,0.00236924,-0.000753776,-8.60101e-06
7.31,0,1.49999,1.50094,-0.0553434,0.128195,-0.000945884
7.31,1,-0.599998,-0.497311,0.0553281,-4.27345,-0.102687
7.31,2,0.999991,1.05919,0.0433571,-1.86272,-0.0592002
7.31,3,6.80811e-06,2.96839e-06,0.011019,-0.00657299,3.83972e-06
7.31,4,-0.40001,-0.372697,0.0393559,-0.238176,-0.0273123
7.31,5,8.86466e-06,4.02735e-05,0.00220706,-0.000819162,-3.14088e-05
7.32,0,1.49999,1.50041,-0.051519,0.138027,-0.000413245
7.32,1,-0.599998,-0.496781,0.0511345,-4.28209,-0.103217
7.32,2,0.999991,1.0596,0.0393561,-1.86707,-0.0596118
7.32,3,6.80811e-06,0.000107957,0.0100687,-0.00705268,-0.000101149
7.32,4,-0.40001,-0.372324,0.0357144,-0.239345,-0.0276859
7.32,5,8.86466e-06,6.14101e-05,0.00203591,-0.000873501,-5.25454e-05
7.33,0,1.49999,1.49992,-0.0474391,0.145505,7.96877e-05
7.33,1,-0.599998,-0.496294,0.0466712,-4.28817,-0.103704
7.33,2,0.999991,1.05997,0.0352319,-1.86995,-0.0599828
7.33,3,6.80811e-06,0.00020329,0.00909218,-0.00742013,-0.000196482
7.33,4,-0.40001,-0.371987,0.0319428,-0.240151,-0.0280224
7.33,5,8.86466e-06,8.07873e-05,0.00185613,-0.000916451,-7.19226e-05
7.34,0,1.49999,1.49946,-0.0431706,0.150741,0.000530731
7.34,1,-0.599998,-0.495852,0.0420152,-4.29186,-0.104145
7.34,2,0.999991,1.0603,0.0310403,-1.87144,-0.0603121
7.34,3,6.80811e-06,0.000288761,0.00809942,-0.00767919,-0.000281953
7.34,4,-0.40001,-0.371689,0.0280971,-0.240614,-0.0283207
7.34,5,8.86466e-06,9.83223e-05,0.00166842,-0.000947813,-8.94576e-05
7.35,0,1.49999,1.49906,-0.0387768,0.153864,0.000938349
7.35,1,-0.599998,-0.495458,0.0372387,-4.29328,-0.104539
7.35,2,0.999991,1.06059,0.0268343,-1.87165,-0.0605994
7.35,3,6.80811e-06,0.000364261,0.00710022,-0.00783466,-0.000357453
7.35,4,-0.40001,-0.371429,0.0242291,-0.240758,-0.0285804
7.35,5,8.86466e-06,0.000113942,0.0014739,-0.000967556,-0.000105077
7.36,0,1.49999,1.49869,-0.0343172,0.155016,0.00130162
7.36,1,-0.599998,-0.495113,0.0324093,-4.29263,-0.104885
7.36,2,0.999991,1.06084,0.0226629,-1.87067,-0.0608447
7.36,3,6.80811e-06,0.000429779,0.00610419,-0.00789222,-0.000422971
7.36,4,-0.40001,-0.371208,0.0203871,-0.240606,-0.0288016
7.36,5,8.86466e-06,0.000127585,0.00127409,-0.000975832,-0.000118721
7.37,0,1.49999,1.49837,-0.0298469,0.154349,0.00162019
7.37,1,-0.599998,-0.494815,0.0275897,-4.29007,-0.105183
7.37,2,0.999991,1.06104,0.0185714,-1.86861,-0.0610488
7.37,3,6.80811e-06,0.000485397,0.00512066,-0.00785828,-0.000478589
7.37,4,-0.40001,-0.371025,0.0166149,-0.240184,-0.0289846
7.37,5,8.86466e-06,0.00013921,0.00107081,-0.00097297,-0.000130346
7.38,0,1.49999,1.4981,-0.0254169,0.152021,0.00189424
7.38,1,-0.599998,-0.494565,0.0228367,-4.2858,-0.105432
7.38,2,0.999991,1.0612,0.0146005,-1.86558,-0.0612125
7.38,3,6.80811e-06,0.000531291,0.0041585,-0.00773993,-0.000524483
7.38,4,-0.40001,-0.370879,0.0129518,-0.23952,-0.0291305
7.38,5,8.86466e-06,0.000148793,0.000866121,-0.000959477,-0.000139928
7.39,0,1.49999,1.49787,-0.0210732,0.148197,0.00212443
7.39,1,-0.599998,-0.494363,0.0182018,-4.28001,-0.105635
7.39,2,0.999991,1.06133,0.0107866,-1.8617,-0.0613374
7.39,3,6.80811e-06,0.00056772,0.00322605,-0.00754475,-0.000560911
7.39,4,-0.40001,-0.370769,0.00943269,-0.238641,-0.0292405
7.39,5,8.86466e-06,0.000156331,0.00066229,-0.00093602,-0.000147467
7.4,0,1.49999,1.49768,-0.0168571,0.143045,0.00231186
7.4,1,-0.599998,-0.494205,0.0137305,-4.27288,-0.105792
7.4,2,0.999991,1.06142,0.00716145,-1.85708,-0.0614252
7.4,3,6.80811e-06,0.000595023,0.00233096,-0.00728073,-0.000588215
7.4,4,-0.40001,-0.370693,0.00608792,-0.237574,-0.0293163
7.4,5,8.86466e-06,0.000161847,0.000461651,-0.000903408,-0.000152982
7.41,0,1.49999,1.49754,-0.0128048,0.136734,0.00245799
7.41,1,-0.599998,-0.494092,0.00946265,-4.26463,-0.105906
7.41,2,0.999991,1.06147,0.00375209,-1.85184,-0.0614778
7.41,3,6.80811e-06,0.000613614,0.00148011,-0.00695613,-0.000606806
7.41,4,-0.40001,-0.37065,0.0029432,-0.236349,-0.0293597
7.41,5,8.86466e-06,0.000165385,0.000266543,-0.000862565,-0.00015652
7.42,0,1.49999,1.49743,-0.008948,0.12943,0.00256465
7.42,1,-0.599998,-0.494019,0.0054323,-4.25543,-0.105978
7.42,2,0.999991,1.06149,0.000580968,-1.84609,-0.0614977
7.42,3,6.80811e-06,0.000623969,0.000679572,-0.00657935,-0.00061716
7.42,4,-0.40001,-0.370637,1.97386e-05,-0.234993,-0.0293729
7.42,5,8.86466e-06,0.000167013,7.92281e-05,-0.00081451,-0.000158148
