sim_t,joint,desired,actual,velocity,torque,error
0,0,0,0,0,0,0
0,1,-0.8,-0.8,0,0,0
0,2,1.2,1.2,0,-6.66134e-15,-2.22045e-16
0,3,0,0,0,0,0
0,4,-0.4,-0.4,0,0,0
0,5,0,0,0,0,0
0.01,0,0,0,0,0,0
0.01,1,-0.8,-0.799036,0.16595,-0.536428,-0.000964426
0.01,2,1.2,1.20018,0.0384837,-0.0823016,-0.000177805
0.01,3,0,0,0,0,0
0.01,4,-0.4,-0.401011,-0.1636,0.089886,0.00101077
0.01,5,0,0,0,0,0
0.02,0,0,0,0,0,0
0.02,1,-0.8,-0.796699,0.2836,-0.982847,-0.00330121
0.02,2,1.2,1.20089,0.100179,-0.227177,-0.000893941
0.02,3,0,0,0,0,0
0.02,4,-0.4,-0.402999,-0.213878,0.130932,0.00299909
0.02,5,0,0,0,0,0
0.03,0,0,0,0,0,0
0.03,1,-0.8,-0.79336,0.371512,-1.38016,-0.00664049
0.03,2,1.2,1.20226,0.165307,-0.398268,-0.00225512
0.03,3,0,0,0,0,0
0.03,4,-0.4,-0.40506,-0.191605,0.136286,0.00506038
0.03,5,0,0,0,0,0
0.04,0,0,0,0,0,0
0.04,1,-0.8,-0.789258,0.439158,-1.74714,-0.0107418
0.04,2,1.2,1.20425,0.226588,-0.580675,-0.00424998
0.04,3,0,0,0,0,0
0.04,4,-0.4,-0.406654,-0.128913,0.117692,0.00665443
0.04,5,0,0,0,0,0
0.05,0,0,0,0,0,0
0.05,1,-0.8,-0.784566,0.491833,-2.09285,-0.0154339
0.05,2,1.2,1.20682,0.281133,-0.766927,-0.00682205
0.05,3,0,0,0,0,0
0.05,4,-0.4,-0.407507,-0.0480056,0.0840564,0.0075067
0.05,5,0,0,0,0,0
0.06,0,0,0,0,0,0
0.06,1,-0.8,-0.779414,0.532665,-2.42142,-0.0205856
0.06,2,1.2,1.2099,0.327782,-0.952464,-0.00989669
0.06,3,0,0,0,0,0
0.06,4,-0.4,-0.407519,0.0368425,0.0417314,0.00751908
0.06,5,0,0,0,0,0
0.07,0,0,0,0,0,0
0.07,1,-0.8,-0.77391,0.563557,-2.73426,-0.0260898
0.07,2,1.2,1.21339,0.366159,-1.13409,-0.0133924
0.07,3,0,0,0,0,0
0.07,4,-0.4,-0.406703,0.117015,-0.00488035,0.00670341
0.07,5,0,0,0,0,0
0.08,0,0,0,0,0,0
0.08,1,-0.8,-0.768146,0.585705,-3.03128,-0.031854
0.08,2,1.2,1.21723,0.396296,-1.30939,-0.0172265
0.08,3,0,0,0,0,0
0.08,4,-0.4,-0.405135,0.18773,-0.0527828,0.00513529
0.08,5,0,0,0,0,0
0.09,0,0,0,0,0,0
0.09,1,-0.8,-0.762205,0.599905,-3.31154,-0.0377955
0.09,2,1.2,1.22132,0.418456,-1.47645,-0.0213178
0.09,3,0,0,0,0,0
0.09,4,-0.4,-0.402923,0.246709,-0.0999671,0.00292345
0.09,5,0,0,0,0,0
0.1,0,0,0,0,0,0
0.1,1,-0.8,-0.756162,0.606744,-3.57375,-0.043838
0.1,2,1.2,1.22559,0.43304,-1.63374,-0.0255886
0.1,3,0,0,0,0,0
0.1,4,-0.4,-0.40019,0.293258,-0.145108,0.000190081
0.1,5,0,0,0,0,0
0.11,0,0,0,0,0,0
0.11,1,-0.8,-0.750089,0.606714,-3.81657,-0.0499108
0.11,2,1.2,1.22997,0.440534,-1.78004,-0.0299659
0.11,3,0,0,0,0,0
0.11,4,-0.4,-0.397059,0.327642,-0.187352,-0.00294137
0.11,5,0,0,0,0,0
0.12,0,0,0,0,0,0
0.12,1,-0.8,-0.744052,0.600284,-4.03876,-0.0559476
0.12,2,1.2,1.23438,0.441472,-1.91439,-0.0343815
0.12,3,0,0,0,0,0
0.12,4,-0.4,-0.393647,0.350674,-0.226164,-0.0063534
0.12,5,0,0,0,0,0
0.13,0,0,0,0,0,0
0.13,1,-0.8,-0.738113,0.587937,-4.2393,-0.0618872
0.13,2,1.2,1.23877,0.436424,-2.03604,-0.0387732
0.13,3,0,0,0,0,0
0.13,4,-0.4,-0.390062,0.363451,-0.261232,-0.00993838
0.13,5,0,0,0,0,0
0.14,0,0,0,0,0,0
0.14,1,-0.8,-0.732327,0.570184,-4.41748,-0.0676732
0.14,2,1.2,1.24308,0.425975,-2.14448,-0.0430842
0.14,3,0,0,0,0,0
0.14,4,-0.4,-0.3864,0.367186,-0.292396,-0.0136004
0.14,5,0,0,0,0,0
0.15,0,0,0,0,0,0
0.15,1,-0.8,-0.726746,0.547576,-4.57291,-0.0732545
0.15,2,1.2,1.24726,0.410723,-2.23936,-0.0472638
0.15,3,0,0,0,0,0
0.15,4,-0.4,-0.382744,0.363109,-0.319601,-0.0172558
0.15,5,0,0,0,0,0
0.16,0,0,0,0,0,0
0.16,1,-0.8,-0.721414,0.520693,-4.70551,-0.0785856
0.16,2,1.2,1.25127,0.391267,-2.32055,-0.0512672
0.16,3,0,0,0,0,0
0.16,4,-0.4,-0.379167,0.352406,-0.342867,-0.020833
0.16,5,0,0,0,0,0
0.17,0,0,0,0,0,0
0.17,1,-0.8,-0.716373,0.490142,-4.81552,-0.0836273
0.17,2,1.2,1.25506,0.368208,-2.38809,-0.0550558
0.17,3,0,0,0,0,0
0.17,4,-0.4,-0.375728,0.33619,-0.362271,-0.024272
0.17,5,0,0,0,0,0
0.18,0,0,0,0,0,0
0.18,1,-0.8,-0.711654,0.456543,-4.90348,-0.0883462
0.18,2,1.2,1.2586,0.342139,-2.44218,-0.0585967
0.18,3,0,0,0,0,0
0.18,4,-0.4,-0.372477,0.31549,-0.377932,-0.0275233
0.18,5,0,0,0,0,0
0.19,0,0,0,0,0,0
0.19,1,-0.8,-0.707285,0.420518,-4.97017,-0.0927152
0.19,2,1.2,1.26186,0.313646,-2.48319,-0.0618631
0.19,3,0,0,0,0,0
0.19,4,-0.4,-0.369453,0.291246,-0.390002,-0.0305474
0.19,5,0,0,0,0,0
0.2,0,0,0,0,0,0
0.2,1,-0.8,-0.703286,0.382682,-5.01659,-0.0967136
0.2,2,1.2,1.26483,0.283299,-2.51162,-0.064834
0.2,3,0,0,0,0,0
0.2,4,-0.4,-0.366686,0.264309,-0.398663,-0.0333136
0.2,5,0,0,0,0,0
0.21,0,0,0,0,0,0
0.21,1,-0.8,-0.699674,0.343629,-5.04394,-0.100326
0.21,2,1.2,1.26749,0.251651,-2.52811,-0.0674938
0.21,3,0,0,0,0,0
0.21,4,-0.4,-0.364201,0.235448,-0.404118,-0.0357993
0.21,5,0,0,0,0,0
0.22,0,0,0,0,0,0
0.22,1,-0.8,-0.696455,0.303927,-5.05356,-0.103545
0.22,2,1.2,1.26983,0.219228,-2.53343,-0.0698324
0.22,3,0,0,0,0,0
0.22,4,-0.4,-0.362011,0.205355,-0.406589,-0.037989
0.22,5,0,0,0,0,0
0.23,0,0,0,0,0,0
0.23,1,-0.8,-0.693635,0.264109,-5.04692,-0.106365
0.23,2,1.2,1.27184,0.186531,-2.52841,-0.0718449
0.23,3,0,0,0,0,0
0.23,4,-0.4,-0.360126,0.174649,-0.406316,-0.0398739
0.23,5,0,0,0,0,0
0.24,0,0,0,0,0,0
0.24,1,-0.8,-0.691212,0.224666,-5.02553,-0.108788
0.24,2,1.2,1.27353,0.154026,-2.51398,-0.0735311
0.24,3,0,0,0,0,0
0.24,4,-0.4,-0.358549,0.143881,-0.403549,-0.041451
0.24,5,0,0,0,0,0
0.25,0,0,0,0,0,0
0.25,1,-0.8,-0.689178,0.186045,-4.99101,-0.110822
0.25,2,1.2,1.2749,0.12214,-2.49114,-0.0748953
0.25,3,0,0,0,0,0
0.25,4,-0.4,-0.357278,0.113541,-0.39855,-0.0427224
0.25,5,0,0,0,0,0
0.26,0,0,0,0,0,0
0.26,1,-0.8,-0.687525,0.148643,-4.94495,-0.112475
0.26,2,1.2,1.27595,0.0912627,-2.4609,-0.0759459
0.26,3,0,0,0,0,0
0.26,4,-0.4,-0.356305,0.084053,-0.391585,-0.0436948
0.26,5,0,0,0,0,0
0.27,0,0,0,0,0,0
0.27,1,-0.8,-0.686237,0.112809,-4.88896,-0.113763
0.27,2,1.2,1.27669,0.0617363,-2.42432,-0.0766948
0.27,3,0,0,0,0,0
0.27,4,-0.4,-0.355621,0.0557871,-0.382923,-0.0443787
0.27,5,0,0,0,0,0
0.28,0,0,0,0,0,0
0.28,1,-0.8,-0.685297,0.0788394,-4.82463,-0.114703
0.28,2,1.2,1.27716,0.0338582,-2.38244,-0.0771574
0.28,3,0,0,0,0,0
0.28,4,-0.4,-0.355212,0.0290557,-0.372833,-0.0447882
0.28,5,0,0,0,0,0
0.29,0,0,0,0,0,0
0.29,1,-0.8,-0.684686,0.0469823,-4.75352,-0.115314
0.29,2,1.2,1.27735,0.00787764,-2.3363,-0.0773514
0.29,3,0,0,0,0,0
0.29,4,-0.4,-0.35506,0.00411722,-0.361579,-0.04494
0.29,5,0,0,0,0,0
0.3,0,0,0,0,0,0
0.3,1,-0.8,-0.68438,0.017437,-4.6771,-0.11562
0.3,2,1.2,1.2773,-0.0160044,-2.2869,-0.0772971
0.3,3,0,0,0,0,0
0.3,4,-0.4,-0.355147,-0.0188215,-0.349416,-0.0448533
0.3,5,0,0,0,0,0
0.31,0,0,0,0,0,0
0.31,1,-0.8,-0.684357,-0.00964384,-4.59679,-0.115643
0.31,2,1.2,1.27702,-0.0376346,-2.23522,-0.0770161
0.31,3,0,0,0,0,0
0.31,4,-0.4,-0.355451,-0.0396033,-0.33659,-0.0445489
0.31,5,0,0,0,0,0
0.32,0,0,0,0,0,0
0.32,1,-0.8,-0.68459,-0.0341515,-4.51393,-0.11541
0.32,2,1.2,1.27653,-0.056906,-2.18214,-0.0765318
0.32,3,0,0,0,0,0
0.32,4,-0.4,-0.355951,-0.0581182,-0.323334,-0.0440492
0.32,5,0,0,0,0,0
0.33,0,0,0,0,0,0
0.33,1,-0.8,-0.685054,-0.0560184,-4.42977,-0.114946
0.33,2,1.2,1.27587,-0.0737559,-2.12853,-0.0758681
0.33,3,0,0,0,0,0
0.33,4,-0.4,-0.356623,-0.0743006,-0.309866,-0.043377
0.33,5,0,0,0,0,0
0.34,0,0,0,0,0,0
0.34,1,-0.8,-0.685722,-0.075215,-4.34546,-0.114278
0.34,2,1.2,1.27505,-0.0881631,-2.07515,-0.0750493
0.34,3,0,0,0,0,0
0.34,4,-0.4,-0.357444,-0.0881258,-0.296386,-0.0425561
0.34,5,0,0,0,0,0
0.35,0,0,0,0,0,0
0.35,1,-0.8,-0.686568,-0.0917463,-4.26205,-0.113432
0.35,2,1.2,1.2741,-0.100145,-2.0227,-0.0740998
0.35,3,0,0,0,0,0
0.35,4,-0.4,-0.35839,-0.0996066,-0.283075,-0.0416097
0.35,5,0,0,0,0,0
0.36,0,0,0,0,0,0
0.36,1,-0.8,-0.687564,-0.105649,-4.1805,-0.112436
0.36,2,1.2,1.27304,-0.109752,-1.9718,-0.0730435
0.36,3,0,0,0,0,0
0.36,4,-0.4,-0.359439,-0.10879,-0.270095,-0.0405613
0.36,5,0,0,0,0,0
0.37,0,0,0,0,0,0
0.37,1,-0.8,-0.688685,-0.116989,-4.10165,-0.111315
0.37,2,1.2,1.2719,-0.117066,-1.92299,-0.0719039
0.37,3,0,0,0,0,0
0.37,4,-0.4,-0.360567,-0.115752,-0.25759,-0.0394333
0.37,5,0,0,0,0,0
0.38,0,0,0,0,0,0
0.38,1,-0.8,-0.689905,-0.125854,-4.02623,-0.110095
0.38,2,1.2,1.2707,-0.122194,-1.87671,-0.0707033
0.38,3,0,0,0,0,0
0.38,4,-0.4,-0.361753,-0.120595,-0.245682,-0.0382474
0.38,5,0,0,0,0,0
0.39,0,0,0,0,0,0
0.39,1,-0.8,-0.691202,-0.132356,-3.95487,-0.108798
0.39,2,1.2,1.26946,-0.125266,-1.83335,-0.0694629
0.39,3,0,0,0,0,0
0.39,4,-0.4,-0.362976,-0.123442,-0.234473,-0.0370242
0.39,5,0,0,0,0,0
0.4,0,0,0,0,0,0
0.4,1,-0.8,-0.69255,-0.136626,-3.88811,-0.10745
0.4,2,1.2,1.2682,-0.126428,-1.79321,-0.0682023
0.4,3,0,0,0,0,0
0.4,4,-0.4,-0.364217,-0.124435,-0.224046,-0.0357829
0.4,5,0,0,0,0,0
0.41,0,0,0,0,0,0
0.41,1,-0.8,-0.69393,-0.138806,-3.82637,-0.10607
0.41,2,1.2,1.26694,-0.125839,-1.75652,-0.0669399
0.41,3,0,0,0,0,0
0.41,4,-0.4,-0.365459,-0.123726,-0.214466,-0.0345411
0.41,5,0,0,0,0,0
0.42,0,0,0,0,0,0
0.42,1,-0.8,-0.695321,-0.139056,-3.76998,-0.104679
0.42,2,1.2,1.26569,-0.12367,-1.72343,-0.0656922
0.42,3,0,0,0,0,0
0.42,4,-0.4,-0.366685,-0.121481,-0.205779,-0.033315
0.42,5,0,0,0,0,0
0.43,0,0,0,0,0,0
0.43,1,-0.8,-0.696705,-0.137542,-3.71918,-0.103295
0.43,2,1.2,1.26447,-0.120094,-1.69403,-0.0644741
0.43,3,0,0,0,0,0
0.43,4,-0.4,-0.367881,-0.117869,-0.198017,-0.032119
0.43,5,0,0,0,0,0
0.44,0,0,0,0,0,0
0.44,1,-0.8,-0.698064,-0.134436,-3.67411,-0.101936
0.44,2,1.2,1.2633,-0.115289,-1.66838,-0.0632986
0.44,3,0,0,0,0,0
0.44,4,-0.4,-0.369034,-0.113062,-0.191195,-0.0309658
0.44,5,0,0,0,0,0
0.45,0,0,0,0,0,0
0.45,1,-0.8,-0.699385,-0.129918,-3.63485,-0.100615
0.45,2,1.2,1.26218,-0.109432,-1.64645,-0.0621772
0.45,3,0,0,0,0,0
0.45,4,-0.4,-0.370134,-0.107234,-0.185315,-0.0298665
0.45,5,0,0,0,0,0
0.46,0,0,0,0,0,0
0.46,1,-0.8,-0.700654,-0.124166,-3.60136,-0.0993465
0.46,2,1.2,1.26112,-0.102697,-1.62818,-0.0611192
0.46,3,0,0,0,0,0
0.46,4,-0.4,-0.37117,-0.100554,-0.180365,-0.0288303
0.46,5,0,0,0,0,0
0.47,0,0,0,0,0,0
0.47,1,-0.8,-0.701859,-0.11736,-3.57358,-0.0981415
0.47,2,1.2,1.26013,-0.0952533,-1.61347,-0.0601327
0.47,3,0,0,0,0,0
0.47,4,-0.4,-0.372135,-0.0931865,-0.176325,-0.0278647
0.47,5,0,0,0,0,0
0.48,0,0,0,0,0,0
0.48,1,-0.8,-0.702991,-0.109677,-3.55135,-0.0970095
0.48,2,1.2,1.25922,-0.0872628,-1.60219,-0.0592237
0.48,3,0,0,0,0,0
0.48,4,-0.4,-0.373024,-0.0852915,-0.173162,-0.0269759
0.48,5,0,0,0,0,0
0.49,0,0,0,0,0,0
0.49,1,-0.8,-0.704042,-0.101288,-3.53447,-0.0959583
0.49,2,1.2,1.2584,-0.078879,-1.59415,-0.0583969
0.49,3,0,0,0,0,0
0.49,4,-0.4,-0.373832,-0.0770186,-0.170837,-0.0261683
0.49,5,0,0,0,0,0
0.5,0,8.29946e-05,0,0,0.00331978,8.29946e-05
0.5,1,-0.799501,-0.705006,-0.0923593,-3.50272,-0.0944949
0.5,2,1.19976,1.25766,-0.0702455,-1.59649,-0.0578993
0.5,3,0.000206535,0,0,0.00206535,0.000206535
0.5,4,-0.400069,-0.374555,-0.068509,-0.169857,-0.0255139
0.5,5,6.46831e-07,0,0,3.23415e-06,6.46831e-07
0.51,0,0.00091294,3.86989e-06,0.000937764,0.0335495,0.000909071
0.51,1,-0.794508,-0.705805,-0.0658147,-3.35068,-0.0887031
0.51,2,1.19732,1.2569,-0.0857862,-1.61575,-0.0595775
0.51,3,0.00227188,3.86874e-05,0.00910504,0.0168689,0.0022332
0.51,4,-0.400761,-0.375178,-0.0574488,-0.175933,-0.0255822
0.51,5,7.11514e-06,-3.03854e-05,-0.00675716,0.00221465,3.75005e-05
0.52,0,0.00174289,2.46625e-05,0.00317473,0.0592048,0.00171822
0.52,1,-0.789515,-0.706236,-0.023215,-3.26152,-0.0832791
0.52,2,1.19488,1.25586,-0.118758,-1.59192,-0.0609813
0.52,3,0.00433723,0.000226007,0.0274446,0.0246455,0.00411122
0.52,4,-0.401452,-0.375724,-0.0537661,-0.178943,-0.0257282
0.52,5,1.35834e-05,-0.000149557,-0.0158598,0.00557363,0.000163141
0.53,0,0.00257283,7.31529e-05,0.00633768,0.0809741,0.00249968
0.53,1,-0.784521,-0.706208,0.024244,-3.20526,-0.0783133
0.53,2,1.19244,1.25449,-0.152106,-1.55717,-0.062046
0.53,3,0.00640258,0.000619227,0.0493174,0.0282431,0.00578335
0.53,4,-0.402144,-0.376287,-0.0594478,-0.177133,-0.0258571
0.53,5,2.00517e-05,-0.000343679,-0.0217058,0.00833039,0.000363731
0.54,0,0.00340278,0.000157223,0.0101892,0.0992547,0.00324555
0.54,1,-0.779528,-0.705702,0.0720628,-3.16924,-0.0738264
0.54,2,1.19,1.2528,-0.180667,-1.52271,-0.0628016
0.54,3,0.00846793,0.00123729,0.072018,0.0290956,0.00723064
0.54,4,-0.402835,-0.376939,-0.0705079,-0.171914,-0.025896
0.54,5,2.65201e-05,-0.000573992,-0.0235549,0.010069,0.000600512
0.55,0,0.00423272,0.000282763,0.0145546,0.114335,0.00394996
0.55,1,-0.774535,-0.704725,0.118349,-3.14746,-0.0698102
0.55,2,1.18756,1.25087,-0.203307,-1.49251,-0.063304
0.55,3,0.0105333,0.00207987,0.0941073,0.0280697,0.0084534
0.55,4,-0.403527,-0.377713,-0.0829621,-0.165029,-0.0258138
0.55,5,3.29884e-05,-0.000804123,-0.0221627,0.0108344,0.000837111
0.56,0,0.00506267,0.000454118,0.0192939,0.12646,0.00460855
0.56,1,-0.769542,-0.703298,0.162305,-3.1367,-0.0662445
0.56,2,1.18513,1.24874,-0.220244,-1.46787,-0.0636118
0.56,3,0.0125986,0.00313594,0.114756,0.0257733,0.00946268
0.56,4,-0.404218,-0.378606,-0.0941131,-0.157844,-0.0256125
0.56,5,3.94567e-05,-0.00100747,-0.0185889,0.0108113,0.00104692
0.57,0,0.00589262,0.000674367,0.0242901,0.13586,0.00521825
0.57,1,-0.764549,-0.701445,0.203633,-3.13506,-0.063104
0.57,2,1.18269,1.24647,-0.232126,-1.44911,-0.0637787
0.57,3,0.014664,0.00438821,0.133481,0.022669,0.0102758
0.57,4,-0.40491,-0.379596,-0.102499,-0.151264,-0.0253142
0.57,5,4.5925e-05,-0.00116767,-0.0137997,0.0102079,0.0012136
0.58,0,0.00672256,0.000945521,0.0294439,0.14275,0.00577704
0.58,1,-0.759556,-0.699194,0.24227,-3.14129,-0.060362
0.58,2,1.18025,1.2441,-0.239703,-1.43612,-0.063851
0.58,3,0.0167293,0.00581588,0.150027,0.019118,0.0109134
0.58,4,-0.405601,-0.380651,-0.107551,-0.145825,-0.0249501
0.58,5,5.23933e-05,-0.00127695,-0.0085579,0.00921411,0.00132935
0.59,0,0.00755251,0.00126868,0.0346708,0.147341,0.00628383
0.59,1,-0.754563,-0.696571,0.278268,-3.15447,-0.0579918
0.59,2,1.17781,1.24168,-0.243716,-1.4286,-0.0638678
0.59,3,0.0187947,0.00739653,0.1643,0.0154013,0.0113981
0.59,4,-0.406293,-0.381739,-0.109275,-0.141795,-0.024554
0.59,5,5.88616e-05,-0.00133399,-0.00341562,0.00798895,0.00139285
0.6,0,0.00838245,0.00164417,0.0398989,0.149835,0.00673829
0.6,1,-0.74957,-0.693603,0.311725,-3.17387,-0.0559674
0.6,2,1.17537,1.23923,-0.244851,-1.42612,-0.0638607
0.6,3,0.02086,0.00910748,0.176323,0.0117315,0.0117525
0.6,4,-0.406985,-0.382827,-0.108001,-0.13926,-0.0241575
0.6,5,6.53299e-05,-0.00134194,0.00125879,0.00665872,0.00140727
0.61,0,0.0092124,0.00207165,0.0450672,0.150428,0.00714075
0.61,1,-0.744577,-0.690313,0.342759,-3.19885,-0.0542643
0.61,2,1.17293,1.23679,-0.243725,-1.42821,-0.0638553
0.61,3,0.0229254,0.0109268,0.186205,0.00826275,0.0119986
0.61,4,-0.407676,-0.383888,-0.10422,-0.138194,-0.023788
0.61,5,7.17982e-05,-0.0013068,0.00524578,0.00531926,0.0013786
0.62,0,0.0100423,0.00255025,0.0501247,0.14931,0.00749209
0.62,1,-0.739584,-0.686725,0.371481,-3.22879,-0.0528586
0.62,2,1.17049,1.23437,-0.240881,-1.43437,-0.063871
0.62,3,0.0249907,0.0128339,0.194114,0.00510026,0.0121568
0.62,4,-0.408368,-0.3849,-0.0984825,-0.138499,-0.0234675
0.62,5,7.82665e-05,-0.0012361,0.00844024,0.00403976,0.00131437
0.63,0,0.0108723,0.00307861,0.0550283,0.146662,0.00779368
0.63,1,-0.734591,-0.682863,0.397994,-3.2631,-0.051728
0.63,2,1.16806,1.23198,-0.236793,-1.44408,-0.0639223
0.63,3,0.0270561,0.0148101,0.200252,0.00230836,0.0122459
0.63,4,-0.409059,-0.385847,-0.0913269,-0.140038,-0.0232126
0.63,5,8.47348e-05,-0.00113794,0.0108211,0.00286704,0.00122267
0.64,0,0.0117022,0.00365499,0.0597425,0.142662,0.00804725
0.64,1,-0.729598,-0.678747,0.42239,-3.3012,-0.0508507
0.64,2,1.16562,1.22964,-0.231868,-1.45685,-0.0640194
0.64,3,0.0291214,0.0168391,0.204841,-8.13379e-05,0.0122823
0.64,4,-0.409751,-0.386716,-0.0832497,-0.142653,-0.0230347
0.64,5,9.12031e-05,-0.00102029,0.012426,0.00182965,0.00111149
0.65,0,0.0125322,0.00427733,0.0642381,0.13748,0.00825485
0.65,1,-0.724605,-0.674399,0.444744,-3.34248,-0.0502062
0.65,2,1.16318,1.22735,-0.226453,-1.47216,-0.0641687
0.65,3,0.0311868,0.0189065,0.20811,-0.00206273,0.0122803
0.65,4,-0.410442,-0.387502,-0.0746858,-0.146182,-0.0229407
0.65,5,9.76714e-05,-0.000890514,0.0133305,0.000941792,0.000988185
0.66,0,0.0133621,0.00494331,0.0684913,0.131279,0.00841881
0.66,1,-0.719612,-0.669837,0.465126,-3.38635,-0.0497743
0.66,2,1.16074,1.22511,-0.220837,-1.48953,-0.0643735
0.66,3,0.0332521,0.0210003,0.210278,-0.00364876,0.0122518
0.66,4,-0.411134,-0.388201,-0.0660027,-0.150464,-0.0229331
0.66,5,0.00010414,-0.000755098,0.0136318,0.00020666,0.000859238
0.67,0,0.0141921,0.00565041,0.0724833,0.124217,0.00854167
0.67,1,-0.714619,-0.665083,0.483595,-3.43221,-0.0495356
0.67,2,1.1583,1.22294,-0.21526,-1.50851,-0.0646344
0.67,3,0.0353175,0.0231108,0.211555,-0.00486594,0.0122067
0.67,4,-0.411825,-0.388814,-0.0575015,-0.155342,-0.0230117
0.67,5,0.000110608,-0.000619488,0.0134367,-0.000380543,0.000730096
0.68,0,0.015022,0.00639591,0.0761996,0.116445,0.00862611
0.68,1,-0.709626,-0.660154,0.500209,-3.47948,-0.0494714
0.68,2,1.15586,1.22081,-0.209917,-1.52867,-0.06495
0.68,3,0.0373828,0.02523,0.21213,-0.0057496,0.0121528
0.68,4,-0.412517,-0.389344,-0.0494209,-0.160674,-0.023173
0.68,5,0.000117076,-0.000488055,0.0128527,-0.000830147,0.000605132
0.69,0,0.015852,0.00717701,0.0796298,0.108109,0.00867495
0.69,1,-0.704632,-0.655069,0.515022,-3.5276,-0.0495633
0.69,2,1.15342,1.21874,-0.204961,-1.54959,-0.065317
0.69,3,0.0394481,0.0273519,0.212171,-0.00634017,0.0120963
0.69,4,-0.413208,-0.389796,-0.0419441,-0.166324,-0.0234121
0.69,5,0.000123545,-0.000364125,0.0119811,-0.00115598,0.000487669
0.7,0,0.0166819,0.00799081,0.0827667,0.0993441,0.0086911
0.7,1,-0.699639,-0.649846,0.52809,-3.57602,-0.0497938
0.7,2,1.15099,1.21672,-0.200513,-1.5709,-0.0657308
0.7,3,0.0415135,0.029472,0.211826,-0.00668013,0.0120415
0.7,4,-0.4139,-0.390178,-0.035205,-0.172172,-0.0237219
0.7,5,0.000130013,-0.000250058,0.0109137,-0.00137374,0.000380071
0.71,0,0.0175119,0.00883434,0.0856065,0.0902812,0.00867752
0.71,1,-0.694646,-0.644501,0.539471,-3.62424,-0.0501456
0.71,2,1.14855,1.21473,-0.196661,-1.59225,-0.0661858
0.71,3,0.0435788,0.031587,0.211216,-0.00681174,0.0119918
0.71,4,-0.414591,-0.390497,-0.0292958,-0.178109,-0.0240946
0.71,5,0.000136481,-0.000147365,0.00973007,-0.00149979,0.000283846
0.72,0,0.0183418,0.00970463,0.0881483,0.081042,0.00863717
0.72,1,-0.689653,-0.639051,0.549229,-3.67177,-0.0506022
0.72,2,1.14611,1.21279,-0.193467,-1.61334,-0.0666759
0.72,3,0.0456442,0.0336951,0.210445,-0.00677539,0.0119491
0.72,4,-0.415283,-0.390761,-0.0242729,-0.184036,-0.0245215
0.72,5,0.00014295,-5.68292e-05,0.00849696,-0.00155019,0.000199779
0.73,0,0.0191717,0.0105987,0.0903939,0.0717401,0.00857304
0.73,1,-0.68466,-0.633512,0.557431,-3.7182,-0.0511478
0.73,2,1.14367,1.21086,-0.190968,-1.63388,-0.067194
0.73,3,0.0477095,0.0357948,0.209592,-0.00660842,0.0119147
0.73,4,-0.415975,-0.390981,-0.0201632,-0.189868,-0.0249937
0.73,5,0.000149418,2.13587e-05,0.00726798,-0.0015401,0.000128059
0.74,0,0.0200017,0.0115136,0.0923474,0.0624804,0.00848807
0.74,1,-0.679667,-0.6279,0.564149,-3.76313,-0.0517672
0.74,2,1.14123,1.20897,-0.189183,-1.65363,-0.0677332
0.74,3,0.0497749,0.037886,0.208723,-0.00634446,0.0118889
0.74,4,-0.416666,-0.391164,-0.0169692,-0.195531,-0.0255019
0.74,5,0.000155886,8.74778e-05,0.0060845,-0.00148331,6.84084e-05
0.75,0,0.0208316,0.0124465,0.0940155,0.0533588,0.00838513
0.75,1,-0.674674,-0.622228,0.569462,-3.80622,-0.0524459
0.75,2,1.13879,1.20708,-0.188111,-1.67237,-0.0682864
0.75,3,0.0518402,0.0399685,0.207883,-0.00601304,0.0118717
0.75,4,-0.417358,-0.39132,-0.0146733,-0.20096,-0.0260371
0.75,5,0.000162354,0.000142158,0.00497678,-0.00139205,2.01965e-05
0.76,0,0.0216616,0.0133945,0.0954067,0.0444619,0.00826705
0.76,1,-0.669681,-0.616511,0.573452,-3.84718,-0.0531705
0.76,2,1.13636,1.2052,-0.187739,-1.68991,-0.0688464
0.76,3,0.0539056,0.0420431,0.207108,-0.0056395,0.0118625
0.76,4,-0.418049,-0.391459,-0.0132421,-0.206103,-0.0265905
0.76,5,0.000168823,0.000186277,0.00396536,-0.00127688,-1.74545e-05
0.77,0,0.0224915,0.014355,0.0965313,0.0358671,0.00813653
0.77,1,-0.664688,-0.61076,0.576208,-3.88575,-0.0539281
0.77,2,1.13392,1.20332,-0.18804,-1.70611,-0.0694064
0.77,3,0.0559709,0.0441103,0.20642,-0.0052451,0.0118607
0.77,4,-0.418741,-0.391587,-0.0126296,-0.210914,-0.0271536
0.77,5,0.000175291,0.000220873,0.00306255,-0.00114667,-4.55816e-05
0.78,0,0.0233215,0.0153253,0.0974015,0.0276422,0.00799617
0.78,1,-0.659695,-0.604988,0.57782,-3.92173,-0.0547069
0.78,2,1.13148,1.20144,-0.188976,-1.72084,-0.0699598
0.78,3,0.0580363,0.0461711,0.205831,-0.00484727,0.0118651
0.78,4,-0.419432,-0.391714,-0.0127802,-0.215359,-0.0277187
0.78,5,0.000181759,0.000247066,0.00227395,-0.00100872,-6.53064e-05
0.79,0,0.0241514,0.016303,0.0980308,0.0198455,0.00784845
0.79,1,-0.654702,-0.599206,0.578383,-3.95499,-0.0554959
0.79,2,1.12904,1.19954,-0.190502,-1.73401,-0.0705006
0.79,3,0.0601016,0.0482267,0.205348,-0.00445991,0.0118749
0.79,4,-0.420124,-0.391845,-0.0136308,-0.219411,-0.0282783
0.79,5,0.000188228,0.000266004,0.00159985,-0.000868838,-7.77766e-05
0.8,0,0.0249814,0.0172857,0.0984338,0.012526,0.00769569
0.8,1,-0.649709,-0.593423,0.577994,-3.9854,-0.0562853
0.8,2,1.1266,1.19762,-0.192568,-1.74556,-0.0710232
0.8,3,0.062167,0.050278,0.204972,-0.00409378,0.0118889
0.8,4,-0.420815,-0.391989,-0.0151137,-0.22305,-0.0288258
0.8,5,0.000194696,0.000278816,0.00103652,-0.000731555,-8.41195e-05
0.81,0,0.0258113,0.0182712,0.0986264,0.00572352,0.00754007
0.81,1,-0.644716,-0.58765,0.576751,-4.01289,-0.057066
0.81,2,1.12416,1.19569,-0.195117,-1.75544,-0.0715224
0.81,3,0.0642323,0.0523262,0.204698,-0.00375694,0.0119062
0.81,4,-0.421507,-0.392151,-0.0171575,-0.226265,-0.0293554
0.81,5,0.000201164,0.000286573,0.000577372,-0.000600254,-8.54085e-05
0.82,0,0.0266413,0.0192577,0.0986251,-0.000531125,0.0073836
0.82,1,-0.639723,-0.581893,0.57475,-4.03745,-0.05783
0.82,2,1.12172,1.19372,-0.198089,-1.76363,-0.0719937
0.82,3,0.0662977,0.0543721,0.204518,-0.00345507,0.0119256
0.82,4,-0.422198,-0.392337,-0.0196895,-0.22905,-0.0298618
0.82,5,0.000207633,0.000290272,0.000213873,-0.00047736,-8.26396e-05
0.83,0,0.0274712,0.0202431,0.0984471,-0.00621557,0.00722814
0.83,1,-0.63473,-0.576159,0.57209,-4.05908,-0.0585703
0.83,2,1.11929,1.19172,-0.201422,-1.77015,-0.0724332
0.83,3,0.068363,0.0564167,0.204425,-0.00319194,0.0119463
0.83,4,-0.42289,-0.392549,-0.0226365,-0.231406,-0.0303406
0.83,5,0.000214101,0.000290818,-6.36218e-05,-0.000364498,-7.6717e-05
0.84,0,0.0283012,0.0212258,0.0981098,-0.0113156,0.00707535
0.84,1,-0.629736,-0.570456,0.568866,-4.07783,-0.0592809
0.84,2,1.11685,1.18968,-0.205054,-1.77502,-0.0728377
0.84,3,0.0704284,0.0584608,0.204409,-0.00296967,0.0119676
0.84,4,-0.423581,-0.392794,-0.025926,-0.23334,-0.0307879
0.84,5,0.000220569,0.000289014,-0.000265254,-0.000262649,-6.84451e-05
0.85,0,0.0291311,0.0222044,0.0976311,-0.0158247,0.00692672
0.85,1,-0.624743,-0.564787,0.565171,-4.09377,-0.0599565
0.85,2,1.11441,1.18761,-0.208924,-1.77829,-0.0732046
0.85,3,0.0724937,0.0605051,0.204459,-0.0027891,0.0119886
0.85,4,-0.424273,-0.393072,-0.0294876,-0.234863,-0.0312008
0.85,5,0.000227038,0.000285564,-0.000401173,-0.000172281,-5.85266e-05
0.86,0,0.029961,0.0231775,0.0970287,-0.0197434,0.00678357
0.86,1,-0.61975,-0.559157,0.561094,-4.107,-0.060593
0.86,2,1.11197,1.1855,-0.212969,-1.78001,-0.0735317
0.86,3,0.0745591,0.0625502,0.204564,-0.00265004,0.0120088
0.86,4,-0.424965,-0.393388,-0.0332532,-0.235989,-0.0315769
0.86,5,0.000233506,0.00028107,-0.000481177,-9.34686e-05,-4.75643e-05
0.87,0,0.030791,0.0241439,0.0963202,-0.0230787,0.00664705
0.87,1,-0.614757,-0.55357,0.556722,-4.11765,-0.061187
0.87,2,1.10953,1.18335,-0.217131,-1.78027,-0.0738177
0.87,3,0.0766244,0.0645967,0.204715,-0.00255151,0.0120277
0.87,4,-0.425656,-0.393742,-0.0371581,-0.236737,-0.0319145
0.87,5,0.000239974,0.00027604,-0.000514463,-2.59923e-05,-3.60662e-05
0.88,0,0.0316209,0.0251028,0.0955227,-0.0258438,0.00651811
0.88,1,-0.609764,-0.548028,0.552135,-4.12585,-0.0617361
0.88,2,1.10709,1.18115,-0.221354,-1.77914,-0.0740617
0.88,3,0.0786898,0.0666448,0.204902,-0.00249195,0.0120449
0.88,4,-0.426348,-0.394135,-0.0411415,-0.23713,-0.0322126
0.88,5,0.000246442,0.000270895,-0.000509473,3.05797e-05,-2.44524e-05
0.89,0,0.0324509,0.0260533,0.094653,-0.0280568,0.00639756
0.89,1,-0.604771,-0.542533,0.54741,-4.13177,-0.0622385
0.89,2,1.10465,1.17892,-0.225584,-1.77673,-0.0742634
0.89,3,0.0807551,0.068695,0.205117,-0.00246936,0.0120601
0.89,4,-0.427039,-0.394568,-0.0451469,-0.237192,-0.0324707
0.89,5,0.000252911,0.000265974,-0.000473804,7.68252e-05,-1.30632e-05
0.9,0,0.0332808,0.0269948,0.0937272,-0.0297407,0.00628603
0.9,1,-0.599778,-0.537085,0.542618,-4.13558,-0.0626932
0.9,2,1.10222,1.17664,-0.229774,-1.77314,-0.0744229
0.9,3,0.0828205,0.0707475,0.205352,-0.00248145,0.012073
0.9,4,-0.427731,-0.395042,-0.0491224,-0.23695,-0.0326888
0.9,5,0.000259379,0.000261547,-0.000414179,0.000113416,-2.16754e-06
0.91,0,0.0341108,0.0279268,0.0927606,-0.0309224,0.00618399
0.91,1,-0.594785,-0.531685,0.537823,-4.13746,-0.0630999
0.91,2,1.09978,1.17432,-0.233876,-1.76848,-0.074541
0.91,3,0.0848858,0.0728023,0.205601,-0.00252572,0.0120835
0.91,4,-0.428422,-0.395555,-0.0530211,-0.236431,-0.0328676
0.91,5,0.000265847,0.00025782,-0.000336462,0.000141078,8.02784e-06
0.92,0,0.0349407,0.0288489,0.0917677,-0.0316322,0.00609177
0.92,1,-0.589792,-0.526333,0.533084,-4.13761,-0.0634589
0.92,2,1.09734,1.17196,-0.237852,-1.76286,-0.0746188
0.92,3,0.0869512,0.0748597,0.205856,-0.00259959,0.0120914
0.92,4,-0.429114,-0.396106,-0.0568012,-0.235664,-0.0330081
0.92,5,0.000272316,0.000254945,-0.000245696,0.000160561,1.73704e-05
0.93,0,0.0357707,0.0297611,0.0907619,-0.0319031,0.00600957
0.93,1,-0.584799,-0.521028,0.528454,-4.13621,-0.0637711
0.93,2,1.0949,1.16956,-0.241666,-1.7564,-0.0746576
0.93,3,0.0890165,0.0769197,0.206114,-0.00270042,0.0120968
0.93,4,-0.429805,-0.396694,-0.0604259,-0.234679,-0.0331115
0.93,5,0.000278784,0.00025303,-0.000146161,0.000172618,2.57539e-05
0.94,0,0.0366006,0.0306632,0.0897558,-0.0317701,0.00593743
0.94,1,-0.579806,-0.515768,0.52398,-4.13345,-0.0640379
0.94,2,1.09246,1.16712,-0.245286,-1.74921,-0.0746594
0.94,3,0.0910819,0.0789823,0.206369,-0.00282558,0.0120996
0.94,4,-0.430497,-0.397317,-0.0638637,-0.233506,-0.0331797
0.94,5,0.000285252,0.000252141,-4.14495e-05,0.000177989,3.31109e-05
0.95,0,0.0374306,0.0315553,0.0887607,-0.03127,0.00587531
0.95,1,-0.574813,-0.510552,0.519702,-4.12954,-0.0642609
0.95,2,1.09002,1.16465,-0.248686,-1.74141,-0.0746261
0.95,3,0.0931472,0.0810473,0.206618,-0.00297248,0.0120999
0.95,4,-0.431188,-0.397974,-0.0670882,-0.232173,-0.0332147
0.95,5,0.000291721,0.000252314,6.54611e-05,0.000177394,3.94064e-05
0.96,0,0.0382605,0.0324375,0.087787,-0.0304403,0.00582302
0.96,1,-0.56982,-0.505377,0.515653,-4.12466,-0.0644424
0.96,2,1.08759,1.16215,-0.251844,-1.73312,-0.0745602
0.96,3,0.0952125,0.0831149,0.206859,-0.00313861,0.0120977
0.96,4,-0.43188,-0.398661,-0.0700779,-0.230711,-0.0332187
0.96,5,0.000298189,0.000253557,0.000172133,0.000171522,4.46323e-05
0.97,0,0.0390905,0.0333101,0.0868439,-0.0293192,0.00578031
0.97,1,-0.564827,-0.500242,0.511864,-4.11898,-0.0645848
0.97,2,1.08515,1.15961,-0.254745,-1.72443,-0.0744641
0.97,3,0.0972779,0.0851847,0.207089,-0.00332153,0.0120932
0.97,4,-0.432571,-0.399377,-0.0728164,-0.229145,-0.0331942
0.97,5,0.000304657,0.000255855,0.000276597,0.000161032,4.88022e-05
0.98,0,0.0399204,0.0341736,0.0859393,-0.0279448,0.00574683
0.98,1,-0.559834,-0.495143,0.508355,-4.1127,-0.0646908
0.98,2,1.08271,1.15705,-0.257376,-1.71546,-0.0743404
0.98,3,0.0993432,0.0872568,0.207305,-0.00351893,0.0120864
0.98,4,-0.433263,-0.400119,-0.0752917,-0.227504,-0.0331437
0.98,5,0.000311126,0.000259178,0.000377285,0.00014655,5.19471e-05
0.99,0,0.0407503,0.0350282,0.0850802,-0.0263548,0.00572215
0.99,1,-0.554841,-0.490077,0.505144,-4.10597,-0.0647634
0.99,2,1.08027,1.15446,-0.259729,-1.7063,-0.074192
0.99,3,0.101409,0.089331,0.207508,-0.00372858,0.0120776
0.99,4,-0.433955,-0.400885,-0.0774961,-0.225812,-0.03307
0.99,5,0.000317594,0.000263482,0.000472969,0.000128668,5.41117e-05
1,0,0.0415803,0.0358745,0.0842724,-0.0245861,0.00570578
1,1,-0.549847,-0.485042,0.502242,-4.09895,-0.0648055
1,2,1.07783,1.15185,-0.261799,-1.69705,-0.0740216
1,3,0.103474,0.0914071,0.207695,-0.00394839,0.0120668
1,4,-0.434646,-0.40167,-0.079426,-0.224093,-0.0329757
1,5,0.000324062,0.000268711,0.000562713,0.000107944,5.53515e-05
1.01,0,0.0424102,0.0367131,0.0835206,-0.0226745,0.00569718
1.01,1,-0.544854,-0.480034,0.499657,-4.09179,-0.0648204
1.01,2,1.07539,1.14922,-0.263588,-1.68779,-0.073832
1.01,3,0.105539,0.093485,0.207865,-0.00417639,0.0120543
1.01,4,-0.435338,-0.402474,-0.0810818,-0.222369,-0.0328637
1.01,5,0.00033053,0.000274801,0.000645823,8.49026e-05,5.57299e-05
1.02,0,0.0432402,0.0375444,0.0828285,-0.0206543,0.00569578
1.02,1,-0.539861,-0.47505,0.497392,-4.08462,-0.0648112
1.02,2,1.07295,1.14658,-0.265097,-1.67859,-0.0736261
1.02,3,0.107605,0.0955645,0.20802,-0.00441074,0.0120401
1.02,4,-0.436029,-0.403293,-0.0824669,-0.220659,-0.0327366
1.02,5,0.000336999,0.000281683,0.00072181,6.00372e-05,5.5316e-05
1.03,0,0.0440701,0.0383692,0.0821988,-0.018558,0.00570096
1.03,1,-0.534868,-0.470087,0.495443,-4.07757,-0.0647811
1.03,2,1.07052,1.14392,-0.266334,-1.66953,-0.0734066
1.03,3,0.10967,0.0976455,0.208158,-0.00464972,0.0120245
1.03,4,-0.436721,-0.404124,-0.0835882,-0.218982,-0.0325971
1.03,5,0.000343467,0.000289284,0.000790356,3.38081e-05,5.4183e-05
1.04,0,0.0449001,0.039188,0.0816332,-0.0164164,0.00571208
1.04,1,-0.529875,-0.465142,0.493806,-4.07075,-0.0647332
1.04,2,1.06808,1.14125,-0.267308,-1.66067,-0.0731762
1.04,3,0.111735,0.0997278,0.208279,-0.00489174,0.0120076
1.04,4,-0.437412,-0.404964,-0.0844548,-0.217355,-0.0324477
1.04,5,0.000349935,0.000297529,0.00085129,6.64444e-06,5.24063e-05
1.05,0,0.04573,0.0400015,0.0811326,-0.0142579,0.0057285
1.05,1,-0.524882,-0.460212,0.492473,-4.06424,-0.0646706
1.05,2,1.06564,1.13858,-0.26803,-1.65206,-0.0729374
1.05,3,0.113801,0.101811,0.208385,-0.00513536,0.0119895
1.05,4,-0.438104,-0.405813,-0.0850785,-0.21579,-0.0322911
1.05,5,0.000356404,0.000306341,0.00090456,-2.1056e-05,5.00624e-05
1.06,0,0.04656,0.0408104,0.0806972,-0.0121089,0.00574957
1.06,1,-0.519889,-0.455293,0.49143,-4.05814,-0.0645963
1.06,2,1.0632,1.13589,-0.268514,-1.64375,-0.0726928
1.06,3,0.115866,0.103895,0.208474,-0.00537923,0.0119705
1.06,4,-0.438795,-0.406666,-0.0854731,-0.214299,-0.0321295
1.06,5,0.000362872,0.000315644,0.000950218,-4.89266e-05,4.72277e-05
1.07,0,0.0473899,0.0416153,0.0803263,-0.00999341,0.00577463
1.07,1,-0.514896,-0.450383,0.490665,-4.05252,-0.0645131
1.07,2,1.06076,1.13321,-0.268776,-1.63578,-0.0724445
1.07,3,0.117931,0.105981,0.208549,-0.00562215,0.0119507
1.07,4,-0.439487,-0.407522,-0.0856538,-0.212894,-0.0319651
1.07,5,0.00036934,0.000325362,0.000988402,-7.66316e-05,4.39778e-05
1.08,0,0.0482199,0.0424168,0.0800185,-0.00793298,0.00580306
1.08,1,-0.509903,-0.445479,0.490159,-4.04743,-0.0644237
1.08,2,1.05832,1.13052,-0.268831,-1.62818,-0.0721948
1.08,3,0.119997,0.108066,0.208609,-0.00586306,0.0119302
1.08,4,-0.440178,-0.408378,-0.0856373,-0.211582,-0.0318001
1.08,5,0.000375809,0.000335422,0.00101932,-0.000103866,4.03861e-05
1.09,0,0.0490498,0.0432156,0.079772,-0.00594678,0.00583423
1.09,1,-0.50491,-0.440579,0.489896,-4.04291,-0.0643306
1.09,2,1.05588,1.12783,-0.268698,-1.62097,-0.0719456
1.09,3,0.122062,0.110153,0.208655,-0.00610098,0.0119092
1.09,4,-0.44087,-0.409234,-0.0854411,-0.210369,-0.0316362
1.09,5,0.000382277,0.000345753,0.00104325,-0.000130356,3.65239e-05
1.1,0,0.0498797,0.0440122,0.0795843,-0.00405154,0.00586753
1.1,1,-0.499917,-0.435681,0.489856,-4.03901,-0.0642361
1.1,2,1.05345,1.12514,-0.268395,-1.61417,-0.0716986
1.1,3,0.124127,0.11224,0.208689,-0.00633509,0.0118878
1.1,4,-0.441561,-0.410086,-0.0850834,-0.20926,-0.0314752
1.1,5,0.000388745,0.000356286,0.00106052,-0.000155858,3.24594e-05
1.11,0,0.0507097,0.0448073,0.0794526,-0.00226157,0.00590241
1.11,1,-0.494924,-0.430781,0.490017,-4.03574,-0.0641423
1.11,2,1.05101,1.12246,-0.267941,-1.60778,-0.0714556
1.11,3,0.126193,0.114327,0.20871,-0.00656465,0.0118662
1.11,4,-0.442253,-0.410934,-0.084583,-0.208256,-0.0313185
1.11,5,0.000395213,0.000366956,0.00107148,-0.000180159,2.82572e-05
1.12,0,0.0515396,0.0456013,0.0793736,-0.000588818,0.0059383
1.12,1,-0.489931,-0.42588,0.490359,-4.03312,-0.0640511
1.12,2,1.04857,1.11979,-0.267356,-1.60182,-0.0712178
1.12,3,0.128258,0.116414,0.208721,-0.00678905,0.0118443
1.12,4,-0.442945,-0.411777,-0.0839585,-0.207361,-0.0311675
1.12,5,0.000401682,0.000377704,0.00107655,-0.000203075,2.39781e-05
1.13,0,0.0523696,0.0463949,0.0793438,0.000957058,0.00597471
1.13,1,-0.484938,-0.420973,0.490859,-4.03115,-0.0639643
1.13,2,1.04613,1.11712,-0.266658,-1.59628,-0.0709864
1.13,3,0.130323,0.118501,0.208721,-0.00700779,0.0118225
1.13,4,-0.443636,-0.412613,-0.0832286,-0.206573,-0.0310234
1.13,5,0.00040815,0.000388471,0.00107615,-0.000224451,1.96788e-05
1.14,0,0.0531995,0.0471884,0.0793594,0.00236861,0.00601117
1.14,1,-0.479945,-0.416061,0.491497,-4.02982,-0.0638832
1.14,2,1.04369,1.11445,-0.265865,-1.59115,-0.0707627
1.14,3,0.132389,0.120588,0.208712,-0.00722045,0.0118007
1.14,4,-0.444328,-0.41344,-0.0824115,-0.205891,-0.0308871
1.14,5,0.000414618,0.000399207,0.00107074,-0.000244164,1.54114e-05
1.15,0,0.0540295,0.0479822,0.0794164,0.00364049,0.00604724
1.15,1,-0.474951,-0.411142,0.49225,-4.02912,-0.0638092
1.15,2,1.04125,1.1118,-0.264997,-1.58642,-0.0705472
1.15,3,0.134454,0.122675,0.208694,-0.00742671,0.011779
1.15,4,-0.445019,-0.41426,-0.0815249,-0.205312,-0.0307594
1.15,5,0.000421087,0.000409863,0.00106077,-0.000262113,1.12236e-05
1.16,0,0.0548594,0.0487769,0.0795107,0.00476934,0.00608254
1.16,1,-0.469958,-0.406215,0.493098,-4.02902,-0.0637432
1.16,2,1.03882,1.10916,-0.264071,-1.58208,-0.0703408
1.16,3,0.13652,0.124762,0.208669,-0.00762637,0.0117575
1.16,4,-0.445711,-0.41507,-0.0805858,-0.204833,-0.0306408
1.16,5,0.000427555,0.000420397,0.00104673,-0.000278228,7.15827e-06
1.17,0,0.0556894,0.0495727,0.0796381,0.00575364,0.0061167
1.17,1,-0.464965,-0.401279,0.494019,-4.0295,-0.0636861
1.17,2,1.03638,1.10652,-0.263103,-1.57811,-0.0701439
1.17,3,0.138585,0.126849,0.208638,-0.00781925,0.0117363
1.17,4,-0.446402,-0.41587,-0.0796104,-0.204449,-0.0305318
1.17,5,0.000434023,0.00043077,0.0010291,-0.000292461,3.2535e-06
1.18,0,0.0565193,0.0503699,0.0797945,0.00659363,0.00614943
1.18,1,-0.459972,-0.396334,0.494994,-4.03053,-0.0636386
1.18,2,1.03394,1.1039,-0.262109,-1.57449,-0.0699568
1.18,3,0.14065,0.128935,0.208601,-0.00800532,0.0117155
1.18,4,-0.447094,-0.416661,-0.0786138,-0.204155,-0.0304327
1.18,5,0.000440492,0.000440949,0.00100835,-0.00030479,-4.5739e-07
1.19,0,0.0573493,0.0511688,0.0799756,0.00729107,0.00618045
1.19,1,-0.454979,-0.391378,0.496005,-4.03206,-0.063601
1.19,2,1.0315,1.10128,-0.261104,-1.57118,-0.0697797
1.19,3,0.142716,0.13102,0.208559,-0.00818455,0.0116951
1.19,4,-0.447785,-0.417442,-0.0776102,-0.203944,-0.0303436
1.19,5,0.00044696,0.000450906,0.000984954,-0.000315215,-3.94587e-06
1.2,0,0.0581792,0.0519697,0.0801775,0.00784917,0.00620954
1.2,1,-0.449986,-0.386413,0.497034,-4.03405,-0.0635737
1.2,2,1.02906,1.09867,-0.260101,-1.56818,-0.0696127
1.2,3,0.144781,0.133106,0.208513,-0.00835703,0.0116751
1.2,4,-0.448477,-0.418212,-0.0766125,-0.20381,-0.0302646
1.2,5,0.000453428,0.000460616,0.000959385,-0.000323756,-7.18808e-06
1.21,0,0.0590092,0.0527726,0.0803962,0.00827243,0.00623652
1.21,1,-0.444993,-0.381437,0.498065,-4.03646,-0.0635566
1.21,2,1.02662,1.09608,-0.259112,-1.56545,-0.0694557
1.21,3,0.146846,0.135191,0.208464,-0.00852287,0.0116556
1.21,4,-0.449168,-0.418973,-0.0756324,-0.203747,-0.0301954
1.21,5,0.000459897,0.000470061,0.000932092,-0.000330452,-1.01648e-05
1.22,0,0.0598391,0.0535779,0.0806278,0.00856644,0.00626124
1.22,1,-0.44,-0.37645,0.499083,-4.03924,-0.0635498
1.22,2,1.02418,1.09349,-0.25815,-1.56295,-0.0693084
1.22,3,0.148912,0.137275,0.208413,-0.00868224,0.0116366
1.22,4,-0.44986,-0.419724,-0.0746804,-0.203747,-0.0301359
1.22,5,0.000466365,0.000479226,0.00090351,-0.000335358,-1.28611e-05
1.23,0,0.060669,0.0543854,0.0808687,0.00873777,0.00628359
1.23,1,-0.435007,-0.371454,0.500074,-4.04234,-0.063553
1.23,2,1.02175,1.09092,-0.257223,-1.56067,-0.0691705
1.23,3,0.150977,0.139359,0.20836,-0.00883538,0.0116181
1.23,4,-0.450551,-0.420466,-0.0737659,-0.203802,-0.0300857
1.23,5,0.000472833,0.0004881,0.000874053,-0.000338548,-1.52664e-05
1.24,0,0.061499,0.0551955,0.0811154,0.0087938,0.0063035
1.24,1,-0.430014,-0.366448,0.501027,-4.04572,-0.063566
1.24,2,1.01931,1.08835,-0.256339,-1.55857,-0.0690417
1.24,3,0.153042,0.141442,0.208306,-0.00898254,0.0116001
1.24,4,-0.451243,-0.421199,-0.0728966,-0.203907,-0.0300444
1.24,5,0.000479301,0.000496676,0.000844117,-0.000340106,-1.73742e-05
1.25,0,0.0623289,0.056008,0.0813647,0.00874259,0.00632092
1.25,1,-0.425021,-0.361433,0.501931,-4.04932,-0.0635882
1.25,2,1.01687,1.08579,-0.255507,-1.55663,-0.0689214
1.25,3,0.155108,0.143525,0.208252,-0.009124,0.0115827
1.25,4,-0.451935,-0.421923,-0.0720796,-0.204052,-0.0300115
1.25,5,0.00048577,0.000504952,0.00081407,-0.00034013,-1.91818e-05
1.26,0,0.0631589,0.056823,0.0816137,0.00859273,0.00633585
1.26,1,-0.420028,-0.356409,0.502777,-4.0531,-0.0636192
1.26,2,1.01443,1.08324,-0.254732,-1.55481,-0.0688091
1.26,3,0.157173,0.145607,0.208197,-0.0092601,0.0115658
1.26,4,-0.452626,-0.42264,-0.0713201,-0.204231,-0.0299864
1.26,5,0.000492238,0.000512928,0.000784257,-0.000338726,-2.06899e-05
1.27,0,0.0639888,0.0576405,0.0818596,0.00835318,0.0063483
1.27,1,-0.415035,-0.351376,0.503558,-4.057,-0.0636582
1.27,2,1.01199,1.0807,-0.254019,-1.55309,-0.0687043
1.27,3,0.159238,0.147689,0.208144,-0.00939117,0.0115495
1.27,4,-0.453318,-0.423349,-0.0706226,-0.204438,-0.0299687
1.27,5,0.000498706,0.000520609,0.000754993,-0.000336011,-2.19026e-05
1.28,0,0.0648188,0.0584604,0.0820999,0.00803319,0.00635832
1.28,1,-0.410042,-0.346337,0.504266,-4.06099,-0.0637047
1.28,2,1.00955,1.07816,-0.253372,-1.55144,-0.0686062
1.28,3,0.161304,0.14977,0.208091,-0.00951757,0.0115337
1.28,4,-0.454009,-0.424052,-0.0699904,-0.204665,-0.0299575
1.28,5,0.000505175,0.000528002,0.000726565,-0.000332105,-2.28271e-05
1.29,0,0.0656487,0.0592827,0.0823324,0.00764214,0.00636598
1.29,1,-0.405049,-0.341291,0.504899,-4.06501,-0.0637578
1.29,2,1.00711,1.07563,-0.252792,-1.54984,-0.0685142
1.29,3,0.163369,0.151851,0.20804,-0.00963968,0.0115184
1.29,4,-0.454701,-0.424748,-0.0694255,-0.204906,-0.0299523
1.29,5,0.000511643,0.000535116,0.000699232,-0.000327135,-2.34731e-05
1.3,0,0.0664787,0.0601073,0.0825551,0.00718944,0.00637137
1.3,1,-0.400056,-0.336239,0.505451,-4.06903,-0.0638169
1.3,2,1.00468,1.0731,-0.252283,-1.54826,-0.0684277
1.3,3,0.165434,0.153931,0.207991,-0.00975789,0.0115036
1.3,4,-0.455392,-0.42544,-0.0689292,-0.205154,-0.0299524
1.3,5,0.000518111,0.000541964,0.000673221,-0.000321231,-2.38528e-05
1.31,0,0.0673086,0.060934,0.0827664,0.00668442,0.00637459
1.31,1,-0.395062,-0.331181,0.505922,-4.07301,-0.063881
1.31,2,1.00224,1.07058,-0.251843,-1.54669,-0.0683458
1.31,3,0.1675,0.15601,0.207943,-0.00987256,0.0114893
1.31,4,-0.456084,-0.426127,-0.0685017,-0.205405,-0.029957
1.31,5,0.00052458,0.00054856,0.00064873,-0.000314523,-2.39807e-05
1.32,0,0.0681386,0.0617628,0.0829649,0.00613625,0.00637577
1.32,1,-0.390069,-0.32612,0.506309,-4.0769,-0.0639493
1.32,2,0.999799,1.06807,-0.251473,-1.54509,-0.068268
1.32,3,0.169565,0.15809,0.207899,-0.0099841,0.0114755
1.32,4,-0.456775,-0.42681,-0.0681424,-0.205653,-0.0299656
1.32,5,0.000531048,0.000554921,0.000625927,-0.000307142,-2.38728e-05
1.33,0,0.0689685,0.0625935,0.0831493,0.00555381,0.00637504
1.33,1,-0.385076,-0.321055,0.506614,-4.08069,-0.0640211
1.33,2,0.997361,1.06555,-0.251171,-1.54346,-0.0681935
1.33,3,0.17163,0.160168,0.207857,-0.0100929,0.0114621
1.33,4,-0.457467,-0.427489,-0.0678498,-0.205894,-0.0299774
1.33,5,0.000537516,0.000561063,0.000604948,-0.000299219,-2.35469e-05
1.34,0,0.0697984,0.0634259,0.0833188,0.00494569,0.00637255
1.34,1,-0.380083,-0.315988,0.506837,-4.08433,-0.0640955
1.34,2,0.994922,1.06304,-0.250937,-1.54177,-0.0681216
1.34,3,0.173696,0.162247,0.207817,-0.0101993,0.0114491
1.34,4,-0.458158,-0.428167,-0.0676221,-0.206123,-0.0299917
1.34,5,0.000543985,0.000567006,0.000585904,-0.000290879,-2.30217e-05
1.35,0,0.0706284,0.0642599,0.0834727,0.00432004,0.00636845
1.35,1,-0.37509,-0.310919,0.50698,-4.0878,-0.0641716
1.35,2,0.992484,1.06054,-0.250766,-1.54002,-0.0680517
1.35,3,0.175761,0.164325,0.207781,-0.0103037,0.0114365
1.35,4,-0.45885,-0.428842,-0.0674564,-0.206336,-0.030008
1.35,5,0.000550453,0.00057277,0.000568873,-0.000282247,-2.2317e-05
1.36,0,0.0714583,0.0650954,0.0836105,0.00368457,0.0063629
1.36,1,-0.370097,-0.305848,0.507045,-4.09109,-0.0642488
1.36,2,0.990045,1.05803,-0.250656,-1.53818,-0.0679832
1.36,3,0.177826,0.166402,0.207747,-0.0104064,0.0114242
1.36,4,-0.459541,-0.429516,-0.0673496,-0.20653,-0.0300256
1.36,5,0.000556921,0.000578375,0.000553911,-0.00027344,-2.14535e-05
1.37,0,0.0722883,0.0659322,0.0837319,0.00304649,0.00635606
1.37,1,-0.365104,-0.300778,0.507038,-4.09416,-0.0643262
1.37,2,0.987607,1.05552,-0.250604,-1.53626,-0.0679155
1.37,3,0.179892,0.16848,0.207717,-0.0105078,0.0114123
1.37,4,-0.460233,-0.430189,-0.0672981,-0.206703,-0.030044
1.37,5,0.000563389,0.000583841,0.000541042,-0.000264571,-2.04518e-05
1.38,0,0.0731182,0.0667701,0.0838371,0.00241243,0.00634809
1.38,1,-0.360111,-0.295708,0.50696,-4.09701,-0.0644031
1.38,2,0.985168,1.05302,-0.250605,-1.53423,-0.067848
1.38,3,0.181957,0.170557,0.20769,-0.0106082,0.0114006
1.38,4,-0.460925,-0.430862,-0.0672979,-0.206852,-0.0300626
1.38,5,0.000569858,0.000589191,0.00053027,-0.000255746,-1.93329e-05
1.39,0,0.0739482,0.067609,0.083926,0.00178848,0.00633916
1.39,1,-0.355118,-0.290639,0.506818,-4.09961,-0.0644789
1.39,2,0.98273,1.05051,-0.250656,-1.53209,-0.0677802
1.39,3,0.184023,0.172633,0.207666,-0.0107079,0.0113892
1.39,4,-0.461616,-0.431535,-0.0673449,-0.206975,-0.0300809
1.39,5,0.000576326,0.000594444,0.000521574,-0.000247061,-1.81178e-05
1.4,0,0.0747781,0.0684487,0.0839991,0.00118013,0.00632944
1.4,1,-0.350125,-0.285572,0.506615,-4.10197,-0.064553
1.4,2,0.980291,1.048,-0.250751,-1.52985,-0.0677116
1.4,3,0.186088,0.17471,0.207645,-0.0108071,0.011378
1.4,4,-0.462308,-0.432209,-0.0674344,-0.207071,-0.0300985
1.4,5,0.000582794,0.000599621,0.000514912,-0.000238608,-1.68269e-05
1.41,0,0.0756081,0.069289,0.0840567,0.000592226,0.00631906
1.41,1,-0.345132,-0.280507,0.506358,-4.10406,-0.0646247
1.41,2,0.977853,1.04549,-0.250887,-1.52748,-0.0676419
1.41,3,0.188153,0.176786,0.207627,-0.0109062,0.011367
1.41,4,-0.462999,-0.432884,-0.0675621,-0.207139,-0.0301151
1.41,5,0.000589263,0.000604743,0.000510221,-0.000230468,-1.54803e-05
1.42,0,0.076438,0.0701298,0.0840995,2.90397e-05,0.00630819
1.42,1,-0.340139,-0.275445,0.506051,-4.1059,-0.0646936
1.42,2,0.975414,1.04298,-0.251058,-1.525,-0.0675706
1.42,3,0.190219,0.178862,0.207611,-0.0110054,0.0113561
1.42,4,-0.463691,-0.433561,-0.0677231,-0.207179,-0.0301301
1.42,5,0.000595731,0.000609828,0.000507423,-0.000222713,-1.40973e-05
1.43,0,0.077268,0.070971,0.0841282,-0.000505792,0.00629697
1.43,1,-0.335146,-0.270387,0.505701,-4.10747,-0.0647591
1.43,2,0.972976,1.04047,-0.251259,-1.52241,-0.0674974
1.43,3,0.192284,0.180938,0.207599,-0.0111049,0.0113454
1.43,4,-0.464382,-0.434239,-0.0679129,-0.207191,-0.0301434
1.43,5,0.000602199,0.000614896,0.000506421,-0.000215408,-1.26963e-05
1.44,0,0.0780979,0.0718124,0.0841436,-0.00100923,0.00628554
1.44,1,-0.330153,-0.265332,0.505313,-4.10878,-0.064821
1.44,2,0.970537,1.03796,-0.251486,-1.51969,-0.0674221
1.44,3,0.194349,0.183014,0.207589,-0.0112049,0.0113349
1.44,4,-0.465074,-0.434919,-0.0681269,-0.207174,-0.0301546
1.44,5,0.000608668,0.000619962,0.000507107,-0.000208605,-1.12946e-05
1.45,0,0.0789279,0.0726538,0.0841466,-0.00147884,0.00627402
1.45,1,-0.32516,-0.260281,0.504892,-4.10983,-0.0648787
1.45,2,0.968099,1.03544,-0.251735,-1.51686,-0.0673444
1.45,3,0.196415,0.18509,0.207582,-0.0113055,0.0113244
1.45,4,-0.465765,-0.435602,-0.0683605,-0.207129,-0.0301636
1.45,5,0.000615136,0.000625044,0.00050936,-0.000202351,-9.90853e-06
1.46,0,0.0797578,0.0734953,0.0841381,-0.00191274,0.00626254
1.46,1,-0.320166,-0.255234,0.504445,-4.11062,-0.0649322
1.46,2,0.96566,1.03292,-0.252,-1.51392,-0.0672641
1.46,3,0.19848,0.187166,0.207577,-0.0114069,0.0113139
1.46,4,-0.466457,-0.436287,-0.0686094,-0.207057,-0.0301702
1.46,5,0.000621604,0.000630157,0.000513048,-0.000196679,-8.55298e-06
1.47,0,0.0805877,0.0743365,0.0841192,-0.0023096,0.0062512
1.47,1,-0.315173,-0.250192,0.503976,-4.11117,-0.064981
1.47,2,0.963222,1.0304,-0.252278,-1.51088,-0.0671811
1.47,3,0.200545,0.189242,0.207574,-0.0115093,0.0113035
1.47,4,-0.467148,-0.436974,-0.0688695,-0.206959,-0.0301742
1.47,5,0.000628072,0.000635314,0.000518035,-0.000191618,-7.24157e-06
1.48,0,0.0814177,0.0751776,0.0840909,-0.00266862,0.0062401
1.48,1,-0.31018,-0.245155,0.503491,-4.11148,-0.065025
1.48,2,0.960783,1.02788,-0.252564,-1.50773,-0.0670952
1.48,3,0.202611,0.191318,0.207573,-0.0116126,0.0112931
1.48,4,-0.46784,-0.437664,-0.0691368,-0.206836,-0.0301756
1.48,5,0.000634541,0.000640527,0.000524175,-0.000187185,-5.98649e-06
1.49,0,0.0822476,0.0760183,0.0840543,-0.00298949,0.00622934
1.49,1,-0.305187,-0.240123,0.502995,-4.11155,-0.0650642
1.49,2,0.958345,1.02535,-0.252854,-1.50449,-0.0670065
1.49,3,0.204676,0.193393,0.207574,-0.011717,0.0112827
1.49,4,-0.468531,-0.438357,-0.0694076,-0.206691,-0.0301743
1.49,5,0.000641009,0.000645808,0.000531322,-0.000183389,-4.79847e-06
1.5,0,0.0830776,0.0768586,0.0840104,-0.00327232,0.00621897
1.5,1,-0.300194,-0.235096,0.502493,-4.11141,-0.0650983
1.5,2,0.955906,1.02282,-0.253145,-1.50116,-0.0669149
1.5,3,0.206741,0.195469,0.207577,-0.0118225,0.0112723
1.5,4,-0.469223,-0.439053,-0.0696785,-0.206523,-0.0301703
1.5,5,0.000647477,0.000651164,0.000539326,-0.000180231,-3.68676e-06
1.51,0,0.0839075,0.0776984,0.0839604,-0.00351767,0.00620909
1.51,1,-0.295201,-0.230074,0.501989,-4.11106,-0.0651274
1.51,2,0.953468,1.02029,-0.253433,-1.49774,-0.0668203
1.51,3,0.208807,0.197545,0.20758,-0.0119292,0.0112619
1.51,4,-0.469914,-0.439751,-0.0699463,-0.206335,-0.0301635
1.51,5,0.000653946,0.000656605,0.000548037,-0.000177707,-2.6591e-06
1.52,0,0.0847375,0.0785377,0.0839052,-0.00372646,0.00619973
1.52,1,-0.290208,-0.225057,0.501486,-4.11052,-0.0651514
1.52,2,0.951029,1.01775,-0.253716,-1.49425,-0.0667229
1.52,3,0.210872,0.199621,0.207585,-0.0120371,0.0112514
1.52,4,-0.470606,-0.440452,-0.0702082,-0.206129,-0.0301542
1.52,5,0.000660414,0.000662136,0.000557309,-0.000175801,-1.72176e-06
1.53,0,0.0855674,0.0793765,0.0838459,-0.00389995,0.00619095
1.53,1,-0.285215,-0.220045,0.500989,-4.10979,-0.0651705
1.53,2,0.948591,1.01521,-0.253991,-1.4907,-0.0666227
1.53,3,0.212937,0.201697,0.207592,-0.0121461,0.0112409
1.53,4,-0.471298,-0.441155,-0.0704616,-0.205907,-0.0301422
1.53,5,0.000666882,0.000667762,0.000566996,-0.000174496,-8.79534e-07
1.54,0,0.0863974,0.0802146,0.0837835,-0.0040397,0.00618277
1.54,1,-0.280222,-0.215037,0.500502,-4.10889,-0.0651846
1.54,2,0.946152,1.01267,-0.254255,-1.48708,-0.0665199
1.54,3,0.215003,0.203772,0.207598,-0.0122563,0.0112303
1.54,4,-0.471989,-0.441861,-0.0707044,-0.20567,-0.0301278
1.54,5,0.000673351,0.000673486,0.00057696,-0.000173767,-1.35816e-07
1.55,0,0.0872273,0.0810521,0.083719,-0.00414752,0.00617524
1.55,1,-0.275229,-0.210035,0.500026,-4.10784,-0.0651939
1.55,2,0.943714,1.01013,-0.254507,-1.48342,-0.0664144
1.55,3,0.217068,0.205848,0.207606,-0.0123676,0.0112196
1.55,4,-0.472681,-0.44257,-0.0709346,-0.205421,-0.030111
1.55,5,0.000679819,0.000679312,0.000587066,-0.000173583,5.07375e-07
1.56,0,0.0880573,0.0818889,0.0836532,-0.00422543,0.00616835
1.56,1,-0.270236,-0.205037,0.499565,-4.10664,-0.0651986
1.56,2,0.941275,1.00758,-0.254744,-1.47971,-0.0663065
1.56,3,0.219133,0.207925,0.207614,-0.0124799,0.0112088
1.56,4,-0.473372,-0.44328,-0.0711507,-0.205161,-0.030092
1.56,5,0.000686287,0.000685238,0.000597188,-0.00017391,1.04931e-06
1.57,0,0.0888872,0.0827251,0.083587,-0.00427564,0.00616213
1.57,1,-0.265243,-0.200044,0.49912,-4.10531,-0.0651987
1.57,2,0.938837,1.00503,-0.254966,-1.47596,-0.0661963
1.57,3,0.221199,0.210001,0.207622,-0.0125932,0.011198
1.57,4,-0.474064,-0.443993,-0.0713513,-0.204892,-0.0300709
1.57,5,0.000692756,0.000691265,0.000607209,-0.00017471,1.4905e-06
1.58,0,0.0897171,0.0835606,0.0835211,-0.00430048,0.00615657
1.58,1,-0.26025,-0.195055,0.498694,-4.10386,-0.0651945
1.58,2,0.936398,1.00248,-0.25517,-1.47218,-0.066084
1.58,3,0.223264,0.212077,0.20763,-0.0127074,0.0111871
1.58,4,-0.474755,-0.444707,-0.0715354,-0.204616,-0.0300479
1.58,5,0.000699224,0.000697391,0.000617018,-0.000175943,1.83255e-06
1.59,0,0.0905471,0.0843954,0.0834563,-0.0043024,0.00615166
1.59,1,-0.255257,-0.190071,0.498288,-4.10231,-0.0651861
1.59,2,0.93396,0.99993,-0.255357,-1.46838,-0.0659698
1.59,3,0.225329,0.214153,0.207639,-0.0128224,0.0111761
1.59,4,-0.475447,-0.445424,-0.0717024,-0.204334,-0.0300232
1.59,5,0.000705692,0.000703614,0.000626517,-0.000177564,2.07813e-06
1.6,0,0.091377,0.0852296,0.0833932,-0.0042839,0.00614739
1.6,1,-0.250264,-0.18509,0.497903,-4.10066,-0.0651738
1.6,2,0.931521,0.997375,-0.255526,-1.46456,-0.0658538
1.6,3,0.227395,0.21623,0.207647,-0.0129381,0.011165
1.6,4,-0.476138,-0.446141,-0.0718518,-0.204049,-0.0299969
1.6,5,0.00071216,0.00070993,0.000635616,-0.000179531,2.23086e-06
1.61,0,0.092207,0.0860632,0.0833324,-0.00424751,0.00614374
1.61,1,-0.245271,-0.180113,0.497539,-4.09893,-0.0651577
1.61,2,0.929083,0.994819,-0.255676,-1.46073,-0.0657362
1.61,3,0.22946,0.218306,0.207655,-0.0130545,0.0111538
1.61,4,-0.47683,-0.446861,-0.0719834,-0.203761,-0.0299691
1.61,5,0.000718629,0.000716334,0.000644237,-0.000181795,2.29516e-06
1.62,0,0.0930369,0.0868962,0.0832744,-0.00419577,0.00614069
1.62,1,-0.240277,-0.175139,0.497198,-4.09712,-0.0651382
1.62,2,0.926644,0.992262,-0.255808,-1.4569,-0.0656172
1.62,3,0.231526,0.220383,0.207662,-0.0131714,0.0111426
1.62,4,-0.477521,-0.447581,-0.0720971,-0.203473,-0.0299402
1.62,5,0.000725097,0.000722821,0.000652313,-0.000184313,2.2762e-06
1.63,0,0.0938669,0.0877287,0.0832196,-0.0041312,0.00613819
1.63,1,-0.235284,-0.170169,0.496879,-4.09525,-0.0651153
1.63,2,0.924206,0.989703,-0.255921,-1.45307,-0.0654969
1.63,3,0.233591,0.22246,0.207669,-0.0132887,0.0111313
1.63,4,-0.478213,-0.448303,-0.0721933,-0.203185,-0.0299102
1.63,5,0.000731565,0.000729386,0.000659785,-0.000187037,2.17977e-06
1.64,0,0.0946968,0.0885606,0.0831684,-0.00405624,0.00613623
1.64,1,-0.230291,-0.165202,0.496582,-4.09332,-0.0650894
1.64,2,0.921767,0.987143,-0.256017,-1.44924,-0.0653757
1.64,3,0.235656,0.224536,0.207676,-0.0134063,0.0111199
1.64,4,-0.478904,-0.449025,-0.0722723,-0.202899,-0.0298794
1.64,5,0.000738034,0.000736022,0.000666609,-0.000189922,2.01214e-06
1.65,0,0.0955268,0.089392,0.0831211,-0.00397327,0.00613475
1.65,1,-0.225298,-0.160238,0.496306,-4.09134,-0.0650606
1.65,2,0.919329,0.984582,-0.256095,-1.44542,-0.0652536
1.65,3,0.237722,0.226613,0.207681,-0.0135241,0.0111085
1.65,4,-0.479596,-0.449748,-0.0723347,-0.202615,-0.0298478
1.65,5,0.000744502,0.000742722,0.000672748,-0.000192924,1.78001e-06
1.66,0,0.0963567,0.090223,0.0830779,-0.00388458,0.00613373
1.66,1,-0.220305,-0.155276,0.496052,-4.08932,-0.0650292
1.66,2,0.91689,0.982021,-0.256156,-1.44161,-0.0651308
1.66,3,0.239787,0.22869,0.207686,-0.013642,0.011097
1.66,4,-0.480288,-0.450472,-0.0723812,-0.202335,-0.0298158
1.66,5,0.00075097,0.00074948,0.000678179,-0.000196002,1.49038e-06
1.67,0,0.0971867,0.0910535,0.0830389,-0.00379232,0.00613311
1.67,1,-0.215312,-0.150317,0.495818,-4.08727,-0.0649953
1.67,2,0.914452,0.979459,-0.256202,-1.43782,-0.0650074
1.67,3,0.241852,0.230767,0.20769,-0.0137598,0.0110854
1.67,4,-0.480979,-0.451196,-0.0724128,-0.20206,-0.0297833
1.67,5,0.000757439,0.000756288,0.000682886,-0.000199114,1.1504e-06
1.68,0,0.0980166,0.0918837,0.0830044,-0.00369854,0.00613286
1.68,1,-0.210319,-0.14536,0.495603,-4.08518,-0.0649593
1.68,2,0.912013,0.976897,-0.256233,-1.43405,-0.0648837
1.68,3,0.243918,0.232844,0.207694,-0.0138775,0.0110739
1.68,4,-0.481671,-0.45192,-0.0724303,-0.20179,-0.0297506
1.68,5,0.000763907,0.00076314,0.000686863,-0.000202222,7.67374e-07
1.69,0,0.0988466,0.0927136,0.0829742,-0.00360511,0.00613294
1.69,1,-0.205326,-0.140405,0.495406,-4.08306,-0.0649211
1.69,2,0.909575,0.974335,-0.25625,-1.43029,-0.0647598
1.69,3,0.245983,0.234921,0.207696,-0.013995,0.0110623
1.69,4,-0.482362,-0.452644,-0.0724349,-0.201525,-0.0297178
1.69,5,0.000770375,0.000770027,0.000690114,-0.000205291,3.48575e-07
1.7,0,0.0996765,0.0935432,0.0829484,-0.00351377,0.00613328
1.7,1,-0.200333,-0.135452,0.495226,-4.08092,-0.0648811
1.7,2,0.907136,0.971772,-0.256254,-1.42656,-0.0646358
1.7,3,0.248048,0.236998,0.207698,-0.0141122,0.0110506
1.7,4,-0.483054,-0.453369,-0.0724276,-0.201266,-0.029685
1.7,5,0.000776844,0.000776942,0.00069265,-0.000208289,-9.87905e-08
1.71,0,0.100506,0.0943726,0.0829269,-0.00342609,0.00613387
1.71,1,-0.19534,-0.1305,0.495061,-4.07876,-0.0648394
1.71,2,0.904698,0.96921,-0.256247,-1.42286,-0.0645118
1.71,3,0.250114,0.239075,0.207698,-0.0142289,0.011039
1.71,4,-0.483745,-0.454093,-0.0724096,-0.201014,-0.0296524
1.71,5,0.000783312,0.00078388,0.000694491,-0.000211186,-5.67674e-07
1.72,0,0.101336,0.0952017,0.0829097,-0.00334348,0.00613464
1.72,1,-0.190347,-0.125551,0.494911,-4.07658,-0.0647961
1.72,2,0.902259,0.966647,-0.25623,-1.41918,-0.0643879
1.72,3,0.252179,0.241152,0.207698,-0.0143451,0.0110274
1.72,4,-0.484437,-0.454817,-0.0723821,-0.200769,-0.02962
1.72,5,0.00078978,0.000790831,0.000695662,-0.000213955,-1.05126e-06
1.73,0,0.102166,0.0960308,0.0828966,-0.00326717,0.00613557
1.73,1,-0.185354,-0.120602,0.494773,-4.07437,-0.0647514
1.73,2,0.899821,0.964085,-0.256204,-1.41552,-0.0642642
1.73,3,0.254244,0.243229,0.207697,-0.0144607,0.0110157
1.73,4,-0.485128,-0.45554,-0.0723463,-0.20053,-0.0295879
1.73,5,0.000796248,0.000797791,0.000696195,-0.000216574,-1.54302e-06
1.74,0,0.102996,0.0968597,0.0828874,-0.00319821,0.0061366
1.74,1,-0.180361,-0.115655,0.494646,-4.07215,-0.0647053
1.74,2,0.897382,0.961523,-0.256171,-1.41188,-0.0641408
1.74,3,0.25631,0.245306,0.207695,-0.0145756,0.0110041
1.74,4,-0.48582,-0.456264,-0.0723033,-0.200298,-0.0295562
1.74,5,0.000802717,0.000804754,0.000696128,-0.000219022,-2.03677e-06
1.75,0,0.103826,0.0976885,0.0828819,-0.00313751,0.00613771
1.75,1,-0.175368,-0.11071,0.494529,-4.06991,-0.0646581
1.75,2,0.894944,0.958962,-0.256131,-1.40827,-0.0640178
1.75,3,0.258375,0.247382,0.207692,-0.0146897,0.0109925
1.75,4,-0.486511,-0.456986,-0.0722544,-0.200072,-0.0295249
1.75,5,0.000809185,0.000811712,0.000695502,-0.000221284,-2.52675e-06
1.76,0,0.104656,0.0985173,0.0828799,-0.00308578,0.00613885
1.76,1,-0.170375,-0.105765,0.494419,-4.06765,-0.0646097
1.76,2,0.892505,0.956401,-0.256085,-1.40469,-0.0638953
1.76,3,0.26044,0.249459,0.207688,-0.0148031,0.010981
1.76,4,-0.487203,-0.457709,-0.0722008,-0.199853,-0.0294942
1.76,5,0.000815653,0.000818661,0.000694362,-0.000223346,-3.00759e-06
1.77,0,0.105486,0.0993461,0.0828811,-0.00304359,0.00613999
1.77,1,-0.165381,-0.100821,0.494317,-4.06536,-0.0645603
1.77,2,0.890067,0.95384,-0.256036,-1.40112,-0.0637732
1.77,3,0.262506,0.251536,0.207684,-0.0149156,0.0109695
1.77,4,-0.487894,-0.45843,-0.0721434,-0.199641,-0.0294641
1.77,5,0.000822122,0.000825596,0.000692756,-0.000225199,-3.47444e-06
1.78,0,0.106316,0.100175,0.0828852,-0.00301135,0.0061411
1.78,1,-0.160388,-0.0958786,0.494219,-4.06305,-0.0645098
1.78,2,0.887628,0.95128,-0.255984,-1.39758,-0.0636516
1.78,3,0.264571,0.253613,0.207679,-0.0150271,0.010958
1.78,4,-0.488586,-0.459152,-0.0720835,-0.199434,-0.0294345
1.78,5,0.00082859,0.000832513,0.000690735,-0.000226835,-3.9229e-06
1.79,0,0.107146,0.101004,0.0828919,-0.00298931,0.00614216
1.79,1,-0.155395,-0.0909369,0.494126,-4.06071,-0.0644584
1.79,2,0.88519,0.94872,-0.25593,-1.39406,-0.0635306
1.79,3,0.266636,0.25569,0.207673,-0.0151378,0.0109466
1.79,4,-0.489278,-0.459872,-0.0720219,-0.199233,-0.0294055
1.79,5,0.000835058,0.000839407,0.00068835,-0.00022825,-4.3491e-06
1.8,0,0.107976,0.101833,0.0829011,-0.00297758,0.00614314
1.8,1,-0.150402,-0.0859962,0.494034,-4.05835,-0.0644061
1.8,2,0.882751,0.946162,-0.255875,-1.39055,-0.0634101
1.8,3,0.268702,0.257767,0.207667,-0.0152474,0.0109353
1.8,4,-0.489969,-0.460592,-0.0719597,-0.199038,-0.0293772
1.8,5,0.000841527,0.000846276,0.000685653,-0.000229444,-4.7497e-06
1.81,0,0.108806,0.102662,0.0829123,-0.00297617,0.00614402
1.81,1,-0.145409,-0.0810563,0.493944,-4.05595,-0.0643529
1.81,2,0.880313,0.943603,-0.25582,-1.38706,-0.0632901
1.81,3,0.270767,0.259843,0.20766,-0.015356,0.010924
1.81,4,-0.490661,-0.461311,-0.0718977,-0.198847,-0.0293495
1.81,5,0.000847995,0.000853117,0.000682697,-0.000230418,-5.12186e-06
1.82,0,0.109636,0.103491,0.0829252,-0.00298492,0.00614477
1.82,1,-0.140416,-0.0761174,0.493854,-4.05352,-0.0642988
1.82,2,0.877874,0.941045,-0.255766,-1.38359,-0.0631707
1.82,3,0.272832,0.26192,0.207652,-0.0154635,0.0109128
1.82,4,-0.491352,-0.46203,-0.0718366,-0.198661,-0.0293224
1.82,5,0.000854463,0.000859926,0.000679534,-0.000231177,-5.46328e-06
1.83,0,0.110466,0.10432,0.0829397,-0.0030036,0.00614538
1.83,1,-0.135423,-0.0711793,0.493764,-4.05104,-0.0642438
1.83,2,0.875436,0.938488,-0.255714,-1.38013,-0.0630519
1.83,3,0.274898,0.263996,0.207644,-0.01557,0.0109016
1.83,4,-0.492044,-0.462748,-0.0717773,-0.198478,-0.0292959
1.83,5,0.000860932,0.000866704,0.000676213,-0.000231725,-5.77215e-06
1.84,0,0.111296,0.10515,0.0829553,-0.00303186,0.00614585
1.84,1,-0.13043,-0.0662422,0.493671,-4.04853,-0.0641878
1.84,2,0.872997,0.935931,-0.255664,-1.37668,-0.0629335
1.84,3,0.276963,0.266073,0.207636,-0.0156754,0.0108906
1.84,4,-0.492735,-0.463465,-0.0717203,-0.1983,-0.02927
1.84,5,0.0008674,0.000873447,0.000672785,-0.000232071,-6.04719e-06
1.85,0,0.112126,0.10598,0.0829718,-0.00306927,0.00614615
1.85,1,-0.125437,-0.061306,0.493576,-4.04597,-0.064131
1.85,2,0.870559,0.933375,-0.255617,-1.37323,-0.0628156
1.85,3,0.279029,0.268149,0.207627,-0.0157797,0.0108796
1.85,4,-0.493427,-0.464182,-0.0716662,-0.198124,-0.0292446
1.85,5,0.000873868,0.000880156,0.000669295,-0.000232226,-6.28757e-06
1.86,0,0.112956,0.106809,0.0829889,-0.00311534,0.00614629
1.86,1,-0.120444,-0.0563708,0.493477,-4.04336,-0.0640731
1.86,2,0.86812,0.930819,-0.255574,-1.3698,-0.0626982
1.86,3,0.281094,0.270225,0.207618,-0.0158829,0.0108688
1.86,4,-0.494118,-0.464899,-0.0716154,-0.19795,-0.0292198
1.86,5,0.000880336,0.000886829,0.000665788,-0.000232201,-6.49292e-06
1.87,0,0.113786,0.107639,0.0830064,-0.00316948,0.00614625
1.87,1,-0.115451,-0.0514366,0.493374,-4.04069,-0.0640143
1.87,2,0.865682,0.928263,-0.255534,-1.36637,-0.0625812
1.87,3,0.283159,0.272301,0.207608,-0.0159851,0.010858
1.87,4,-0.49481,-0.465614,-0.0715684,-0.197779,-0.0291954
1.87,5,0.000886805,0.000893468,0.000662306,-0.000232008,-6.66331e-06
1.88,0,0.114616,0.108469,0.0830241,-0.00323108,0.00614603
1.88,1,-0.110458,-0.0465034,0.493267,-4.03798,-0.0639544
1.88,2,0.863243,0.925708,-0.255499,-1.36294,-0.0624645
1.88,3,0.285225,0.274377,0.207599,-0.0160862,0.0108473
1.88,4,-0.495501,-0.46633,-0.0715255,-0.197609,-0.0291715
1.88,5,0.000893273,0.000900072,0.000658886,-0.000231662,-6.79918e-06
1.89,0,0.115445,0.1093,0.0830417,-0.00329948,0.00614564
1.89,1,-0.105465,-0.0415714,0.493155,-4.0352,-0.0638933
1.89,2,0.860805,0.923153,-0.255468,-1.35951,-0.0623482
1.89,3,0.28729,0.276453,0.207589,-0.0161862,0.0108367
1.89,4,-0.496193,-0.467045,-0.0714868,-0.197441,-0.029148
1.89,5,0.000899741,0.000906643,0.000655565,-0.000231176,-6.90138e-06
1.9,0,0.116275,0.11013,0.083059,-0.00337399,0.00614507
1.9,1,-0.100472,-0.0366405,0.493037,-4.03236,-0.0638312
1.9,2,0.858366,0.920599,-0.255442,-1.35608,-0.0622322
1.9,3,0.289355,0.278529,0.207579,-0.0162852,0.0108262
1.9,4,-0.496884,-0.46776,-0.0714526,-0.197273,-0.0291249
1.9,5,0.00090621,0.000913181,0.000652373,-0.000230567,-6.97105e-06
1.91,0,0.117306,0.110961,0.0830896,0.0045441,0.00634532
1.91,1,-0.0954785,-0.0317111,0.492669,-4.0287,-0.0637674
1.91,2,0.856266,0.918045,-0.254892,-1.3436,-0.0617794
1.91,3,0.290966,0.280604,0.207264,-0.020746,0.0103612
1.91,4,-0.497569,-0.468474,-0.0717347,-0.196888,-0.0290944
1.91,5,0.000658282,0.000919768,0.000707289,-0.00151962,-0.000261486
1.92,0,0.118806,0.111794,0.0834503,0.0301602,0.00701277
1.92,1,-0.0904852,-0.0268028,0.488998,-4.01429,-0.0636824
1.92,2,0.854953,0.915536,-0.246868,-1.32375,-0.0605829
1.92,3,0.291514,0.282649,0.201186,-0.0320577,0.00886536
1.92,4,-0.498236,-0.469213,-0.0759294,-0.194223,-0.0290234
1.92,5,-0.000183235,0.000926853,0.000403203,-0.0056714,-0.00111009
1.93,0,0.120306,0.112632,0.0842995,0.0540607,0.00767398
1.93,1,-0.0854918,-0.0219367,0.484712,-3.99634,-0.0635551
1.93,2,0.85364,0.913124,-0.236505,-1.31151,-0.0594841
1.93,3,0.292063,0.284604,0.190323,-0.0396035,0.00745906
1.93,4,-0.498904,-0.469997,-0.0802815,-0.191114,-0.0289069
1.93,5,-0.00102475,0.000916255,-0.00273155,-0.00888557,-0.00194101
1.94,0,0.121806,0.113482,0.0856795,0.0759131,0.00832379
1.94,1,-0.0804985,-0.0171099,0.481157,-3.97901,-0.0633886
1.94,2,0.852327,0.910814,-0.226584,-1.30145,-0.0584872
1.94,3,0.292612,0.286435,0.176934,-0.0443939,0.00617666
1.94,4,-0.499572,-0.470818,-0.0833116,-0.188375,-0.0287538
1.94,5,-0.00186627,0.000857967,-0.00873544,-0.0110005,-0.00272424
1.95,0,0.123306,0.114349,0.0876087,0.0954456,0.00895679
1.95,1,-0.0755051,-0.0123136,0.478509,-3.96319,-0.0631915
1.95,2,0.851014,0.908599,-0.21755,-1.29244,-0.0575848
1.95,3,0.29316,0.288125,0.162393,-0.0470813,0.00503542
1.95,4,-0.500239,-0.471661,-0.0850685,-0.186087,-0.0285777
1.95,5,-0.00270779,0.000727824,-0.0167444,-0.0121547,-0.00343561
1.96,0,0.124806,0.115239,0.0900785,0.112465,0.00956751
1.96,1,-0.0705118,-0.0075391,0.476708,-3.94903,-0.0629727
1.96,2,0.849701,0.906469,-0.20939,-1.28426,-0.0567679
1.96,3,0.293709,0.289667,0.147639,-0.0481692,0.00404141
1.96,4,-0.500907,-0.472517,-0.085818,-0.184209,-0.0283898
1.96,5,-0.0035493,0.000510882,-0.0258461,-0.0125471,-0.00406019
1.97,0,0.126306,0.116155,0.0930586,0.126852,0.0101507
1.97,1,-0.0655184,-0.00277843,0.475645,-3.93654,-0.06274
1.97,2,0.848388,0.904416,-0.202012,-1.27682,-0.0560281
1.97,3,0.294257,0.291064,0.13333,-0.0480688,0.00319293
1.97,4,-0.501574,-0.473376,-0.0858012,-0.182689,-0.0281987
1.97,5,-0.00439082,0.000200521,-0.0352858,-0.012371,-0.00459134
1.98,0,0.127806,0.117105,0.0965019,0.138553,0.0107015
1.98,1,-0.0605251,0.00197516,0.475212,-3.92564,-0.0625002
1.98,2,0.847075,0.902433,-0.195324,-1.2701,-0.0553583
1.98,3,0.294806,0.292323,0.119912,-0.0471179,0.00248293
1.98,4,-0.502242,-0.474231,-0.085206,-0.181486,-0.0280111
1.98,5,-0.00523234,-0.00020338,-0.0444986,-0.0117952,-0.00502896
1.99,0,0.129306,0.11809,0.100349,0.147575,0.0112156
1.99,1,-0.0555317,0.00672739,0.475304,-3.91628,-0.0622591
1.99,2,0.845762,0.900514,-0.189246,-1.26407,-0.0547519
1.99,3,0.295355,0.293454,0.107665,-0.0455906,0.00190085
1.99,4,-0.50291,-0.475078,-0.0841765,-0.180568,-0.027832
1.99,5,-0.00607385,-0.000696272,-0.0530943,-0.0109596,-0.00537758
2,0,0.130806,0.119117,0.104532,0.153973,0.0116893
2,1,-0.0505384,0.011483,0.475825,-3.90833,-0.0620213
2,2,0.844449,0.898652,-0.183712,-1.25868,-0.0542033
2,3,0.295903,0.294469,0.0967409,-0.0437042,0.00143404
2,4,-0.503577,-0.475912,-0.0828245,-0.179908,-0.0276651
2,5,-0.00691537,-0.00127053,-0.0608286,-0.00997561,-0.00564484
2.01,0,0.132306,0.120186,0.10898,0.157845,0.0121196
2.01,1,-0.045545,0.0162457,0.47669,-3.9017,-0.0617908
2.01,2,0.843136,0.896843,-0.178665,-1.25389,-0.0537073
2.01,3,0.296452,0.295383,0.0871918,-0.041626,0.00106891
2.01,4,-0.504245,-0.476732,-0.081239,-0.179484,-0.027513
2.01,5,-0.00775689,-0.00191676,-0.0675727,-0.00892885,-0.00584013
2.02,0,0.133806,0.121301,0.113617,0.159325,0.0125044
2.02,1,-0.0405517,0.0210187,0.477819,-3.89627,-0.0615703
2.02,2,0.841823,0.895082,-0.17406,-1.24966,-0.0532593
2.02,3,0.297001,0.296209,0.0789979,-0.0394808,0.00079179
2.02,4,-0.504912,-0.477535,-0.0794925,-0.179275,-0.0273777
2.02,5,-0.0085984,-0.00262475,-0.0732857,-0.00788253,-0.00597365
2.03,0,0.135306,0.122464,0.11837,0.158575,0.0128421
2.03,1,-0.0355583,0.025804,0.479144,-3.89193,-0.0613623
2.03,2,0.84051,0.893365,-0.169859,-1.24593,-0.0528551
2.03,3,0.297549,0.29696,0.0720876,-0.0373579,0.00058947
2.03,4,-0.50558,-0.478319,-0.0776455,-0.179261,-0.0272604
2.03,5,-0.00943992,-0.0033843,-0.0779906,-0.00688094,-0.00605562
2.04,0,0.136806,0.123674,0.123167,0.155778,0.013132
2.04,1,-0.030565,0.0306034,0.480602,-3.88854,-0.0611684
2.04,2,0.839197,0.891688,-0.166031,-1.24266,-0.0524908
2.04,3,0.298098,0.297648,0.0663561,-0.0353169,0.000449672
2.04,4,-0.506247,-0.479086,-0.0757492,-0.179421,-0.027162
2.04,5,-0.0102814,-0.00418564,-0.0817537,-0.00595288,-0.0060958
2.05,0,0.138306,0.124932,0.127941,0.151136,0.013374
2.05,1,-0.0255716,0.0354178,0.482139,-3.88599,-0.0609894
2.05,2,0.837884,0.890047,-0.162548,-1.23979,-0.0521629
2.05,3,0.298646,0.298285,0.0616794,-0.0333948,0.000361282
2.05,4,-0.506915,-0.479833,-0.0738473,-0.179736,-0.0270825
2.05,5,-0.011123,-0.00501987,-0.0846685,-0.0051149,-0.00610309
2.06,0,0.139806,0.126237,0.132629,0.144857,0.0135686
2.06,1,-0.0205783,0.0402478,0.483707,-3.88417,-0.0608261
2.06,2,0.836571,0.888439,-0.159388,-1.23726,-0.051868
2.06,3,0.299195,0.298881,0.0579257,-0.0316107,0.000314472
2.06,4,-0.507583,-0.480561,-0.0719771,-0.180187,-0.027022
2.06,5,-0.0119645,-0.00587908,-0.086843,-0.00437409,-0.0060854
2.07,0,0.141306,0.127588,0.137176,0.137159,0.0137171
2.07,1,-0.0155849,0.0450935,0.485266,-3.88293,-0.0606784
2.07,2,0.835258,0.886861,-0.156533,-1.23503,-0.0516031
2.07,3,0.299744,0.299443,0.0549633,-0.0299706,0.00030074
2.07,4,-0.50825,-0.48127,-0.0701704,-0.180753,-0.0269798
2.07,5,-0.012806,-0.00675648,-0.0883897,-0.00373063,-0.00604951
2.08,0,0.142806,0.128984,0.14153,0.128258,0.0138212
2.08,1,-0.0105916,0.0499545,0.486781,-3.88219,-0.0605461
2.08,2,0.833945,0.88531,-0.153965,-1.23302,-0.0513651
2.08,3,0.300292,0.299979,0.0526668,-0.0284714,0.000312871
2.08,4,-0.508918,-0.481963,-0.0684538,-0.181415,-0.0269552
2.08,5,-0.0136475,-0.00764642,-0.0894187,-0.00317979,-0.00600108
2.09,0,0.144305,0.130423,0.14565,0.118371,0.013883
2.09,1,-0.00559822,0.0548303,0.488222,-3.88181,-0.0604286
2.09,2,0.832632,0.883783,-0.15167,-1.2312,-0.0511512
2.09,3,0.300841,0.300496,0.0509211,-0.0271042,0.000344846
2.09,4,-0.509585,-0.482638,-0.0668494,-0.182153,-0.0269472
2.09,5,-0.014489,-0.00854429,-0.0900331,-0.00271373,-0.00594473
2.1,0,0.145805,0.1319,0.149498,0.107707,0.013905
2.1,1,-0.000604873,0.05972,0.489565,-3.88169,-0.0603249
2.1,2,0.831319,0.882278,-0.149634,-1.2295,-0.0509589
2.1,3,0.30139,0.300998,0.0496235,-0.0258567,0.000391735
2.1,4,-0.510253,-0.483299,-0.0653748,-0.182948,-0.0269545
2.1,5,-0.0153305,-0.00944646,-0.0903252,-0.00232282,-0.00588408
2.11,0,0.147305,0.133415,0.153047,0.0964697,0.0138902
2.11,1,0.00438848,0.0646225,0.490791,-3.88173,-0.060234
2.11,2,0.830006,0.880792,-0.147844,-1.22788,-0.0507856
2.11,3,0.301938,0.301489,0.0486847,-0.0247152,0.000449559
2.11,4,-0.510921,-0.483945,-0.0640436,-0.183784,-0.0269758
2.11,5,-0.0161721,-0.0103502,-0.0903759,-0.0019967,-0.0058219
2.12,0,0.148805,0.134964,0.156273,0.0848502,0.0138417
2.12,1,0.00938182,0.0695366,0.491885,-3.88184,-0.0601547
2.12,2,0.828693,0.879322,-0.146289,-1.22629,-0.0506288
2.12,3,0.302487,0.301972,0.0480291,-0.0236659,0.000515157
2.12,4,-0.511588,-0.484579,-0.0628656,-0.184643,-0.0270095
2.12,5,-0.0170136,-0.0112534,-0.0902533,-0.00172505,-0.00576021
2.13,0,0.150305,0.136543,0.15916,0.0730293,0.0137628
2.13,1,0.0143752,0.0744608,0.492835,-3.88193,-0.0600856
2.13,2,0.82738,0.877867,-0.144955,-1.22468,-0.0504864
2.13,3,0.303036,0.302449,0.0475943,-0.0226961,0.000586049
2.13,4,-0.512256,-0.485202,-0.0618472,-0.18551,-0.0270542
2.13,5,-0.0178551,-0.0121547,-0.0900134,-0.00149816,-0.00570044
2.14,0,0.151805,0.138148,0.1617,0.0611742,0.0136569
2.14,1,0.0193685,0.0793936,0.493633,-3.8819,-0.0600251
2.14,2,0.826067,0.876423,-0.143832,-1.22302,-0.0503562
2.14,3,0.303584,0.302924,0.0473295,-0.0217946,0.000660317
2.14,4,-0.512923,-0.485815,-0.0609915,-0.186369,-0.0271081
2.14,5,-0.0186966,-0.0130531,-0.0897007,-0.00130728,-0.0056435
2.15,0,0.153305,0.139778,0.163887,0.0494378,0.0135275
2.15,1,0.0243619,0.0843336,0.494277,-3.8817,-0.0599717
2.15,2,0.824754,0.87499,-0.142908,-1.22127,-0.0502361
2.15,3,0.304133,0.303396,0.0471949,-0.0209521,0.000736488
2.15,4,-0.513591,-0.486421,-0.0602989,-0.187209,-0.0271697
2.15,5,-0.0195381,-0.0139482,-0.0893493,-0.00114479,-0.00558992
2.16,0,0.154805,0.141427,0.165723,0.0379581,0.0133782
2.16,1,0.0293552,0.0892792,0.494763,-3.88125,-0.059924
2.16,2,0.823441,0.873566,-0.142171,-1.21938,-0.0501242
2.16,3,0.304681,0.303868,0.0471595,-0.0201613,0.000813437
2.16,4,-0.514258,-0.487021,-0.0597671,-0.188016,-0.0272374
2.16,5,-0.0203796,-0.0148397,-0.0889846,-0.00100433,-0.00553994
2.17,0,0.156305,0.143093,0.167213,0.0268577,0.0132124
2.17,1,0.0343486,0.0942288,0.495094,-3.88049,-0.0598802
2.17,2,0.822128,0.872147,-0.141608,-1.21734,-0.0500187
2.17,3,0.30523,0.30434,0.0472003,-0.0194171,0.000890305
2.17,4,-0.514926,-0.487617,-0.0593917,-0.18878,-0.0273095
2.17,5,-0.0212212,-0.0157276,-0.0886243,-0.000880746,-0.00549361
2.18,0,0.157805,0.144771,0.168367,0.0162437,0.0130336
2.18,1,0.0393419,0.0991808,0.495272,-3.87937,-0.0598389
2.18,2,0.820815,0.870733,-0.141209,-1.21512,-0.0499179
2.18,3,0.305779,0.304812,0.0473002,-0.0187158,0.000966428
2.18,4,-0.515594,-0.488209,-0.0591663,-0.189493,-0.0273845
2.18,5,-0.0220627,-0.0166119,-0.0882797,-0.000770042,-0.00545079
2.19,0,0.159305,0.14646,0.169199,0.00620741,0.0128451
2.19,1,0.0443353,0.104134,0.495303,-3.87785,-0.0597986
2.19,2,0.819502,0.869323,-0.14096,-1.21269,-0.0498203
2.19,3,0.306327,0.305286,0.0474473,-0.0180555,0.00104128
2.19,4,-0.516261,-0.4888,-0.059083,-0.190147,-0.027461
2.19,5,-0.0229042,-0.0174929,-0.0879575,-0.000669268,-0.0054113
2.2,0,0.160805,0.148155,0.169724,-0.00317508,0.0126499
2.2,1,0.0493286,0.109086,0.495195,-3.87589,-0.0597578
2.2,2,0.818189,0.867914,-0.140849,-1.21003,-0.0497244
2.2,3,0.306876,0.305761,0.0476332,-0.0174354,0.00111445
2.2,4,-0.516929,-0.489391,-0.0591324,-0.190735,-0.0275376
2.2,5,-0.0237457,-0.0183708,-0.0876605,-0.00057637,-0.0053749
2.21,0,0.162305,0.149854,0.169962,-0.0118426,0.0124511
2.21,1,0.054322,0.114037,0.494954,-3.87347,-0.0597151
2.21,2,0.816876,0.866505,-0.140863,-1.20714,-0.0496289
2.21,3,0.307425,0.306239,0.0478523,-0.0168556,0.00118557
2.21,4,-0.517596,-0.489983,-0.0593041,-0.191252,-0.027613
2.21,5,-0.0245872,-0.0192459,-0.0873887,-0.000490048,-0.00534133
2.22,0,0.163805,0.151554,0.169934,-0.0197485,0.0122514
2.22,1,0.0593153,0.118985,0.494593,-3.87056,-0.0596694
2.22,2,0.815564,0.865096,-0.140991,-1.204,-0.0495326
2.22,3,0.307973,0.306719,0.0481007,-0.0163171,0.00125434
2.22,4,-0.518264,-0.490578,-0.059587,-0.191695,-0.0276861
2.22,5,-0.0254287,-0.0201184,-0.0871404,-0.000409604,-0.00531034
2.23,0,0.165305,0.153252,0.169663,-0.0268597,0.0120533
2.23,1,0.0643087,0.123928,0.494119,-3.86714,-0.0596195
2.23,2,0.814251,0.863685,-0.141219,-1.2006,-0.0494345
2.23,3,0.308522,0.307201,0.048376,-0.0158209,0.00132047
2.23,4,-0.518932,-0.491176,-0.0599693,-0.192062,-0.0277558
2.23,5,-0.0262703,-0.0209885,-0.0869127,-0.000334801,-0.00528172
2.24,0,0.166805,0.154946,0.169173,-0.0331563,0.0118591
2.24,1,0.069302,0.128866,0.493546,-3.86321,-0.0595643
2.24,2,0.812938,0.862271,-0.141536,-1.19694,-0.0493336
2.24,3,0.30907,0.307687,0.0486759,-0.0153684,0.00138371
2.24,4,-0.519599,-0.491778,-0.0604388,-0.19235,-0.0278212
2.24,5,-0.0271118,-0.0218565,-0.0867023,-0.000265732,-0.00525528
2.25,0,0.168305,0.156634,0.168489,-0.0386303,0.0116709
2.25,1,0.0742954,0.133798,0.492885,-3.85877,-0.0595028
2.25,2,0.811625,0.860854,-0.141929,-1.19302,-0.0492291
2.25,3,0.309619,0.308175,0.0489988,-0.014961,0.00144383
2.25,4,-0.520267,-0.492385,-0.0609834,-0.19256,-0.0278814
2.25,5,-0.0279533,-0.0227224,-0.0865055,-0.000202709,-0.00523087
2.26,0,0.169805,0.158314,0.167636,-0.0432849,0.0114906
2.26,1,0.0792887,0.138723,0.492147,-3.85381,-0.0594343
2.26,2,0.810312,0.859432,-0.142386,-1.18884,-0.0491203
2.26,3,0.310168,0.308667,0.0493426,-0.0145996,0.0015006
2.26,4,-0.520934,-0.492998,-0.0615908,-0.192692,-0.0279359
2.26,5,-0.0287948,-0.0235864,-0.0863189,-0.000146161,-0.00520837
2.27,0,0.171305,0.159985,0.166638,-0.0471336,0.0113195
2.27,1,0.0842821,0.14364,0.491344,-3.84836,-0.0593581
2.27,2,0.808999,0.858005,-0.142898,-1.1844,-0.0490066
2.27,3,0.310716,0.309163,0.0497053,-0.0142849,0.00155382
2.27,4,-0.521602,-0.493618,-0.0622489,-0.192748,-0.027984
2.27,5,-0.0296363,-0.0244486,-0.0861396,-9.65569e-05,-0.00518769
2.28,0,0.172805,0.161645,0.165522,-0.0501988,0.0111592
2.28,1,0.0892754,0.148549,0.490489,-3.84241,-0.0592735
2.28,2,0.807686,0.856573,-0.143451,-1.17973,-0.0488876
2.28,3,0.311265,0.309662,0.0500843,-0.0140172,0.00160333
2.28,4,-0.52227,-0.494244,-0.0629461,-0.192729,-0.0280253
2.28,5,-0.0304778,-0.0253091,-0.085965,-5.4342e-05,-0.00516877
2.29,0,0.174305,0.163294,0.16431,-0.0525111,0.0110105
2.29,1,0.0942688,0.153449,0.489593,-3.83599,-0.0591801
2.29,2,0.806373,0.855136,-0.144037,-1.17481,-0.0487629
2.29,3,0.311814,0.310165,0.0504767,-0.0137963,0.00164897
2.29,4,-0.522937,-0.494878,-0.0636711,-0.19264,-0.0280594
2.29,5,-0.0313194,-0.0261678,-0.0857934,-1.98899e-05,-0.00515158
2.3,0,0.175804,0.16493,0.163027,-0.0541082,0.0108743
2.3,1,0.0992621,0.15834,0.488668,-3.82911,-0.0590777
2.3,2,0.80506,0.853692,-0.144645,-1.16967,-0.0486321
2.3,3,0.312362,0.310672,0.0508794,-0.0136213,0.00169063
2.3,4,-0.523605,-0.495518,-0.0644133,-0.192483,-0.0280862
2.3,5,-0.0321609,-0.0270248,-0.0856234,6.53017e-06,-0.0051361
2.31,0,0.177304,0.166553,0.161695,-0.0550334,0.0107513
2.31,1,0.104255,0.163221,0.487724,-3.8218,-0.0589658
2.31,2,0.803747,0.852242,-0.145267,-1.16432,-0.0484952
2.31,3,0.312911,0.311183,0.0512886,-0.0134909,0.00172822
2.31,4,-0.524272,-0.496167,-0.0651626,-0.192263,-0.0281056
2.31,5,-0.0330024,-0.0278801,-0.0854545,2.47751e-05,-0.00512231
2.32,0,0.178804,0.168163,0.160335,-0.0553351,0.0106418
2.32,1,0.109249,0.168093,0.486771,-3.81409,-0.0588444
2.32,2,0.802434,0.850786,-0.145892,-1.15878,-0.0483521
2.32,3,0.31346,0.311698,0.0517007,-0.0134034,0.0017617
2.32,4,-0.52494,-0.496822,-0.0659097,-0.191985,-0.0281174
2.32,5,-0.0338439,-0.0287337,-0.0852863,3.48381e-05,-0.00511021
2.33,0,0.180304,0.169758,0.158967,-0.0550656,0.0105459
2.33,1,0.114242,0.172956,0.485819,-3.806,-0.0587136
2.33,2,0.801121,0.849324,-0.146515,-1.15305,-0.0482027
2.33,3,0.314008,0.312217,0.0521118,-0.0133564,0.00179106
2.33,4,-0.525607,-0.497486,-0.066646,-0.191652,-0.0281219
2.33,5,-0.0346854,-0.0295856,-0.0851193,3.68508e-05,-0.00509979
2.34,0,0.181804,0.171341,0.157609,-0.0542799,0.0104637
2.34,1,0.119236,0.177809,0.484878,-3.79756,-0.0585732
2.34,2,0.799808,0.847855,-0.147127,-1.14716,-0.0480472
2.34,3,0.314557,0.31274,0.0525177,-0.0133472,0.00181634
2.34,4,-0.526275,-0.498156,-0.0673638,-0.19127,-0.028119
2.34,5,-0.0355269,-0.0304359,-0.0849539,3.10785e-05,-0.00509102
2.35,0,0.183304,0.172909,0.156277,-0.0530348,0.0103949
2.35,1,0.124229,0.182652,0.483954,-3.7888,-0.0584235
2.35,2,0.798495,0.84638,-0.147723,-1.14112,-0.0478856
2.35,3,0.315105,0.313268,0.0529147,-0.0133728,0.0018376
2.35,4,-0.526943,-0.498834,-0.0680563,-0.190845,-0.0281091
2.35,5,-0.0363685,-0.0312846,-0.0847913,1.79099e-05,-0.0050839
2.36,0,0.184804,0.174465,0.154986,-0.0513885,0.0103392
2.36,1,0.129222,0.187487,0.483055,-3.77976,-0.0582648
2.36,2,0.797182,0.8449,-0.148296,-1.13495,-0.0477182
2.36,3,0.315654,0.313799,0.053299,-0.0134297,0.00185496
2.36,4,-0.52761,-0.499518,-0.0687174,-0.190381,-0.0280925
2.36,5,-0.03721,-0.0321316,-0.0846324,-2.15624e-06,-0.00507838
2.37,0,0.186304,0.176008,0.153748,-0.0493989,0.0102962
2.37,1,0.134216,0.192313,0.482188,-3.77045,-0.0580972
2.37,2,0.795869,0.843414,-0.148841,-1.12867,-0.0475451
2.37,3,0.316203,0.314334,0.0536669,-0.0135145,0.00186857
2.37,4,-0.528278,-0.500208,-0.0693419,-0.189885,-0.0280694
2.37,5,-0.0380515,-0.0329771,-0.0844786,-2.85281e-05,-0.00507442
2.38,0,0.187804,0.177539,0.152576,-0.0471237,0.0102651
2.38,1,0.139209,0.19713,0.481359,-3.76092,-0.0579211
2.38,2,0.794556,0.841923,-0.149356,-1.12229,-0.0473668
2.38,3,0.316751,0.314873,0.0540154,-0.0136233,0.0018786
2.38,4,-0.528945,-0.500905,-0.0699254,-0.18936,-0.0280404
2.38,5,-0.038893,-0.033821,-0.084331,-6.05381e-05,-0.00507197
2.39,0,0.189304,0.179059,0.151479,-0.044619,0.0102454
2.39,1,0.144202,0.201939,0.480571,-3.75119,-0.057737
2.39,2,0.793243,0.840427,-0.149835,-1.11584,-0.0471836
2.39,3,0.3173,0.315415,0.0543415,-0.0137523,0.00188526
2.39,4,-0.529613,-0.501607,-0.0704646,-0.188813,-0.0280057
2.39,5,-0.0397345,-0.0346636,-0.084191,-9.74615e-05,-0.00507095
2.4,0,0.190804,0.180568,0.150463,-0.0419394,0.0102362
2.4,1,0.149196,0.206741,0.479829,-3.7413,-0.0575452
2.4,2,0.79193,0.838926,-0.150277,-1.10932,-0.0469957
2.4,3,0.317849,0.31596,0.0546427,-0.0138976,0.0018888
2.4,4,-0.530281,-0.502315,-0.0709567,-0.188249,-0.0279659
2.4,5,-0.0405761,-0.0355048,-0.0840597,-0.000138535,-0.00507129
2.41,0,0.192304,0.182067,0.149535,-0.0391365,0.0102367
2.41,1,0.154189,0.211535,0.479136,-3.73126,-0.0573463
2.41,2,0.790617,0.837421,-0.15068,-1.10275,-0.0468037
2.41,3,0.318397,0.316508,0.0549171,-0.0140555,0.00188947
2.41,4,-0.530948,-0.503027,-0.0713999,-0.187671,-0.0279214
2.41,5,-0.0414176,-0.0363447,-0.0839382,-0.000182972,-0.00507289
2.42,0,0.193804,0.183558,0.1487,-0.0362595,0.010246
2.42,1,0.159182,0.216323,0.478494,-3.72111,-0.0571408
2.42,2,0.789304,0.835912,-0.151041,-1.09615,-0.0466078
2.42,3,0.318946,0.317058,0.055163,-0.0142222,0.00188756
2.42,4,-0.531616,-0.503743,-0.0717928,-0.187086,-0.0278728
2.42,5,-0.0422591,-0.0371834,-0.0838274,-0.000229984,-0.00507564
2.43,0,0.195304,0.185041,0.147959,-0.0333539,0.0102631
2.43,1,0.164176,0.221105,0.477904,-3.71087,-0.0569291
2.43,2,0.787991,0.8344,-0.151361,-1.08954,-0.0464086
2.43,3,0.319494,0.317611,0.0553792,-0.0143941,0.00188335
2.43,4,-0.532283,-0.504463,-0.0721351,-0.186497,-0.0278205
2.43,5,-0.0431006,-0.0380212,-0.083728,-0.000278788,-0.00507944
2.44,0,0.196804,0.186517,0.147315,-0.0304617,0.0102871
2.44,1,0.169169,0.225881,0.477368,-3.70057,-0.0567118
2.44,2,0.786678,0.832885,-0.151638,-1.08292,-0.0462064
2.44,3,0.320043,0.318166,0.0555653,-0.0145678,0.00187714
2.44,4,-0.532951,-0.505186,-0.072427,-0.185908,-0.0277651
2.44,5,-0.0439421,-0.038858,-0.0836407,-0.000328628,-0.00508417
2.45,0,0.198304,0.187987,0.146767,-0.0276212,0.010317
2.45,1,0.174162,0.230652,0.476885,-3.69023,-0.0564894
2.45,2,0.785365,0.831367,-0.151874,-1.0763,-0.0460017
2.45,3,0.320592,0.318723,0.0557209,-0.0147401,0.00186924
2.45,4,-0.533619,-0.505911,-0.0726691,-0.185322,-0.0277071
2.45,5,-0.0447836,-0.0396939,-0.0835657,-0.00037878,-0.0050897
2.46,0,0.199804,0.189452,0.146313,-0.0248664,0.0103518
2.46,1,0.179156,0.235418,0.476455,-3.67986,-0.0562625
2.46,2,0.784052,0.829847,-0.152069,-1.06971,-0.0457948
2.46,3,0.32114,0.31928,0.0558461,-0.0149082,0.00185995
2.46,4,-0.534286,-0.506639,-0.0728627,-0.184744,-0.0276469
2.46,5,-0.0456252,-0.0405292,-0.0835033,-0.000428565,-0.00509591
2.47,0,0.201304,0.190913,0.145952,-0.0222272,0.0103907
2.47,1,0.184149,0.240181,0.476077,-3.66949,-0.0560316
2.47,2,0.782739,0.828325,-0.152224,-1.06314,-0.0455862
2.47,3,0.321689,0.319839,0.0559417,-0.0150693,0.00184957
2.47,4,-0.534954,-0.507369,-0.0730096,-0.184175,-0.027585
2.47,5,-0.0464667,-0.041364,-0.0834535,-0.000477355,-0.00510268
2.48,0,0.202804,0.192371,0.145679,-0.0197294,0.0104327
2.48,1,0.189142,0.24494,0.475749,-3.65913,-0.0557971
2.48,2,0.781426,0.826803,-0.152341,-1.0566,-0.0453762
2.48,3,0.322238,0.320399,0.0560085,-0.0152212,0.00183839
2.48,4,-0.535621,-0.508099,-0.073112,-0.183619,-0.0275219
2.48,5,-0.0473082,-0.0421983,-0.083416,-0.000524581,-0.00510988
2.49,0,0.204304,0.193827,0.145491,-0.0173944,0.010477
2.49,1,0.194136,0.249695,0.475469,-3.64879,-0.0555597
2.49,2,0.780113,0.825279,-0.152422,-1.05012,-0.0451653
2.49,3,0.322786,0.32096,0.0560479,-0.0153617,0.0018267
2.49,4,-0.536289,-0.508831,-0.0731724,-0.183078,-0.027458
2.49,5,-0.0481497,-0.0430323,-0.0833906,-0.000569737,-0.00511738
2.5,0,0.205804,0.195281,0.145382,-0.0152397,0.0105227
2.5,1,0.199129,0.254449,0.475235,-3.63849,-0.0553197
2.5,2,0.7788,0.823754,-0.152469,-1.04368,-0.0449538
2.5,3,0.323335,0.32152,0.0560613,-0.0154891,0.00181476
2.5,4,-0.536956,-0.509563,-0.0731935,-0.182553,-0.0273937
2.5,5,-0.0489912,-0.0438661,-0.0833768,-0.000612381,-0.00512508
2.51,0,0.207303,0.196734,0.145347,-0.0132789,0.0105691
2.51,1,0.204122,0.2592,0.475043,-3.62823,-0.0550776
2.51,2,0.777487,0.822229,-0.152484,-1.03729,-0.044742
2.51,3,0.323884,0.322081,0.0560505,-0.0156021,0.00180282
2.51,4,-0.537624,-0.510295,-0.0731785,-0.182046,-0.0273294
2.51,5,-0.0498327,-0.0446999,-0.0833738,-0.000652141,-0.00513286
2.52,0,0.208803,0.198188,0.145379,-0.0115213,0.0106154
2.52,1,0.209116,0.26395,0.474891,-3.61803,-0.0548338
2.52,2,0.776174,0.820705,-0.15247,-1.03097,-0.0445301
2.52,3,0.324432,0.322641,0.0560174,-0.0156993,0.00179111
2.52,4,-0.538292,-0.511026,-0.0731306,-0.181558,-0.0272654
2.52,5,-0.0506743,-0.0455337,-0.083381,-0.00068871,-0.0051406
2.53,0,0.210303,0.199642,0.145473,-0.00997315,0.0106611
2.53,1,0.214109,0.268698,0.474776,-3.60788,-0.0545887
2.53,2,0.774861,0.81918,-0.152429,-1.0247,-0.0443186
2.53,3,0.324981,0.323201,0.0559644,-0.0157801,0.00177985
2.53,4,-0.538959,-0.511757,-0.0730532,-0.18109,-0.0272021
2.53,5,-0.0515158,-0.0463675,-0.0833976,-0.000721848,-0.00514823
2.54,0,0.211803,0.201098,0.14562,-0.00863691,0.0107056
2.54,1,0.219102,0.273445,0.474694,-3.59779,-0.0543427
2.54,2,0.773548,0.817656,-0.152365,-1.0185,-0.0441076
2.54,3,0.325529,0.32376,0.0558934,-0.0158439,0.00176921
2.54,4,-0.539627,-0.512487,-0.0729498,-0.180643,-0.0271397
2.54,5,-0.0523573,-0.0472017,-0.0834227,-0.000751382,-0.00515564
2.55,0,0.213303,0.202555,0.145815,-0.00751205,0.0107483
2.55,1,0.224096,0.278192,0.474641,-3.58776,-0.054096
2.55,2,0.772235,0.816133,-0.15228,-1.01236,-0.0438974
2.55,3,0.326078,0.324319,0.0558069,-0.0158904,0.00175937
2.55,4,-0.540294,-0.513216,-0.0728238,-0.180216,-0.0270785
2.55,5,-0.0531988,-0.0480361,-0.0834552,-0.000777198,-0.00516275
2.56,0,0.214803,0.204014,0.14605,-0.00659515,0.0107888
2.56,1,0.229089,0.282938,0.474614,-3.5778,-0.0538488
2.56,2,0.770923,0.814611,-0.152178,-1.00629,-0.0436881
2.56,3,0.326627,0.324876,0.0557071,-0.0159195,0.00175048
2.56,4,-0.540962,-0.513943,-0.0726787,-0.17981,-0.0270186
2.56,5,-0.0540403,-0.0488708,-0.0834943,-0.000799244,-0.00516951
2.57,0,0.216303,0.205476,0.146318,-0.00588026,0.0108268
2.57,1,0.234083,0.287684,0.47461,-3.56789,-0.0536016
2.57,2,0.76961,0.813089,-0.152061,-1.00028,-0.0434799
2.57,3,0.327175,0.325433,0.0555965,-0.0159315,0.00174264
2.57,4,-0.54163,-0.514669,-0.0725181,-0.179423,-0.0269603
2.57,5,-0.0548818,-0.049706,-0.0835389,-0.00081752,-0.00517584
2.58,0,0.217803,0.206941,0.146613,-0.00535912,0.010862
2.58,1,0.239076,0.29243,0.474624,-3.55805,-0.0533544
2.58,2,0.768297,0.81157,-0.151931,-0.994327,-0.043273
2.58,3,0.327724,0.325988,0.0554773,-0.0159268,0.00173595
2.58,4,-0.542297,-0.515393,-0.0723451,-0.179056,-0.0269036
2.58,5,-0.0557234,-0.0505417,-0.0835881,-0.00083208,-0.0051817
2.59,0,0.219303,0.208409,0.146929,-0.00502158,0.0108941
2.59,1,0.244069,0.297177,0.474653,-3.54826,-0.0531075
2.59,2,0.766984,0.810051,-0.151793,-0.988437,-0.0430674
2.59,3,0.328273,0.326542,0.0553516,-0.015906,0.0017305
2.59,4,-0.542965,-0.516116,-0.0721631,-0.178709,-0.0268488
2.59,5,-0.0565649,-0.0513778,-0.0836408,-0.00084302,-0.00518705
2.6,0,0.220803,0.20988,0.147258,-0.0048558,0.010923
2.6,1,0.249063,0.301923,0.474694,-3.53852,-0.0528609
2.6,2,0.765671,0.808534,-0.151647,-0.982603,-0.0428633
2.6,3,0.328821,0.327095,0.0552218,-0.0158698,0.00172633
2.6,4,-0.543632,-0.516837,-0.0719751,-0.178378,-0.0267957
2.6,5,-0.0574064,-0.0522145,-0.083696,-0.00085048,-0.00519186
2.61,0,0.222303,0.211354,0.147596,-0.00484864,0.0109485
2.61,1,0.254056,0.306671,0.474744,-3.52882,-0.0526147
2.61,2,0.764358,0.807018,-0.151498,-0.976822,-0.0426606
2.61,3,0.32937,0.327646,0.0550897,-0.0158191,0.00172347
2.61,4,-0.5443,-0.517555,-0.071784,-0.178065,-0.0267446
2.61,5,-0.0582479,-0.0530518,-0.0837529,-0.000854635,-0.0051961
2.62,0,0.223803,0.212832,0.147937,-0.00498592,0.0109706
2.62,1,0.259049,0.311418,0.474798,-3.51916,-0.0523691
2.62,2,0.763045,0.805504,-0.151346,-0.971089,-0.0424594
2.62,3,0.329918,0.328197,0.0549573,-0.015755,0.00172193
2.62,4,-0.544967,-0.518272,-0.0715925,-0.177767,-0.0266954
2.62,5,-0.0590894,-0.0538897,-0.0838106,-0.000855689,-0.00519977
2.63,0,0.225303,0.214314,0.148275,-0.00525271,0.0109893
2.63,1,0.264043,0.316167,0.474855,-3.50953,-0.052124
2.63,2,0.761732,0.803991,-0.151195,-0.965401,-0.0422597
2.63,3,0.330467,0.328745,0.0548263,-0.0156786,0.00172171
2.63,4,-0.545635,-0.518987,-0.0714031,-0.177484,-0.0266481
2.63,5,-0.0599309,-0.0547281,-0.0838682,-0.000853873,-0.00520287
2.64,0,0.226803,0.215798,0.148607,-0.00563362,0.0110047
2.64,1,0.269036,0.320916,0.474912,-3.49992,-0.0518796
2.64,2,0.760419,0.80248,-0.151047,-0.959754,-0.0420616
2.64,3,0.331016,0.329293,0.0546983,-0.015591,0.00172279
2.64,4,-0.546303,-0.5197,-0.071218,-0.177213,-0.0266027
2.64,5,-0.0607725,-0.0555671,-0.083925,-0.000849437,-0.00520539
2.65,0,0.228303,0.217286,0.148928,-0.00611305,0.0110168
2.65,1,0.274029,0.325665,0.474966,-3.49032,-0.0516356
2.65,2,0.759106,0.800971,-0.150902,-0.954142,-0.0418649
2.65,3,0.331564,0.329839,0.0545747,-0.0154935,0.00172512
2.65,4,-0.54697,-0.520411,-0.0710393,-0.176953,-0.0265591
2.65,5,-0.061614,-0.0564066,-0.0839803,-0.000842648,-0.00520735
2.66,0,0.229803,0.218777,0.149235,-0.00667541,0.0110258
2.66,1,0.279023,0.330415,0.475015,-3.48073,-0.0513922
2.66,2,0.757793,0.799462,-0.150763,-0.948561,-0.0416696
2.66,3,0.332113,0.330384,0.0544567,-0.0153874,0.00172866
2.66,4,-0.547638,-0.521121,-0.0708687,-0.176704,-0.0265173
2.66,5,-0.0624555,-0.0572467,-0.0840335,-0.000833783,-0.00520877
2.67,0,0.231303,0.220271,0.149525,-0.00730538,0.0110318
2.67,1,0.284016,0.335165,0.475056,-3.47114,-0.0511493
2.67,2,0.75648,0.797956,-0.150632,-0.943006,-0.0414757
2.67,3,0.332662,0.330928,0.0543454,-0.0152738,0.00173335
2.67,4,-0.548305,-0.521828,-0.0707078,-0.176462,-0.026477
2.67,5,-0.063297,-0.0580873,-0.0840841,-0.000823122,-0.00520967
2.68,0,0.232803,0.221768,0.149795,-0.00798807,0.0110349
2.68,1,0.289009,0.339916,0.475089,-3.46153,-0.0509067
2.68,2,0.755167,0.79645,-0.150509,-0.937472,-0.041283
2.68,3,0.33321,0.331471,0.0542417,-0.015154,0.0017391
2.68,4,-0.548973,-0.522535,-0.0705579,-0.176228,-0.0264384
2.68,5,-0.0641385,-0.0589284,-0.0841315,-0.000810952,-0.00521008
2.69,0,0.234303,0.223267,0.150044,-0.00870919,0.0110356
2.69,1,0.294003,0.344667,0.475112,-3.45191,-0.0506643
2.69,2,0.753854,0.794945,-0.150395,-0.931955,-0.0410915
2.69,3,0.333759,0.332013,0.0541463,-0.0150293,0.00174585
2.69,4,-0.549641,-0.523239,-0.07042,-0.175999,-0.0264012
2.69,5,-0.06498,-0.05977,-0.0841755,-0.000797553,-0.00521004
2.7,0,0.235803,0.224769,0.150269,-0.00945523,0.0110338
2.7,1,0.298996,0.349418,0.475122,-3.44225,-0.0504222
2.7,2,0.752541,0.793442,-0.150292,-0.926449,-0.0409011
2.7,3,0.334308,0.332554,0.0540597,-0.0149008,0.0017535
2.7,4,-0.550308,-0.523943,-0.0702949,-0.175775,-0.0263652
2.7,5,-0.0658216,-0.060612,-0.0842156,-0.000783202,-0.00520958
2.71,0,0.237303,0.226273,0.15047,-0.0102136,0.0110299
2.71,1,0.303989,0.354169,0.475121,-3.43256,-0.05018
2.71,2,0.751228,0.79194,-0.1502,-0.920951,-0.0407117
2.71,3,0.334856,0.333094,0.0539823,-0.0147697,0.00176197
2.71,4,-0.550976,-0.524645,-0.0701832,-0.175553,-0.0263305
2.71,5,-0.0666631,-0.0614543,-0.0842517,-0.000768167,-0.00520874
2.72,0,0.238802,0.227778,0.150647,-0.0109726,0.0110242
2.72,1,0.308983,0.358921,0.475105,-3.42283,-0.0499378
2.72,2,0.749915,0.790438,-0.150119,-0.915456,-0.0405231
2.72,3,0.335405,0.333634,0.0539143,-0.014637,0.00177116
2.72,4,-0.551643,-0.525347,-0.0700852,-0.175332,-0.0262968
2.72,5,-0.0675046,-0.062297,-0.0842836,-0.000752701,-0.00520756
2.73,0,0.240302,0.229286,0.150798,-0.0117216,0.0110168
2.73,1,0.313976,0.363671,0.475076,-3.41304,-0.0496954
2.73,2,0.748602,0.788937,-0.150049,-0.909959,-0.0403353
2.73,3,0.335953,0.334172,0.0538557,-0.0145036,0.00178098
2.73,4,-0.552311,-0.526047,-0.0700013,-0.175112,-0.026264
2.73,5,-0.0683461,-0.06314,-0.0843112,-0.000737047,-0.00520608
2.74,0,0.241802,0.230794,0.150925,-0.0124514,0.0110081
2.74,1,0.318969,0.368422,0.475032,-3.4032,-0.0494526
2.74,2,0.747289,0.787437,-0.149992,-0.904458,-0.0401481
2.74,3,0.336502,0.334711,0.0538065,-0.0143706,0.00179133
2.74,4,-0.552979,-0.526747,-0.0699313,-0.17489,-0.026232
2.74,5,-0.0691876,-0.0639833,-0.0843345,-0.000721426,-0.00520436
2.75,0,0.243302,0.232304,0.151027,-0.0131535,0.0109982
2.75,1,0.323963,0.373172,0.474974,-3.39329,-0.0492092
2.75,2,0.745976,0.785937,-0.149947,-0.898949,-0.0399614
2.75,3,0.337051,0.335249,0.0537664,-0.0142386,0.00180213
2.75,4,-0.553646,-0.527446,-0.0698751,-0.174667,-0.0262006
2.75,5,-0.0700291,-0.0648267,-0.0843535,-0.000706047,-0.00520242
2.76,0,0.244802,0.233815,0.151106,-0.0138209,0.0109874
2.76,1,0.328956,0.377921,0.474901,-3.38331,-0.0489652
2.76,2,0.744663,0.784438,-0.149913,-0.893428,-0.0397751
2.76,3,0.337599,0.335786,0.0537352,-0.0141084,0.00181328
2.76,4,-0.554314,-0.528144,-0.0698323,-0.174441,-0.0261697
2.76,5,-0.0708707,-0.0656703,-0.0843683,-0.000691093,-0.00520032
2.77,0,0.246302,0.235326,0.151162,-0.0144476,0.010976
2.77,1,0.33395,0.38267,0.474814,-3.37326,-0.0487204
2.77,2,0.74335,0.782939,-0.14989,-0.887892,-0.0395891
2.77,3,0.338148,0.336323,0.0537124,-0.0139806,0.00182469
2.77,4,-0.554981,-0.528842,-0.0698025,-0.174212,-0.0261391
2.77,5,-0.0717122,-0.0665141,-0.084379,-0.00067673,-0.00519809
2.78,0,0.247802,0.236838,0.151198,-0.015029,0.0109641
2.78,1,0.338943,0.387418,0.474713,-3.36312,-0.0484747
2.78,2,0.742037,0.78144,-0.149878,-0.882339,-0.0394032
2.78,3,0.338697,0.33686,0.0536976,-0.0138557,0.00183628
2.78,4,-0.555649,-0.52954,-0.0697851,-0.173978,-0.0261088
2.78,5,-0.0725537,-0.0673579,-0.0843859,-0.000663101,-0.00519577
2.79,0,0.249302,0.23835,0.151213,-0.0155612,0.010952
2.79,1,0.343936,0.392164,0.474598,-3.35291,-0.0482278
2.79,2,0.740724,0.779942,-0.149877,-0.876768,-0.0392174
2.79,3,0.339245,0.337397,0.0536901,-0.0137342,0.00184799
2.79,4,-0.556316,-0.530238,-0.0697793,-0.173739,-0.0260785
2.79,5,-0.0733952,-0.0682018,-0.0843891,-0.000650329,-0.00519341
2.8,0,0.250802,0.239862,0.151211,-0.0160418,0.0109398
2.8,1,0.34893,0.396909,0.474471,-3.3426,-0.0479798
2.8,2,0.739411,0.778443,-0.149886,-0.871175,-0.0390316
2.8,3,0.339794,0.337934,0.0536893,-0.0136163,0.00185973
2.8,4,-0.556984,-0.530936,-0.0697844,-0.173494,-0.0260483
2.8,5,-0.0742367,-0.0690457,-0.0843889,-0.000638513,-0.00519104
2.81,0,0.252302,0.241374,0.151193,-0.0164692,0.0109277
2.81,1,0.353923,0.401653,0.474332,-3.33221,-0.0477304
2.81,2,0.738098,0.776944,-0.149904,-0.86556,-0.0388456
2.81,3,0.340343,0.338471,0.0536946,-0.0135023,0.00187144
2.81,4,-0.557652,-0.531634,-0.0697995,-0.173244,-0.026018
2.81,5,-0.0750782,-0.0698896,-0.0843856,-0.000627732,-0.00518868
2.82,0,0.253802,0.242886,0.15116,-0.0168427,0.0109159
2.82,1,0.358916,0.406396,0.474182,-3.32173,-0.0474795
2.82,2,0.736785,0.775445,-0.14993,-0.859921,-0.0386594
2.82,3,0.340891,0.339008,0.0537052,-0.0133924,0.00188308
2.82,4,-0.558319,-0.532332,-0.0698238,-0.172988,-0.0259875
2.82,5,-0.0759198,-0.0707334,-0.0843794,-0.000618044,-0.00518637
2.83,0,0.255302,0.244397,0.151114,-0.0171626,0.0109045
2.83,1,0.36391,0.411137,0.474021,-3.31115,-0.0472271
2.83,2,0.735472,0.773945,-0.149965,-0.854257,-0.0384729
2.83,3,0.34144,0.339545,0.0537204,-0.0132865,0.00189458
2.83,4,-0.558987,-0.53303,-0.0698562,-0.172725,-0.0259566
2.83,5,-0.0767613,-0.0715771,-0.0843707,-0.000609486,-0.00518414
2.84,0,0.256802,0.245908,0.151058,-0.0174299,0.0108936
2.84,1,0.368903,0.415876,0.473851,-3.30048,-0.046973
2.84,2,0.734159,0.772445,-0.150006,-0.848568,-0.038286
2.84,3,0.341988,0.340083,0.0537396,-0.0131847,0.0019059
2.84,4,-0.559654,-0.533729,-0.0698958,-0.172456,-0.0259254
2.84,5,-0.0776028,-0.0724208,-0.0843599,-0.000602077,-0.00518201
2.85,0,0.258302,0.247418,0.150993,-0.0176463,0.0108833
2.85,1,0.373896,0.420614,0.473673,-3.28971,-0.0467172
2.85,2,0.732846,0.770945,-0.150053,-0.842853,-0.0380986
2.85,3,0.342537,0.34062,0.0537619,-0.013087,0.00191702
2.85,4,-0.560322,-0.534428,-0.0699416,-0.17218,-0.0258938
2.85,5,-0.0784443,-0.0732643,-0.0843472,-0.000595818,-0.00518
2.86,0,0.259802,0.248928,0.150921,-0.017814,0.0108738
2.86,1,0.37889,0.425349,0.473488,-3.27885,-0.0464596
2.86,2,0.731533,0.769444,-0.150105,-0.837113,-0.0379108
2.86,3,0.343086,0.341158,0.0537867,-0.0129931,0.0019279
2.86,4,-0.56099,-0.535128,-0.0699927,-0.171897,-0.0258617
2.86,5,-0.0792858,-0.0741077,-0.084333,-0.000590693,-0.00517812
2.87,0,0.261302,0.250437,0.150844,-0.017936,0.0108649
2.87,1,0.383883,0.430083,0.473296,-3.26789,-0.0462001
2.87,2,0.73022,0.767943,-0.150162,-0.831347,-0.0377224
2.87,3,0.343634,0.341696,0.0538133,-0.0129028,0.00193852
2.87,4,-0.561657,-0.535828,-0.070048,-0.171609,-0.0258291
2.87,5,-0.0801274,-0.074951,-0.0843176,-0.000586673,-0.00517639
2.88,0,0.262802,0.251945,0.150763,-0.0180153,0.0108569
2.88,1,0.388876,0.434815,0.473099,-3.25684,-0.0459386
2.88,2,0.728907,0.766441,-0.150223,-0.825556,-0.0375334
2.88,3,0.344183,0.342234,0.0538409,-0.0128159,0.00194887
2.88,4,-0.562325,-0.536529,-0.0701067,-0.171314,-0.0257959
2.88,5,-0.0809689,-0.075794,-0.0843013,-0.000583713,-0.00517482
2.89,0,0.264302,0.253452,0.15068,-0.0180556,0.0108496
2.89,1,0.39387,0.439545,0.472898,-3.2457,-0.0456751
2.89,2,0.727594,0.764938,-0.150286,-0.819741,-0.0373438
2.89,3,0.344732,0.342773,0.0538691,-0.0127322,0.00195893
2.89,4,-0.562992,-0.53723,-0.0701679,-0.171012,-0.025762
2.89,5,-0.0818104,-0.076637,-0.0842844,-0.000581759,-0.00517342
2.9,0,0.265802,0.254958,0.150597,-0.0180606,0.0108432
2.9,1,0.398863,0.444273,0.472694,-3.23447,-0.0454097
2.9,2,0.726282,0.763435,-0.150352,-0.813903,-0.0371535
2.9,3,0.34528,0.343311,0.0538973,-0.0126512,0.00196872
2.9,4,-0.56366,-0.537932,-0.0702306,-0.170706,-0.0257276
2.9,5,-0.0826519,-0.0774797,-0.0842672,-0.000580745,-0.00517218
2.91,0,0.267302,0.256464,0.150514,-0.0180343,0.0108377
2.91,1,0.403856,0.448998,0.472487,-3.22315,-0.0451421
2.91,2,0.724969,0.761931,-0.150419,-0.808042,-0.0369626
2.91,3,0.345829,0.343851,0.0539248,-0.0125726,0.00197823
2.91,4,-0.564327,-0.538635,-0.0702942,-0.170393,-0.0256925
2.91,5,-0.0834934,-0.0783223,-0.08425,-0.000580598,-0.00517112
2.92,0,0.268801,0.257969,0.150433,-0.0179807,0.0108329
2.92,1,0.40885,0.453722,0.472279,-3.21174,-0.0448725
2.92,2,0.723656,0.760427,-0.150486,-0.802159,-0.036771
2.92,3,0.346377,0.34439,0.0539514,-0.0124962,0.00198746
2.92,4,-0.564995,-0.539338,-0.0703577,-0.170076,-0.0256568
2.92,5,-0.0843349,-0.0791647,-0.0842331,-0.000581239,-0.00517023
2.93,0,0.270301,0.259472,0.150355,-0.0179038,0.010829
2.93,1,0.413843,0.458444,0.472071,-3.20025,-0.0446008
2.93,2,0.722343,0.758921,-0.150553,-0.796257,-0.0365788
2.93,3,0.346926,0.34493,0.0539764,-0.0124214,0.00199644
2.93,4,-0.565663,-0.540042,-0.0704207,-0.169754,-0.0256205
2.93,5,-0.0851765,-0.0800069,-0.0842166,-0.000582584,-0.00516951
2.94,0,0.271801,0.260976,0.15028,-0.0178076,0.0108258
2.94,1,0.418836,0.463163,0.471864,-3.18867,-0.044327
2.94,2,0.72103,0.757416,-0.15062,-0.790335,-0.0363859
2.94,3,0.347475,0.34547,0.0539997,-0.012348,0.00200518
2.94,4,-0.56633,-0.540747,-0.0704823,-0.169427,-0.0255835
2.94,5,-0.086018,-0.080849,-0.0842007,-0.000584545,-0.00516895
2.95,0,0.273301,0.262478,0.15021,-0.0176961,0.0108234
2.95,1,0.42383,0.467881,0.471657,-3.17702,-0.0440512
2.95,2,0.719717,0.755909,-0.150686,-0.784396,-0.0361923
2.95,3,0.348023,0.34601,0.0540209,-0.0122756,0.0020137
2.95,4,-0.566998,-0.541452,-0.0705422,-0.169097,-0.025546
2.95,5,-0.0868595,-0.0816909,-0.0841856,-0.000587034,-0.00516854
2.96,0,0.274801,0.26398,0.150145,-0.0175728,0.0108216
2.96,1,0.428823,0.472596,0.471452,-3.16529,-0.0437733
2.96,2,0.718404,0.754402,-0.15075,-0.778441,-0.035998
2.96,3,0.348572,0.34655,0.0540397,-0.0122037,0.00202202
2.96,4,-0.567665,-0.542158,-0.0705998,-0.168763,-0.0255078
2.96,5,-0.087701,-0.0825327,-0.0841715,-0.000589961,-0.00516828
2.97,0,0.276301,0.265481,0.150086,-0.0174414,0.0108204
2.97,1,0.433816,0.47731,0.47125,-3.15348,-0.0434933
2.97,2,0.717091,0.752894,-0.150811,-0.772472,-0.0358032
2.97,3,0.349121,0.34709,0.0540561,-0.0121321,0.00203016
2.97,4,-0.568333,-0.542864,-0.0706546,-0.168426,-0.0254691
2.97,5,-0.0885425,-0.0833744,-0.0841585,-0.000593239,-0.00516816
2.98,0,0.277801,0.266981,0.150032,-0.017305,0.0108198
2.98,1,0.43881,0.482021,0.471051,-3.14161,-0.0432114
2.98,2,0.715778,0.751385,-0.150871,-0.766489,-0.0356077
2.98,3,0.349669,0.347631,0.0540698,-0.0120604,0.00203815
2.98,4,-0.569001,-0.543571,-0.0707064,-0.168086,-0.0254299
2.98,5,-0.089384,-0.0842159,-0.0841466,-0.000596782,-0.00516816
2.99,0,0.279301,0.268481,0.149985,-0.0171666,0.0108197
2.99,1,0.443803,0.486731,0.470855,-3.12966,-0.0429274
2.99,2,0.714465,0.749876,-0.150927,-0.760495,-0.0354116
2.99,3,0.350218,0.348172,0.0540808,-0.0119883,0.00204602
2.99,4,-0.569668,-0.544278,-0.0707548,-0.167743,-0.0253901
2.99,5,-0.0902256,-0.0850573,-0.0841361,-0.00060051,-0.00516827
3,0,0.280801,0.269981,0.149943,-0.017029,0.01082
3,1,0.448797,0.491438,0.470664,-3.11765,-0.0426416
3,2,0.713152,0.748367,-0.15098,-0.754491,-0.035215
3,3,0.350767,0.348713,0.0540891,-0.0119155,0.0020538
3,4,-0.570336,-0.544986,-0.0707996,-0.167399,-0.0253499
3,5,-0.0910671,-0.0858986,-0.0841268,-0.000604344,-0.00516847
3.01,0,0.282301,0.27148,0.149908,-0.0168946,0.0108207
3.01,1,0.45379,0.496144,0.470476,-3.10558,-0.0423538
3.01,2,0.711839,0.746857,-0.15103,-0.748478,-0.0350179
3.01,3,0.351315,0.349254,0.0540947,-0.0118417,0.00206151
3.01,4,-0.571003,-0.545694,-0.0708408,-0.167054,-0.0253093
3.01,5,-0.0919086,-0.0867398,-0.0841188,-0.000608212,-0.00516877
3.02,0,0.283801,0.272979,0.149879,-0.0167654,0.0108218
3.02,1,0.458783,0.500847,0.470293,-3.09345,-0.0420643
3.02,2,0.710526,0.745346,-0.151076,-0.742457,-0.0348203
3.02,3,0.351864,0.349795,0.0540976,-0.0117668,0.00206918
3.02,4,-0.571671,-0.546403,-0.0708781,-0.166707,-0.0252682
3.02,5,-0.0927501,-0.087581,-0.0841121,-0.000612048,-0.00516914
3.03,0,0.285301,0.274478,0.149855,-0.0166432,0.0108231
3.03,1,0.463777,0.505549,0.470115,-3.08126,-0.0417728
3.03,2,0.709213,0.743835,-0.151119,-0.736431,-0.0346223
3.03,3,0.352412,0.350336,0.054098,-0.0116905,0.00207683
3.03,4,-0.572339,-0.547112,-0.0709115,-0.166359,-0.0252268
3.03,5,-0.0935916,-0.0884221,-0.0841067,-0.000615793,-0.00516956
3.04,0,0.286801,0.275976,0.149837,-0.0165294,0.0108246
3.04,1,0.46877,0.51025,0.469942,-3.06901,-0.0414797
3.04,2,0.7079,0.742324,-0.151158,-0.730399,-0.0344239
3.04,3,0.352961,0.350877,0.0540959,-0.0116127,0.00208449
3.04,4,-0.573006,-0.547821,-0.0709411,-0.166011,-0.0251852
3.04,5,-0.0944331,-0.0892631,-0.0841026,-0.000619393,-0.00517004
3.05,0,0.288301,0.277475,0.149825,-0.0164251,0.0108262
3.05,1,0.473763,0.514948,0.469773,-3.05671,-0.0411848
3.05,2,0.706587,0.740812,-0.151194,-0.724364,-0.0342251
3.05,3,0.35351,0.351418,0.0540916,-0.0115331,0.00209219
3.05,4,-0.573674,-0.548531,-0.0709669,-0.165662,-0.0251432
3.05,5,-0.0952747,-0.0901041,-0.0840997,-0.000622802,-0.00517054
3.06,0,0.289801,0.278973,0.149817,-0.0163313,0.010828
3.06,1,0.478757,0.519645,0.46961,-3.04436,-0.0408883
3.06,2,0.705274,0.7393,-0.151226,-0.718326,-0.0340259
3.06,3,0.354058,0.351958,0.0540853,-0.0114518,0.00209993
3.06,4,-0.574341,-0.54924,-0.070989,-0.165313,-0.025101
3.06,5,-0.0961162,-0.0909451,-0.084098,-0.000625982,-0.00517107
3.07,0,0.291301,0.280471,0.149813,-0.0162485,0.0108298
3.07,1,0.48375,0.52434,0.469451,-3.03196,-0.0405902
3.07,2,0.703961,0.737788,-0.151254,-0.712287,-0.0338265
3.07,3,0.354607,0.352499,0.054077,-0.0113686,0.00210776
3.07,4,-0.575009,-0.54995,-0.0710075,-0.164965,-0.0250586
3.07,5,-0.0969577,-0.0917861,-0.0840973,-0.000628899,-0.00517162
3.08,0,0.292801,0.281969,0.149814,-0.016177,0.0108316
3.08,1,0.488743,0.529034,0.469297,-3.01951,-0.0402905
3.08,2,0.702648,0.736275,-0.151278,-0.706246,-0.0336268
3.08,3,0.355156,0.35304,0.0540671,-0.0112835,0.00211567
3.08,4,-0.575676,-0.55066,-0.0710226,-0.164617,-0.025016
3.08,5,-0.0977992,-0.092627,-0.0840976,-0.00063153,-0.00517216
3.09,0,0.294301,0.283467,0.149818,-0.0161169,0.0108334
3.09,1,0.493737,0.533726,0.469148,-3.00702,-0.0399893
3.09,2,0.701335,0.734762,-0.1513,-0.700206,-0.0334268
3.09,3,0.355704,0.353581,0.0540557,-0.0111965,0.0021237
3.09,4,-0.576344,-0.551371,-0.0710345,-0.164269,-0.0249733
3.09,5,-0.0986407,-0.093468,-0.0840987,-0.000633856,-0.0051727
3.1,0,0.295801,0.284965,0.149825,-0.016068,0.0108351
3.1,1,0.49873,0.538417,0.469004,-2.99448,-0.0396866
3.1,2,0.700022,0.733249,-0.151318,-0.694166,-0.0332267
3.1,3,0.356253,0.354121,0.0540431,-0.0111074,0.00213184
3.1,4,-0.577012,-0.552081,-0.0710434,-0.163922,-0.0249305
3.1,5,-0.0994822,-0.094309,-0.0841007,-0.000635864,-0.00517321
3.11,0,0.297301,0.286464,0.149834,-0.0160299,0.0108368
3.11,1,0.503723,0.543106,0.468864,-2.98189,-0.0393826
3.11,2,0.698709,0.731736,-0.151333,-0.688127,-0.0330264
3.11,3,0.356801,0.354661,0.0540294,-0.0110165,0.00214012
3.11,4,-0.577679,-0.552792,-0.0710495,-0.163576,-0.0248876
3.11,5,-0.100324,-0.09515,-0.0841033,-0.00063755,-0.00517371
3.12,0,0.298801,0.287962,0.149845,-0.0160023,0.0108383
3.12,1,0.508717,0.547794,0.468728,-2.96927,-0.0390771
3.12,2,0.697396,0.730222,-0.151345,-0.68209,-0.032826
3.12,3,0.35735,0.355202,0.054015,-0.0109237,0.00214853
3.12,4,-0.578347,-0.553502,-0.0710531,-0.163231,-0.0248447
3.12,5,-0.101165,-0.0959911,-0.0841066,-0.000638912,-0.00517418
3.13,0,0.3003,0.289461,0.149858,-0.0159845,0.0108398
3.13,1,0.51371,0.55248,0.468596,-2.9566,-0.0387703
3.13,2,0.696083,0.728709,-0.151355,-0.676055,-0.0326255
3.13,3,0.357899,0.355742,0.054,-0.010829,0.0021571
3.13,4,-0.579014,-0.554213,-0.0710545,-0.162886,-0.0248017
3.13,5,-0.102007,-0.0968322,-0.0841103,-0.000639956,-0.00517461
3.14,0,0.3018,0.290959,0.149873,-0.0159756,0.0108411
3.14,1,0.518703,0.557166,0.468467,-2.94389,-0.0384622
3.14,2,0.69477,0.727195,-0.151362,-0.670022,-0.0324248
3.14,3,0.358447,0.356282,0.0539845,-0.0107326,0.00216582
3.14,4,-0.579682,-0.554923,-0.0710539,-0.162543,-0.0247588
3.14,5,-0.102848,-0.0976733,-0.0841144,-0.000640691,-0.005175
3.15,0,0.3033,0.292458,0.149888,-0.0159749,0.0108422
3.15,1,0.523697,0.56185,0.468342,-2.93114,-0.0381528
3.15,2,0.693457,0.725681,-0.151367,-0.663991,-0.0322242
3.15,3,0.358996,0.356821,0.0539689,-0.0106345,0.00217469
3.15,4,-0.58035,-0.555634,-0.0710515,-0.162201,-0.0247158
3.15,5,-0.10369,-0.0985145,-0.0841187,-0.000641129,-0.00517535
3.16,0,0.3048,0.293957,0.149903,-0.0159815,0.0108432
3.16,1,0.52869,0.566532,0.46822,-2.91835,-0.0378422
3.16,2,0.692144,0.724168,-0.15137,-0.657964,-0.0320235
3.16,3,0.359545,0.357361,0.0539532,-0.0105348,0.00218372
3.16,4,-0.581017,-0.556344,-0.0710477,-0.161859,-0.0246729
3.16,5,-0.104531,-0.0993557,-0.0841233,-0.000641289,-0.00517565
3.17,0,0.3063,0.295456,0.149919,-0.0159944,0.010844
3.17,1,0.533683,0.571214,0.4681,-2.90552,-0.0375304
3.17,2,0.690831,0.722654,-0.151371,-0.651939,-0.0318227
3.17,3,0.360093,0.3579,0.0539377,-0.0104336,0.0021929
3.17,4,-0.581685,-0.557055,-0.0710426,-0.161519,-0.02463
3.17,5,-0.105373,-0.100197,-0.0841279,-0.000641188,-0.00517591
3.18,0,0.3078,0.296956,0.149934,-0.0160126,0.0108447
3.18,1,0.538677,0.575894,0.467983,-2.89265,-0.0372174
3.18,2,0.689518,0.72114,-0.151371,-0.645916,-0.031622
3.18,3,0.360642,0.35844,0.0539225,-0.010331,0.00220224
3.18,4,-0.582352,-0.557765,-0.0710366,-0.16118,-0.0245872
3.18,5,-0.106214,-0.101038,-0.0841326,-0.00064085,-0.00517613
3.19,0,0.3093,0.298455,0.149948,-0.0160353,0.0108452
3.19,1,0.54367,0.580573,0.467868,-2.87974,-0.0369033
3.19,2,0.688205,0.719627,-0.15137,-0.639896,-0.0314212
3.19,3,0.361191,0.358979,0.0539076,-0.0102272,0.00221173
3.19,4,-0.58302,-0.558475,-0.0710299,-0.160841,-0.0245445
3.19,5,-0.107056,-0.10188,-0.0841372,-0.000640296,-0.00517629
3.2,0,0.3108,0.299954,0.149962,-0.0160613,0.0108456
3.2,1,0.548664,0.585251,0.467755,-2.86678,-0.036588
3.2,2,0.686892,0.718113,-0.151368,-0.633879,-0.0312205
3.2,3,0.361739,0.359518,0.0538932,-0.0101222,0.00222137
3.2,4,-0.583687,-0.559186,-0.0710227,-0.160503,-0.0245018
3.2,5,-0.107897,-0.102721,-0.0841417,-0.000639553,-0.00517641
3.21,0,0.3123,0.301454,0.149975,-0.0160899,0.0108459
3.21,1,0.553657,0.589928,0.467644,-2.85379,-0.0362716
3.21,2,0.685579,0.716599,-0.151366,-0.627863,-0.0310198
3.21,3,0.362288,0.360057,0.0538794,-0.0100162,0.00223115
3.21,4,-0.584355,-0.559896,-0.0710151,-0.160166,-0.0244592
3.21,5,-0.108739,-0.103562,-0.084146,-0.000638644,-0.00517649
3.22,0,0.3138,0.302954,0.149987,-0.0161201,0.010846
3.22,1,0.55865,0.594604,0.467533,-2.84076,-0.035954
3.22,2,0.684266,0.715086,-0.151362,-0.62185,-0.0308191
3.22,3,0.362836,0.360595,0.0538663,-0.00990919,0.00224106
3.22,4,-0.585023,-0.560606,-0.0710076,-0.15983,-0.0244167
3.22,5,-0.10958,-0.104404,-0.0841501,-0.000637596,-0.00517652
3.23,0,0.3153,0.304454,0.149998,-0.0161511,0.0108461
3.23,1,0.563644,0.599279,0.467424,-2.82769,-0.0356354
3.23,2,0.682954,0.713572,-0.151359,-0.615838,-0.0306185
3.23,3,0.363385,0.361134,0.0538538,-0.00980133,0.0022511
3.23,4,-0.58569,-0.561316,-0.0710001,-0.159494,-0.0243742
3.23,5,-0.110422,-0.105245,-0.0841538,-0.000636433,-0.00517652
3.24,0,0.3168,0.305954,0.150007,-0.0161821,0.010846
3.24,1,0.568637,0.603953,0.467315,-2.81457,-0.0353157
3.24,2,0.681641,0.712058,-0.151355,-0.609828,-0.0304179
3.24,3,0.363934,0.361672,0.0538421,-0.00969271,0.00226125
3.24,4,-0.586358,-0.562026,-0.0709928,-0.159159,-0.0243319
3.24,5,-0.111263,-0.106087,-0.0841573,-0.00063518,-0.00517648
3.25,0,0.3183,0.307454,0.150015,-0.0162125,0.0108458
3.25,1,0.57363,0.608625,0.467207,-2.80142,-0.0349949
3.25,2,0.680328,0.710545,-0.151351,-0.603818,-0.0302174
3.25,3,0.364482,0.362211,0.0538311,-0.00958339,0.00227153
3.25,4,-0.587025,-0.562736,-0.070986,-0.158824,-0.0242896
3.25,5,-0.112105,-0.106929,-0.0841605,-0.00063386,-0.0051764
3.26,0,0.3198,0.308954,0.150022,-0.0162415,0.0108456
3.26,1,0.578624,0.613297,0.467099,-2.78822,-0.034673
3.26,2,0.679015,0.709031,-0.151348,-0.59781,-0.0300168
3.26,3,0.365031,0.362749,0.0538209,-0.00947348,0.00228191
3.26,4,-0.587693,-0.563446,-0.0709798,-0.158489,-0.0242473
3.26,5,-0.112947,-0.10777,-0.0841633,-0.000632496,-0.0051763
3.27,0,0.3213,0.310455,0.150027,-0.0162688,0.0108453
3.27,1,0.583617,0.617967,0.466991,-2.77498,-0.0343501
3.27,2,0.677702,0.707518,-0.151344,-0.591801,-0.0298163
3.27,3,0.36558,0.363287,0.0538114,-0.00936302,0.00229238
3.27,4,-0.588361,-0.564155,-0.0709742,-0.158154,-0.0242051
3.27,5,-0.113788,-0.108612,-0.0841658,-0.000631108,-0.00517617
3.28,0,0.3228,0.311955,0.150031,-0.0162938,0.0108449
3.28,1,0.58861,0.622636,0.466883,-2.76169,-0.0340261
3.28,2,0.676389,0.706005,-0.151342,-0.585793,-0.0296159
3.28,3,0.366128,0.363825,0.0538026,-0.00925207,0.00230295
3.28,4,-0.589028,-0.564865,-0.0709693,-0.157819,-0.024163
3.28,5,-0.11463,-0.109454,-0.0841679,-0.000629714,-0.00517602
3.29,0,0.3243,0.313455,0.150033,-0.0163161,0.0108446
3.29,1,0.593604,0.627305,0.466775,-2.74836,-0.033701
3.29,2,0.675076,0.704491,-0.15134,-0.579784,-0.0294155
3.29,3,0.366677,0.364363,0.0537945,-0.0091407,0.0023136
3.29,4,-0.589696,-0.565575,-0.0709653,-0.157485,-0.0241209
3.29,5,-0.115471,-0.110295,-0.0841696,-0.000628332,-0.00517584
3.3,0,0.3258,0.314955,0.150034,-0.0163355,0.0108442
3.3,1,0.598597,0.631972,0.466667,-2.73499,-0.0333748
3.3,2,0.673763,0.702978,-0.151338,-0.573775,-0.029215
3.3,3,0.367225,0.364901,0.053787,-0.00902893,0.00232433
3.3,4,-0.590363,-0.566284,-0.0709621,-0.15715,-0.0240789
3.3,5,-0.116313,-0.111137,-0.084171,-0.000626978,-0.00517566
3.31,0,0.3273,0.316456,0.150034,-0.0163516,0.0108438
3.31,1,0.60359,0.636638,0.466558,-2.72157,-0.0330475
3.31,2,0.67245,0.701464,-0.151337,-0.567764,-0.0290146
3.31,3,0.367774,0.365439,0.0537801,-0.00891679,0.00233513
3.31,4,-0.591031,-0.566994,-0.0709599,-0.156815,-0.0240369
3.31,5,-0.117154,-0.111979,-0.0841721,-0.000625663,-0.00517546
3.32,0,0.3288,0.317956,0.150034,-0.0163644,0.0108434
3.32,1,0.608584,0.641303,0.466449,-2.70811,-0.0327191
3.32,2,0.671137,0.699951,-0.151337,-0.561752,-0.0288142
3.32,3,0.368323,0.365977,0.0537738,-0.00880432,0.002346
3.32,4,-0.591699,-0.567704,-0.0709587,-0.15648,-0.0239949
3.32,5,-0.117996,-0.11282,-0.0841728,-0.0006244,-0.00517525
3.33,0,0.3303,0.319456,0.150032,-0.0163738,0.010843
3.33,1,0.613577,0.645967,0.466339,-2.6946,-0.0323897
3.33,2,0.669824,0.698438,-0.151338,-0.555738,-0.0286138
3.33,3,0.368871,0.366514,0.0537679,-0.00869152,0.00235692
3.33,4,-0.592366,-0.568413,-0.0709584,-0.156144,-0.0239529
3.33,5,-0.118837,-0.113662,-0.0841733,-0.000623197,-0.00517504
3.34,0,0.331799,0.320957,0.150029,-0.0163796,0.0108427
3.34,1,0.61857,0.650629,0.466228,-2.68105,-0.0320591
3.34,2,0.668511,0.696924,-0.15134,-0.549722,-0.0284134
3.34,3,0.36942,0.367052,0.0537624,-0.0085784,0.00236791
3.34,4,-0.593034,-0.569123,-0.0709591,-0.155807,-0.0239109
3.34,5,-0.119679,-0.114504,-0.0841734,-0.00062206,-0.00517482
3.35,0,0.333299,0.322457,0.150025,-0.0163819,0.0108424
3.35,1,0.623564,0.655291,0.466117,-2.66745,-0.0317274
3.35,2,0.667198,0.695411,-0.151343,-0.543704,-0.028213
3.35,3,0.369969,0.36759,0.0537573,-0.00846496,0.00237894
3.35,4,-0.593701,-0.569832,-0.0709607,-0.15547,-0.0238688
3.35,5,-0.12052,-0.115346,-0.0841734,-0.000620996,-0.0051746
3.36,0,0.334799,0.323957,0.150021,-0.0163809,0.0108421
3.36,1,0.628557,0.659952,0.466004,-2.6538,-0.0313946
3.36,2,0.665885,0.693897,-0.151346,-0.537683,-0.0280125
3.36,3,0.370517,0.368127,0.0537525,-0.00835119,0.00239003
3.36,4,-0.594369,-0.570542,-0.0709634,-0.155133,-0.0238268
3.36,5,-0.121362,-0.116187,-0.0841731,-0.000620008,-0.00517439
3.37,0,0.336299,0.325457,0.150017,-0.0163765,0.0108418
3.37,1,0.63355,0.664611,0.465892,-2.6401,-0.0310607
3.37,2,0.664572,0.692384,-0.15135,-0.531659,-0.027812
3.37,3,0.371066,0.368665,0.0537478,-0.00823708,0.00240116
3.37,4,-0.595036,-0.571252,-0.0709669,-0.154795,-0.0237847
3.37,5,-0.122203,-0.117029,-0.0841726,-0.000619097,-0.00517418
3.38,0,0.337799,0.326958,0.150012,-0.0163689,0.0108417
3.38,1,0.638544,0.669269,0.465778,-2.62636,-0.0307256
3.38,2,0.663259,0.69087,-0.151355,-0.525632,-0.0276114
3.38,3,0.371615,0.369202,0.0537434,-0.0081226,0.00241234
3.38,4,-0.595704,-0.571961,-0.0709712,-0.154456,-0.0237426
3.38,5,-0.123045,-0.117871,-0.0841719,-0.000618264,-0.00517397
3.39,0,0.339299,0.328458,0.150006,-0.0163583,0.0108415
3.39,1,0.643537,0.673927,0.465664,-2.61257,-0.0303894
3.39,2,0.661946,0.689357,-0.151361,-0.519601,-0.0274108
3.39,3,0.372163,0.36974,0.053739,-0.00800775,0.00242356
3.39,4,-0.596372,-0.572671,-0.0709765,-0.154116,-0.0237005
3.39,5,-0.123886,-0.118712,-0.0841712,-0.000617508,-0.00517377
3.4,0,0.340799,0.329958,0.150001,-0.0163449,0.0108414
3.4,1,0.64853,0.678583,0.465549,-2.59873,-0.0300521
3.4,2,0.660633,0.687843,-0.151368,-0.513568,-0.0272101
3.4,3,0.372712,0.370277,0.0537347,-0.00789249,0.00243483
3.4,4,-0.597039,-0.573381,-0.0709824,-0.153775,-0.0236583
3.4,5,-0.124728,-0.119554,-0.0841703,-0.000616826,-0.00517358
3.41,0,0.342299,0.331458,0.149995,-0.0163288,0.0108414
3.41,1,0.653524,0.683237,0.465434,-2.58485,-0.0297136
3.41,2,0.65932,0.686329,-0.151375,-0.507531,-0.0270094
3.41,3,0.37326,0.370814,0.0537303,-0.0077768,0.00244614
3.41,4,-0.597707,-0.574091,-0.0709891,-0.153433,-0.023616
3.41,5,-0.125569,-0.120396,-0.0841693,-0.000616214,-0.0051734
3.42,0,0.343799,0.332958,0.149989,-0.0163103,0.0108414
3.42,1,0.658517,0.687891,0.465318,-2.57091,-0.0293739
3.42,2,0.658007,0.684816,-0.151383,-0.50149,-0.0268085
3.42,3,0.373809,0.371352,0.053726,-0.00766064,0.00245749
3.42,4,-0.598374,-0.574801,-0.0709965,-0.153091,-0.0235737
3.42,5,-0.126411,-0.121238,-0.0841683,-0.00061567,-0.00517323
3.43,0,0.345299,0.334457,0.149984,-0.0162896,0.0108415
3.43,1,0.663511,0.692544,0.465202,-2.55693,-0.0290331
3.43,2,0.656694,0.683302,-0.151392,-0.495445,-0.0266076
3.43,3,0.374358,0.371889,0.0537215,-0.007544,0.00246889
3.43,4,-0.599042,-0.575511,-0.0710044,-0.152748,-0.0235312
3.43,5,-0.127252,-0.122079,-0.0841672,-0.000615188,-0.00517307
3.44,0,0.346799,0.335957,0.149978,-0.0162669,0.0108417
3.44,1,0.668504,0.697195,0.465085,-2.5429,-0.0286912
3.44,2,0.655381,0.681788,-0.151401,-0.489397,-0.0264066
3.44,3,0.374906,0.372426,0.0537169,-0.00742683,0.00248033
3.44,4,-0.59971,-0.576221,-0.0710129,-0.152403,-0.0234887
3.44,5,-0.128094,-0.122921,-0.0841661,-0.000614763,-0.00517292
3.45,0,0.348299,0.337457,0.149973,-0.0162424,0.0108419
3.45,1,0.673497,0.701845,0.464968,-2.52883,-0.028348
3.45,2,0.654068,0.680274,-0.151411,-0.483345,-0.0262055
3.45,3,0.375455,0.372963,0.0537122,-0.00730911,0.00249182
3.45,4,-0.600377,-0.576931,-0.0710218,-0.152058,-0.0234461
3.45,5,-0.128935,-0.123763,-0.0841651,-0.000614389,-0.00517278
3.46,0,0.349799,0.338957,0.149967,-0.0162163,0.0108421
3.46,1,0.678491,0.706494,0.464851,-2.5147,-0.0280037
3.46,2,0.652755,0.67876,-0.151421,-0.477289,-0.0260044
3.46,3,0.376004,0.3735,0.0537073,-0.0071908,0.00250336
3.46,4,-0.601045,-0.577641,-0.071031,-0.151712,-0.0234035
3.46,5,-0.129777,-0.124604,-0.084164,-0.000614061,-0.00517265
3.47,0,0.351299,0.340456,0.149962,-0.0161889,0.0108424
3.47,1,0.683484,0.711142,0.464734,-2.50053,-0.0276582
3.47,2,0.651442,0.677245,-0.151431,-0.47123,-0.0258031
3.47,3,0.376552,0.374037,0.0537022,-0.00707189,0.00251495
3.47,4,-0.601712,-0.578352,-0.0710407,-0.151365,-0.0233607
3.47,5,-0.130618,-0.125446,-0.084163,-0.000613772,-0.00517254
3.48,0,0.352799,0.341956,0.149957,-0.0161602,0.0108428
3.48,1,0.688477,0.715789,0.464617,-2.48632,-0.0273116
3.48,2,0.650129,0.675731,-0.151441,-0.465167,-0.0256017
3.48,3,0.377101,0.374574,0.053697,-0.00695235,0.00252658
3.48,4,-0.60238,-0.579062,-0.0710505,-0.151017,-0.0233178
3.48,5,-0.13146,-0.126287,-0.0841621,-0.000613516,-0.00517243
3.49,0,0.354299,0.343456,0.149953,-0.0161305,0.0108432
3.49,1,0.693471,0.720434,0.4645,-2.47205,-0.0269638
3.49,2,0.648816,0.674216,-0.151452,-0.459101,-0.0254002
3.49,3,0.37765,0.375111,0.0536915,-0.00683215,0.00253828
3.49,4,-0.603047,-0.579773,-0.0710606,-0.150668,-0.0232748
3.49,5,-0.132301,-0.127129,-0.0841612,-0.000613289,-0.00517233
3.5,0,0.355799,0.344955,0.149949,-0.0160998,0.0108437
3.5,1,0.698464,0.725079,0.464384,-2.45774,-0.0266148
3.5,2,0.647503,0.672702,-0.151463,-0.453031,-0.0251986
3.5,3,0.378198,0.375648,0.0536858,-0.00671126,0.00255002
3.5,4,-0.603715,-0.580483,-0.0710708,-0.150319,-0.0232318
3.5,5,-0.133143,-0.127971,-0.0841604,-0.000613083,-0.00517224
3.51,0,0.357299,0.346455,0.149945,-0.0160684,0.0108441
3.51,1,0.703457,0.729722,0.464267,-2.44339,-0.0262646
3.51,2,0.64619,0.671187,-0.151474,-0.446958,-0.0249968
3.51,3,0.378747,0.376185,0.05368,-0.00658968,0.00256183
3.51,4,-0.604383,-0.581194,-0.071081,-0.149968,-0.0231886
3.51,5,-0.133984,-0.128812,-0.0841596,-0.000612894,-0.00517216
3.52,0,0.358799,0.347954,0.149941,-0.0160363,0.0108447
3.52,1,0.708451,0.734364,0.464151,-2.42899,-0.0259133
3.52,2,0.644877,0.669672,-0.151484,-0.440882,-0.024795
3.52,3,0.379295,0.376722,0.0536739,-0.00646739,0.0025737
3.52,4,-0.60505,-0.581905,-0.0710913,-0.149617,-0.0231453
3.52,5,-0.134826,-0.129654,-0.084159,-0.000612718,-0.00517208
3.53,0,0.360299,0.349453,0.149938,-0.0160037,0.0108452
3.53,1,0.713444,0.739005,0.464036,-2.41454,-0.0255608
3.53,2,0.643564,0.668157,-0.151495,-0.434802,-0.0245931
3.53,3,0.379844,0.377258,0.0536677,-0.00634437,0.00258562
3.53,4,-0.605718,-0.582616,-0.0711015,-0.149265,-0.0231019
3.53,5,-0.135667,-0.130495,-0.0841584,-0.000612549,-0.00517201
3.54,0,0.361798,0.350953,0.149934,-0.0159706,0.0108458
3.54,1,0.718437,0.743645,0.463921,-2.40005,-0.0252072
3.54,2,0.642251,0.666642,-0.151506,-0.42872,-0.024391
3.54,3,0.380393,0.377795,0.0536613,-0.00622061,0.00259761
3.54,4,-0.606385,-0.583327,-0.0711117,-0.148912,-0.0230584
3.54,5,-0.136509,-0.131337,-0.0841579,-0.000612384,-0.00517195
3.55,0,0.363298,0.352452,0.149932,-0.015937,0.0108464
3.55,1,0.723431,0.748283,0.463806,-2.38552,-0.0248524
3.55,2,0.640938,0.665127,-0.151516,-0.422635,-0.0241889
3.55,3,0.380941,0.378332,0.0536547,-0.0060961,0.00260967
3.55,4,-0.607053,-0.584038,-0.0711218,-0.148558,-0.0230148
3.55,5,-0.137351,-0.132179,-0.0841574,-0.000612219,-0.00517189
3.56,0,0.364798,0.353951,0.149929,-0.015903,0.0108471
3.56,1,0.728424,0.752921,0.463692,-2.37094,-0.0244965
3.56,2,0.639625,0.663612,-0.151526,-0.416548,-0.0239867
3.56,3,0.38149,0.378868,0.053648,-0.00597085,0.00262179
3.56,4,-0.607721,-0.584749,-0.0711317,-0.148203,-0.0229712
3.56,5,-0.138192,-0.13302,-0.0841571,-0.000612051,-0.00517183
3.57,0,0.366298,0.355451,0.149926,-0.0158687,0.0108478
3.57,1,0.733417,0.757557,0.463579,-2.35632,-0.0241395
3.57,2,0.638313,0.662097,-0.151536,-0.410458,-0.0237843
3.57,3,0.382039,0.379405,0.0536411,-0.00584483,0.00263398
3.57,4,-0.608388,-0.585461,-0.0711414,-0.147848,-0.0229274
3.57,5,-0.139034,-0.133862,-0.0841568,-0.000611877,-0.00517178
3.58,0,0.367798,0.35695,0.149924,-0.0158341,0.0108485
3.58,1,0.738411,0.762192,0.463467,-2.34165,-0.0237813
3.58,2,0.637,0.660581,-0.151545,-0.404366,-0.0235819
3.58,3,0.382587,0.379941,0.0536341,-0.00571806,0.00264624
3.58,4,-0.609056,-0.586172,-0.0711509,-0.147493,-0.0228835
3.58,5,-0.139875,-0.134703,-0.0841566,-0.000611696,-0.00517173
3.59,0,0.369298,0.358449,0.149922,-0.0157991,0.0108492
3.59,1,0.743404,0.766826,0.463356,-2.32695,-0.023422
3.59,2,0.635687,0.659066,-0.151554,-0.398272,-0.0233793
3.59,3,0.383136,0.380477,0.0536271,-0.00559053,0.00265857
3.59,4,-0.609723,-0.586884,-0.0711601,-0.147136,-0.0228395
3.59,5,-0.140717,-0.135545,-0.0841564,-0.000611506,-0.00517168
3.6,0,0.370798,0.359948,0.14992,-0.0157638,0.0108499
3.6,1,0.748397,0.771459,0.463245,-2.3122,-0.0230616
3.6,2,0.634374,0.65755,-0.151563,-0.392176,-0.0231767
3.6,3,0.383684,0.381013,0.05362,-0.00546225,0.00267097
3.6,4,-0.610391,-0.587595,-0.0711692,-0.146779,-0.0227955
3.6,5,-0.141558,-0.136386,-0.0841563,-0.000611304,-0.00517164
3.61,0,0.372298,0.361447,0.149919,-0.0157281,0.0108507
3.61,1,0.753391,0.776091,0.463136,-2.29741,-0.0227001
3.61,2,0.633061,0.656035,-0.151571,-0.386078,-0.022974
3.61,3,0.384233,0.38155,0.0536128,-0.00533322,0.00268344
3.61,4,-0.611059,-0.588307,-0.0711779,-0.146422,-0.0227513
3.61,5,-0.1424,-0.137228,-0.0841562,-0.000611092,-0.00517159
3.62,0,0.373798,0.362947,0.149917,-0.0156921,0.0108515
3.62,1,0.758384,0.780722,0.463027,-2.28258,-0.0223375
3.62,2,0.631748,0.654519,-0.151579,-0.379979,-0.0227712
3.62,3,0.384782,0.382086,0.0536056,-0.00520345,0.00269599
3.62,4,-0.611726,-0.589019,-0.0711863,-0.146063,-0.0227071
3.62,5,-0.143241,-0.13807,-0.0841562,-0.000610867,-0.00517155
3.63,0,0.375298,0.364446,0.149915,-0.0156556,0.0108523
3.63,1,0.763378,0.785351,0.462919,-2.26771,-0.0219739
3.63,2,0.630435,0.653003,-0.151586,-0.373879,-0.0225684
3.63,3,0.38533,0.382622,0.0535983,-0.00507293,0.00270861
3.63,4,-0.612394,-0.589731,-0.0711945,-0.145705,-0.0226627
3.63,5,-0.144083,-0.138911,-0.0841563,-0.00061063,-0.0051715
3.64,0,0.376798,0.365945,0.149914,-0.0156188,0.0108531
3.64,1,0.768371,0.78998,0.462813,-2.2528,-0.0216091
3.64,2,0.629122,0.651487,-0.151593,-0.367777,-0.0223654
3.64,3,0.385879,0.383158,0.0535911,-0.00494169,0.00272129
3.64,4,-0.613061,-0.590443,-0.0712024,-0.145346,-0.0226183
3.64,5,-0.144924,-0.139753,-0.0841563,-0.00061038,-0.00517146
3.65,0,0.378298,0.367444,0.149912,-0.0155815,0.0108539
3.65,1,0.773364,0.794608,0.462707,-2.23785,-0.0212433
3.65,2,0.627809,0.649971,-0.1516,-0.361674,-0.0221624
3.65,3,0.386428,0.383694,0.0535838,-0.00480972,0.00273406
3.65,4,-0.613729,-0.591155,-0.0712099,-0.144986,-0.0225739
3.65,5,-0.145766,-0.140594,-0.0841564,-0.000610119,-0.00517141
3.66,0,0.379798,0.368943,0.149911,-0.0155436,0.0108547
3.66,1,0.778358,0.799234,0.462603,-2.22287,-0.0208765
3.66,2,0.626496,0.648455,-0.151605,-0.355571,-0.0219594
3.66,3,0.386976,0.384229,0.0535766,-0.00467705,0.00274689
3.66,4,-0.614396,-0.591867,-0.0712172,-0.144626,-0.0225293
3.66,5,-0.146607,-0.141436,-0.0841565,-0.000609846,-0.00517136
3.67,0,0.381298,0.370442,0.149909,-0.0155053,0.0108556
3.67,1,0.783351,0.803859,0.462499,-2.20784,-0.0205086
3.67,2,0.625183,0.646939,-0.151611,-0.349466,-0.0217563
3.67,3,0.387525,0.384765,0.0535694,-0.00454366,0.0027598
3.67,4,-0.615064,-0.592579,-0.0712242,-0.144265,-0.0224847
3.67,5,-0.147449,-0.142277,-0.0841567,-0.000609562,-0.00517131
3.68,0,0.384013,0.371943,0.150605,0.0309945,0.0120703
3.68,1,0.785079,0.808463,0.452619,-2.29322,-0.0233842
3.68,2,0.626999,0.64546,-0.13401,-0.285818,-0.0184613
3.68,3,0.387365,0.3853,0.0533281,-0.0113459,0.00206509
3.68,4,-0.61379,-0.5933,-0.0748446,-0.126498,-0.02049
3.68,5,-0.149665,-0.143119,-0.0845309,-0.00737063,-0.00654598
3.69,0,0.387944,0.373475,0.156024,0.110672,0.0144686
3.69,1,0.783542,0.812724,0.40182,-2.37274,-0.029182
3.69,2,0.631944,0.644574,-0.0484362,-0.282019,-0.0126297
3.69,3,0.386497,0.385835,0.0539073,-0.0257226,0.000662178
3.69,4,-0.610574,-0.594064,-0.0733443,-0.095409,-0.0165101
3.69,5,-0.153257,-0.144018,-0.096754,-0.017171,-0.00923943
3.7,0,0.391874,0.375084,0.165368,0.175506,0.0167903
3.7,1,0.782005,0.81643,0.345196,-2.41258,-0.0344249
3.7,2,0.636889,0.644574,0.038237,-0.30703,-0.00768519
3.7,3,0.38563,0.386378,0.0543399,-0.0400916,-0.000748765
3.7,4,-0.607358,-0.594653,-0.0435039,-0.0798856,-0.0127047
3.7,5,-0.156849,-0.145115,-0.121526,-0.0222114,-0.0117338
3.71,0,0.395804,0.376804,0.177809,0.22661,0.0190009
3.71,1,0.780468,0.819582,0.291237,-2.43826,-0.0391138
3.71,2,0.641834,0.64538,0.113523,-0.333439,-0.00354645
3.71,3,0.384762,0.386911,0.0518284,-0.0525892,-0.00214921
3.71,4,-0.604142,-0.594836,0.00412714,-0.0765117,-0.00930602
3.71,5,-0.160441,-0.146488,-0.150422,-0.0246359,-0.0139525
3.72,0,0.399735,0.378662,0.192748,0.264672,0.0210729
3.72,1,0.778932,0.822217,0.241413,-2.45566,-0.0432854
3.72,2,0.646779,0.646876,0.177324,-0.357546,-9.65687e-05
3.72,3,0.383894,0.387398,0.0456289,-0.0624199,-0.00350426
3.72,4,-0.600926,-0.594497,0.0585552,-0.0807054,-0.00642848
3.72,5,-0.164033,-0.148151,-0.17903,-0.0256989,-0.0158816
3.73,0,0.403665,0.380681,0.209613,0.290541,0.0229845
3.73,1,0.777395,0.824378,0.195985,-2.46727,-0.046983
3.73,2,0.651724,0.648951,0.23086,-0.378534,0.00277284
3.73,3,0.383026,0.387804,0.0361152,-0.0694546,-0.00477855
3.73,4,-0.59771,-0.593612,0.11263,-0.0890973,-0.00409776
3.73,5,-0.167625,-0.15009,-0.205657,-0.0259765,-0.0175347
3.74,0,0.407596,0.382876,0.227825,0.305305,0.0247195
3.74,1,0.775858,0.826108,0.154833,-2.4745,-0.05025
3.74,2,0.656669,0.651512,0.275408,-0.396096,0.00515735
3.74,3,0.382158,0.388101,0.0240362,-0.0738509,-0.00594292
3.74,4,-0.594493,-0.592208,0.162247,-0.099409,-0.00228568
3.74,5,-0.171216,-0.152281,-0.229817,-0.02573,-0.018935
3.75,0,0.411526,0.385259,0.246822,0.310241,0.0262676
3.75,1,0.774321,0.827449,0.117662,-2.47809,-0.0531276
3.75,2,0.661614,0.654474,0.312158,-0.410109,0.0071402
3.75,3,0.38129,0.388266,0.0101948,-0.0758786,-0.00697617
3.75,4,-0.591277,-0.590342,0.205358,-0.110159,-0.000935027
3.75,5,-0.174808,-0.154701,-0.251498,-0.0250878,-0.0201075
3.76,0,0.415457,0.387833,0.266073,0.306739,0.027624
3.76,1,0.772784,0.828438,0.0841031,-2.47846,-0.0556537
3.76,2,0.666559,0.657766,0.342182,-0.420561,0.00879339
3.76,3,0.380422,0.388287,-0.00466916,-0.0758466,-0.00786481
3.76,4,-0.588061,-0.588085,0.241237,-0.120426,2.40851e-05
3.76,5,-0.1784,-0.157324,-0.270855,-0.0241237,-0.021076
3.77,0,0.419387,0.390598,0.285105,0.296231,0.0287887
3.77,1,0.771247,0.829109,0.0537683,-2.4758,-0.0578623
3.77,2,0.671504,0.661325,0.36644,-0.427516,0.0101788
3.77,3,0.379554,0.388157,-0.0199162,-0.0740724,-0.00860221
3.77,4,-0.584845,-0.585509,0.269967,-0.129671,0.000664028
3.77,5,-0.181992,-0.160129,-0.288078,-0.0228912,-0.0218629
3.78,0,0.423318,0.393551,0.303508,0.280122,0.0297662
3.78,1,0.76971,0.829494,0.0262858,-2.4702,-0.0597835
3.78,2,0.676449,0.6651,0.385785,-0.43109,0.0113493
3.78,3,0.378687,0.387874,-0.0350132,-0.0708679,-0.00918758
3.78,4,-0.581629,-0.582683,0.292088,-0.137616,0.00105359
3.78,5,-0.185584,-0.163095,-0.30335,-0.0214373,-0.0224884
3.79,0,0.427248,0.396683,0.320946,0.259752,0.0305647
3.79,1,0.768173,0.829617,0.00131815,-2.46172,-0.061444
3.79,2,0.681394,0.669044,0.400969,-0.431443,0.0123498
3.79,3,0.377819,0.387443,-0.0495285,-0.0665314,-0.00962485
3.79,4,-0.578413,-0.579668,0.308374,-0.144149,0.00125472
3.79,5,-0.189176,-0.166204,-0.316828,-0.0198077,-0.0229712
3.8,0,0.431178,0.399983,0.337154,0.236356,0.0311955
3.8,1,0.766636,0.829504,-0.0214296,-2.4504,-0.0628673
3.8,2,0.686339,0.673121,0.412657,-0.428766,0.0132183
3.8,3,0.376951,0.386873,-0.063125,-0.0613429,-0.00992179
3.8,4,-0.575197,-0.576518,0.319679,-0.149271,0.0013211
3.8,5,-0.192767,-0.169439,-0.328645,-0.0180487,-0.0233285
3.81,0,0.435109,0.403437,0.351943,0.211044,0.0316718
3.81,1,0.7651,0.829174,-0.0422076,-2.43634,-0.064074
3.81,2,0.691284,0.677298,0.42143,-0.423271,0.0139863
3.81,3,0.376083,0.386172,-0.0755508,-0.0555598,-0.010089
3.81,4,-0.571981,-0.573279,0.326851,-0.153043,0.00129785
3.81,5,-0.196359,-0.172783,-0.338914,-0.0162065,-0.0235761
3.82,0,0.439039,0.407031,0.365186,0.18479,0.0320087
3.82,1,0.763563,0.828646,-0.0612232,-2.41965,-0.0650829
3.82,2,0.696229,0.681549,0.427798,-0.415189,0.0146802
3.82,3,0.375215,0.385354,-0.0866306,-0.0494145,-0.0101393
3.82,4,-0.568765,-0.569987,0.330682,-0.155566,0.00122187
3.82,5,-0.199951,-0.176222,-0.347732,-0.0143264,-0.0237292
3.83,0,0.44297,0.410748,0.376818,0.158425,0.0322219
3.83,1,0.762026,0.827936,-0.0786451,-2.40048,-0.0659105
3.83,2,0.701174,0.685853,0.432205,-0.404763,0.0153216
3.83,3,0.374347,0.384434,-0.0962574,-0.0431125,-0.0100867
3.83,4,-0.565549,-0.566672,0.33188,-0.156959,0.00112261
3.83,5,-0.203543,-0.179741,-0.355189,-0.0124512,-0.0238016
3.84,0,0.4469,0.414572,0.386826,0.132636,0.0323278
3.84,1,0.760489,0.827061,-0.0946088,-2.37905,-0.066572
3.84,2,0.706119,0.690192,0.435039,-0.392245,0.0159278
3.84,3,0.373479,0.383425,-0.104383,-0.0368308,-0.00994606
3.84,4,-0.562333,-0.563356,0.331062,-0.157348,0.00102293
3.84,5,-0.207135,-0.183328,-0.361374,-0.0106204,-0.0238065
3.85,0,0.450831,0.418488,0.39524,0.107978,0.0323425
3.85,1,0.758952,0.826033,-0.109222,-2.35559,-0.0670813
3.85,2,0.711064,0.694552,0.436635,-0.377888,0.0165128
3.85,3,0.372611,0.382344,-0.11101,-0.0307183,-0.00973243
3.85,4,-0.559117,-0.560057,0.328754,-0.156857,0.000940017
3.85,5,-0.210727,-0.186971,-0.366374,-0.00886877,-0.0237562
3.86,0,0.454761,0.42248,0.402127,0.0848759,0.0322814
3.86,1,0.757415,0.824867,-0.122569,-2.33036,-0.0674516
3.86,2,0.716009,0.698922,0.437283,-0.36195,0.0170872
3.86,3,0.371743,0.381204,-0.116183,-0.0248958,-0.00946058
3.86,4,-0.555901,-0.556787,0.325395,-0.155607,0.000886293
3.86,5,-0.214319,-0.190657,-0.37028,-0.00722568,-0.0236619
3.87,0,0.458692,0.426532,0.40758,0.0636395,0.0321595
3.87,1,0.755878,0.823573,-0.134718,-2.30365,-0.067695
3.87,2,0.720954,0.703295,0.43723,-0.344684,0.0176592
3.87,3,0.370876,0.38002,-0.119982,-0.0194574,-0.00914464
3.87,4,-0.552685,-0.553555,0.321348,-0.153712,0.000870218
3.87,5,-0.21791,-0.194376,-0.373188,-0.00571472,-0.0235342
3.88,0,0.462622,0.430632,0.411713,0.0444749,0.0319903
3.88,1,0.754341,0.822165,-0.145724,-2.27576,-0.0678233
3.88,2,0.725899,0.707665,0.436689,-0.326339,0.0182346
3.88,3,0.370008,0.378806,-0.12251,-0.0144718,-0.00879779
3.88,4,-0.549469,-0.550366,0.316906,-0.151277,0.000897003
3.88,5,-0.221502,-0.19812,-0.375196,-0.00435348,-0.0233824
3.89,0,0.466552,0.434766,0.414655,0.0274978,0.0317865
3.89,1,0.752804,0.820652,-0.155632,-2.24701,-0.0678475
3.89,2,0.730844,0.712027,0.435837,-0.307157,0.0188172
3.89,3,0.36914,0.377572,-0.123893,-0.00998507,-0.00843207
3.89,4,-0.546253,-0.547222,0.312307,-0.1484,0.000969243
3.89,5,-0.225094,-0.201879,-0.376405,-0.00315361,-0.023215
3.9,0,0.470483,0.438924,0.416541,0.0127468,0.0315593
3.9,1,0.751267,0.819046,-0.164483,-2.2177,-0.0677786
3.9,2,0.73579,0.71638,0.434826,-0.28737,0.0194094
3.9,3,0.368272,0.37633,-0.124266,-0.00602256,-0.0080582
3.9,4,-0.543037,-0.544124,0.307738,-0.145169,0.00108744
3.9,5,-0.228686,-0.205646,-0.376921,-0.00212118,-0.0230395
3.91,0,0.474413,0.443095,0.417511,0.000196221,0.0313183
3.91,1,0.749731,0.817357,-0.172312,-2.18813,-0.0676267
3.91,2,0.740735,0.720723,0.433777,-0.267197,0.0200119
3.91,3,0.367404,0.37509,-0.123772,-0.00259184,-0.00768548
3.91,4,-0.539821,-0.541071,0.303344,-0.141668,0.00125048
3.91,5,-0.232278,-0.209416,-0.376844,-0.00125714,-0.0228621
3.92,0,0.478344,0.447272,0.417703,-0.0102314,0.031072
3.92,1,0.748194,0.815596,-0.179156,-2.15862,-0.0674021
3.92,2,0.74568,0.725055,0.432793,-0.246845,0.0206247
3.92,3,0.366536,0.373858,-0.122554,0.000314642,-0.0073218
3.92,4,-0.536605,-0.538061,0.299235,-0.13797,0.00145597
3.92,5,-0.23587,-0.213181,-0.376277,-0.00055797,-0.0226882
3.93,0,0.482274,0.451447,0.41725,-0.0186541,0.0308274
3.93,1,0.746657,0.813771,-0.185049,-2.12942,-0.0671142
3.93,2,0.750625,0.729378,0.431951,-0.226506,0.0212466
3.93,3,0.365668,0.372642,-0.120755,0.00271679,-0.0069736
3.93,4,-0.533389,-0.535089,0.295491,-0.134141,0.00170059
3.93,5,-0.239461,-0.216939,-0.375317,-1.63445e-05,-0.0225223
3.94,0,0.486205,0.455614,0.416277,-0.0252201,0.0305903
3.94,1,0.74512,0.811892,-0.190029,-2.10081,-0.0667725
3.94,2,0.75557,0.733694,0.431315,-0.206356,0.0218758
3.94,3,0.3648,0.371446,-0.118507,0.00464425,-0.00664598
3.94,4,-0.530172,-0.532153,0.292171,-0.130243,0.00198036
3.94,5,-0.243053,-0.220686,-0.374055,0.000378123,-0.0223677
3.95,0,0.490135,0.45977,0.414903,-0.0300985,0.0303653
3.95,1,0.743583,0.809969,-0.194134,-2.07303,-0.0663858
3.95,2,0.760515,0.738005,0.430927,-0.186554,0.02251
3.95,3,0.363933,0.370275,-0.115935,0.00613392,-0.00634271
3.95,4,-0.526956,-0.529247,0.289309,-0.126328,0.00229083
3.95,5,-0.246645,-0.224418,-0.372577,0.000638153,-0.022227
3.96,0,0.494066,0.46391,0.413233,-0.0334714,0.0301557
3.96,1,0.742046,0.808009,-0.197407,-2.04629,-0.0659627
3.96,2,0.76546,0.742313,0.43082,-0.167242,0.0231466
3.96,3,0.363065,0.369131,-0.113153,0.00722767,-0.00606641
3.96,4,-0.52374,-0.526368,0.286926,-0.122445,0.00262729
3.96,5,-0.250237,-0.228135,-0.370958,0.000778096,-0.0221019
3.97,0,0.497996,0.468032,0.411361,-0.0355268,0.0299639
3.97,1,0.740509,0.80602,-0.199891,-2.02078,-0.0655113
3.97,2,0.770405,0.746622,0.431012,-0.148544,0.0237826
3.97,3,0.362197,0.368015,-0.110261,0.00797037,-0.00581861
3.97,4,-0.520524,-0.523509,0.285027,-0.118634,0.00298493
3.97,5,-0.253829,-0.231835,-0.369267,0.00081329,-0.0219934
3.98,0,0.501927,0.472135,0.409373,-0.0364529,0.0297916
3.98,1,0.738972,0.804011,-0.201633,-1.99666,-0.0650391
3.98,2,0.77535,0.750935,0.431509,-0.130567,0.0244151
3.98,3,0.361329,0.366929,-0.107346,0.0084081,-0.00559993
3.98,4,-0.517308,-0.520667,0.283608,-0.114933,0.0033589
3.98,5,-0.257421,-0.235519,-0.367564,0.000759475,-0.0219019
3.99,0,0.505857,0.476217,0.407338,-0.0364334,0.0296395
3.99,1,0.737435,0.801989,-0.202684,-1.97408,-0.0645533
3.99,2,0.780295,0.755254,0.432312,-0.113398,0.0250408
3.99,3,0.360461,0.365871,-0.104481,0.00858672,-0.00541017
3.99,4,-0.514092,-0.517837,0.282652,-0.11137,0.00374451
3.99,5,-0.261012,-0.239185,-0.365897,0.000632293,-0.0218274
4,0,0.509787,0.48028,0.405318,-0.0356435,0.0295078
4,1,0.735899,0.799959,-0.203094,-1.95314,-0.0640606
4,2,0.78524,0.759583,0.433409,-0.0971096,0.025657
4,3,0.359593,0.364842,-0.101726,0.00855063,-0.0052485
4,4,-0.510876,-0.515013,0.282138,-0.107971,0.00413723
4,5,-0.264604,-0.242835,-0.364307,0.000446872,-0.0217691
4.01,0,0.513718,0.484322,0.403361,-0.0342474,0.0293959
4.01,1,0.734362,0.797929,-0.202919,-1.93392,-0.063567
4.01,2,0.790185,0.763924,0.434786,-0.0817557,0.0262605
4.01,3,0.358725,0.363839,-0.0991289,0.00834185,-0.00511355
4.01,4,-0.50766,-0.512193,0.282038,-0.104757,0.00453278
4.01,5,-0.268196,-0.24647,-0.362826,0.000217489,-0.0217261
4.02,0,0.517648,0.488345,0.401505,-0.0323958,0.029303
4.02,1,0.732825,0.795903,-0.202213,-1.91649,-0.0630782
4.02,2,0.79513,0.768281,0.436421,-0.0673747,0.0268489
4.02,3,0.357857,0.362861,-0.0967244,0.00799932,-0.00500353
4.02,4,-0.504444,-0.509371,0.28232,-0.101742,0.0049272
4.02,5,-0.271788,-0.250091,-0.361477,-4.26875e-05,-0.0216972
4.03,0,0.521579,0.492351,0.399781,-0.0302245,0.029228
4.03,1,0.731288,0.793887,-0.201033,-1.90086,-0.0625991
4.03,2,0.800075,0.772655,0.438289,-0.0539895,0.0274196
4.03,3,0.35699,0.361906,-0.094537,0.00755839,-0.00491638
4.03,4,-0.501228,-0.506545,0.282947,-0.0989385,0.00531688
4.03,5,-0.27538,-0.253699,-0.360277,-0.000321769,-0.021681
4.04,0,0.525509,0.49634,0.39821,-0.0278539,0.0291694
4.04,1,0.729751,0.791885,-0.199435,-1.88706,-0.0621341
4.04,2,0.80502,0.777049,0.440362,-0.0416086,0.0279705
4.04,3,0.356122,0.360972,-0.0925816,0.00705057,-0.00484984
4.04,4,-0.498012,-0.503711,0.283882,-0.0963528,0.00569855
4.04,5,-0.278972,-0.257296,-0.359234,-0.000609268,-0.0216759
4.05,0,0.52944,0.500314,0.396804,-0.0253882,0.0291256
4.05,1,0.728214,0.789901,-0.197476,-1.87506,-0.0616872
4.05,2,0.809965,0.781465,0.442609,-0.0302271,0.0284997
4.05,3,0.355254,0.360055,-0.0908646,0.00650334,-0.00480154
4.05,4,-0.494796,-0.500865,0.285086,-0.0939883,0.00606936
4.05,5,-0.282564,-0.260883,-0.358353,-0.000896141,-0.0216804
4.06,0,0.53337,0.504275,0.395571,-0.0229158,0.029095
4.06,1,0.726677,0.787939,-0.195211,-1.86483,-0.0612615
4.06,2,0.81491,0.785904,0.444998,-0.019828,0.0290056
4.06,3,0.354386,0.359155,-0.0893853,0.00594018,-0.0047691
4.06,4,-0.49158,-0.498007,0.286519,-0.0918447,0.00642684
4.06,5,-0.286155,-0.264463,-0.357631,-0.0011748,-0.0216928
4.07,0,0.537301,0.508225,0.394512,-0.02051,0.0290757
4.07,1,0.72514,0.786,-0.192697,-1.85631,-0.06086
4.07,2,0.819855,0.790368,0.447497,-0.010383,0.029487
4.07,3,0.353518,0.358268,-0.0881374,0.00538069,-0.00475017
4.07,4,-0.488364,-0.495133,0.28814,-0.0899186,0.00676893
4.07,5,-0.289747,-0.268036,-0.357063,-0.00143907,-0.0217116
4.08,0,0.541231,0.512165,0.393623,-0.0182291,0.029066
4.08,1,0.723603,0.784088,-0.189985,-1.84943,-0.0604847
4.08,2,0.8248,0.794857,0.450071,-0.00185413,0.029943
4.08,3,0.35265,0.357393,-0.0871097,0.00484075,-0.00474251
4.08,4,-0.485148,-0.492242,0.289911,-0.088204,0.00709395
4.08,5,-0.293339,-0.271604,-0.35664,-0.00168412,-0.0217352
4.09,0,0.545161,0.516097,0.392897,-0.016118,0.0290643
4.09,1,0.722067,0.782204,-0.187127,-1.84411,-0.0601373
4.09,2,0.829745,0.799372,0.452691,0.00580525,0.0303729
4.09,3,0.351782,0.356526,-0.0862875,0.00433282,-0.00474397
4.09,4,-0.481932,-0.489332,0.291794,-0.0866922,0.00740061
4.09,5,-0.296931,-0.275169,-0.356352,-0.00190636,-0.0217624
4.1,0,0.549092,0.520023,0.392324,-0.0142092,0.0290691
4.1,1,0.72053,0.780349,-0.184172,-1.84025,-0.0598191
4.1,2,0.83469,0.803914,0.455323,0.0126491,0.0307765
4.1,3,0.350914,0.355667,-0.0856538,0.00386623,-0.0047526
4.1,4,-0.478716,-0.486404,0.293753,-0.0853724,0.00768799
4.1,5,-0.300523,-0.278731,-0.356184,-0.00210335,-0.0217917
4.11,0,0.553022,0.523944,0.391892,-0.0125237,0.0290788
4.11,1,0.718993,0.778524,-0.181165,-1.83774,-0.0595308
4.11,2,0.839635,0.808481,0.45794,0.0187377,0.0311539
4.11,3,0.350047,0.354813,-0.0851896,0.00344747,-0.00476663
4.11,4,-0.4755,-0.483455,0.295753,-0.0842321,0.00795554
4.11,5,-0.304115,-0.282292,-0.356123,-0.00227365,-0.0218221
4.12,0,0.556953,0.527861,0.391586,-0.0110728,0.0290921
4.12,1,0.717456,0.776729,-0.178151,-1.83645,-0.0592727
4.12,2,0.84458,0.813075,0.460512,0.024136,0.0315053
4.12,3,0.349179,0.353963,-0.0848752,0.00308059,-0.00478445
4.12,4,-0.472284,-0.480487,0.297762,-0.0832571,0.00820301
4.12,5,-0.307706,-0.285854,-0.356155,-0.0024167,-0.0218526
4.13,0,0.560883,0.531775,0.391391,-0.00985898,0.0291079
4.13,1,0.715919,0.774963,-0.175167,-1.83628,-0.0590445
4.13,2,0.849525,0.817694,0.463015,0.0289127,0.0318314
4.13,3,0.348311,0.353116,-0.0846907,0.00276753,-0.00480469
4.13,4,-0.469067,-0.477498,0.299752,-0.0824323,0.00843046
4.13,5,-0.311298,-0.289416,-0.356264,-0.00253273,-0.0218824
4.14,0,0.564814,0.535689,0.391293,-0.00887777,0.029125
4.14,1,0.714382,0.773228,-0.172251,-1.83708,-0.0588458
4.14,2,0.85447,0.822337,0.465425,0.0331394,0.032133
4.14,3,0.347443,0.352269,-0.0846166,0.00250842,-0.00482615
4.14,4,-0.465851,-0.47449,0.301695,-0.0817416,0.00863826
4.14,5,-0.31489,-0.292979,-0.356436,-0.00262256,-0.0219107
4.15,0,0.568744,0.539601,0.391275,-0.0081186,0.0291427
4.15,1,0.712845,0.771521,-0.169435,-1.83873,-0.0586758
4.15,2,0.859415,0.827004,0.467721,0.0368889,0.032411
4.15,3,0.346575,0.351423,-0.0846338,0.00230194,-0.00484784
4.15,4,-0.462635,-0.471462,0.303568,-0.0811683,0.00882699
4.15,5,-0.318482,-0.296545,-0.356658,-0.00268756,-0.021937
4.16,0,0.572675,0.543514,0.391324,-0.00756624,0.0291602
4.16,1,0.711308,0.769842,-0.166747,-1.84109,-0.0585332
4.16,2,0.86436,0.831693,0.469885,0.0402346,0.0326668
4.16,3,0.345707,0.350576,-0.0847247,0.00214558,-0.00486893
4.16,4,-0.459419,-0.468417,0.30535,-0.0806953,0.00899747
4.16,5,-0.322074,-0.300113,-0.356916,-0.00272946,-0.0219609
4.17,0,0.576605,0.547428,0.391425,-0.00720197,0.0291768
4.17,1,0.709771,0.768188,-0.164211,-1.84404,-0.0584167
4.17,2,0.869305,0.836404,0.471902,0.0432496,0.0329018
4.17,3,0.344839,0.349728,-0.084873,0.00203595,-0.00488878
4.17,4,-0.456203,-0.465354,0.307023,-0.0803057,0.00915072
4.17,5,-0.325666,-0.303684,-0.357199,-0.00275032,-0.021982
4.18,0,0.580535,0.551343,0.391565,-0.00700459,0.0291923
4.18,1,0.708234,0.766559,-0.161849,-1.84744,-0.0583247
4.18,2,0.87425,0.841133,0.473759,0.0460056,0.0331174
4.18,3,0.343971,0.348878,-0.0850636,0.00196903,-0.00490691
4.18,4,-0.452987,-0.462275,0.308572,-0.0799824,0.00928792
4.18,5,-0.329257,-0.307257,-0.357496,-0.00275238,-0.0220002
4.19,0,0.584466,0.55526,0.391733,-0.00695143,0.0292062
4.19,1,0.706698,0.764953,-0.159678,-1.85117,-0.0582552
4.19,2,0.879195,0.84588,0.475446,0.0485722,0.0333155
4.19,3,0.343104,0.348027,-0.0852833,0.00194036,-0.00492296
4.19,4,-0.449771,-0.459182,0.309984,-0.0797091,0.00941037
4.19,5,-0.332849,-0.310834,-0.357797,-0.00273802,-0.0220154
4.2,0,0.588396,0.559178,0.391917,-0.00701917,0.0292183
4.2,1,0.705161,0.763367,-0.157711,-1.85512,-0.0582063
4.2,2,0.88414,0.850643,0.476956,0.0510163,0.0334976
4.2,3,0.342236,0.347172,-0.0855205,0.00194523,-0.00493671
4.2,4,-0.446555,-0.456075,0.311251,-0.0794695,0.00951949
4.2,5,-0.336441,-0.314413,-0.358096,-0.00270964,-0.0220277
4.21,0,0.592327,0.563098,0.392109,-0.00718463,0.0292285
4.21,1,0.703624,0.7618,-0.155957,-1.85916,-0.0581759
4.21,2,0.889085,0.85542,0.478283,0.0534014,0.0336656
4.21,3,0.341368,0.346316,-0.0857654,0.00197888,-0.00494804
4.21,4,-0.443339,-0.452956,0.312366,-0.0792487,0.00961677
4.21,5,-0.340033,-0.317996,-0.358384,-0.00266965,-0.022037
4.22,0,0.596257,0.56702,0.3923,-0.00742532,0.0292368
4.22,1,0.702087,0.760249,-0.154423,-1.8632,-0.0581618
4.22,2,0.89403,0.860209,0.479427,0.055787,0.0338214
4.22,3,0.3405,0.345457,-0.0860096,0.00203661,-0.00495691
4.22,4,-0.440123,-0.449827,0.313324,-0.0790321,0.00970377
4.22,5,-0.343625,-0.321581,-0.358656,-0.00262038,-0.0220435
4.23,0,0.600188,0.570944,0.392484,-0.00772002,0.0292433
4.23,1,0.70055,0.758712,-0.153112,-1.86714,-0.0581619
4.23,2,0.898976,0.865009,0.480386,0.0582282,0.0339667
4.23,3,0.339632,0.344595,-0.0862462,0.0021139,-0.00496338
4.23,4,-0.436907,-0.446689,0.314125,-0.0788063,0.00978204
4.23,5,-0.347217,-0.325169,-0.358909,-0.00256405,-0.0220473
4.24,0,0.604118,0.57487,0.392655,-0.00804912,0.0292479
4.24,1,0.699013,0.757187,-0.152025,-1.87088,-0.0581738
4.24,2,0.903921,0.869817,0.481164,0.0607755,0.0341034
4.24,3,0.338764,0.343732,-0.0864701,0.0022065,-0.00496755
4.24,4,-0.433691,-0.443544,0.314769,-0.0785592,0.00985317
4.24,5,-0.350809,-0.32876,-0.359138,-0.00250273,-0.0220488
4.25,0,0.608049,0.578798,0.392811,-0.00839496,0.0292509
4.25,1,0.697476,0.755672,-0.151157,-1.87435,-0.0581954
4.25,2,0.908866,0.874632,0.481764,0.0634743,0.0342334
4.25,3,0.337896,0.342866,-0.0866771,0.00231048,-0.00496958
4.25,4,-0.430475,-0.440394,0.315258,-0.0782794,0.00991871
4.25,5,-0.3544,-0.332352,-0.359341,-0.00243834,-0.0220481
4.26,0,0.611979,0.582727,0.392948,-0.008742,0.0292525
4.26,1,0.695939,0.754164,-0.150504,-1.87747,-0.0582245
4.26,2,0.913811,0.879452,0.482192,0.0663647,0.0343583
4.26,3,0.337028,0.341998,-0.0868644,0.0024223,-0.00496963
4.26,4,-0.427259,-0.437239,0.315597,-0.0779571,0.0099802
4.26,5,-0.357992,-0.335947,-0.359517,-0.00237259,-0.0220456
4.27,0,0.615909,0.586657,0.393063,-0.00907694,0.0292528
4.27,1,0.694402,0.752661,-0.150057,-1.88019,-0.058259
4.27,2,0.918756,0.884276,0.482456,0.0694817,0.0344798
4.27,3,0.336161,0.341128,-0.0870303,0.00253881,-0.00496794
4.27,4,-0.424043,-0.434082,0.315793,-0.0775836,0.0100391
4.27,5,-0.361584,-0.339543,-0.359667,-0.00230699,-0.0220414
4.28,0,0.61984,0.590588,0.393158,-0.00938874,0.0292521
4.28,1,0.692866,0.751162,-0.149808,-1.88245,-0.0582968
4.28,2,0.923701,0.889101,0.482566,0.0728548,0.0345996
4.28,3,0.335293,0.340257,-0.0871739,0.00265731,-0.0049647
4.28,4,-0.420827,-0.430923,0.315852,-0.0771516,0.0100968
4.28,5,-0.365176,-0.34314,-0.359788,-0.00224286,-0.0220359
4.29,0,0.62377,0.59452,0.39323,-0.00966864,0.0292506
4.29,1,0.691329,0.749665,-0.149745,-1.88421,-0.0583361
4.29,2,0.928646,0.893927,0.482531,0.0765081,0.034719
4.29,3,0.334425,0.339385,-0.0872951,0.0027755,-0.00496015
4.29,4,-0.417611,-0.427765,0.315783,-0.0766548,0.0101546
4.29,5,-0.368768,-0.346738,-0.359884,-0.00218131,-0.0220293
4.3,0,0.627701,0.598452,0.393282,-0.00991002,0.0292484
4.3,1,0.689792,0.748167,-0.149854,-1.88544,-0.0583751
4.3,2,0.933591,0.898751,0.482363,0.0804605,0.0348395
4.3,3,0.333557,0.338511,-0.0873944,0.00289149,-0.00495452
4.3,4,-0.414395,-0.424608,0.315597,-0.0760884,0.0102137
4.3,5,-0.37236,-0.350338,-0.359954,-0.00212324,-0.0220219
4.31,0,0.631631,0.602385,0.393314,-0.0101083,0.0292458
4.31,1,0.688255,0.746667,-0.150121,-1.88612,-0.0584121
4.31,2,0.938536,0.903573,0.482074,0.0847259,0.0349624
4.31,3,0.332689,0.337637,-0.087473,0.00300379,-0.004948
4.31,4,-0.411179,-0.421454,0.315303,-0.0754487,0.0102754
4.31,5,-0.375951,-0.353937,-0.360001,-0.00206935,-0.0220139
4.32,0,0.635562,0.606319,0.393328,-0.0102608,0.0292431
4.32,1,0.686718,0.745164,-0.150532,-1.88623,-0.0584457
4.32,2,0.943481,0.908392,0.481676,0.089313,0.0350888
4.32,3,0.331821,0.336762,-0.0875322,0.00311128,-0.00494081
4.32,4,-0.407963,-0.418303,0.314914,-0.0747332,0.0103404
4.32,5,-0.379543,-0.357538,-0.360026,-0.00202017,-0.0220056
4.33,0,0.639492,0.610252,0.393325,-0.0103664,0.0292402
4.33,1,0.685181,0.743655,-0.15107,-1.88577,-0.0584744
4.33,2,0.948426,0.913206,0.481183,0.094226,0.0352197
4.33,3,0.330953,0.335886,-0.0875739,0.00321317,-0.00493312
4.33,4,-0.404746,-0.415156,0.31444,-0.0739405,0.0104099
4.33,5,-0.383135,-0.361138,-0.360032,-0.00197604,-0.0219971
4.34,0,0.643423,0.614185,0.393309,-0.0104256,0.0292375
4.34,1,0.683644,0.742141,-0.15172,-1.88473,-0.0584971
4.34,2,0.953371,0.918015,0.480608,0.0994648,0.035356
4.34,3,0.330085,0.335011,-0.0875999,0.00330895,-0.0049251
4.34,4,-0.40153,-0.412015,0.313893,-0.0730704,0.0104845
4.34,5,-0.386727,-0.364738,-0.360021,-0.00193718,-0.0219887
4.35,0,0.647353,0.618118,0.39328,-0.0104401,0.029235
4.35,1,0.682107,0.74062,-0.152464,-1.88312,-0.0585128
4.35,2,0.958316,0.922817,0.479965,0.105025,0.0354985
4.35,3,0.329218,0.334134,-0.0876123,0.00339839,-0.0049169
4.35,4,-0.398314,-0.408879,0.313286,-0.0721234,0.0105649
4.35,5,-0.390319,-0.368338,-0.359995,-0.00190364,-0.0219805
4.36,0,0.651284,0.622051,0.393242,-0.0104126,0.0292329
4.36,1,0.68057,0.739091,-0.153286,-1.88096,-0.0585206
4.36,2,0.963261,0.927613,0.479266,0.110899,0.0356477
4.36,3,0.32835,0.333258,-0.0876131,0.00348148,-0.00490864
4.36,4,-0.395098,-0.40575,0.312629,-0.0711011,0.0106517
4.36,5,-0.393911,-0.371938,-0.359958,-0.00187534,-0.0219725
4.37,0,0.655214,0.625983,0.393197,-0.0103466,0.0292311
4.37,1,0.679034,0.737553,-0.154171,-1.87828,-0.0585198
4.37,2,0.968206,0.932402,0.478524,0.117075,0.0358041
4.37,3,0.327482,0.332382,-0.0876044,0.00355839,-0.00490042
4.37,4,-0.391882,-0.402627,0.311936,-0.0700059,0.0107452
4.37,5,-0.397502,-0.375537,-0.359911,-0.00185213,-0.0219651
4.38,0,0.659144,0.629915,0.393147,-0.0102464,0.0292299
4.38,1,0.677497,0.736006,-0.155103,-1.87509,-0.0585099
4.38,2,0.973151,0.937183,0.477752,0.123538,0.0359681
4.38,3,0.326614,0.331506,-0.0875881,0.00362942,-0.00489234
4.38,4,-0.388666,-0.399512,0.311216,-0.0688409,0.0108459
4.38,5,-0.401094,-0.379136,-0.359856,-0.00183375,-0.0219581
4.39,0,0.663075,0.633846,0.393094,-0.0101166,0.0292291
4.39,1,0.67596,0.73445,-0.156066,-1.87142,-0.0584904
4.39,2,0.978096,0.941956,0.476963,0.130273,0.0361399
4.39,3,0.325746,0.33063,-0.0875659,0.00369499,-0.00488446
4.39,4,-0.38545,-0.396404,0.31048,-0.0676096,0.0109538
4.39,5,-0.404686,-0.382734,-0.359795,-0.00181987,-0.0219517
4.4,0,0.667005,0.637776,0.39304,-0.00996195,0.0292289
4.4,1,0.674423,0.732884,-0.157045,-1.86732,-0.0584613
4.4,2,0.983041,0.946721,0.476166,0.13726,0.0363197
4.4,3,0.324878,0.329755,-0.0875396,0.00375561,-0.00487681
4.4,4,-0.382234,-0.393303,0.309739,-0.0663165,0.0110691
4.4,5,-0.408278,-0.386332,-0.359732,-0.00181011,-0.0219459
4.41,0,0.670936,0.641706,0.392986,-0.00978751,0.0292293
4.41,1,0.672886,0.731308,-0.158029,-1.86281,-0.0584223
4.41,2,0.987986,0.951479,0.475373,0.144478,0.0365075
4.41,3,0.32401,0.32888,-0.0875106,0.00381182,-0.00486945
4.41,4,-0.379018,-0.39021,0.309002,-0.0649661,0.0111919
4.41,5,-0.41187,-0.389929,-0.359667,-0.00180405,-0.0219408
4.42,0,0.674866,0.645636,0.392935,-0.00959819,0.0292302
4.42,1,0.671349,0.729723,-0.159003,-1.85793,-0.0583736
4.42,2,0.992931,0.956228,0.474594,0.151904,0.0367031
4.42,3,0.323142,0.328005,-0.0874801,0.00386419,-0.00486239
4.42,4,-0.375802,-0.387124,0.308277,-0.0635636,0.0113219
4.42,5,-0.415462,-0.393525,-0.359602,-0.00180126,-0.0219364
4.43,0,0.678797,0.649565,0.392887,-0.00939878,0.0292315
4.43,1,0.669812,0.728127,-0.159957,-1.85274,-0.0583152
4.43,2,0.997876,0.96097,0.473837,0.159517,0.0369063
4.43,3,0.322275,0.32713,-0.0874494,0.00391328,-0.00485563
4.43,4,-0.372586,-0.384045,0.307573,-0.0621141,0.0114591
4.43,5,-0.419054,-0.397121,-0.359538,-0.00180126,-0.0219325
4.44,0,0.682727,0.653494,0.392843,-0.0091938,0.0292334
4.44,1,0.668275,0.726523,-0.160879,-1.84726,-0.0582474
4.44,2,1.00282,0.965704,0.47311,0.167291,0.037117
4.44,3,0.321407,0.326256,-0.0874191,0.00395964,-0.00484918
4.44,4,-0.36937,-0.380973,0.306896,-0.0606232,0.0116031
4.44,5,-0.422645,-0.400716,-0.359477,-0.00180362,-0.0219293
4.45,0,0.686658,0.657422,0.392804,-0.00898745,0.0292356
4.45,1,0.666738,0.724909,-0.161762,-1.84154,-0.0581706
4.45,2,1.00777,0.970431,0.47242,0.175203,0.0373348
4.45,3,0.320539,0.325382,-0.0873902,0.00400379,-0.00484303
4.45,4,-0.366154,-0.377908,0.306253,-0.0590964,0.0117538
4.45,5,-0.426237,-0.40431,-0.359419,-0.00180787,-0.0219267
4.46,0,0.690588,0.66135,0.39277,-0.00878356,0.0292382
4.46,1,0.665201,0.723287,-0.162596,-1.83562,-0.0580852
4.46,2,1.01271,0.975152,0.471774,0.183228,0.0375592
4.46,3,0.319671,0.324508,-0.0873629,0.00404619,-0.00483716
4.46,4,-0.362938,-0.374848,0.305649,-0.0575394,0.0119107
4.46,5,-0.429829,-0.407904,-0.359366,-0.00181359,-0.0219247
4.47,0,0.694518,0.665277,0.392743,-0.00858549,0.0292411
4.47,1,0.663665,0.721656,-0.163376,-1.82954,-0.0579918
4.47,2,1.01766,0.979866,0.471176,0.191344,0.0377898
4.47,3,0.318803,0.323635,-0.0873378,0.00408725,-0.00483154
4.47,4,-0.359722,-0.371795,0.305089,-0.0559576,0.0120733
4.47,5,-0.433421,-0.411498,-0.359318,-0.00182037,-0.0219231
4.48,0,0.698449,0.669205,0.392722,-0.00839618,0.0292442
4.48,1,0.662128,0.720019,-0.164095,-1.82335,-0.057891
4.48,2,1.0226,0.984575,0.470629,0.199526,0.0380262
4.48,3,0.317935,0.322761,-0.087315,0.00412733,-0.00482617
4.48,4,-0.356506,-0.368747,0.304575,-0.0543564,0.0122414
4.48,5,-0.437013,-0.415091,-0.359274,-0.00182783,-0.021922
4.49,0,0.702379,0.673132,0.392707,-0.00821808,0.0292476
4.49,1,0.660591,0.718374,-0.16475,-1.81708,-0.0577832
4.49,2,1.02755,0.989279,0.470138,0.207753,0.0382676
4.49,3,0.317067,0.321888,-0.0872947,0.00416671,-0.00482101
4.49,4,-0.35329,-0.365704,0.30411,-0.0527411,0.0124143
4.49,5,-0.440605,-0.418683,-0.359237,-0.00183562,-0.0219213
4.5,0,0.70631,0.677059,0.392698,-0.00805319,0.029251
4.5,1,0.659054,0.716723,-0.165336,-1.81076,-0.0576694
4.5,2,1.03249,0.993978,0.469704,0.216003,0.0385137
4.5,3,0.316199,0.321015,-0.0872767,0.00420562,-0.00481604
4.5,4,-0.350074,-0.362665,0.303698,-0.0511166,0.0125915
4.5,5,-0.444196,-0.422275,-0.359205,-0.00184343,-0.021921
4.51,0,0.71024,0.680986,0.392694,-0.00790302,0.0292545
4.51,1,0.657517,0.715067,-0.165853,-1.80444,-0.05755
4.51,2,1.03744,0.998673,0.469329,0.224257,0.0387638
4.51,3,0.315332,0.320143,-0.087261,0.00424423,-0.00481124
4.51,4,-0.346858,-0.35963,0.303338,-0.0494878,0.0127726
4.51,5,-0.447788,-0.425867,-0.359179,-0.00185099,-0.0219209
4.52,0,0.714171,0.684913,0.392696,-0.00776866,0.029258
4.52,1,0.65598,0.713406,-0.166298,-1.79814,-0.0574258
4.52,2,1.04238,1.00336,0.469012,0.232497,0.0390174
4.52,3,0.314464,0.31927,-0.0872474,0.00428264,-0.00480658
4.52,4,-0.343641,-0.356599,0.30303,-0.0478589,0.012957
4.52,5,-0.45138,-0.429459,-0.359158,-0.00185807,-0.0219211
4.53,0,0.718101,0.68884,0.392703,-0.00765078,0.0292614
4.53,1,0.654443,0.711741,-0.166672,-1.79189,-0.0572976
4.53,2,1.04733,1.00805,0.468754,0.240704,0.0392737
4.53,3,0.313596,0.318398,-0.0872357,0.00432091,-0.00480205
4.53,4,-0.340425,-0.35357,0.302776,-0.046234,0.0131442
4.53,5,-0.454972,-0.43305,-0.359143,-0.00186445,-0.0219215
4.54,0,0.722032,0.692767,0.392714,-0.00754968,0.0292648
4.54,1,0.652906,0.710072,-0.166976,-1.78571,-0.0571661
4.54,2,1.05227,1.01274,0.468553,0.248865,0.0395324
4.54,3,0.312728,0.317526,-0.0872255,0.00435904,-0.00479763
4.54,4,-0.337209,-0.350543,0.302572,-0.0446167,0.0133337
4.54,5,-0.458564,-0.436642,-0.359132,-0.00186999,-0.0219219
4.55,0,0.725962,0.696694,0.392729,-0.00746529,0.029268
4.55,1,0.651369,0.708401,-0.167211,-1.77964,-0.0570319
4.55,2,1.05722,1.01742,0.468408,0.256965,0.0397927
4.55,3,0.31186,0.316653,-0.0872166,0.004397,-0.0047933
4.55,4,-0.333993,-0.347518,0.302419,-0.0430105,0.0135249
4.55,5,-0.462156,-0.440233,-0.359126,-0.00187455,-0.0219225
4.56,0,0.729892,0.700621,0.392747,-0.00739725,0.0292711
4.56,1,0.649833,0.706728,-0.16738,-1.77368,-0.0568957
4.56,2,1.06216,1.02211,0.468316,0.264994,0.0400542
4.56,3,0.310992,0.315781,-0.0872087,0.00443472,-0.00478905
4.56,4,-0.330777,-0.344495,0.302314,-0.041418,0.0137174
4.56,5,-0.465747,-0.443824,-0.359125,-0.00187804,-0.0219231
4.57,0,0.733823,0.704549,0.392768,-0.00734493,0.029274
4.57,1,0.648296,0.705054,-0.167487,-1.76786,-0.0567581
4.57,2,1.06711,1.02679,0.468275,0.272941,0.0403164
4.57,3,0.310124,0.314909,-0.0872015,0.00447208,-0.00478488
4.57,4,-0.327561,-0.341472,0.302254,-0.0398419,0.0139106
4.57,5,-0.469339,-0.447416,-0.359126,-0.00188039,-0.0219237
4.58,0,0.737753,0.708477,0.392791,-0.00730746,0.0292766
4.58,1,0.646759,0.703379,-0.167533,-1.76219,-0.0566198
4.58,2,1.07205,1.03147,0.468281,0.280797,0.0405786
4.58,3,0.309256,0.314037,-0.0871946,0.00450898,-0.00478078
4.58,4,-0.324345,-0.338449,0.302237,-0.0382841,0.0141043
4.58,5,-0.472931,-0.451007,-0.359132,-0.00188158,-0.0219242
4.59,0,0.741684,0.712405,0.392815,-0.0072838,0.029279
4.59,1,0.645222,0.701703,-0.167525,-1.75668,-0.0564814
4.59,2,1.077,1.03616,0.46833,0.288558,0.0408406
4.59,3,0.308389,0.313165,-0.0871879,0.00454527,-0.00477675
4.59,4,-0.321129,-0.335427,0.302259,-0.0367462,0.0142979
4.59,5,-0.476523,-0.454598,-0.35914,-0.00188158,-0.0219247
4.6,0,0.745614,0.716333,0.39284,-0.00727275,0.0292812
4.6,1,0.643685,0.700028,-0.167466,-1.75134,-0.0563433
4.6,2,1.08194,1.04084,0.468419,0.296218,0.0411019
4.6,3,0.307521,0.312293,-0.087181,0.00458079,-0.00477278
4.6,4,-0.317913,-0.332404,0.302316,-0.0352296,0.0144911
4.6,5,-0.480115,-0.45819,-0.35915,-0.0018804,-0.0219251
4.61,0,0.749545,0.720262,0.392865,-0.00727301,0.0292831
4.61,1,0.642148,0.698354,-0.167361,-1.74616,-0.0562061
4.61,2,1.08689,1.04552,0.468544,0.303774,0.0413621
4.61,3,0.306653,0.311422,-0.0871738,0.00461541,-0.00476889
4.61,4,-0.314697,-0.32938,0.302406,-0.033735,0.0146835
4.61,5,-0.483707,-0.461781,-0.359162,-0.00187809,-0.0219254
4.62,0,0.753475,0.72419,0.392891,-0.00728319,0.0292847
4.62,1,0.640611,0.696681,-0.167216,-1.74116,-0.0560702
4.62,2,1.09183,1.05021,0.4687,0.311225,0.0416208
4.62,3,0.305785,0.31055,-0.0871661,0.00464895,-0.00476507
4.62,4,-0.311481,-0.326356,0.302524,-0.0322629,0.0148749
4.62,5,-0.487298,-0.465373,-0.359176,-0.00187468,-0.0219255
4.63,0,0.757406,0.728119,0.392916,-0.00730186,0.0292861
4.63,1,0.639074,0.69501,-0.167035,-1.73633,-0.0559359
4.63,2,1.09678,1.0549,0.468883,0.31857,0.0418779
4.63,3,0.304917,0.309678,-0.0871576,0.00468126,-0.00476133
4.63,4,-0.308265,-0.32333,0.302666,-0.0308136,0.0150649
4.63,5,-0.49089,-0.468965,-0.359191,-0.00187023,-0.0219255
4.64,0,0.761336,0.732049,0.39294,-0.0073276,0.0292873
4.64,1,0.637537,0.693341,-0.166824,-1.73167,-0.0558035
4.64,2,1.10172,1.05959,0.469088,0.325812,0.042133
4.64,3,0.304049,0.308807,-0.0871484,0.00471221,-0.00475768
4.64,4,-0.305049,-0.320302,0.302828,-0.0293867,0.0152534
4.64,5,-0.494482,-0.472557,-0.359206,-0.00186482,-0.0219254
4.65,0,0.765267,0.735978,0.392963,-0.00735897,0.0292882
4.65,1,0.636001,0.691674,-0.166588,-1.72718,-0.0556735
4.65,2,1.10667,1.06428,0.469312,0.332953,0.0423859
4.65,3,0.303181,0.307935,-0.0871382,0.00474166,-0.00475413
4.65,4,-0.301833,-0.317273,0.303007,-0.0279819,0.0154402
4.65,5,-0.498074,-0.476149,-0.359222,-0.00185852,-0.021925
4.66,0,0.769197,0.739908,0.392984,-0.00739458,0.0292889
4.66,1,0.634464,0.69001,-0.166332,-1.72284,-0.0555459
4.66,2,1.11161,1.06898,0.469549,0.339996,0.0426365
4.66,3,0.302313,0.307064,-0.0871272,0.00476948,-0.00475068
4.66,4,-0.298617,-0.314242,0.303199,-0.0265983,0.0156252
4.66,5,-0.501666,-0.479741,-0.359238,-0.00185142,-0.0219246
4.67,0,0.773127,0.743838,0.393003,-0.00743312,0.0292894
4.67,1,0.632927,0.688348,-0.166062,-1.71865,-0.0554209
4.67,2,1.11656,1.07367,0.469797,0.346947,0.0428847
4.67,3,0.301446,0.306193,-0.0871151,0.00479556,-0.00474735
4.67,4,-0.295401,-0.311209,0.3034,-0.0252351,0.0158081
4.67,5,-0.505258,-0.483334,-0.359254,-0.0018436,-0.0219239
4.68,0,0.777058,0.747768,0.393021,-0.00747331,0.0292897
4.68,1,0.63139,0.686689,-0.165782,-1.7146,-0.0552987
4.68,2,1.1215,1.07837,0.470051,0.35381,0.0431304
4.68,3,0.300578,0.305322,-0.0871022,0.00481982,-0.00474415
4.68,4,-0.292185,-0.308174,0.303606,-0.023891,0.015989
4.68,5,-0.50885,-0.486926,-0.359269,-0.00183516,-0.0219232
4.69,0,0.780988,0.751698,0.393037,-0.00751399,0.0292899
4.69,1,0.629853,0.685032,-0.165496,-1.71069,-0.0551794
4.69,2,1.12645,1.08307,0.470306,0.360592,0.0433735
4.69,3,0.29971,0.304451,-0.0870883,0.00484218,-0.00474108
4.69,4,-0.288969,-0.305136,0.303815,-0.0225646,0.0161679
4.69,5,-0.512441,-0.490519,-0.359283,-0.00182619,-0.0219222
4.7,0,0.784919,0.755629,0.39305,-0.00755407,0.0292899
4.7,1,0.628316,0.683379,-0.16521,-1.70689,-0.0550629
4.7,2,1.13139,1.08778,0.470561,0.367299,0.043614
4.7,3,0.298842,0.30358,-0.0870735,0.00486258,-0.00473815
4.7,4,-0.285753,-0.302097,0.304023,-0.0212546,0.0163446
4.7,5,-0.516033,-0.494112,-0.359297,-0.00181678,-0.0219212
4.71,0,0.788849,0.759559,0.393061,-0.00759261,0.0292898
4.71,1,0.626779,0.681728,-0.164926,-1.70319,-0.0549492
4.71,2,1.13634,1.09248,0.470812,0.373939,0.0438521
4.71,3,0.297974,0.302709,-0.0870579,0.00488097,-0.00473538
4.71,4,-0.282536,-0.299056,0.304227,-0.0199592,0.0165193
4.71,5,-0.519625,-0.497705,-0.35931,-0.001807,-0.02192
4.72,0,0.79278,0.76349,0.39307,-0.00762872,0.0292896
4.72,1,0.625242,0.680081,-0.16465,-1.69959,-0.0548384
4.72,2,1.14128,1.09719,0.471055,0.380519,0.0440876
4.72,3,0.297106,0.301839,-0.0870416,0.00489732,-0.00473277
4.72,4,-0.27932,-0.296012,0.304426,-0.0186768,0.016692
4.72,5,-0.523217,-0.501298,-0.359321,-0.00179696,-0.0219187
4.73,0,0.79671,0.767421,0.393077,-0.00766168,0.0292893
4.73,1,0.623705,0.678436,-0.164383,-1.69606,-0.0547303
4.73,2,1.14623,1.10191,0.471289,0.387048,0.0443208
4.73,3,0.296238,0.300969,-0.0870247,0.00491162,-0.00473032
4.73,4,-0.276104,-0.292967,0.304615,-0.0174056,0.0168627
4.73,5,-0.526809,-0.504892,-0.359331,-0.00178672,-0.0219172
4.74,0,0.800641,0.771352,0.393082,-0.00769084,0.0292889
4.74,1,0.622168,0.676793,-0.164128,-1.69261,-0.0546248
4.74,2,1.15117,1.10662,0.471511,0.393531,0.0445517
4.74,3,0.29537,0.300098,-0.0870072,0.00492388,-0.00472804
4.74,4,-0.272888,-0.28992,0.304794,-0.0161439,0.0170317
4.74,5,-0.530401,-0.508485,-0.359341,-0.00177636,-0.0219157
4.75,0,0.804571,0.775282,0.393085,-0.0077157,0.0292885
4.75,1,0.620632,0.675153,-0.163889,-1.6892,-0.0545217
4.75,2,1.15612,1.11134,0.471719,0.399978,0.0447805
4.75,3,0.294502,0.299228,-0.0869893,0.0049341,-0.00472595
4.75,4,-0.269672,-0.286871,0.304961,-0.0148899,0.0171988
4.75,5,-0.533992,-0.512078,-0.359349,-0.00176594,-0.0219141
4.76,0,0.808501,0.779213,0.393087,-0.00773585,0.0292881
4.76,1,0.619095,0.673516,-0.163667,-1.68584,-0.0544209
4.76,2,1.16106,1.11605,0.471912,0.406395,0.0450073
4.76,3,0.293635,0.298359,-0.086971,0.0049423,-0.00472403
4.76,4,-0.266456,-0.283821,0.305115,-0.0136419,0.0173644
4.76,5,-0.537584,-0.515672,-0.359355,-0.00175553,-0.0219124
4.77,0,0.812432,0.783144,0.393086,-0.00775099,0.0292877
4.77,1,0.617558,0.67188,-0.163464,-1.6825,-0.0543223
4.77,2,1.16601,1.12077,0.472088,0.41279,0.0452322
4.77,3,0.292767,0.297489,-0.0869525,0.00494853,-0.0047223
4.77,4,-0.26324,-0.280769,0.305253,-0.0123982,0.0175285
4.77,5,-0.541176,-0.519265,-0.359361,-0.00174518,-0.0219107
4.78,0,0.816362,0.787075,0.393084,-0.00776091,0.0292873
4.78,1,0.616021,0.670246,-0.163282,-1.67918,-0.0542256
4.78,2,1.17095,1.1255,0.472247,0.41917,0.0454555
4.78,3,0.291899,0.29662,-0.0869339,0.00495282,-0.00472075
4.78,4,-0.260024,-0.277716,0.305376,-0.0111571,0.0176914
4.78,5,-0.544768,-0.522859,-0.359365,-0.00173494,-0.0219089
4.79,0,0.820293,0.791006,0.393081,-0.00776551,0.0292869
4.79,1,0.614484,0.668615,-0.16312,-1.67586,-0.0541305
4.79,2,1.1759,1.13022,0.472388,0.425542,0.0456772
4.79,3,0.291031,0.29575,-0.0869152,0.00495522,-0.00471939
4.79,4,-0.256808,-0.274661,0.305483,-0.00991705,0.0178531
4.79,5,-0.54836,-0.526453,-0.359368,-0.00172486,-0.0219071
4.8,0,0.824223,0.794937,0.393076,-0.00776476,0.0292866
4.8,1,0.612947,0.666984,-0.16298,-1.67254,-0.054037
4.8,2,1.18084,1.13494,0.47251,0.431911,0.0458977
4.8,3,0.290163,0.294881,-0.0868966,0.00495579,-0.00471822
4.8,4,-0.253592,-0.271606,0.305574,-0.00867667,0.0180138
4.8,5,-0.551952,-0.530046,-0.35937,-0.00171495,-0.0219052
4.81,0,0.828154,0.798867,0.39307,-0.00775874,0.0292863
4.81,1,0.61141,0.665355,-0.162862,-1.66921,-0.0539448
4.81,2,1.18579,1.13967,0.472614,0.438283,0.046117
4.81,3,0.289295,0.294012,-0.0868782,0.00495458,-0.00471723
4.81,4,-0.250376,-0.26855,0.305648,-0.00743461,0.0181737
4.81,5,-0.555543,-0.53364,-0.359371,-0.00170527,-0.0219033
4.82,0,0.832084,0.802798,0.393064,-0.00774756,0.0292861
4.82,1,0.609873,0.663727,-0.162765,-1.66585,-0.0538536
4.82,2,1.19073,1.1444,0.4727,0.444663,0.0463354
4.82,3,0.288427,0.293144,-0.0868599,0.00495167,-0.00471643
4.82,4,-0.24716,-0.265493,0.305706,-0.00618964,0.0183329
4.82,5,-0.559135,-0.537234,-0.359372,-0.00169581,-0.0219015
4.83,0,0.836015,0.806729,0.393056,-0.00773142,0.0292859
4.83,1,0.608336,0.6621,-0.162691,-1.66246,-0.0537633
4.83,2,1.19568,1.14912,0.472769,0.451055,0.0465531
4.83,3,0.287559,0.292275,-0.0868419,0.00494711,-0.0047158
4.83,4,-0.243944,-0.262436,0.305748,-0.00494067,0.0184917
4.83,5,-0.562727,-0.540828,-0.359371,-0.00168661,-0.0218996
4.84,0,0.839945,0.810659,0.393048,-0.00771055,0.0292859
4.84,1,0.6068,0.660473,-0.162636,-1.65903,-0.0536736
4.84,2,1.20062,1.15385,0.47282,0.457465,0.0467701
4.84,3,0.286692,0.291407,-0.0868243,0.00494098,-0.00471536
4.84,4,-0.240728,-0.259378,0.305775,-0.00368676,0.0186501
4.84,5,-0.566319,-0.544421,-0.35937,-0.00167768,-0.0218977
4.85,0,0.843875,0.81459,0.39304,-0.00768525,0.0292859
4.85,1,0.605263,0.658847,-0.162602,-1.65557,-0.0535843
4.85,2,1.20557,1.15858,0.472854,0.463894,0.0469868
4.85,3,0.285824,0.290539,-0.086807,0.00493333,-0.00471509
4.85,4,-0.237512,-0.25632,0.305787,-0.00242708,0.0188083
4.85,5,-0.569911,-0.548015,-0.359368,-0.00166901,-0.0218959
4.86,0,0.847806,0.81852,0.393031,-0.00765584,0.029286
4.86,1,0.603726,0.657221,-0.162587,-1.65205,-0.0534953
4.86,2,1.21051,1.16331,0.472874,0.470346,0.0472031
4.86,3,0.284956,0.289671,-0.0867902,0.00492423,-0.00471499
4.86,4,-0.234296,-0.253262,0.305786,-0.00116096,0.0189665
4.86,5,-0.573503,-0.551609,-0.359366,-0.00166061,-0.0218941
4.87,0,0.851736,0.82245,0.393023,-0.00762267,0.0292861
4.87,1,0.602189,0.655595,-0.162589,-1.64849,-0.0534063
4.87,2,1.21546,1.16804,0.472879,0.476823,0.0474194
4.87,3,0.284088,0.288803,-0.0867738,0.00491374,-0.00471505
4.87,4,-0.23108,-0.250204,0.305772,0.00011214,0.0191247
4.87,5,-0.577095,-0.555202,-0.359363,-0.00165248,-0.0218923
4.88,0,0.855667,0.82638,0.393014,-0.00758611,0.0292864
4.88,1,0.600652,0.653969,-0.162607,-1.64487,-0.0533172
4.88,2,1.2204,1.17277,0.472871,0.483327,0.0476357
4.88,3,0.28322,0.287935,-0.0867579,0.00490193,-0.00471528
4.88,4,-0.227864,-0.247147,0.305746,0.00139262,0.0192832
4.88,5,-0.580686,-0.558796,-0.35936,-0.0016446,-0.0218905
4.89,0,0.859597,0.83031,0.393006,-0.00754654,0.0292868
4.89,1,0.599115,0.652343,-0.16264,-1.6412,-0.0532279
4.89,2,1.22535,1.1775,0.472852,0.489858,0.0478521
4.89,3,0.282352,0.287068,-0.0867425,0.00488886,-0.00471566
4.89,4,-0.224648,-0.24409,0.30571,0.00268075,0.019442
4.89,5,-0.584278,-0.562389,-0.359356,-0.00163698,-0.0218888
4.9,0,0.863528,0.834241,0.392997,-0.00750435,0.0292872
4.9,1,0.597578,0.650716,-0.162686,-1.63747,-0.0531381
4.9,2,1.23029,1.18222,0.472823,0.496417,0.0480687
4.9,3,0.281484,0.286201,-0.0867276,0.00487457,-0.0047162
4.9,4,-0.221432,-0.241033,0.305665,0.00397668,0.0196012
4.9,5,-0.58787,-0.565983,-0.359352,-0.00162959,-0.0218871
4.91,0,0.867458,0.83817,0.39299,-0.00745994,0.0292877
4.91,1,0.596041,0.649089,-0.162743,-1.63369,-0.0530479
4.91,2,1.23524,1.18695,0.472784,0.503004,0.0482857
4.91,3,0.280616,0.285333,-0.0867132,0.00485913,-0.00471688
4.91,4,-0.218215,-0.237976,0.305613,0.00528043,0.0197609
4.91,5,-0.591462,-0.569576,-0.359349,-0.00162242,-0.0218854
4.92,0,0.871389,0.8421,0.392982,-0.00741369,0.0292883
4.92,1,0.594504,0.647461,-0.16281,-1.62985,-0.052957
4.92,2,1.24018,1.19168,0.472738,0.509619,0.0485032
4.92,3,0.279749,0.284466,-0.0866993,0.00484257,-0.0047177
4.92,4,-0.214999,-0.234921,0.305554,0.00659193,0.0199211
4.92,5,-0.595054,-0.57317,-0.359345,-0.00161546,-0.0218838
4.93,0,0.875319,0.84603,0.392975,-0.00736597,0.029289
4.93,1,0.592968,0.645833,-0.162885,-1.62596,-0.0528654
4.93,2,1.24513,1.19641,0.472686,0.516261,0.0487211
4.93,3,0.278881,0.283599,-0.0866859,0.00482495,-0.00471866
4.93,4,-0.211783,-0.231865,0.305489,0.00791097,0.020082
4.93,5,-0.598646,-0.576763,-0.359341,-0.00160868,-0.0218822
4.94,0,0.879249,0.84996,0.392969,-0.00731714,0.0292897
4.94,1,0.591431,0.644204,-0.162967,-1.62202,-0.052773
4.94,2,1.25007,1.20113,0.47263,0.522928,0.0489396
4.94,3,0.278013,0.282733,-0.0866729,0.0048063,-0.00471975
4.94,4,-0.208567,-0.228811,0.305421,0.00923729,0.0202435
4.94,5,-0.602237,-0.580357,-0.359337,-0.00160207,-0.0218806
4.95,0,0.88318,0.853889,0.392963,-0.00726754,0.0292905
4.95,1,0.589894,0.642573,-0.163053,-1.61803,-0.0526797
4.95,2,1.25502,1.20586,0.47257,0.52962,0.0491586
4.95,3,0.277145,0.281866,-0.0866604,0.00478665,-0.00472096
4.95,4,-0.205351,-0.225757,0.30535,0.0105705,0.0204057
4.95,5,-0.605829,-0.58395,-0.359334,-0.0015956,-0.0218791
4.96,0,0.88711,0.857819,0.392957,-0.00721749,0.0292914
4.96,1,0.588357,0.640942,-0.163143,-1.614,-0.0525856
4.96,2,1.25996,1.21058,0.472508,0.536334,0.0493783
4.96,3,0.276277,0.280999,-0.0866484,0.00476605,-0.0047223
4.96,4,-0.202135,-0.222704,0.305278,0.0119102,0.0205687
4.96,5,-0.609421,-0.587543,-0.35933,-0.00158926,-0.0218777
4.97,0,0.891041,0.861749,0.392953,-0.00716728,0.0292923
4.97,1,0.58682,0.63931,-0.163234,-1.60992,-0.0524906
4.97,2,1.26491,1.21531,0.472445,0.543068,0.0495986
4.97,3,0.275409,0.280133,-0.0866368,0.00474451,-0.00472376
4.97,4,-0.198919,-0.219651,0.305205,0.0132559,0.0207323
4.97,5,-0.613013,-0.591137,-0.359327,-0.00158302,-0.0218762
4.98,0,0.894971,0.865678,0.392948,-0.00711719,0.0292932
4.98,1,0.585283,0.637678,-0.163326,-1.60581,-0.0523946
4.98,2,1.26985,1.22003,0.472383,0.54982,0.0498195
4.98,3,0.274541,0.279267,-0.0866256,0.00472206,-0.00472533
4.98,4,-0.195703,-0.2166,0.305133,0.0146071,0.0208967
4.98,5,-0.616605,-0.59473,-0.359324,-0.00157686,-0.0218748
4.99,0,0.898902,0.869608,0.392945,-0.00706744,0.0292942
4.99,1,0.583746,0.636044,-0.163417,-1.60166,-0.0522977
4.99,2,1.2748,1.22476,0.472322,0.556588,0.0500411
4.99,3,0.273673,0.2784,-0.0866147,0.00469873,-0.00472701
4.99,4,-0.192487,-0.213549,0.305063,0.0159631,0.0210618
4.99,5,-0.620197,-0.598323,-0.359321,-0.00157077,-0.0218734
5,0,0.902832,0.873537,0.392942,-0.00701827,0.0292952
5,1,0.582209,0.634409,-0.163506,-1.59748,-0.0522
5,2,1.27974,1.22948,0.472263,0.563369,0.0502632
5,3,0.272806,0.277534,-0.0866041,0.00467452,-0.0047288
5,4,-0.189271,-0.210499,0.304995,0.0173233,0.0212276
5,5,-0.623788,-0.601916,-0.359319,-0.00156472,-0.0218721
5.01,0,0.906763,0.877466,0.39294,-0.00696984,0.0292962
5.01,1,0.580672,0.632774,-0.163592,-1.59327,-0.0521013
5.01,2,1.28469,1.2342,0.472208,0.570161,0.0504859
5.01,3,0.271938,0.276668,-0.0865939,0.00464946,-0.00473069
5.01,4,-0.186055,-0.207449,0.304931,0.0186872,0.0213941
5.01,5,-0.62738,-0.60551,-0.359317,-0.0015587,-0.0218707
5.02,0,0.910693,0.881396,0.392938,-0.00692232,0.0292973
5.02,1,0.579135,0.631137,-0.163675,-1.58905,-0.0520018
5.02,2,1.28963,1.23892,0.472157,0.576961,0.0507092
5.02,3,0.27107,0.275803,-0.0865839,0.00462356,-0.00473268
5.02,4,-0.182839,-0.2044,0.304871,0.020054,0.0215612
5.02,5,-0.630972,-0.609103,-0.359315,-0.0015527,-0.0218694
5.03,0,0.914624,0.885325,0.392937,-0.00687583,0.0292984
5.03,1,0.577599,0.6295,-0.163752,-1.58481,-0.0519015
5.03,2,1.29458,1.24365,0.47211,0.583766,0.0509329
5.03,3,0.270202,0.274937,-0.0865742,0.00459682,-0.00473477
5.03,4,-0.179623,-0.201352,0.304815,0.0214232,0.0217288
5.03,5,-0.634564,-0.612696,-0.359313,-0.00154669,-0.0218681
5.04,0,0.918554,0.889255,0.392936,-0.00683047,0.0292995
5.04,1,0.576062,0.627862,-0.163824,-1.58055,-0.0518005
5.04,2,1.29952,1.24837,0.472068,0.590574,0.051157
5.04,3,0.269334,0.274071,-0.0865647,0.00456926,-0.00473696
5.04,4,-0.176407,-0.198304,0.304764,0.0227941,0.021897
5.04,5,-0.638156,-0.616289,-0.359312,-0.00154067,-0.0218668
5.05,0,0.922484,0.893184,0.392936,-0.00678631,0.0293005
5.05,1,0.574525,0.626224,-0.16389,-1.57628,-0.0516988
5.05,2,1.30447,1.25309,0.472032,0.597383,0.0513816
5.05,3,0.268466,0.273205,-0.0865554,0.00454087,-0.00473924
5.05,4,-0.173191,-0.195256,0.304719,0.024166,0.0220657
5.05,5,-0.641748,-0.619882,-0.359311,-0.00153461,-0.0218656
5.06,0,0.926415,0.897113,0.392936,-0.00674341,0.0293016
5.06,1,0.572988,0.624584,-0.163949,-1.57201,-0.0515965
5.06,2,1.30941,1.25781,0.472002,0.60419,0.0516065
5.06,3,0.267598,0.27234,-0.0865463,0.00451167,-0.00474161
5.06,4,-0.169975,-0.192209,0.304679,0.0255384,0.0222348
5.06,5,-0.64534,-0.623475,-0.35931,-0.00152852,-0.0218643
5.07,0,0.930345,0.901043,0.392937,-0.00670178,0.0293027
5.07,1,0.571451,0.622945,-0.164002,-1.56774,-0.0514936
5.07,2,1.31436,1.26253,0.471978,0.610992,0.0518316
5.07,3,0.26673,0.271475,-0.0865373,0.00448165,-0.00474407
5.07,4,-0.166759,-0.189163,0.304646,0.0269108,0.0224042
5.07,5,-0.648931,-0.627068,-0.35931,-0.00152239,-0.0218631
5.08,0,0.934124,0.904972,0.392938,-0.0127307,0.0291521
5.08,1,0.569569,0.621304,-0.164048,-1.57726,-0.0517352
5.08,2,1.31867,1.26725,0.47196,0.598877,0.0514266
5.08,3,0.265836,0.270609,-0.0865285,0.00418504,-0.0047732
5.08,4,-0.163965,-0.186117,0.304618,0.0249044,0.0221517
5.08,5,-0.651886,-0.630661,-0.359309,0.00166965,-0.0212246
5.09,0,0.936537,0.908889,0.389891,-0.06373,0.0276486
5.09,1,0.564582,0.619684,-0.159667,-1.72508,-0.055102
5.09,2,1.31731,1.2719,0.456116,0.450246,0.045416
5.09,3,0.264702,0.269683,-0.100297,0.0103767,-0.00498016
5.09,4,-0.164971,-0.183063,0.305796,-0.00816749,0.0180913
5.09,5,-0.649106,-0.634094,-0.322229,0.0216057,-0.0150126
5.1,0,0.93895,0.912753,0.383122,-0.10146,0.0261977
5.1,1,0.559594,0.618118,-0.154402,-1.87774,-0.0585237
5.1,2,1.31595,1.2763,0.425356,0.33903,0.039658
5.1,3,0.263569,0.268568,-0.120346,0.0222156,-0.00499917
5.1,4,-0.165978,-0.180023,0.301176,-0.0382262,0.0140452
5.1,5,-0.646326,-0.636962,-0.256107,0.0300097,-0.00936446
5.11,0,0.941363,0.916535,0.374025,-0.128952,0.0248281
5.11,1,0.554607,0.616586,-0.152918,-2.02042,-0.0619793
5.11,2,1.3146,1.28035,0.389053,0.249169,0.0342425
5.11,3,0.262435,0.267274,-0.135864,0.0331303,-0.00483878
5.11,4,-0.166984,-0.177077,0.287994,-0.0632554,0.0100927
5.11,5,-0.643546,-0.639135,-0.185842,0.0336965,-0.00441121
5.12,0,0.943777,0.920218,0.363338,-0.147666,0.0235587
5.12,1,0.549619,0.615041,-0.156535,-2.14728,-0.065422
5.12,2,1.31324,1.28403,0.350598,0.174909,0.0292035
5.12,3,0.261301,0.26586,-0.144845,0.0413162,-0.0045591
5.12,4,-0.167991,-0.174304,0.267607,-0.0832976,0.00631323
5.12,5,-0.640767,-0.640624,-0.119392,0.0351029,-0.000142937
5.13,0,0.94619,0.923787,0.351586,-0.158664,0.0224024
5.13,1,0.544632,0.613432,-0.165301,-2.2561,-0.0688
5.13,2,1.31188,1.28732,0.311306,0.114019,0.0245543
5.13,3,0.260168,0.26439,-0.147984,0.0465632,-0.00422275
5.13,4,-0.168998,-0.171765,0.242079,-0.0988985,0.00276759
5.13,5,-0.637987,-0.64148,-0.0590074,0.0351694,0.00349343
5.14,0,0.948603,0.927236,0.339216,-0.162954,0.0213673
5.14,1,0.539644,0.611708,-0.17876,-2.34628,-0.0720641
5.14,2,1.31052,1.29022,0.271779,0.0654337,0.0202997
5.14,3,0.259034,0.262915,-0.146632,0.0491704,-0.00388087
5.14,4,-0.170004,-0.169501,0.213219,-0.110634,-0.000503121
5.14,5,-0.635207,-0.641768,-0.00505035,0.0343218,0.00656134
5.15,0,0.951016,0.930558,0.326621,-0.16156,0.0204575
5.15,1,0.534657,0.609828,-0.19625,-2.41808,-0.0751708
5.15,2,1.30916,1.29272,0.232384,0.0284311,0.0164399
5.15,3,0.2579,0.261471,-0.14214,0.0495756,-0.00357083
5.15,4,-0.171011,-0.167537,0.182415,-0.118996,-0.00347357
5.15,5,-0.632427,-0.641551,0.0427164,0.0328053,0.00912404
5.16,0,0.953429,0.933756,0.314146,-0.155506,0.0196733
5.16,1,0.529669,0.607753,-0.217038,-2.47224,-0.0780839
5.16,2,1.3078,1.29483,0.19341,0.00234106,0.012972
5.16,3,0.256767,0.260084,-0.135671,0.0482281,-0.00331745
5.16,4,-0.172017,-0.165887,0.150685,-0.124384,-0.00613017
5.16,5,-0.629647,-0.640888,0.0847017,0.0307956,0.0112412
5.17,0,0.955842,0.93683,0.302085,-0.145785,0.0190118
5.17,1,0.524682,0.605456,-0.240386,-2.50982,-0.0807743
5.17,2,1.30644,1.29655,0.155128,-0.0135496,0.00989022
5.17,3,0.255633,0.258768,-0.128163,0.0455462,-0.00313516
5.17,4,-0.173024,-0.164556,0.118767,-0.127127,-0.00846792
5.17,5,-0.626867,-0.639836,0.121349,0.0284366,0.0129683
5.18,0,0.958255,0.939788,0.290673,-0.133323,0.0184674
5.18,1,0.519694,0.602915,-0.26558,-2.53208,-0.0832206
5.18,2,1.30508,1.2979,0.117805,-0.0200231,0.0071862
5.18,3,0.254499,0.25753,-0.120342,0.0419032,-0.00303019
5.18,4,-0.17403,-0.163542,0.0872115,-0.127511,-0.0104881
5.18,5,-0.624087,-0.638444,0.153097,0.0258517,0.0143562
5.19,0,0.960669,0.942636,0.28009,-0.118959,0.0180328
5.19,1,0.514707,0.600115,-0.291954,-2.54046,-0.0854079
5.19,2,1.30372,1.29888,0.0816994,-0.0179309,0.00484893
5.19,3,0.253366,0.256368,-0.112749,0.0376237,-0.00300255
5.19,4,-0.175037,-0.16284,0.0564349,-0.125791,-0.0121967
5.19,5,-0.621308,-0.636759,0.180367,0.0231476,0.0154515
5.2,0,0.963082,0.945383,0.27046,-0.103428,0.0176988
5.2,1,0.509719,0.597047,-0.318899,-2.53642,-0.0873279
5.2,2,1.30237,1.2995,0.0470634,-0.00818181,0.00286483
5.2,3,0.252232,0.25528,-0.105768,0.0329833,-0.00304774
5.2,4,-0.176043,-0.16244,0.0267668,-0.12221,-0.0136034
5.2,5,-0.618528,-0.634825,0.203566,0.020415,0.0162969
5.21,0,0.965495,0.948039,0.261859,-0.0873578,0.0174555
5.21,1,0.504732,0.59371,-0.345869,-2.52151,-0.0889779
5.21,2,1.30101,1.29979,0.0141321,0.00827285,0.0012179
5.21,3,0.251099,0.254257,-0.0996541,0.0282112,-0.00315813
5.21,4,-0.17705,-0.162329,-0.00152534,-0.117003,-0.0147208
5.21,5,-0.615748,-0.632679,0.223083,0.0177296,0.0169309
5.22,0,0.967908,0.950616,0.25432,-0.0712656,0.0172924
5.22,1,0.499745,0.590105,-0.372386,-2.49725,-0.0903603
5.22,2,1.29965,1.29976,-0.01688,0.0304569,-0.000110104
5.22,3,0.249965,0.253289,-0.0945563,0.0234923,-0.00332415
5.22,4,-0.178056,-0.162493,-0.0282199,-0.110401,-0.0155638
5.22,5,-0.612968,-0.630356,0.239296,0.0151523,0.0173882
5.23,0,0.970321,0.953122,0.24784,-0.0555663,0.0171988
5.23,1,0.494757,0.586239,-0.398037,-2.46517,-0.0914819
5.23,2,1.29829,1.29943,-0.045785,0.057387,-0.00113943
5.23,3,0.248831,0.252366,-0.0905385,0.0189707,-0.00353524
5.23,4,-0.179063,-0.162913,-0.0531326,-0.102631,-0.0161496
5.23,5,-0.610188,-0.627888,0.252564,0.0127299,0.0176998
5.24,0,0.972734,0.95557,0.242385,-0.0405796,0.0171644
5.24,1,0.48977,0.582123,-0.422473,-2.42672,-0.0923535
5.24,2,1.29693,1.29882,-0.0724253,0.0880889,-0.00189205
5.24,3,0.247698,0.251478,-0.0875993,0.0147542,-0.00378054
5.24,4,-0.18007,-0.163573,-0.0761119,-0.0939185,-0.0164968
5.24,5,-0.607408,-0.625302,0.263234,0.0104965,0.0178934
5.25,0,0.975147,0.957968,0.237902,-0.0265407,0.0171791
5.25,1,0.484782,0.577771,-0.445409,-2.38332,-0.0929887
5.25,2,1.29557,1.29796,-0.0966768,0.121614,-0.00239132
5.25,3,0.246564,0.250613,-0.0856879,0.0109175,-0.00404953
5.25,4,-0.181076,-0.164451,-0.0970378,-0.0844843,-0.0166254
5.25,5,-0.604628,-0.622621,0.271633,0.00847464,0.0179929
5.26,0,0.97756,0.960327,0.234319,-0.0136118,0.0172336
5.26,1,0.479795,0.573199,-0.466616,-2.33631,-0.093404
5.26,2,1.29421,1.29687,-0.118451,0.157053,-0.00266164
5.26,3,0.24543,0.249763,-0.0847182,0.00750721,-0.00433237
5.26,4,-0.182083,-0.165526,-0.115821,-0.074541,-0.0165565
5.26,5,-0.601849,-0.619868,0.278071,0.00667648,0.0180196
5.27,0,0.979974,0.962654,0.231556,-0.00189285,0.0173194
5.27,1,0.474807,0.568425,-0.48592,-2.28694,-0.0936175
5.27,2,1.29285,1.29558,-0.137695,0.193547,-0.00272811
5.27,3,0.244297,0.248917,-0.0845808,0.00454615,-0.00462023
5.27,4,-0.183089,-0.166777,-0.132405,-0.0642918,-0.0163118
5.27,5,-0.599069,-0.61706,0.282835,0.00510561,0.0179912
5.28,0,0.982387,0.964958,0.229527,0.0085667,0.0174287
5.28,1,0.46982,0.563469,-0.503198,-2.23637,-0.093649
5.28,2,1.29149,1.29411,-0.154392,0.230301,-0.00261614
5.28,3,0.243163,0.248068,-0.0851532,0.00203733,-0.00490546
5.28,4,-0.184096,-0.168182,-0.14676,-0.0539275,-0.0159135
5.28,5,-0.596289,-0.614212,0.286192,0.00375841,0.0179232
5.29,0,0.9848,0.967245,0.228143,0.0177585,0.0175547
5.29,1,0.464832,0.558351,-0.51837,-2.18566,-0.0935193
5.29,2,1.29014,1.29249,-0.16856,0.266585,-0.00235114
5.29,3,0.242029,0.247211,-0.0863079,-3.18497e-05,-0.00518166
5.29,4,-0.185102,-0.169718,-0.158892,-0.043625,-0.0153839
5.29,5,-0.593509,-0.611337,0.288385,0.00262556,0.0178282
5.3,0,0.987213,0.969522,0.227316,0.0257061,0.0176914
5.3,1,0.459845,0.553094,-0.531398,-2.13579,-0.0932496
5.3,2,1.28878,1.29073,-0.180247,0.301749,-0.00195816
5.3,3,0.240896,0.246339,-0.0879185,-0.00168587,-0.0054437
5.3,4,-0.186109,-0.171364,-0.168831,-0.0335447,-0.014745
5.3,5,-0.590729,-0.608446,0.289633,0.00169345,0.0177167
5.31,0,0.989626,0.971792,0.226963,0.0324574,0.0178336
5.31,1,0.454857,0.547719,-0.542281,-2.08762,-0.0928615
5.31,2,1.28742,1.28888,-0.189533,0.335217,-0.00146159
5.31,3,0.239762,0.24545,-0.0898651,-0.00295779,-0.00568769
5.31,4,-0.187115,-0.173097,-0.176637,-0.0238301,-0.0140186
5.31,5,-0.587949,-0.605546,0.29013,0.000945461,0.0175969
5.32,0,0.992039,0.974062,0.227004,0.0380777,0.0179772
5.32,1,0.44987,0.542246,-0.551051,-2.0419,-0.0923762
5.32,2,1.28606,1.28694,-0.196522,0.366497,-0.000884898
5.32,3,0.238628,0.244539,-0.0920376,-0.00388628,-0.00591088
5.32,4,-0.188122,-0.174896,-0.182395,-0.0146062,-0.0132255
5.32,5,-0.585169,-0.602645,0.290048,0.000363101,0.0174755
5.33,0,0.994452,0.976334,0.227366,0.0426446,0.0181186
5.33,1,0.444882,0.536697,-0.557765,-1.99929,-0.0918146
5.33,2,1.2847,1.28495,-0.201342,0.395173,-0.000250355
5.33,3,0.237495,0.243606,-0.0943378,-0.00451309,-0.00611157
5.33,4,-0.189128,-0.176743,-0.186209,-0.0059794,-0.0123855
5.33,5,-0.58239,-0.599747,0.289534,-7.30326e-05,0.0173574
5.34,0,0.996866,0.978611,0.227983,0.0462431,0.0182548
5.34,1,0.439895,0.531092,-0.562508,-1.96034,-0.0911967
5.34,2,1.28334,1.28292,-0.204139,0.420911,0.000421134
5.34,3,0.236361,0.24265,-0.0966811,-0.00488101,-0.00628896
5.34,4,-0.190135,-0.178617,-0.188206,0.00196258,-0.0115175
5.34,5,-0.57961,-0.596856,0.288712,-0.000382439,0.0172462
5.35,0,0.999279,0.980895,0.228796,0.0489625,0.0183838
5.35,1,0.434907,0.525449,-0.565384,-1.92552,-0.0905418
5.35,2,1.28198,1.28087,-0.205073,0.443453,0.00111021
5.35,3,0.235227,0.24167,-0.0989967,-0.00503217,-0.00644302
5.35,4,-0.191142,-0.180503,-0.188524,0.00915026,-0.010639
5.35,5,-0.57683,-0.593974,0.287688,-0.000584071,0.0171445
5.36,0,1.00169,0.983188,0.229753,0.0508931,0.0185038
5.36,1,0.42992,0.519788,-0.566515,-1.89517,-0.0898678
5.36,2,1.28062,1.27882,-0.204317,0.46261,0.00179919
5.36,3,0.234094,0.240668,-0.101228,-0.00500678,-0.00657434
5.36,4,-0.192148,-0.182382,-0.187315,0.0155318,-0.00976572
5.36,5,-0.57405,-0.591104,0.286547,-0.00069585,0.0170537
5.37,0,1.0041,0.985491,0.230807,0.0521245,0.0186137
5.37,1,0.424932,0.514124,-0.566034,-1.86956,-0.0891915
5.37,2,1.27926,1.27679,-0.20205,0.478264,0.00247215
5.37,3,0.23296,0.239644,-0.10333,-0.00484219,-0.00668403
5.37,4,-0.193155,-0.184242,-0.184739,0.021072,-0.00891222
5.37,5,-0.57127,-0.588245,0.285357,-0.000734316,0.0169746
5.38,0,1.00652,0.987805,0.231921,0.0527434,0.0187126
5.38,1,0.419945,0.508473,-0.564088,-1.84886,-0.0885282
5.38,2,1.27791,1.27479,-0.198454,0.490358,0.00311497
5.38,3,0.231826,0.2386,-0.105272,-0.00457225,-0.00677356
5.38,4,-0.194161,-0.18607,-0.180962,0.0257513,-0.00809122
5.38,5,-0.56849,-0.585398,0.284171,-0.000714409,0.0169074
5.39,0,1.00893,0.990131,0.23306,0.0528331,0.0188003
5.39,1,0.414958,0.502849,-0.560831,-1.83317,-0.0878917
5.39,2,1.27655,1.27283,-0.193715,0.498891,0.0037154
5.39,3,0.230693,0.237537,-0.107033,-0.00422699,-0.00684465
5.39,4,-0.195168,-0.187854,-0.17615,0.0295644,-0.00731383
5.39,5,-0.56571,-0.582562,0.283029,-0.000649351,0.0168519
5.4,0,1.01134,0.992468,0.234197,0.0524721,0.0188766
5.4,1,0.40997,0.497264,-0.55642,-1.82251,-0.0872942
5.4,2,1.27519,1.27092,-0.188012,0.503914,0.00426299
5.4,3,0.229559,0.236458,-0.108599,-0.00383241,-0.0068992
5.4,4,-0.196174,-0.189585,-0.170469,0.0325188,-0.00658947
5.4,5,-0.562931,-0.579738,0.281959,-0.000550617,0.0168074
5.41,0,1.01376,0.994816,0.23531,0.0517338,0.0189416
5.41,1,0.404983,0.491729,-0.551016,-1.81681,-0.0867464
5.41,2,1.27383,1.26908,-0.181525,0.505523,0.00474909
5.41,3,0.228426,0.235365,-0.109968,-0.00341057,-0.00693916
5.41,4,-0.197181,-0.191255,-0.164083,0.0346338,-0.00592593
5.41,5,-0.560151,-0.576924,0.280979,-0.000427975,0.0167731
5.42,0,1.01617,0.997175,0.23638,0.0506863,0.0189957
5.42,1,0.399995,0.486253,-0.544781,-1.81596,-0.0862574
5.42,2,1.27247,1.2673,-0.174423,0.503851,0.0051668
5.42,3,0.227292,0.234258,-0.111142,-0.0029797,-0.00696651
5.42,4,-0.198187,-0.192858,-0.157147,0.0359384,-0.00532941
5.42,5,-0.557371,-0.574119,0.280101,-0.000289576,0.0167481
5.43,0,1.01858,0.999544,0.237395,0.049392,0.0190394
5.43,1,0.395008,0.480842,-0.537871,-1.81977,-0.0858346
5.43,2,1.27111,1.2656,-0.16687,0.499066,0.00551088
5.43,3,0.226158,0.233141,-0.112129,-0.00255448,-0.00698316
5.43,4,-0.199194,-0.194389,-0.149813,0.0364704,-0.00480455
5.43,5,-0.554591,-0.571322,0.279329,-0.000142081,0.0167313
5.44,0,1.021,1.00192,0.238342,0.0479076,0.0190733
5.44,1,0.39002,0.475504,-0.530442,-1.82803,-0.0854838
5.44,2,1.26975,1.26397,-0.159016,0.491363,0.00577766
5.44,3,0.225025,0.232015,-0.112938,-0.00214635,-0.00699094
5.44,4,-0.2002,-0.195846,-0.142222,0.0362747,-0.00435455
5.44,5,-0.551811,-0.568533,0.278663,9.18885e-06,0.0167216
5.45,0,1.02341,1.00431,0.239214,0.0462846,0.0190982
5.45,1,0.385033,0.470242,-0.522642,-1.84046,-0.0852095
5.45,2,1.26839,1.26243,-0.151005,0.480958,0.00596492
5.45,3,0.223891,0.230882,-0.113585,-0.00176388,-0.00699152
5.45,4,-0.201207,-0.197226,-0.134504,0.0354021,-0.00398127
5.45,5,-0.549031,-0.565749,0.2781,0.00016009,0.016718
5.46,0,1.02582,1.00671,0.240007,0.0445687,0.0191147
5.46,1,0.380045,0.46506,-0.514611,-1.85675,-0.0850146
5.46,2,1.26703,1.26096,-0.142965,0.468085,0.0060718
5.46,3,0.222757,0.229744,-0.114086,-0.00141311,-0.00698645
5.46,4,-0.202214,-0.198528,-0.126781,0.0339079,-0.00368529
5.46,5,-0.546251,-0.562971,0.277634,0.000307496,0.0167195
5.47,0,1.02824,1.00911,0.240717,0.0428007,0.0191238
5.47,1,0.375058,0.459958,-0.506482,-1.87658,-0.0849007
5.47,2,1.26567,1.25958,-0.135014,0.452989,0.00609869
5.47,3,0.221624,0.228601,-0.114455,-0.00109797,-0.00697711
5.47,4,-0.20322,-0.199754,-0.119159,0.031851,-0.00346608
5.47,5,-0.543472,-0.560197,0.277256,0.000449135,0.0167252
5.48,0,1.03065,1.01152,0.241345,0.0410163,0.0191263
5.48,1,0.37007,0.454938,-0.498376,-1.89959,-0.084868
5.48,2,1.26432,1.25827,-0.127256,0.435923,0.00604704
5.48,3,0.22049,0.227455,-0.114711,-0.000820595,-0.00696471
5.48,4,-0.204227,-0.200905,-0.111737,0.0292922,-0.00332205
5.48,5,-0.540692,-0.557426,0.276958,0.000583442,0.0167342
5.49,0,1.03306,1.01394,0.24189,0.0392467,0.0191229
5.49,1,0.365083,0.449999,-0.490404,-1.92541,-0.0849157
5.49,2,1.26296,1.25704,-0.119782,0.417143,0.00591931
5.49,3,0.219356,0.226307,-0.114869,-0.000581659,-0.00695031
5.49,4,-0.205233,-0.201982,-0.104599,0.0262937,-0.00325075
5.49,5,-0.537912,-0.554658,0.276731,0.000709421,0.0167458
5.5,0,1.03548,1.01636,0.242354,0.0375185,0.0191145
5.5,1,0.360095,0.445137,-0.482668,-1.95367,-0.0850419
5.5,2,1.2616,1.25588,-0.112671,0.396905,0.00571877
5.5,3,0.218223,0.225157,-0.114945,-0.000380707,-0.00693479
5.5,4,-0.20624,-0.202991,-0.0978184,0.0229179,-0.00324892
5.5,5,-0.535132,-0.551891,0.276566,0.000826526,0.0167593
5.51,0,1.03789,1.01879,0.242741,0.0358542,0.0191019
5.51,1,0.355108,0.440352,-0.475253,-1.98399,-0.0852438
5.51,2,1.26024,1.25479,-0.10599,0.375462,0.00544944
5.51,3,0.217089,0.224008,-0.114954,-0.000216398,-0.00691889
5.51,4,-0.207246,-0.203934,-0.0914553,0.0192265,-0.00331264
5.51,5,-0.532352,-0.549126,0.276453,0.000934551,0.0167741
5.52,0,1.0403,1.02122,0.243054,0.0342725,0.0190859
5.52,1,0.35012,0.435638,-0.468238,-2.01599,-0.0855176
5.52,2,1.25888,1.25376,-0.099791,0.353059,0.00511591
5.52,3,0.215955,0.222859,-0.114909,-8.67456e-05,-0.00690321
5.52,4,-0.208253,-0.204815,-0.0855596,0.0152801,-0.00343746
5.52,5,-0.529572,-0.546362,0.276386,0.00103355,0.0167898
5.53,0,1.04272,1.02365,0.243298,0.0327886,0.019067
5.53,1,0.345133,0.430992,-0.461684,-2.04931,-0.0858592
5.53,2,1.25752,1.2528,-0.0941175,0.329932,0.00472325
5.53,3,0.214822,0.22171,-0.114822,1.06857e-05,-0.00688822
5.53,4,-0.209259,-0.205641,-0.0801698,0.011137,-0.00361849
5.53,5,-0.526792,-0.543599,0.276355,0.00112375,0.016806
5.54,0,1.04513,1.02608,0.243477,0.0314143,0.0190462
5.54,1,0.340146,0.426409,-0.455645,-2.0836,-0.0862635
5.54,2,1.25616,1.25189,-0.0889999,0.306307,0.00427689
5.54,3,0.213688,0.220562,-0.114703,7.86131e-05,-0.00687429
5.54,4,-0.210266,-0.206415,-0.0753138,0.00685296,-0.00385049
5.54,5,-0.524013,-0.540835,0.276355,0.0012055,0.0168224
5.55,0,1.04754,1.02852,0.243598,0.0301585,0.0190238
5.55,1,0.335158,0.421883,-0.450161,-2.11852,-0.0867251
5.55,2,1.2548,1.25102,-0.0844586,0.282393,0.00378252
5.55,3,0.212554,0.219416,-0.114561,0.000119903,-0.00686168
5.55,4,-0.211272,-0.207144,-0.0710099,0.00248068,-0.00412803
5.55,5,-0.521233,-0.538071,0.276379,0.00127924,0.0168386
5.56,0,1.04995,1.03095,0.243665,0.0290273,0.0190006
5.56,1,0.330171,0.417409,-0.445259,-2.15376,-0.0872384
5.56,2,1.25344,1.2502,-0.0805042,0.258387,0.00324595
5.56,3,0.211421,0.218271,-0.114405,0.000137465,-0.00685057
5.56,4,-0.212279,-0.207833,-0.067267,-0.00193074,-0.00444553
5.56,5,-0.518453,-0.535307,0.276422,0.00134542,0.0168544
5.57,0,1.05237,1.03339,0.243684,0.0280247,0.0189769
5.57,1,0.325183,0.412981,-0.440959,-2.18902,-0.0877975
5.57,2,1.25209,1.24941,-0.0771384,0.234469,0.00267308
5.57,3,0.210287,0.217128,-0.114241,0.000134167,-0.00684106
5.57,4,-0.213286,-0.208488,-0.0640858,-0.00633601,-0.00479736
5.57,5,-0.515673,-0.532543,0.276481,0.00140454,0.0168697
5.58,0,1.05478,1.03583,0.24366,0.027152,0.0189533
5.58,1,0.320196,0.408592,-0.43727,-2.22404,-0.0883961
5.58,2,1.25073,1.24866,-0.0743545,0.210802,0.00206976
5.58,3,0.209153,0.215987,-0.114075,0.000112775,-0.00683322
5.58,4,-0.214292,-0.209114,-0.0614592,-0.010694,-0.00517795
5.58,5,-0.512893,-0.529778,0.27655,0.00145706,0.0168844
5.59,0,1.05719,1.03826,0.243599,0.0264089,0.0189301
5.59,1,0.315208,0.404237,-0.434188,-2.25857,-0.0890283
5.59,2,1.24937,1.24793,-0.0721387,0.18753,0.00144174
5.59,3,0.20802,0.214847,-0.11391,7.59122e-05,-0.00682703
5.59,4,-0.215299,-0.209717,-0.0593734,-0.0149678,-0.00558181
5.59,5,-0.510113,-0.527012,0.276628,0.00150346,0.0168984
5.6,0,1.05961,1.0407,0.243506,0.0257934,0.0189078
5.6,1,0.310221,0.399909,-0.431706,-2.2924,-0.0896881
5.6,2,1.24801,1.24721,-0.0704705,0.164779,0.000794597
5.6,3,0.206886,0.213709,-0.113751,2.60245e-05,-0.00682246
5.6,4,-0.216305,-0.210302,-0.0578083,-0.019125,-0.00600365
5.6,5,-0.507333,-0.524245,0.276711,0.00154417,0.0169115
5.61,0,1.06202,1.04313,0.243386,0.0253019,0.0188865
5.61,1,0.305233,0.395603,-0.429807,-2.32536,-0.0903694
5.61,2,1.24665,1.24652,-0.069324,0.142658,0.000133661
5.61,3,0.205752,0.212572,-0.1136,-3.46331e-05,-0.00681944
5.61,4,-0.217312,-0.210873,-0.0567389,-0.0231377,-0.00643839
5.61,5,-0.504554,-0.521477,0.276797,0.0015796,0.0169238
5.62,0,1.06443,1.04557,0.243244,0.0249296,0.0188665
5.62,1,0.300246,0.391312,-0.428465,-2.35727,-0.0910666
5.62,2,1.24529,1.24583,-0.0686682,0.121256,-0.000536013
5.62,3,0.204619,0.211437,-0.113458,-0.000104006,-0.00681788
5.62,4,-0.218318,-0.211437,-0.0561356,-0.0269821,-0.00688124
5.62,5,-0.501774,-0.518709,0.276885,0.00161016,0.0169352
5.63,0,1.06685,1.048,0.243084,0.0246708,0.0188481
5.63,1,0.295258,0.387033,-0.427654,-2.38801,-0.0917743
5.63,2,1.24393,1.24514,-0.0684684,0.100646,-0.00120971
5.63,3,0.203485,0.210303,-0.113328,-0.000180243,-0.00681768
5.63,4,-0.219325,-0.211997,-0.055965,-0.0306392,-0.00732771
5.63,5,-0.498994,-0.51594,0.276974,0.0016362,0.0169457
5.64,0,1.06926,1.05043,0.242911,0.0245186,0.0188313
5.64,1,0.290271,0.382758,-0.427337,-2.41749,-0.0924874
5.64,2,1.24257,1.24446,-0.0686867,0.0808813,-0.00188307
5.64,3,0.202352,0.20917,-0.113209,-0.00026169,-0.00681872
5.64,4,-0.220331,-0.212558,-0.0561909,-0.0340939,-0.00777367
5.64,5,-0.496214,-0.513169,0.277062,0.00165807,0.0169553
5.65,0,1.07167,1.05286,0.242729,0.0244659,0.0188163
5.65,1,0.285283,0.378484,-0.427477,-2.44561,-0.0932011
5.65,2,1.24121,1.24377,-0.0692828,0.0620016,-0.00255213
5.65,3,0.201218,0.208039,-0.113103,-0.000346882,-0.00682087
5.65,4,-0.221338,-0.213123,-0.0567751,-0.0373354,-0.00821537
5.65,5,-0.493434,-0.510398,0.277148,0.0016761,0.0169641
5.66,0,1.07409,1.05528,0.242541,0.0245046,0.0188032
5.66,1,0.280296,0.374207,-0.428033,-2.47234,-0.0939111
5.66,2,1.23986,1.24307,-0.0702148,0.044029,-0.00321336
5.66,3,0.200084,0.206908,-0.113009,-0.000434538,-0.00682402
5.66,4,-0.222344,-0.213695,-0.0576777,-0.0403567,-0.00864945
5.66,5,-0.490654,-0.507626,0.277231,0.00169059,0.016972
5.67,0,1.0765,1.05771,0.242351,0.0246265,0.018792
5.67,1,0.275308,0.369922,-0.428962,-2.49765,-0.0946134
5.67,2,1.2385,1.24236,-0.07144,0.0269717,-0.00386361
5.67,3,0.198951,0.205779,-0.112928,-0.000523544,-0.00682803
5.67,4,-0.223351,-0.214278,-0.0588582,-0.0431544,-0.00907294
5.67,5,-0.487875,-0.504854,0.277312,0.00170185,0.0169791
5.68,0,1.07891,1.06013,0.242161,0.0248232,0.0187826
5.68,1,0.270321,0.365626,-0.430219,-2.52152,-0.0953046
5.68,2,1.23714,1.24164,-0.0729152,0.0108244,-0.0045002
5.68,3,0.197817,0.20465,-0.112858,-0.000612945,-0.0068328
5.68,4,-0.224358,-0.214874,-0.0602756,-0.0457285,-0.00948328
5.68,5,-0.485095,-0.50208,0.277389,0.00171015,0.0169854
5.69,0,1.08133,1.06255,0.241974,0.0250861,0.0187752
5.69,1,0.265333,0.361315,-0.43176,-2.54398,-0.0959816
5.69,2,1.23578,1.2409,-0.0745979,-0.00443009,-0.00512086
5.69,3,0.196683,0.203521,-0.1128,-0.000701928,-0.00683819
5.69,4,-0.225364,-0.215486,-0.0618897,-0.0480819,-0.00987834
5.69,5,-0.482315,-0.499306,0.277463,0.00171578,0.0169909
5.7,0,1.08374,1.06497,0.241792,0.0254066,0.0187696
5.7,1,0.260346,0.356988,-0.433539,-2.56506,-0.0966418
5.7,2,1.23442,1.24014,-0.0764462,-0.0188201,-0.00572375
5.7,3,0.19555,0.202394,-0.112752,-0.000789814,-0.00684412
5.7,4,-0.226371,-0.216114,-0.0636607,-0.0502205,-0.0102564
5.7,5,-0.479535,-0.496531,0.277533,0.00171899,0.0169958
5.71,0,1.08615,1.06739,0.241618,0.0257763,0.0187658
5.71,1,0.255359,0.352642,-0.435512,-2.58479,-0.0972832
5.71,2,1.23306,1.23937,-0.0784199,-0.0323835,-0.00630744
5.71,3,0.194416,0.201266,-0.112714,-0.000876045,-0.00685046
5.71,4,-0.227377,-0.216761,-0.0655506,-0.0521526,-0.010616
5.71,5,-0.476755,-0.493755,0.277599,0.00172004,0.0169999
5.72,0,1.08856,1.0698,0.241453,0.0261868,0.0187636
5.72,1,0.250371,0.348275,-0.437636,-2.60325,-0.097904
5.72,2,1.2317,1.23857,-0.0804803,-0.0451659,-0.00687088
5.72,3,0.193282,0.200139,-0.112685,-0.000960168,-0.00685714
5.72,4,-0.228384,-0.217427,-0.0675227,-0.0538885,-0.0109562
5.72,5,-0.473975,-0.490979,0.277661,0.00171918,0.0170035
5.73,0,1.09098,1.07221,0.241298,0.0266302,0.0187631
5.73,1,0.245384,0.343886,-0.43987,-2.62051,-0.0985029
5.73,2,1.23034,1.23776,-0.0825911,-0.0572201,-0.00741341
5.73,3,0.192149,0.199013,-0.112665,-0.00104183,-0.00686405
5.73,4,-0.22939,-0.218114,-0.0695428,-0.0554403,-0.0112765
5.73,5,-0.471195,-0.488202,0.277718,0.00171666,0.0170064
5.74,0,1.09339,1.07463,0.241155,0.0270988,0.0187641
5.74,1,0.240396,0.339475,-0.442175,-2.63664,-0.099079
5.74,2,1.22898,1.23692,-0.0847187,-0.0686042,-0.00793472
5.74,3,0.191015,0.197886,-0.112651,-0.00112077,-0.00687114
5.74,4,-0.230397,-0.21882,-0.0715789,-0.0568216,-0.0115764
5.74,5,-0.468416,-0.485424,0.277771,0.0017127,0.0170088
5.75,0,1.0958,1.07704,0.241023,0.0275853,0.0187664
5.75,1,0.235409,0.335041,-0.444514,-2.65173,-0.0996319
5.75,2,1.22763,1.23606,-0.0868318,-0.0793805,-0.0084348
5.75,3,0.189881,0.19676,-0.112644,-0.00119679,-0.00687832
5.75,4,-0.231403,-0.219547,-0.0736015,-0.0580472,-0.011856
5.75,5,-0.465636,-0.482646,0.277819,0.00170752,0.0170107
5.76,0,1.09822,1.07945,0.240905,0.0280829,0.0187699
5.76,1,0.230421,0.330583,-0.446854,-2.66589,-0.100161
5.76,2,1.22627,1.23518,-0.0889025,-0.089614,-0.00891397
5.76,3,0.188748,0.195633,-0.112643,-0.00126977,-0.00688555
5.76,4,-0.23241,-0.220294,-0.0755841,-0.0591326,-0.0121156
5.76,5,-0.462856,-0.479868,0.277863,0.00170135,0.0170121
5.77,0,1.10063,1.08186,0.2408,0.0285851,0.0187746
5.77,1,0.225434,0.326101,-0.449165,-2.67921,-0.100668
5.77,2,1.22491,1.23428,-0.0909057,-0.0993718,-0.00937277
5.77,3,0.187614,0.194507,-0.112646,-0.00133964,-0.00689275
5.77,4,-0.233416,-0.221061,-0.0775029,-0.0600939,-0.0123557
5.77,5,-0.460076,-0.477089,0.277903,0.00169439,0.0170131
5.78,0,1.10304,1.08426,0.240708,0.029086,0.0187803
5.78,1,0.220446,0.321597,-0.451418,-2.69178,-0.101151
5.78,2,1.22355,1.23336,-0.0928197,-0.108721,-0.00981202
5.78,3,0.18648,0.19338,-0.112654,-0.00140641,-0.0068999
5.78,4,-0.234423,-0.221846,-0.0793373,-0.0609475,-0.012577
5.78,5,-0.457296,-0.47431,0.277939,0.00168683,0.0170137
5.79,0,1.10546,1.08667,0.24063,0.0295804,0.0187868
5.79,1,0.215459,0.317071,-0.45359,-2.70372,-0.101612
5.79,2,1.22219,1.23242,-0.0946259,-0.11773,-0.0102327
5.79,3,0.185347,0.192254,-0.112666,-0.00147009,-0.00690695
5.79,4,-0.23543,-0.222649,-0.0810695,-0.0617098,-0.0127806
5.79,5,-0.454516,-0.47153,0.27797,0.00167886,0.017014
5.8,0,1.10787,1.08908,0.240565,0.0300632,0.018794
5.8,1,0.210471,0.312524,-0.45566,-2.71511,-0.102052
5.8,2,1.22083,1.23147,-0.0963088,-0.126463,-0.010636
5.8,3,0.184213,0.191127,-0.11268,-0.00153075,-0.00691387
5.8,4,-0.236436,-0.223469,-0.082685,-0.062397,-0.0129674
5.8,5,-0.451736,-0.46875,0.277998,0.00167064,0.017014
5.81,0,1.11028,1.09148,0.240513,0.0305301,0.0188017
5.81,1,0.205484,0.307956,-0.45761,-2.72606,-0.102472
5.81,2,1.21947,1.2305,-0.097856,-0.134984,-0.0110232
5.81,3,0.183079,0.19,-0.112696,-0.0015885,-0.00692063
5.81,4,-0.237443,-0.224304,-0.084172,-0.0630248,-0.0131388
5.81,5,-0.448957,-0.46597,0.278021,0.00166233,0.0170137
5.82,0,1.1127,1.09389,0.240474,0.0309774,0.01881
5.82,1,0.200496,0.30337,-0.459425,-2.73667,-0.102874
5.82,2,1.21811,1.22951,-0.0992582,-0.143355,-0.0113957
5.82,3,0.181946,0.188873,-0.112715,-0.00164345,-0.00692722
5.82,4,-0.238449,-0.225153,-0.0855214,-0.0636083,-0.0132961
5.82,5,-0.446177,-0.46319,0.278041,0.00165408,0.0170133
5.83,0,1.11511,1.09629,0.240446,0.0314018,0.0188185
5.83,1,0.195509,0.298766,-0.461095,-2.74701,-0.103257
5.83,2,1.21675,1.22851,-0.100509,-0.151634,-0.0117551
5.83,3,0.180812,0.187746,-0.112734,-0.00169573,-0.00693362
5.83,4,-0.239456,-0.226015,-0.0867272,-0.064162,-0.0134407
5.83,5,-0.443397,-0.460409,0.278057,0.00164603,0.0170126
5.84,0,1.11752,1.09869,0.24043,0.0318004,0.0188273
5.84,1,0.190521,0.294147,-0.462611,-2.75719,-0.103626
5.84,2,1.2154,1.2275,-0.101605,-0.159872,-0.0121027
5.84,3,0.179679,0.186618,-0.112754,-0.00174551,-0.00693982
5.84,4,-0.240462,-0.226888,-0.0877858,-0.0646994,-0.013574
5.84,5,-0.440617,-0.457629,0.27807,0.00163829,0.0170118
5.85,0,1.11994,1.1011,0.240425,0.0321711,0.0188362
5.85,1,0.185534,0.289513,-0.463969,-2.76727,-0.103979
5.85,2,1.21404,1.22648,-0.102544,-0.168121,-0.0124403
5.85,3,0.178545,0.185491,-0.112775,-0.00179293,-0.00694581
5.85,4,-0.241469,-0.227771,-0.0886958,-0.0652329,-0.0136976
5.85,5,-0.437837,-0.454848,0.278079,0.00163096,0.0170109
5.86,0,1.12235,1.1035,0.24043,0.032512,0.018845
5.86,1,0.180547,0.284867,-0.465164,-2.77732,-0.10432
5.86,2,1.21268,1.22545,-0.103328,-0.176424,-0.0127693
5.86,3,0.177411,0.184363,-0.112796,-0.00183817,-0.00695159
5.86,4,-0.242475,-0.228662,-0.0894582,-0.0657739,-0.0138129
5.86,5,-0.435057,-0.452067,0.278086,0.00162414,0.01701
5.87,0,1.12476,1.10591,0.240443,0.0328217,0.0188538
5.87,1,0.175559,0.280209,-0.466198,-2.78742,-0.10465
5.87,2,1.21132,1.22441,-0.10396,-0.184822,-0.0130914
5.87,3,0.176278,0.183235,-0.112817,-0.00188139,-0.00695717
5.87,4,-0.243482,-0.229561,-0.0900758,-0.0663326,-0.0139213
5.87,5,-0.432277,-0.449286,0.278089,0.00161792,0.0170089
5.88,0,1.12717,1.10831,0.240465,0.0330995,0.0188624
5.88,1,0.170572,0.275542,-0.467072,-2.79762,-0.104971
5.88,2,1.20996,1.22337,-0.104444,-0.193349,-0.0134079
5.88,3,0.175144,0.182106,-0.112838,-0.00192275,-0.00696253
5.88,4,-0.244488,-0.230464,-0.0905535,-0.0669182,-0.0140244
5.88,5,-0.429498,-0.446505,0.278091,0.00161235,0.0170079
5.89,0,1.12959,1.11072,0.240494,0.0333448,0.0188707
5.89,1,0.165584,0.270868,-0.46779,-2.80797,-0.105284
5.89,2,1.2086,1.22232,-0.104788,-0.202036,-0.0137204
5.89,3,0.17401,0.180978,-0.112858,-0.00196242,-0.0069677
5.89,4,-0.245495,-0.231372,-0.0908972,-0.0675384,-0.0141234
5.89,5,-0.426718,-0.443725,0.278089,0.0016075,0.0170069
5.9,0,1.132,1.11312,0.24053,0.0335576,0.0188787
5.9,1,0.160597,0.266187,-0.468358,-2.81852,-0.10559
5.9,2,1.20724,1.22127,-0.104999,-0.210906,-0.0140302
5.9,3,0.172877,0.179849,-0.112877,-0.00200054,-0.00697267
5.9,4,-0.246502,-0.232282,-0.0911147,-0.0681999,-0.0142197
5.9,5,-0.423938,-0.440944,0.278086,0.0016034,0.0170058
5.91,0,1.13441,1.11553,0.240571,0.0337382,0.0188863
5.91,1,0.155609,0.261501,-0.468784,-2.8293,-0.105891
5.91,2,1.20588,1.22022,-0.105087,-0.219981,-0.0143385
5.91,3,0.171743,0.17872,-0.112895,-0.00203726,-0.00697745
5.91,4,-0.247508,-0.233194,-0.0912144,-0.0689081,-0.0143144
5.91,5,-0.421158,-0.438163,0.278081,0.00160008,0.0170049
5.92,0,1.13683,1.11793,0.240617,0.033887,0.0188935
5.92,1,0.150622,0.256811,-0.469076,-2.84034,-0.106189
5.92,2,1.20452,1.21917,-0.105061,-0.229275,-0.0146466
5.92,3,0.170609,0.177591,-0.112913,-0.00207272,-0.00698205
5.92,4,-0.248515,-0.234106,-0.0912058,-0.0696672,-0.0144088
5.92,5,-0.418378,-0.435382,0.278074,0.00159758,0.0170039
5.93,0,1.13924,1.12034,0.240667,0.0340051,0.0189002
5.93,1,0.145634,0.252119,-0.469244,-2.85167,-0.106485
5.93,2,1.20316,1.21812,-0.104933,-0.2388,-0.0149555
5.93,3,0.169476,0.176462,-0.11293,-0.00210705,-0.00698648
5.93,4,-0.249521,-0.235017,-0.0910991,-0.0704806,-0.0145038
5.93,5,-0.415598,-0.432601,0.278066,0.00159589,0.0170031
5.94,0,1.14165,1.12275,0.24072,0.0340936,0.0189063
5.94,1,0.140647,0.247426,-0.469298,-2.86329,-0.10678
5.94,2,1.20181,1.21707,-0.104713,-0.248562,-0.0152663
5.94,3,0.168342,0.175333,-0.112945,-0.00214036,-0.00699075
5.94,4,-0.250528,-0.235927,-0.0909048,-0.0713502,-0.0146003
5.94,5,-0.412818,-0.429821,0.278056,0.00159501,0.0170024
5.95,0,1.14407,1.12515,0.240775,0.0341539,0.018912
5.95,1,0.135659,0.242734,-0.46925,-2.87522,-0.107074
5.95,2,1.20045,1.21603,-0.104413,-0.258563,-0.0155796
5.95,3,0.167208,0.174203,-0.11296,-0.00217277,-0.00699486
5.95,4,-0.251534,-0.236835,-0.0906338,-0.0722771,-0.0146993
5.95,5,-0.410039,-0.42704,0.278045,0.00159495,0.0170017
5.96,0,1.14648,1.12756,0.240831,0.0341875,0.018917
5.96,1,0.130672,0.238042,-0.469112,-2.88746,-0.10737
5.96,2,1.19909,1.21498,-0.104044,-0.268804,-0.0158964
5.96,3,0.166075,0.173074,-0.112973,-0.00220436,-0.00699884
5.96,4,-0.252541,-0.23774,-0.0902969,-0.0732616,-0.0148013
5.96,5,-0.407259,-0.42426,0.278034,0.00159568,0.0170012
5.97,0,1.14889,1.12997,0.240889,0.0341962,0.0189216
5.97,1,0.125684,0.233352,-0.468895,-2.90001,-0.107667
5.97,2,1.19773,1.21395,-0.103618,-0.279279,-0.0162172
5.97,3,0.164941,0.171944,-0.112986,-0.00223523,-0.00700269
5.97,4,-0.253547,-0.23864,-0.0899051,-0.0743031,-0.014907
5.97,5,-0.404479,-0.42148,0.278022,0.00159717,0.0170008
5.98,0,1.15131,1.13238,0.240946,0.0341819,0.0189255
5.98,1,0.120697,0.228664,-0.468611,-2.91286,-0.107967
5.98,2,1.19637,1.21291,-0.103147,-0.289981,-0.0165425
5.98,3,0.163807,0.170814,-0.112998,-0.00226545,-0.00700641
5.98,4,-0.254554,-0.239537,-0.089469,-0.0754,-0.0150168
5.98,5,-0.401699,-0.418699,0.27801,0.0015994,0.0170005
5.99,0,1.15372,1.13479,0.241002,0.0341465,0.0189288
5.99,1,0.115709,0.22398,-0.468272,-2.92601,-0.108271
5.99,2,1.19501,1.21188,-0.10264,-0.300901,-0.0168727
5.99,3,0.162674,0.169684,-0.113009,-0.00229509,-0.00701003
5.99,4,-0.25556,-0.240429,-0.088999,-0.0765503,-0.0151312
5.99,5,-0.398919,-0.415919,0.277997,0.00160233,0.0170003
6,0,1.15613,1.1372,0.241058,0.0340922,0.0189316
6,1,0.110722,0.219299,-0.46789,-2.93943,-0.108577
6,2,1.19365,1.21086,-0.102108,-0.312026,-0.0172081
6,3,0.16154,0.168554,-0.113019,-0.00232422,-0.00701354
6,4,-0.256567,-0.241316,-0.0885048,-0.0777515,-0.0152505
6,5,-0.396139,-0.413139,0.277984,0.00160591,0.0170002
6.01,0,1.15855,1.13961,0.241112,0.0340209,0.0189339
6.01,1,0.105734,0.214623,-0.467475,-2.9531,-0.108888
6.01,2,1.19229,1.20984,-0.101562,-0.323343,-0.0175489
6.01,3,0.160406,0.167423,-0.113028,-0.00235288,-0.00701695
6.01,4,-0.257574,-0.242199,-0.0879959,-0.0790002,-0.0153748
6.01,5,-0.393359,-0.41036,0.277972,0.0016101,0.0170003
6.02,0,1.16096,1.14202,0.241163,0.0339349,0.0189356
6.02,1,0.100747,0.20995,-0.467039,-2.96702,-0.109203
6.02,2,1.19093,1.20883,-0.101011,-0.334837,-0.0178953
6.02,3,0.159273,0.166293,-0.113036,-0.00238113,-0.00702028
6.02,4,-0.25858,-0.243076,-0.0874809,-0.0802931,-0.0155042
6.02,5,-0.39058,-0.40758,0.277959,0.00161485,0.0170005
6.03,0,1.16337,1.14443,0.241213,0.0338362,0.0189369
6.03,1,0.0957595,0.205282,-0.46659,-2.98114,-0.109523
6.03,2,1.18958,1.20782,-0.100461,-0.34649,-0.0182471
6.03,3,0.158139,0.165163,-0.113044,-0.002409,-0.00702353
6.03,4,-0.259587,-0.243948,-0.0869678,-0.0816261,-0.0156388
6.03,5,-0.3878,-0.404801,0.277947,0.00162011,0.0170009
6.04,0,1.16578,1.14685,0.241259,0.0337269,0.0189376
6.04,1,0.0907721,0.200619,-0.466139,-2.99546,-0.109847
6.04,2,1.18822,1.20682,-0.0999228,-0.358286,-0.0186044
6.04,3,0.157005,0.164032,-0.113051,-0.00243652,-0.0070267
6.04,4,-0.260593,-0.244815,-0.0864639,-0.0829953,-0.0157784
6.04,5,-0.38502,-0.402021,0.277936,0.00162582,0.0170013
6.05,0,1.1682,1.14926,0.241302,0.033609,0.0189379
6.05,1,0.0857846,0.19596,-0.465694,-3.00994,-0.110175
6.05,2,1.18686,1.20582,-0.0994013,-0.370206,-0.0189669
6.05,3,0.155872,0.162902,-0.113057,-0.00246373,-0.00702981
6.05,4,-0.2616,-0.245677,-0.0859757,-0.0843962,-0.015923
6.05,5,-0.38224,-0.399242,0.277925,0.00163192,0.0170019
6.06,0,1.17061,1.15167,0.241342,0.0334844,0.0189378
6.06,1,0.0807971,0.191306,-0.465263,-3.02455,-0.110508
6.06,2,1.1855,1.20483,-0.098903,-0.382232,-0.0193346
6.06,3,0.154738,0.161771,-0.113063,-0.00249064,-0.00703285
6.06,4,-0.262606,-0.246534,-0.0855089,-0.0858246,-0.0160724
6.06,5,-0.37946,-0.396463,0.277914,0.00163837,0.0170025
6.07,0,1.17302,1.15409,0.241379,0.033355,0.0189373
6.07,1,0.0758097,0.186655,-0.464851,-3.03927,-0.110846
6.07,2,1.18414,1.20385,-0.0984331,-0.394347,-0.0197071
6.07,3,0.153605,0.16064,-0.113069,-0.00251728,-0.00703584
6.07,4,-0.263613,-0.247387,-0.0850685,-0.0872761,-0.0162263
6.07,5,-0.37668,-0.393684,0.277905,0.00164509,0.0170033
6.08,0,1.17544,1.1565,0.241412,0.0332226,0.0189365
6.08,1,0.0708222,0.182009,-0.464466,-3.05407,-0.111187
6.08,2,1.18278,1.20287,-0.0979958,-0.406532,-0.0200841
6.08,3,0.152471,0.15951,-0.113074,-0.00254367,-0.00703878
6.08,4,-0.264619,-0.248235,-0.0846585,-0.0887462,-0.0163844
6.08,5,-0.3739,-0.390905,0.277896,0.00165205,0.0170042
6.09,0,1.17785,1.15892,0.241441,0.0330887,0.0189353
6.09,1,0.0658347,0.177366,-0.464113,-3.06892,-0.111531
6.09,2,1.18142,1.20189,-0.0975947,-0.41877,-0.0204653
6.09,3,0.151337,0.158379,-0.113078,-0.0025698,-0.00704167
6.09,4,-0.265626,-0.249079,-0.0842824,-0.0902307,-0.0165465
6.09,5,-0.371121,-0.388126,0.277888,0.00165918,0.0170051
6.1,0,1.18026,1.16133,0.241467,0.0329548,0.0189339
6.1,1,0.0608473,0.172727,-0.463795,-3.0838,-0.11188
6.1,2,1.18006,1.20091,-0.0972326,-0.431044,-0.0208503
6.1,3,0.150204,0.157248,-0.113082,-0.00259571,-0.00704452
6.1,4,-0.266632,-0.24992,-0.0839427,-0.0917255,-0.0167121
6.1,5,-0.368341,-0.385347,0.277881,0.00166643,0.0170061
6.11,0,1.18268,1.16374,0.241489,0.0328222,0.0189322
6.11,1,0.0558598,0.16809,-0.463516,-3.09867,-0.112231
6.11,2,1.1787,1.19994,-0.0969113,-0.443339,-0.0212387
6.11,3,0.14907,0.156117,-0.113086,-0.00262138,-0.00704732
6.11,4,-0.267639,-0.250758,-0.0836414,-0.0932266,-0.0168809
6.11,5,-0.365561,-0.382568,0.277874,0.00167376,0.0170072
6.12,0,1.18509,1.16616,0.241507,0.0326923,0.0189304
6.12,1,0.0508723,0.163457,-0.463279,-3.11353,-0.112584
6.12,2,1.17735,1.19898,-0.0966321,-0.455638,-0.0216301
6.12,3,0.147936,0.154986,-0.11309,-0.00264683,-0.00705009
6.12,4,-0.268646,-0.251593,-0.0833796,-0.0947303,-0.0170525
6.12,5,-0.362781,-0.379789,0.277869,0.00168111,0.0170084
6.13,0,1.1875,1.16857,0.241523,0.032566,0.0189283
6.13,1,0.0458848,0.158825,-0.463086,-3.12834,-0.11294
6.13,2,1.17599,1.19801,-0.0963956,-0.467929,-0.022024
6.13,3,0.146803,0.153855,-0.113094,-0.00267206,-0.00705282
6.13,4,-0.269652,-0.252426,-0.083158,-0.0962332,-0.0172265
6.13,5,-0.360001,-0.377011,0.277864,0.00168845,0.0170095
6.14,0,1.18992,1.17099,0.241534,0.0324442,0.0189262
6.14,1,0.0408974,0.154195,-0.462937,-3.14309,-0.113297
6.14,2,1.17463,1.19705,-0.0962017,-0.480199,-0.0224201
6.14,3,0.145669,0.152724,-0.113097,-0.00269706,-0.00705552
6.14,4,-0.270659,-0.253256,-0.0829765,-0.0977319,-0.0174025
6.14,5,-0.357221,-0.374232,0.277861,0.00169574,0.0170108
6.15,0,1.19233,1.17341,0.241543,0.0323277,0.0189239
6.15,1,0.0359099,0.149566,-0.462833,-3.15775,-0.113656
6.15,2,1.17327,1.19609,-0.0960499,-0.492435,-0.0228178
6.15,3,0.144535,0.151594,-0.1131,-0.00272183,-0.00705818
6.15,4,-0.271665,-0.254085,-0.0828346,-0.0992236,-0.0175801
6.15,5,-0.354441,-0.371453,0.277858,0.00170294,0.017012
6.16,0,1.19474,1.17582,0.241549,0.0322171,0.0189216
6.16,1,0.0309224,0.144938,-0.462773,-3.17231,-0.114016
6.16,2,1.17191,1.19513,-0.0959391,-0.504629,-0.0232169
6.16,3,0.143402,0.150462,-0.113103,-0.00274637,-0.00706082
6.16,4,-0.272672,-0.254913,-0.0827312,-0.100706,-0.0177589
6.16,5,-0.351662,-0.368675,0.277856,0.00171001,0.0170133
6.17,0,1.19716,1.17824,0.241552,0.0321128,0.0189192
6.17,1,0.025935,0.140311,-0.462758,-3.18675,-0.114376
6.17,2,1.17055,1.19417,-0.0958676,-0.51677,-0.0236169
6.17,3,0.142268,0.149331,-0.113106,-0.00277067,-0.00706342
6.17,4,-0.273678,-0.25574,-0.082665,-0.102176,-0.0179385
6.17,5,-0.348882,-0.365896,0.277854,0.00171694,0.0170146
6.18,0,1.19957,1.18065,0.241553,0.0320152,0.0189168
6.18,1,0.0209475,0.135683,-0.462785,-3.20106,-0.114735
6.18,2,1.16919,1.19321,-0.0958337,-0.528852,-0.0240173
6.18,3,0.141134,0.1482,-0.113109,-0.00279472,-0.007066
6.18,4,-0.274685,-0.256566,-0.0826341,-0.103632,-0.0181186
6.18,5,-0.346102,-0.363118,0.277854,0.00172369,0.017016
6.19,0,1.20198,1.18307,0.241551,0.0319245,0.0189144
6.19,1,0.01596,0.131055,-0.462853,-3.21523,-0.115095
6.19,2,1.16783,1.19225,-0.0958351,-0.540867,-0.0244179
6.19,3,0.140001,0.147069,-0.113112,-0.0028185,-0.00706855
6.19,4,-0.275691,-0.257392,-0.0826364,-0.105073,-0.0182988
6.19,5,-0.343322,-0.360339,0.277854,0.00173025,0.0170173
6.2,0,1.20439,1.18548,0.241548,0.0318406,0.0189121
6.2,1,0.0109726,0.126426,-0.46296,-3.22924,-0.115453
6.2,2,1.16647,1.19129,-0.0958692,-0.552811,-0.0248183
6.2,3,0.138867,0.145938,-0.113114,-0.00284201,-0.00707107
6.2,4,-0.276698,-0.258219,-0.0826696,-0.106496,-0.0184789
6.2,5,-0.340542,-0.357561,0.277855,0.0017366,0.0170186
6.21,0,1.20681,1.1879,0.241542,0.0317635,0.0189098
6.21,1,0.0059851,0.121795,-0.463102,-3.2431,-0.11581
6.21,2,1.16512,1.19033,-0.0959333,-0.56468,-0.0252182
6.21,3,0.137733,0.144807,-0.113117,-0.00286522,-0.00707356
6.21,4,-0.277704,-0.259046,-0.0827311,-0.107902,-0.0186584
6.21,5,-0.337762,-0.354782,0.277856,0.00174273,0.0170199
6.22,0,1.20922,1.19031,0.241536,0.0316931,0.0189075
6.22,1,0.000997628,0.117163,-0.463279,-3.25679,-0.116166
6.22,2,1.16376,1.18937,-0.0960247,-0.57647,-0.0256173
6.22,3,0.1366,0.143676,-0.11312,-0.00288813,-0.00707602
6.22,4,-0.278711,-0.259874,-0.0828182,-0.109288,-0.0188372
6.22,5,-0.334982,-0.352004,0.277858,0.00174863,0.0170212
6.23,0,1.21163,1.19273,0.241528,0.0316291,0.0189053
6.23,1,-0.00398984,0.112529,-0.463486,-3.27031,-0.116519
6.23,2,1.1624,1.18841,-0.0961403,-0.58818,-0.0260154
6.23,3,0.135466,0.142545,-0.113123,-0.00291071,-0.00707845
6.23,4,-0.279718,-0.260703,-0.0829281,-0.110656,-0.019015
6.23,5,-0.332203,-0.349225,0.27786,0.0017543,0.0170225
6.24,0,1.21405,1.19514,0.241519,0.031571,0.0189032
6.24,1,-0.00897731,0.107893,-0.463721,-3.28366,-0.116871
6.24,2,1.16104,1.18745,-0.0962771,-0.59981,-0.0264121
6.24,3,0.134332,0.141413,-0.113126,-0.00293294,-0.00708086
6.24,4,-0.280724,-0.261533,-0.0830579,-0.112003,-0.0191915
6.24,5,-0.329423,-0.346446,0.277863,0.00175973,0.0170237
6.25,0,1.21646,1.19756,0.24151,0.0315185,0.0189012
6.25,1,-0.0139648,0.103255,-0.46398,-3.29683,-0.117219
6.25,2,1.15968,1.18649,-0.0964322,-0.611359,-0.0268074
6.25,3,0.133199,0.140282,-0.113129,-0.0029548,-0.00708323
6.25,4,-0.281731,-0.262364,-0.0832048,-0.113331,-0.0193667
6.25,5,-0.326643,-0.343668,0.277865,0.00176493,0.0170249
6.26,0,1.21887,1.19997,0.2415,0.0314711,0.0188993
6.26,1,-0.0189522,0.0986133,-0.464261,-3.30984,-0.117566
6.26,2,1.15832,1.18552,-0.0966026,-0.622828,-0.0272011
6.26,3,0.132065,0.139151,-0.113132,-0.00297628,-0.00708557
6.26,4,-0.282737,-0.263197,-0.083366,-0.114639,-0.0195403
6.26,5,-0.323863,-0.340889,0.277869,0.0017699,0.0170261
6.27,0,1.22129,1.20239,0.24149,0.0314282,0.0188975
6.27,1,-0.0239397,0.093969,-0.464559,-3.32267,-0.117909
6.27,2,1.15696,1.18455,-0.0967853,-0.63422,-0.027593
6.27,3,0.130932,0.138019,-0.113136,-0.00299733,-0.00708788
6.27,4,-0.283744,-0.264031,-0.0835387,-0.115929,-0.0197123
6.27,5,-0.321083,-0.33811,0.277872,0.00177465,0.0170273
6.28,0,1.2237,1.2048,0.241481,0.0313891,0.0188958
6.28,1,-0.0289272,0.0893217,-0.464873,-3.33534,-0.118249
6.28,2,1.1556,1.18359,-0.0969776,-0.645535,-0.027983
6.28,3,0.129798,0.136888,-0.113139,-0.00301795,-0.00709016
6.28,4,-0.28475,-0.264868,-0.0837203,-0.117199,-0.0198824
6.28,5,-0.318303,-0.335332,0.277876,0.00177919,0.0170284
6.29,0,1.22611,1.20722,0.241471,0.0313533,0.0188942
6.29,1,-0.0339147,0.0846712,-0.465199,-3.34784,-0.118586
6.29,2,1.15424,1.18261,-0.0971768,-0.656779,-0.0283711
6.29,3,0.128664,0.135757,-0.113143,-0.0030381,-0.00709239
6.29,4,-0.285757,-0.265706,-0.0839082,-0.118452,-0.0200507
6.29,5,-0.315523,-0.332553,0.277879,0.00178352,0.0170294
6.3,0,1.22853,1.20963,0.241462,0.03132,0.0188926
6.3,1,-0.0389021,0.0800174,-0.465534,-3.36018,-0.11892
6.3,2,1.15288,1.18164,-0.0973805,-0.667952,-0.0287571
6.3,3,0.127531,0.134625,-0.113147,-0.00305775,-0.00709459
6.3,4,-0.286763,-0.266546,-0.0841,-0.119687,-0.0202171
6.3,5,-0.312744,-0.329774,0.277883,0.00178767,0.0170305
6.31,0,1.23094,1.21205,0.241453,0.0312886,0.0188912
6.31,1,-0.0438896,0.0753602,-0.465875,-3.37237,-0.11925
6.31,2,1.15153,1.18067,-0.0975862,-0.67906,-0.0291411
6.31,3,0.126397,0.133494,-0.113151,-0.00307689,-0.00709675
6.31,4,-0.28777,-0.267388,-0.0842937,-0.120906,-0.0203816
6.31,5,-0.309964,-0.326995,0.277886,0.00179163,0.0170315
6.32,0,1.23335,1.21446,0.241445,0.0312584,0.0188898
6.32,1,-0.0488771,0.0706995,-0.466219,-3.38441,-0.119577
6.32,2,1.15017,1.17969,-0.097792,-0.690106,-0.029523
6.32,3,0.125263,0.132362,-0.113155,-0.00309548,-0.00709887
6.32,4,-0.288776,-0.268232,-0.084487,-0.12211,-0.0205442
6.32,5,-0.307184,-0.324216,0.27789,0.00179544,0.0170325
6.33,0,1.23577,1.21688,0.241438,0.0312287,0.0188886
6.33,1,-0.0538645,0.0660354,-0.466566,-3.3963,-0.1199
6.33,2,1.14881,1.17871,-0.0979958,-0.701095,-0.0299029
6.33,3,0.12413,0.131231,-0.11316,-0.00311351,-0.00710094
6.33,4,-0.289783,-0.269078,-0.0846782,-0.123299,-0.0207048
6.33,5,-0.304404,-0.321437,0.277893,0.00179909,0.0170334
6.34,0,1.23818,1.21929,0.241432,0.0311988,0.0188874
6.34,1,-0.058852,0.0613679,-0.466911,-3.40806,-0.12022
6.34,2,1.14745,1.17773,-0.0981959,-0.71203,-0.0302807
6.34,3,0.122996,0.130099,-0.113165,-0.00313093,-0.00710297
6.34,4,-0.29079,-0.269926,-0.0848656,-0.124475,-0.0208635
6.34,5,-0.301624,-0.318658,0.277897,0.00180262,0.0170343
6.35,0,1.24059,1.22171,0.241427,0.0311681,0.0188862
6.35,1,-0.0638395,0.0566969,-0.467253,-3.41969,-0.120536
6.35,2,1.14609,1.17675,-0.0983909,-0.722917,-0.0306566
6.35,3,0.121862,0.128967,-0.11317,-0.00314773,-0.00710495
6.35,4,-0.291796,-0.270776,-0.0850479,-0.125639,-0.0210204
6.35,5,-0.298844,-0.315879,0.2779,0.00180603,0.0170352
6.36,0,1.24301,1.22412,0.241423,0.0311358,0.0188851
6.36,1,-0.0688269,0.0520225,-0.467591,-3.4312,-0.120849
6.36,2,1.14473,1.17576,-0.0985794,-0.733759,-0.0310306
6.36,3,0.120729,0.127836,-0.113175,-0.00316388,-0.00710687
6.36,4,-0.292803,-0.271627,-0.0852237,-0.126792,-0.0211755
6.36,5,-0.296064,-0.3131,0.277903,0.00180933,0.017036
6.37,0,1.24542,1.22653,0.24142,0.0311015,0.018884
6.37,1,-0.0738144,0.0473447,-0.467923,-3.4426,-0.121159
6.37,2,1.14337,1.17478,-0.0987605,-0.74456,-0.0314027
6.37,3,0.119595,0.126704,-0.11318,-0.00317935,-0.00710875
6.37,4,-0.293809,-0.27248,-0.0853921,-0.127935,-0.0213289
6.37,5,-0.293285,-0.310321,0.277906,0.00181256,0.0170368
6.38,0,1.24783,1.22895,0.241418,0.0310646,0.018883
6.38,1,-0.0788019,0.0426637,-0.468247,-3.45388,-0.121466
6.38,2,1.14201,1.17379,-0.0989332,-0.755325,-0.0317731
6.38,3,0.118461,0.125572,-0.113186,-0.00319412,-0.00711057
6.38,4,-0.294816,-0.273335,-0.0855522,-0.129069,-0.0214806
6.38,5,-0.290505,-0.307542,0.277908,0.00181572,0.0170376
6.39,0,1.25024,1.23136,0.241417,0.0310245,0.0188819
6.39,1,-0.0837893,0.0379795,-0.468563,-3.46506,-0.121769
6.39,2,1.14065,1.1728,-0.0990969,-0.766058,-0.0321417
6.39,3,0.117328,0.12444,-0.113192,-0.00320817,-0.00711233
6.39,4,-0.295822,-0.274191,-0.0857034,-0.130195,-0.0216308
6.39,5,-0.287725,-0.304763,0.277911,0.00181882,0.0170384
6.4,0,1.25266,1.23378,0.241418,0.0309808,0.0188809
6.4,1,-0.0887768,0.0332922,-0.46887,-3.47615,-0.122069
6.4,2,1.1393,1.1718,-0.0992511,-0.776762,-0.0325088
6.4,3,0.116194,0.123308,-0.113198,-0.00322148,-0.00711402
6.4,4,-0.296829,-0.275049,-0.0858453,-0.131313,-0.0217795
6.4,5,-0.284945,-0.301984,0.277913,0.00182188,0.0170391
6.41,0,1.25507,1.23619,0.24142,0.0309329,0.0188798
6.41,1,-0.0937643,0.0286018,-0.469167,-3.48714,-0.122366
6.41,2,1.13794,1.17081,-0.0993957,-0.787441,-0.0328744
6.41,3,0.11506,0.122176,-0.113204,-0.00323401,-0.00711566
6.41,4,-0.297835,-0.275908,-0.0859776,-0.132426,-0.0219269
6.41,5,-0.282165,-0.299205,0.277915,0.00182491,0.0170399
6.42,0,1.25748,1.23861,0.241423,0.0308806,0.0188787
6.42,1,-0.0987517,0.0239086,-0.469454,-3.49805,-0.12266
6.42,2,1.13658,1.16982,-0.0995304,-0.798098,-0.0332386
6.42,3,0.113927,0.121044,-0.113211,-0.00324577,-0.00711723
6.42,4,-0.298842,-0.276769,-0.0861001,-0.133534,-0.022073
6.42,5,-0.279385,-0.296426,0.277916,0.00182793,0.0170406
6.43,0,1.2599,1.24102,0.241427,0.0308234,0.0188776
6.43,1,-0.103739,0.0192125,-0.469729,-3.50888,-0.122952
6.43,2,1.13522,1.16882,-0.0996553,-0.808736,-0.0336016
6.43,3,0.112793,0.119912,-0.113218,-0.00325671,-0.00711874
6.43,4,-0.299848,-0.277631,-0.086213,-0.134636,-0.0222179
6.43,5,-0.276605,-0.293647,0.277918,0.00183094,0.0170412
6.44,0,1.26231,1.24343,0.241432,0.0307612,0.0188765
6.44,1,-0.108727,0.0145137,-0.469995,-3.51963,-0.12324
6.44,2,1.13386,1.16782,-0.0997706,-0.819357,-0.0339633
6.44,3,0.111659,0.11878,-0.113225,-0.00326684,-0.00712017
6.44,4,-0.300855,-0.278493,-0.0863163,-0.135736,-0.0223617
6.44,5,-0.273826,-0.290867,0.277919,0.00183396,0.0170419
6.45,0,1.26472,1.24585,0.241439,0.0306936,0.0188752
6.45,1,-0.113714,0.00981239,-0.470249,-3.53031,-0.123527
6.45,2,1.1325,1.16683,-0.0998767,-0.829963,-0.0343239
6.45,3,0.110526,0.117647,-0.113232,-0.00327613,-0.00712154
6.45,4,-0.301862,-0.279357,-0.0864105,-0.136831,-0.0225046
6.45,5,-0.271046,-0.288088,0.27792,0.00183699,0.0170426
6.46,0,1.26714,1.24826,0.241446,0.0306205,0.0188739
6.46,1,-0.118702,0.00510855,-0.470494,-3.54093,-0.12381
6.46,2,1.13114,1.16583,-0.0999739,-0.840557,-0.0346835
6.46,3,0.109392,0.116515,-0.113239,-0.00328457,-0.00712283
6.46,4,-0.302868,-0.280222,-0.0864958,-0.137924,-0.0226465
6.46,5,-0.268266,-0.285309,0.27792,0.00184004,0.0170432
6.47,0,1.26955,1.25068,0.241454,0.0305416,0.0188726
6.47,1,-0.123689,0.000402314,-0.470728,-3.55147,-0.124091
6.47,2,1.12978,1.16483,-0.100063,-0.85114,-0.0350422
6.47,3,0.108258,0.115383,-0.113247,-0.00329215,-0.00712404
6.47,4,-0.303875,-0.281087,-0.0865728,-0.139015,-0.0227877
6.47,5,-0.265486,-0.28253,0.277921,0.00184313,0.0170439
6.48,0,1.27196,1.25309,0.241463,0.030457,0.0188711
6.48,1,-0.128677,-0.00430621,-0.470953,-3.56195,-0.12437
6.48,2,1.12842,1.16382,-0.100144,-0.861713,-0.0354
6.48,3,0.107125,0.11425,-0.113255,-0.00329885,-0.00712518
6.48,4,-0.304881,-0.281953,-0.086642,-0.140104,-0.0229281
6.48,5,-0.262706,-0.279751,0.277921,0.00184624,0.0170445
6.49,0,1.27438,1.25551,0.241472,0.0303665,0.0188696
6.49,1,-0.133664,-0.00901694,-0.471169,-3.57238,-0.124647
6.49,2,1.12707,1.16282,-0.100218,-0.872276,-0.0357571
6.49,3,0.105991,0.113117,-0.113263,-0.00330466,-0.00712624
6.49,4,-0.305888,-0.28282,-0.0867041,-0.141191,-0.0230679
6.49,5,-0.259926,-0.276971,0.277922,0.00184939,0.0170452
6.5,0,1.27679,1.25792,0.241482,0.0302702,0.0188679
6.5,1,-0.138651,-0.0137298,-0.471377,-3.58274,-0.124922
6.5,2,1.12571,1.16182,-0.100286,-0.882831,-0.0361134
6.5,3,0.104858,0.111985,-0.113271,-0.00330958,-0.00712721
6.5,4,-0.306894,-0.283687,-0.0867597,-0.142277,-0.0232071
6.5,5,-0.257146,-0.274192,0.277922,0.00185259,0.0170458
6.51,0,1.2792,1.26034,0.241493,0.030168,0.0188662
6.51,1,-0.143639,-0.0184447,-0.471577,-3.59304,-0.125194
6.51,2,1.12435,1.16082,-0.100348,-0.893378,-0.0364691
6.51,3,0.103724,0.110852,-0.113279,-0.0033136,-0.00712811
6.51,4,-0.307901,-0.284555,-0.0868096,-0.143361,-0.0233458
6.51,5,-0.254367,-0.271413,0.277921,0.00185582,0.0170465
6.52,0,1.28162,1.26275,0.241504,0.03006,0.0188643
6.52,1,-0.148626,-0.0231615,-0.471771,-3.60328,-0.125465
6.52,2,1.12299,1.15981,-0.100406,-0.903916,-0.0368243
6.52,3,0.10259,0.109719,-0.113288,-0.00331672,-0.00712892
6.52,4,-0.308907,-0.285423,-0.0868545,-0.144444,-0.023484
6.52,5,-0.251587,-0.268634,0.277921,0.0018591,0.0170471
6.53,0,1.28403,1.26517,0.241516,0.0299463,0.0188623
6.53,1,-0.153614,-0.0278803,-0.471959,-3.61347,-0.125734
6.53,2,1.12163,1.15881,-0.100459,-0.914446,-0.0371788
6.53,3,0.101457,0.108586,-0.113296,-0.00331892,-0.00712965
6.53,4,-0.309914,-0.286292,-0.0868951,-0.145526,-0.0236217
6.53,5,-0.248807,-0.265855,0.277921,0.00186243,0.0170477
6.54,0,1.28644,1.26758,0.241528,0.029827,0.0188603
6.54,1,-0.158601,-0.0326009,-0.472142,-3.6236,-0.126001
6.54,2,1.12027,1.1578,-0.10051,-0.924967,-0.0375329
6.54,3,0.100323,0.107453,-0.113305,-0.00332021,-0.0071303
6.54,4,-0.31092,-0.287161,-0.0869323,-0.146607,-0.0237591
6.54,5,-0.246027,-0.263075,0.277921,0.0018658,0.0170484
6.55,0,1.28885,1.27,0.24154,0.0297023,0.018858
6.55,1,-0.163589,-0.0373233,-0.47232,-3.63366,-0.126266
6.55,2,1.11891,1.1568,-0.100557,-0.935478,-0.0378864
6.55,3,0.0991893,0.10632,-0.113313,-0.00332059,-0.00713086
6.55,4,-0.311927,-0.288031,-0.0869666,-0.147686,-0.0238961
6.55,5,-0.243247,-0.260296,0.27792,0.00186921,0.017049
6.56,0,1.29127,1.27241,0.241552,0.0295722,0.0188557
6.56,1,-0.168576,-0.0420474,-0.472495,-3.64367,-0.126529
6.56,2,1.11755,1.15579,-0.100604,-0.945978,-0.0382395
6.56,3,0.0980556,0.105187,-0.113322,-0.00332004,-0.00713133
6.56,4,-0.312934,-0.288901,-0.0869989,-0.148763,-0.0240328
6.56,5,-0.240467,-0.257517,0.27792,0.00187266,0.0170497
6.57,0,1.29368,1.27483,0.241564,0.0294371,0.0188533
6.57,1,-0.173564,-0.0467733,-0.472668,-3.65362,-0.12679
6.57,2,1.11619,1.15479,-0.100649,-0.956467,-0.0385921
6.57,3,0.096922,0.104054,-0.113331,-0.00331858,-0.00713171
6.57,4,-0.31394,-0.289771,-0.0870298,-0.149839,-0.0241692
6.57,5,-0.237687,-0.254738,0.277919,0.00187615,0.0170504
6.58,0,1.29609,1.27724,0.241577,0.029297,0.0188507
6.58,1,-0.178551,-0.0515009,-0.472838,-3.6635,-0.12705
6.58,2,1.11484,1.15378,-0.100694,-0.966942,-0.0389443
6.58,3,0.0957883,0.10292,-0.11334,-0.0033162,-0.007132
6.58,4,-0.314947,-0.290641,-0.08706,-0.150913,-0.0243053
6.58,5,-0.234908,-0.251959,0.277918,0.00187968,0.017051
6.59,0,1.29851,1.27966,0.241589,0.0291523,0.018848
6.59,1,-0.183539,-0.0562302,-0.473008,-3.67331,-0.127308
6.59,2,1.11348,1.15277,-0.100739,-0.977403,-0.0392961
6.59,3,0.0946547,0.101787,-0.113349,-0.0033129,-0.00713221
6.59,4,-0.315953,-0.291512,-0.0870901,-0.151984,-0.0244411
6.59,5,-0.232128,-0.249179,0.277918,0.00188323,0.0170517
6.6,0,1.30092,1.28208,0.241601,0.029003,0.0188452
6.6,1,-0.188526,-0.0609613,-0.473177,-3.68306,-0.127565
6.6,2,1.11212,1.15176,-0.100785,-0.987849,-0.0396473
6.6,3,0.093521,0.100653,-0.113358,-0.00330868,-0.00713232
6.6,4,-0.31696,-0.292383,-0.0871206,-0.153052,-0.0245766
6.6,5,-0.229348,-0.2464,0.277917,0.00188682,0.0170524
6.61,0,1.30333,1.28449,0.241613,0.0288494,0.0188422
6.61,1,-0.193514,-0.065694,-0.473347,-3.69275,-0.12782
6.61,2,1.11076,1.15076,-0.100833,-0.998277,-0.0399981
6.61,3,0.0923874,0.0995197,-0.113367,-0.00330355,-0.00713235
6.61,4,-0.317966,-0.293254,-0.0871522,-0.154118,-0.0247117
6.61,5,-0.226568,-0.243621,0.277917,0.00189043,0.0170531
6.62,0,1.30575,1.28691,0.241625,0.0286918,0.0188392
6.62,1,-0.198501,-0.0704284,-0.473518,-3.70236,-0.128073
6.62,2,1.1094,1.14975,-0.100883,-1.00869,-0.0403484
6.62,3,0.0912537,0.098386,-0.113376,-0.00329751,-0.00713228
6.62,4,-0.318973,-0.294126,-0.0871852,-0.15518,-0.0248466
6.62,5,-0.223788,-0.240842,0.277916,0.00189406,0.0170538
6.63,0,1.30816,1.28932,0.241636,0.0285303,0.018836
6.63,1,-0.203489,-0.0751645,-0.47369,-3.71189,-0.128324
6.63,2,1.10804,1.14874,-0.100936,-1.01908,-0.0406982
6.63,3,0.0901201,0.0972522,-0.113385,-0.00329055,-0.00713213
6.63,4,-0.319979,-0.294998,-0.0872202,-0.156239,-0.0249811
6.63,5,-0.221008,-0.238063,0.277916,0.0018977,0.0170545
6.64,0,1.31057,1.29174,0.241647,0.0283651,0.0188327
6.64,1,-0.208476,-0.0799024,-0.473865,-3.72135,-0.128574
6.64,2,1.10668,1.14773,-0.100991,-1.02944,-0.0410475
6.64,3,0.0889864,0.0961183,-0.113394,-0.00328269,-0.00713189
6.64,4,-0.320986,-0.295871,-0.0872574,-0.157293,-0.0251152
6.64,5,-0.218228,-0.235284,0.277915,0.00190136,0.0170552
6.65,0,1.31299,1.29416,0.241658,0.0281965,0.0188293
6.65,1,-0.213464,-0.084642,-0.474042,-3.73074,-0.128822
6.65,2,1.10532,1.14672,-0.10105,-1.03979,-0.0413962
6.65,3,0.0878528,0.0949843,-0.113403,-0.00327392,-0.00713155
6.65,4,-0.321992,-0.296743,-0.0872972,-0.158343,-0.025249
6.65,5,-0.215449,-0.232504,0.277915,0.00190502,0.0170559
6.66,0,1.3154,1.29657,0.241669,0.0280247,0.0188258
6.66,1,-0.218451,-0.0893834,-0.474222,-3.74004,-0.129068
6.66,2,1.10396,1.14571,-0.101112,-1.0501,-0.0417443
6.66,3,0.0867191,0.0938502,-0.113412,-0.00326425,-0.00713113
6.66,4,-0.322999,-0.297617,-0.0873399,-0.159389,-0.0253823
6.66,5,-0.212669,-0.229725,0.277914,0.00190869,0.0170566
6.67,0,1.31781,1.29899,0.241679,0.0278499,0.0188222
6.67,1,-0.223438,-0.0941266,-0.474406,-3.74926,-0.129312
6.67,2,1.10261,1.1447,-0.101177,-1.0604,-0.0420917
6.67,3,0.0855855,0.0927161,-0.113421,-0.00325368,-0.00713061
6.67,4,-0.324006,-0.29849,-0.0873856,-0.160429,-0.0255152
6.67,5,-0.209889,-0.226946,0.277914,0.00191235,0.0170573
6.68,0,1.32023,1.30141,0.241689,0.0276721,0.0188185
6.68,1,-0.228426,-0.0988717,-0.474593,-3.75839,-0.129554
6.68,2,1.10125,1.14368,-0.101247,-1.07066,-0.0424385
6.68,3,0.0844518,0.0915818,-0.11343,-0.00324221,-0.00713001
6.68,4,-0.325012,-0.299364,-0.0874346,-0.161464,-0.0256476
6.68,5,-0.207109,-0.224167,0.277914,0.00191601,0.017058
6.69,0,1.32264,1.30382,0.241698,0.0274917,0.0188146
6.69,1,-0.233413,-0.103619,-0.474784,-3.76744,-0.129795
6.69,2,1.09989,1.14267,-0.101321,-1.08089,-0.0427845
6.69,3,0.0833182,0.0904475,-0.113439,-0.00322984,-0.00712931
6.69,4,-0.326019,-0.300239,-0.0874869,-0.162493,-0.0257796
6.69,5,-0.204329,-0.221388,0.277914,0.00191966,0.0170587
6.7,0,1.32505,1.30624,0.241707,0.0273087,0.0188108
6.7,1,-0.238401,-0.108368,-0.474979,-3.7764,-0.130033
6.7,2,1.09853,1.14166,-0.101398,-1.0911,-0.0431298
6.7,3,0.0821845,0.089313,-0.113448,-0.00321658,-0.00712852
6.7,4,-0.327025,-0.301114,-0.0875427,-0.163516,-0.0259109
6.7,5,-0.201549,-0.218609,0.277914,0.00192329,0.0170595
6.71,0,1.32746,1.30866,0.241716,0.0271234,0.0188068
6.71,1,-0.243388,-0.113118,-0.475178,-3.78526,-0.13027
6.71,2,1.09717,1.14064,-0.10148,-1.10127,-0.0434743
6.71,3,0.0810509,0.0881785,-0.113457,-0.00320242,-0.00712765
6.71,4,-0.328032,-0.30199,-0.0876019,-0.164533,-0.0260417
6.71,5,-0.198769,-0.21583,0.277913,0.00192691,0.0170602
6.72,0,1.32988,1.31108,0.241724,0.0269357,0.0188027
6.72,1,-0.248376,-0.117871,-0.475381,-3.79404,-0.130504
6.72,2,1.09581,1.13963,-0.101566,-1.11141,-0.0438179
6.72,3,0.0799172,0.0870439,-0.113466,-0.00318737,-0.00712668
6.72,4,-0.329038,-0.302866,-0.0876645,-0.165543,-0.0261719
6.72,5,-0.19599,-0.21305,0.277914,0.00193051,0.0170609
6.73,0,1.33229,1.31349,0.241732,0.0267459,0.0187985
6.73,1,-0.253363,-0.122626,-0.475588,-3.80271,-0.130737
6.73,2,1.09445,1.13861,-0.101656,-1.12151,-0.0441607
6.73,3,0.0787836,0.0859092,-0.113475,-0.00317142,-0.00712563
6.73,4,-0.330045,-0.303743,-0.0877306,-0.166546,-0.0263014
6.73,5,-0.19321,-0.210271,0.277914,0.00193408,0.0170616
6.74,0,1.3347,1.31591,0.24174,0.026554,0.0187943
6.74,1,-0.258351,-0.127383,-0.4758,-3.8113,-0.130967
6.74,2,1.09309,1.1376,-0.10175,-1.13158,-0.0445025
6.74,3,0.0776499,0.0847744,-0.113484,-0.00315459,-0.00712448
6.74,4,-0.331051,-0.304621,-0.0878,-0.167542,-0.0264303
6.74,5,-0.19043,-0.207492,0.277914,0.00193763,0.0170624
6.75,0,1.33712,1.31833,0.241747,0.0263601,0.01879
6.75,1,-0.263338,-0.132143,-0.476016,-3.81978,-0.131196
6.75,2,1.09173,1.13658,-0.101848,-1.14161,-0.0448434
6.75,3,0.0765163,0.0836395,-0.113493,-0.00313686,-0.00712325
6.75,4,-0.332058,-0.305499,-0.0878726,-0.168531,-0.0265585
6.75,5,-0.18765,-0.204713,0.277914,0.00194115,0.0170631
6.76,0,1.33953,1.32074,0.241754,0.0261642,0.0187856
6.76,1,-0.268326,-0.136904,-0.476235,-3.82817,-0.131422
6.76,2,1.09037,1.13556,-0.10195,-1.1516,-0.0451833
6.76,3,0.0753826,0.0825045,-0.113502,-0.00311823,-0.00712192
6.76,4,-0.333064,-0.306379,-0.0879483,-0.169513,-0.0266859
6.76,5,-0.18487,-0.201934,0.277914,0.00194464,0.0170638
6.77,0,1.34194,1.32316,0.24176,0.0259665,0.0187812
6.77,1,-0.273313,-0.141667,-0.476459,-3.83645,-0.131646
6.77,2,1.08902,1.13454,-0.102055,-1.16155,-0.0455221
6.77,3,0.074249,0.0813695,-0.113511,-0.00309871,-0.00712051
6.77,4,-0.334071,-0.307258,-0.088027,-0.170486,-0.0268125
6.77,5,-0.18209,-0.199155,0.277915,0.0019481,0.0170645
6.78,0,1.34436,1.32558,0.241767,0.0257669,0.0187767
6.78,1,-0.278301,-0.146433,-0.476687,-3.84463,-0.131867
6.78,2,1.08766,1.13352,-0.102164,-1.17147,-0.0458599
6.78,3,0.0731153,0.0802343,-0.11352,-0.00307829,-0.007119
6.78,4,-0.335077,-0.308139,-0.0881085,-0.171452,-0.0269383
6.78,5,-0.17931,-0.196376,0.277915,0.00195153,0.0170652
6.79,0,1.34677,1.328,0.241773,0.0255655,0.0187721
6.79,1,-0.283288,-0.151201,-0.476918,-3.85271,-0.132087
6.79,2,1.0863,1.13249,-0.102276,-1.18135,-0.0461966
6.79,3,0.0719817,0.0790991,-0.113529,-0.00305697,-0.00711741
6.79,4,-0.336084,-0.309021,-0.0881926,-0.17241,-0.0270633
6.79,5,-0.176531,-0.193596,0.277915,0.00195492,0.0170659
6.8,0,1.34918,1.33042,0.241779,0.0253623,0.0187675
6.8,1,-0.288276,-0.155972,-0.477152,-3.86069,-0.132304
6.8,2,1.08494,1.13147,-0.102391,-1.19118,-0.0465321
6.8,3,0.070848,0.0779637,-0.113538,-0.00303474,-0.00711572
6.8,4,-0.337091,-0.309903,-0.0882791,-0.17336,-0.0271875
6.8,5,-0.173751,-0.190817,0.277916,0.00195828,0.0170666
6.81,0,1.3516,1.33283,0.241785,0.0251573,0.0187628
6.81,1,-0.293263,-0.160745,-0.47739,-3.86856,-0.132518
6.81,2,1.08358,1.13045,-0.102508,-1.20098,-0.0468665
6.81,3,0.0697144,0.0768283,-0.113547,-0.00301161,-0.00711395
6.81,4,-0.338097,-0.310786,-0.0883679,-0.174302,-0.0273107
6.81,5,-0.170971,-0.188038,0.277916,0.00196161,0.0170673
6.82,0,1.35401,1.33525,0.241791,0.0249505,0.0187581
6.82,1,-0.29825,-0.16552,-0.477631,-3.87633,-0.132731
6.82,2,1.08222,1.12942,-0.102629,-1.21073,-0.0471996
6.82,3,0.0685807,0.0756928,-0.113556,-0.00298756,-0.00711209
6.82,4,-0.339104,-0.311671,-0.0884588,-0.175235,-0.0274331
6.82,5,-0.168191,-0.185259,0.277917,0.00196489,0.017068
6.83,0,1.35642,1.33767,0.241796,0.0247418,0.0187533
6.83,1,-0.303238,-0.170298,-0.477874,-3.88399,-0.13294
6.83,2,1.08086,1.12839,-0.102752,-1.22044,-0.0475316
6.83,3,0.067447,0.0745572,-0.113565,-0.0029626,-0.00711013
6.83,4,-0.34011,-0.312556,-0.0885515,-0.176161,-0.0275546
6.83,5,-0.165411,-0.18248,0.277917,0.00196814,0.0170687
6.84,0,1.35884,1.34009,0.241802,0.0245312,0.0187484
6.84,1,-0.308225,-0.175078,-0.47812,-3.89155,-0.133148
6.84,2,1.0795,1.12737,-0.102877,-1.23012,-0.0478623
6.84,3,0.0663134,0.0734215,-0.113574,-0.00293672,-0.00710809
6.84,4,-0.341117,-0.313442,-0.0886459,-0.177078,-0.0276751
6.84,5,-0.162631,-0.179701,0.277918,0.00197136,0.0170694
6.85,0,1.36125,1.34251,0.241807,0.0243187,0.0187435
6.85,1,-0.313213,-0.17986,-0.478368,-3.899,-0.133353
6.85,2,1.07814,1.12634,-0.103004,-1.23974,-0.0481917
6.85,3,0.0651797,0.0722857,-0.113583,-0.00290991,-0.00710595
6.85,4,-0.342123,-0.314329,-0.0887417,-0.177986,-0.0277946
6.85,5,-0.159851,-0.176921,0.277919,0.00197454,0.01707
6.86,0,1.36366,1.34492,0.241812,0.0241043,0.0187385
6.86,1,-0.3182,-0.184645,-0.478619,-3.90635,-0.133555
6.86,2,1.07679,1.12531,-0.103133,-1.24933,-0.0485199
6.86,3,0.0640461,0.0711498,-0.113592,-0.00288218,-0.00710373
6.86,4,-0.34313,-0.315217,-0.0888389,-0.178886,-0.0279132
6.86,5,-0.157072,-0.174142,0.277919,0.00197768,0.0170707
6.87,0,1.36607,1.34734,0.241817,0.0238879,0.0187335
6.87,1,-0.323188,-0.189433,-0.478871,-3.91358,-0.133755
6.87,2,1.07543,1.12427,-0.103264,-1.25888,-0.0488468
6.87,3,0.0629124,0.0700139,-0.113601,-0.00285351,-0.00710141
6.87,4,-0.344136,-0.316106,-0.0889372,-0.179778,-0.0280308
6.87,5,-0.154292,-0.171363,0.27792,0.00198078,0.0170714
6.88,0,1.36849,1.34976,0.241823,0.0236694,0.0187284
6.88,1,-0.328175,-0.194223,-0.479125,-3.92072,-0.133952
6.88,2,1.07407,1.12324,-0.103396,-1.26838,-0.0491723
6.88,3,0.0617788,0.0688778,-0.11361,-0.00282389,-0.007099
6.88,4,-0.345143,-0.316995,-0.0890365,-0.180661,-0.0281475
6.88,5,-0.151512,-0.168584,0.277921,0.00198386,0.017072
6.89,0,1.3709,1.35218,0.241828,0.0234488,0.0187233
6.89,1,-0.333163,-0.199016,-0.479381,-3.92774,-0.134147
6.89,2,1.07271,1.12221,-0.10353,-1.27784,-0.0494966
6.89,3,0.0606451,0.0677416,-0.113619,-0.00279333,-0.0070965
6.89,4,-0.346149,-0.317886,-0.0891366,-0.181536,-0.0282631
6.89,5,-0.148732,-0.165805,0.277921,0.00198689,0.0170727
6.9,0,1.37331,1.3546,0.241833,0.0232261,0.0187181
6.9,1,-0.33815,-0.203811,-0.479638,-3.93466,-0.134339
6.9,2,1.07135,1.12117,-0.103665,-1.28725,-0.0498194
6.9,3,0.0595115,0.0666054,-0.113629,-0.00276181,-0.00709391
6.9,4,-0.347156,-0.318778,-0.0892374,-0.182403,-0.0283777
6.9,5,-0.145952,-0.163025,0.277922,0.0019899,0.0170733
6.91,0,1.37573,1.35701,0.241838,0.0230011,0.0187129
6.91,1,-0.343138,-0.208609,-0.479895,-3.94148,-0.134529
6.91,2,1.06999,1.12013,-0.103801,-1.29663,-0.050141
6.91,3,0.0583778,0.0654691,-0.113638,-0.00272934,-0.00709122
6.91,4,-0.348163,-0.319671,-0.0893387,-0.183261,-0.0284913
6.91,5,-0.143172,-0.160246,0.277923,0.00199287,0.0170739
6.92,0,1.37814,1.35943,0.241844,0.0227738,0.0187076
6.92,1,-0.348125,-0.213409,-0.480154,-3.94818,-0.134716
6.92,2,1.06863,1.11909,-0.103938,-1.30596,-0.0504611
6.92,3,0.0572442,0.0643326,-0.113647,-0.0026959,-0.00708844
6.92,4,-0.349169,-0.320565,-0.0894404,-0.184111,-0.0286039
6.92,5,-0.140392,-0.157467,0.277923,0.0019958,0.0170746
6.93,0,1.38055,1.36185,0.241849,0.0225442,0.0187023
6.93,1,-0.353113,-0.218212,-0.480414,-3.95478,-0.134901
6.93,2,1.06727,1.11805,-0.104075,-1.31525,-0.0507799
6.93,3,0.0561105,0.0631961,-0.113657,-0.00266148,-0.00708556
6.93,4,-0.350176,-0.32146,-0.0895425,-0.184953,-0.0287155
6.93,5,-0.137613,-0.154688,0.277924,0.00199871,0.0170752
6.94,0,1.38297,1.36427,0.241855,0.0223122,0.0186969
6.94,1,-0.3581,-0.223018,-0.480675,-3.96128,-0.135083
6.94,2,1.06591,1.11701,-0.104214,-1.32449,-0.0510973
6.94,3,0.0549769,0.0620595,-0.113666,-0.0026261,-0.00708259
6.94,4,-0.351182,-0.322356,-0.0896449,-0.185786,-0.0288261
6.94,5,-0.134833,-0.151909,0.277925,0.00200159,0.0170758
6.95,0,1.38538,1.36669,0.24186,0.0220778,0.0186915
6.95,1,-0.363088,-0.227826,-0.480936,-3.96767,-0.135262
6.95,2,1.06456,1.11597,-0.104353,-1.33369,-0.0514133
6.95,3,0.0538432,0.0609228,-0.113676,-0.00258972,-0.00707953
6.95,4,-0.352189,-0.323253,-0.0897474,-0.186611,-0.0289356
6.95,5,-0.132053,-0.149129,0.277925,0.00200443,0.0170764
6.96,0,1.38779,1.36911,0.241866,0.0218408,0.018686
6.96,1,-0.368075,-0.232637,-0.481198,-3.97395,-0.135438
6.96,2,1.0632,1.11492,-0.104493,-1.34285,-0.0517279
6.96,3,0.0527096,0.059786,-0.113685,-0.00255236,-0.00707637
6.96,4,-0.353195,-0.324151,-0.08985,-0.187428,-0.0290441
6.96,5,-0.129273,-0.14635,0.277926,0.00200725,0.017077
6.97,0,1.39021,1.37153,0.241872,0.0216013,0.0186804
6.97,1,-0.373063,-0.23745,-0.48146,-3.98012,-0.135613
6.97,2,1.06184,1.11388,-0.104633,-1.35197,-0.0520411
6.97,3,0.0515759,0.058649,-0.113695,-0.002514,-0.00707311
6.97,4,-0.354202,-0.32505,-0.0899527,-0.188236,-0.0291516
6.97,5,-0.126493,-0.143571,0.277926,0.00201004,0.0170776
6.98,0,1.39262,1.37394,0.241877,0.0213591,0.0186748
6.98,1,-0.37805,-0.242266,-0.481722,-3.98619,-0.135784
6.98,2,1.06048,1.11283,-0.104774,-1.36104,-0.0523529
6.98,3,0.0504423,0.057512,-0.113705,-0.00247465,-0.00706976
6.98,4,-0.355208,-0.32595,-0.0900554,-0.189037,-0.029258
6.98,5,-0.123713,-0.140791,0.277927,0.0020128,0.0170782
6.99,0,1.39503,1.37636,0.241883,0.0211143,0.0186691
6.99,1,-0.383037,-0.247085,-0.481985,-3.99216,-0.135953
6.99,2,1.05912,1.11178,-0.104916,-1.37007,-0.0526633
6.99,3,0.0493086,0.0563749,-0.113715,-0.00243428,-0.0070663
6.99,4,-0.356215,-0.326851,-0.0901581,-0.189829,-0.0293635
6.99,5,-0.120933,-0.138012,0.277928,0.00201553,0.0170788
7,0,1.39745,1.37878,0.241889,0.0208669,0.0186634
7,1,-0.388025,-0.251906,-0.482248,-3.99802,-0.136119
7,2,1.05776,1.11073,-0.105058,-1.37905,-0.0529723
7,3,0.048175,0.0552377,-0.113724,-0.00239291,-0.00706276
7,4,-0.357221,-0.327754,-0.0902608,-0.190612,-0.0294679
7,5,-0.118154,-0.135233,0.277928,0.00201824,0.0170793
7.01,0,1.39986,1.3812,0.241896,0.0206167,0.0186576
7.01,1,-0.393012,-0.25673,-0.482511,-4.00377,-0.136283
7.01,2,1.0564,1.10968,-0.1052,-1.388,-0.0532799
7.01,3,0.0470413,0.0541004,-0.113734,-0.00235052,-0.00705911
7.01,4,-0.358228,-0.328657,-0.0903635,-0.191388,-0.0295712
7.01,5,-0.115374,-0.132454,0.277929,0.00202092,0.0170799
7.02,0,1.40227,1.38362,0.241902,0.0203638,0.0186517
7.02,1,-0.398,-0.261556,-0.482774,-4.00941,-0.136443
7.02,2,1.05504,1.10863,-0.105344,-1.39689,-0.053586
7.02,3,0.0459077,0.052963,-0.113744,-0.00230711,-0.00705536
7.02,4,-0.359235,-0.329561,-0.0904662,-0.192156,-0.0296736
7.02,5,-0.112594,-0.129674,0.277929,0.00202357,0.0170805
7.03,0,1.40469,1.38604,0.241908,0.0201081,0.0186458
7.03,1,-0.402987,-0.266386,-0.483038,-4.01495,-0.136602
7.03,2,1.05368,1.10757,-0.105487,-1.40575,-0.0538907
7.03,3,0.044774,0.0518255,-0.113754,-0.00226268,-0.00705152
7.03,4,-0.360241,-0.330466,-0.0905689,-0.192915,-0.0297749
7.03,5,-0.109814,-0.126895,0.27793,0.0020262,0.017081
7.04,0,1.4071,1.38846,0.241915,0.0198496,0.0186398
7.04,1,-0.407975,-0.271217,-0.483302,-4.02039,-0.136757
7.04,2,1.05233,1.10652,-0.105631,-1.41456,-0.0541939
7.04,3,0.0436404,0.0506879,-0.113764,-0.00221722,-0.00704757
7.04,4,-0.361248,-0.331372,-0.0906717,-0.193666,-0.0298752
7.04,5,-0.107034,-0.124116,0.277931,0.0020288,0.0170816
7.05,0,1.40951,1.39088,0.241921,0.0195883,0.0186338
7.05,1,-0.412962,-0.276052,-0.483566,-4.02572,-0.13691
7.05,2,1.05097,1.10546,-0.105776,-1.42332,-0.0544957
7.05,3,0.0425067,0.0495503,-0.113774,-0.00217073,-0.00704353
7.05,4,-0.362254,-0.33228,-0.0907744,-0.194408,-0.0299745
7.05,5,-0.104254,-0.121336,0.277931,0.00203138,0.0170821
7.06,0,1.41192,1.3933,0.241928,0.0193242,0.0186277
7.06,1,-0.41795,-0.280889,-0.48383,-4.03094,-0.137061
7.06,2,1.04961,1.1044,-0.105922,-1.43204,-0.0547961
7.06,3,0.0413731,0.0484125,-0.113784,-0.0021232,-0.00703938
7.06,4,-0.363261,-0.333188,-0.0908773,-0.195143,-0.0300727
7.06,5,-0.101474,-0.118557,0.277932,0.00203393,0.0170827
7.07,0,1.41434,1.39572,0.241934,0.0190573,0.0186215
7.07,1,-0.422937,-0.285729,-0.484095,-4.03605,-0.137208
7.07,2,1.04825,1.10334,-0.106068,-1.44071,-0.055095
7.07,3,0.0402394,0.0472746,-0.113794,-0.00207463,-0.00703513
7.07,4,-0.364267,-0.334097,-0.0909803,-0.195869,-0.0301699
7.07,5,-0.0986946,-0.115778,0.277932,0.00203646,0.0170832
7.08,0,1.41675,1.39814,0.241941,0.0187876,0.0186152
7.08,1,-0.427925,-0.290571,-0.48436,-4.04106,-0.137353
7.08,2,1.04689,1.10228,-0.106215,-1.44934,-0.0553924
7.08,3,0.0391058,0.0461366,-0.113805,-0.00202503,-0.00703078
7.08,4,-0.365274,-0.335008,-0.0910835,-0.196587,-0.0302661
7.08,5,-0.0959147,-0.112998,0.277933,0.00203897,0.0170838
7.09,0,1.41916,1.40055,0.241947,0.0185151,0.0186089
7.09,1,-0.432912,-0.295416,-0.484626,-4.04596,-0.137496
7.09,2,1.04553,1.10122,-0.106362,-1.45793,-0.0556884
7.09,3,0.0379721,0.0449985,-0.113815,-0.00197438,-0.00702633
7.09,4,-0.36628,-0.335919,-0.0911869,-0.197296,-0.0303612
7.09,5,-0.0931349,-0.110219,0.277933,0.00204144,0.0170843
7.1,0,1.42158,1.40297,0.241954,0.0182398,0.0186026
7.1,1,-0.4379,-0.300264,-0.484892,-4.05075,-0.137636
7.1,2,1.04417,1.10015,-0.106511,-1.46646,-0.0559829
7.1,3,0.0368385,0.0438602,-0.113825,-0.00192268,-0.00702178
7.1,4,-0.367287,-0.336832,-0.0912905,-0.197997,-0.0304553
7.1,5,-0.090355,-0.10744,0.277934,0.0020439,0.0170848
7.11,0,1.42399,1.40539,0.241961,0.0179617,0.0185961
7.11,1,-0.442887,-0.305114,-0.485158,-4.05543,-0.137773
7.11,2,1.04281,1.09909,-0.10666,-1.47496,-0.0562759
7.11,3,0.0357048,0.0427219,-0.113835,-0.00186994,-0.00701712
7.11,4,-0.368293,-0.337745,-0.0913945,-0.19869,-0.0305484
7.11,5,-0.0875752,-0.10466,0.277934,0.00204633,0.0170853
7.12,0,1.4264,1.40781,0.241968,0.0176809,0.0185896
7.12,1,-0.447875,-0.309967,-0.485425,-4.06001,-0.137907
7.12,2,1.04145,1.09802,-0.10681,-1.4834,-0.0565673
7.12,3,0.0345712,0.0415835,-0.113846,-0.00181614,-0.00701236
7.12,4,-0.3693,-0.33866,-0.0914988,-0.199374,-0.0306404
7.12,5,-0.0847953,-0.101881,0.277935,0.00204873,0.0170858
7.13,0,1.42882,1.41023,0.241974,0.0173973,0.018583
7.13,1,-0.452862,-0.314823,-0.485692,-4.06448,-0.138039
7.13,2,1.04009,1.09695,-0.106962,-1.4918,-0.0568573
7.13,3,0.0334375,0.040445,-0.113856,-0.0017613,-0.0070075
7.13,4,-0.370307,-0.339575,-0.0916035,-0.200049,-0.0307314
7.13,5,-0.0820155,-0.0991018,0.277935,0.00205111,0.0170863
7.14,0,1.43123,1.41265,0.241981,0.017111,0.0185764
7.14,1,-0.457849,-0.319682,-0.485961,-4.06884,-0.138168
7.14,2,1.03874,1.09588,-0.107114,-1.50015,-0.0571458
7.14,3,0.0323039,0.0393064,-0.113866,-0.00170541,-0.00700253
7.14,4,-0.371313,-0.340492,-0.0917087,-0.200716,-0.0308213
7.14,5,-0.0792356,-0.0963224,0.277936,0.00205346,0.0170868
7.15,0,1.43364,1.41507,0.241988,0.016822,0.0185697
7.15,1,-0.462837,-0.324543,-0.48623,-4.07308,-0.138294
7.15,2,1.03738,1.09481,-0.107268,-1.50845,-0.0574327
7.15,3,0.0311702,0.0381677,-0.113877,-0.00164846,-0.00699746
7.15,4,-0.37232,-0.341409,-0.0918144,-0.201374,-0.0309102
7.15,5,-0.0764557,-0.0935431,0.277936,0.00205578,0.0170873
7.16,0,1.43606,1.41749,0.241995,0.0165304,0.0185629
7.16,1,-0.467824,-0.329406,-0.486499,-4.07722,-0.138418
7.16,2,1.03602,1.09374,-0.107422,-1.5167,-0.0577181
7.16,3,0.0300366,0.0370288,-0.113887,-0.00159046,-0.00699228
7.16,4,-0.373326,-0.342328,-0.0919206,-0.202024,-0.030998
7.16,5,-0.0736759,-0.0907637,0.277937,0.00205808,0.0170878
7.17,0,1.43847,1.41991,0.242002,0.0162361,0.018556
7.17,1,-0.472812,-0.334273,-0.48677,-4.08125,-0.138539
7.17,2,1.03466,1.09266,-0.107578,-1.5249,-0.0580019
7.17,3,0.0289029,0.0358899,-0.113898,-0.0015314,-0.006987
7.17,4,-0.374333,-0.343248,-0.0920274,-0.202664,-0.0310848
7.17,5,-0.070896,-0.0879843,0.277937,0.00206035,0.0170883
7.18,0,1.44088,1.42233,0.242008,0.0159393,0.0185491
7.18,1,-0.477799,-0.339142,-0.487041,-4.08517,-0.138657
7.18,2,1.0333,1.09158,-0.107735,-1.53306,-0.0582842
7.18,3,0.0277693,0.0347509,-0.113908,-0.00147129,-0.00698162
7.18,4,-0.375339,-0.344169,-0.0921348,-0.203296,-0.0311705
7.18,5,-0.0681162,-0.085205,0.277938,0.0020626,0.0170888
7.19,0,1.4433,1.42475,0.242015,0.0156399,0.0185421
7.19,1,-0.482787,-0.344014,-0.487314,-4.08897,-0.138773
7.19,2,1.03194,1.09051,-0.107893,-1.54116,-0.0585649
7.19,3,0.0266356,0.0336117,-0.113919,-0.00141013,-0.00697613
7.19,4,-0.376346,-0.345091,-0.0922429,-0.203919,-0.0312551
7.19,5,-0.0653363,-0.0824256,0.277938,0.00206481,0.0170893
7.2,0,1.44571,1.42717,0.242021,0.015338,0.0185351
7.2,1,-0.487774,-0.348889,-0.487587,-4.09267,-0.138886
7.2,2,1.03058,1.08943,-0.108053,-1.54922,-0.058844
7.2,3,0.025502,0.0324725,-0.113929,-0.00134791,-0.00697054
7.2,4,-0.377352,-0.346014,-0.0923516,-0.204533,-0.0313386
7.2,5,-0.0625565,-0.0796462,0.277939,0.002067,0.0170897
7.21,0,1.44812,1.42959,0.242028,0.0150336,0.0185279
7.21,1,-0.492762,-0.353766,-0.487861,-4.09625,-0.138996
7.21,2,1.02922,1.08835,-0.108214,-1.55722,-0.0591215
7.21,3,0.0243683,0.0313331,-0.11394,-0.00128464,-0.00696484
7.21,4,-0.378359,-0.346938,-0.0924611,-0.205137,-0.031421
7.21,5,-0.0597766,-0.0768668,0.277939,0.00206915,0.0170902
7.22,0,1.45053,1.43201,0.242035,0.0147267,0.0185208
7.22,1,-0.497749,-0.358646,-0.488137,-4.09971,-0.139103
7.22,2,1.02786,1.08726,-0.108376,-1.56517,-0.0593974
7.22,3,0.0232347,0.0301937,-0.11395,-0.00122032,-0.00695904
7.22,4,-0.379365,-0.347863,-0.0925713,-0.205733,-0.0315023
7.22,5,-0.0569968,-0.0740874,0.27794,0.00207128,0.0170907
7.23,0,1.45295,1.43443,0.242041,0.0144175,0.0185135
7.23,1,-0.502737,-0.363529,-0.488413,-4.10307,-0.139208
7.23,2,1.02651,1.08618,-0.10854,-1.57307,-0.0596717
7.23,3,0.022101,0.0290541,-0.113961,-0.00115494,-0.00695313
7.23,4,-0.380372,-0.348789,-0.0926823,-0.206319,-0.0315826
7.23,5,-0.0542169,-0.071308,0.277941,0.00207338,0.0170911
7.24,0,1.45536,1.43685,0.242047,0.0141059,0.0185062
7.24,1,-0.507724,-0.368415,-0.488691,-4.10631,-0.139309
7.24,2,1.02515,1.08509,-0.108705,-1.58092,-0.0599443
7.24,3,0.0209674,0.0279145,-0.113971,-0.00108851,-0.00694712
7.24,4,-0.381379,-0.349717,-0.0927941,-0.206896,-0.0316617
7.24,5,-0.051437,-0.0685286,0.277941,0.00207545,0.0170916
7.25,0,1.45777,1.43928,0.242054,0.013792,0.0184988
7.25,1,-0.512712,-0.373303,-0.488969,-4.10943,-0.139409
7.25,2,1.02379,1.084,-0.108872,-1.58871,-0.0602152
7.25,3,0.0198337,0.0267747,-0.113982,-0.00102103,-0.006941
7.25,4,-0.382385,-0.350645,-0.0929067,-0.207464,-0.0317396
7.25,5,-0.0486572,-0.0657492,0.277942,0.00207748,0.017092
7.26,0,1.46019,1.4417,0.24206,0.0134758,0.0184914
7.26,1,-0.517699,-0.378194,-0.489249,-4.11244,-0.139505
7.26,2,1.02243,1.08291,-0.10904,-1.59646,-0.0604845
7.26,3,0.0187001,0.0256348,-0.113992,-0.000952504,-0.00693478
7.26,4,-0.383392,-0.351575,-0.0930202,-0.208022,-0.0318165
7.26,5,-0.0458773,-0.0629698,0.277942,0.00207949,0.0170924
7.27,0,1.4626,1.44412,0.242066,0.0131573,0.0184839
7.27,1,-0.522687,-0.383088,-0.48953,-4.11534,-0.139598
7.27,2,1.02107,1.08182,-0.109209,-1.60414,-0.0607521
7.27,3,0.0175664,0.0244948,-0.114003,-0.000882926,-0.00692845
7.27,4,-0.384398,-0.352506,-0.0931344,-0.208571,-0.0318922
7.27,5,-0.0430975,-0.0601903,0.277943,0.00208146,0.0170929
7.28,0,1.46501,1.44654,0.242072,0.0128367,0.0184763
7.28,1,-0.527674,-0.387985,-0.489812,-4.11811,-0.139689
7.28,2,1.01971,1.08073,-0.10938,-1.61178,-0.061018
7.28,3,0.0164327,0.0233548,-0.114013,-0.0008123,-0.00692202
7.28,4,-0.385405,-0.353438,-0.0932495,-0.20911,-0.0319668
7.28,5,-0.0403176,-0.0574109,0.277944,0.0020834,0.0170933
7.29,0,1.46743,1.44896,0.242078,0.0125138,0.0184687
7.29,1,-0.532662,-0.392885,-0.490096,-4.12078,-0.139777
7.29,2,1.01835,1.07963,-0.109553,-1.61936,-0.0612821
7.29,3,0.0152991,0.0222146,-0.114024,-0.000740627,-0.00691548
7.29,4,-0.386411,-0.354371,-0.0933654,-0.209639,-0.0320402
7.29,5,-0.0375378,-0.0546315,0.277944,0.00208531,0.0170937
7.3,0,1.46984,1.45138,0.242084,0.0121889,0.018461
7.3,1,-0.537649,-0.397787,-0.49038,-4.12332,-0.139862
7.3,2,1.01699,1.07854,-0.109727,-1.62688,-0.0615446
7.3,3,0.0141654,0.0210743,-0.114034,-0.00066791,-0.00690884
7.3,4,-0.387418,-0.355305,-0.0934822,-0.210159,-0.0321124
7.3,5,-0.0347579,-0.051852,0.277945,0.00208718,0.0170941
7.31,0,1.47225,1.4538,0.24209,0.0118618,0.0184533
7.31,1,-0.542636,-0.402693,-0.490666,-4.12575,-0.139944
7.31,2,1.01563,1.07744,-0.109903,-1.63435,-0.0618053
7.31,3,0.0130318,0.0199339,-0.114045,-0.000594148,-0.00690209
7.31,4,-0.388424,-0.356241,-0.0935998,-0.210668,-0.0321835
7.31,5,-0.031978,-0.0490726,0.277945,0.00208902,0.0170945
7.32,0,1.47467,1.45622,0.242096,0.0115327,0.0184455
7.32,1,-0.547624,-0.407601,-0.490953,-4.12805,-0.140023
7.32,2,1.01428,1.07634,-0.11008,-1.64177,-0.0620642
7.32,3,0.0118981,0.0187934,-0.114055,-0.000519344,-0.00689524
7.32,4,-0.389431,-0.357178,-0.0937182,-0.211168,-0.0322534
7.32,5,-0.0291982,-0.0462931,0.277946,0.00209083,0.0170949
7.33,0,1.47708,1.45864,0.242101,0.0112016,0.0184376
7.33,1,-0.552611,-0.412512,-0.491242,-4.13024,-0.140099
7.33,2,1.01292,1.07524,-0.110258,-1.64912,-0.0623213
7.33,3,0.0107645,0.0176528,-0.114066,-0.000443499,-0.00688828
7.33,4,-0.390437,-0.358115,-0.0938374,-0.211658,-0.0323221
7.33,5,-0.0264183,-0.0435136,0.277947,0.0020926,0.0170953
7.34,0,1.47949,1.46106,0.242107,0.0108685,0.0184297
7.34,1,-0.557599,-0.417426,-0.491531,-4.13231,-0.140173
7.34,2,1.01156,1.07413,-0.110438,-1.65642,-0.0625767
7.34,3,0.00963084,0.0165121,-0.114076,-0.000366615,-0.00688122
7.34,4,-0.391444,-0.359054,-0.0939575,-0.212138,-0.0323896
7.34,5,-0.0236385,-0.0407342,0.277947,0.00209433,0.0170957
7.35,0,1.48191,1.46348,0.242112,0.0105334,0.0184218
7.35,1,-0.562586,-0.422343,-0.491822,-4.13426,-0.140243
7.35,2,1.0102,1.07303,-0.11062,-1.66367,-0.0628302
7.35,3,0.00849719,0.0153712,-0.114086,-0.000288693,-0.00687405
7.35,4,-0.392451,-0.359995,-0.0940784,-0.212608,-0.0324559
7.35,5,-0.0208586,-0.0379547,0.277948,0.00209603,0.0170961
7.36,0,1.48432,1.4659,0.242118,0.0101964,0.0184137
7.36,1,-0.567574,-0.427263,-0.492113,-4.13609,-0.140311
7.36,2,1.00884,1.07192,-0.110803,-1.67085,-0.0630819
7.36,3,0.00736354,0.0142303,-0.114097,-0.000209736,-0.00686678
7.36,4,-0.393457,-0.360936,-0.0942001,-0.213068,-0.032521
7.36,5,-0.0180788,-0.0351752,0.277949,0.0020977,0.0170965
7.37,0,1.48673,1.46833,0.242123,0.0098575,0.0184057
7.37,1,-0.572561,-0.432186,-0.492406,-4.1378,-0.140376
7.37,2,1.00748,1.07081,-0.110987,-1.67798,-0.0633318
7.37,3,0.00622989,0.0130893,-0.114107,-0.000129745,-0.00685941
7.37,4,-0.394464,-0.361879,-0.0943225,-0.213518,-0.0325849
7.37,5,-0.0152989,-0.0323957,0.277949,0.00209933,0.0170968
7.38,0,1.48914,1.47075,0.242128,0.00951673,0.0183975
7.38,1,-0.577549,-0.437111,-0.492701,-4.13939,-0.140437
7.38,2,1.00612,1.0697,-0.111173,-1.68505,-0.0635798
7.38,3,0.00509624,0.0119482,-0.114118,-4.87218e-05,-0.00685193
7.38,4,-0.39547,-0.362823,-0.0944458,-0.213958,-0.0326476
7.38,5,-0.012519,-0.0296162,0.27795,0.00210092,0.0170972
7.39,0,1.49156,1.47317,0.242133,0.00917412,0.0183894
7.39,1,-0.582536,-0.44204,-0.492996,-4.14086,-0.140496
7.39,2,1.00476,1.06859,-0.11136,-1.69206,-0.063826
7.39,3,0.00396259,0.0108069,-0.114128,3.33314e-05,-0.00684435
7.39,4,-0.396477,-0.363768,-0.0945698,-0.214387,-0.032709
7.39,5,-0.00973919,-0.0268367,0.277951,0.00210248,0.0170975
7.4,0,1.49397,1.47559,0.242139,0.0088297,0.0183811
7.4,1,-0.587524,-0.446972,-0.493292,-4.14221,-0.140552
7.4,2,1.0034,1.06747,-0.111549,-1.69901,-0.0640702
7.4,3,0.00282894,0.0096656,-0.114138,0.000116413,-0.00683666
7.4,4,-0.397483,-0.364714,-0.0946945,-0.214806,-0.0327691
7.4,5,-0.00695934,-0.0240572,0.277951,0.002104,0.0170979
7.41,0,1.49638,1.47801,0.242144,0.0084835,0.0183729
7.41,1,-0.592511,-0.451906,-0.49359,-4.14343,-0.140605
7.41,2,1.00205,1.06636,-0.111739,-1.7059,-0.0643126
7.41,3,0.00169528,0.00852416,-0.114149,0.00020052,-0.00682887
7.41,4,-0.39849,-0.365662,-0.09482,-0.215214,-0.032828
7.41,5,-0.00417948,-0.0212777,0.277952,0.00210548,0.0170982
7.42,0,1.4988,1.48043,0.242148,0.00813553,0.0183645
7.42,1,-0.597499,-0.456844,-0.493888,-4.14453,-0.140655
7.42,2,1.00069,1.06524,-0.111931,-1.71273,-0.0645531
7.42,3,0.000561634,0.00738261,-0.114159,0.000285651,-0.00682098
7.42,4,-0.399496,-0.366611,-0.0949462,-0.215612,-0.0328857
7.42,5,-0.00139962,-0.0184982,0.277953,0.00210692,0.0170986
7.43,0,1.5,1.48285,0.241932,-0.0397962,0.01715
7.43,1,-0.599992,-0.46178,-0.492137,-4.05208,-0.138212
7.43,2,1.00001,1.06411,-0.114401,-1.69442,-0.0641074
7.43,3,-5.19198e-06,0.00624454,-0.112436,0.00496452,-0.00624973
7.43,4,-0.4,-0.36756,-0.0948751,-0.212077,-0.0324393
7.43,5,-9.69545e-06,-0.0157272,0.27378,-0.00354625,0.0157175
7.44,0,1.5,1.48526,0.239708,-0.129489,0.0147409
7.44,1,-0.599992,-0.466633,-0.478235,-3.89967,-0.133359
7.44,2,1.00001,1.0629,-0.126988,-1.63295,-0.0628976
7.44,3,-5.19198e-06,0.0051741,-0.101851,0.00931738,-0.00517929
7.44,4,-0.4,-0.368517,-0.0970516,-0.203337,-0.0314829
7.44,5,-9.69545e-06,-0.0131251,0.246803,-0.00846378,0.0131154
7.45,0,1.5,1.48764,0.235046,-0.210437,0.0123675
7.45,1,-0.599992,-0.471306,-0.457631,-3.77458,-0.128687
7.45,2,1.00001,1.06156,-0.13941,-1.56789,-0.0615568
7.45,3,-5.19198e-06,0.00422479,-0.0893374,0.0113026,-0.00422998
7.45,4,-0.4,-0.369523,-0.10412,-0.191754,-0.0304767
7.45,5,-9.69545e-06,-0.0108462,0.212136,-0.00945823,0.0108365
7.46,0,1.5,1.48995,0.228105,-0.282176,0.0100534
7.46,1,-0.599992,-0.475752,-0.43367,-3.6686,-0.12424
7.46,2,1.00001,1.06012,-0.147864,-1.50765,-0.0601125
7.46,3,-5.19198e-06,0.00339458,-0.0781318,0.0128813,-0.00339977
7.46,4,-0.4,-0.370615,-0.113423,-0.178367,-0.0293849
7.46,5,-9.69545e-06,-0.00891365,0.178208,-0.00894265,0.00890396
7.47,0,1.5,1.49218,0.219147,-0.344635,0.00782011
7.47,1,-0.599992,-0.479948,-0.40775,-3.57854,-0.120045
7.47,2,1.00001,1.05862,-0.151805,-1.45465,-0.0586086
7.47,3,-5.19198e-06,0.00266597,-0.0688274,0.0145849,-0.00267116
7.47,4,-0.4,-0.371798,-0.12211,-0.164556,-0.0282014
7.47,5,-9.69545e-06,-0.0073026,0.147704,-0.00784672,0.0072929
7.48,0,1.5,1.49432,0.208458,-0.397929,0.00568612
7.48,1,-0.599992,-0.483877,-0.380596,-3.50285,-0.116116
7.48,2,1.00001,1.0571,-0.151546,-1.40957,-0.0570887
7.48,3,-5.19198e-06,0.00202088,-0.0611945,0.016456,-0.00202608
7.48,4,-0.4,-0.373056,-0.128344,-0.151376,-0.0269435
7.48,5,-9.69545e-06,-0.00597442,0.121248,-0.0065507,0.00596473
7.49,0,1.5,1.49634,0.196325,-0.442286,0.0036672
7.49,1,-0.599992,-0.487529,-0.352657,-3.44055,-0.112463
7.49,2,1.00001,1.0556,-0.147621,-1.37252,-0.055592
7.49,3,-5.19198e-06,0.00144488,-0.054818,0.0183901,-0.00145007
7.49,4,-0.4,-0.374358,-0.13123,-0.139515,-0.0256413
7.49,5,-9.69545e-06,-0.00488888,0.0987375,-0.00522532,0.00487919
7.5,0,1.5,1.49823,0.18302,-0.478008,0.00177627
7.5,1,-0.599992,-0.4909,-0.324249,-3.39095,-0.109092
7.5,2,1.00001,1.05416,-0.140605,-1.34335,-0.0541521
7.5,3,-5.19198e-06,0.000927569,-0.0493095,0.0202581,-0.000932761
7.5,4,-0.4,-0.37567,-0.130531,-0.129373,-0.0243299
7.5,5,-9.69545e-06,-0.0040083,0.0798306,-0.00395616,0.00399861
7.51,0,1.5,1.49998,0.168802,-0.50546,2.36247e-05
7.51,1,-0.599992,-0.493985,-0.295617,-3.35344,-0.106007
7.51,2,1.00001,1.0528,-0.131058,-1.32178,-0.0527967
7.51,3,-5.19198e-06,0.00046203,-0.0443656,0.0219471,-0.000467222
7.51,4,-0.4,-0.376955,-0.126419,-0.121147,-0.0230445
7.51,5,-9.69545e-06,-0.00329887,0.0641191,-0.00278982,0.00328918
7.52,0,1.5,1.50159,0.153912,-0.525054,-0.00158296
7.52,1,-0.599992,-0.496784,-0.266972,-3.32743,-0.103209
7.52,2,1.00001,1.05155,-0.119508,-1.30743,-0.0515482
7.52,3,-5.19198e-06,4.38611e-05,-0.0397719,0.0233726,-4.90531e-05
7.52,4,-0.4,-0.378182,-0.119295,-0.11489,-0.0218172
7.52,5,-9.69545e-06,-0.00273091,0.0511934,-0.00175196,0.00272121
7.53,0,1.5,1.50304,0.138576,-0.537248,-0.00303801
7.53,1,-0.599992,-0.499297,-0.238505,-3.31232,-0.100696
7.53,2,1.00001,1.05043,-0.106439,-1.29984,-0.0504239
7.53,3,-5.19198e-06,-0.000329626,-0.0353907,0.0244788,0.000324434
7.53,4,-0.4,-0.379324,-0.109669,-0.110569,-0.0206754
7.53,5,-9.69545e-06,-0.0022787,0.0406665,-0.000854937,0.002269
7.54,0,1.5,1.50434,0.123001,-0.542532,-0.00433822
7.54,1,-0.599992,-0.501527,-0.210395,-3.30745,-0.0984658
7.54,2,1.00001,1.04944,-0.0922902,-1.29852,-0.0494366
7.54,3,-5.19198e-06,-0.000660085,-0.031144,0.0252353,0.000654893
7.54,4,-0.4,-0.380359,-0.0980849,-0.108086,-0.019641
7.54,5,-9.69545e-06,-0.00192025,0.0321821,-0.00010187,0.00191055
7.55,0,1.5,1.50549,0.107379,-0.541427,-0.00548227
7.55,1,-0.599992,-0.503478,-0.182816,-3.31211,-0.096514
7.55,2,1.00001,1.0486,-0.0774558,-1.30294,-0.0485949
7.55,3,-5.19198e-06,-0.000948642,-0.0269976,0.0256331,0.00094345
7.55,4,-0.4,-0.381269,-0.0850735,-0.107309,-0.0187308
7.55,5,-9.69545e-06,-0.00163692,0.0254177,0.000510821,0.00162723
7.56,0,1.5,1.50647,0.091883,-0.534475,-0.00647066
7.56,1,-0.599992,-0.505158,-0.155937,-3.32556,-0.0948343
7.56,2,1.00001,1.04791,-0.0622842,-1.31254,-0.0479036
7.56,3,-5.19198e-06,-0.00119626,-0.0229476,0.0256793,0.00119107
7.56,4,-0.4,-0.382043,-0.0711248,-0.108087,-0.0179562
7.56,5,-9.69545e-06,-0.00141314,0.020086,0.000991445,0.00140345
7.57,0,1.5,1.50731,0.0766715,-0.522236,-0.00730553
7.57,1,-0.599992,-0.506573,-0.129918,-3.347,-0.0934189
7.57,2,1.00001,1.04737,-0.0470807,-1.32677,-0.0473645
7.57,3,-5.19198e-06,-0.00140397,-0.0190093,0.0253934,0.00139878
7.57,4,-0.4,-0.382676,-0.0566765,-0.110255,-0.0173241
7.57,5,-9.69545e-06,-0.001236,0.0159335,0.00135147,0.0012263
7.58,0,1.5,1.50799,0.0618853,-0.505277,-0.00799052
7.58,1,-0.599992,-0.507734,-0.104913,-3.37559,-0.0922581
7.58,2,1.00001,1.04698,-0.0321093,-1.34507,-0.0469763
7.58,3,-5.19198e-06,-0.00157304,-0.0152088,0.0248037,0.00156785
7.58,4,-0.4,-0.383162,-0.0421085,-0.113646,-0.0168375
7.58,5,-9.69545e-06,-0.00109494,0.01274,0.00160419,0.00108524
7.59,0,1.5,1.50853,0.0476488,-0.484169,-0.00853057
7.59,1,-0.599992,-0.508651,-0.0810624,-3.41046,-0.0913412
7.59,2,1.00001,1.04674,-0.0175956,-1.36687,-0.0467355
7.59,3,-5.19198e-06,-0.001705,-0.0115763,0.0239438,0.0016998
7.59,4,-0.4,-0.383504,-0.0277429,-0.118094,-0.0164957
7.59,5,-9.69545e-06,-0.000981431,0.0103164,0.00176375,0.000971736
7.6,0,1.5,1.50894,0.0340706,-0.459484,-0.00893179
7.6,1,-0.599992,-0.509337,-0.0584947,-3.45075,-0.0906558
7.6,2,1.00001,1.04664,-0.00372936,-1.39163,-0.0466364
7.6,3,-5.19198e-06,-0.0018017,-0.00814218,0.0228503,0.0017965
7.6,4,-0.4,-0.383704,-0.0138469,-0.123438,-0.0162952
7.6,5,-9.69545e-06,-0.000888688,0.00850242,0.00184424,0.000878992
7.61,0,1.5,1.50921,0.0212433,-0.431782,-0.0092013
7.61,1,-0.599992,-0.509804,-0.0373224,-3.49557,-0.0901885
7.61,2,1.00001,1.04668,0.0093328,-1.41882,-0.0466717
7.61,3,-5.19198e-06,-0.00186527,-0.0049336,0.021561,0.00186008
7.61,4,-0.4,-0.38377,-0.000637286,-0.129522,-0.01623
7.61,5,-9.69545e-06,-0.000811369,0.00716401,0.00185916,0.000801673
7.62,0,1.5,1.50935,0.00924391,-0.401613,-0.00934702
7.62,1,-0.599992,-0.510068,-0.0176413,-3.54407,-0.0899247
7.62,2,1.00001,1.04684,0.0214646,-1.44791,-0.0468326
7.62,3,-5.19198e-06,-0.00189811,-0.00197284,0.0201129,0.00189292
7.62,4,-0.4,-0.383707,0.0117145,-0.136196,-0.0162924
7.62,5,-9.69545e-06,-0.000745343,0.00619075,0.00182101,0.000735647
7.63,0,1.5,1.50938,-0.00186539,-0.369508,-0.0093776
7.63,1,-0.599992,-0.510143,0.000470959,-3.59538,-0.0898493
7.63,2,1.00001,1.04712,0.0325677,-1.47841,-0.0471092
7.63,3,-5.19198e-06,-0.00190279,0.000723571,0.0185418,0.0018976
7.63,4,-0.4,-0.383527,0.0230776,-0.143322,-0.0164729
7.63,5,-9.69545e-06,-0.000687469,0.00549289,0.001741,0.000677773
7.64,0,1.5,1.50931,-0.0120369,-0.335978,-0.00930222
7.64,1,-0.599992,-0.510046,0.0169556,-3.64871,-0.089946
7.64,2,1.00001,1.0475,0.042569,-1.50986,-0.0474908
7.64,3,-5.19198e-06,-0.001882,0.00314511,0.0168811,0.00187681
7.64,4,-0.4,-0.383239,0.0333565,-0.150767,-0.0167611
7.64,5,-9.69545e-06,-0.000635401,0.00499858,0.00162895,0.000625705
7.65,0,1.5,1.50913,-0.0212369,-0.301507,-0.00913043
7.65,1,-0.599992,-0.509794,0.031773,-3.70326,-0.0901984
7.65,2,1.00001,1.04797,0.0514186,-1.54182,-0.0479661
7.65,3,-5.19198e-06,-0.00183854,0.00528699,0.0151613,0.00183335
7.65,4,-0.4,-0.382854,0.0424868,-0.15841,-0.0171459
7.65,5,-9.69545e-06,-0.000587427,0.00465122,0.00149329,0.000577731
7.66,0,1.5,1.50888,-0.0294445,-0.266551,-0.0088721
7.66,1,-0.599992,-0.509403,0.0449021,-3.7583,-0.0905898
7.66,2,1.00001,1.04853,0.0590871,-1.57388,-0.0485234
7.66,3,-5.19198e-06,-0.0017752,0.00714961,0.0134103,0.00177001
7.66,4,-0.4,-0.382384,0.0504311,-0.166139,-0.0176154
7.66,5,-9.69545e-06,-0.000542328,0.00440691,0.00134109,0.000532633
7.67,0,1.5,1.50854,-0.0366513,-0.231534,-0.00853719
7.67,1,-0.599992,-0.508889,0.0563407,-3.81315,-0.0911031
7.67,2,1.00001,1.04916,0.0655643,-1.60566,-0.0491509
7.67,3,-5.19198e-06,-0.00169474,0.00873788,0.0116528,0.00168955
7.67,4,-0.4,-0.381842,0.0571752,-0.17385,-0.0181578
7.67,5,-9.69545e-06,-0.000499266,0.00423222,0.00117819,0.00048957
7.68,0,1.5,1.50814,-0.0428602,-0.196848,-0.00813571
7.68,1,-0.599992,-0.508271,0.0661038,-3.86717,-0.0917216
7.68,2,1.00001,1.04984,0.0708565,-1.63681,-0.0498366
7.68,3,-5.19198e-06,-0.00159988,0.0100604,0.0099106,0.00159468
7.68,4,-0.4,-0.381239,0.0627249,-0.181451,-0.0187611
7.68,5,-9.69545e-06,-0.000457687,0.00410215,0.00100932,0.000447992
7.69,0,1.5,1.50768,-0.0480847,-0.162849,-0.00767757
7.69,1,-0.599992,-0.507564,0.0742233,-3.91981,-0.0924286
7.69,2,1.00001,1.05058,0.0749849,-1.66704,-0.0505689
7.69,3,-5.19198e-06,-0.00149319,0.0111287,0.00820278,0.001488
7.69,4,-0.4,-0.380586,0.0671031,-0.188858,-0.0194133
7.69,5,-9.69545e-06,-0.000417252,0.00399835,0.00083828,0.000407557
7.7,0,1.5,1.50718,-0.0523481,-0.129855,-0.00717249
7.7,1,-0.599992,-0.506784,0.0807461,-3.97056,-0.093208
7.7,2,1.00001,1.05134,0.0779839,-1.69605,-0.0513361
7.7,3,-5.19198e-06,-0.00137716,0.0119565,0.00654578,0.00137197
7.7,4,-0.4,-0.379897,0.0703473,-0.195999,-0.0201031
7.7,5,-9.69545e-06,-0.000377774,0.00390764,0.000668101,0.000368079
7.71,0,1.5,1.50663,-0.0556819,-0.0981514,-0.00662992
7.71,1,-0.599992,-0.505948,0.0857329,-4.01896,-0.0940441
7.71,2,1.00001,1.05213,0.0798994,-1.72362,-0.0521274
7.71,3,-5.19198e-06,-0.0012541,0.0125591,0.00495364,0.00124891
7.71,4,-0.4,-0.37918,0.0725068,-0.202808,-0.0208194
7.71,5,-9.69545e-06,-0.000339176,0.00382078,0.000501168,0.00032948
7.72,0,1.5,1.50606,-0.0581254,-0.0679819,-0.00605895
7.72,1,-0.599992,-0.50507,0.0892566,-4.06465,-0.094922
7.72,2,1.00001,1.05294,0.0807873,-1.74954,-0.0529321
7.72,3,-5.19198e-06,-0.00112618,0.0129528,0.00343823,0.00112099
7.72,4,-0.4,-0.378448,0.0736413,-0.209233,-0.0215515
7.72,5,-9.69545e-06,-0.000301455,0.00373142,0.000339375,0.00029176
7.73,0,1.5,1.50547,-0.0597245,-0.0395556,-0.00546823
7.73,1,-0.599992,-0.504165,0.0914008,-4.1073,-0.0958275
7.73,2,1.00001,1.05375,0.0807114,-1.77363,-0.0537403
7.73,3,-5.19198e-06,-0.000995392,0.0131543,0.0020094,0.0009902
7.73,4,-0.4,-0.37771,0.0738184,-0.215226,-0.0222896
7.73,5,-9.69545e-06,-0.000264663,0.00363535,0.000184232,0.000254967
7.74,0,1.5,1.50487,-0.0605306,-0.0130448,-0.00486592
7.74,1,-0.599992,-0.503245,0.0922579,-4.14666,-0.0967472
7.74,2,1.00001,1.05455,0.0797426,-1.79577,-0.0545428
7.74,3,-5.19198e-06,-0.000863566,0.0131808,0.000675232,0.000858374
7.74,4,-0.4,-0.376975,0.0731121,-0.220753,-0.0230246
7.74,5,-9.69545e-06,-0.000228881,0.00352988,3.69621e-05,0.000219185
7.75,0,1.5,1.50426,-0.0605998,0.0114137,-0.00425964
7.75,1,-0.599992,-0.502323,0.0919273,-4.18254,-0.0976689
7.75,2,1.00001,1.05534,0.0779575,-1.81585,-0.055331
7.75,3,-5.19198e-06,-0.000732358,0.0130493,-0.000557899,0.000727166
7.75,4,-0.4,-0.376252,0.0716014,-0.225785,-0.0237481
7.75,5,-9.69545e-06,-0.000194213,0.00341339,-0.000101428,0.000184518
7.76,0,1.5,1.50366,-0.0599918,0.033717,-0.00365646
7.76,1,-0.599992,-0.501411,0.0905141,-4.21479,-0.0985813
7.76,2,1.00001,1.0561,0.0754362,-1.83379,-0.0560973
7.76,3,-5.19198e-06,-0.000603257,0.0127763,-0.00168512,0.000598065
7.76,4,-0.4,-0.375547,0.0693683,-0.230303,-0.0244524
7.76,5,-9.69545e-06,-0.000160775,0.00328499,-0.000230096,0.00015108
7.77,0,1.5,1.50307,-0.0587688,0.0537949,-0.00306279
7.77,1,-0.599992,-0.500518,0.0881271,-4.24334,-0.0994741
7.77,2,1.00001,1.05684,0.0722622,-1.84957,-0.0568347
7.77,3,-5.19198e-06,-0.000477587,0.0123782,-0.00270296,0.000472395
7.77,4,-0.4,-0.374869,0.0664972,-0.234295,-0.0251307
7.77,5,-9.69545e-06,-0.000128689,0.00314434,-0.000348334,0.000118994
7.78,0,1.5,1.50249,-0.0569949,0.0716076,-0.00248443
7.78,1,-0.599992,-0.499654,0.0848775,-4.26816,-0.100338
7.78,2,1.00001,1.05754,0.0685203,-1.86316,-0.0575372
7.78,3,-5.19198e-06,-0.000356512,0.0118708,-0.0036093,0.00035132
7.78,4,-0.4,-0.374222,0.0630732,-0.237755,-0.0257773
7.78,5,-9.69545e-06,-9.80764e-05,0.00299149,-0.000455541,8.83809e-05
7.79,0,1.5,1.50193,-0.0547352,0.0871442,-0.00192653
7.79,1,-0.599992,-0.498827,0.0808772,-4.28925,-0.101165
7.79,2,1.00001,1.05821,0.0642959,-1.87458,-0.0581995
7.79,3,-5.19198e-06,-0.000241039,0.0112695,-0.0044032,0.000235848
7.79,4,-0.4,-0.373613,0.0591811,-0.240686,-0.026387
7.79,5,-9.69545e-06,-6.90578e-05,0.00282679,-0.000551226,5.93623e-05
7.8,0,1.5,1.5014,-0.0520547,0.10042,-0.0013936
7.8,1,-0.599992,-0.498043,0.0762375,-4.30668,-0.101949
7.8,2,1.00001,1.05882,0.0596738,-1.88387,-0.0588174
7.8,3,-5.19198e-06,-0.000132029,0.0105888,-0.00508491,0.000126837
7.8,4,-0.4,-0.373044,0.0549046,-0.243097,-0.0269556
7.8,5,-9.69545e-06,-4.17484e-05,0.00265088,-0.000634999,3.2053e-05
7.81,0,1.5,1.50089,-0.0490181,0.111475,-0.000889489
7.81,1,-0.599992,-0.497309,0.0710679,-4.32055,-0.102684
7.81,2,1.00001,1.05939,0.0547374,-1.89109,-0.0593872
7.81,3,-5.19198e-06,-3.01948e-05,0.00984299,-0.00565577,2.50029e-05
7.81,4,-0.4,-0.37252,0.0503251,-0.245,-0.0274796
7.81,5,-9.69545e-06,-1.62559e-05,0.00246463,-0.000706586,6.56045e-06
7.82,0,1.5,1.50042,-0.0456886,0.12037,-0.000417404
7.82,1,-0.599992,-0.496629,0.065475,-4.33098,-0.103364
7.82,2,1.00001,1.05991,0.0495675,-1.89632,-0.0599063
7.82,3,-5.19198e-06,6.38863e-05,0.00904554,-0.0061181,-6.90782e-05
7.82,4,-0.4,-0.372043,0.0455213,-0.246414,-0.0279566
7.82,5,-9.69545e-06,7.32226e-06,0.00226914,-0.000765829,-1.70177e-05
7.83,0,1.5,1.49998,-0.0421275,0.127185,2.00624e-05
7.83,1,-0.599992,-0.496006,0.0595614,-4.33813,-0.103986
7.83,2,1.00001,1.06038,0.0442418,-1.89967,-0.0603728
7.83,3,-5.19198e-06,0.000149769,0.00820933,-0.00647521,-0.000154961
7.83,4,-0.4,-0.371615,0.0405681,-0.247361,-0.0283847
7.83,5,-9.69545e-06,2.89009e-05,0.00206574,-0.000812704,-3.85963e-05
7.84,0,1.5,1.49958,-0.0383936,0.132018,0.00042092
7.84,1,-0.599992,-0.495444,0.0534246,-4.3422,-0.104548
7.84,2,1.00001,1.06079,0.0388339,-1.90123,-0.0607855
7.84,3,-5.19198e-06,0.000227135,0.00734662,-0.00673124,-0.000232327
7.84,4,-0.4,-0.371237,0.0355362,-0.24787,-0.0287627
7.84,5,-9.69545e-06,4.84092e-05,0.001856,-0.000847323,-5.81047e-05
7.85,0,1.5,1.49922,-0.034543,0.134979,0.000783752
7.85,1,-0.599992,-0.494944,0.0471569,-4.34339,-0.105048
7.85,2,1.00001,1.06115,0.033413,-1.90115,-0.061144
7.85,3,-5.19198e-06,0.000295782,0.00646899,-0.00689113,-0.000300974
7.85,4,-0.4,-0.370909,0.0304917,-0.247968,-0.0290903
7.85,5,-9.69545e-06,6.57933e-05,0.00164164,-0.000869937,-7.54888e-05
7.86,0,1.5,1.4989,-0.0306283,0.136192,0.00110768
7.86,1,-0.599992,-0.494507,0.040844,-4.34193,-0.105485
7.86,2,1.00001,1.06146,0.0280434,-1.89954,-0.0614485
7.86,3,-5.19198e-06,0.000355621,0.00558732,-0.00696052,-0.000360813
7.86,4,-0.4,-0.370632,0.0254956,-0.247689,-0.0293677
7.86,5,-9.69545e-06,8.10174e-05,0.00142459,-0.000880942,-9.07128e-05
7.87,0,1.5,1.49861,-0.0266986,0.13579,0.00139235
7.87,1,-0.599992,-0.494134,0.0345651,-4.33805,-0.105859
7.87,2,1.00001,1.06171,0.0227836,-1.89656,-0.0616999
7.87,3,-5.19198e-06,0.00040667,0.00471173,-0.00694565,-0.000411862
7.87,4,-0.4,-0.370404,0.0206033,-0.247067,-0.0295956
7.87,5,-9.69545e-06,9.40655e-05,0.00120688,-0.000880869,-0.000103761
7.88,0,1.5,1.49837,-0.0227989,0.13391,0.00163784
7.88,1,-0.599992,-0.493822,0.0283922,-4.33199,-0.10617
7.88,2,1.00001,1.06191,0.0176865,-1.89236,-0.0618995
7.88,3,-5.19198e-06,0.00044904,0.00385158,-0.00685327,-0.000454232
7.88,4,-0.4,-0.370224,0.0158645,-0.246136,-0.0297755
7.88,5,-9.69545e-06,0.000104943,0.000990626,-0.000870379,-0.000114638
7.89,0,1.5,1.49816,-0.0189704,0.130699,0.0018447
7.89,1,-0.599992,-0.493571,0.0223901,-4.32401,-0.106421
7.89,2,1.00001,1.06206,0.0127989,-1.88708,-0.0620493
7.89,3,-5.19198e-06,0.000482934,0.00301541,-0.0066905,-0.000488126
7.89,4,-0.4,-0.370091,0.0113233,-0.244933,-0.029909
7.89,5,-9.69545e-06,0.000113676,0.000777985,-0.000850251,-0.000123371
7.9,0,1.5,1.49799,-0.0152497,0.126303,0.00201384
7.9,1,-0.599992,-0.493379,0.0166161,-4.31437,-0.106613
7.9,2,1.00001,1.06216,0.00816164,-1.88087,-0.0621516
7.9,3,-5.19198e-06,0.000508634,0.00221089,-0.00646479,-0.000513826
7.9,4,-0.4,-0.370001,0.00701764,-0.243495,-0.0299983
7.9,5,-9.69545e-06,0.000120312,0.00057109,-0.000821364,-0.000130007
7.91,0,1.5,1.49786,-0.0116695,0.120869,0.00214651
7.91,1,-0.599992,-0.493244,0.0111198,-4.30331,-0.106749
7.91,2,1.00001,1.06222,0.00380923,-1.87389,-0.062209
7.91,3,-5.19198e-06,0.000526495,0.00144482,-0.00618376,-0.000531687
7.91,4,-0.4,-0.369954,0.00297977,-0.241858,-0.030046
7.91,5,-9.69545e-06,0.000124921,0.000371995,-0.000784679,-0.000134616
7.92,0,1.5,1.49776,-0.00825791,0.114546,0.0022443
7.92,1,-0.599992,-0.493161,0.0059435,-4.29108,-0.106831
7.92,2,1.00001,1.06223,-0.000229905,-1.86628,-0.0622246
7.92,3,-5.19198e-06,0.000536935,0.000723051,-0.0058551,-0.000542127
7.92,4,-0.4,-0.369945,-0.00076397,-0.240058,-0.030055
7.92,5,-9.69545e-06,0.00012759,0.00018263,-0.000741218,-0.000137286
