sim_t,joint,desired,actual,velocity,torque,error
0,0,0,0,0,0,0
0,1,-0.8,-0.8,0,0,0
0,2,1.2,1.2,0,-6.66134e-15,-2.22045e-16
0,3,0,0,0,0,0
0,4,-0.4,-0.4,0,0,0
0,5,0,0,0,0,0
0.01,0,0,0,0,0,0
0.01,1,-0.8,-0.799036,0.16595,-0.536428,-0.000964426
0.01,2,1.2,1.20018,0.0384837,-0.0823016,-0.000177805
0.01,3,0,0,0,0,0
0.01,4,-0.4,-0.401011,-0.1636,0.089886,0.00101077
0.01,5,0,0,0,0,0
0.02,0,0,0,0,0,0
0.02,1,-0.8,-0.796699,0.2836,-0.982847,-0.00330121
0.02,2,1.2,1.20089,0.100179,-0.227177,-0.000893941
0.02,3,0,0,0,0,0
0.02,4,-0.4,-0.402999,-0.213878,0.130932,0.00299909
0.02,5,0,0,0,0,0
0.03,0,0,0,0,0,0
0.03,1,-0.8,-0.79336,0.371512,-1.38016,-0.00664049
0.03,2,1.2,1.20226,0.165307,-0.398268,-0.00225512
0.03,3,0,0,0,0,0
0.03,4,-0.4,-0.40506,-0.191605,0.136286,0.00506038
0.03,5,0,0,0,0,0
0.04,0,0,0,0,0,0
0.04,1,-0.8,-0.789258,0.439158,-1.74714,-0.0107418
0.04,2,1.2,1.20425,0.226588,-0.580675,-0.00424998
0.04,3,0,0,0,0,0
0.04,4,-0.4,-0.406654,-0.128913,0.117692,0.00665443
0.04,5,0,0,0,0,0
0.05,0,0,0,0,0,0
0.05,1,-0.8,-0.784566,0.491833,-2.09285,-0.0154339
0.05,2,1.2,1.20682,0.281133,-0.766927,-0.00682205
0.05,3,0,0,0,0,0
0.05,4,-0.4,-0.407507,-0.0480056,0.0840564,0.0075067
0.05,5,0,0,0,0,0
0.06,0,0,0,0,0,0
0.06,1,-0.8,-0.779414,0.532665,-2.42142,-0.0205856
0.06,2,1.2,1.2099,0.327782,-0.952464,-0.00989669
0.06,3,0,0,0,0,0
0.06,4,-0.4,-0.407519,0.0368425,0.0417314,0.00751908
0.06,5,0,0,0,0,0
0.07,0,0,0,0,0,0
0.07,1,-0.8,-0.77391,0.563557,-2.73426,-0.0260898
0.07,2,1.2,1.21339,0.366159,-1.13409,-0.0133924
0.07,3,0,0,0,0,0
0.07,4,-0.4,-0.406703,0.117015,-0.00488035,0.00670341
0.07,5,0,0,0,0,0
0.08,0,0,0,0,0,0
0.08,1,-0.8,-0.768146,0.585705,-3.03128,-0.031854
0.08,2,1.2,1.21723,0.396296,-1.30939,-0.0172265
0.08,3,0,0,0,0,0
0.08,4,-0.4,-0.405135,0.18773,-0.0527828,0.00513529
0.08,5,0,0,0,0,0
0.09,0,0,0,0,0,0
0.09,1,-0.8,-0.762205,0.599905,-3.31154,-0.0377955
0.09,2,1.2,1.22132,0.418456,-1.47645,-0.0213178
0.09,3,0,0,0,0,0
0.09,4,-0.4,-0.402923,0.246709,-0.0999671,0.00292345
0.09,5,0,0,0,0,0
0.1,0,0,0,0,0,0
0.1,1,-0.8,-0.756162,0.606744,-3.57375,-0.043838
0.1,2,1.2,1.22559,0.43304,-1.63374,-0.0255886
0.1,3,0,0,0,0,0
0.1,4,-0.4,-0.40019,0.293258,-0.145108,0.000190081
0.1,5,0,0,0,0,0
0.11,0,0,0,0,0,0
0.11,1,-0.8,-0.750089,0.606714,-3.81657,-0.0499108
0.11,2,1.2,1.22997,0.440534,-1.78004,-0.0299659
0.11,3,0,0,0,0,0
0.11,4,-0.4,-0.397059,0.327642,-0.187352,-0.00294137
0.11,5,0,0,0,0,0
0.12,0,0,0,0,0,0
0.12,1,-0.8,-0.744052,0.600284,-4.03876,-0.0559476
0.12,2,1.2,1.23438,0.441472,-1.91439,-0.0343815
0.12,3,0,0,0,0,0
0.12,4,-0.4,-0.393647,0.350674,-0.226164,-0.0063534
0.12,5,0,0,0,0,0
0.13,0,0,0,0,0,0
0.13,1,-0.8,-0.738113,0.587937,-4.2393,-0.0618872
0.13,2,1.2,1.23877,0.436424,-2.03604,-0.0387732
0.13,3,0,0,0,0,0
0.13,4,-0.4,-0.390062,0.363451,-0.261232,-0.00993838
0.13,5,0,0,0,0,0
0.14,0,0,0,0,0,0
0.14,1,-0.8,-0.732327,0.570184,-4.41748,-0.0676732
0.14,2,1.2,1.24308,0.425975,-2.14448,-0.0430842
0.14,3,0,0,0,0,0
0.14,4,-0.4,-0.3864,0.367186,-0.292396,-0.0136004
0.14,5,0,0,0,0,0
0.15,0,0,0,0,0,0
0.15,1,-0.8,-0.726746,0.547576,-4.57291,-0.0732545
0.15,2,1.2,1.24726,0.410723,-2.23936,-0.0472638
0.15,3,0,0,0,0,0
0.15,4,-0.4,-0.382744,0.363109,-0.319601,-0.0172558
0.15,5,0,0,0,0,0
0.16,0,0,0,0,0,0
0.16,1,-0.8,-0.721414,0.520693,-4.70551,-0.0785856
0.16,2,1.2,1.25127,0.391267,-2.32055,-0.0512672
0.16,3,0,0,0,0,0
0.16,4,-0.4,-0.379167,0.352406,-0.342867,-0.020833
0.16,5,0,0,0,0,0
0.17,0,0,0,0,0,0
0.17,1,-0.8,-0.716373,0.490142,-4.81552,-0.0836273
0.17,2,1.2,1.25506,0.368208,-2.38809,-0.0550558
0.17,3,0,0,0,0,0
0.17,4,-0.4,-0.375728,0.33619,-0.362271,-0.024272
0.17,5,0,0,0,0,0
0.18,0,0,0,0,0,0
0.18,1,-0.8,-0.711654,0.456543,-4.90348,-0.0883462
0.18,2,1.2,1.2586,0.342139,-2.44218,-0.0585967
0.18,3,0,0,0,0,0
0.18,4,-0.4,-0.372477,0.31549,-0.377932,-0.0275233
0.18,5,0,0,0,0,0
0.19,0,0,0,0,0,0
0.19,1,-0.8,-0.707285,0.420518,-4.97017,-0.0927152
0.19,2,1.2,1.26186,0.313646,-2.48319,-0.0618631
0.19,3,0,0,0,0,0
0.19,4,-0.4,-0.369453,0.291246,-0.390002,-0.0305474
0.19,5,0,0,0,0,0
0.2,0,0,0,0,0,0
0.2,1,-0.8,-0.703286,0.382682,-5.01659,-0.0967136
0.2,2,1.2,1.26483,0.283299,-2.51162,-0.064834
0.2,3,0,0,0,0,0
0.2,4,-0.4,-0.366686,0.264309,-0.398663,-0.0333136
0.2,5,0,0,0,0,0
0.21,0,0,0,0,0,0
0.21,1,-0.8,-0.699674,0.343629,-5.04394,-0.100326
0.21,2,1.2,1.26749,0.251651,-2.52811,-0.0674938
0.21,3,0,0,0,0,0
0.21,4,-0.4,-0.364201,0.235448,-0.404118,-0.0357993
0.21,5,0,0,0,0,0
0.22,0,0,0,0,0,0
0.22,1,-0.8,-0.696455,0.303927,-5.05356,-0.103545
0.22,2,1.2,1.26983,0.219228,-2.53343,-0.0698324
0.22,3,0,0,0,0,0
0.22,4,-0.4,-0.362011,0.205355,-0.406589,-0.037989
0.22,5,0,0,0,0,0
0.23,0,0,0,0,0,0
0.23,1,-0.8,-0.693635,0.264109,-5.04692,-0.106365
0.23,2,1.2,1.27184,0.186531,-2.52841,-0.0718449
0.23,3,0,0,0,0,0
0.23,4,-0.4,-0.360126,0.174649,-0.406316,-0.0398739
0.23,5,0,0,0,0,0
0.24,0,0,0,0,0,0
0.24,1,-0.8,-0.691212,0.224666,-5.02553,-0.108788
0.24,2,1.2,1.27353,0.154026,-2.51398,-0.0735311
0.24,3,0,0,0,0,0
0.24,4,-0.4,-0.358549,0.143881,-0.403549,-0.041451
0.24,5,0,0,0,0,0
0.25,0,0,0,0,0,0
0.25,1,-0.8,-0.689178,0.186045,-4.99101,-0.110822
0.25,2,1.2,1.2749,0.12214,-2.49114,-0.0748953
0.25,3,0,0,0,0,0
0.25,4,-0.4,-0.357278,0.113541,-0.39855,-0.0427224
0.25,5,0,0,0,0,0
0.26,0,0,0,0,0,0
0.26,1,-0.8,-0.687525,0.148643,-4.94495,-0.112475
0.26,2,1.2,1.27595,0.0912627,-2.4609,-0.0759459
0.26,3,0,0,0,0,0
0.26,4,-0.4,-0.356305,0.084053,-0.391585,-0.0436948
0.26,5,0,0,0,0,0
0.27,0,0,0,0,0,0
0.27,1,-0.8,-0.686237,0.112809,-4.88896,-0.113763
0.27,2,1.2,1.27669,0.0617363,-2.42432,-0.0766948
0.27,3,0,0,0,0,0
0.27,4,-0.4,-0.355621,0.0557871,-0.382923,-0.0443787
0.27,5,0,0,0,0,0
0.28,0,0,0,0,0,0
0.28,1,-0.8,-0.685297,0.0788394,-4.82463,-0.114703
0.28,2,1.2,1.27716,0.0338582,-2.38244,-0.0771574
0.28,3,0,0,0,0,0
0.28,4,-0.4,-0.355212,0.0290557,-0.372833,-0.0447882
0.28,5,0,0,0,0,0
0.29,0,0,0,0,0,0
0.29,1,-0.8,-0.684686,0.0469823,-4.75352,-0.115314
0.29,2,1.2,1.27735,0.00787764,-2.3363,-0.0773514
0.29,3,0,0,0,0,0
0.29,4,-0.4,-0.35506,0.00411722,-0.361579,-0.04494
0.29,5,0,0,0,0,0
0.3,0,0,0,0,0,0
0.3,1,-0.8,-0.68438,0.017437,-4.6771,-0.11562
0.3,2,1.2,1.2773,-0.0160044,-2.2869,-0.0772971
0.3,3,0,0,0,0,0
0.3,4,-0.4,-0.355147,-0.0188215,-0.349416,-0.0448533
0.3,5,0,0,0,0,0
0.31,0,0,0,0,0,0
0.31,1,-0.8,-0.684357,-0.00964384,-4.59679,-0.115643
0.31,2,1.2,1.27702,-0.0376346,-2.23522,-0.0770161
0.31,3,0,0,0,0,0
0.31,4,-0.4,-0.355451,-0.0396033,-0.33659,-0.0445489
0.31,5,0,0,0,0,0
0.32,0,0,0,0,0,0
0.32,1,-0.8,-0.68459,-0.0341515,-4.51393,-0.11541
0.32,2,1.2,1.27653,-0.056906,-2.18214,-0.0765318
0.32,3,0,0,0,0,0
0.32,4,-0.4,-0.355951,-0.0581182,-0.323334,-0.0440492
0.32,5,0,0,0,0,0
0.33,0,0,0,0,0,0
0.33,1,-0.8,-0.685054,-0.0560184,-4.42977,-0.114946
0.33,2,1.2,1.27587,-0.0737559,-2.12853,-0.0758681
0.33,3,0,0,0,0,0
0.33,4,-0.4,-0.356623,-0.0743006,-0.309866,-0.043377
0.33,5,0,0,0,0,0
0.34,0,0,0,0,0,0
0.34,1,-0.8,-0.685722,-0.075215,-4.34546,-0.114278
0.34,2,1.2,1.27505,-0.0881631,-2.07515,-0.0750493
0.34,3,0,0,0,0,0
0.34,4,-0.4,-0.357444,-0.0881258,-0.296386,-0.0425561
0.34,5,0,0,0,0,0
0.35,0,0,0,0,0,0
0.35,1,-0.8,-0.686568,-0.0917463,-4.26205,-0.113432
0.35,2,1.2,1.2741,-0.100145,-2.0227,-0.0740998
0.35,3,0,0,0,0,0
0.35,4,-0.4,-0.35839,-0.0996066,-0.283075,-0.0416097
0.35,5,0,0,0,0,0
0.36,0,0,0,0,0,0
0.36,1,-0.8,-0.687564,-0.105649,-4.1805,-0.112436
0.36,2,1.2,1.27304,-0.109752,-1.9718,-0.0730435
0.36,3,0,0,0,0,0
0.36,4,-0.4,-0.359439,-0.10879,-0.270095,-0.0405613
0.36,5,0,0,0,0,0
0.37,0,0,0,0,0,0
0.37,1,-0.8,-0.688685,-0.116989,-4.10165,-0.111315
0.37,2,1.2,1.2719,-0.117066,-1.92299,-0.0719039
0.37,3,0,0,0,0,0
0.37,4,-0.4,-0.360567,-0.115752,-0.25759,-0.0394333
0.37,5,0,0,0,0,0
0.38,0,0,0,0,0,0
0.38,1,-0.8,-0.689905,-0.125854,-4.02623,-0.110095
0.38,2,1.2,1.2707,-0.122194,-1.87671,-0.0707033
0.38,3,0,0,0,0,0
0.38,4,-0.4,-0.361753,-0.120595,-0.245682,-0.0382474
0.38,5,0,0,0,0,0
0.39,0,0,0,0,0,0
0.39,1,-0.8,-0.691202,-0.132356,-3.95487,-0.108798
0.39,2,1.2,1.26946,-0.125266,-1.83335,-0.0694629
0.39,3,0,0,0,0,0
0.39,4,-0.4,-0.362976,-0.123442,-0.234473,-0.0370242
0.39,5,0,0,0,0,0
0.4,0,0,0,0,0,0
0.4,1,-0.8,-0.69255,-0.136626,-3.88811,-0.10745
0.4,2,1.2,1.2682,-0.126428,-1.79321,-0.0682023
0.4,3,0,0,0,0,0
0.4,4,-0.4,-0.364217,-0.124435,-0.224046,-0.0357829
0.4,5,0,0,0,0,0
0.41,0,0,0,0,0,0
0.41,1,-0.8,-0.69393,-0.138806,-3.82637,-0.10607
0.41,2,1.2,1.26694,-0.125839,-1.75652,-0.0669399
0.41,3,0,0,0,0,0
0.41,4,-0.4,-0.365459,-0.123726,-0.214466,-0.0345411
0.41,5,0,0,0,0,0
0.42,0,0,0,0,0,0
0.42,1,-0.8,-0.695321,-0.139056,-3.76998,-0.104679
0.42,2,1.2,1.26569,-0.12367,-1.72343,-0.0656922
0.42,3,0,0,0,0,0
0.42,4,-0.4,-0.366685,-0.121481,-0.205779,-0.033315
0.42,5,0,0,0,0,0
0.43,0,0,0,0,0,0
0.43,1,-0.8,-0.696705,-0.137542,-3.71918,-0.103295
0.43,2,1.2,1.26447,-0.120094,-1.69403,-0.0644741
0.43,3,0,0,0,0,0
0.43,4,-0.4,-0.367881,-0.117869,-0.198017,-0.032119
0.43,5,0,0,0,0,0
0.44,0,0,0,0,0,0
0.44,1,-0.8,-0.698064,-0.134436,-3.67411,-0.101936
0.44,2,1.2,1.2633,-0.115289,-1.66838,-0.0632986
0.44,3,0,0,0,0,0
0.44,4,-0.4,-0.369034,-0.113062,-0.191195,-0.0309658
0.44,5,0,0,0,0,0
0.45,0,0,0,0,0,0
0.45,1,-0.8,-0.699385,-0.129918,-3.63485,-0.100615
0.45,2,1.2,1.26218,-0.109432,-1.64645,-0.0621772
0.45,3,0,0,0,0,0
0.45,4,-0.4,-0.370134,-0.107234,-0.185315,-0.0298665
0.45,5,0,0,0,0,0
0.46,0,0,0,0,0,0
0.46,1,-0.8,-0.700654,-0.124166,-3.60136,-0.0993465
0.46,2,1.2,1.26112,-0.102697,-1.62818,-0.0611192
0.46,3,0,0,0,0,0
0.46,4,-0.4,-0.37117,-0.100554,-0.180365,-0.0288303
0.46,5,0,0,0,0,0
0.47,0,0,0,0,0,0
0.47,1,-0.8,-0.701859,-0.11736,-3.57358,-0.0981415
0.47,2,1.2,1.26013,-0.0952533,-1.61347,-0.0601327
0.47,3,0,0,0,0,0
0.47,4,-0.4,-0.372135,-0.0931865,-0.176325,-0.0278647
0.47,5,0,0,0,0,0
0.48,0,0,0,0,0,0
0.48,1,-0.8,-0.702991,-0.109677,-3.55135,-0.0970095
0.48,2,1.2,1.25922,-0.0872628,-1.60219,-0.0592237
0.48,3,0,0,0,0,0
0.48,4,-0.4,-0.373024,-0.0852915,-0.173162,-0.0269759
0.48,5,0,0,0,0,0
0.49,0,0,0,0,0,0
0.49,1,-0.8,-0.704042,-0.101288,-3.53447,-0.0959583
0.49,2,1.2,1.2584,-0.078879,-1.59415,-0.0583969
0.49,3,0,0,0,0,0
0.49,4,-0.4,-0.373832,-0.0770186,-0.170837,-0.0261683
0.49,5,0,0,0,0,0
0.5,0,-9.09086e-05,0,0,-0.00363634,-9.09086e-05
0.5,1,-0.800092,-0.705006,-0.0923593,-3.52637,-0.0950861
0.5,2,1.1995,1.25766,-0.0702455,-1.60404,-0.0581511
0.5,3,0.000202832,0,0,0.00202832,0.000202832
0.5,4,-0.399904,-0.374555,-0.068509,-0.168535,-0.0253487
0.5,5,-0.000225946,0,0,-0.00112973,-0.000225946
0.51,0,-0.000999994,-6.30891e-07,-0.000191358,-0.0394005,-0.000999363
0.51,1,-0.801011,-0.705844,-0.0752921,-3.58081,-0.0951671
0.51,2,1.19455,1.25691,-0.0827864,-1.70524,-0.0623604
0.51,3,0.00223115,4.8942e-05,0.0113234,0.0150281,0.00218221
0.51,4,-0.398944,-0.375107,-0.0403509,-0.170517,-0.0238365
0.51,5,-0.0024854,-8.26177e-05,-0.0189128,-0.00634008,-0.00240279
0.52,0,-0.00190908,-6.93756e-06,-0.00112616,-0.0727072,-0.00190214
0.52,1,-0.80193,-0.706479,-0.0539553,-3.65617,-0.0954509
0.52,2,1.18959,1.25593,-0.112035,-1.76594,-0.0663335
0.52,3,0.00425947,0.00027217,0.0319258,0.0207175,0.0039873
0.52,4,-0.397983,-0.375289,0.000253,-0.181681,-0.0226943
0.52,5,-0.00474486,-0.000444983,-0.0509362,-0.00621852,-0.00429988
0.53,0,-0.00281817,-2.77694e-05,-0.00301145,-0.102582,-0.0027904
0.53,1,-0.80285,-0.70691,-0.0346043,-3.73378,-0.0959398
0.53,2,1.18464,1.25463,-0.14414,-1.8115,-0.0699926
0.53,3,0.00628779,0.000713687,0.0541168,0.023271,0.0055741
0.53,4,-0.397023,-0.375071,0.0387775,-0.19501,-0.0219527
0.53,5,-0.00700432,-0.00113025,-0.082397,-0.00465122,-0.00587406
0.54,0,-0.00372725,-7.26842e-05,-0.00583817,-0.128668,-0.00365457
0.54,1,-0.803769,-0.707166,-0.0189049,-3.80739,-0.0966025
0.54,2,1.17968,1.25302,-0.174962,-1.85016,-0.0733361
0.54,3,0.00831611,0.0013724,0.0752371,0.0242949,0.00694371
0.54,4,-0.396063,-0.374499,0.0711364,-0.208079,-0.0215638
0.54,5,-0.00926377,-0.00210689,-0.109398,-0.00296494,-0.00715688
0.55,0,-0.00463634,-0.000150644,-0.00951715,-0.150876,-0.00448569
0.55,1,-0.804688,-0.707287,-0.00703767,-3.87493,-0.097401
0.55,2,1.17472,1.25111,-0.203513,-1.88448,-0.0763836
0.55,3,0.0103444,0.00223215,0.0944525,0.0244513,0.00811228
0.55,4,-0.395103,-0.373642,0.0967253,-0.220052,-0.0214611
0.55,5,-0.0115232,-0.00332592,-0.131413,-0.00156269,-0.00819731
0.56,0,-0.00554542,-0.000269536,-0.0139308,-0.169243,-0.00527589
0.56,1,-0.805607,-0.707309,0.00127291,-3.93575,-0.0982984
0.56,2,1.16977,1.24893,-0.229781,-1.91519,-0.0791584
0.56,3,0.0123727,0.00327263,0.111587,0.024049,0.00910012
0.56,4,-0.394142,-0.372563,0.116056,-0.230662,-0.0215793
0.56,5,-0.0137827,-0.00473999,-0.148973,-0.000521435,-0.00904269
0.57,0,-0.00645451,-0.000436018,-0.0189535,-0.183879,-0.00601849
0.57,1,-0.806527,-0.707266,0.00642177,-3.98971,-0.0992611
0.57,2,1.16481,1.24649,-0.254008,-1.94244,-0.0816819
0.57,3,0.0144011,0.00447323,0.126698,0.0232593,0.00992784
0.57,4,-0.393182,-0.371322,0.129947,-0.239855,-0.0218602
0.57,5,-0.0160421,-0.00630879,-0.162855,0.00018988,-0.00973335
0.58,0,-0.0073636,-0.000655492,-0.0244602,-0.194944,-0.0067081
0.58,1,-0.807446,-0.707186,0.00881636,-4.03684,-0.10026
0.58,2,1.15986,1.24383,-0.276467,-1.96626,-0.083973
0.58,3,0.0164294,0.00581445,0.139925,0.0221944,0.0106149
0.58,4,-0.392222,-0.369968,0.139249,-0.247657,-0.022254
0.58,5,-0.0183016,-0.0079997,-0.173803,0.00063148,-0.0103019
0.59,0,-0.00827268,-0.000932127,-0.0303302,-0.202632,-0.00734055
0.59,1,-0.808365,-0.707096,0.0088447,-4.0773,-0.101269
0.59,2,1.1549,1.24095,-0.297392,-1.98666,-0.0860482
0.59,3,0.0184577,0.00727832,0.151429,0.0209365,0.0111794
0.59,4,-0.391262,-0.368542,0.144752,-0.25413,-0.0227193
0.59,5,-0.0205611,-0.00978697,-0.182452,0.000865008,-0.0107741
0.6,0,-0.00918177,-0.00126892,-0.0364495,-0.207165,-0.00791284
0.6,1,-0.809284,-0.707017,0.00686723,-4.1113,-0.102268
0.6,2,1.14994,1.23786,-0.316971,-2.00371,-0.0879217
0.6,3,0.020486,0.00884854,0.161376,0.0195495,0.0116375
0.6,4,-0.390302,-0.367079,0.147157,-0.259355,-0.0232221
0.6,5,-0.0228205,-0.0116505,-0.189315,0.000944557,-0.01117
0.61,0,-0.0100909,-0.00166779,-0.0427123,-0.208786,-0.00842306
0.61,1,-0.810204,-0.706967,0.00321591,-4.13911,-0.103237
0.61,2,1.14499,1.23459,-0.335346,-2.01749,-0.0896061
0.61,3,0.0225143,0.0105104,0.169927,0.0180835,0.0120039
0.61,4,-0.389341,-0.365606,0.147077,-0.263417,-0.0237348
0.61,5,-0.02508,-0.0135748,-0.194801,0.000914575,-0.0115051
0.62,0,-0.0109999,-0.00212961,-0.0490214,-0.207749,-0.00887033
0.62,1,-0.811123,-0.706961,-0.00180484,-4.16104,-0.104161
0.62,2,1.14003,1.23114,-0.352619,-2.02815,-0.0911129
0.62,3,0.0245427,0.0122508,0.177235,0.0165775,0.0122918
0.62,4,-0.388381,-0.364145,0.145043,-0.266406,-0.0242356
0.62,5,-0.0273394,-0.0155479,-0.199225,0.00081022,-0.0117915
0.63,0,-0.011909,-0.00265436,-0.0552889,-0.20432,-0.00925466
0.63,1,-0.812042,-0.707012,-0.007917,-4.17744,-0.10503
0.63,2,1.13507,1.22753,-0.368864,-2.03585,-0.0924527
0.63,3,0.026571,0.0140582,0.183444,0.0150616,0.0125128
0.63,4,-0.387421,-0.362713,0.141507,-0.268412,-0.0247074
0.63,5,-0.0295989,-0.0175606,-0.202833,0.000658522,-0.0120383
0.64,0,-0.0128181,-0.00324119,-0.0614365,-0.198767,-0.00957692
0.64,1,-0.812961,-0.707129,-0.0148677,-4.18869,-0.105832
0.64,2,1.13012,1.22375,-0.384131,-2.0408,-0.0936354
0.64,3,0.0285993,0.0159222,0.188687,0.0135587,0.0126771
0.64,4,-0.386461,-0.361323,0.136855,-0.269527,-0.0251374
0.64,5,-0.0318583,-0.0196058,-0.205808,0.000479715,-0.0122526
0.65,0,-0.0137272,-0.00388852,-0.0673958,-0.19136,-0.00983868
0.65,1,-0.813881,-0.707319,-0.0224284,-4.19518,-0.106562
0.65,2,1.12516,1.21983,-0.398453,-2.04321,-0.0946707
0.65,3,0.0306276,0.0178339,0.193086,0.0120854,0.0127937
0.65,4,-0.3855,-0.359984,0.131417,-0.269839,-0.0255163
0.65,5,-0.0341178,-0.0216779,-0.208294,0.000288538,-0.0124399
0.66,0,-0.0146363,-0.00459412,-0.0731077,-0.182363,-0.0100422
0.66,1,-0.8148,-0.707587,-0.0303936,-4.19734,-0.107213
0.66,2,1.12021,1.21577,-0.411851,-2.04333,-0.0955678
0.66,3,0.0326559,0.0197855,0.196751,0.0106538,0.0128704
0.66,4,-0.38454,-0.358702,0.125467,-0.269436,-0.0258378
0.66,5,-0.0363773,-0.0237727,-0.210395,9.53817e-05,-0.0126046
0.67,0,-0.0155454,-0.00535524,-0.0785227,-0.172037,-0.0101901
0.67,1,-0.815719,-0.707936,-0.0385803,-4.1956,-0.107783
0.67,2,1.11525,1.21159,-0.42434,-2.0414,-0.096336
0.67,3,0.0346843,0.0217702,0.199781,0.00927221,0.0129141
0.67,4,-0.38358,-0.357482,0.119239,-0.268405,-0.0260981
0.67,5,-0.0386367,-0.0258867,-0.212191,-9.27209e-05,-0.01275
0.68,0,-0.0164545,-0.00616868,-0.0836002,-0.16063,-0.0102858
0.68,1,-0.816638,-0.708367,-0.0468269,-4.19038,-0.108272
0.68,2,1.11029,1.20728,-0.435927,-2.03767,-0.0969843
0.68,3,0.0367126,0.0237821,0.202265,0.00794622,0.0129305
0.68,4,-0.38262,-0.356324,0.112926,-0.266828,-0.0262956
0.68,5,-0.0408962,-0.0280173,-0.213743,-0.000271265,-0.0128788
0.69,0,-0.0173635,-0.00703089,-0.0883081,-0.148382,-0.0103326
0.69,1,-0.817558,-0.70888,-0.054992,-4.18212,-0.108677
0.69,2,1.10534,1.20286,-0.44662,-2.03241,-0.0975216
0.69,3,0.0387409,0.0258161,0.20428,0.00667943,0.0129248
0.69,4,-0.381659,-0.355229,0.106687,-0.264785,-0.0264302
0.69,5,-0.0431556,-0.0301624,-0.215096,-0.0004376,-0.0129933
0.7,0,-0.0182726,-0.00793804,-0.0926225,-0.135516,-0.0103346
0.7,1,-0.818477,-0.709474,-0.0629537,-4.17125,-0.109003
0.7,2,1.10038,1.19834,-0.456427,-2.02585,-0.0979568
0.7,3,0.0407692,0.0278681,0.205895,0.00547398,0.0129011
0.7,4,-0.380699,-0.354196,0.100652,-0.262353,-0.0265034
0.7,5,-0.0454151,-0.03232,-0.216284,-0.000590397,-0.0130951
0.71,0,-0.0191817,-0.00888608,-0.0965271,-0.122244,-0.0102956
0.71,1,-0.819396,-0.710146,-0.0706085,-4.15818,-0.10925
0.71,2,1.09543,1.19372,-0.465357,-2.01825,-0.0982988
0.71,3,0.0427975,0.0299343,0.207168,0.00433105,0.0128632
0.71,4,-0.379739,-0.353221,0.0949243,-0.259605,-0.0265179
0.71,5,-0.0476745,-0.0344887,-0.217333,-0.000729225,-0.0131859
0.72,0,-0.0200908,-0.00987087,-0.100012,-0.10876,-0.0102199
0.72,1,-0.820315,-0.710892,-0.0778701,-4.14331,-0.109423
0.72,2,1.09047,1.18903,-0.473422,-2.00985,-0.0985563
0.72,3,0.0448259,0.0320117,0.208152,0.00325113,0.0128142
0.72,4,-0.378779,-0.352301,0.0895851,-0.25661,-0.0264771
0.72,5,-0.049934,-0.0366672,-0.218265,-0.00085424,-0.0132668
0.73,0,-0.0209999,-0.0108882,-0.103075,-0.0952437,-0.0101117
0.73,1,-0.821235,-0.711709,-0.0846683,-4.12702,-0.109526
0.73,2,1.08551,1.18425,-0.480639,-2.00086,-0.0987379
0.73,3,0.0468542,0.0340974,0.208889,0.0022343,0.0127568
0.73,4,-0.377818,-0.351433,0.0846956,-0.253431,-0.0263855
0.73,5,-0.0521935,-0.0388545,-0.219096,-0.000965952,-0.0133389
0.74,0,-0.021909,-0.0119338,-0.105717,-0.0818557,-0.00997516
0.74,1,-0.822154,-0.71259,-0.0909478,-4.10969,-0.109563
0.74,2,1.08056,1.17941,-0.487026,-1.9915,-0.0988518
0.74,3,0.0488825,0.0361894,0.209418,0.00128031,0.0126931
0.74,4,-0.376858,-0.350611,0.0802992,-0.25013,-0.0262476
0.74,5,-0.0544529,-0.0410496,-0.219838,-0.00106506,-0.0134033
0.75,0,-0.0228181,-0.0130036,-0.107946,-0.0687409,-0.00981448
0.75,1,-0.823073,-0.713532,-0.0966674,-4.09164,-0.109541
0.75,2,1.0756,1.17451,-0.492609,-1.98197,-0.0989063
0.75,3,0.0509108,0.0382856,0.209772,0.000388728,0.0126252
0.75,4,-0.375898,-0.349829,0.0764244,-0.246761,-0.0260686
0.75,5,-0.0567124,-0.0432517,-0.220503,-0.00115235,-0.0134606
0.76,0,-0.0237271,-0.0140934,-0.109774,-0.0560267,-0.00963373
0.76,1,-0.823992,-0.714527,-0.101798,-4.07321,-0.109465
0.76,2,1.07065,1.16955,-0.497416,-1.97245,-0.0989093
0.76,3,0.0529391,0.0403846,0.209978,-0.000441076,0.0125545
0.76,4,-0.374938,-0.349084,0.0730864,-0.243373,-0.0258538
0.76,5,-0.0589718,-0.0454601,-0.2211,-0.0012286,-0.0135117
0.77,0,-0.0246362,-0.0151994,-0.111216,-0.043824,-0.00943683
0.77,1,-0.824912,-0.715571,-0.106323,-4.05467,-0.109341
0.77,2,1.06569,1.16456,-0.501479,-1.96309,-0.0988683
0.77,3,0.0549675,0.0424849,0.210059,-0.00120989,0.0124825
0.77,4,-0.373977,-0.348369,0.0702889,-0.240013,-0.0256085
0.77,5,-0.0612313,-0.0476741,-0.221638,-0.00129458,-0.0135572
0.78,0,-0.0255453,-0.0163178,-0.112292,-0.0322271,-0.00922754
0.78,1,-0.825831,-0.716656,-0.110235,-4.03629,-0.109175
0.78,2,1.06073,1.15952,-0.504835,-1.95405,-0.0987906
0.78,3,0.0569958,0.0445855,0.210037,-0.00191868,0.0124103
0.78,4,-0.373017,-0.347679,0.0680261,-0.236719,-0.0253383
0.78,5,-0.0634908,-0.0498932,-0.222123,-0.00135099,-0.0135976
0.79,0,-0.0264544,-0.017445,-0.113021,-0.0213146,-0.00900943
0.79,1,-0.82675,-0.717777,-0.113537,-4.01831,-0.108973
0.79,2,1.05578,1.15446,-0.507524,-1.94544,-0.098683
0.79,3,0.0590241,0.0466853,0.209928,-0.00256861,0.0123388
0.79,4,-0.372057,-0.347009,0.0662837,-0.233528,-0.0250483
0.79,5,-0.0657502,-0.0521169,-0.222561,-0.0013985,-0.0136333
0.8,0,-0.0273635,-0.0185777,-0.113428,-0.0111495,-0.00878581
0.8,1,-0.827669,-0.718928,-0.11624,-4.00095,-0.108742
0.8,2,1.05082,1.14937,-0.509587,-1.93739,-0.0985521
0.8,3,0.0610524,0.0487836,0.209748,-0.00316107,0.0122688
0.8,4,-0.371097,-0.346353,0.0650407,-0.23047,-0.0247437
0.8,5,-0.0680097,-0.0543447,-0.222957,-0.00143771,-0.013665
0.81,0,-0.0282726,-0.0197128,-0.113537,-0.00178085,-0.00855978
0.81,1,-0.828589,-0.720102,-0.11836,-3.98437,-0.108486
0.81,2,1.04586,1.14427,-0.511068,-1.92998,-0.0984037
0.81,3,0.0630807,0.0508799,0.209511,-0.00369769,0.0122009
0.81,4,-0.370136,-0.345707,0.0642704,-0.227569,-0.0244292
0.81,5,-0.0702691,-0.0565763,-0.223317,-0.00146921,-0.0136929
0.82,0,-0.0291817,-0.0208475,-0.113375,0.00675636,-0.00833418
0.82,1,-0.829508,-0.721295,-0.119923,-3.96875,-0.108213
0.82,2,1.04091,1.13915,-0.512015,-1.92328,-0.0982436
0.82,3,0.0651091,0.0529734,0.209228,-0.00418032,0.0121356
0.82,4,-0.369176,-0.345067,0.0639419,-0.224847,-0.0241095
0.82,5,-0.0725286,-0.0588113,-0.223644,-0.00149353,-0.0137173
0.83,0,-0.0300907,-0.0219792,-0.112967,0.0144397,-0.00811157
0.83,1,-0.830427,-0.7225,-0.120957,-3.9542,-0.107927
0.83,2,1.03595,1.13403,-0.512473,-1.91735,-0.0980766
0.83,3,0.0671374,0.055064,0.208908,-0.0046111,0.0120734
0.83,4,-0.368216,-0.344427,0.0640205,-0.222321,-0.0237888
0.83,5,-0.074788,-0.0610494,-0.223941,-0.00151119,-0.0137387
0.84,0,-0.0309998,-0.0231056,-0.112343,0.0212585,-0.00789425
0.84,1,-0.831346,-0.723713,-0.121496,-3.94084,-0.107633
0.84,2,1.031,1.1289,-0.512491,-1.91225,-0.0979076
0.84,3,0.0691657,0.0571512,0.208563,-0.00499238,0.0120145
0.84,4,-0.367256,-0.343785,0.0644695,-0.220002,-0.0234709
0.84,5,-0.0770475,-0.0632903,-0.224211,-0.00152273,-0.0137572
0.85,0,-0.0319089,-0.0242247,-0.111528,0.0272131,-0.00768424
0.85,1,-0.832266,-0.724929,-0.121576,-3.92874,-0.107337
0.85,2,1.02604,1.12378,-0.512117,-1.90798,-0.0977406
0.85,3,0.071194,0.0592348,0.208198,-0.00532677,0.0119592
0.85,4,-0.366295,-0.343136,0.0652503,-0.217901,-0.0231594
0.85,5,-0.079307,-0.0655338,-0.224458,-0.00152865,-0.0137732
0.86,0,-0.032818,-0.0253347,-0.110549,0.0323134,-0.00748331
0.86,1,-0.833185,-0.726143,-0.121236,-3.91796,-0.107042
0.86,2,1.02108,1.11866,-0.511397,-1.90458,-0.0975792
0.86,3,0.0732223,0.0613147,0.207822,-0.00561707,0.0119076
0.86,4,-0.365335,-0.342478,0.0663236,-0.216021,-0.0228574
0.86,5,-0.0815664,-0.0677796,-0.224682,-0.00152946,-0.0137868
0.87,0,-0.0337271,-0.0264341,-0.109432,0.0365782,-0.00729295
0.87,1,-0.834104,-0.727352,-0.120518,-3.90854,-0.106752
0.87,2,1.01613,1.11355,-0.510378,-1.90205,-0.0974268
0.87,3,0.0752507,0.0633909,0.20744,-0.00586625,0.0118598
0.87,4,-0.364375,-0.341807,0.0676498,-0.214364,-0.0225674
0.87,5,-0.0838259,-0.0700275,-0.224886,-0.00152568,-0.0137983
0.88,0,-0.0346362,-0.0275218,-0.108203,0.040034,-0.00711439
0.88,1,-0.835023,-0.728551,-0.119463,-3.90048,-0.106472
0.88,2,1.01117,1.10846,-0.509105,-1.90037,-0.0972859
0.88,3,0.077279,0.0654632,0.207059,-0.00607744,0.0118158
0.88,4,-0.363415,-0.341123,0.0691898,-0.212931,-0.022292
0.88,5,-0.0860853,-0.0722774,-0.225072,-0.00151782,-0.0138079
0.89,0,-0.0355453,-0.0285966,-0.106886,0.0427143,-0.00694862
0.89,1,-0.835942,-0.729739,-0.118114,-3.8938,-0.106204
0.89,2,1.00622,1.10337,-0.507621,-1.89953,-0.097159
0.89,3,0.0793073,0.0675317,0.206683,-0.00625387,0.0117756
0.89,4,-0.362454,-0.340421,0.0709055,-0.211716,-0.022033
0.89,5,-0.0883448,-0.0745291,-0.22524,-0.00150639,-0.0138157
0.9,0,-0.0364543,-0.0296579,-0.105505,0.0446582,-0.0067964
0.9,1,-0.836862,-0.730911,-0.116513,-3.88847,-0.10595
0.9,2,1.00126,1.09831,-0.505968,-1.8995,-0.0970479
0.9,3,0.0813356,0.0695965,0.206317,-0.00639884,0.0117391
0.9,4,-0.361494,-0.339702,0.0727599,-0.210715,-0.0217919
0.9,5,-0.0906042,-0.0767824,-0.225392,-0.00149191,-0.0138219
0.91,0,-0.0373634,-0.0307052,-0.10408,0.0459095,-0.00665825
0.91,1,-0.837781,-0.732067,-0.114703,-3.88446,-0.105714
0.91,2,0.996303,1.09326,-0.504185,-1.90025,-0.096954
0.91,3,0.0833639,0.0716577,0.205963,-0.00651565,0.0117062
0.91,4,-0.360534,-0.338964,0.074718,-0.209918,-0.0215699
0.91,5,-0.0928637,-0.079037,-0.225528,-0.00147487,-0.0138267
0.92,0,-0.0382725,-0.031738,-0.102632,0.0465163,-0.00653449
0.92,1,-0.8387,-0.733203,-0.112723,-3.88172,-0.105497
0.92,2,0.991347,1.08823,-0.502308,-1.90174,-0.0968786
0.92,3,0.0853923,0.0737155,0.205626,-0.00660762,0.0116768
0.92,4,-0.359574,-0.338206,0.0767465,-0.209317,-0.021368
0.92,5,-0.0951232,-0.081293,-0.22565,-0.00145576,-0.0138302
0.93,0,-0.0391816,-0.0327564,-0.10118,0.0465292,-0.00642525
0.93,1,-0.839619,-0.734319,-0.110613,-3.88019,-0.105301
0.93,2,0.986391,1.08321,-0.500371,-1.90392,-0.0968223
0.93,3,0.0874206,0.07577,0.205307,-0.006678,0.0116506
0.93,4,-0.358613,-0.337427,0.0788146,-0.2089,-0.0211865
0.93,5,-0.0973826,-0.0835501,-0.225758,-0.00143502,-0.0138325
0.94,0,-0.0400907,-0.0337602,-0.0997401,0.0460015,-0.00633047
0.94,1,-0.840539,-0.735413,-0.10841,-3.87981,-0.105126
0.94,2,0.981435,1.07822,-0.498407,-1.90675,-0.0967855
0.94,3,0.0894489,0.0778214,0.205009,-0.00672996,0.0116275
0.94,4,-0.357653,-0.336627,0.0808936,-0.208654,-0.0210259
0.94,5,-0.0996421,-0.0858082,-0.225854,-0.0014131,-0.0138338
0.95,0,-0.0409998,-0.0347498,-0.0983285,0.0449875,-0.00624995
0.95,1,-0.841458,-0.736484,-0.106149,-3.88049,-0.104973
0.95,2,0.976479,1.07325,-0.496444,-1.91016,-0.0967683
0.95,3,0.0914772,0.0798699,0.204733,-0.00676655,0.0116073
0.95,4,-0.356693,-0.335807,0.0829576,-0.208566,-0.0208859
0.95,5,-0.101902,-0.0880672,-0.225937,-0.00139042,-0.0138343
0.96,0,-0.0419089,-0.0357255,-0.0969584,0.0435424,-0.00618332
0.96,1,-0.842377,-0.737533,-0.103863,-3.88216,-0.104844
0.96,2,0.971523,1.06829,-0.494507,-1.91411,-0.0967707
0.96,3,0.0935055,0.0819158,0.20448,-0.0067907,0.0115897
0.96,4,-0.355733,-0.334966,0.0849831,-0.208623,-0.0207665
0.96,5,-0.104161,-0.090327,-0.226009,-0.00136733,-0.013834
0.97,0,-0.0428179,-0.0366878,-0.0956419,0.0417212,-0.00613011
0.97,1,-0.843296,-0.738559,-0.101582,-3.88473,-0.104737
0.97,2,0.966566,1.06336,-0.492619,-1.91853,-0.0967922
0.97,3,0.0955339,0.0839593,0.20425,-0.00680515,0.0115745
0.97,4,-0.354772,-0.334105,0.0869492,-0.20881,-0.0206669
0.97,5,-0.10642,-0.0925874,-0.22607,-0.0013442,-0.013833
0.98,0,-0.043727,-0.0376373,-0.0943892,0.0395785,-0.00608973
0.98,1,-0.844216,-0.739563,-0.0993342,-3.88811,-0.104653
0.98,2,0.96161,1.05844,-0.490801,-1.92336,-0.0968322
0.98,3,0.0975622,0.0860007,0.204045,-0.00681246,0.0115615
0.98,4,-0.353812,-0.333226,0.0888378,-0.209112,-0.0205866
0.98,5,-0.10868,-0.0948484,-0.22612,-0.00132132,-0.0138315
0.99,0,-0.0446361,-0.0385746,-0.0932088,0.0371675,-0.00606148
0.99,1,-0.845135,-0.740544,-0.0971432,-3.8922,-0.104591
0.99,2,0.956654,1.05354,-0.48907,-1.92856,-0.0968899
0.99,3,0.0995905,0.0880401,0.203864,-0.00681503,0.0115504
0.99,4,-0.352852,-0.332327,0.0906332,-0.209514,-0.0205247
0.99,5,-0.110939,-0.0971099,-0.226162,-0.00129897,-0.0138295
1,0,-0.0455452,-0.0395006,-0.0921079,0.0345398,-0.0060446
1,1,-0.846054,-0.741504,-0.0950314,-3.89692,-0.10455
1,2,0.951698,1.04866,-0.48744,-1.93405,-0.0969644
1,3,0.101619,0.0900779,0.203707,-0.006815,0.0115409
1,4,-0.351892,-0.331411,0.0923224,-0.210003,-0.0204802
1,5,-0.113199,-0.0993717,-0.226195,-0.00127738,-0.0138272
1.01,0,-0.0464543,-0.040416,-0.0910919,0.031745,-0.00603826
1.01,1,-0.846973,-0.742443,-0.0930179,-3.90216,-0.10453
1.01,2,0.946742,1.0438,-0.485925,-1.93979,-0.0970546
1.01,3,0.103647,0.0921142,0.203573,-0.00681434,0.0115329
1.01,4,-0.350931,-0.33048,0.0938947,-0.210563,-0.0204519
1.01,5,-0.115458,-0.101634,-0.22622,-0.00125676,-0.0138245
1.02,0,-0.0473634,-0.0413218,-0.0901648,0.0288302,-0.0060416
1.02,1,-0.847893,-0.743363,-0.091119,-3.90784,-0.10453
1.02,2,0.941786,1.03894,-0.484533,-1.94571,-0.0971592
1.02,3,0.105675,0.0941493,0.203461,-0.00681479,0.0115262
1.02,4,-0.349971,-0.329533,0.0953417,-0.21118,-0.0204387
1.02,5,-0.117718,-0.103896,-0.226237,-0.00123726,-0.0138217
1.03,0,-0.0482725,-0.0422187,-0.0893294,0.0258395,-0.00605371
1.03,1,-0.848812,-0.744264,-0.0893482,-3.91387,-0.104548
1.03,2,0.93683,1.03411,-0.483272,-1.95177,-0.097277
1.03,3,0.107704,0.0961834,0.20337,-0.00681789,0.0115204
1.03,4,-0.349011,-0.328572,0.0966573,-0.211842,-0.0204392
1.03,5,-0.119977,-0.106158,-0.226248,-0.00121901,-0.0138187
1.04,0,-0.0491815,-0.0431079,-0.088587,0.0228143,-0.00607367
1.04,1,-0.849731,-0.745148,-0.0877165,-3.92016,-0.104583
1.04,2,0.931874,1.02928,-0.482147,-1.95791,-0.0974067
1.04,3,0.109732,0.0982167,0.203299,-0.00682496,0.0115154
1.04,4,-0.348051,-0.327599,0.0978375,-0.212536,-0.0204521
1.04,5,-0.122237,-0.108421,-0.226254,-0.00120213,-0.0138156
1.05,0,-0.0500906,-0.0439901,-0.0879379,0.0197926,-0.00610053
1.05,1,-0.85065,-0.746017,-0.0862323,-3.92663,-0.104633
1.05,2,0.926917,1.02446,-0.481162,-1.96408,-0.0975469
1.05,3,0.11176,0.100249,0.203246,-0.00683711,0.0115111
1.05,4,-0.34709,-0.326614,0.09888,-0.213249,-0.0204761
1.05,5,-0.124496,-0.110684,-0.226254,-0.00118668,-0.0138126
1.06,0,-0.0509997,-0.0448663,-0.0873813,0.0168091,-0.00613337
1.06,1,-0.85157,-0.746872,-0.0849014,-3.9332,-0.104698
1.06,2,0.921961,1.01966,-0.480317,-1.97025,-0.0976962
1.06,3,0.113789,0.102282,0.203211,-0.00685528,0.0115071
1.06,4,-0.34613,-0.32562,0.0997846,-0.21397,-0.0205097
1.06,5,-0.126756,-0.112946,-0.226249,-0.0011727,-0.0138095
1.07,0,-0.0519088,-0.0457375,-0.0869154,0.0138949,-0.00617128
1.07,1,-0.852489,-0.747715,-0.0837276,-3.93979,-0.104774
1.07,2,0.917005,1.01486,-0.479612,-1.97637,-0.0978531
1.07,3,0.115817,0.104314,0.203191,-0.00688021,0.0115035
1.07,4,-0.34517,-0.324618,0.100552,-0.21469,-0.0205517
1.07,5,-0.129015,-0.115209,-0.226241,-0.00116022,-0.0138065
1.08,0,-0.0528179,-0.0466045,-0.0865374,0.0110778,-0.00621336
1.08,1,-0.853408,-0.748546,-0.0827126,-3.94634,-0.104862
1.08,2,0.912049,1.01007,-0.479046,-1.9824,-0.0980164
1.08,3,0.117845,0.106345,0.203186,-0.00691245,0.0114999
1.08,4,-0.34421,-0.323609,0.101186,-0.215397,-0.0206005
1.08,5,-0.131274,-0.117471,-0.226229,-0.00114924,-0.0138036
1.09,0,-0.053727,-0.0474682,-0.0862441,0.00838196,-0.00625876
1.09,1,-0.854327,-0.749368,-0.0818559,-3.95279,-0.104959
1.09,2,0.907093,1.00528,-0.478614,-1.98831,-0.0981845
1.09,3,0.119874,0.108377,0.203193,-0.00695242,0.0114963
1.09,4,-0.343249,-0.322594,0.101689,-0.216085,-0.020655
1.09,5,-0.133534,-0.119733,-0.226215,-0.00113974,-0.0138009
1.1,0,-0.0546361,-0.0483294,-0.0860312,0.0058282,-0.00630664
1.1,1,-0.855247,-0.750183,-0.0811556,-3.95908,-0.105064
1.1,2,0.902137,1.00049,-0.478312,-1.99406,-0.0983563
1.1,3,0.121902,0.110409,0.203211,-0.00700036,0.0114926
1.1,4,-0.342289,-0.321575,0.102068,-0.216745,-0.0207139
1.1,5,-0.135793,-0.121995,-0.226199,-0.00113169,-0.0137983
1.11,0,-0.0555451,-0.0491889,-0.0858943,0.00343384,-0.00635622
1.11,1,-0.856166,-0.750991,-0.0806079,-3.96516,-0.105174
1.11,2,0.897181,0.995711,-0.478135,-1.99964,-0.0985304
1.11,3,0.12393,0.112442,0.203239,-0.00705639,0.0114887
1.11,4,-0.341329,-0.320553,0.102327,-0.21737,-0.0207758
1.11,5,-0.138053,-0.124257,-0.22618,-0.00112504,-0.0137958
1.12,0,-0.0564542,-0.0500474,-0.0858282,0.00121297,-0.00640679
1.12,1,-0.857085,-0.751795,-0.0802077,-3.97097,-0.10529
1.12,2,0.892225,0.99093,-0.478076,-2.00502,-0.0987056
1.12,3,0.125959,0.114474,0.203275,-0.00712051,0.0114844
1.12,4,-0.340369,-0.319529,0.102474,-0.217955,-0.0208397
1.12,5,-0.140312,-0.126519,-0.226161,-0.00111973,-0.0137936
1.13,0,-0.0573633,-0.0509057,-0.0858275,-0.000823491,-0.00645765
1.13,1,-0.858004,-0.752596,-0.0799489,-3.9765,-0.105409
1.13,2,0.887268,0.986149,-0.478127,-2.01017,-0.0988807
1.13,3,0.127987,0.116507,0.203317,-0.00719258,0.0114798
1.13,4,-0.339408,-0.318504,0.102515,-0.218494,-0.0209045
1.13,5,-0.142572,-0.12878,-0.22614,-0.00111569,-0.0137915
1.14,0,-0.0582724,-0.0517642,-0.0858865,-0.00266763,-0.00650818
1.14,1,-0.858924,-0.753394,-0.0798242,-3.9817,-0.105529
1.14,2,0.882312,0.981367,-0.478282,-2.01508,-0.0990548
1.14,3,0.130015,0.118541,0.203365,-0.0072724,0.0114747
1.14,4,-0.338448,-0.317479,0.10246,-0.218984,-0.0209692
1.14,5,-0.144831,-0.131041,-0.226119,-0.00111284,-0.0137897
1.15,0,-0.0591815,-0.0526237,-0.0859995,-0.00431436,-0.00655782
1.15,1,-0.859843,-0.754193,-0.0798252,-3.98654,-0.10565
1.15,2,0.877356,0.976583,-0.478531,-2.01974,-0.0992268
1.15,3,0.132044,0.120575,0.203417,-0.00735965,0.0114691
1.15,4,-0.337488,-0.316455,0.102316,-0.219421,-0.0210328
1.15,5,-0.147091,-0.133303,-0.226098,-0.00111109,-0.0137881
1.16,0,-0.0600906,-0.0534845,-0.0861604,-0.00576123,-0.00660606
1.16,1,-0.860762,-0.754991,-0.0799433,-3.991,-0.105771
1.16,2,0.8724,0.971796,-0.478867,-2.02414,-0.0993959
1.16,3,0.134072,0.122609,0.203472,-0.00745398,0.0114629
1.16,4,-0.336528,-0.315433,0.102092,-0.219803,-0.0210946
1.16,5,-0.14935,-0.135563,-0.226077,-0.00111037,-0.0137867
1.17,0,-0.0609997,-0.0543472,-0.0863634,-0.00700822,-0.00665246
1.17,1,-0.861681,-0.755792,-0.080169,-3.99507,-0.105889
1.17,2,0.867444,0.967005,-0.47928,-2.02827,-0.0995611
1.17,3,0.1361,0.124644,0.203528,-0.00755492,0.0114562
1.17,4,-0.335567,-0.314414,0.101797,-0.220128,-0.0211537
1.17,5,-0.15161,-0.137824,-0.226056,-0.00111057,-0.0137855
1.18,0,-0.0619087,-0.0552121,-0.0866025,-0.00805754,-0.00669663
1.18,1,-0.862601,-0.756595,-0.0804927,-3.99873,-0.106005
1.18,2,0.862488,0.96221,-0.479761,-2.03213,-0.0997219
1.18,3,0.138129,0.12668,0.203585,-0.00766201,0.0114489
1.18,4,-0.334607,-0.313398,0.101439,-0.220396,-0.0212095
1.18,5,-0.153869,-0.140085,-0.226036,-0.00111162,-0.0137845
1.19,0,-0.0628178,-0.0560796,-0.0868719,-0.00891341,-0.00673823
1.19,1,-0.86352,-0.757402,-0.0809041,-4.00198,-0.106117
1.19,2,0.857532,0.957409,-0.480302,-2.03572,-0.0998774
1.19,3,0.140157,0.128716,0.203642,-0.00777472,0.0114411
1.19,4,-0.333647,-0.312386,0.101027,-0.220605,-0.0212614
1.19,5,-0.156129,-0.142345,-0.226017,-0.0011134,-0.0137837
1.2,0,-0.0637269,-0.0569499,-0.087166,-0.00958184,-0.00677699
1.2,1,-0.864439,-0.758214,-0.0813934,-4.00482,-0.106225
1.2,2,0.852576,0.952603,-0.480893,-2.03903,-0.100027
1.2,3,0.142185,0.130753,0.203698,-0.0078925,0.0114327
1.2,4,-0.332687,-0.311378,0.100569,-0.220756,-0.021309
1.2,5,-0.158388,-0.144605,-0.225999,-0.00111583,-0.0137831
1.21,0,-0.064636,-0.0578233,-0.0874793,-0.0100704,-0.00681271
1.21,1,-0.865358,-0.759031,-0.0819504,-4.00724,-0.106327
1.21,2,0.847619,0.94779,-0.481527,-2.04208,-0.100171
1.21,3,0.144214,0.13279,0.203753,-0.00801477,0.0114237
1.21,4,-0.331727,-0.310375,0.100073,-0.22085,-0.0213517
1.21,5,-0.160647,-0.146865,-0.225982,-0.00111882,-0.0137827
1.22,0,-0.0655451,-0.0586999,-0.0878068,-0.010388,-0.00684521
1.22,1,-0.866278,-0.759854,-0.0825652,-4.00925,-0.106424
1.22,2,0.842663,0.942972,-0.482196,-2.04486,-0.100308
1.22,3,0.146242,0.134828,0.203805,-0.00814095,0.0114142
1.22,4,-0.330766,-0.309377,0.0995484,-0.220889,-0.0213893
1.22,5,-0.162907,-0.149124,-0.225965,-0.00112228,-0.0137824
1.23,0,-0.0664542,-0.0595798,-0.0881435,-0.0105447,-0.00687438
1.23,1,-0.867197,-0.760683,-0.0832281,-4.01086,-0.106514
1.23,2,0.837707,0.938146,-0.48289,-2.04738,-0.100439
1.23,3,0.14827,0.136866,0.203854,-0.00827047,0.0114042
1.23,4,-0.329806,-0.308384,0.0990014,-0.220873,-0.0214216
1.23,5,-0.165166,-0.151384,-0.225951,-0.00112612,-0.0137823
1.24,0,-0.0673633,-0.0604631,-0.0884849,-0.0105515,-0.00690016
1.24,1,-0.868116,-0.761519,-0.0839296,-4.01208,-0.106597
1.24,2,0.832751,0.933313,-0.483604,-2.04965,-0.100562
1.24,3,0.150298,0.138905,0.2039,-0.00840273,0.0113937
1.24,4,-0.328846,-0.307398,0.0984395,-0.220806,-0.0214483
1.24,5,-0.167426,-0.153643,-0.225937,-0.00113027,-0.0137823
1.25,0,-0.0682723,-0.0613498,-0.0888268,-0.0104202,-0.00692251
1.25,1,-0.869035,-0.762363,-0.0846608,-4.01293,-0.106673
1.25,2,0.827795,0.928473,-0.484329,-2.05168,-0.100678
1.25,3,0.152327,0.140944,0.203942,-0.00853719,0.0113828
1.25,4,-0.327886,-0.306416,0.0978692,-0.220689,-0.0214693
1.25,5,-0.169685,-0.155903,-0.225925,-0.00113463,-0.0137824
1.26,0,-0.0691814,-0.06224,-0.0891653,-0.0101628,-0.00694147
1.26,1,-0.869955,-0.763213,-0.0854132,-4.01341,-0.106741
1.26,2,0.822839,0.923626,-0.48506,-2.05349,-0.100787
1.26,3,0.154355,0.142984,0.20398,-0.00867328,0.0113715
1.26,4,-0.326925,-0.305441,0.0972968,-0.220525,-0.0214846
1.26,5,-0.171945,-0.158162,-0.225915,-0.00113915,-0.0137827
1.27,0,-0.0700905,-0.0631334,-0.0894969,-0.00979214,-0.00695707
1.27,1,-0.870874,-0.764072,-0.0861785,-4.01355,-0.106802
1.27,2,0.817883,0.918771,-0.48579,-2.05507,-0.100888
1.27,3,0.156383,0.145024,0.204014,-0.00881048,0.0113598
1.27,4,-0.325965,-0.304471,0.0967277,-0.220317,-0.0214942
1.27,5,-0.174204,-0.160421,-0.225905,-0.00114375,-0.0137831
1.28,0,-0.0709996,-0.0640302,-0.0898185,-0.00932089,-0.00696941
1.28,1,-0.871793,-0.764938,-0.0869495,-4.01337,-0.106855
1.28,2,0.812927,0.913909,-0.486514,-2.05645,-0.100983
1.28,3,0.158412,0.147064,0.204044,-0.0089483,0.0113478
1.28,4,-0.325005,-0.303507,0.0961672,-0.220068,-0.0214981
1.28,5,-0.176464,-0.16268,-0.225897,-0.00114837,-0.0137835
1.29,0,-0.0719087,-0.0649301,-0.0901273,-0.00876189,-0.0069786
1.29,1,-0.872712,-0.765811,-0.0877191,-4.01288,-0.106901
1.29,2,0.80797,0.90904,-0.487227,-2.05764,-0.10107
1.29,3,0.16044,0.149105,0.20407,-0.00908626,0.0113356
1.29,4,-0.324045,-0.302548,0.0956197,-0.219782,-0.0214965
1.29,5,-0.178723,-0.164939,-0.225891,-0.00115296,-0.013784
1.3,0,-0.0728178,-0.065833,-0.0904211,-0.00812784,-0.00698478
1.3,1,-0.873632,-0.766693,-0.0884812,-4.01211,-0.106939
1.3,2,0.803014,0.904164,-0.487925,-2.05864,-0.10115
1.3,3,0.162468,0.151145,0.204091,-0.00922393,0.0113231
1.3,4,-0.323084,-0.301595,0.0950892,-0.219461,-0.0214895
1.3,5,-0.180983,-0.167198,-0.225885,-0.00115747,-0.0137846
1.31,0,-0.0737269,-0.0667387,-0.0906978,-0.00743122,-0.00698812
1.31,1,-0.874551,-0.767582,-0.0892299,-4.01107,-0.106969
1.31,2,0.798058,0.899281,-0.488603,-2.05948,-0.101223
1.31,3,0.164497,0.153186,0.204108,-0.0093609,0.0113104
1.31,4,-0.322124,-0.300647,0.0945792,-0.219108,-0.0214773
1.31,5,-0.183242,-0.169457,-0.225881,-0.00116185,-0.0137852
1.32,0,-0.0746359,-0.0676472,-0.0909558,-0.00668411,-0.00698879
1.32,1,-0.87547,-0.768478,-0.0899603,-4.0098,-0.106992
1.32,2,0.793102,0.894391,-0.489259,-2.06016,-0.101289
1.32,3,0.166525,0.155228,0.20412,-0.00949681,0.0112975
1.32,4,-0.321164,-0.299704,0.0940926,-0.218728,-0.0214602
1.32,5,-0.185501,-0.171716,-0.225878,-0.00116607,-0.0137859
1.33,0,-0.075545,-0.068558,-0.0911938,-0.00589816,-0.00698699
1.33,1,-0.876389,-0.769382,-0.0906681,-4.0083,-0.107008
1.33,2,0.788146,0.889495,-0.489889,-2.0607,-0.101349
1.33,3,0.168553,0.157269,0.204129,-0.00963133,0.0112846
1.33,4,-0.320204,-0.298765,0.0936318,-0.218322,-0.0214383
1.33,5,-0.187761,-0.173974,-0.225876,-0.00117009,-0.0137866
1.34,0,-0.0764541,-0.0694712,-0.0914109,-0.00508447,-0.00698293
1.34,1,-0.877309,-0.770292,-0.0913493,-4.00661,-0.107016
1.34,2,0.78319,0.884593,-0.490492,-2.06111,-0.101403
1.34,3,0.170582,0.15931,0.204134,-0.00976417,0.0112716
1.34,4,-0.319243,-0.297831,0.0931987,-0.217895,-0.021412
1.34,5,-0.19002,-0.176233,-0.225875,-0.00117389,-0.0137873
1.35,0,-0.0773632,-0.0703864,-0.0916063,-0.00425349,-0.00697681
1.35,1,-0.878228,-0.771209,-0.0920008,-4.00474,-0.107019
1.35,2,0.778234,0.879685,-0.491066,-2.0614,-0.101451
1.35,3,0.17261,0.161351,0.204135,-0.00989509,0.0112586
1.35,4,-0.318283,-0.296902,0.0927949,-0.217449,-0.0213815
1.35,5,-0.19228,-0.178492,-0.225875,-0.00117746,-0.013788
1.36,0,-0.0782723,-0.0713034,-0.0917798,-0.00341501,-0.00696886
1.36,1,-0.879147,-0.772133,-0.0926201,-4.00272,-0.107014
1.36,2,0.773277,0.874771,-0.491609,-2.06159,-0.101494
1.36,3,0.174638,0.163393,0.204132,-0.0100239,0.0112456
1.36,4,-0.317323,-0.295976,0.0924213,-0.216987,-0.0213471
1.36,5,-0.194539,-0.180751,-0.225876,-0.00118077,-0.0137887
1.37,0,-0.0791814,-0.0722221,-0.0919313,-0.00257806,-0.0069593
1.37,1,-0.880066,-0.773062,-0.0932052,-4.00055,-0.107004
1.37,2,0.768321,0.869852,-0.492121,-2.06168,-0.101531
1.37,3,0.176667,0.165434,0.204127,-0.0101503,0.0112326
1.37,4,-0.316363,-0.295053,0.0920784,-0.216512,-0.0213092
1.37,5,-0.196799,-0.183009,-0.225877,-0.00118382,-0.0137894
1.38,0,-0.0800905,-0.0731421,-0.0920609,-0.00175092,-0.00694834
1.38,1,-0.880985,-0.773997,-0.0937545,-3.99827,-0.106988
1.38,2,0.763365,0.864928,-0.492602,-2.06169,-0.101563
1.38,3,0.178695,0.167475,0.204118,-0.0102743,0.0112197
1.38,4,-0.315402,-0.294134,0.0917666,-0.216027,-0.0212679
1.38,5,-0.199058,-0.185268,-0.225879,-0.00118661,-0.0137901
1.39,0,-0.0809995,-0.0740633,-0.0921691,-0.000941029,-0.00693621
1.39,1,-0.881905,-0.774938,-0.0942672,-3.99589,-0.106967
1.39,2,0.758409,0.86,-0.49305,-2.06162,-0.101591
1.39,3,0.180723,0.169516,0.204107,-0.0103957,0.0112069
1.39,4,-0.314442,-0.293218,0.0914856,-0.215533,-0.0212238
1.39,5,-0.201318,-0.187527,-0.225882,-0.00118914,-0.0137907
1.4,0,-0.0819086,-0.0749855,-0.0922564,-0.000155053,-0.0069231
1.4,1,-0.882824,-0.775883,-0.0947427,-3.99342,-0.106941
1.4,2,0.753453,0.855067,-0.493467,-2.06149,-0.101614
1.4,3,0.182752,0.171557,0.204094,-0.0105144,0.0111942
1.4,4,-0.313482,-0.292305,0.091235,-0.215033,-0.021177
1.4,5,-0.203577,-0.189786,-0.225884,-0.0011914,-0.0137913
1.41,0,-0.0828177,-0.0759085,-0.0923236,0.000601187,-0.00690924
1.41,1,-0.883743,-0.776833,-0.095181,-3.99088,-0.10691
1.41,2,0.748497,0.85013,-0.493853,-2.06129,-0.101633
1.41,3,0.18478,0.173598,0.204078,-0.0106305,0.0111817
1.41,4,-0.312522,-0.291394,0.091014,-0.21453,-0.0211279
1.41,5,-0.205837,-0.192045,-0.225888,-0.00119342,-0.0137919
1.42,0,-0.0837268,-0.076832,-0.0923717,0.00132268,-0.00689481
1.42,1,-0.884662,-0.777787,-0.0955824,-3.98828,-0.106876
1.42,2,0.743541,0.84519,-0.494209,-2.06105,-0.101649
1.42,3,0.186808,0.175639,0.204061,-0.0107438,0.0111693
1.42,4,-0.311561,-0.290485,0.0908216,-0.214024,-0.0210767
1.42,5,-0.208096,-0.194304,-0.225891,-0.0011952,-0.0137925
1.43,0,-0.0846359,-0.0777559,-0.0924017,0.00200522,-0.00688
1.43,1,-0.885582,-0.778745,-0.0959477,-3.98564,-0.106837
1.43,2,0.738585,0.840246,-0.494536,-2.06076,-0.101661
1.43,3,0.188837,0.177679,0.204042,-0.0108543,0.0111571
1.43,4,-0.310601,-0.289577,0.0906567,-0.213518,-0.0210237
1.43,5,-0.210355,-0.196562,-0.225895,-0.00119675,-0.013793
1.44,0,-0.085545,-0.07868,-0.0924149,0.00264539,-0.00686498
1.44,1,-0.886501,-0.779706,-0.096278,-3.98297,-0.106795
1.44,2,0.733628,0.835299,-0.494836,-2.06044,-0.10167
1.44,3,0.190865,0.17972,0.204022,-0.0109622,0.0111451
1.44,4,-0.309641,-0.288672,0.0905178,-0.213013,-0.0209693
1.44,5,-0.212615,-0.198821,-0.225898,-0.0011981,-0.0137935
1.45,0,-0.0864541,-0.0796041,-0.0924124,0.00324052,-0.00684992
1.45,1,-0.88742,-0.78067,-0.0965744,-3.98027,-0.10675
1.45,2,0.728672,0.830349,-0.49511,-2.06008,-0.101677
1.45,3,0.192893,0.18176,0.204001,-0.0110674,0.0111333
1.45,4,-0.308681,-0.287767,0.0904033,-0.21251,-0.0209135
1.45,5,-0.214874,-0.20108,-0.225902,-0.00119925,-0.013794
1.46,0,-0.0873631,-0.0805282,-0.0923957,0.00378867,-0.00683496
1.46,1,-0.888339,-0.781638,-0.0968388,-3.97756,-0.106702
1.46,2,0.723716,0.825396,-0.495359,-2.05969,-0.10168
1.46,3,0.194922,0.1838,0.203979,-0.01117,0.0111217
1.46,4,-0.30772,-0.286864,0.0903115,-0.21201,-0.0208568
1.46,5,-0.217134,-0.203339,-0.225906,-0.00120023,-0.0137944
1.47,0,-0.0882722,-0.081452,-0.0923661,0.00428858,-0.00682024
1.47,1,-0.889259,-0.782607,-0.0970727,-3.97484,-0.106651
1.47,2,0.71876,0.820442,-0.495586,-2.05927,-0.101681
1.47,3,0.19695,0.185839,0.203957,-0.01127,0.0111104
1.47,4,-0.30676,-0.285961,0.0902407,-0.211515,-0.0207993
1.47,5,-0.219393,-0.205599,-0.225909,-0.00120107,-0.0137948
1.48,0,-0.0891813,-0.0823754,-0.092325,0.00473963,-0.00680589
1.48,1,-0.890178,-0.783579,-0.0972783,-3.97211,-0.106599
1.48,2,0.713804,0.815485,-0.495793,-2.05883,-0.101681
1.48,3,0.198978,0.187879,0.203934,-0.0113675,0.0110993
1.48,4,-0.3058,-0.285059,0.090189,-0.211024,-0.0207411
1.48,5,-0.221653,-0.207858,-0.225913,-0.00120177,-0.0137951
1.49,0,-0.0900904,-0.0832984,-0.0922739,0.00514181,-0.00679199
1.49,1,-0.891097,-0.784553,-0.0974575,-3.9694,-0.106544
1.49,2,0.708848,0.810526,-0.495981,-2.05837,-0.101678
1.49,3,0.201006,0.189918,0.203911,-0.0114627,0.0110884
1.49,4,-0.30484,-0.284157,0.0901545,-0.210538,-0.0206826
1.49,5,-0.223912,-0.210117,-0.225916,-0.00120236,-0.0137954
1.5,0,-0.0909995,-0.0842208,-0.0922141,0.00549563,-0.00677866
1.5,1,-0.892016,-0.785528,-0.0976127,-3.96668,-0.106488
1.5,2,0.703892,0.805565,-0.496152,-2.05789,-0.101673
1.5,3,0.203035,0.191957,0.203888,-0.0115556,0.0110777
1.5,4,-0.303879,-0.283256,0.0901353,-0.210058,-0.0206238
1.5,5,-0.226172,-0.212376,-0.225919,-0.00120286,-0.0137957
1.51,0,-0.0919086,-0.0851426,-0.092147,0.00580211,-0.00676597
1.51,1,-0.892936,-0.786505,-0.097746,-3.96398,-0.10643
1.51,2,0.698936,0.800602,-0.496308,-2.05739,-0.101667
1.51,3,0.205063,0.193996,0.203865,-0.0116464,0.0110673
1.51,4,-0.302919,-0.282354,0.0901294,-0.209583,-0.0205648
1.51,5,-0.228431,-0.214635,-0.225922,-0.00120329,-0.013796
1.52,0,-0.0928177,-0.0860637,-0.092074,0.00606273,-0.00675399
1.52,1,-0.893855,-0.787483,-0.0978598,-3.96128,-0.106372
1.52,2,0.693979,0.795639,-0.496452,-2.05687,-0.101659
1.52,3,0.207091,0.196034,0.203843,-0.011735,0.0110571
1.52,4,-0.301959,-0.281453,0.0901351,-0.209115,-0.0205059
1.52,5,-0.230691,-0.216894,-0.225924,-0.00120367,-0.0137962
1.53,0,-0.0937267,-0.086984,-0.0919965,0.00627933,-0.00674275
1.53,1,-0.894774,-0.788463,-0.0979565,-3.95859,-0.106312
1.53,2,0.689023,0.790673,-0.496584,-2.05633,-0.10165
1.53,3,0.20912,0.198073,0.203821,-0.0118217,0.0110471
1.53,4,-0.300999,-0.280552,0.0901503,-0.208652,-0.0204471
1.53,5,-0.23295,-0.219154,-0.225926,-0.00120401,-0.0137964
1.54,0,-0.0946358,-0.0879035,-0.0919156,0.00645411,-0.00673232
1.54,1,-0.895693,-0.789443,-0.0980383,-3.95592,-0.106251
1.54,2,0.684067,0.785707,-0.496708,-2.05577,-0.10164
1.54,3,0.211148,0.200111,0.203799,-0.0119065,0.0110373
1.54,4,-0.300038,-0.27965,0.0901734,-0.208194,-0.0203884
1.54,5,-0.23521,-0.221413,-0.225928,-0.00120434,-0.0137966
1.55,0,-0.0955449,-0.0888222,-0.0918326,0.00658955,-0.0067227
1.55,1,-0.896613,-0.790423,-0.0981076,-3.95325,-0.106189
1.55,2,0.679111,0.780739,-0.496825,-2.05519,-0.101628
1.55,3,0.213176,0.202149,0.203779,-0.0119895,0.0110278
1.55,4,-0.299078,-0.278748,0.0902025,-0.207742,-0.0203301
1.55,5,-0.237469,-0.223672,-0.22593,-0.00120466,-0.0137967
1.56,0,-0.096454,-0.0897401,-0.0917485,0.00668835,-0.00671393
1.56,1,-0.897532,-0.791405,-0.0981665,-3.95059,-0.106127
1.56,2,0.674155,0.77577,-0.496937,-2.05458,-0.101615
1.56,3,0.215205,0.204186,0.203758,-0.0120709,0.0110184
1.56,4,-0.298118,-0.277846,0.0902362,-0.207294,-0.020272
1.56,5,-0.239728,-0.225932,-0.225931,-0.00120499,-0.0137969
1.57,0,-0.0973631,-0.0906571,-0.0916643,0.00675342,-0.00670599
1.57,1,-0.898451,-0.792387,-0.0982173,-3.94793,-0.106064
1.57,2,0.669199,0.7708,-0.497045,-2.05395,-0.101601
1.57,3,0.217233,0.206224,0.203739,-0.0121507,0.0110092
1.57,4,-0.297158,-0.276943,0.0902727,-0.206851,-0.0202144
1.57,5,-0.241988,-0.228191,-0.225933,-0.00120534,-0.013797
1.58,0,-0.0982722,-0.0915733,-0.0915811,0.00678779,-0.00669889
1.58,1,-0.89937,-0.793369,-0.098262,-3.94526,-0.106001
1.58,2,0.664243,0.765829,-0.49715,-2.05329,-0.101586
1.58,3,0.219261,0.208261,0.20372,-0.012229,0.0110003
1.58,4,-0.296197,-0.27604,0.0903108,-0.206412,-0.0201571
1.58,5,-0.244247,-0.23045,-0.225933,-0.00120573,-0.0137971
1.59,0,-0.0991813,-0.0924886,-0.0914997,0.00679458,-0.00669261
1.59,1,-0.90029,-0.794352,-0.0983025,-3.9426,-0.105938
1.59,2,0.659287,0.760857,-0.497256,-2.0526,-0.10157
1.59,3,0.22129,0.210298,0.203702,-0.0123059,0.0109915
1.59,4,-0.295237,-0.275137,0.090349,-0.205975,-0.0201001
1.59,5,-0.246507,-0.23271,-0.225934,-0.00120615,-0.0137973
1.6,0,-0.10009,-0.0934032,-0.0914209,0.00677698,-0.00668714
1.6,1,-0.901209,-0.795335,-0.0983408,-3.93992,-0.105874
1.6,2,0.65433,0.755884,-0.497362,-2.05188,-0.101553
1.6,3,0.223318,0.212335,0.203684,-0.0123814,0.0109829
1.6,4,-0.294277,-0.274233,0.090386,-0.205542,-0.0200436
1.6,5,-0.248766,-0.234969,-0.225934,-0.00120663,-0.0137974
1.61,0,-0.100999,-0.094317,-0.0913452,0.00673817,-0.00668244
1.61,1,-0.902128,-0.796319,-0.0983785,-3.93724,-0.105809
1.61,2,0.649374,0.75091,-0.49747,-2.05112,-0.101535
1.61,3,0.225346,0.214372,0.203667,-0.0124557,0.0109745
1.61,4,-0.293317,-0.273329,0.0904209,-0.20511,-0.0199874
1.61,5,-0.251026,-0.237228,-0.225934,-0.00120715,-0.0137975
1.62,0,-0.101909,-0.0952301,-0.0912733,0.00668132,-0.00667847
1.62,1,-0.903047,-0.797303,-0.0984173,-3.93453,-0.105745
1.62,2,0.644418,0.745934,-0.497581,-2.05032,-0.101516
1.62,3,0.227375,0.216408,0.203651,-0.0125287,0.0109662
1.62,4,-0.292356,-0.272425,0.0904526,-0.204678,-0.0199315
1.62,5,-0.253285,-0.239488,-0.225934,-0.00120773,-0.0137976
1.63,0,-0.10256,-0.0961424,-0.0912058,0.0169182,-0.00641748
1.63,1,-0.90391,-0.798287,-0.0984587,-3.92952,-0.105623
1.63,2,0.63946,0.740958,-0.497696,-2.04954,-0.101498
1.63,3,0.229388,0.218445,0.203636,-0.0127522,0.0109429
1.63,4,-0.291353,-0.27152,0.0904802,-0.203905,-0.0198332
1.63,5,-0.255579,-0.241747,-0.225934,-0.00138121,-0.0138323
1.64,0,-0.100892,-0.0970474,-0.0894631,0.114612,-0.00384443
1.64,1,-0.90426,-0.799265,-0.0968446,-3.90929,-0.104996
1.64,2,0.634486,0.735968,-0.500391,-2.04368,-0.101482
1.64,3,0.231264,0.220484,0.204158,-0.0146866,0.0107808
1.64,4,-0.289965,-0.270609,0.091742,-0.200718,-0.0193558
1.64,5,-0.258184,-0.244017,-0.228411,-0.00231318,-0.0141673
1.65,0,-0.0992237,-0.0979189,-0.0848578,0.202382,-0.0013048
1.65,1,-0.904611,-0.800219,-0.0942192,-3.89302,-0.104392
1.65,2,0.629513,0.730945,-0.503879,-2.03522,-0.101433
1.65,3,0.233141,0.222528,0.204589,-0.0166224,0.0106131
1.65,4,-0.288577,-0.269685,0.0929826,-0.197629,-0.0188923
1.65,5,-0.26079,-0.246325,-0.23277,-0.002494,-0.014465
1.66,0,-0.0975556,-0.0987301,-0.0776932,0.280058,0.00117445
1.66,1,-0.904961,-0.801146,-0.0913778,-3.8785,-0.103816
1.66,2,0.624539,0.72589,-0.50679,-2.02695,-0.101351
1.66,3,0.235018,0.224573,0.204413,-0.0182047,0.0104443
1.66,4,-0.287189,-0.26875,0.0938354,-0.194428,-0.0184388
1.66,5,-0.263395,-0.248678,-0.237385,-0.00236955,-0.014717
1.67,0,-0.0958875,-0.0994569,-0.0682789,0.347614,0.00356943
1.67,1,-0.905312,-0.802043,-0.088466,-3.86534,-0.103268
1.67,2,0.619565,0.720809,-0.509028,-2.01927,-0.101244
1.67,3,0.236894,0.226614,0.203616,-0.0193619,0.0102808
1.67,4,-0.2858,-0.267807,0.0946151,-0.191253,-0.0179931
1.67,5,-0.266,-0.251076,-0.241734,-0.0021002,-0.0149241
1.68,0,-0.0942194,-0.100079,-0.0569209,0.405136,0.00585932
1.68,1,-0.905662,-0.802912,-0.0855292,-3.85343,-0.10275
1.68,2,0.614591,0.715709,-0.510657,-2.01224,-0.101118
1.68,3,0.238771,0.228643,0.202323,-0.0201131,0.0101281
1.68,4,-0.284412,-0.266856,0.0955673,-0.188232,-0.0175561
1.68,5,-0.268605,-0.253515,-0.245653,-0.00175398,-0.01509
1.69,0,-0.0925513,-0.100578,-0.04392,0.452814,0.00802635
1.69,1,-0.906013,-0.803751,-0.0825893,-3.84271,-0.102262
1.69,2,0.609617,0.710596,-0.511754,-2.00587,-0.100979
1.69,3,0.240648,0.230658,0.200682,-0.0205064,0.0099903
1.69,4,-0.283024,-0.265894,0.0968252,-0.185454,-0.0171302
1.69,5,-0.27121,-0.255991,-0.249098,-0.00136674,-0.0152192
1.7,0,-0.0908832,-0.100939,-0.0295694,0.490937,0.0100557
1.7,1,-0.906363,-0.804561,-0.079659,-3.83313,-0.101803
1.7,2,0.604643,0.705475,-0.512394,-2.00016,-0.100832
1.7,3,0.242525,0.232654,0.198832,-0.0205971,0.00987021
1.7,4,-0.281636,-0.264917,0.0984406,-0.18297,-0.0167188
1.7,5,-0.273815,-0.258499,-0.252071,-0.000961999,-0.0153167
1.71,0,-0.0892151,-0.101151,-0.014153,0.519878,0.0119355
1.71,1,-0.906714,-0.805341,-0.0767468,-3.82466,-0.101373
1.71,2,0.599669,0.700349,-0.512645,-1.99511,-0.10068
1.71,3,0.244401,0.234632,0.196887,-0.02044,0.00976923
1.71,4,-0.280248,-0.263922,0.100413,-0.180811,-0.0163255
1.71,5,-0.27642,-0.261034,-0.25459,-0.000557588,-0.0153869
1.72,0,-0.087547,-0.101204,0.00205716,0.540088,0.0136565
1.72,1,-0.907064,-0.806093,-0.0738589,-3.81728,-0.100972
1.72,2,0.594695,0.695223,-0.51257,-1.99069,-0.100528
1.72,3,0.246278,0.23659,0.194939,-0.0200859,0.00968777
1.72,4,-0.278859,-0.262906,0.10271,-0.178986,-0.0159538
1.72,5,-0.279026,-0.263591,-0.256679,-0.000167851,-0.0154343
1.73,0,-0.0858789,-0.101091,0.0188027,0.552082,0.0152123
1.73,1,-0.907415,-0.806816,-0.0710015,-3.81096,-0.100599
1.73,2,0.589722,0.690099,-0.512224,-1.98687,-0.100377
1.73,3,0.248155,0.238529,0.19306,-0.0195812,0.00962547
1.73,4,-0.277471,-0.261865,0.105282,-0.177494,-0.0156066
1.73,5,-0.281631,-0.266168,-0.25837,0.000195645,-0.0154631
1.74,0,-0.0842108,-0.10081,0.0358409,0.556428,0.0165988
1.74,1,-0.907766,-0.80751,-0.0681812,-3.80567,-0.100255
1.74,2,0.584748,0.68498,-0.511658,-1.98364,-0.100232
1.74,3,0.250031,0.24045,0.1913,-0.0189664,0.00958134
1.74,4,-0.276083,-0.260796,0.108072,-0.176327,-0.0152864
1.74,5,-0.284236,-0.268759,-0.259696,0.000523832,-0.015477
1.75,0,-0.0825428,-0.100357,0.0529458,0.553736,0.0178143
1.75,1,-0.908116,-0.808177,-0.0654052,-3.80136,-0.0999393
1.75,2,0.579774,0.679867,-0.510916,-1.98096,-0.100093
1.75,3,0.251908,0.242354,0.189695,-0.0182773,0.00955399
1.75,4,-0.274695,-0.2597,0.111019,-0.17547,-0.014995
1.75,5,-0.286841,-0.271362,-0.260691,0.000809968,-0.0154794
1.76,0,-0.0808747,-0.0997341,0.0699101,0.544648,0.0188595
1.76,1,-0.908467,-0.808816,-0.0626819,-3.79799,-0.0996508
1.76,2,0.5748,0.674763,-0.510037,-1.97881,-0.0999627
1.76,3,0.253785,0.244243,0.188269,-0.0175442,0.00954171
1.76,4,-0.273306,-0.258573,0.114065,-0.174902,-0.0147337
1.76,5,-0.289446,-0.273973,-0.261392,0.00104946,-0.0154736
1.77,0,-0.0792066,-0.0989432,0.0865454,0.529829,0.0197366
1.77,1,-0.908817,-0.809428,-0.0600204,-3.79551,-0.0993892
1.77,2,0.569826,0.669668,-0.509056,-1.97713,-0.0998415
1.77,3,0.255661,0.246119,0.187033,-0.016793,0.00954265
1.77,4,-0.271918,-0.257415,0.117155,-0.174603,-0.0145031
1.77,5,-0.292051,-0.276589,-0.261836,0.00123964,-0.0154622
1.78,0,-0.0775385,-0.0979885,0.102683,0.509951,0.02045
1.78,1,-0.909168,-0.810014,-0.0574302,-3.79386,-0.0991538
1.78,2,0.564852,0.664583,-0.508004,-1.97591,-0.0997306
1.78,3,0.257538,0.247983,0.18599,-0.016045,0.0095549
1.78,4,-0.27053,-0.256227,0.120241,-0.174548,-0.0143034
1.78,5,-0.294657,-0.279209,-0.262059,0.00137958,-0.0154476
1.79,0,-0.0758704,-0.0968759,0.118175,0.485694,0.0210055
1.79,1,-0.909518,-0.810574,-0.0549216,-3.79299,-0.0989439
1.79,2,0.559878,0.659509,-0.506908,-1.9751,-0.0996304
1.79,3,0.259415,0.249838,0.185138,-0.0153174,0.00957651
1.79,4,-0.269142,-0.255007,0.123277,-0.174714,-0.0141344
1.79,5,-0.297262,-0.28183,-0.262097,0.00146982,-0.0154318
1.8,0,-0.0742023,-0.0956125,0.132893,0.457728,0.0214102
1.8,1,-0.909869,-0.81111,-0.0525046,-3.79283,-0.0987586
1.8,2,0.554904,0.654446,-0.505792,-1.97466,-0.0995413
1.8,3,0.261291,0.251686,0.184467,-0.0146239,0.00960565
1.8,4,-0.267754,-0.253758,0.126227,-0.175075,-0.0139952
1.8,5,-0.299867,-0.28445,-0.261983,0.00151212,-0.0154165
1.81,0,-0.0725342,-0.0942067,0.14673,0.426711,0.0216725
1.81,1,-0.910219,-0.811622,-0.0501893,-3.79331,-0.0985969
1.81,2,0.549931,0.649394,-0.504677,-1.97455,-0.0994634
1.81,3,0.263168,0.253527,0.183967,-0.0139751,0.00964053
1.81,4,-0.266365,-0.25248,0.129057,-0.175608,-0.013885
1.81,5,-0.302472,-0.287069,-0.261749,0.00150925,-0.0154031
1.82,0,-0.0708661,-0.0926678,0.159596,0.393281,0.0218017
1.82,1,-0.91057,-0.812112,-0.0479853,-3.79435,-0.0984577
1.82,2,0.544957,0.644353,-0.503581,-1.97474,-0.0993966
1.82,3,0.265045,0.255365,0.183624,-0.0133787,0.00967955
1.82,4,-0.264977,-0.251175,0.13174,-0.176288,-0.0138022
1.82,5,-0.305077,-0.289685,-0.261424,0.00146475,-0.0153925
1.83,0,-0.069198,-0.0910059,0.171422,0.358049,0.0218079
1.83,1,-0.91092,-0.81258,-0.0459015,-3.79589,-0.09834
1.83,2,0.539983,0.639323,-0.50252,-1.97517,-0.0993405
1.83,3,0.266921,0.2572,0.18342,-0.0128399,0.00972121
1.83,4,-0.263589,-0.249844,0.134254,-0.17709,-0.0137454
1.83,5,-0.307682,-0.292297,-0.261034,0.00138275,-0.0153855
1.84,0,-0.0675299,-0.0892317,0.182159,0.321595,0.0217018
1.84,1,-0.911271,-0.813028,-0.0439461,-3.79786,-0.0982423
1.84,2,0.535009,0.634304,-0.501508,-1.97583,-0.0992948
1.84,3,0.268798,0.259034,0.18334,-0.0123617,0.00976422
1.84,4,-0.262201,-0.248488,0.136582,-0.177992,-0.0137126
1.84,5,-0.310288,-0.294905,-0.260603,0.00126775,-0.0153827
1.85,0,-0.0658618,-0.0873563,0.191772,0.284464,0.0214945
1.85,1,-0.911621,-0.813458,-0.0421263,-3.80016,-0.0981635
1.85,2,0.530035,0.629294,-0.500557,-1.97665,-0.0992589
1.85,3,0.270675,0.260867,0.183367,-0.0119457,0.00980743
1.85,4,-0.260812,-0.24711,0.138708,-0.178971,-0.0137021
1.85,5,-0.312893,-0.297508,-0.260152,0.00112447,-0.0153843
1.86,0,-0.0641937,-0.0853911,0.200244,0.24716,0.0211973
1.86,1,-0.911972,-0.81387,-0.0404481,-3.80274,-0.0981021
1.86,2,0.525061,0.624293,-0.499677,-1.97761,-0.0992321
1.86,3,0.272551,0.262701,0.183484,-0.0115916,0.00984986
1.86,4,-0.259424,-0.245713,0.140624,-0.180006,-0.0137117
1.86,5,-0.315498,-0.300107,-0.259699,0.000957733,-0.0153904
1.87,0,-0.0625256,-0.0833474,0.207574,0.210148,0.0208217
1.87,1,-0.912322,-0.814266,-0.0389166,-3.80552,-0.0980567
1.87,2,0.520087,0.619301,-0.498877,-1.97866,-0.0992136
1.87,3,0.274428,0.264537,0.183675,-0.0112981,0.0098907
1.87,4,-0.258036,-0.244297,0.142324,-0.181076,-0.0137392
1.87,5,-0.318103,-0.302702,-0.259258,0.000772302,-0.015401
1.88,0,-0.0608575,-0.0812366,0.213773,0.173845,0.0203791
1.88,1,-0.912673,-0.814647,-0.0375353,-3.80843,-0.0980258
1.88,2,0.515113,0.614316,-0.498163,-1.97976,-0.0992027
1.88,3,0.276305,0.266375,0.183926,-0.0110627,0.00992929
1.88,4,-0.256648,-0.242865,0.143803,-0.182162,-0.0137826
1.88,5,-0.320708,-0.305292,-0.258841,0.000572823,-0.0154159
1.89,0,-0.0591894,-0.07907,0.218865,0.138626,0.0198805
1.89,1,-0.913023,-0.815015,-0.0363067,-3.81139,-0.0980079
1.89,2,0.51014,0.609338,-0.49754,-1.98087,-0.0991985
1.89,3,0.278181,0.268216,0.184222,-0.0108822,0.00996511
1.89,4,-0.25526,-0.24142,0.145062,-0.183247,-0.0138395
1.89,5,-0.323313,-0.307879,-0.258459,0.000363726,-0.0154348
1.9,0,-0.0575213,-0.0768583,0.222886,0.104821,0.019337
1.9,1,-0.913374,-0.815373,-0.035232,-3.81436,-0.0980014
1.9,2,0.505166,0.604366,-0.497013,-1.98197,-0.0991999
1.9,3,0.280058,0.27006,0.184551,-0.0107528,0.00999778
1.9,4,-0.253871,-0.239964,0.146101,-0.184313,-0.0139078
1.9,5,-0.325918,-0.310461,-0.258118,0.000149163,-0.0154573
1.91,0,-0.0558532,-0.0746122,0.225882,0.0727099,0.0187589
1.91,1,-0.913724,-0.81572,-0.034311,-3.81726,-0.0980047
1.91,2,0.500192,0.599398,-0.496584,-1.98302,-0.0992061
1.91,3,0.281935,0.271908,0.184901,-0.0106701,0.010027
1.91,4,-0.252483,-0.238498,0.146927,-0.185345,-0.0139853
1.91,5,-0.328524,-0.313041,-0.257825,-6.70329e-05,-0.0154829
1.92,0,-0.0541852,-0.0723414,0.227907,0.0425318,0.0181563
1.92,1,-0.914075,-0.816058,-0.0335424,-3.82003,-0.0980165
1.92,2,0.495218,0.594434,-0.496255,-1.98397,-0.099216
1.92,3,0.283811,0.273759,0.185261,-0.0106296,0.0100527
1.92,4,-0.251095,-0.237025,0.147543,-0.186331,-0.0140699
1.92,5,-0.331129,-0.315618,-0.257582,-0.000281381,-0.0155112
1.93,0,-0.0525171,-0.0700555,0.22902,0.0144793,0.0175385
1.93,1,-0.914425,-0.81639,-0.0329237,-3.82263,-0.0980351
1.93,2,0.490244,0.589473,-0.496026,-1.98481,-0.0992287
1.93,3,0.285688,0.275613,0.185624,-0.0106263,0.0100748
1.93,4,-0.249707,-0.235547,0.147959,-0.187256,-0.0141595
1.93,5,-0.333734,-0.318192,-0.257391,-0.000490774,-0.0155416
1.94,0,-0.050849,-0.0677632,0.229289,-0.0112971,0.0169142
1.94,1,-0.914776,-0.816717,-0.0324514,-3.82501,-0.0980591
1.94,2,0.48527,0.584513,-0.495896,-1.9855,-0.0992431
1.94,3,0.287565,0.277471,0.18598,-0.0106553,0.0100933
1.94,4,-0.248318,-0.234066,0.148184,-0.18811,-0.0142523
1.94,5,-0.336339,-0.320765,-0.257253,-0.000692486,-0.0155737
1.95,0,-0.0491809,-0.0654725,0.228784,-0.0346876,0.0162916
1.95,1,-0.915126,-0.817039,-0.0321208,-3.82712,-0.0980871
1.95,2,0.480296,0.579555,-0.495864,-1.98602,-0.0992583
1.95,3,0.289441,0.279333,0.186323,-0.0107118,0.0101082
1.95,4,-0.24693,-0.232584,0.148228,-0.188884,-0.0143463
1.95,5,-0.338944,-0.323337,-0.257166,-0.000884177,-0.0156068
1.96,0,-0.0475128,-0.0631907,0.227579,-0.0556212,0.0156779
1.96,1,-0.915477,-0.817359,-0.0319265,-3.82892,-0.0981176
1.96,2,0.475322,0.574596,-0.495925,-1.98635,-0.0992733
1.96,3,0.291318,0.281198,0.186649,-0.0107907,0.0101199
1.96,4,-0.245542,-0.231102,0.148104,-0.189571,-0.0144398
1.96,5,-0.341549,-0.325909,-0.25713,-0.00106388,-0.0156406
1.97,0,-0.0458447,-0.0609245,0.225752,-0.0740626,0.0150798
1.97,1,-0.915828,-0.817678,-0.0318622,-3.83039,-0.0981493
1.97,2,0.470349,0.569636,-0.496078,-1.98646,-0.0992871
1.97,3,0.293195,0.283066,0.186952,-0.0108875,0.0101284
1.97,4,-0.244154,-0.229623,0.147825,-0.190162,-0.0145312
1.97,5,-0.344155,-0.32848,-0.25714,-0.00123,-0.0156744
1.98,0,-0.0441766,-0.0586796,0.223377,-0.0900102,0.014503
1.98,1,-0.916178,-0.817997,-0.0319207,-3.83148,-0.098181
1.98,2,0.465375,0.564674,-0.496316,-1.98634,-0.099299
1.98,3,0.295071,0.284937,0.187229,-0.0109975,0.010134
1.98,4,-0.242766,-0.228147,0.147403,-0.190654,-0.014619
1.98,5,-0.34676,-0.331052,-0.257194,-0.00138129,-0.0157079
1.99,0,-0.0425085,-0.0564611,0.220533,-0.103493,0.0139526
1.99,1,-0.916529,-0.818317,-0.0320945,-3.83217,-0.0982114
1.99,2,0.460401,0.559709,-0.496636,-1.98597,-0.099308
1.99,3,0.296948,0.286811,0.187477,-0.0111165,0.010137
1.99,4,-0.241377,-0.226675,0.146853,-0.191042,-0.0147019
1.99,5,-0.349365,-0.333624,-0.257288,-0.00151682,-0.0157406
2,0,-0.0408404,-0.0542733,0.217294,-0.114566,0.0134329
2,1,-0.916879,-0.81864,-0.0323753,-3.83246,-0.0982395
2,2,0.455427,0.55474,-0.497031,-1.98534,-0.0993134
2,3,0.298825,0.288687,0.187695,-0.0112405,0.0101377
2,4,-0.239989,-0.22521,0.14619,-0.191325,-0.0147787
2,5,-0.35197,-0.336198,-0.257417,-0.00163599,-0.0157722
2.01,0,-0.0391723,-0.0521197,0.213736,-0.123311,0.0129474
2.01,1,-0.91723,-0.818965,-0.0327546,-3.83231,-0.0982643
2.01,2,0.450453,0.549768,-0.497495,-1.98444,-0.0993145
2.01,3,0.300701,0.290565,0.187882,-0.0113657,0.0101363
2.01,4,-0.238601,-0.223753,0.145429,-0.1915,-0.0148482
2.01,5,-0.354575,-0.338773,-0.257578,-0.00173846,-0.0158024
2.02,0,-0.0375042,-0.0500031,0.209929,-0.12983,0.0124989
2.02,1,-0.91758,-0.819295,-0.0332234,-3.83172,-0.0982848
2.02,2,0.445479,0.54479,-0.498022,-1.98327,-0.0993105
2.02,3,0.302578,0.292445,0.188037,-0.0114889,0.0101333
2.02,4,-0.237213,-0.222303,0.144583,-0.191569,-0.0149097
2.02,5,-0.35718,-0.34135,-0.257765,-0.00182417,-0.0158307
2.03,0,-0.0358361,-0.0479256,0.205941,-0.134242,0.0120895
2.03,1,-0.917931,-0.819631,-0.0337727,-3.83069,-0.0983001
2.03,2,0.440505,0.539806,-0.498605,-1.98182,-0.099301
2.03,3,0.304455,0.294326,0.18816,-0.0116069,0.0101289
2.03,4,-0.235824,-0.220862,0.143667,-0.191532,-0.0149623
2.03,5,-0.359786,-0.343928,-0.257974,-0.00189327,-0.0158571
2.04,0,-0.034168,-0.0458887,0.201837,-0.136683,0.0117207
2.04,1,-0.918281,-0.819972,-0.0343933,-3.8292,-0.0983095
2.04,2,0.435531,0.534817,-0.499237,-1.98009,-0.0992854
2.04,3,0.306331,0.296208,0.188253,-0.0117172,0.0101234
2.04,4,-0.234436,-0.219431,0.142697,-0.191392,-0.0150055
2.04,5,-0.362391,-0.346509,-0.258201,-0.00194614,-0.0158813
2.05,0,-0.0324999,-0.0438932,0.197677,-0.1373,0.0113933
2.05,1,-0.918632,-0.820319,-0.035076,-3.82727,-0.0983124
2.05,2,0.430558,0.529821,-0.499911,-1.97807,-0.0992632
2.05,3,0.308208,0.298091,0.188316,-0.0118175,0.0101172
2.05,4,-0.233048,-0.218009,0.141685,-0.191152,-0.0150387
2.05,5,-0.364996,-0.349093,-0.258441,-0.00198332,-0.0159031
2.06,0,-0.0308318,-0.0419393,0.193517,-0.13625,0.0111075
2.06,1,-0.918982,-0.820674,-0.0358116,-3.82489,-0.0983082
2.06,2,0.425584,0.524818,-0.50062,-1.97578,-0.0992341
2.06,3,0.310085,0.299974,0.188352,-0.0119058,0.0101105
2.06,4,-0.23166,-0.216598,0.140645,-0.190816,-0.0150616
2.06,5,-0.367601,-0.351679,-0.25869,-0.00200551,-0.0159225
2.07,0,-0.0291637,-0.0400268,0.189407,-0.133697,0.0108631
2.07,1,-0.919333,-0.821036,-0.0365911,-3.82208,-0.0982963
2.07,2,0.42061,0.519808,-0.501357,-1.97322,-0.0991978
2.07,3,0.311961,0.301858,0.188361,-0.0119805,0.0101036
2.07,4,-0.230272,-0.215198,0.13959,-0.190387,-0.0150741
2.07,5,-0.370206,-0.354267,-0.258944,-0.00201357,-0.0159394
2.08,0,-0.0274956,-0.0381549,0.185394,-0.129809,0.0106593
2.08,1,-0.919683,-0.821407,-0.0374058,-3.81884,-0.0982765
2.08,2,0.415636,0.51479,-0.502115,-1.97039,-0.0991539
2.08,3,0.313838,0.303741,0.188346,-0.0120404,0.0100967
2.08,4,-0.228883,-0.213807,0.138531,-0.189873,-0.0150759
2.08,5,-0.372811,-0.356858,-0.2592,-0.00200845,-0.0159537
2.09,0,-0.0258275,-0.0363225,0.181517,-0.124754,0.0104949
2.09,1,-0.920034,-0.821785,-0.0382471,-3.81519,-0.0982484
2.09,2,0.410662,0.509764,-0.502888,-1.9673,-0.0991024
2.09,3,0.315715,0.305625,0.18831,-0.0120847,0.0100901
2.09,4,-0.227495,-0.212428,0.137481,-0.189278,-0.0150672
2.09,5,-0.375417,-0.359451,-0.259454,-0.00199117,-0.0159654
2.1,0,-0.0241595,-0.0345278,0.177812,-0.118701,0.0103684
2.1,1,-0.920384,-0.822173,-0.0391069,-3.81115,-0.0982117
2.1,2,0.405688,0.504731,-0.503669,-1.96395,-0.0990431
2.1,3,0.317592,0.307508,0.188255,-0.0121129,0.010084
2.1,4,-0.226107,-0.211059,0.136448,-0.188609,-0.0150481
2.1,5,-0.378022,-0.362047,-0.259702,-0.00196286,-0.0159747
2.11,0,-0.0224914,-0.0327691,0.174309,-0.111817,0.0102778
2.11,1,-0.920735,-0.822569,-0.0399774,-3.80672,-0.0981664
2.11,2,0.400714,0.49969,-0.504452,-1.96037,-0.098976
2.11,3,0.319468,0.30939,0.188183,-0.0121245,0.0100785
2.11,4,-0.224719,-0.2097,0.135443,-0.187872,-0.0150188
2.11,5,-0.380627,-0.364645,-0.259943,-0.00192468,-0.0159815
2.12,0,-0.0208233,-0.0310443,0.171034,-0.104263,0.010221
2.12,1,-0.921085,-0.822973,-0.0408513,-3.80194,-0.0981123
2.12,2,0.39574,0.494641,-0.505232,-1.95657,-0.098901
2.12,3,0.321345,0.311271,0.188097,-0.0121198,0.0100738
2.12,4,-0.22333,-0.208351,0.134473,-0.187073,-0.0149796
2.12,5,-0.383232,-0.367246,-0.260173,-0.00187781,-0.015986
2.13,0,-0.0191552,-0.0293508,0.168007,-0.096196,0.0101956
2.13,1,-0.921436,-0.823386,-0.0417218,-3.79682,-0.0980495
2.13,2,0.390767,0.489585,-0.506004,-1.95254,-0.0988183
2.13,3,0.323222,0.313151,0.187999,-0.0120989,0.0100701
2.13,4,-0.221942,-0.207011,0.133546,-0.186221,-0.014931
2.13,5,-0.385837,-0.369849,-0.260391,-0.00182348,-0.0159882
2.14,0,-0.0174871,-0.0276861,0.165242,-0.0877637,0.0101991
2.14,1,-0.921786,-0.823808,-0.0425824,-3.79138,-0.0979781
2.14,2,0.385793,0.484521,-0.506762,-1.94832,-0.098728
2.14,3,0.325098,0.315031,0.187893,-0.0120624,0.0100673
2.14,4,-0.220554,-0.205681,0.132668,-0.185321,-0.0148734
2.14,5,-0.388442,-0.372454,-0.260595,-0.00176289,-0.0159883
2.15,0,-0.015819,-0.0260476,0.162751,-0.0791063,0.0102287
2.15,1,-0.922137,-0.824239,-0.0434274,-3.78564,-0.0978981
2.15,2,0.380819,0.479449,-0.507503,-1.9439,-0.0986301
2.15,3,0.326975,0.316909,0.18778,-0.0120112,0.0100657
2.15,4,-0.219166,-0.204359,0.131845,-0.184381,-0.0148073
2.15,5,-0.391047,-0.375061,-0.260783,-0.00169725,-0.0159864
2.16,0,-0.0141509,-0.0244325,0.16054,-0.0703542,0.0102816
2.16,1,-0.922487,-0.824678,-0.0442514,-3.77964,-0.0978098
2.16,2,0.375845,0.47437,-0.508222,-1.93931,-0.098525
2.16,3,0.328852,0.318786,0.187663,-0.011946,0.0100652
2.16,4,-0.217778,-0.203044,0.13108,-0.183406,-0.0147332
2.16,5,-0.393653,-0.37767,-0.260955,-0.00162772,-0.0159828
2.17,0,-0.0124828,-0.022838,0.158612,-0.0616275,0.0103552
2.17,1,-0.922838,-0.825125,-0.0450498,-3.77339,-0.0977134
2.17,2,0.370871,0.469284,-0.508916,-1.93455,-0.0984128
2.17,3,0.330728,0.320662,0.187545,-0.0118681,0.0100659
2.17,4,-0.216389,-0.201737,0.130378,-0.182404,-0.0146519
2.17,5,-0.396258,-0.38028,-0.261108,-0.00155544,-0.0159776
2.18,0,-0.0108147,-0.0212611,0.156964,-0.0530354,0.0104464
2.18,1,-0.923189,-0.825579,-0.0458183,-3.76691,-0.0976092
2.18,2,0.365897,0.464191,-0.509582,-1.92965,-0.0982939
2.18,3,0.332605,0.322537,0.187427,-0.0117786,0.0100678
2.18,4,-0.215001,-0.200437,0.12974,-0.181381,-0.0145639
2.18,5,-0.398863,-0.382892,-0.261243,-0.00148151,-0.0159709
2.19,0,-0.0091466,-0.0196993,0.155594,-0.0446756,0.0105527
2.19,1,-0.923539,-0.826042,-0.0465534,-3.76024,-0.0974975
2.19,2,0.360923,0.459092,-0.510218,-1.92462,-0.0981684
2.19,3,0.334482,0.324411,0.187312,-0.0116789,0.0100708
2.19,4,-0.213613,-0.199143,0.129168,-0.180343,-0.0144699
2.19,5,-0.401468,-0.385505,-0.26136,-0.00140696,-0.015963
2.2,0,-0.00747851,-0.0181496,0.154493,-0.0366345,0.0106711
2.2,1,-0.92389,-0.826511,-0.0472518,-3.75339,-0.0973786
2.2,2,0.355949,0.453986,-0.510822,-1.91946,-0.0980367
2.2,3,0.336358,0.326283,0.1872,-0.0115704,0.010075
2.2,4,-0.212225,-0.197854,0.128663,-0.179295,-0.0143705
2.2,5,-0.404073,-0.388119,-0.261457,-0.00133277,-0.015954
2.21,0,-0.00581042,-0.0166095,0.15365,-0.0289866,0.0107991
2.21,1,-0.92424,-0.826987,-0.0479112,-3.74638,-0.0972529
2.21,2,0.350976,0.448875,-0.511392,-1.91419,-0.0978992
2.21,3,0.338235,0.328155,0.187095,-0.0114545,0.0100802
2.21,4,-0.210836,-0.19657,0.128224,-0.178243,-0.0142664
2.21,5,-0.406678,-0.390734,-0.261536,-0.00125983,-0.0159441
2.22,0,-0.00414232,-0.0150765,0.153054,-0.0217948,0.0109342
2.22,1,-0.924591,-0.82747,-0.0485294,-3.73925,-0.0971209
2.22,2,0.346002,0.443758,-0.511926,-1.90883,-0.0977562
2.22,3,0.340112,0.330025,0.186997,-0.0113328,0.0100865
2.22,4,-0.209448,-0.19529,0.127851,-0.177192,-0.0141583
2.22,5,-0.409284,-0.39335,-0.261596,-0.00118898,-0.0159336
2.23,0,-0.00247423,-0.0135481,0.152689,-0.0151107,0.0110739
2.23,1,-0.924941,-0.827958,-0.049105,-3.732,-0.0969829
2.23,2,0.341028,0.438636,-0.512425,-1.90339,-0.0976081
2.23,3,0.341988,0.331895,0.186907,-0.0112067,0.0100937
2.23,4,-0.20806,-0.194013,0.127541,-0.176146,-0.0140469
2.23,5,-0.411889,-0.395966,-0.261639,-0.00112095,-0.0159225
2.24,0,-0.000806132,-0.0120222,0.15254,-0.00897491,0.0112161
2.24,1,-0.925292,-0.828452,-0.0496371,-3.72467,-0.0968394
2.24,2,0.336054,0.433509,-0.512888,-1.89788,-0.0974551
2.24,3,0.343865,0.333763,0.186826,-0.0110777,0.0101018
2.24,4,-0.206672,-0.192739,0.127294,-0.175108,-0.0139327
2.24,5,-0.414494,-0.398583,-0.261664,-0.00105641,-0.0159111
2.25,0,0.000861962,-0.0104967,0.152588,-0.00341738,0.0113587
2.25,1,-0.925642,-0.828951,-0.0501249,-3.71726,-0.0966909
2.25,2,0.33108,0.428378,-0.513314,-1.8923,-0.0972977
2.25,3,0.345742,0.335631,0.186755,-0.0109472,0.0101106
2.25,4,-0.205284,-0.191467,0.127106,-0.174083,-0.0138163
2.25,5,-0.417099,-0.401199,-0.261673,-0.00099593,-0.0158996
2.26,0,0.00253006,-0.00896974,0.152817,0.001542,0.0114998
2.26,1,-0.925993,-0.829455,-0.0505685,-3.7098,-0.0965377
2.26,2,0.326106,0.423243,-0.513705,-1.88668,-0.0971363
2.26,3,0.347618,0.337498,0.186695,-0.0108165,0.0101201
2.26,4,-0.203895,-0.190197,0.126974,-0.173074,-0.0136984
2.26,5,-0.419704,-0.403816,-0.261667,-0.000940006,-0.015888
2.27,0,0.00419815,-0.00743956,0.153205,0.00589278,0.0116377
2.27,1,-0.926343,-0.829963,-0.0509682,-3.70231,-0.0963803
2.27,2,0.321132,0.418103,-0.51406,-1.88101,-0.0969711
2.27,3,0.349495,0.339365,0.186646,-0.0106869,0.0101301
2.27,4,-0.202507,-0.188928,0.126895,-0.172083,-0.0135794
2.27,5,-0.422309,-0.406433,-0.261647,-0.000889033,-0.0158766
2.28,0,0.00586625,-0.0059047,0.153735,0.00963326,0.0117709
2.28,1,-0.926694,-0.830475,-0.0513246,-3.69479,-0.0962191
2.28,2,0.316158,0.412961,-0.514381,-1.87532,-0.0968026
2.28,3,0.351372,0.341231,0.186608,-0.0105596,0.0101405
2.28,4,-0.201119,-0.187659,0.126865,-0.171112,-0.0134599
2.28,5,-0.424915,-0.409049,-0.261614,-0.000843326,-0.0158655
2.29,0,0.00753434,-0.00436386,0.154386,0.0127697,0.0118982
2.29,1,-0.927044,-0.83099,-0.0516387,-3.68727,-0.0960546
2.29,2,0.311185,0.407816,-0.514669,-1.86959,-0.0966311
2.29,3,0.353248,0.343097,0.18658,-0.0104355,0.0101513
2.29,4,-0.199731,-0.18639,0.12688,-0.170163,-0.0133404
2.29,5,-0.42752,-0.411665,-0.261569,-0.000803112,-0.0158547
2.3,0,0.00920243,-0.00281593,0.15514,0.0153158,0.0120184
2.3,1,-0.927395,-0.831508,-0.0519121,-3.67975,-0.0958872
2.3,2,0.306211,0.402668,-0.514925,-1.86385,-0.0964568
2.3,3,0.355125,0.344963,0.186563,-0.0103158,0.0101622
2.3,4,-0.198343,-0.185121,0.126936,-0.169238,-0.0132213
2.3,5,-0.430125,-0.41428,-0.261513,-0.000768536,-0.0158445
2.31,0,0.0108705,-0.00125999,0.155977,0.0172913,0.0121305
2.31,1,-0.927745,-0.832028,-0.0521461,-3.67225,-0.0957173
2.31,2,0.301237,0.397517,-0.515151,-1.8581,-0.0962802
2.31,3,0.357002,0.346828,0.186557,-0.010201,0.0101733
2.31,4,-0.196954,-0.183851,0.127029,-0.168337,-0.0131029
2.31,5,-0.43273,-0.416895,-0.261449,-0.000739664,-0.0158349
2.32,0,0.0125386,0.000304685,0.156879,0.018722,0.0122339
2.32,1,-0.928096,-0.832551,-0.0523429,-3.66478,-0.0955453
2.32,2,0.296263,0.392364,-0.515349,-1.85234,-0.0961014
2.32,3,0.358878,0.348694,0.18656,-0.0100919,0.0101844
2.32,4,-0.195566,-0.18258,0.127153,-0.167461,-0.0129856
2.32,5,-0.435335,-0.419509,-0.261377,-0.000716486,-0.0158259
2.33,0,0.0142067,0.00187866,0.157828,0.0196381,0.0123281
2.33,1,-0.928446,-0.833075,-0.0525044,-3.65734,-0.0953715
2.33,2,0.291289,0.38721,-0.51552,-1.84658,-0.0959208
2.33,3,0.360755,0.35056,0.186572,-0.00998902,0.0101954
2.33,4,-0.194178,-0.181308,0.127305,-0.166611,-0.0128697
2.33,5,-0.43794,-0.422123,-0.261299,-0.000698922,-0.0158178
2.34,0,0.0158748,0.00346232,0.158809,0.020074,0.0124125
2.34,1,-0.928797,-0.833601,-0.0526331,-3.64995,-0.0951962
2.34,2,0.286315,0.382054,-0.515667,-1.84083,-0.0957387
2.34,3,0.362632,0.352425,0.186592,-0.00989272,0.0102063
2.34,4,-0.19279,-0.180034,0.127481,-0.165785,-0.0127555
2.34,5,-0.440545,-0.424735,-0.261217,-0.000686827,-0.0158104
2.35,0,0.0175429,0.00505587,0.159805,0.0200673,0.012487
2.35,1,-0.929147,-0.834128,-0.0527312,-3.6426,-0.0950198
2.35,2,0.281341,0.376897,-0.515791,-1.83507,-0.0955552
2.35,3,0.364508,0.354292,0.18662,-0.00980323,0.0102169
2.35,4,-0.191401,-0.178758,0.127676,-0.164983,-0.0126432
2.35,5,-0.443151,-0.427347,-0.261131,-0.000679995,-0.0158038
2.36,0,0.019211,0.00665941,0.160802,0.0196578,0.0125516
2.36,1,-0.929498,-0.834655,-0.0528014,-3.6353,-0.0948426
2.36,2,0.276367,0.371738,-0.515895,-1.82933,-0.0953705
2.36,3,0.366385,0.356158,0.186654,-0.00972068,0.0102272
2.36,4,-0.190013,-0.17748,0.127886,-0.164206,-0.0125328
2.36,5,-0.445756,-0.429958,-0.261042,-0.00067817,-0.0157982
2.37,0,0.0208791,0.00827286,0.161787,0.0188873,0.0126062
2.37,1,-0.929848,-0.835184,-0.0528463,-3.62806,-0.0946649
2.37,2,0.271394,0.366579,-0.515981,-1.82359,-0.095185
2.37,3,0.368262,0.358025,0.186693,-0.00964502,0.0102371
2.37,4,-0.188625,-0.1762,0.128107,-0.163451,-0.0124247
2.37,5,-0.448361,-0.432568,-0.260953,-0.000681047,-0.0157934
2.38,0,0.0225472,0.00989605,0.162749,0.0177983,0.0126511
2.38,1,-0.930199,-0.835712,-0.0528687,-3.62087,-0.0944868
2.38,2,0.26642,0.361418,-0.516052,-1.81786,-0.0949986
2.38,3,0.370138,0.359892,0.186737,-0.00957613,0.0102466
2.38,4,-0.187237,-0.174918,0.128335,-0.162718,-0.0123188
2.38,5,-0.450966,-0.435177,-0.260864,-0.000688284,-0.0157895
2.39,0,0.0242153,0.0115287,0.163677,0.0164336,0.0126866
2.39,1,-0.93055,-0.836241,-0.0528712,-3.61373,-0.0943086
2.39,2,0.261446,0.356258,-0.516108,-1.81213,-0.0948117
2.39,3,0.372015,0.361759,0.186784,-0.00951375,0.0102557
2.39,4,-0.185849,-0.173633,0.128567,-0.162005,-0.0122152
2.39,5,-0.453571,-0.437785,-0.260777,-0.000699503,-0.0157865
2.4,0,0.0258834,0.0131703,0.164562,0.0148361,0.012713
2.4,1,-0.9309,-0.83677,-0.0528566,-3.60665,-0.0941305
2.4,2,0.256472,0.351096,-0.516154,-1.80642,-0.0946242
2.4,3,0.373892,0.363628,0.186833,-0.00945753,0.0102642
2.4,4,-0.18446,-0.172346,0.1288,-0.161311,-0.0121139
2.4,5,-0.456176,-0.440392,-0.260692,-0.000714304,-0.0157844
2.41,0,0.0275515,0.0148206,0.165396,0.0130476,0.0127309
2.41,1,-0.931251,-0.837298,-0.0528276,-3.59962,-0.0939526
2.41,2,0.251498,0.345934,-0.51619,-1.80071,-0.0944363
2.41,3,0.375768,0.365496,0.186883,-0.00940701,0.0102723
2.41,4,-0.183072,-0.171057,0.12903,-0.160635,-0.012015
2.41,5,-0.458782,-0.442999,-0.26061,-0.000732266,-0.0157831
2.42,0,0.0292196,0.0164789,0.166173,0.0111086,0.0127407
2.42,1,-0.931601,-0.837826,-0.0527869,-3.59264,-0.093775
2.42,2,0.246524,0.340772,-0.516219,-1.79501,-0.0942482
2.42,3,0.377645,0.367365,0.186934,-0.00936169,0.0102799
2.42,4,-0.181684,-0.169766,0.129255,-0.159974,-0.0119183
2.42,5,-0.461387,-0.445604,-0.260533,-0.000752956,-0.0157826
2.43,0,0.0308877,0.0181446,0.166888,0.009058,0.0127431
2.43,1,-0.931952,-0.838354,-0.0527371,-3.58571,-0.093598
2.43,2,0.24155,0.33561,-0.516243,-1.78931,-0.0940597
2.43,3,0.379522,0.369235,0.186984,-0.00932098,0.0102869
2.43,4,-0.180296,-0.168472,0.129472,-0.159327,-0.0118238
2.43,5,-0.463992,-0.448209,-0.26046,-0.000775936,-0.0157828
2.44,0,0.0325558,0.0198171,0.167538,0.00693264,0.0127386
2.44,1,-0.932302,-0.838881,-0.0526806,-3.57882,-0.0934214
2.44,2,0.236576,0.330448,-0.516263,-1.7836,-0.093871
2.44,3,0.381398,0.371105,0.187032,-0.00928423,0.0102935
2.44,4,-0.178907,-0.167176,0.12968,-0.158692,-0.0117315
2.44,5,-0.466597,-0.450813,-0.260393,-0.00080077,-0.0157837
2.45,0,0.0342238,0.0214957,0.168119,0.00476691,0.0127281
2.45,1,-0.932653,-0.839407,-0.0526199,-3.57196,-0.0932455
2.45,2,0.231603,0.325285,-0.516282,-1.7779,-0.0936822
2.45,3,0.383275,0.372976,0.187078,-0.00925078,0.0102996
2.45,4,-0.177519,-0.165878,0.129876,-0.158067,-0.0116411
2.45,5,-0.469202,-0.453417,-0.260332,-0.000827025,-0.0157853
2.46,0,0.0358919,0.0231798,0.168631,0.00259259,0.0127121
2.46,1,-0.933003,-0.839933,-0.0525573,-3.56513,-0.0930701
2.46,2,0.226629,0.320122,-0.516302,-1.77219,-0.0934931
2.46,3,0.385152,0.374847,0.187121,-0.00921992,0.0103052
2.46,4,-0.176131,-0.164578,0.130058,-0.15745,-0.0115527
2.46,5,-0.471807,-0.45602,-0.260277,-0.000854283,-0.0157874
2.47,0,0.03756,0.0248686,0.169073,0.000438623,0.0126914
2.47,1,-0.933354,-0.840458,-0.0524948,-3.55833,-0.0928954
2.47,2,0.221655,0.314959,-0.516324,-1.76647,-0.0933039
2.47,3,0.387028,0.376718,0.18716,-0.00919094,0.0103105
2.47,4,-0.174743,-0.163277,0.130226,-0.156841,-0.011466
2.47,5,-0.474413,-0.458622,-0.260228,-0.00088214,-0.0157901
2.48,0,0.0392281,0.0265614,0.169446,-0.00166898,0.0126667
2.48,1,-0.933704,-0.840983,-0.0524345,-3.55155,-0.0927214
2.48,2,0.216681,0.309795,-0.516349,-1.76073,-0.0931144
2.48,3,0.388905,0.37859,0.187195,-0.00916314,0.0103154
2.48,4,-0.173355,-0.161974,0.130378,-0.156236,-0.0113809
2.48,5,-0.477018,-0.461224,-0.260186,-0.000910215,-0.0157932
2.49,0,0.0408962,0.0282576,0.16975,-0.00370727,0.0126386
2.49,1,-0.934055,-0.841507,-0.0523782,-3.54478,-0.0925478
2.49,2,0.211707,0.304632,-0.516378,-1.75498,-0.0929246
2.49,3,0.390782,0.380462,0.187225,-0.0091358,0.0103199
2.49,4,-0.171966,-0.160669,0.130514,-0.155634,-0.0112972
2.49,5,-0.479623,-0.463826,-0.260151,-0.000938149,-0.0157967
2.5,0,0.0425643,0.0299565,0.16999,-0.00565638,0.0126078
2.5,1,-0.934405,-0.84203,-0.0523276,-3.53801,-0.0923749
2.5,2,0.206733,0.299468,-0.516414,-1.74921,-0.0927345
2.5,3,0.392659,0.382334,0.187251,-0.00910826,0.0103242
2.5,4,-0.170578,-0.159363,0.130632,-0.155034,-0.0112148
2.5,5,-0.482228,-0.466428,-0.260123,-0.000965613,-0.0158005
2.51,0,0.0442324,0.0316574,0.170166,-0.0074995,0.012575
2.51,1,-0.934756,-0.842553,-0.0522843,-3.53124,-0.0922024
2.51,2,0.201759,0.294303,-0.516456,-1.74341,-0.092544
2.51,3,0.394535,0.384207,0.187271,-0.00907985,0.0103283
2.51,4,-0.16919,-0.158056,0.130734,-0.154434,-0.0111334
2.51,5,-0.484833,-0.469029,-0.260102,-0.000992307,-0.0158046
2.52,0,0.0459005,0.0333598,0.170284,-0.00922284,0.0125407
2.52,1,-0.935106,-0.843076,-0.0522495,-3.52446,-0.0920302
2.52,2,0.196785,0.289139,-0.516507,-1.73758,-0.092353
2.52,3,0.396412,0.38608,0.187286,-0.00904996,0.0103321
2.52,4,-0.167802,-0.156749,0.130818,-0.153833,-0.011053
2.52,5,-0.487438,-0.47163,-0.260087,-0.00101796,-0.0158088
2.53,0,0.0475686,0.035063,0.170347,-0.0108156,0.0125056
2.53,1,-0.935457,-0.843598,-0.0522244,-3.51766,-0.0918584
2.53,2,0.191812,0.283973,-0.516566,-1.73171,-0.0921615
2.53,3,0.398289,0.387953,0.187295,-0.00901805,0.0103359
2.53,4,-0.166413,-0.15544,0.130886,-0.15323,-0.0109734
2.53,5,-0.490044,-0.47423,-0.260078,-0.00104235,-0.0158131
2.54,0,0.0492367,0.0367666,0.170358,-0.0122696,0.0124701
2.54,1,-0.935807,-0.844121,-0.05221,-3.51084,-0.0916868
2.54,2,0.186838,0.278807,-0.516634,-1.72581,-0.0919694
2.54,3,0.400165,0.389826,0.187299,-0.00898358,0.0103396
2.54,4,-0.165025,-0.154131,0.130936,-0.152623,-0.0108943
2.54,5,-0.492649,-0.476831,-0.260075,-0.00106526,-0.0158175
2.55,0,0.0509048,0.03847,0.170324,-0.0135797,0.0124348
2.55,1,-0.936158,-0.844643,-0.0522073,-3.50399,-0.0915152
2.55,2,0.181864,0.27364,-0.516713,-1.71987,-0.0917765
2.55,3,0.402042,0.391699,0.187298,-0.0089461,0.0103433
2.55,4,-0.163637,-0.152821,0.130971,-0.15201,-0.0108156
2.55,5,-0.495254,-0.479432,-0.260077,-0.00108654,-0.0158219
2.56,0,0.0525729,0.0401729,0.170248,-0.0147428,0.0124
2.56,1,-0.936508,-0.845165,-0.0522167,-3.4971,-0.0913436
2.56,2,0.17689,0.268473,-0.516801,-1.71388,-0.0915828
2.56,3,0.403919,0.393572,0.187292,-0.00890523,0.010347
2.56,4,-0.162249,-0.151511,0.130989,-0.151393,-0.0107372
2.56,5,-0.497859,-0.482033,-0.260085,-0.00110604,-0.0158263
2.57,0,0.054241,0.0418747,0.170136,-0.0157585,0.0123662
2.57,1,-0.936859,-0.845687,-0.0522389,-3.49016,-0.0911719
2.57,2,0.171916,0.263304,-0.5169,-1.70784,-0.0913881
2.57,3,0.405795,0.395444,0.187281,-0.00886063,0.0103508
2.57,4,-0.160861,-0.150202,0.130993,-0.150768,-0.0106589
2.57,5,-0.500464,-0.484634,-0.260097,-0.00112369,-0.0158305
2.58,0,0.0559091,0.0435753,0.169993,-0.0166283,0.0123337
2.58,1,-0.937209,-0.84621,-0.0522741,-3.48317,-0.0909998
2.58,2,0.166942,0.258135,-0.517009,-1.70175,-0.0911924
2.58,3,0.407672,0.397317,0.187266,-0.00881203,0.0103548
2.58,4,-0.159472,-0.148892,0.130983,-0.150136,-0.0105806
2.58,5,-0.503069,-0.487235,-0.260113,-0.00113941,-0.0158347
2.59,0,0.0575772,0.0452744,0.169823,-0.0173556,0.0123028
2.59,1,-0.93756,-0.846733,-0.0523227,-3.47613,-0.0908274
2.59,2,0.161968,0.252964,-0.51713,-1.69561,-0.0909955
2.59,3,0.409549,0.39919,0.187247,-0.00875923,0.0103589
2.59,4,-0.158084,-0.147582,0.13096,-0.149497,-0.0105021
2.59,5,-0.505674,-0.489836,-0.260132,-0.00115317,-0.0158386
2.6,0,0.0592453,0.0469715,0.169631,-0.0179455,0.0122737
2.6,1,-0.937911,-0.847256,-0.0523846,-3.46902,-0.0906543
2.6,2,0.156995,0.247792,-0.51726,-1.6894,-0.0907974
2.6,3,0.411425,0.401062,0.187224,-0.00870209,0.0103632
2.6,4,-0.156696,-0.146273,0.130925,-0.148849,-0.0104233
2.6,5,-0.50828,-0.492437,-0.260155,-0.00116496,-0.0158423
2.61,0,0.0609134,0.0486667,0.169423,-0.0184045,0.0122466
2.61,1,-0.938261,-0.84778,-0.0524597,-3.46185,-0.0904806
2.61,2,0.152021,0.242618,-0.517401,-1.68313,-0.0905979
2.61,3,0.413302,0.402934,0.187197,-0.00864054,0.0103678
2.61,4,-0.155308,-0.144964,0.130879,-0.148192,-0.0103441
2.61,5,-0.510885,-0.495039,-0.26018,-0.00117482,-0.0158458
2.62,0,0.0625815,0.0503598,0.169203,-0.0187404,0.0122217
2.62,1,-0.938612,-0.848306,-0.052548,-3.4546,-0.0903061
2.62,2,0.147047,0.237444,-0.517552,-1.6768,-0.0903969
2.62,3,0.415179,0.404806,0.187168,-0.00857455,0.0103726
2.62,4,-0.153919,-0.143655,0.130823,-0.147526,-0.0102643
2.62,5,-0.51349,-0.497641,-0.260207,-0.00118279,-0.015849
2.63,0,0.0642495,0.0520505,0.168974,-0.0189619,0.012199
2.63,1,-0.938962,-0.848832,-0.0526491,-3.44728,-0.0901306
2.63,2,0.142073,0.232267,-0.517713,-1.6704,-0.0901944
2.63,3,0.417055,0.406677,0.187137,-0.00850417,0.0103778
2.63,4,-0.152531,-0.142347,0.130759,-0.146851,-0.010184
2.63,5,-0.516095,-0.500243,-0.260235,-0.00118893,-0.0158519
2.64,0,0.0659176,0.053739,0.168741,-0.0190784,0.0121786
2.64,1,-0.939313,-0.849359,-0.0527626,-3.43987,-0.089954
2.64,2,0.137099,0.227089,-0.517884,-1.66394,-0.0899902
2.64,3,0.418932,0.408549,0.187104,-0.00842948,0.0103833
2.64,4,-0.151143,-0.14104,0.130687,-0.146167,-0.010103
2.64,5,-0.5187,-0.502846,-0.260265,-0.00119335,-0.0158546
2.65,0,0.0675857,0.0554251,0.168508,-0.0191001,0.0121606
2.65,1,-0.939663,-0.849887,-0.052888,-3.43238,-0.0897762
2.65,2,0.132125,0.221909,-0.518063,-1.6574,-0.0897842
2.65,3,0.420809,0.41042,0.18707,-0.00835061,0.0103891
2.65,4,-0.149755,-0.139734,0.130608,-0.145474,-0.0100212
2.65,5,-0.521305,-0.505449,-0.260295,-0.00119615,-0.0158569
2.66,0,0.0692538,0.0571089,0.168278,-0.0190374,0.0121449
2.66,1,-0.940014,-0.850417,-0.0530247,-3.42481,-0.0895971
2.66,2,0.127151,0.216728,-0.51825,-1.65079,-0.0895765
2.66,3,0.422685,0.41229,0.187034,-0.00826776,0.0103953
2.66,4,-0.148367,-0.138428,0.130525,-0.144771,-0.00993861
2.66,5,-0.523911,-0.508052,-0.260324,-0.00119746,-0.015859
2.67,0,0.0709219,0.0587905,0.168053,-0.0189009,0.0121315
2.67,1,-0.940364,-0.850948,-0.0531722,-3.41715,-0.0894166
2.67,2,0.122177,0.211544,-0.518445,-1.64411,-0.0893668
2.67,3,0.424562,0.41416,0.186999,-0.00818113,0.0104018
2.67,4,-0.146978,-0.137123,0.130437,-0.14406,-0.00985515
2.67,5,-0.526516,-0.510655,-0.260354,-0.0011974,-0.0158607
2.68,0,0.07259,0.0604698,0.167837,-0.0187012,0.0121202
2.68,1,-0.940715,-0.85148,-0.0533296,-3.40939,-0.0892345
2.68,2,0.117204,0.206359,-0.518648,-1.63736,-0.0891551
2.68,3,0.426439,0.41603,0.186963,-0.00809097,0.0104087
2.68,4,-0.14559,-0.135819,0.130346,-0.143339,-0.0097708
2.68,5,-0.529121,-0.513259,-0.260382,-0.00119612,-0.0158622
2.69,0,0.0742581,0.062147,0.167631,-0.0184489,0.0121111
2.69,1,-0.941065,-0.852014,-0.0534963,-3.40154,-0.0890508
2.69,2,0.11223,0.201171,-0.518857,-1.63053,-0.0889413
2.69,3,0.428315,0.417899,0.186928,-0.00799755,0.0104159
2.69,4,-0.144202,-0.134516,0.130252,-0.14261,-0.00968552
2.69,5,-0.531726,-0.515863,-0.26041,-0.00119376,-0.0158634
2.7,0,0.0759262,0.0638223,0.167437,-0.0181541,0.0121039
2.7,1,-0.941416,-0.85255,-0.0536715,-3.3936,-0.0888654
2.7,2,0.107256,0.195981,-0.519072,-1.62362,-0.0887255
2.7,3,0.430192,0.419769,0.186894,-0.00790116,0.0104235
2.7,4,-0.142814,-0.133214,0.130157,-0.141873,-0.0095993
2.7,5,-0.534331,-0.518467,-0.260436,-0.00119049,-0.0158643
2.71,0,0.0775943,0.0654956,0.167258,-0.0178267,0.0120987
2.71,1,-0.941766,-0.853088,-0.0538544,-3.38557,-0.0886782
2.71,2,0.102282,0.190789,-0.519292,-1.61664,-0.0885074
2.71,3,0.432069,0.421637,0.186861,-0.00780213,0.0104314
2.71,4,-0.141425,-0.131913,0.130062,-0.141128,-0.00951213
2.71,5,-0.536936,-0.521071,-0.260461,-0.00118646,-0.0158649
2.72,0,0.0792624,0.0671673,0.167093,-0.017476,0.0120951
2.72,1,-0.942117,-0.853628,-0.0540441,-3.37744,-0.0884892
2.72,2,0.097308,0.185595,-0.519516,-1.60958,-0.0882871
2.72,3,0.433945,0.423506,0.186829,-0.00770075,0.0104397
2.72,4,-0.140037,-0.130613,0.129967,-0.140375,-0.009424
2.72,5,-0.539542,-0.523676,-0.260483,-0.00118181,-0.0158654
2.73,0,0.0809305,0.0688374,0.166945,-0.0171107,0.0120931
2.73,1,-0.942467,-0.854169,-0.0542399,-3.36921,-0.0882982
2.73,2,0.0923341,0.180399,-0.519744,-1.60245,-0.0880646
2.73,3,0.435822,0.425374,0.186799,-0.00759736,0.0104482
2.73,4,-0.138649,-0.129314,0.129872,-0.139616,-0.00933493
2.73,5,-0.542147,-0.526281,-0.260504,-0.00117669,-0.0158656
2.74,0,0.0825986,0.0705061,0.166813,-0.0167388,0.0120925
2.74,1,-0.942818,-0.854713,-0.0544408,-3.36089,-0.0881052
2.74,2,0.0873603,0.1752,-0.519976,-1.59524,-0.0878398
2.74,3,0.437699,0.427242,0.186771,-0.00749226,0.0104571
2.74,4,-0.137261,-0.128016,0.129779,-0.138849,-0.00924491
2.74,5,-0.544752,-0.528886,-0.260522,-0.00117126,-0.0158656
2.75,0,0.0842667,0.0721736,0.166697,-0.0163677,0.0120931
2.75,1,-0.943168,-0.855258,-0.054646,-3.35247,-0.0879102
2.75,2,0.0823864,0.169999,-0.52021,-1.58796,-0.0876126
2.75,3,0.439575,0.429109,0.186746,-0.00738579,0.0104662
2.75,4,-0.135873,-0.126719,0.129689,-0.138076,-0.00915399
2.75,5,-0.547357,-0.531492,-0.260538,-0.00116564,-0.0158654
2.76,0,0.0859348,0.07384,0.166598,-0.016004,0.0120948
2.76,1,-0.943519,-0.855806,-0.0548548,-3.34396,-0.0877131
2.76,2,0.0774125,0.164796,-0.520446,-1.5806,-0.0873831
2.76,3,0.441452,0.430977,0.186722,-0.00727825,0.0104755
2.76,4,-0.134484,-0.125422,0.1296,-0.137297,-0.00906216
2.76,5,-0.549962,-0.534097,-0.260552,-0.00115997,-0.0158651
2.77,0,0.0876029,0.0755055,0.166516,-0.0156534,0.0120974
2.77,1,-0.943869,-0.856355,-0.0550663,-3.33536,-0.0875139
2.77,2,0.0724386,0.15959,-0.520683,-1.57317,-0.0871512
2.77,3,0.443329,0.432844,0.186701,-0.00716992,0.0104851
2.77,4,-0.133096,-0.124127,0.129515,-0.136513,-0.00896947
2.77,5,-0.552567,-0.536703,-0.260564,-0.00115436,-0.0158647
2.78,0,0.089271,0.0771703,0.166449,-0.0153211,0.0121007
2.78,1,-0.94422,-0.856907,-0.0552798,-3.32667,-0.0873126
2.78,2,0.0674648,0.154382,-0.520921,-1.56566,-0.0869169
2.78,3,0.445205,0.434711,0.186683,-0.00706109,0.0104949
2.78,4,-0.131708,-0.122832,0.129433,-0.135724,-0.00887594
2.78,5,-0.555172,-0.539308,-0.260573,-0.00114893,-0.0158642
2.79,0,0.0909391,0.0788345,0.166398,-0.015011,0.0121046
2.79,1,-0.94457,-0.857461,-0.0554945,-3.31788,-0.0871092
2.79,2,0.0624909,0.149171,-0.521159,-1.55809,-0.0866803
2.79,3,0.447082,0.436577,0.186667,-0.00695201,0.0105048
2.79,4,-0.13032,-0.121538,0.129354,-0.13493,-0.00878161
2.79,5,-0.557778,-0.541914,-0.26058,-0.00114377,-0.0158636
2.8,0,0.0926072,0.0804983,0.166361,-0.0147268,0.0121089
2.8,1,-0.944921,-0.858017,-0.0557097,-3.30901,-0.0869036
2.8,2,0.057517,0.143958,-0.521397,-1.55044,-0.0864412
2.8,3,0.448959,0.438444,0.186653,-0.00684293,0.0105149
2.8,4,-0.128931,-0.120245,0.129279,-0.134132,-0.00868652
2.8,5,-0.560383,-0.54452,-0.260585,-0.00113897,-0.0158629
2.81,0,0.0942752,0.0821617,0.166337,-0.0144711,0.0121135
2.81,1,-0.945272,-0.858576,-0.0559248,-3.30006,-0.0866958
2.81,2,0.0525431,0.138743,-0.521634,-1.54273,-0.0861998
2.81,3,0.450835,0.44031,0.186642,-0.00673405,0.0105251
2.81,4,-0.127543,-0.118952,0.129208,-0.13333,-0.0085907
2.81,5,-0.562988,-0.547126,-0.260588,-0.0011346,-0.0158622
2.82,0,0.0959433,0.083825,0.166326,-0.0142458,0.0121183
2.82,1,-0.945622,-0.859136,-0.0561391,-3.29102,-0.0864859
2.82,2,0.0475693,0.133525,-0.521869,-1.53494,-0.0859561
2.82,3,0.452712,0.442177,0.186633,-0.00662557,0.0105354
2.82,4,-0.126155,-0.117661,0.129141,-0.132524,-0.00849418
2.82,5,-0.565593,-0.549732,-0.260589,-0.00113073,-0.0158615
2.83,0,0.0976114,0.0854883,0.166326,-0.0140522,0.0121232
2.83,1,-0.945973,-0.859699,-0.0563521,-3.2819,-0.0862739
2.83,2,0.0425954,0.128305,-0.522103,-1.52709,-0.08571
2.83,3,0.454589,0.444043,0.186626,-0.00651766,0.0105458
2.83,4,-0.124767,-0.11637,0.129078,-0.131715,-0.00839702
2.83,5,-0.568198,-0.552338,-0.260588,-0.00112741,-0.0158607
2.84,0,0.0992795,0.0871516,0.166336,-0.013891,0.0121279
2.84,1,-0.946323,-0.860263,-0.0565633,-3.2727,-0.0860597
2.84,2,0.0376215,0.123083,-0.522335,-1.51918,-0.0854615
2.84,3,0.456465,0.445909,0.186621,-0.00641045,0.0105562
2.84,4,-0.123379,-0.115079,0.129019,-0.130903,-0.00829925
2.84,5,-0.570803,-0.554943,-0.260585,-0.00112467,-0.01586
2.85,0,0.100948,0.088815,0.166355,-0.0137622,0.0121326
2.85,1,-0.946674,-0.86083,-0.0567721,-3.26342,-0.0858435
2.85,2,0.0326477,0.117858,-0.522564,-1.5112,-0.0852108
2.85,3,0.458342,0.447775,0.186619,-0.00630406,0.0105667
2.85,4,-0.12199,-0.113789,0.128963,-0.130089,-0.00820091
2.85,5,-0.573409,-0.557549,-0.260581,-0.00112254,-0.0158594
2.86,0,0.102616,0.0904787,0.166382,-0.0136654,0.012137
2.86,1,-0.947024,-0.861399,-0.0569782,-3.25407,-0.0856251
2.86,2,0.0276738,0.112632,-0.522791,-1.50315,-0.0849578
2.86,3,0.460219,0.449642,0.186618,-0.00619858,0.0105772
2.86,4,-0.120602,-0.1125,0.128912,-0.129272,-0.00810203
2.86,5,-0.576014,-0.560155,-0.260576,-0.00112103,-0.0158587
2.87,0,0.104284,0.0921427,0.166414,-0.0135996,0.0121411
2.87,1,-0.947375,-0.86197,-0.0571813,-3.24465,-0.0854047
2.87,2,0.0226999,0.107402,-0.523014,-1.49505,-0.0847025
2.87,3,0.462095,0.451508,0.186618,-0.00609408,0.0105877
2.87,4,-0.119214,-0.111211,0.128864,-0.128453,-0.00800266
2.87,5,-0.578619,-0.562761,-0.260569,-0.00112017,-0.0158582
2.88,0,0.105952,0.0938071,0.166452,-0.0135635,0.0121448
2.88,1,-0.947725,-0.862543,-0.0573808,-3.23515,-0.0851824
2.88,2,0.017726,0.102171,-0.523235,-1.48688,-0.084445
2.88,3,0.463972,0.453374,0.186621,-0.0059906,0.0105982
2.88,4,-0.117826,-0.109923,0.12882,-0.127633,-0.00790284
2.88,5,-0.581224,-0.565366,-0.260562,-0.00111992,-0.0158577
2.89,0,0.10762,0.0954718,0.166494,-0.0135554,0.0121482
2.89,1,-0.948076,-0.863118,-0.0575767,-3.22559,-0.084958
2.89,2,0.0127522,0.0969375,-0.523452,-1.47866,-0.0841854
2.89,3,0.465849,0.45524,0.186624,-0.00588816,0.0106086
2.89,4,-0.116437,-0.108635,0.128779,-0.12681,-0.00780259
2.89,5,-0.583829,-0.567972,-0.260554,-0.0011203,-0.0158573
2.9,0,0.109288,0.097137,0.166539,-0.0135734,0.0121511
2.9,1,-0.948426,-0.863695,-0.0577687,-3.21596,-0.0847317
2.9,2,0.00777828,0.0917018,-0.523666,-1.47037,-0.0839235
2.9,3,0.467726,0.457106,0.186629,-0.00578676,0.010619
2.9,4,-0.115049,-0.107347,0.128741,-0.125986,-0.00770195
2.9,5,-0.586434,-0.570577,-0.260545,-0.00112127,-0.0158569
2.91,0,0.110956,0.0988027,0.166586,-0.0136153,0.0121535
2.91,1,-0.948777,-0.864273,-0.0579566,-3.20627,-0.0845035
2.91,2,0.00280441,0.086464,-0.523876,-1.46204,-0.0836596
2.91,3,0.469602,0.458973,0.186634,-0.00568638,0.0106294
2.91,4,-0.113661,-0.10606,0.128707,-0.125161,-0.00760095
2.91,5,-0.58904,-0.573183,-0.260536,-0.0011228,-0.0158567
2.92,0,0.112624,0.100469,0.166633,-0.0136787,0.0121555
2.92,1,-0.949127,-0.864854,-0.0581403,-3.19652,-0.0842734
2.92,2,-0.00216947,0.0812241,-0.524082,-1.45364,-0.0833936
2.92,3,0.471479,0.460839,0.18664,-0.005587,0.0106397
2.92,4,-0.112273,-0.104773,0.128675,-0.124335,-0.00749962
2.92,5,-0.591645,-0.575788,-0.260526,-0.00112487,-0.0158566
2.93,0,0.114292,0.102135,0.166681,-0.0137611,0.012157
2.93,1,-0.949478,-0.865436,-0.0583197,-3.1867,-0.0840416
2.93,2,-0.00714334,0.0759822,-0.524285,-1.44519,-0.0831255
2.93,3,0.473356,0.462706,0.186647,-0.00548857,0.0106499
2.93,4,-0.110885,-0.103487,0.128646,-0.123507,-0.00739798
2.93,5,-0.59425,-0.578393,-0.260517,-0.00112743,-0.0158565
2.94,0,0.11596,0.103802,0.166727,-0.0138601,0.012158
2.94,1,-0.949828,-0.86602,-0.0584947,-3.17683,-0.0838079
2.94,2,-0.0121172,0.0707382,-0.524484,-1.43669,-0.0828554
2.94,3,0.475232,0.464572,0.186654,-0.00539103,0.0106601
2.94,4,-0.109496,-0.1022,0.128619,-0.122678,-0.00729607
2.94,5,-0.596855,-0.580998,-0.260508,-0.00113045,-0.0158565
2.95,0,0.117629,0.10547,0.166773,-0.013973,0.0121586
2.95,1,-0.950179,-0.866606,-0.0586654,-3.16691,-0.0835726
2.95,2,-0.0170911,0.0654923,-0.52468,-1.42814,-0.0825834
2.95,3,0.477109,0.466439,0.186661,-0.0052943,0.0106702
2.95,4,-0.108108,-0.100914,0.128595,-0.121849,-0.00719391
2.95,5,-0.59946,-0.583604,-0.260498,-0.00113387,-0.0158567
2.96,0,0.119297,0.107138,0.166816,-0.0140974,0.0121587
2.96,1,-0.950529,-0.867194,-0.0588318,-3.15692,-0.0833355
2.96,2,-0.022065,0.0602444,-0.524872,-1.41954,-0.0823094
2.96,3,0.478986,0.468305,0.186668,-0.00519832,0.0106802
2.96,4,-0.10672,-0.0996283,0.128573,-0.121018,-0.00709151
2.96,5,-0.602065,-0.586208,-0.26049,-0.00113765,-0.0158569
2.97,0,0.120965,0.108806,0.166856,-0.0142308,0.0121585
2.97,1,-0.95088,-0.867783,-0.0589939,-3.14689,-0.0830968
2.97,2,-0.0270388,0.0549947,-0.52506,-1.41088,-0.0820335
2.97,3,0.480862,0.470172,0.186675,-0.00510301,0.0106902
2.97,4,-0.105332,-0.0983427,0.128552,-0.120187,-0.0069889
2.97,5,-0.604671,-0.588813,-0.260481,-0.00114173,-0.0158572
2.98,0,0.122633,0.110475,0.166894,-0.0143707,0.0121578
2.98,1,-0.95123,-0.868374,-0.0591518,-3.13681,-0.0828565
2.98,2,-0.0320127,0.049743,-0.525245,-1.40218,-0.0817558
2.98,3,0.482739,0.472039,0.186682,-0.00500827,0.0107001
2.98,4,-0.103943,-0.0970573,0.128533,-0.119355,-0.00688609
2.98,5,-0.607276,-0.591418,-0.260473,-0.00114608,-0.0158576
2.99,0,0.124301,0.112144,0.166928,-0.0145151,0.0121567
2.99,1,-0.951581,-0.868966,-0.0593057,-3.12667,-0.0826147
2.99,2,-0.0369866,0.0444896,-0.525427,-1.39343,-0.0814762
2.99,3,0.484616,0.473906,0.186688,-0.00491402,0.0107099
2.99,4,-0.102555,-0.0957721,0.128515,-0.118523,-0.0067831
2.99,5,-0.609881,-0.594023,-0.260466,-0.00115064,-0.0158581
3,0,0.125969,0.113814,0.166959,-0.0146617,0.0121554
3,1,-0.951931,-0.86956,-0.0594557,-3.11649,-0.0823713
3,2,-0.0419605,0.0392343,-0.525606,-1.38463,-0.0811948
3,3,0.486492,0.475773,0.186695,-0.00482018,0.0107197
3,4,-0.101167,-0.094487,0.128499,-0.117689,-0.00667995
3,5,-0.612486,-0.596627,-0.260459,-0.00115536,-0.0158586
3.01,0,0.127637,0.115483,0.166986,-0.0148087,0.0121537
3.01,1,-0.952282,-0.870156,-0.0596019,-3.10625,-0.0821265
3.01,2,-0.0469343,0.0339773,-0.525781,-1.37579,-0.0809116
3.01,3,0.488369,0.47764,0.1867,-0.00472665,0.0107294
3.01,4,-0.0997788,-0.0932021,0.128484,-0.116855,-0.00657663
3.01,5,-0.615091,-0.599232,-0.260453,-0.0011602,-0.0158592
3.02,0,0.129305,0.117153,0.167009,-0.0149543,0.0121518
3.02,1,-0.952633,-0.870752,-0.0597445,-3.09597,-0.0818802
3.02,2,-0.0519082,0.0287185,-0.525954,-1.3669,-0.0806268
3.02,3,0.490246,0.479507,0.186706,-0.00463338,0.010739
3.02,4,-0.0983905,-0.0919174,0.12847,-0.11602,-0.00647318
3.02,5,-0.617696,-0.601836,-0.260448,-0.00116511,-0.0158599
3.03,0,0.130973,0.118824,0.167029,-0.0150969,0.0121497
3.03,1,-0.952983,-0.871351,-0.0598838,-3.08565,-0.0816325
3.03,2,-0.0568821,0.0234581,-0.526123,-1.35796,-0.0803402
3.03,3,0.492122,0.481374,0.18671,-0.00454026,0.0107486
3.03,4,-0.0970023,-0.0906327,0.128457,-0.115185,-0.00636958
3.03,5,-0.620301,-0.604441,-0.260443,-0.00117005,-0.0158606
3.04,0,0.132641,0.120494,0.167044,-0.0152353,0.0121474
3.04,1,-0.953334,-0.87195,-0.0600199,-3.07528,-0.0813834
3.04,2,-0.061856,0.0181959,-0.52629,-1.34898,-0.0800519
3.04,3,0.493999,0.483241,0.186714,-0.00444725,0.0107581
3.04,4,-0.0956141,-0.0893482,0.128444,-0.114349,-0.00626586
3.04,5,-0.622907,-0.607045,-0.260439,-0.00117499,-0.0158613
3.05,0,0.13431,0.122164,0.167056,-0.0153682,0.012145
3.05,1,-0.953684,-0.872551,-0.060153,-3.06486,-0.081133
3.05,2,-0.0668298,0.0129321,-0.526455,-1.33995,-0.0797619
3.05,3,0.495876,0.485108,0.186718,-0.00435427,0.0107677
3.05,4,-0.0942259,-0.0880638,0.128433,-0.113512,-0.00616202
3.05,5,-0.625512,-0.60965,-0.260436,-0.00117989,-0.0158621
3.06,0,0.135978,0.123835,0.167065,-0.0154946,0.0121425
3.06,1,-0.954035,-0.873153,-0.0602833,-3.0544,-0.0808813
3.06,2,-0.0718037,0.00766666,-0.526618,-1.33088,-0.0794704
3.06,3,0.497752,0.486975,0.186721,-0.00426127,0.0107771
3.06,4,-0.0928376,-0.0867796,0.128421,-0.112675,-0.00605806
3.06,5,-0.628117,-0.612254,-0.260433,-0.00118472,-0.0158629
3.07,0,0.137646,0.125506,0.16707,-0.0156139,0.0121399
3.07,1,-0.954385,-0.873757,-0.0604112,-3.0439,-0.0806283
3.07,2,-0.0767776,0.0023996,-0.526778,-1.32176,-0.0791772
3.07,3,0.499629,0.488842,0.186723,-0.0041682,0.0107866
3.07,4,-0.0914494,-0.0854954,0.128411,-0.111837,-0.00595399
3.07,5,-0.630722,-0.614858,-0.260431,-0.00118945,-0.0158638
3.08,0,0.139314,0.127176,0.167072,-0.0157254,0.0121373
3.08,1,-0.954736,-0.874362,-0.0605367,-3.03335,-0.080374
3.08,2,-0.0817515,-0.00286905,-0.526937,-1.3126,-0.0788824
3.08,3,0.501506,0.49071,0.186725,-0.00407504,0.010796
3.08,4,-0.0900612,-0.0842114,0.1284,-0.110999,-0.00584982
3.08,5,-0.633327,-0.617463,-0.26043,-0.00119407,-0.0158646
3.09,0,0.140982,0.128847,0.167072,-0.0158287,0.0121347
3.09,1,-0.955086,-0.874968,-0.0606601,-3.02276,-0.0801185
3.09,2,-0.0867253,-0.00813929,-0.527094,-1.30339,-0.078586
3.09,3,0.503382,0.492577,0.186727,-0.00398175,0.0108054
3.09,4,-0.088673,-0.0829274,0.12839,-0.110159,-0.00574554
3.09,5,-0.635932,-0.620067,-0.26043,-0.00119855,-0.0158655
3.1,0,0.14265,0.130518,0.167069,-0.0159235,0.0121321
3.1,1,-0.955437,-0.875575,-0.0607816,-3.01212,-0.0798617
3.1,2,-0.0916992,-0.0134111,-0.527249,-1.29415,-0.0782881
3.1,3,0.505259,0.494444,0.186728,-0.00388831,0.0108148
3.1,4,-0.0872848,-0.0816436,0.12838,-0.109319,-0.00564117
3.1,5,-0.638538,-0.622671,-0.26043,-0.00120288,-0.0158664
3.11,0,0.144318,0.132189,0.167063,-0.0160099,0.0121295
3.11,1,-0.955787,-0.876183,-0.0609015,-3.00145,-0.0796038
3.11,2,-0.0966731,-0.0186844,-0.527402,-1.28486,-0.0779887
3.11,3,0.507136,0.496311,0.186728,-0.00379471,0.0108242
3.11,4,-0.0858965,-0.0803598,0.128371,-0.108479,-0.00553669
3.11,5,-0.641143,-0.625276,-0.26043,-0.00120705,-0.0158672
3.12,0,0.145986,0.133859,0.167056,-0.0160877,0.012127
3.12,1,-0.956138,-0.876793,-0.0610199,-2.99073,-0.0793446
3.12,2,-0.101647,-0.0239593,-0.527555,-1.27552,-0.0776877
3.12,3,0.509012,0.498179,0.186729,-0.00370096,0.0108336
3.12,4,-0.0845083,-0.0790762,0.128361,-0.107638,-0.00543213
3.12,5,-0.643748,-0.62788,-0.260431,-0.00121105,-0.0158681
3.13,0,0.147654,0.13553,0.167047,-0.0161572,0.0121246
3.13,1,-0.956488,-0.877404,-0.0611371,-2.97996,-0.0790843
3.13,2,-0.106621,-0.0292357,-0.527706,-1.26614,-0.0773852
3.13,3,0.510889,0.500046,0.186729,-0.00360706,0.010843
3.13,4,-0.0831201,-0.0777926,0.128352,-0.106796,-0.00532747
3.13,5,-0.646353,-0.630484,-0.260432,-0.00121489,-0.0158689
3.14,0,0.149322,0.1372,0.167036,-0.0162187,0.0121223
3.14,1,-0.956839,-0.878016,-0.0612532,-2.96915,-0.0788228
3.14,2,-0.111595,-0.0345135,-0.527856,-1.25672,-0.0770812
3.14,3,0.512766,0.501913,0.186728,-0.00351303,0.0108524
3.14,4,-0.0817319,-0.0765091,0.128343,-0.105953,-0.00522272
3.14,5,-0.648958,-0.633088,-0.260434,-0.00121855,-0.0158697
3.15,0,0.15099,0.13887,0.167025,-0.0162724,0.0121201
3.15,1,-0.957189,-0.878629,-0.0613684,-2.9583,-0.0785602
3.15,2,-0.116569,-0.0397929,-0.528006,-1.24726,-0.0767756
3.15,3,0.514642,0.503781,0.186728,-0.00341888,0.0108618
3.15,4,-0.0803436,-0.0752258,0.128334,-0.10511,-0.00511788
3.15,5,-0.651563,-0.635693,-0.260436,-0.00122204,-0.0158705
3.16,0,0.152659,0.140541,0.167013,-0.0163188,0.012118
3.16,1,-0.95754,-0.879243,-0.0614829,-2.94741,-0.0782964
3.16,2,-0.121542,-0.0450738,-0.528155,-1.23775,-0.0764686
3.16,3,0.516519,0.505648,0.186728,-0.00332466,0.0108712
3.16,4,-0.0789554,-0.0739425,0.128325,-0.104266,-0.00501295
3.16,5,-0.654169,-0.638297,-0.260438,-0.00122538,-0.0158713
3.17,0,0.154327,0.142211,0.167,-0.0163585,0.012116
3.17,1,-0.95789,-0.879859,-0.0615967,-2.93647,-0.0780315
3.17,2,-0.126516,-0.0503562,-0.528302,-1.2282,-0.0761602
3.17,3,0.518396,0.507515,0.186727,-0.0032304,0.0108806
3.17,4,-0.0775672,-0.0726593,0.128317,-0.103422,-0.00490793
3.17,5,-0.656774,-0.640902,-0.26044,-0.00122856,-0.0158721
3.18,0,0.155995,0.143881,0.166986,-0.0163918,0.0121142
3.18,1,-0.958241,-0.880476,-0.0617102,-2.92549,-0.0777654
3.18,2,-0.13149,-0.05564,-0.52845,-1.21861,-0.0758502
3.18,3,0.520272,0.509382,0.186727,-0.00313614,0.01089
3.18,4,-0.076179,-0.0713762,0.128308,-0.102577,-0.00480282
3.18,5,-0.659379,-0.643506,-0.260442,-0.00123159,-0.0158729
3.19,0,0.157663,0.14555,0.166973,-0.0164195,0.0121125
3.19,1,-0.958591,-0.881093,-0.0618233,-2.91446,-0.0774982
3.19,2,-0.136464,-0.0609253,-0.528597,-1.20897,-0.0755388
3.19,3,0.522149,0.51125,0.186727,-0.00304192,0.0108994
3.19,4,-0.0747908,-0.0700931,0.128299,-0.101731,-0.00469763
3.19,5,-0.661984,-0.64611,-0.260445,-0.0012345,-0.0158736
3.2,0,0.159331,0.14722,0.16696,-0.016442,0.0121109
3.2,1,-0.958942,-0.881712,-0.0619362,-2.90339,-0.0772299
3.2,2,-0.141438,-0.0662121,-0.528743,-1.19929,-0.0752259
3.2,3,0.524026,0.513117,0.186727,-0.00294779,0.0109088
3.2,4,-0.0734025,-0.0688102,0.128291,-0.100884,-0.00459236
3.2,5,-0.664589,-0.648715,-0.260447,-0.00123728,-0.0158743
3.21,0,0.160999,0.14889,0.166947,-0.0164599,0.0121095
3.21,1,-0.959292,-0.882332,-0.062049,-2.89227,-0.0769604
3.21,2,-0.146412,-0.0715003,-0.528889,-1.18957,-0.0749115
3.21,3,0.525902,0.514984,0.186727,-0.00285381,0.0109182
3.21,4,-0.0720143,-0.0675273,0.128283,-0.100037,-0.004487
3.21,5,-0.667194,-0.651319,-0.260449,-0.00123996,-0.015875
3.22,0,0.162667,0.150559,0.166934,-0.0164739,0.0121082
3.22,1,-0.959643,-0.882953,-0.0621619,-2.88111,-0.0766898
3.22,2,-0.151386,-0.07679,-0.529035,-1.1798,-0.0745957
3.22,3,0.527779,0.516851,0.186727,-0.00276003,0.0109276
3.22,4,-0.0706261,-0.0662445,0.128274,-0.0991896,-0.00438156
3.22,5,-0.669799,-0.653924,-0.260452,-0.00124255,-0.0158756
3.23,0,0.164335,0.152228,0.166922,-0.0164843,0.012107
3.23,1,-0.959994,-0.883575,-0.0622747,-2.8699,-0.0764181
3.23,2,-0.15636,-0.0820812,-0.529181,-1.16999,-0.0742784
3.23,3,0.529656,0.518719,0.186728,-0.00266651,0.010937
3.23,4,-0.0692379,-0.0649618,0.128266,-0.0983413,-0.00427603
3.23,5,-0.672405,-0.656528,-0.260454,-0.00124505,-0.0158762
3.24,0,0.166003,0.153897,0.16691,-0.0164919,0.012106
3.24,1,-0.960344,-0.884199,-0.0623877,-2.85865,-0.0761453
3.24,2,-0.161333,-0.0873738,-0.529326,-1.16014,-0.0739597
3.24,3,0.531532,0.520586,0.186729,-0.0025733,0.0109464
3.24,4,-0.0678496,-0.0636792,0.128258,-0.0974924,-0.00417043
3.24,5,-0.67501,-0.659133,-0.260456,-0.0012475,-0.0158768
3.25,0,0.167671,0.155566,0.166899,-0.016497,0.012105
3.25,1,-0.960695,-0.884823,-0.0625009,-2.84735,-0.0758713
3.25,2,-0.166307,-0.0926678,-0.529471,-1.15024,-0.0736395
3.25,3,0.533409,0.522453,0.186731,-0.00248046,0.0109558
3.25,4,-0.0664614,-0.0623967,0.12825,-0.096643,-0.00406474
3.25,5,-0.677615,-0.661738,-0.260458,-0.0012499,-0.0158774
3.26,0,0.169339,0.157235,0.166889,-0.0165002,0.0121042
3.26,1,-0.961045,-0.885449,-0.0626143,-2.836,-0.0755962
3.26,2,-0.171281,-0.0979633,-0.529616,-1.1403,-0.0733178
3.26,3,0.535286,0.524321,0.186733,-0.00238805,0.0109652
3.26,4,-0.0650732,-0.0611142,0.128242,-0.0957929,-0.00395898
3.26,5,-0.68022,-0.664342,-0.260459,-0.00125226,-0.015878
3.27,0,0.171008,0.158904,0.16688,-0.0165018,0.0121034
3.27,1,-0.961396,-0.886076,-0.0627279,-2.82461,-0.0753199
3.27,2,-0.176255,-0.10326,-0.529761,-1.13032,-0.0729948
3.27,3,0.537162,0.526188,0.186735,-0.00229611,0.0109745
3.27,4,-0.063685,-0.0598318,0.128234,-0.0949423,-0.00385313
3.27,5,-0.682825,-0.666947,-0.260461,-0.00125461,-0.0158786
3.28,0,0.172676,0.160573,0.166871,-0.0165022,0.0121028
3.28,1,-0.961746,-0.886704,-0.0628417,-2.81318,-0.0750426
3.28,2,-0.181229,-0.108559,-0.529906,-1.1203,-0.0726702
3.28,3,0.539039,0.528055,0.186738,-0.00220471,0.0109838
3.28,4,-0.0622968,-0.0585495,0.128227,-0.0940911,-0.00374721
3.28,5,-0.68543,-0.669551,-0.260462,-0.00125694,-0.0158791
3.29,0,0.174344,0.162242,0.166863,-0.0165018,0.0121022
3.29,1,-0.962097,-0.887333,-0.0629558,-2.80169,-0.074764
3.29,2,-0.186203,-0.113859,-0.53005,-1.11023,-0.0723443
3.29,3,0.540916,0.529923,0.186741,-0.00211389,0.0109931
3.29,4,-0.0609085,-0.0572673,0.128219,-0.0932394,-0.00364122
3.29,5,-0.688036,-0.672156,-0.260463,-0.00125928,-0.0158796
3.3,0,0.176012,0.16391,0.166856,-0.0165008,0.0121017
3.3,1,-0.962447,-0.887963,-0.0630702,-2.79016,-0.0744844
3.3,2,-0.191177,-0.11916,-0.530194,-1.10012,-0.0720168
3.3,3,0.542793,0.53179,0.186745,-0.00202371,0.0110023
3.3,4,-0.0595203,-0.0559852,0.128212,-0.0923871,-0.00353515
3.3,5,-0.690641,-0.674761,-0.260464,-0.00126164,-0.0158802
3.31,0,0.17768,0.165579,0.16685,-0.0164995,0.0121013
3.31,1,-0.962798,-0.888594,-0.0631847,-2.77859,-0.0742036
3.31,2,-0.196151,-0.124463,-0.530338,-1.08996,-0.071688
3.31,3,0.544669,0.533658,0.186749,-0.0019342,0.0110115
3.31,4,-0.0581321,-0.0547031,0.128205,-0.0915343,-0.00342901
3.31,5,-0.693246,-0.677365,-0.260465,-0.00126401,-0.0158807
3.32,0,0.179348,0.167247,0.166845,-0.016498,0.0121009
3.32,1,-0.963148,-0.889227,-0.0632995,-2.76697,-0.0739216
3.32,2,-0.201124,-0.129767,-0.530482,-1.07977,-0.0713577
3.32,3,0.546546,0.535525,0.186754,-0.00184542,0.0110207
3.32,4,-0.0567439,-0.0534211,0.128198,-0.0906811,-0.00332279
3.32,5,-0.695851,-0.67997,-0.260465,-0.00126642,-0.0158812
3.33,0,0.181016,0.168916,0.16684,-0.0164966,0.0121006
3.33,1,-0.963499,-0.88986,-0.0634145,-2.7553,-0.0736385
3.33,2,-0.206098,-0.135072,-0.530625,-1.06953,-0.0710259
3.33,3,0.548423,0.537393,0.186759,-0.0017574,0.0110298
3.33,4,-0.0553557,-0.0521391,0.128191,-0.0898273,-0.00321651
3.33,5,-0.698456,-0.682575,-0.260465,-0.00126887,-0.0158817
3.34,0,0.182684,0.170584,0.166836,-0.0164952,0.0121003
3.34,1,-0.963849,-0.890495,-0.0635296,-2.74358,-0.0733543
3.34,2,-0.211072,-0.140379,-0.530768,-1.05925,-0.0706928
3.34,3,0.550299,0.53926,0.186764,-0.00167019,0.0110388
3.34,4,-0.0539674,-0.0508573,0.128184,-0.0889731,-0.00311015
3.34,5,-0.701061,-0.685179,-0.260466,-0.00127136,-0.0158822
3.35,0,0.184352,0.172252,0.166832,-0.016494,0.0121
3.35,1,-0.9642,-0.891131,-0.0636447,-2.73182,-0.0730688
3.35,2,-0.216046,-0.145688,-0.530911,-1.04892,-0.0703582
3.35,3,0.552176,0.541128,0.18677,-0.0015838,0.0110478
3.35,4,-0.0525792,-0.0495755,0.128177,-0.0881184,-0.00300373
3.35,5,-0.703667,-0.687784,-0.260465,-0.00127391,-0.0158827
3.36,0,0.18602,0.173921,0.166829,-0.016493,0.0120998
3.36,1,-0.96455,-0.891768,-0.0637599,-2.72001,-0.0727823
3.36,2,-0.22102,-0.150998,-0.531054,-1.03856,-0.0700222
3.36,3,0.554053,0.542996,0.186777,-0.00149829,0.0110568
3.36,4,-0.051191,-0.0482937,0.128171,-0.0872633,-0.00289724
3.36,5,-0.706272,-0.690389,-0.260465,-0.0012765,-0.0158832
3.37,0,0.187689,0.175589,0.166826,-0.0164922,0.0120997
3.37,1,-0.964901,-0.892406,-0.0638751,-2.70816,-0.0724946
3.37,2,-0.225994,-0.156309,-0.531195,-1.02815,-0.0696847
3.37,3,0.555929,0.544864,0.186784,-0.00141367,0.0110657
3.37,4,-0.0498028,-0.0470121,0.128164,-0.0864078,-0.00279069
3.37,5,-0.708877,-0.692993,-0.260465,-0.00127915,-0.0158837
3.38,0,0.189357,0.177257,0.166824,-0.0164916,0.0120995
3.38,1,-0.965251,-0.893046,-0.0639903,-2.69626,-0.0722057
3.38,2,-0.230968,-0.161622,-0.531337,-1.0177,-0.0693459
3.38,3,0.557806,0.546731,0.186791,-0.00132998,0.0110745
3.38,4,-0.0484145,-0.0457305,0.128158,-0.0855519,-0.00268408
3.38,5,-0.711482,-0.695598,-0.260464,-0.00128185,-0.0158842
3.39,0,0.191025,0.178925,0.166822,-0.0164911,0.0120994
3.39,1,-0.965602,-0.893686,-0.0641053,-2.68431,-0.0719157
3.39,2,-0.235942,-0.166936,-0.531478,-1.00721,-0.0690056
3.39,3,0.559683,0.548599,0.186798,-0.00124724,0.0110832
3.39,4,-0.0470263,-0.0444489,0.128153,-0.0846956,-0.00257741
3.39,5,-0.714087,-0.698202,-0.260464,-0.00128461,-0.0158848
3.4,0,0.192693,0.180594,0.16682,-0.0164906,0.0120993
3.4,1,-0.965952,-0.894328,-0.0642201,-2.67232,-0.0716245
3.4,2,-0.240915,-0.172252,-0.531618,-0.996682,-0.0686639
3.4,3,0.561559,0.550467,0.186806,-0.00116547,0.0110918
3.4,4,-0.0456381,-0.0431674,0.128147,-0.083839,-0.00247069
3.4,5,-0.716692,-0.700807,-0.260463,-0.00128743,-0.0158853
3.41,0,0.194361,0.182262,0.166819,-0.0164901,0.0120992
3.41,1,-0.966303,-0.894971,-0.0643347,-2.66029,-0.0713322
3.41,2,-0.245889,-0.177568,-0.531758,-0.98611,-0.0683208
3.41,3,0.563436,0.552336,0.186814,-0.00108469,0.0111004
3.41,4,-0.0442499,-0.041886,0.128142,-0.0829821,-0.00236391
3.41,5,-0.719298,-0.703412,-0.260462,-0.0012903,-0.0158858
3.42,0,0.196029,0.18393,0.166817,-0.0164894,0.0120991
3.42,1,-0.966653,-0.895615,-0.0644489,-2.6482,-0.0710388
3.42,2,-0.250863,-0.182887,-0.531896,-0.975499,-0.0679764
3.42,3,0.565313,0.554204,0.186823,-0.00100492,0.0111089
3.42,4,-0.0428617,-0.0406046,0.128137,-0.0821249,-0.00225707
3.42,5,-0.721903,-0.706016,-0.260462,-0.00129322,-0.0158863
3.43,0,0.197697,0.185598,0.166816,-0.0164884,0.012099
3.43,1,-0.967004,-0.89626,-0.0645627,-2.63608,-0.0707442
3.43,2,-0.255837,-0.188207,-0.532035,-0.964847,-0.0676305
3.43,3,0.567189,0.556072,0.186832,-0.000926172,0.0111173
3.43,4,-0.0414734,-0.0393232,0.128132,-0.0812674,-0.00215019
3.43,5,-0.724508,-0.708621,-0.260461,-0.00129619,-0.0158869
3.44,0,0.199365,0.187266,0.166815,-0.0164871,0.0120989
3.44,1,-0.967355,-0.896906,-0.0646761,-2.62391,-0.0704485
3.44,2,-0.260811,-0.193528,-0.532172,-0.954155,-0.0672833
3.44,3,0.569066,0.55794,0.186841,-0.000848472,0.0111256
3.44,4,-0.0400852,-0.0380419,0.128127,-0.0804098,-0.00204326
3.44,5,-0.727113,-0.711226,-0.26046,-0.0012992,-0.0158874
3.45,0,0.201033,0.188934,0.166814,-0.0164852,0.0120989
3.45,1,-0.967705,-0.897553,-0.064789,-2.6117,-0.0701516
3.45,2,-0.265785,-0.19885,-0.532308,-0.943425,-0.0669347
3.45,3,0.570943,0.559809,0.18685,-0.00077183,0.0111338
3.45,4,-0.038697,-0.0367607,0.128123,-0.0795519,-0.00193629
3.45,5,-0.729718,-0.71383,-0.260459,-0.00130226,-0.015888
3.46,0,0.202701,0.190603,0.166812,-0.0164827,0.0120989
3.46,1,-0.968056,-0.898202,-0.0649013,-2.59944,-0.0698536
3.46,2,-0.270759,-0.204174,-0.532444,-0.932655,-0.0665848
3.46,3,0.572819,0.561677,0.186859,-0.000696261,0.0111419
3.46,4,-0.0373088,-0.0354795,0.128119,-0.0786939,-0.00182928
3.46,5,-0.732323,-0.716435,-0.260458,-0.00130535,-0.0158886
3.47,0,0.204369,0.192271,0.166811,-0.0164795,0.0120988
3.47,1,-0.968406,-0.898852,-0.065013,-2.58714,-0.0695545
3.47,2,-0.275733,-0.209499,-0.532578,-0.921847,-0.0662335
3.47,3,0.574696,0.563546,0.186869,-0.000621779,0.01115
3.47,4,-0.0359205,-0.0341983,0.128116,-0.0778358,-0.00172223
3.47,5,-0.734928,-0.719039,-0.260458,-0.00130848,-0.0158892
3.48,0,0.206038,0.193939,0.166809,-0.0164754,0.0120988
3.48,1,-0.968757,-0.899502,-0.0651239,-2.5748,-0.0692543
3.48,2,-0.280706,-0.214826,-0.532712,-0.911001,-0.0658808
3.48,3,0.576573,0.565415,0.186879,-0.000548397,0.0111579
3.48,4,-0.0345323,-0.0329172,0.128113,-0.0769776,-0.00161515
3.48,5,-0.737534,-0.721644,-0.260457,-0.00131164,-0.0158897
3.49,0,0.207706,0.195607,0.166808,-0.0164703,0.0120988
3.49,1,-0.969107,-0.900154,-0.0652341,-2.56242,-0.068953
3.49,2,-0.28568,-0.220153,-0.532844,-0.900117,-0.0655268
3.49,3,0.578449,0.567284,0.186889,-0.00047613,0.0111657
3.49,4,-0.0331441,-0.0316361,0.12811,-0.0761194,-0.00150804
3.49,5,-0.740139,-0.724248,-0.260456,-0.00131483,-0.0158903
3.5,0,0.209374,0.197275,0.166806,-0.0164642,0.0120989
3.5,1,-0.969458,-0.900807,-0.0653434,-2.54999,-0.0686506
3.5,2,-0.290654,-0.225483,-0.532975,-0.889196,-0.0651715
3.5,3,0.580326,0.569153,0.186899,-0.000404992,0.0111735
3.5,4,-0.0317559,-0.030355,0.128108,-0.0752612,-0.00140091
3.5,5,-0.742744,-0.726853,-0.260456,-0.00131804,-0.0158909
3.51,0,0.211042,0.198943,0.166804,-0.0164569,0.0120989
3.51,1,-0.969808,-0.901461,-0.0654519,-2.53753,-0.0683471
3.51,2,-0.295628,-0.230813,-0.533105,-0.878238,-0.064815
3.51,3,0.582203,0.571022,0.18691,-0.000334997,0.0111811
3.51,4,-0.0303677,-0.0290739,0.128106,-0.0744031,-0.00129376
3.51,5,-0.745349,-0.729458,-0.260455,-0.00132126,-0.0158915
3.52,0,0.21271,0.200611,0.166802,-0.0164483,0.012099
3.52,1,-0.970159,-0.902116,-0.0655594,-2.52502,-0.0680425
3.52,2,-0.300602,-0.236145,-0.533234,-0.867243,-0.0644571
3.52,3,0.584079,0.572891,0.18692,-0.000266158,0.0111886
3.52,4,-0.0289794,-0.0277928,0.128105,-0.073545,-0.00118659
3.52,5,-0.747954,-0.732062,-0.260454,-0.0013245,-0.0158922
3.53,0,0.214378,0.202279,0.1668,-0.0164385,0.012099
3.53,1,-0.970509,-0.902772,-0.065666,-2.51247,-0.0677368
3.53,2,-0.305576,-0.241478,-0.533362,-0.856213,-0.0640979
3.53,3,0.585956,0.57476,0.186931,-0.000198493,0.011196
3.53,4,-0.0275912,-0.0265118,0.128104,-0.0726872,-0.00107941
3.53,5,-0.750559,-0.734667,-0.260454,-0.00132776,-0.0158928
3.54,0,0.216046,0.203947,0.166798,-0.0164273,0.0120992
3.54,1,-0.97086,-0.90343,-0.0657715,-2.49989,-0.0674301
3.54,2,-0.31055,-0.246812,-0.533488,-0.845147,-0.0637375
3.54,3,0.587833,0.576629,0.186942,-0.000132017,0.0112033
3.54,4,-0.026203,-0.0252308,0.128103,-0.0718295,-0.00097222
3.54,5,-0.753165,-0.737271,-0.260453,-0.00133102,-0.0158934
3.55,0,0.217714,0.205615,0.166795,-0.0164147,0.0120993
3.55,1,-0.97121,-0.904088,-0.065876,-2.48727,-0.0671223
3.55,2,-0.315524,-0.252148,-0.533613,-0.834046,-0.0633758
3.55,3,0.589709,0.578499,0.186953,-6.67458e-05,0.0112105
3.55,4,-0.0248148,-0.0239497,0.128104,-0.070972,-0.000865032
3.55,5,-0.75577,-0.739876,-0.260453,-0.00133429,-0.015894
3.56,0,0.219382,0.207283,0.166793,-0.0164006,0.0120994
3.56,1,-0.971561,-0.904747,-0.0659793,-2.4746,-0.0668135
3.56,2,-0.320497,-0.257485,-0.533737,-0.822911,-0.0630128
3.56,3,0.591586,0.580368,0.186964,-2.69778e-06,0.0112176
3.56,4,-0.0234265,-0.0226687,0.128104,-0.0701149,-0.000757849
3.56,5,-0.758375,-0.74248,-0.260453,-0.00133756,-0.0158947
3.57,0,0.22105,0.208951,0.16679,-0.016385,0.0120996
3.57,1,-0.971911,-0.905408,-0.0660815,-2.4619,-0.0665037
3.57,2,-0.325471,-0.262823,-0.533859,-0.811741,-0.0626487
3.57,3,0.593463,0.582238,0.186976,6.01092e-05,0.0112246
3.57,4,-0.0220383,-0.0213877,0.128105,-0.0692581,-0.000650675
3.57,5,-0.76098,-0.745085,-0.260452,-0.00134084,-0.0158953
3.58,0,0.222719,0.210619,0.166787,-0.0163679,0.0120998
3.58,1,-0.972262,-0.906069,-0.0661826,-2.44917,-0.0661928
3.58,2,-0.330445,-0.268162,-0.53398,-0.800538,-0.0622833
3.58,3,0.595339,0.584108,0.186987,0.000121656,0.0112314
3.58,4,-0.0206501,-0.0201066,0.128107,-0.0684017,-0.000543515
3.58,5,-0.763585,-0.747689,-0.260452,-0.00134412,-0.0158959
3.59,0,0.224387,0.212287,0.166784,-0.0163494,0.0121001
3.59,1,-0.972612,-0.906731,-0.0662824,-2.43639,-0.065881
3.59,2,-0.335419,-0.273502,-0.534099,-0.789302,-0.0619167
3.59,3,0.597216,0.585978,0.186999,0.000181923,0.0112381
3.59,4,-0.0192619,-0.0188255,0.128109,-0.0675457,-0.000436376
3.59,5,-0.76619,-0.750294,-0.260452,-0.00134739,-0.0158966
3.6,0,0.226055,0.213954,0.166781,-0.0163293,0.0121003
3.6,1,-0.972963,-0.907395,-0.066381,-2.42358,-0.0655681
3.6,2,-0.340393,-0.278844,-0.534217,-0.778033,-0.0615489
3.6,3,0.599093,0.587848,0.187011,0.00024089,0.0112448
3.6,4,-0.0178737,-0.0175444,0.128112,-0.0666903,-0.000329264
3.6,5,-0.768796,-0.752898,-0.260452,-0.00135066,-0.0158972
3.61,0,0.227723,0.215622,0.166778,-0.0163076,0.0121006
3.61,1,-0.973313,-0.908059,-0.0664783,-2.41074,-0.0652543
3.61,2,-0.345367,-0.284187,-0.534334,-0.766732,-0.06118
3.61,3,0.600969,0.589718,0.187023,0.000298535,0.0112513
3.61,4,-0.0164854,-0.0162633,0.128116,-0.0658353,-0.000222183
3.61,5,-0.771401,-0.755503,-0.260451,-0.00135393,-0.0158979
3.62,0,0.229391,0.21729,0.166775,-0.0162845,0.012101
3.62,1,-0.973664,-0.908724,-0.0665743,-2.39786,-0.0649395
3.62,2,-0.350341,-0.289531,-0.534449,-0.755399,-0.0608099
3.62,3,0.602846,0.591588,0.187036,0.000354838,0.0112576
3.62,4,-0.0150972,-0.0149821,0.12812,-0.064981,-0.000115141
3.62,5,-0.774006,-0.758107,-0.260451,-0.0013572,-0.0158985
3.63,0,0.231059,0.218958,0.166771,-0.0162599,0.0121013
3.63,1,-0.974014,-0.909391,-0.0666691,-2.38494,-0.0646238
3.63,2,-0.355315,-0.294876,-0.534562,-0.744035,-0.0604386
3.63,3,0.604723,0.593459,0.187048,0.000409775,0.0112639
3.63,4,-0.013709,-0.0137009,0.128125,-0.0641274,-8.14255e-06
3.63,5,-0.776611,-0.760712,-0.260451,-0.00136046,-0.0158992
3.64,0,0.232727,0.220625,0.166768,-0.0162338,0.0121017
3.64,1,-0.974365,-0.910058,-0.0667625,-2.372,-0.0643071
3.64,2,-0.360288,-0.300222,-0.534674,-0.73264,-0.0600663
3.64,3,0.606599,0.595329,0.187061,0.000463324,0.01127
3.64,4,-0.0123208,-0.0124196,0.12813,-0.0632744,9.88057e-05
3.64,5,-0.779216,-0.763316,-0.260451,-0.00136372,-0.0158998
3.65,0,0.234395,0.222293,0.166765,-0.0162063,0.0121022
3.65,1,-0.974716,-0.910726,-0.0668546,-2.35902,-0.0639895
3.65,2,-0.365262,-0.305569,-0.534784,-0.721215,-0.0596928
3.65,3,0.608476,0.5972,0.187074,0.000515462,0.011276
3.65,4,-0.0109326,-0.0111382,0.128136,-0.0624223,0.000205698
3.65,5,-0.781821,-0.765921,-0.260451,-0.00136698,-0.0159005
3.66,0,0.236063,0.223961,0.166761,-0.0161774,0.0121026
3.66,1,-0.975066,-0.911395,-0.0669454,-2.346,-0.063671
3.66,2,-0.370236,-0.310918,-0.534893,-0.70976,-0.0593182
3.66,3,0.610353,0.599071,0.187087,0.000566165,0.0112819
3.66,4,-0.00954433,-0.00985686,0.128142,-0.0615709,0.000312528
3.66,5,-0.784426,-0.768525,-0.260451,-0.00137024,-0.0159011
3.67,0,0.237731,0.225628,0.166758,-0.0161471,0.0121031
3.67,1,-0.975417,-0.912065,-0.0670349,-2.33296,-0.0633516
3.67,2,-0.37521,-0.316267,-0.535001,-0.698276,-0.0589426
3.67,3,0.612229,0.600942,0.187101,0.00061541,0.0112876
3.67,4,-0.00815611,-0.0085754,0.128149,-0.0607203,0.000419289
3.67,5,-0.787032,-0.77113,-0.260451,-0.00137349,-0.0159018
3.68,0,0.239399,0.227296,0.166754,-0.0161154,0.0121037
3.68,1,-0.975767,-0.912736,-0.067123,-2.31988,-0.0630312
3.68,2,-0.380184,-0.321618,-0.535106,-0.686763,-0.0585659
3.68,3,0.614106,0.602813,0.187114,0.000663172,0.0112932
3.68,4,-0.00676789,-0.00729386,0.128157,-0.0598707,0.000525976
3.68,5,-0.789637,-0.773734,-0.260451,-0.00137674,-0.0159024
3.69,0,0.241068,0.228963,0.166751,-0.0160824,0.0121043
3.69,1,-0.976118,-0.913408,-0.0672097,-2.30677,-0.0627101
3.69,2,-0.385158,-0.32697,-0.53521,-0.675222,-0.0581881
3.69,3,0.615983,0.604684,0.187128,0.000709428,0.0112986
3.69,4,-0.00537966,-0.00601225,0.128165,-0.059022,0.000632582
3.69,5,-0.792242,-0.776339,-0.260451,-0.00137999,-0.0159031
3.7,0,0.242736,0.230631,0.166747,-0.016048,0.0121049
3.7,1,-0.976468,-0.91408,-0.0672951,-2.29364,-0.062388
3.7,2,-0.390132,-0.332322,-0.535313,-0.663653,-0.0578093
3.7,3,0.61786,0.606556,0.187142,0.000754154,0.0113039
3.7,4,-0.00399144,-0.00473054,0.128174,-0.0581744,0.000739101
3.7,5,-0.794847,-0.778943,-0.260451,-0.00138325,-0.0159037
3.71,0,0.244404,0.232298,0.166744,-0.0160125,0.0121055
3.71,1,-0.976819,-0.914754,-0.0673791,-2.28047,-0.0620651
3.71,2,-0.395106,-0.337676,-0.535414,-0.652057,-0.0574295
3.71,3,0.619736,0.608427,0.187157,0.000797326,0.0113091
3.71,4,-0.00260322,-0.00344875,0.128184,-0.0573277,0.000845527
3.71,5,-0.797452,-0.781548,-0.260451,-0.0013865,-0.0159044
3.72,0,0.246072,0.233966,0.166741,-0.0159756,0.0121062
3.72,1,-0.977169,-0.915428,-0.0674618,-2.26727,-0.0617414
3.72,2,-0.400079,-0.343031,-0.535513,-0.640434,-0.0570487
3.72,3,0.621613,0.610299,0.187171,0.000838921,0.0113142
3.72,4,-0.001215,-0.00216685,0.128194,-0.0564822,0.000951855
3.72,5,-0.800057,-0.784152,-0.260451,-0.00138976,-0.015905
3.73,0,0.24774,0.235633,0.166738,-0.0159376,0.0121069
3.73,1,-0.97752,-0.916103,-0.0675432,-2.25404,-0.0614169
3.73,2,-0.405053,-0.348386,-0.535611,-0.628784,-0.0566669
3.73,3,0.62349,0.612171,0.187186,0.000878913,0.011319
3.73,4,0.000173223,-0.000884854,0.128205,-0.0556378,0.00105808
3.73,5,-0.802663,-0.786757,-0.260451,-0.00139301,-0.0159057
3.74,0,0.249408,0.2373,0.166734,-0.0158984,0.0121076
3.74,1,-0.97787,-0.916779,-0.0676232,-2.24079,-0.0610915
3.74,2,-0.410027,-0.353743,-0.535708,-0.617108,-0.0562841
3.74,3,0.625366,0.614042,0.187201,0.000917281,0.0113238
3.74,4,0.00156145,0.000397256,0.128216,-0.0547946,0.00116419
3.74,5,-0.805268,-0.789361,-0.260451,-0.00139628,-0.0159063
3.75,0,0.251076,0.238968,0.166731,-0.015858,0.0121084
3.75,1,-0.978221,-0.917455,-0.0677019,-2.22751,-0.0607654
3.75,2,-0.415001,-0.359101,-0.535802,-0.605407,-0.0559004
3.75,3,0.627243,0.615915,0.187216,0.000954001,0.0113284
3.75,4,0.00294967,0.00167948,0.128228,-0.0539526,0.00127018
3.75,5,-0.807873,-0.791966,-0.260451,-0.00139954,-0.015907
3.76,0,0.252744,0.240635,0.166728,-0.0158165,0.0121092
3.76,1,-0.978571,-0.918133,-0.0677792,-2.2142,-0.0604384
3.76,2,-0.419975,-0.364459,-0.535895,-0.593681,-0.0555157
3.76,3,0.62912,0.617787,0.187231,0.000989049,0.0113328
3.76,4,0.00433789,0.00296183,0.128241,-0.0531118,0.00137606
3.76,5,-0.810478,-0.79457,-0.260451,-0.00140282,-0.0159076
3.77,0,0.254412,0.242302,0.166725,-0.0157738,0.01211
3.77,1,-0.978922,-0.918811,-0.0678553,-2.20086,-0.0601108
3.77,2,-0.424949,-0.369819,-0.535987,-0.58193,-0.0551301
3.77,3,0.630996,0.619659,0.187247,0.0010224,0.0113371
3.77,4,0.00572611,0.00424431,0.128254,-0.0522724,0.0014818
3.77,5,-0.813083,-0.797175,-0.260451,-0.00140609,-0.0159083
3.78,0,0.25608,0.24397,0.166722,-0.0157301,0.0121109
3.78,1,-0.979272,-0.91949,-0.06793,-2.1875,-0.0597823
3.78,2,-0.429923,-0.375179,-0.536077,-0.570156,-0.0547437
3.78,3,0.632873,0.621532,0.187263,0.00105404,0.0113412
3.78,4,0.00711433,0.00552692,0.128267,-0.0514343,0.00158741
3.78,5,-0.815688,-0.799779,-0.260451,-0.00140938,-0.0159089
3.79,0,0.257748,0.245637,0.166719,-0.0156853,0.0121118
3.79,1,-0.979623,-0.92017,-0.0680034,-2.17412,-0.0594531
3.79,2,-0.434897,-0.38054,-0.536165,-0.558357,-0.0543563
3.79,3,0.63475,0.623404,0.187279,0.00108394,0.0113451
3.79,4,0.00850255,0.00680967,0.128281,-0.0505975,0.00169289
3.79,5,-0.818294,-0.802384,-0.260451,-0.00141267,-0.0159096
3.8,0,0.259417,0.247304,0.166716,-0.0156395,0.0121127
3.8,1,-0.979973,-0.92085,-0.0680755,-2.1607,-0.0591232
3.8,2,-0.43987,-0.385902,-0.536252,-0.546536,-0.053968
3.8,3,0.636626,0.625277,0.187295,0.00111209,0.0113489
3.8,4,0.00989078,0.00809256,0.128296,-0.0497622,0.00179822
3.8,5,-0.820899,-0.804988,-0.26045,-0.00141597,-0.0159102
3.81,0,0.261085,0.248971,0.166713,-0.0155926,0.0121136
3.81,1,-0.980324,-0.921531,-0.0681463,-2.14727,-0.0587926
3.81,2,-0.444844,-0.391265,-0.536338,-0.534692,-0.0535789
3.81,3,0.638503,0.62715,0.187312,0.00113845,0.0113526
3.81,4,0.011279,0.0093756,0.128311,-0.0489284,0.0019034
3.81,5,-0.823504,-0.807593,-0.26045,-0.00141927,-0.0159109
3.82,0,0.262753,0.250638,0.16671,-0.0155446,0.0121146
3.82,1,-0.980674,-0.922213,-0.0682159,-2.1338,-0.0584613
3.82,2,-0.449818,-0.396629,-0.536421,-0.522825,-0.0531889
3.82,3,0.64038,0.629024,0.187329,0.00116301,0.011356
3.82,4,0.0126672,0.0106588,0.128327,-0.0480961,0.00200842
3.82,5,-0.826109,-0.810198,-0.26045,-0.00142258,-0.0159115
3.83,0,0.264421,0.252305,0.166707,-0.0154957,0.0121156
3.83,1,-0.981025,-0.922896,-0.0682842,-2.12032,-0.0581293
3.83,2,-0.454792,-0.401994,-0.536504,-0.510937,-0.0527981
3.83,3,0.642256,0.630897,0.187346,0.00118574,0.0113593
3.83,4,0.0140554,0.0119422,0.128343,-0.0472653,0.00211328
3.83,5,-0.828714,-0.812802,-0.26045,-0.00142591,-0.0159122
3.84,0,0.266089,0.253972,0.166704,-0.0154457,0.0121167
3.84,1,-0.981375,-0.923579,-0.0683512,-2.10681,-0.0577966
3.84,2,-0.459766,-0.407359,-0.536584,-0.499027,-0.0524065
3.84,3,0.644133,0.632771,0.187363,0.00120664,0.0113624
3.84,4,0.0154437,0.0132257,0.12836,-0.046436,0.00221798
3.84,5,-0.831319,-0.815407,-0.26045,-0.00142923,-0.0159128
3.85,0,0.267757,0.255639,0.166702,-0.0153948,0.0121177
3.85,1,-0.981726,-0.924263,-0.0684169,-2.09328,-0.0574632
3.85,2,-0.46474,-0.412726,-0.536664,-0.487096,-0.0520141
3.85,3,0.64601,0.634644,0.18738,0.00122567,0.0113654
3.85,4,0.0168319,0.0145094,0.128377,-0.0456084,0.00232251
3.85,5,-0.833925,-0.818011,-0.26045,-0.00143257,-0.0159135
3.86,0,0.269425,0.257306,0.166699,-0.0153428,0.0121188
3.86,1,-0.982077,-0.924947,-0.0684814,-2.07972,-0.0571292
3.86,2,-0.469714,-0.418093,-0.536741,-0.475146,-0.0516209
3.86,3,0.647886,0.636518,0.187398,0.00124282,0.0113682
3.86,4,0.0182201,0.0157932,0.128395,-0.0447823,0.00242687
3.86,5,-0.83653,-0.820616,-0.26045,-0.00143591,-0.0159142
3.87,0,0.271093,0.258973,0.166696,-0.0152899,0.01212
3.87,1,-0.982427,-0.925632,-0.0685447,-2.06615,-0.0567946
3.87,2,-0.474688,-0.423461,-0.536817,-0.463175,-0.051227
3.87,3,0.649763,0.638392,0.187416,0.00125806,0.0113708
3.87,4,0.0196083,0.0170773,0.128413,-0.043958,0.00253105
3.87,5,-0.839135,-0.82322,-0.26045,-0.00143927,-0.0159148
3.88,0,0.272761,0.26064,0.166693,-0.015236,0.0121211
3.88,1,-0.982778,-0.926318,-0.0686067,-2.05255,-0.0564593
3.88,2,-0.479661,-0.428829,-0.536892,-0.451184,-0.0508323
3.88,3,0.65164,0.640266,0.187434,0.00127139,0.0113732
3.88,4,0.0209966,0.0183615,0.128431,-0.0431354,0.00263504
3.88,5,-0.84174,-0.825824,-0.260449,-0.00144262,-0.0159155
3.89,0,0.274429,0.262307,0.166691,-0.0151812,0.0121223
3.89,1,-0.983128,-0.927005,-0.0686675,-2.03894,-0.0561234
3.89,2,-0.484635,-0.434198,-0.536965,-0.439175,-0.0504368
3.89,3,0.653516,0.642141,0.187452,0.00128277,0.0113754
3.89,4,0.0223848,0.0196459,0.12845,-0.0423145,0.00273884
3.89,5,-0.844345,-0.828429,-0.260449,-0.00144599,-0.0159162
3.9,0,0.276098,0.263974,0.166688,-0.0151254,0.0121235
3.9,1,-0.983479,-0.927692,-0.068727,-2.0253,-0.055787
3.9,2,-0.489609,-0.439568,-0.537036,-0.427147,-0.0500406
3.9,3,0.655393,0.644016,0.187471,0.0012922,0.0113775
3.9,4,0.023773,0.0209305,0.12847,-0.0414953,0.00284245
3.9,5,-0.84695,-0.831033,-0.260449,-0.00144936,-0.0159168
3.91,0,0.277766,0.265641,0.166686,-0.0150686,0.0121247
3.91,1,-0.983829,-0.928379,-0.0687854,-2.01164,-0.0554499
3.91,2,-0.494583,-0.444939,-0.537106,-0.4151,-0.0496438
3.91,3,0.65727,0.64589,0.187489,0.00129964,0.0113793
3.91,4,0.0251612,0.0222153,0.12849,-0.040678,0.00294587
3.91,5,-0.849555,-0.833638,-0.260449,-0.00145274,-0.0159175
3.92,0,0.279434,0.267308,0.166683,-0.0150109,0.012126
3.92,1,-0.98418,-0.929067,-0.0688425,-1.99796,-0.0551122
3.92,2,-0.499557,-0.450311,-0.537175,-0.403036,-0.0492462
3.92,3,0.659146,0.647765,0.187508,0.0013051,0.011381
3.92,4,0.0265494,0.0235004,0.12851,-0.0398625,0.00304908
3.92,5,-0.852161,-0.836242,-0.260449,-0.00145613,-0.0159182
3.93,0,0.281102,0.268975,0.166681,-0.0149523,0.0121272
3.93,1,-0.98453,-0.929756,-0.0688984,-1.98427,-0.054774
3.93,2,-0.504531,-0.455683,-0.537242,-0.390955,-0.048848
3.93,3,0.661023,0.649641,0.187527,0.00130853,0.0113825
3.93,4,0.0279377,0.0247856,0.128531,-0.0390488,0.00315208
3.93,5,-0.854766,-0.838847,-0.260449,-0.00145952,-0.0159188
3.94,0,0.28277,0.270641,0.166678,-0.0148928,0.0121285
3.94,1,-0.984881,-0.930445,-0.0689531,-1.97055,-0.0544353
3.94,2,-0.509505,-0.461056,-0.537307,-0.378857,-0.0484491
3.94,3,0.6629,0.651516,0.187547,0.00130994,0.0113838
3.94,4,0.0293259,0.026071,0.128552,-0.0382371,0.00325488
3.94,5,-0.857371,-0.841451,-0.260449,-0.00146292,-0.0159195
3.95,0,0.284438,0.272308,0.166676,-0.0148323,0.0121299
3.95,1,-0.985231,-0.931135,-0.0690066,-1.95682,-0.054096
3.95,2,-0.514479,-0.466429,-0.537371,-0.366743,-0.0480495
3.95,3,0.664776,0.653392,0.187566,0.00130929,0.0113849
3.95,4,0.0307141,0.0273566,0.128574,-0.0374273,0.00335746
3.95,5,-0.859976,-0.844056,-0.260449,-0.00146632,-0.0159202
3.96,0,0.286106,0.273975,0.166673,-0.0147709,0.0121312
3.96,1,-0.985582,-0.931826,-0.0690588,-1.94307,-0.0537561
3.96,2,-0.519452,-0.471803,-0.537433,-0.354613,-0.0476493
3.96,3,0.666653,0.655267,0.187586,0.00130658,0.0113858
3.96,4,0.0321023,0.0286425,0.128596,-0.0366194,0.00345982
3.96,5,-0.862581,-0.84666,-0.260448,-0.00146973,-0.0159209
3.97,0,0.287774,0.275642,0.166671,-0.0147087,0.0121326
3.97,1,-0.985932,-0.932516,-0.0691099,-1.9293,-0.0534158
3.97,2,-0.524426,-0.477178,-0.537494,-0.342467,-0.0472485
3.97,3,0.66853,0.657143,0.187606,0.00130178,0.0113865
3.97,4,0.0334905,0.0299286,0.128618,-0.0358135,0.00356196
3.97,5,-0.865186,-0.849265,-0.260448,-0.00147314,-0.0159215
3.98,0,0.289442,0.277308,0.166668,-0.0146455,0.012134
3.98,1,-0.986283,-0.933208,-0.0691597,-1.91552,-0.0530749
3.98,2,-0.5294,-0.482553,-0.537554,-0.330307,-0.0468471
3.98,3,0.670406,0.659019,0.187626,0.00129487,0.011387
3.98,4,0.0348788,0.0312149,0.128641,-0.0350097,0.00366387
3.98,5,-0.867792,-0.851869,-0.260448,-0.00147656,-0.0159222
3.99,0,0.29111,0.278975,0.166666,-0.0145815,0.0121354
3.99,1,-0.986633,-0.9339,-0.0692083,-1.90172,-0.0527336
3.99,2,-0.534374,-0.487929,-0.537611,-0.318132,-0.0464452
3.99,3,0.672283,0.660896,0.187646,0.00128585,0.0113873
3.99,4,0.036267,0.0325014,0.128665,-0.0342079,0.00376555
3.99,5,-0.870397,-0.854474,-0.260448,-0.00147998,-0.0159229
4,0,0.292778,0.280642,0.166664,-0.0145166,0.0121369
4,1,-0.986984,-0.934592,-0.0692557,-1.8879,-0.0523918
4,2,-0.539348,-0.493305,-0.537667,-0.305943,-0.0460426
4,3,0.67416,0.662772,0.187666,0.00127468,0.0113874
4,4,0.0376552,0.0337882,0.128688,-0.0334081,0.003867
4,5,-0.873002,-0.857078,-0.260448,-0.0014834,-0.0159236
4.01,0,0.294447,0.282308,0.166661,-0.0144509,0.0121383
4.01,1,-0.987334,-0.935285,-0.0693019,-1.87407,-0.0520495
4.01,2,-0.544322,-0.498682,-0.537722,-0.293741,-0.0456395
4.01,3,0.676036,0.664649,0.187687,0.00126137,0.0113873
4.01,4,0.0390434,0.0350752,0.128712,-0.0326105,0.00396821
4.01,5,-0.875607,-0.859683,-0.260448,-0.00148683,-0.0159242
4.02,0,0.296115,0.283975,0.166659,-0.0143843,0.0121398
4.02,1,-0.987685,-0.935978,-0.0693469,-1.86023,-0.0517068
4.02,2,-0.549296,-0.50406,-0.537775,-0.281526,-0.0452359
4.02,3,0.677913,0.666526,0.187707,0.00124588,0.011387
4.02,4,0.0404317,0.0363625,0.128737,-0.0318151,0.00406917
4.02,5,-0.878212,-0.862287,-0.260448,-0.00149027,-0.0159249
4.03,0,0.297783,0.285641,0.166657,-0.0143168,0.0121413
4.03,1,-0.988035,-0.936672,-0.0693906,-1.84637,-0.0513636
4.03,2,-0.554269,-0.509438,-0.537827,-0.269298,-0.0448317
4.03,3,0.67979,0.668403,0.187728,0.0012282,0.0113865
4.03,4,0.0418199,0.03765,0.128762,-0.0310218,0.00416989
4.03,5,-0.880817,-0.864892,-0.260448,-0.0014937,-0.0159256
4.04,0,0.299451,0.287308,0.166655,-0.0142486,0.0121429
4.04,1,-0.988386,-0.937366,-0.0694331,-1.8325,-0.0510199
4.04,2,-0.559243,-0.514816,-0.537877,-0.257058,-0.044427
4.04,3,0.681666,0.670281,0.187749,0.00120831,0.0113858
4.04,4,0.0432081,0.0389377,0.128787,-0.0302307,0.00427035
4.04,5,-0.883423,-0.867496,-0.260448,-0.00149714,-0.0159263
4.05,0,0.301119,0.288975,0.166652,-0.0141795,0.0121444
4.05,1,-0.988736,-0.938061,-0.0694743,-1.81861,-0.0506759
4.05,2,-0.564217,-0.520195,-0.537925,-0.244806,-0.0440219
4.05,3,0.683543,0.672158,0.187771,0.0011862,0.0113849
4.05,4,0.0445963,0.0402258,0.128813,-0.0294418,0.00437056
4.05,5,-0.886028,-0.870101,-0.260448,-0.00150058,-0.015927
4.06,0,0.302787,0.290641,0.16665,-0.0141096,0.012146
4.06,1,-0.989087,-0.938756,-0.0695143,-1.80472,-0.0503315
4.06,2,-0.569191,-0.525575,-0.537972,-0.232544,-0.0436162
4.06,3,0.68542,0.674036,0.187792,0.00116186,0.0113837
4.06,4,0.0459845,0.041514,0.128839,-0.0286553,0.00447052
4.06,5,-0.888633,-0.872705,-0.260447,-0.00150403,-0.0159277
4.07,0,0.304455,0.292308,0.166648,-0.014039,0.0121476
4.07,1,-0.989438,-0.939451,-0.0695531,-1.79081,-0.0499866
4.07,2,-0.574165,-0.530955,-0.538017,-0.220271,-0.0432102
4.07,3,0.687296,0.675914,0.187814,0.00113525,0.0113823
4.07,4,0.0473728,0.0428026,0.128865,-0.027871,0.00457021
4.07,5,-0.891238,-0.87531,-0.260447,-0.00150748,-0.0159283
4.08,0,0.306123,0.293974,0.166646,-0.0139676,0.0121493
4.08,1,-0.989788,-0.940147,-0.0695906,-1.77689,-0.0496414
4.08,2,-0.579139,-0.536335,-0.53806,-0.207987,-0.0428036
4.08,3,0.689173,0.677792,0.187835,0.00110638,0.0113808
4.08,4,0.048761,0.0440914,0.128892,-0.027089,0.00466963
4.08,5,-0.893843,-0.877914,-0.260447,-0.00151093,-0.015929
4.09,0,0.307791,0.29564,0.166644,-0.0138954,0.0121509
4.09,1,-0.990139,-0.940843,-0.0696268,-1.76295,-0.0492958
4.09,2,-0.584113,-0.541716,-0.538102,-0.195695,-0.0423967
4.09,3,0.69105,0.679671,0.187857,0.00107522,0.011379
4.09,4,0.0501492,0.0453804,0.128919,-0.0263094,0.00476878
4.09,5,-0.896448,-0.880519,-0.260447,-0.00151438,-0.0159297
4.1,0,0.309459,0.297307,0.166642,-0.0138224,0.0121526
4.1,1,-0.990489,-0.941539,-0.0696617,-1.74901,-0.0489499
4.1,2,-0.589087,-0.547097,-0.538143,-0.183393,-0.0419893
4.1,3,0.692927,0.68155,0.187879,0.00104176,0.0113769
4.1,4,0.0515374,0.0466698,0.128947,-0.0255322,0.00486766
4.1,5,-0.899053,-0.883123,-0.260447,-0.00151783,-0.0159304
4.11,0,0.311128,0.298973,0.16664,-0.0137487,0.0121543
4.11,1,-0.99084,-0.942236,-0.0696954,-1.73506,-0.0486036
4.11,2,-0.59406,-0.552479,-0.538182,-0.171082,-0.0415815
4.11,3,0.694803,0.683428,0.187902,0.00100598,0.0113747
4.11,4,0.0529257,0.0479594,0.128975,-0.0247574,0.00496626
4.11,5,-0.901659,-0.885728,-0.260447,-0.00152129,-0.0159311
4.12,0,0.312796,0.30064,0.166638,-0.0136743,0.012156
4.12,1,-0.99119,-0.942933,-0.0697278,-1.7211,-0.048257
4.12,2,-0.599034,-0.557861,-0.538219,-0.158763,-0.0411734
4.12,3,0.69668,0.685308,0.187924,0.000967866,0.0113722
4.12,4,0.0543139,0.0492493,0.129003,-0.0239851,0.00506457
4.12,5,-0.904264,-0.888332,-0.260447,-0.00152475,-0.0159318
4.13,0,0.314464,0.302306,0.166636,-0.0135992,0.0121577
4.13,1,-0.991541,-0.943631,-0.0697589,-1.70713,-0.0479101
4.13,2,-0.604008,-0.563243,-0.538254,-0.146437,-0.0407649
4.13,3,0.698557,0.687187,0.187947,0.000927404,0.0113695
4.13,4,0.0557021,0.0505395,0.129032,-0.0232152,0.0051626
4.13,5,-0.906869,-0.890937,-0.260447,-0.00152821,-0.0159325
4.14,0,0.316132,0.303972,0.166634,-0.0135234,0.0121594
4.14,1,-0.991891,-0.944328,-0.0697887,-1.69315,-0.0475629
4.14,2,-0.608982,-0.568626,-0.538288,-0.134103,-0.040356
4.14,3,0.700433,0.689067,0.18797,0.000884579,0.0113666
4.14,4,0.0570903,0.05183,0.129061,-0.0224478,0.00526035
4.14,5,-0.909474,-0.893541,-0.260447,-0.00153167,-0.0159332
4.15,0,0.3178,0.305639,0.166632,-0.0134469,0.0121612
4.15,1,-0.992242,-0.945026,-0.0698172,-1.67916,-0.0472153
4.15,2,-0.613956,-0.574009,-0.538321,-0.121763,-0.0399468
4.15,3,0.70231,0.690946,0.187992,0.000839376,0.0113635
4.15,4,0.0584785,0.0531207,0.129091,-0.021683,0.00535779
4.15,5,-0.912079,-0.896145,-0.260447,-0.00153514,-0.0159338
4.16,0,0.319468,0.307305,0.16663,-0.0133698,0.012163
4.16,1,-0.992592,-0.945725,-0.0698443,-1.66517,-0.0468675
4.16,2,-0.61893,-0.579393,-0.538351,-0.109417,-0.0395373
4.16,3,0.704187,0.692826,0.188015,0.000791781,0.0113601
4.16,4,0.0598668,0.0544118,0.129121,-0.0209208,0.00545494
4.16,5,-0.914684,-0.89875,-0.260447,-0.0015386,-0.0159345
4.17,0,0.321136,0.308971,0.166628,-0.013292,0.0121648
4.17,1,-0.992943,-0.946423,-0.0698702,-1.65117,-0.0465195
4.17,2,-0.623904,-0.584776,-0.53838,-0.0970652,-0.0391275
4.17,3,0.706063,0.694707,0.188039,0.00074178,0.0113565
4.17,4,0.061255,0.0557032,0.129151,-0.0201612,0.00555179
4.17,5,-0.91729,-0.901354,-0.260447,-0.00154207,-0.0159352
4.18,0,0.322804,0.310638,0.166626,-0.0132135,0.0121666
4.18,1,-0.993293,-0.947122,-0.0698947,-1.63716,-0.0461712
4.18,2,-0.628878,-0.59016,-0.538407,-0.0847083,-0.0387174
4.18,3,0.70794,0.696587,0.188062,0.000689358,0.0113527
4.18,4,0.0626432,0.0569949,0.129182,-0.0194042,0.00564834
4.18,5,-0.919895,-0.903959,-0.260447,-0.00154554,-0.0159359
4.19,0,0.324472,0.312304,0.166624,-0.0131345,0.0121685
4.19,1,-0.993644,-0.947821,-0.0699179,-1.62315,-0.0458226
4.19,2,-0.633851,-0.595544,-0.538433,-0.0723468,-0.0383071
4.19,3,0.709817,0.698468,0.188086,0.000634503,0.0113486
4.19,4,0.0640314,0.0582869,0.129213,-0.0186498,0.00574457
4.19,5,-0.9225,-0.906563,-0.260447,-0.00154901,-0.0159366
4.2,0,0.32614,0.31397,0.166623,-0.0130548,0.0121703
4.2,1,-0.993994,-0.94852,-0.0699397,-1.60913,-0.0454738
4.2,2,-0.638825,-0.600929,-0.538457,-0.0599813,-0.0378965
4.2,3,0.711693,0.700349,0.188109,0.0005772,0.0113443
4.2,4,0.0654197,0.0595792,0.129244,-0.0178982,0.00584049
4.2,5,-0.925105,-0.909168,-0.260447,-0.00155248,-0.0159373
4.21,0,0.327808,0.315636,0.166621,-0.0129745,0.0121722
4.21,1,-0.994345,-0.94922,-0.0699602,-1.59511,-0.0451248
4.21,2,-0.643799,-0.606314,-0.538479,-0.0476122,-0.0374857
4.21,3,0.71357,0.70223,0.188133,0.000517436,0.0113397
4.21,4,0.0668079,0.0608718,0.129276,-0.0171493,0.0059361
4.21,5,-0.92771,-0.911772,-0.260447,-0.00155595,-0.015938
4.22,0,0.329477,0.317302,0.166619,-0.0128936,0.0121741
4.22,1,-0.994695,-0.94992,-0.0699793,-1.58109,-0.0447757
4.22,2,-0.648773,-0.611698,-0.5385,-0.0352401,-0.0370747
4.22,3,0.715447,0.704112,0.188157,0.000455199,0.0113349
4.22,4,0.0681961,0.0621647,0.129308,-0.0164031,0.00603138
4.22,5,-0.930315,-0.914377,-0.260447,-0.00155942,-0.0159387
4.23,0,0.331145,0.318969,0.166618,-0.0128122,0.012176
4.23,1,-0.995046,-0.95062,-0.0699971,-1.56706,-0.0444263
4.23,2,-0.653747,-0.617084,-0.538519,-0.0228655,-0.0366634
4.23,3,0.717323,0.705993,0.188181,0.000390476,0.0113299
4.23,4,0.0695843,0.063458,0.129341,-0.0156597,0.00612634
4.23,5,-0.932921,-0.916981,-0.260447,-0.0015629,-0.0159394
4.24,0,0.332813,0.320635,0.166616,-0.0127302,0.0121779
4.24,1,-0.995396,-0.95132,-0.0700135,-1.55303,-0.0440768
4.24,2,-0.658721,-0.622469,-0.538536,-0.0104889,-0.036252
4.24,3,0.7192,0.707875,0.188205,0.000323254,0.0113246
4.24,4,0.0709725,0.0647516,0.129374,-0.0149191,0.00622097
4.24,5,-0.935526,-0.919586,-0.260447,-0.00156637,-0.0159401
4.25,0,0.334481,0.322301,0.166614,-0.0126477,0.0121799
4.25,1,-0.995747,-0.95202,-0.0700285,-1.539,-0.0437271
4.25,2,-0.663695,-0.627854,-0.538551,0.0018892,-0.0358404
4.25,3,0.721077,0.709758,0.18823,0.000253522,0.0113191
4.25,4,0.0723608,0.0660455,0.129407,-0.0141814,0.00631527
4.25,5,-0.938131,-0.92219,-0.260447,-0.00156984,-0.0159408
4.26,0,0.336149,0.323967,0.166613,-0.0125646,0.0121818
4.26,1,-0.996097,-0.95272,-0.0700422,-1.52496,-0.0433772
4.26,2,-0.668669,-0.63324,-0.538565,0.0142682,-0.0354287
4.26,3,0.722953,0.71164,0.188254,0.000181266,0.0113134
4.26,4,0.073749,0.0673397,0.129441,-0.0134465,0.00640924
4.26,5,-0.940736,-0.924795,-0.260447,-0.00157332,-0.0159415
4.27,0,0.337817,0.325633,0.166611,-0.012481,0.0121838
4.27,1,-0.996448,-0.953421,-0.0700544,-1.51093,-0.0430273
4.27,2,-0.673642,-0.638626,-0.538577,0.0266477,-0.0350169
4.27,3,0.72483,0.713523,0.188279,0.000106476,0.0113074
4.27,4,0.0751372,0.0686343,0.129475,-0.0127145,0.00650287
4.27,5,-0.943341,-0.927399,-0.260447,-0.00157679,-0.0159421
4.28,0,0.339485,0.327299,0.16661,-0.012397,0.0121858
4.28,1,-0.996799,-0.954121,-0.0700653,-1.49689,-0.0426772
4.28,2,-0.678616,-0.644011,-0.538587,0.039027,-0.0346049
4.28,3,0.726707,0.715406,0.188304,2.91409e-05,0.0113011
4.28,4,0.0765254,0.0699293,0.129509,-0.0119854,0.00659615
4.28,5,-0.945946,-0.930004,-0.260446,-0.00158027,-0.0159428
4.29,0,0.341153,0.328965,0.166608,-0.0123124,0.0121878
4.29,1,-0.997149,-0.954822,-0.0700748,-1.48286,-0.042327
4.29,2,-0.68359,-0.649397,-0.538596,0.0514058,-0.0341929
4.29,3,0.728583,0.717289,0.188328,-5.07515e-05,0.0112946
4.29,4,0.0779136,0.0712246,0.129544,-0.0112593,0.00668909
4.29,5,-0.948552,-0.932608,-0.260446,-0.00158374,-0.0159435
4.3,0,0.342821,0.330631,0.166607,-0.0122274,0.0121898
4.3,1,-0.9975,-0.955523,-0.0700829,-1.46882,-0.0419767
4.3,2,-0.688564,-0.654783,-0.538603,0.0637834,-0.0337808
4.3,3,0.73046,0.719172,0.188353,-0.000133212,0.0112879
4.3,4,0.0793019,0.0725202,0.129579,-0.0105362,0.00678168
4.3,5,-0.951157,-0.935212,-0.260446,-0.00158722,-0.0159442
4.31,0,0.344489,0.332298,0.166606,-0.0121419,0.0121919
4.31,1,-0.99785,-0.956224,-0.0700896,-1.45479,-0.0416264
4.31,2,-0.693538,-0.660169,-0.538608,0.0761594,-0.0333686
4.31,3,0.732337,0.721056,0.188379,-0.00021825,0.0112809
4.31,4,0.0806901,0.0738162,0.129615,-0.00981603,0.00687391
4.31,5,-0.953762,-0.937817,-0.260446,-0.00159069,-0.0159449
4.32,0,0.346157,0.333964,0.166604,-0.012056,0.0121939
4.32,1,-0.998201,-0.956925,-0.070095,-1.44075,-0.041276
4.32,2,-0.698512,-0.665556,-0.538612,0.0885332,-0.0329563
4.32,3,0.734213,0.72294,0.188404,-0.000305878,0.0112736
4.32,4,0.0820783,0.0751125,0.129651,-0.00909893,0.00696579
4.32,5,-0.956367,-0.940421,-0.260446,-0.00159417,-0.0159456
4.33,0,0.347826,0.33563,0.166603,-0.0119697,0.012196
4.33,1,-0.998551,-0.957626,-0.0700989,-1.42672,-0.0409255
4.33,2,-0.703486,-0.670942,-0.538613,0.100904,-0.0325441
4.33,3,0.73609,0.724824,0.188429,-0.000396104,0.0112661
4.33,4,0.0834665,0.0764092,0.129687,-0.00838488,0.00705731
4.33,5,-0.958972,-0.943026,-0.260446,-0.00159764,-0.0159463
4.34,0,0.349494,0.337296,0.166602,-0.0118829,0.012198
4.34,1,-0.998902,-0.958327,-0.0701014,-1.4127,-0.040575
4.34,2,-0.70846,-0.676328,-0.538613,0.113272,-0.0321318
4.34,3,0.737967,0.726708,0.188455,-0.000488938,0.0112584
4.34,4,0.0848548,0.0777063,0.129723,-0.00767391,0.00714846
4.34,5,-0.961577,-0.94563,-0.260446,-0.00160111,-0.015947
4.35,0,0.351162,0.338962,0.1666,-0.0117958,0.0122001
4.35,1,-0.999252,-0.959028,-0.0701025,-1.39867,-0.0402245
4.35,2,-0.713433,-0.681714,-0.538612,0.125636,-0.0317196
4.35,3,0.739843,0.728593,0.18848,-0.000584391,0.0112504
4.35,4,0.086243,0.0790037,0.12976,-0.00696605,0.00723925
4.35,5,-0.964182,-0.948235,-0.260446,-0.00160459,-0.0159477
4.36,0,0.35283,0.340628,0.166599,-0.0117083,0.0122022
4.36,1,-0.999603,-0.959729,-0.0701022,-1.38466,-0.039874
4.36,2,-0.718407,-0.6871,-0.538608,0.137996,-0.0313073
4.36,3,0.74172,0.730478,0.188506,-0.000682471,0.0112421
4.36,4,0.0876312,0.0803015,0.129797,-0.00626132,0.00732967
4.36,5,-0.966788,-0.950839,-0.260446,-0.00160806,-0.0159484
4.37,0,0.354498,0.342294,0.166598,-0.0116204,0.0122043
4.37,1,-0.999953,-0.96043,-0.0701005,-1.37064,-0.0395236
4.37,2,-0.723381,-0.692486,-0.538603,0.150351,-0.0308952
4.37,3,0.743597,0.732363,0.188532,-0.000783188,0.0112336
4.37,4,0.0890194,0.0815997,0.129835,-0.00555976,0.00741971
4.37,5,-0.969393,-0.953444,-0.260446,-0.00161153,-0.0159491
4.38,0,0.356166,0.34396,0.166597,-0.0115321,0.0122065
4.38,1,-1.0003,-0.961131,-0.0700973,-1.35663,-0.0391731
4.38,2,-0.728355,-0.697872,-0.538596,0.162701,-0.030483
4.38,3,0.745473,0.734249,0.188557,-0.000886549,0.0112248
4.38,4,0.0904076,0.0828983,0.129873,-0.00486137,0.00750937
4.38,5,-0.971998,-0.956048,-0.260446,-0.001615,-0.0159498
4.39,0,0.357834,0.345626,0.166596,-0.0114436,0.0122086
4.39,1,-1.00065,-0.961832,-0.0700928,-1.34263,-0.0388227
4.39,2,-0.733329,-0.703258,-0.538588,0.175045,-0.030071
4.39,3,0.74735,0.736134,0.188583,-0.000992565,0.0112158
4.39,4,0.0917959,0.0841972,0.129911,-0.00416619,0.00759866
4.39,5,-0.974603,-0.958653,-0.260446,-0.00161846,-0.0159505
4.4,0,0.359502,0.347292,0.166595,-0.0113547,0.0122107
4.4,1,-1.001,-0.962532,-0.0700869,-1.32863,-0.0384723
4.4,2,-0.738303,-0.708644,-0.538577,0.187382,-0.0296591
4.4,3,0.749227,0.73802,0.18861,-0.00110124,0.0112064
4.4,4,0.0931841,0.0854965,0.129949,-0.00347423,0.00768756
4.4,5,-0.977208,-0.961257,-0.260447,-0.00162193,-0.0159512
4.41,0,0.36117,0.348957,0.166594,-0.0112655,0.0122129
4.41,1,-1.00136,-0.963233,-0.0700795,-1.31464,-0.038122
4.41,2,-0.743277,-0.714029,-0.538565,0.199713,-0.0292472
4.41,3,0.751103,0.739907,0.188636,-0.00121259,0.0111969
4.41,4,0.0945723,0.0867962,0.129988,-0.00278553,0.00777607
4.41,5,-0.979813,-0.963862,-0.260447,-0.00162539,-0.0159519
4.42,0,0.362838,0.350623,0.166593,-0.011176,0.012215
4.42,1,-1.00171,-0.963934,-0.0700708,-1.30066,-0.0377718
4.42,2,-0.748251,-0.719415,-0.538551,0.212036,-0.0288355
4.42,3,0.75298,0.741793,0.188662,-0.00132661,0.0111871
4.42,4,0.0959605,0.0880963,0.130027,-0.00210011,0.0078642
4.42,5,-0.982419,-0.966466,-0.260447,-0.00162885,-0.0159526
4.43,0,0.364507,0.352289,0.166592,-0.0110862,0.0122172
4.43,1,-1.00206,-0.964635,-0.0700606,-1.28668,-0.0374216
4.43,2,-0.753224,-0.7248,-0.538536,0.224352,-0.028424
4.43,3,0.754857,0.74368,0.188688,-0.00144332,0.011177
4.43,4,0.0973488,0.0893968,0.130067,-0.00141798,0.00795193
4.43,5,-0.985024,-0.96907,-0.260447,-0.00163231,-0.0159533
4.44,0,0.366175,0.353955,0.166591,-0.0109962,0.0122194
4.44,1,-1.00241,-0.965335,-0.0700491,-1.27272,-0.0370716
4.44,2,-0.758198,-0.730186,-0.538518,0.236659,-0.0280126
4.44,3,0.756733,0.745567,0.188715,-0.00156272,0.0111666
4.44,4,0.098737,0.0906977,0.130107,-0.000739175,0.00803927
4.44,5,-0.987629,-0.971675,-0.260447,-0.00163577,-0.015954
4.45,0,0.367843,0.355621,0.16659,-0.0109059,0.0122216
4.45,1,-1.00276,-0.966036,-0.0700361,-1.25876,-0.0367217
4.45,2,-0.763172,-0.735571,-0.538499,0.248957,-0.0276014
4.45,3,0.75861,0.747454,0.188741,-0.00168482,0.011156
4.45,4,0.100125,0.091999,0.130147,-6.37078e-05,0.0081262
4.45,5,-0.990234,-0.974279,-0.260447,-0.00163923,-0.0159546
4.46,0,0.369511,0.357287,0.166589,-0.0108154,0.0122238
4.46,1,-1.00311,-0.966736,-0.0700217,-1.24481,-0.036372
4.46,2,-0.768146,-0.740956,-0.538478,0.261246,-0.0271904
4.46,3,0.760487,0.749342,0.188768,-0.00180962,0.0111451
4.46,4,0.101513,0.0933007,0.130187,0.000608397,0.00821274
4.46,5,-0.992839,-0.976884,-0.260447,-0.00164268,-0.0159553
4.47,0,0.371179,0.358953,0.166588,-0.0107247,0.012226
4.47,1,-1.00346,-0.967436,-0.070006,-1.23088,-0.0360223
4.47,2,-0.77312,-0.74634,-0.538456,0.273524,-0.0267796
4.47,3,0.762363,0.75123,0.188795,-0.00193714,0.011134
4.47,4,0.102902,0.0946028,0.130228,0.00127712,0.00829886
4.47,5,-0.995444,-0.979488,-0.260447,-0.00164613,-0.015956
4.48,0,0.372847,0.360619,0.166588,-0.0106337,0.0122282
4.48,1,-1.00381,-0.968136,-0.0699888,-1.21695,-0.0356729
4.48,2,-0.778094,-0.751725,-0.538432,0.285792,-0.026369
4.48,3,0.76424,0.753118,0.188821,-0.00206737,0.0111225
4.48,4,0.10429,0.0959053,0.130268,0.00194244,0.00838459
4.48,5,-0.99805,-0.982093,-0.260447,-0.00164958,-0.0159567
4.49,0,0.374515,0.362285,0.166587,-0.0105426,0.0122304
4.49,1,-1.00416,-0.968836,-0.0699702,-1.20303,-0.0353236
4.49,2,-0.783068,-0.757109,-0.538406,0.29805,-0.0259587
4.49,3,0.766117,0.755006,0.188848,-0.00220032,0.0111109
4.49,4,0.105678,0.0972082,0.13031,0.00260434,0.0084699
4.49,5,-1.00065,-0.984697,-0.260447,-0.00165302,-0.0159574
4.5,0,0.376183,0.363951,0.166586,-0.0104513,0.0122327
4.5,1,-1.00451,-0.969535,-0.0699503,-1.18913,-0.0349746
4.5,2,-0.788042,-0.762493,-0.538378,0.310295,-0.0255487
4.5,3,0.767994,0.756895,0.188875,-0.00233601,0.0110989
4.5,4,0.107066,0.0985115,0.130351,0.00326279,0.00855479
4.5,5,-1.00326,-0.987302,-0.260447,-0.00165647,-0.0159581
4.51,0,0.377851,0.365616,0.166585,-0.0103599,0.0122349
4.51,1,-1.00486,-0.970235,-0.0699289,-1.17524,-0.0346257
4.51,2,-0.793015,-0.767876,-0.538349,0.322529,-0.025139
4.51,3,0.76987,0.758784,0.188902,-0.00247442,0.0110867
4.51,4,0.108455,0.0998153,0.130393,0.00391779,0.00863928
4.51,5,-1.00587,-0.989906,-0.260447,-0.00165991,-0.0159588
4.52,0,0.379519,0.367282,0.166585,-0.0102683,0.0122372
4.52,1,-1.00521,-0.970934,-0.0699062,-1.16136,-0.0342771
4.52,2,-0.797989,-0.77326,-0.538318,0.33475,-0.0247295
4.52,3,0.771747,0.760673,0.188929,-0.00261558,0.0110742
4.52,4,0.109843,0.101119,0.130435,0.00456931,0.00872334
4.52,5,-1.00847,-0.992511,-0.260447,-0.00166334,-0.0159595
4.53,0,0.381187,0.368948,0.166584,-0.0101765,0.0122394
4.53,1,-1.00556,-0.971633,-0.069882,-1.1475,-0.0339287
4.53,2,-0.802963,-0.778643,-0.538285,0.346958,-0.0243204
4.53,3,0.773624,0.762562,0.188956,-0.00275947,0.0110614
4.53,4,0.111231,0.102424,0.130477,0.00521733,0.00880698
4.53,5,-1.01108,-0.995115,-0.260447,-0.00166677,-0.0159602
4.54,0,0.382856,0.370614,0.166584,-0.0100847,0.0122417
4.54,1,-1.00591,-0.972332,-0.0698565,-1.13365,-0.0335805
4.54,2,-0.807937,-0.784025,-0.53825,0.359153,-0.0239116
4.54,3,0.7755,0.764452,0.188983,-0.00290611,0.0110484
4.54,4,0.112619,0.103729,0.13052,0.00586183,0.0088902
4.54,5,-1.01368,-0.99772,-0.260447,-0.0016702,-0.0159609
4.55,0,0.384524,0.37228,0.166583,-0.00999276,0.0122439
4.55,1,-1.00626,-0.97303,-0.0698296,-1.11982,-0.0332326
4.55,2,-0.812911,-0.789408,-0.538214,0.371333,-0.0235032
4.55,3,0.777377,0.766342,0.18901,-0.00305551,0.0110351
4.55,4,0.114007,0.105034,0.130562,0.0065028,0.00897299
4.55,5,-1.01629,-1.00032,-0.260447,-0.00167363,-0.0159616
4.56,0,0.386192,0.373946,0.166583,-0.00990073,0.0122462
4.56,1,-1.00661,-0.973728,-0.0698013,-1.106,-0.032885
4.56,2,-0.817885,-0.79479,-0.538176,0.383499,-0.0230951
4.56,3,0.779254,0.768232,0.189038,-0.00320765,0.0110215
4.56,4,0.115396,0.10634,0.130605,0.00714023,0.00905535
4.56,5,-1.01889,-1.00293,-0.260447,-0.00167705,-0.0159622
4.57,0,0.38786,0.375611,0.166582,-0.00980863,0.0122485
4.57,1,-1.00696,-0.974426,-0.0697716,-1.09219,-0.0325377
4.57,2,-0.822859,-0.800171,-0.538137,0.39565,-0.0226874
4.57,3,0.78113,0.770123,0.189065,-0.00336256,0.0110076
4.57,4,0.116784,0.107647,0.130648,0.00777409,0.00913729
4.57,5,-1.0215,-1.00553,-0.260447,-0.00168047,-0.0159629
4.58,0,0.389528,0.377277,0.166582,-0.00971647,0.0122507
4.58,1,-1.00731,-0.975124,-0.0697406,-1.0784,-0.0321906
4.58,2,-0.827833,-0.805552,-0.538095,0.407785,-0.0222802
4.58,3,0.783007,0.772013,0.189092,-0.00352022,0.0109935
4.58,4,0.118172,0.108953,0.130692,0.00840437,0.00921879
4.58,5,-1.0241,-1.00814,-0.260447,-0.00168388,-0.0159636
4.59,0,0.391196,0.378943,0.166581,-0.00962427,0.012253
4.59,1,-1.00766,-0.975821,-0.0697082,-1.06463,-0.0318439
4.59,2,-0.832806,-0.810933,-0.538052,0.419905,-0.0218733
4.59,3,0.784884,0.773904,0.18912,-0.00368065,0.0109791
4.59,4,0.11956,0.11026,0.130735,0.00903105,0.00929985
4.59,5,-1.02671,-1.01074,-0.260447,-0.00168729,-0.0159643
4.6,0,0.392864,0.380609,0.166581,-0.00953204,0.0122553
4.6,1,-1.00802,-0.976518,-0.0696744,-1.05088,-0.0314976
4.6,2,-0.83778,-0.816313,-0.538008,0.432007,-0.0214669
4.6,3,0.78676,0.775796,0.189147,-0.00384384,0.0109644
4.6,4,0.120949,0.111568,0.130779,0.00965412,0.00938048
4.6,5,-1.02931,-1.01335,-0.260447,-0.00169069,-0.015965
4.61,0,0.394532,0.382275,0.166581,-0.0094398,0.0122576
4.61,1,-1.00837,-0.977214,-0.0696393,-1.03714,-0.0311515
4.61,2,-0.842754,-0.821693,-0.537961,0.444093,-0.021061
4.61,3,0.788637,0.777687,0.189175,-0.0040098,0.0109495
4.61,4,0.122337,0.112876,0.130823,0.0102736,0.00946066
4.61,5,-1.03192,-1.01595,-0.260447,-0.00169409,-0.0159657
4.62,0,0.3962,0.38394,0.166581,-0.00934755,0.0122599
4.62,1,-1.00872,-0.97791,-0.0696028,-1.02343,-0.0308059
4.62,2,-0.847728,-0.827073,-0.537913,0.456161,-0.0206555
4.62,3,0.790514,0.779579,0.189202,-0.00417853,0.0109343
4.62,4,0.123725,0.114185,0.130868,0.0108894,0.00954041
4.62,5,-1.03452,-1.01856,-0.260448,-0.00169749,-0.0159664
4.63,0,0.399528,0.385611,0.168968,0.0497578,0.0139165
4.63,1,-1.00815,-0.978616,-0.0742591,-0.958485,-0.0295316
4.63,2,-0.848395,-0.83243,-0.527544,0.576132,-0.0159652
4.63,3,0.790583,0.781458,0.182445,-0.018211,0.00912559
4.63,4,0.124218,0.115481,0.124668,0.00756683,0.00873763
4.63,5,-1.03507,-1.02114,-0.252913,0.00622964,-0.0139289
4.64,0,0.404514,0.387387,0.186507,0.125583,0.0171276
4.64,1,-1.00666,-0.979486,-0.0983498,-0.791904,-0.0271738
4.64,2,-0.844756,-0.837401,-0.468257,0.715869,-0.00735484
4.64,3,0.788845,0.783064,0.139145,-0.0256672,0.00578197
4.64,4,0.123816,0.11654,0.0880888,0.0141672,0.00727645
4.64,5,-1.03357,-1.02344,-0.208123,0.0118018,-0.010127
4.65,0,0.409501,0.389393,0.213031,0.165223,0.0201079
4.65,1,-1.00517,-0.980599,-0.121004,-0.619893,-0.0245726
4.65,2,-0.841116,-0.841699,-0.398334,0.814164,0.000583212
4.65,3,0.787108,0.784158,0.084966,-0.0214798,0.00294998
4.65,4,0.123414,0.117183,0.044991,0.0273553,0.00623135
4.65,5,-1.03207,-1.02524,-0.157029,0.0129725,-0.00682725
4.66,0,0.414487,0.391687,0.243104,0.182696,0.0228002
4.66,1,-1.00368,-0.9819,-0.1362,-0.462783,-0.0217846
4.66,2,-0.837476,-0.845307,-0.330726,0.896381,0.00783095
4.66,3,0.78537,0.784722,0.0340596,-0.0139559,0.000647986
4.66,4,0.123013,0.11741,0.00532362,0.0421559,0.00560222
4.66,5,-1.03057,-1.02656,-0.112175,0.0136139,-0.00400773
4.67,0,0.419474,0.394287,0.273745,0.186239,0.0251868
4.67,1,-1.0022,-0.983309,-0.143697,-0.324408,-0.0188875
4.67,2,-0.833837,-0.848263,-0.267477,0.967743,0.0144263
4.67,3,0.783633,0.784818,-0.00923952,-0.00630857,-0.00118523
4.67,4,0.122611,0.117274,-0.0282293,0.0568118,0.00533714
4.67,5,-1.02906,-1.02747,-0.0747851,0.0144609,-0.00159492
4.68,0,0.42446,0.397188,0.303261,0.181104,0.0272722
4.68,1,-1.00071,-0.984755,-0.144361,-0.205068,-0.0159538
4.68,2,-0.830197,-0.85061,-0.208434,1.02925,0.0204127
4.68,3,0.781895,0.784526,-0.0442162,0.00021592,-0.00263138
4.68,4,0.122209,0.116838,-0.0551119,0.0705234,0.00537093
4.68,5,-1.02756,-1.02804,-0.0433551,0.0153977,0.000478239
4.69,0,0.429447,0.400374,0.330715,0.170783,0.0290732
4.69,1,-0.999221,-0.986174,-0.139189,-0.104288,-0.0130464
4.69,2,-0.826558,-0.852387,-0.153099,1.08108,0.0258294
4.69,3,0.780157,0.783928,-0.0714948,0.00518795,-0.0037709
4.69,4,0.121807,0.116169,-0.0755471,0.0828754,0.00563773
4.69,5,-1.02606,-1.02832,-0.0162439,0.0161834,0.00226204
4.7,0,0.434434,0.40382,0.355636,0.157626,0.0306134
4.7,1,-0.997733,-0.987514,-0.129113,-0.0213979,-0.0102184
4.7,2,-0.822918,-0.853629,-0.101005,1.12334,0.030711
4.7,3,0.77842,0.783095,-0.092167,0.0085508,-0.00467494
4.7,4,0.121405,0.115329,-0.0900885,0.0936518,0.00607594
4.7,5,-1.02456,-1.02835,0.00772972,0.0166448,0.00379275
4.71,0,0.43942,0.407501,0.377849,0.14322,0.0319191
4.71,1,-0.996245,-0.988731,-0.114972,0.04435,-0.00751417
4.71,2,-0.819278,-0.854366,-0.0517794,1.15619,0.0350877
4.71,3,0.776682,0.782085,-0.107433,0.0104302,-0.00540298
4.71,4,0.121003,0.114373,-0.0994266,0.102756,0.00663034
4.71,5,-1.02305,-1.02815,0.0292822,0.0167027,0.00509747
4.72,0,0.444407,0.411389,0.397362,0.128622,0.0330177
4.72,1,-0.994757,-0.989787,-0.0975216,0.0937591,-0.00497014
4.72,2,-0.815639,-0.854625,-0.00514335,1.17988,0.0389866
4.72,3,0.774944,0.780947,-0.118444,0.0110401,-0.00600266
4.72,4,0.120602,0.113349,-0.10429,0.110168,0.00725292
4.72,5,-1.02155,-1.02775,0.0487953,0.0163519,0.00619809
4.73,0,0.449393,0.415458,0.414298,0.114525,0.0339355
4.73,1,-0.993269,-0.990654,-0.077437,0.127686,-0.00261564
4.73,2,-0.811999,-0.854431,0.0391055,1.19476,0.0424323
4.73,3,0.773207,0.779717,-0.126229,0.01063,-0.00651077
4.73,4,0.1202,0.112297,-0.105392,0.115919,0.00790286
4.73,5,-1.02005,-1.02716,0.0664459,0.0156358,0.00711392
4.74,0,0.45438,0.419683,0.42884,0.101366,0.0346972
4.74,1,-0.991781,-0.991308,-0.0553256,0.147033,-0.000473604
4.74,2,-0.808359,-0.853808,0.0811087,1.20122,0.0454481
4.74,3,0.771469,0.778424,-0.131665,0.00945308,-0.0069546
4.74,4,0.119798,0.111252,-0.103401,0.120071,0.00854629
4.74,5,-1.01855,-1.02641,0.0823035,0.0146246,0.00786314
4.75,0,0.459366,0.424041,0.441204,0.0894117,0.0353256
4.75,1,-0.990294,-0.991732,-0.0317318,0.152745,0.00143874
4.75,2,-0.80472,-0.852776,0.120961,1.19975,0.0480557
4.75,3,0.769731,0.777085,-0.135471,0.00774714,-0.00735357
4.75,4,0.119396,0.11024,-0.0989292,0.12271,0.00915568
4.75,5,-1.01704,-1.02551,0.0963957,0.0133988,0.00846351
4.76,0,0.464353,0.428512,0.451618,0.0788016,0.0358414
4.76,1,-0.988806,-0.991915,-0.0071428,0.1458,0.00310929
4.76,2,-0.80108,-0.851357,0.15872,1.19085,0.0502763
4.76,3,0.767994,0.775715,-0.138217,0.00572306,-0.00772072
4.76,4,0.118994,0.109285,-0.0925242,0.123937,0.0097093
4.76,5,-1.01554,-1.02448,0.108747,0.0120387,0.00893255
4.77,0,0.46934,0.433077,0.460304,0.0695929,0.0362626
4.77,1,-0.987318,-0.991848,0.0180071,0.1272,0.00453053
4.77,2,-0.797441,-0.849571,0.194421,1.17508,0.0521306
4.77,3,0.766256,0.77432,-0.140335,0.00355952,-0.00806417
4.77,4,0.118592,0.108402,-0.0846707,0.12386,0.0101905
4.77,5,-1.01404,-1.02333,0.1194,0.0106174,0.00928747
4.78,0,0.474326,0.437721,0.467479,0.0617833,0.0366055
4.78,1,-0.98583,-0.991529,0.0433331,0.0979608,0.005699
4.78,2,-0.793801,-0.84744,0.22808,1.15302,0.0536392
4.78,3,0.764518,0.772907,-0.142141,0.00140116,-0.00838837
4.78,4,0.118191,0.107603,-0.0757919,0.122594,0.0105873
4.78,5,-1.01254,-1.02208,0.128423,0.0091977,0.0095449
4.79,0,0.479313,0.442429,0.473344,0.0553291,0.036884
4.79,1,-0.984342,-0.990957,0.0684963,0.0591051,0.00661485
4.79,2,-0.790161,-0.844984,0.259703,1.12527,0.0548224
4.79,3,0.762781,0.771476,-0.143852,-0.000640519,-0.00869518
4.79,4,0.117789,0.106898,-0.0662538,0.120257,0.0108913
4.79,5,-1.01104,-1.02076,0.135911,0.00782966,0.00972062
4.8,0,0.484299,0.447189,0.478084,0.0501581,0.0371102
4.8,1,-0.982854,-0.990136,0.0932009,0.0116517,0.00728136
4.8,2,-0.786522,-0.842222,0.289289,1.09244,0.0557006
4.8,3,0.761043,0.770028,-0.145605,-0.00248467,-0.00898474
4.8,4,0.117387,0.106289,-0.0563693,0.116967,0.0110978
4.8,5,-1.00953,-1.01936,0.141985,0.00655113,0.00982934
4.81,0,0.489286,0.451991,0.481866,0.0461788,0.0372944
4.81,1,-0.981367,-0.989071,0.117191,-0.0433915,0.00770456
4.81,2,-0.782882,-0.839176,0.316839,1.05515,0.0562941
4.81,3,0.759306,0.768562,-0.147473,-0.0040776,-0.00925617
4.81,4,0.116985,0.10578,-0.046403,0.11284,0.0112048
4.81,5,-1.00803,-1.01792,0.14678,0.00538824,0.00988448
4.82,0,0.494272,0.456827,0.484843,0.0432867,0.0374454
4.82,1,-0.979879,-0.987772,0.140249,-0.105035,0.00789282
4.82,2,-0.779243,-0.835866,0.342354,1.01399,0.0566234
4.82,3,0.757568,0.767076,-0.149487,-0.00538887,-0.00950812
4.82,4,0.116583,0.105371,-0.0365757,0.10799,0.0112128
4.82,5,-1.00653,-1.01643,0.150444,0.00435675,0.00989801
4.83,0,0.499259,0.461689,0.487148,0.0413702,0.0375703
4.83,1,-0.978391,-0.986247,0.162192,-0.172316,0.00785649
4.83,2,-0.775603,-0.832312,0.365844,0.969569,0.0567086
4.83,3,0.75583,0.765569,-0.151641,-0.00640713,-0.00973916
4.83,4,0.116181,0.105057,-0.0270688,0.102527,0.0111241
4.83,5,-1.00503,-1.01491,0.153128,0.00346367,0.00988041
4.84,0,0.504246,0.46657,0.4889,0.040314,0.0376754
4.84,1,-0.976903,-0.984511,0.182868,-0.244301,0.00760759
4.84,2,-0.771963,-0.828533,0.387321,0.922456,0.05657
4.84,3,0.754093,0.764041,-0.153906,-0.00713627,-0.00994801
4.84,4,0.11578,0.104837,-0.0180284,0.0965563,0.0109428
4.84,5,-1.00352,-1.01336,0.154982,0.00270891,0.00984067
4.85,0,0.509232,0.471467,0.490205,0.0400022,0.0377654
4.85,1,-0.975415,-0.982575,0.202158,-0.320096,0.00715947
4.85,2,-0.768324,-0.824551,0.40681,0.873206,0.0562275
4.85,3,0.752355,0.762489,-0.156243,-0.00759171,-0.0101338
4.85,4,0.115378,0.104704,-0.00956932,0.090178,0.0106742
4.85,5,-1.00202,-1.01181,0.156148,0.00208692,0.00978629
4.86,0,0.514219,0.476374,0.491152,0.0403214,0.0378445
4.86,1,-0.973927,-0.980454,0.219968,-0.398845,0.00652652
4.86,2,-0.764684,-0.820385,0.424342,0.822348,0.055701
4.86,3,0.750617,0.760913,-0.158605,-0.00779711,-0.010296
4.86,4,0.114976,0.104651,-0.00177868,0.0834861,0.0103246
4.86,5,-1.00052,-1.01024,0.156762,0.00158817,0.00972338
4.87,0,0.519205,0.48129,0.491821,0.041162,0.0379156
4.87,1,-0.97244,-0.978163,0.236232,-0.479739,0.00572392
4.87,2,-0.761045,-0.816054,0.439958,0.770378,0.0550098
4.87,3,0.74888,0.759314,-0.160942,-0.00778159,-0.0104347
4.87,4,0.114574,0.104673,0.00528072,0.0765685,0.0099011
4.87,5,-0.999017,-1.00867,0.156945,0.00120048,0.0096568
4.88,0,0.524192,0.48621,0.492278,0.0424202,0.0379813
4.88,1,-0.970952,-0.975719,0.250905,-0.562018,0.00476742
4.88,2,-0.757405,-0.811578,0.453709,0.717762,0.0541727
4.88,3,0.747142,0.757692,-0.163211,-0.00757726,-0.0105504
4.88,4,0.114172,0.104761,0.0115673,0.0695062,0.00941124
4.88,5,-0.997514,-1.0071,0.156804,0.000910129,0.00959025
4.89,0,0.529178,0.491135,0.492578,0.0439992,0.0380434
4.89,1,-0.969464,-0.973137,0.263964,-0.64497,0.00367305
4.89,2,-0.753765,-0.806973,0.465654,0.664932,0.053208
4.89,3,0.745404,0.756048,-0.16537,-0.00721733,-0.0106439
4.89,4,0.113771,0.104908,0.0170578,0.0623741,0.00886287
4.89,5,-0.996012,-1.00554,0.156432,0.000702824,0.00952646
4.9,0,0.534165,0.496062,0.49277,0.0458096,0.038103
4.9,1,-0.967976,-0.970433,0.275406,-0.727938,0.00245699
4.9,2,-0.750126,-0.802259,0.475862,0.612283,0.0521335
4.9,3,0.743667,0.754383,-0.167387,-0.00673455,-0.0107166
4.9,4,0.113369,0.105105,0.0217448,0.0552398,0.00826402
4.9,5,-0.99451,-1.00398,0.155907,0.000564382,0.00946729
4.91,0,0.539151,0.50099,0.492892,0.0477704,0.0381612
4.91,1,-0.966488,-0.967624,0.285244,-0.810318,0.00113535
4.91,2,-0.746486,-0.797452,0.484405,0.560175,0.0509662
4.91,3,0.741929,0.752699,-0.169235,-0.00616006,-0.0107701
4.91,4,0.112967,0.105344,0.025634,0.0481645,0.00762269
4.91,5,-0.993007,-1.00242,0.155294,0.000481305,0.0094139
4.92,0,0.544138,0.50592,0.492975,0.0498094,0.0382183
4.92,1,-0.965,-0.964724,0.293507,-0.89156,-0.000275985
4.92,2,-0.742846,-0.792569,0.491367,0.508931,0.0497222
4.92,3,0.740191,0.750998,-0.170897,-0.00552256,-0.0108061
4.92,4,0.112565,0.105618,0.0287426,0.041203,0.00694679
4.92,5,-0.991505,-1.00087,0.154644,0.000441167,0.00936688
4.93,0,0.549125,0.51085,0.493043,0.0518629,0.0382748
4.93,1,-0.963512,-0.961751,0.300237,-0.971172,-0.00176148
4.93,2,-0.739207,-0.787624,0.496834,0.458838,0.0484169
4.93,3,0.738454,0.74928,-0.172363,-0.00484775,-0.0108265
4.93,4,0.112163,0.105919,0.0310967,0.0344034,0.00624397
4.93,5,-0.990002,-0.999329,0.153997,0.000432863,0.00932637
4.94,0,0.554111,0.515781,0.493115,0.0538758,0.0383305
4.94,1,-0.962025,-0.958719,0.305489,-1.04871,-0.00330609
4.94,2,-0.735567,-0.782632,0.500897,0.410146,0.0470647
4.94,3,0.736716,0.74755,-0.173627,-0.00415806,-0.0108334
4.94,4,0.111761,0.10624,0.0327302,0.0278078,0.00552161
4.94,5,-0.9885,-0.997792,0.153381,0.00044675,0.00929219
4.95,0,0.559098,0.520712,0.493205,0.0558017,0.0383855
4.95,1,-0.960537,-0.955641,0.309326,-1.12379,-0.00489539
4.95,2,-0.731928,-0.777607,0.503651,0.363071,0.0456791
4.95,3,0.734979,0.745807,-0.174692,-0.00347249,-0.0108288
4.95,4,0.11136,0.106573,0.0336828,0.0214521,0.00478669
4.95,5,-0.986998,-0.996262,0.152816,0.000474692,0.00926389
4.96,0,0.564084,0.525645,0.493324,0.0576021,0.0384393
4.96,1,-0.959049,-0.952533,0.311821,-1.19609,-0.00651561
4.96,2,-0.728288,-0.772561,0.505193,0.317797,0.0442728
4.96,3,0.733241,0.744055,-0.175565,-0.00280672,-0.0108146
4.96,4,0.110958,0.106912,0.0339988,0.0153669,0.00404579
4.96,5,-0.985495,-0.994736,0.152315,0.000510027,0.0092409
4.97,0,0.569071,0.530579,0.493476,0.0592461,0.0384919
4.97,1,-0.957561,-0.949407,0.313054,-1.26531,-0.00815377
4.97,2,-0.724648,-0.767506,0.505622,0.274473,0.0428572
4.97,3,0.731503,0.742296,-0.176255,-0.00217319,-0.0107926
4.97,4,0.110556,0.107251,0.0337258,0.00957709,0.003305
4.97,5,-0.983993,-0.993216,0.151884,0.000547493,0.00922254
4.98,0,0.574057,0.535515,0.493665,0.0607102,0.0385427
4.98,1,-0.956073,-0.946276,0.313109,-1.33124,-0.00979771
4.98,2,-0.721009,-0.762452,0.505036,0.233219,0.0414431
4.98,3,0.729766,0.74053,-0.176776,-0.00158137,-0.0107647
4.98,4,0.110154,0.107584,0.0329137,0.00410277,0.00256995
4.98,5,-0.982491,-0.991699,0.151525,0.000583103,0.00920809
4.99,0,0.579044,0.540453,0.493892,0.0619772,0.0385913
4.99,1,-0.954585,-0.943149,0.312077,-1.39368,-0.0114361
4.99,2,-0.717369,-0.757409,0.503535,0.194126,0.0400398
4.99,3,0.728028,0.73876,-0.177144,-0.00103806,-0.0107324
4.99,4,0.109752,0.107906,0.0316137,-0.00104083,0.00184575
4.99,5,-0.980988,-0.990185,0.151234,0.000614004,0.00919685
5,0,0.584031,0.545393,0.494156,0.0630363,0.0386376
5,1,-0.953098,-0.940039,0.310049,-1.45249,-0.0130587
5,2,-0.71373,-0.752386,0.501215,0.157257,0.0386562
5,3,0.72629,0.736988,-0.177375,-0.000547658,-0.0106973
5,4,0.10935,0.108213,0.0298776,-0.00584287,0.00113699
5,5,-0.979486,-0.988674,0.151008,0.000638322,0.00918816
5.01,0,0.589017,0.550336,0.494452,0.0638818,0.038681
5.01,1,-0.95161,-0.936954,0.30712,-1.5076,-0.014656
5.01,2,-0.71009,-0.74739,0.498173,0.12265,0.0372999
5.01,3,0.724553,0.735213,-0.177487,-0.000112551,-0.0106605
5.01,4,0.108949,0.108501,0.027757,-0.0102965,0.000447749
5.01,5,-0.977984,-0.987165,0.15084,0.000655006,0.00918141
5.02,0,0.594004,0.555282,0.494779,0.064513,0.0387212
5.02,1,-0.950122,-0.933903,0.303386,-1.55893,-0.0162194
5.02,2,-0.70645,-0.742428,0.494502,0.0903205,0.0359775
5.02,3,0.722815,0.733438,-0.177496,0.000266614,-0.0106231
5.02,4,0.108547,0.108765,0.025303,-0.0143988,-0.000218412
5.02,5,-0.976481,-0.985657,0.150722,0.000663673,0.00917605
5.03,0,0.59899,0.560232,0.49513,0.0649335,0.0387581
5.03,1,-0.948634,-0.930893,0.298941,-1.60648,-0.0177415
5.03,2,-0.702811,-0.737506,0.490291,0.0602618,0.0346948
5.03,3,0.721077,0.731664,-0.17742,0.000590597,-0.0105861
5.03,4,0.108145,0.109003,0.022565,-0.0181499,-0.00085843
5.03,5,-0.974979,-0.984151,0.150646,0.000664463,0.00917164
5.04,0,0.603977,0.565185,0.495501,0.0651503,0.0387913
5.04,1,-0.947146,-0.927931,0.293879,-1.65027,-0.0192157
5.04,2,-0.699171,-0.732628,0.485628,0.0324478,0.0334568
5.04,3,0.71934,0.72989,-0.177274,0.000861282,-0.0105503
5.04,4,0.107743,0.109213,0.0195913,-0.0215535,-0.00146973
5.04,5,-0.973477,-0.982644,0.150604,0.000657908,0.00916779
5.05,0,0.608963,0.570143,0.495886,0.0651736,0.0388208
5.05,1,-0.945658,-0.925022,0.288294,-1.69034,-0.0206363
5.05,2,-0.695532,-0.727799,0.480596,0.00683491,0.0322675
5.05,3,0.717602,0.728118,-0.177074,0.00108142,-0.0105163
5.05,4,0.107341,0.109391,0.0164279,-0.0246157,-0.00205022
5.05,5,-0.971974,-0.981138,0.150588,0.00064482,0.00916422
5.06,0,0.61395,0.575104,0.496279,0.0650163,0.0388463
5.06,1,-0.944171,-0.922172,0.282275,-1.72677,-0.0219987
5.06,2,-0.691892,-0.723022,0.475272,-0.0166361,0.0311303
5.06,3,0.715864,0.726349,-0.176832,0.00125438,-0.0104845
5.06,4,0.106939,0.109538,0.0131186,-0.0273452,-0.00259823
5.06,5,-0.970472,-0.979633,0.150591,0.000626184,0.0091607
5.07,0,0.618937,0.580069,0.496675,0.0646931,0.0388679
5.07,1,-0.942683,-0.919384,0.275909,-1.75968,-0.0232988
5.07,2,-0.688252,-0.7183,0.469731,-0.0380384,0.0300475
5.07,3,0.714127,0.724582,-0.176561,0.001384,-0.0104553
5.07,4,0.106538,0.10965,0.00970494,-0.0297528,-0.00311255
5.07,5,-0.968969,-0.978127,0.150607,0.00060308,0.00915706
5.08,0,0.623923,0.585037,0.497068,0.0642204,0.0388856
5.08,1,-0.941195,-0.916661,0.269279,-1.78919,-0.0245338
5.08,2,-0.684613,-0.713634,0.464043,-0.0574571,0.029021
5.08,3,0.712389,0.722818,-0.176272,0.00147434,-0.0104289
5.08,4,0.106136,0.109728,0.00622571,-0.0318515,-0.00359233
5.08,5,-0.967467,-0.97662,0.150632,0.000576613,0.00915322
5.09,0,0.62891,0.59001,0.497453,0.0636157,0.0388993
5.09,1,-0.939707,-0.914006,0.262464,-1.81545,-0.0257014
5.09,2,-0.680973,-0.709025,0.458272,-0.0749875,0.0280519
5.09,3,0.710652,0.721057,-0.175974,0.00152961,-0.0104055
5.09,4,0.105734,0.109771,0.00271701,-0.0336556,-0.00403713
5.09,5,-0.965965,-0.975114,0.150659,0.000547862,0.00914911
5.1,0,0.633896,0.594987,0.497825,0.0628971,0.0389093
5.1,1,-0.938219,-0.911419,0.255538,-1.83862,-0.0268001
5.1,2,-0.677333,-0.704474,0.452476,-0.0907338,0.0271406
5.1,3,0.708914,0.719299,-0.175674,0.00155402,-0.010385
5.1,4,0.105332,0.109779,-0.000787824,-0.0351808,-0.00444684
5.1,5,-0.964462,-0.973607,0.150686,0.000517836,0.00914473
5.11,0,0.638883,0.599967,0.498181,0.0620833,0.0389157
5.11,1,-0.936731,-0.908902,0.248571,-1.85889,-0.0278294
5.11,2,-0.673694,-0.699981,0.446712,-0.104807,0.0262872
5.11,3,0.707176,0.717544,-0.175379,0.00155171,-0.0103676
5.11,4,0.10493,0.109752,-0.0042583,-0.0364442,-0.00482167
5.11,5,-0.96296,-0.9721,0.15071,0.000487449,0.00914009
5.12,0,0.643869,0.604951,0.498516,0.0611928,0.0389186
5.12,1,-0.935244,-0.906455,0.241627,-1.87644,-0.028789
5.12,2,-0.670054,-0.695545,0.441028,-0.117324,0.0254911
5.12,3,0.705439,0.715792,-0.175094,0.00152665,-0.010353
5.12,4,0.104528,0.10969,-0.00766676,-0.0374635,-0.00516211
5.12,5,-0.961458,-0.970593,0.150729,0.000457503,0.00913524
5.13,0,0.648856,0.609938,0.498828,0.060244,0.0389182
5.13,1,-0.933756,-0.904076,0.234767,-1.89148,-0.0296796
5.13,2,-0.666415,-0.691166,0.435469,-0.128405,0.0247511
5.13,3,0.703701,0.714042,-0.174824,0.00148261,-0.0103412
5.13,4,0.104127,0.109595,-0.0109884,-0.0382572,-0.00546893
5.13,5,-0.959955,-0.969086,0.150742,0.000428676,0.00913023
5.14,0,0.653842,0.614928,0.499114,0.0592547,0.0389149
5.14,1,-0.932268,-0.901766,0.228043,-1.90422,-0.0305023
5.14,2,-0.662775,-0.686841,0.430074,-0.138174,0.0240658
5.14,3,0.701963,0.712295,-0.174572,0.00142315,-0.010332
5.14,4,0.103725,0.109468,-0.0142011,-0.0388444,-0.00574311
5.14,5,-0.958453,-0.967578,0.150747,0.000401522,0.00912513
5.15,0,0.658829,0.61992,0.499371,0.0582421,0.0389089
5.15,1,-0.93078,-0.899521,0.221505,-1.91487,-0.0312588
5.15,2,-0.659135,-0.682569,0.42488,-0.146756,0.0234334
5.15,3,0.700226,0.710551,-0.174339,0.00135154,-0.0103252
5.15,4,0.103323,0.109309,-0.0172855,-0.0392441,-0.00598586
5.15,5,-0.956951,-0.966071,0.150745,0.000376471,0.00912002
5.16,0,0.663816,0.624915,0.499599,0.0572223,0.0389005
5.16,1,-0.929292,-0.897341,0.215195,-1.92363,-0.0319511
5.16,2,-0.655496,-0.678348,0.419914,-0.154275,0.0228518
5.16,3,0.698488,0.708809,-0.174129,0.00127078,-0.0103206
5.16,4,0.102921,0.10912,-0.0202251,-0.0394758,-0.00619854
5.16,5,-0.955448,-0.964563,0.150737,0.000353839,0.00911497
5.17,0,0.668802,0.629912,0.499796,0.0562104,0.0388899
5.17,1,-0.927804,-0.895223,0.209151,-1.93072,-0.0325817
5.17,2,-0.651856,-0.674175,0.415204,-0.160857,0.0223184
5.17,3,0.69675,0.707068,-0.17394,0.00118361,-0.010318
5.17,4,0.102519,0.108902,-0.0230057,-0.0395587,-0.00638269
5.17,5,-0.953946,-0.963056,0.150721,0.000333833,0.00911004
5.18,0,0.673789,0.634911,0.499961,0.0552206,0.0388776
5.18,1,-0.926317,-0.893163,0.203405,-1.93636,-0.0331535
5.18,2,-0.648217,-0.670047,0.410771,-0.166624,0.0218306
5.18,3,0.695013,0.70533,-0.173774,0.00109246,-0.0103172
5.18,4,0.102117,0.108657,-0.0256156,-0.039512,-0.00653997
5.18,5,-0.952444,-0.961549,0.1507,0.000316567,0.0091053
5.19,0,0.678775,0.639911,0.500096,0.0542654,0.0388638
5.19,1,-0.924829,-0.891159,0.197986,-1.94074,-0.0336697
5.19,2,-0.644577,-0.665962,0.406631,-0.171697,0.0213855
5.19,3,0.693275,0.703593,-0.173631,0.000999531,-0.0103179
5.19,4,0.101716,0.108388,-0.0280456,-0.0393542,-0.00667213
5.19,5,-0.950941,-0.960042,0.150673,0.000302072,0.0091008
5.2,0,0.683762,0.644913,0.500199,0.0533562,0.0388488
5.2,1,-0.923341,-0.889207,0.192914,-1.94408,-0.0341335
5.2,2,-0.640937,-0.661917,0.402798,-0.176192,0.0209801
5.2,3,0.691537,0.701857,-0.17351,0.000906736,-0.0103199
5.2,4,0.101314,0.108095,-0.0302887,-0.0391038,-0.00678101
5.2,5,-0.949439,-0.958535,0.150642,0.000290309,0.00909659
5.21,0,0.688748,0.649915,0.500272,0.0525031,0.038833
5.21,1,-0.921853,-0.887304,0.188207,-1.94656,-0.0345486
5.21,2,-0.637298,-0.657909,0.399281,-0.180221,0.0206114
5.21,3,0.6898,0.700123,-0.17341,0.000815754,-0.010323
5.21,4,0.100912,0.10778,-0.0323399,-0.0387782,-0.00686852
5.21,5,-0.947936,-0.957029,0.150608,0.000281182,0.00909271
5.22,0,0.693735,0.654918,0.500316,0.0517146,0.0388165
5.22,1,-0.920365,-0.885446,0.183878,-1.94838,-0.0349187
5.22,2,-0.633658,-0.653934,0.396086,-0.183893,0.020276
5.22,3,0.688062,0.698389,-0.173331,0.000728027,-0.010327
5.22,4,0.10051,0.107447,-0.0341963,-0.0383945,-0.00693658
5.22,5,-0.946434,-0.955523,0.150571,0.000274546,0.00908919
5.23,0,0.698722,0.659922,0.500332,0.0509981,0.0387998
5.23,1,-0.918877,-0.88363,0.179936,-1.94971,-0.0352476
5.23,2,-0.630019,-0.649989,0.393216,-0.187309,0.0199708
5.23,3,0.686325,0.696656,-0.17327,0.000644779,-0.0103317
5.23,4,0.100108,0.107095,-0.0358569,-0.0379688,-0.00698716
5.23,5,-0.944932,-0.954018,0.150533,0.000270224,0.00908604
5.24,0,0.703708,0.664925,0.500322,0.0503594,0.0387831
5.24,1,-0.917389,-0.88185,0.176385,-1.95073,-0.0355393
5.24,2,-0.626379,-0.646071,0.390671,-0.190566,0.0196925
5.24,3,0.684587,0.694924,-0.173227,0.000567032,-0.0103369
5.24,4,0.0997063,0.106729,-0.0373223,-0.0375165,-0.0070222
5.24,5,-0.943429,-0.952513,0.150495,0.000268012,0.00908328
5.25,0,0.708695,0.669928,0.500288,0.0498031,0.0387666
5.25,1,-0.915902,-0.880104,0.173226,-1.95158,-0.0357976
5.25,2,-0.622739,-0.642177,0.388446,-0.193756,0.0194379
5.25,3,0.682849,0.693192,-0.1732,0.000495621,-0.0103425
5.25,4,0.0993045,0.106348,-0.0385947,-0.0370519,-0.00704365
5.25,5,-0.941927,-0.951008,0.150456,0.00026769,0.0090809
5.26,0,0.713681,0.674931,0.500231,0.0493326,0.0387506
5.26,1,-0.914414,-0.878387,0.170455,-1.95242,-0.0360265
5.26,2,-0.6191,-0.638304,0.386537,-0.19696,0.0192038
5.26,3,0.681112,0.69146,-0.173188,0.000431206,-0.0103482
5.26,4,0.0989027,0.105956,-0.0396777,-0.0365886,-0.00705343
5.26,5,-0.940425,-0.949504,0.150418,0.000269026,0.00907891
5.27,0,0.718668,0.679933,0.500154,0.0489499,0.0387353
5.27,1,-0.912926,-0.876696,0.168066,-1.95339,-0.0362297
5.27,2,-0.61546,-0.634447,0.384936,-0.200258,0.0189871
5.27,3,0.679374,0.689728,-0.173189,0.000374292,-0.0103539
5.27,4,0.0985008,0.105554,-0.0405765,-0.0361389,-0.00705339
5.27,5,-0.938922,-0.948,0.150382,0.000271788,0.00907728
5.28,0,0.723654,0.684934,0.500059,0.0486561,0.0387208
5.28,1,-0.911438,-0.875027,0.166052,-1.9546,-0.0364112
5.28,2,-0.61182,-0.630605,0.383632,-0.20372,0.0187848
5.28,3,0.677636,0.687996,-0.173202,0.000325236,-0.0103596
5.28,4,0.098099,0.105144,-0.041297,-0.0357143,-0.00704535
5.28,5,-0.93742,-0.946496,0.150348,0.000275743,0.00907601
5.29,0,0.728641,0.689934,0.499948,0.0484512,0.0387074
5.29,1,-0.90995,-0.873376,0.164399,-1.95618,-0.0365745
5.29,2,-0.608181,-0.626775,0.382613,-0.207408,0.0185939
5.29,3,0.675899,0.686264,-0.173226,0.000284269,-0.0103651
5.29,4,0.0976972,0.104728,-0.0418466,-0.0353252,-0.00703106
5.29,5,-0.935918,-0.944993,0.150316,0.000280664,0.00907507
5.3,0,0.733628,0.694932,0.499824,0.0483342,0.0386952
5.3,1,-0.908462,-0.871739,0.163095,-1.95821,-0.0367232
5.3,2,-0.604541,-0.622953,0.381866,-0.211381,0.0184117
5.3,3,0.674161,0.684531,-0.173258,0.0002515,-0.0103703
5.3,4,0.0972953,0.104308,-0.0422331,-0.0349808,-0.00701217
5.3,5,-0.934415,-0.94349,0.150286,0.000286334,0.00907443
5.31,0,0.738614,0.69993,0.499688,0.0483032,0.0386842
5.31,1,-0.906975,-0.870114,0.162124,-1.9608,-0.0368607
5.31,2,-0.600902,-0.619137,0.381377,-0.215687,0.0182356
5.31,3,0.672423,0.682799,-0.173298,0.000226935,-0.0103752
5.31,4,0.0968935,0.103884,-0.0424655,-0.0346894,-0.00699027
5.31,5,-0.932913,-0.941987,0.150259,0.000292546,0.00907408
5.32,0,0.743601,0.704926,0.499544,0.0483556,0.0386747
5.32,1,-0.905487,-0.868497,0.161467,-1.96401,-0.0369902
5.32,2,-0.597262,-0.615325,0.381129,-0.220369,0.018063
5.32,3,0.670686,0.681065,-0.173344,0.000210488,-0.0103796
5.32,4,0.0964917,0.103459,-0.0425532,-0.0344582,-0.00696685
5.32,5,-0.931411,-0.940485,0.150236,0.000299109,0.00907397
5.33,0,0.748587,0.709921,0.499392,0.0484882,0.0386666
5.33,1,-0.903999,-0.866884,0.161107,-1.96791,-0.0371148
5.33,2,-0.593622,-0.611514,0.381106,-0.225465,0.0178916
5.33,3,0.668948,0.679332,-0.173395,0.000201987,-0.0103835
5.33,4,0.0960898,0.103033,-0.0425062,-0.0342933,-0.0069433
5.33,5,-0.929908,-0.938982,0.150215,0.000305841,0.00907409
5.34,0,0.753574,0.714914,0.499236,0.0486971,0.0386601
5.34,1,-0.902511,-0.865274,0.161022,-1.97256,-0.0372374
5.34,2,-0.589983,-0.607702,0.381291,-0.231003,0.0177193
5.34,3,0.66721,0.677597,-0.17345,0.000201191,-0.0103869
5.34,4,0.095688,0.102609,-0.0423348,-0.0342,-0.00692092
5.34,5,-0.928406,-0.93748,0.150198,0.00031258,0.00907439
5.35,0,0.75856,0.719905,0.499077,0.0489778,0.0386552
5.35,1,-0.901023,-0.863663,0.161193,-1.978,-0.0373605
5.35,2,-0.586343,-0.603887,0.381665,-0.237008,0.0175441
5.35,3,0.665473,0.675863,-0.173509,0.000207797,-0.0103897
5.35,4,0.0952862,0.102187,-0.0420496,-0.0341823,-0.00690088
5.35,5,-0.926903,-0.935978,0.150184,0.000319177,0.00907485
5.36,0,0.763547,0.724895,0.498917,0.0493256,0.0386519
5.36,1,-0.899535,-0.862049,0.161598,-1.98426,-0.0374866
5.36,2,-0.582704,-0.600068,0.382212,-0.243498,0.0173642
5.36,3,0.663735,0.674127,-0.173568,0.000221451,-0.010392
5.36,4,0.0948843,0.101769,-0.0416615,-0.0342435,-0.00688427
5.36,5,-0.925401,-0.934477,0.150172,0.000325497,0.00907543
5.37,0,0.768533,0.729883,0.498757,0.0497355,0.0386502
5.37,1,-0.898048,-0.86043,0.162215,-1.99136,-0.037618
5.37,2,-0.579064,-0.596242,0.382911,-0.250484,0.0171779
5.37,3,0.661998,0.672391,-0.173629,0.000241755,-0.0103936
5.37,4,0.0944825,0.101355,-0.0411813,-0.0343859,-0.00687206
5.37,5,-0.923899,-0.932975,0.150164,0.000331423,0.00907612
5.38,0,0.77352,0.73487,0.4986,0.050202,0.03865
5.38,1,-0.89656,-0.858803,0.163022,-1.99933,-0.0377566
5.38,2,-0.575424,-0.592408,0.383746,-0.257974,0.0169839
5.38,3,0.66026,0.670655,-0.17369,0.000268276,-0.0103946
5.38,4,0.0940807,0.100946,-0.0406198,-0.034611,-0.00686511
5.38,5,-0.922396,-0.931473,0.150158,0.000336851,0.00907687
5.39,0,0.778507,0.739855,0.498446,0.0507196,0.0386514
5.39,1,-0.895072,-0.857168,0.163996,-2.00816,-0.0379042
5.39,2,-0.571785,-0.588566,0.384699,-0.265969,0.0167809
5.39,3,0.658522,0.668917,-0.173751,0.000300557,-0.010395
5.39,4,0.0936788,0.100543,-0.0399878,-0.0349194,-0.00686417
5.39,5,-0.920894,-0.929972,0.150155,0.00034169,0.00907766
5.4,0,0.783493,0.744839,0.498297,0.0512827,0.0386544
5.4,1,-0.893584,-0.855522,0.165117,-2.01785,-0.0380624
5.4,2,-0.568145,-0.584713,0.385751,-0.274467,0.0165679
5.4,3,0.656785,0.667179,-0.17381,0.000338118,-0.0103948
5.4,4,0.093277,0.100147,-0.0392958,-0.0353111,-0.00686988
5.4,5,-0.919392,-0.92847,0.150155,0.000345867,0.00907847
5.41,0,0.78848,0.749821,0.498155,0.0518856,0.0386588
5.41,1,-0.892096,-0.853864,0.166363,-2.02839,-0.0382325
5.41,2,-0.564506,-0.580849,0.386886,-0.28346,0.0163438
5.41,3,0.655047,0.665441,-0.173868,0.000380471,-0.010394
5.41,4,0.0928752,0.099758,-0.0385541,-0.0357853,-0.0068828
5.41,5,-0.917889,-0.926969,0.150157,0.000349317,0.00907927
5.42,0,0.793466,0.754802,0.498019,0.0525226,0.0386645
5.42,1,-0.890608,-0.852193,0.167713,-2.03976,-0.0384156
5.42,2,-0.560866,-0.576974,0.388088,-0.292937,0.016108
5.42,3,0.653309,0.663702,-0.173923,0.000427118,-0.0103927
5.42,4,0.0924733,0.0993767,-0.0377725,-0.0363406,-0.00690336
5.42,5,-0.916387,-0.925467,0.150161,0.000351991,0.00908004
5.43,0,0.798453,0.759781,0.497892,0.0531881,0.0386716
5.43,1,-0.889121,-0.850508,0.169147,-2.05195,-0.0386127
5.43,2,-0.557226,-0.573086,0.38934,-0.302885,0.0158598
5.43,3,0.651572,0.661963,-0.173976,0.000477563,-0.0103908
5.43,4,0.0920715,0.0990034,-0.0369607,-0.036975,-0.00693191
5.43,5,-0.914885,-0.923965,0.150166,0.00035385,0.00908076
5.44,0,0.803439,0.76476,0.497773,0.0538767,0.0386799
5.44,1,-0.887633,-0.848808,0.170646,-2.06492,-0.0388246
5.44,2,-0.553587,-0.569186,0.390628,-0.313286,0.015599
5.44,3,0.649834,0.660222,-0.174026,0.000531313,-0.0103884
5.44,4,0.0916697,0.0986384,-0.0361276,-0.0376858,-0.00696871
5.44,5,-0.913382,-0.922464,0.150174,0.000354867,0.00908141
5.45,0,0.808426,0.769737,0.497664,0.054583,0.0386894
5.45,1,-0.886145,-0.847093,0.172192,-2.07864,-0.0390517
5.45,2,-0.549947,-0.565272,0.391936,-0.324119,0.0153251
5.45,3,0.648096,0.658482,-0.174072,0.000587883,-0.0103855
5.45,4,0.0912678,0.0982818,-0.0352819,-0.0384703,-0.00701391
5.45,5,-0.91188,-0.920962,0.150183,0.000355025,0.00908198
5.46,0,0.813413,0.774713,0.497564,0.0553019,0.0386998
5.46,1,-0.884657,-0.845363,0.173766,-2.09307,-0.0392944
5.46,2,-0.546307,-0.561346,0.393253,-0.335362,0.0150381
5.46,3,0.646359,0.656741,-0.174115,0.000646801,-0.0103822
5.46,4,0.090866,0.0979336,-0.0344317,-0.0393249,-0.0070676
5.46,5,-0.910378,-0.91946,0.150193,0.000354317,0.00908245
5.47,0,0.818399,0.779688,0.497474,0.0560284,0.0387113
5.47,1,-0.883169,-0.843616,0.175353,-2.10818,-0.0395529
5.47,2,-0.542668,-0.557406,0.394565,-0.346991,0.014738
5.47,3,0.644621,0.655,-0.174154,0.000707613,-0.0103785
5.47,4,0.0904642,0.097594,-0.0335844,-0.040246,-0.00712978
5.47,5,-0.908875,-0.917958,0.150204,0.000352744,0.00908282
5.48,0,0.821222,0.784655,0.495235,-0.0230342,0.0365668
5.48,1,-0.882113,-0.84187,0.172579,-2.12745,-0.0402428
5.48,2,-0.537807,-0.55342,0.404549,-0.3407,0.0156133
5.48,3,0.642547,0.653255,-0.174826,-0.00219114,-0.0107087
5.48,4,0.0890698,0.0972444,-0.0376442,-0.0465746,-0.00817459
5.48,5,-0.90614,-0.916434,0.156604,0.00448744,0.0102937
5.49,0,0.823804,0.789569,0.487516,-0.0931489,0.034235
5.49,1,-0.881105,-0.840179,0.166364,-2.13614,-0.0409262
5.49,2,-0.532811,-0.549281,0.421701,-0.349308,0.0164698
5.49,3,0.640435,0.651503,-0.175366,-0.00546478,-0.0110684
5.49,4,0.0875652,0.0968218,-0.0461416,-0.0509822,-0.00925662
5.49,5,-0.903267,-0.914779,0.173545,0.00549487,0.0115117
5.5,0,0.826386,0.794381,0.475539,-0.146419,0.032005
5.5,1,-0.880097,-0.838546,0.160939,-2.14486,-0.041551
5.5,2,-0.527815,-0.544974,0.437711,-0.360634,0.0171596
5.5,3,0.638323,0.649752,-0.174913,-0.00933631,-0.0114284
5.5,4,0.0860606,0.0963129,-0.0547464,-0.0546457,-0.0102524
5.5,5,-0.900395,-0.912934,0.193573,0.00462378,0.0125391
5.51,0,0.828968,0.799056,0.460591,-0.185293,0.029912
5.51,1,-0.879089,-0.836961,0.156604,-2.15492,-0.0421276
5.51,2,-0.522818,-0.540518,0.45189,-0.3728,0.0176993
5.51,3,0.636211,0.648007,-0.174003,-0.0135582,-0.011796
5.51,4,0.0845559,0.095719,-0.0631577,-0.057726,-0.0111631
5.51,5,-0.897523,-0.910889,0.213216,0.00286785,0.0133665
5.52,0,0.831551,0.803571,0.443736,-0.212017,0.0279798
5.52,1,-0.878081,-0.835415,0.153237,-2.16636,-0.0426664
5.52,2,-0.517822,-0.535929,0.464363,-0.385521,0.0181068
5.52,3,0.634099,0.646271,-0.173328,-0.0177223,-0.0121719
5.52,4,0.0830513,0.0950421,-0.0713762,-0.0602383,-0.0119908
5.52,5,-0.89465,-0.908658,0.230902,0.000766612,0.0140075
5.53,0,0.834133,0.80791,0.425821,-0.22856,0.0262226
5.53,1,-0.877073,-0.833897,0.150686,-2.1791,-0.043176
5.53,2,-0.512826,-0.531224,0.475317,-0.398692,0.0183981
5.53,3,0.631988,0.644539,-0.173388,-0.0214762,-0.0125509
5.53,4,0.0815467,0.0942842,-0.0793586,-0.062221,-0.0127375
5.53,5,-0.891778,-0.906264,0.245951,-0.00135682,0.0144857
5.54,0,0.836715,0.812068,0.407507,-0.236636,0.0246472
5.54,1,-0.876065,-0.832401,0.148811,-2.19299,-0.043664
5.54,2,-0.507829,-0.526417,0.484933,-0.412248,0.0185873
5.54,3,0.629876,0.6428,-0.174441,-0.0245744,-0.0129239
5.54,4,0.080042,0.0934481,-0.0870262,-0.0637358,-0.0134061
5.54,5,-0.888906,-0.903735,0.258157,-0.00330188,0.0148291
5.55,0,0.839297,0.816042,0.389307,-0.237733,0.0232547
5.55,1,-0.875057,-0.83092,0.147486,-2.20791,-0.0441364
5.55,2,-0.502833,-0.52152,0.493371,-0.426132,0.018687
5.55,3,0.627764,0.641045,-0.17655,-0.0268752,-0.0132805
5.55,4,0.0785374,0.0925376,-0.0942916,-0.0648555,-0.0140002
5.55,5,-0.886033,-0.901099,0.267591,-0.00494864,0.0150657
5.56,0,0.841879,0.819838,0.371607,-0.233152,0.0220417
5.56,1,-0.874049,-0.829451,0.146604,-2.22373,-0.044598
5.56,2,-0.497837,-0.516545,0.500772,-0.440302,0.0187081
5.56,3,0.625652,0.639263,-0.179638,-0.0283235,-0.0136106
5.56,4,0.0770328,0.0915569,-0.101077,-0.0656546,-0.0145241
5.56,5,-0.883161,-0.898383,0.274487,-0.00623464,0.0152223
5.57,0,0.844461,0.82346,0.354696,-0.224025,0.0210016
5.57,1,-0.873041,-0.827988,0.146074,-2.24033,-0.0450528
5.57,2,-0.49284,-0.511501,0.507264,-0.45472,0.0186603
5.57,3,0.62354,0.637446,-0.183536,-0.0289306,-0.0139052
5.57,4,0.0755281,0.0905113,-0.107322,-0.0662044,-0.0149832
5.57,5,-0.880289,-0.895611,0.279169,-0.00713917,0.0153223
5.58,0,0.847044,0.826918,0.338782,-0.211339,0.0201252
5.58,1,-0.872033,-0.826529,0.145818,-2.25761,-0.0455039
5.58,2,-0.487844,-0.506396,0.512957,-0.469353,0.018552
5.58,3,0.621429,0.635586,-0.188029,-0.0287557,-0.0141573
5.58,4,0.0740235,0.0894064,-0.112988,-0.0665694,-0.0153829
5.58,5,-0.877416,-0.892802,0.282005,-0.00767136,0.015386
5.59,0,0.849626,0.830224,0.324009,-0.195956,0.0194018
5.59,1,-0.871025,-0.825071,0.14577,-2.27545,-0.0459536
5.59,2,-0.482848,-0.501239,0.517946,-0.48417,0.0183908
5.59,3,0.619317,0.633679,-0.192889,-0.0278896,-0.0143623
5.59,4,0.0725189,0.0882482,-0.118057,-0.066806,-0.0157293
5.59,5,-0.874544,-0.889974,0.283365,-0.00786073,0.0154298
5.6,0,0.852208,0.833389,0.310467,-0.178623,0.0188194
5.6,1,-0.870016,-0.823613,0.145877,-2.29378,-0.0464037
5.6,2,-0.477851,-0.496035,0.522318,-0.499143,0.0181831
5.6,3,0.617205,0.631723,-0.197893,-0.026442,-0.0145178
5.6,4,0.0710142,0.0870425,-0.122528,-0.0669624,-0.0160283
5.6,5,-0.871672,-0.887138,0.283605,-0.00774967,0.0154664
5.61,0,0.85479,0.836425,0.298203,-0.159989,0.0183655
5.61,1,-0.869008,-0.822153,0.146094,-2.3125,-0.0468555
5.61,2,-0.472855,-0.49079,0.526144,-0.514245,0.0179348
5.61,3,0.615093,0.629717,-0.202838,-0.0245307,-0.0146233
5.61,4,0.0695096,0.0857954,-0.126416,-0.0670785,-0.0162858
5.61,5,-0.868799,-0.884305,0.283045,-0.00738756,0.0155052
5.62,0,0.857372,0.839345,0.28723,-0.140609,0.018027
5.62,1,-0.868,-0.82069,0.146384,-2.33155,-0.04731
5.62,2,-0.467859,-0.48551,0.52949,-0.529453,0.0176509
5.62,3,0.612981,0.627662,-0.207553,-0.0222739,-0.0146806
5.62,4,0.068005,0.0845125,-0.129747,-0.0671867,-0.0165075
5.62,5,-0.865927,-0.88148,0.281966,-0.00682623,0.0155527
5.63,0,0.859955,0.842163,0.277536,-0.120958,0.0177913
5.63,1,-0.866992,-0.819225,0.146718,-2.35086,-0.0477676
5.63,2,-0.462862,-0.480198,0.532409,-0.544741,0.0173359
5.63,3,0.61087,0.625562,-0.211903,-0.0197841,-0.0146926
5.63,4,0.0665003,0.0831992,-0.132555,-0.0673129,-0.0166988
5.63,5,-0.863055,-0.878667,0.280601,-0.00611663,0.0156128
5.64,0,0.862537,0.844891,0.269086,-0.101434,0.0176456
5.64,1,-0.865984,-0.817756,0.147072,-2.37036,-0.0482286
5.64,2,-0.457866,-0.47486,0.534952,-0.560088,0.0169938
5.64,3,0.608758,0.623421,-0.215785,-0.0171646,-0.0146636
5.64,4,0.0649957,0.0818604,-0.134882,-0.0674768,-0.0168647
5.64,5,-0.860182,-0.875869,0.27914,-0.00530647,0.0156871
5.65,0,0.865119,0.847541,0.261828,-0.0823704,0.0175778
5.65,1,-0.864976,-0.816283,0.147425,-2.39001,-0.0486933
5.65,2,-0.45287,-0.469498,0.537159,-0.57547,0.0166282
5.65,3,0.606646,0.621245,-0.219134,-0.0145061,-0.0145987
5.65,4,0.0634911,0.0805009,-0.13677,-0.0676935,-0.0170098
5.65,5,-0.85731,-0.873086,0.277728,-0.00443868,0.0157759
5.66,0,0.867701,0.850125,0.255697,-0.0640358,0.0175763
5.66,1,-0.863968,-0.814807,0.147763,-2.40974,-0.0491613
5.66,2,-0.447874,-0.464116,0.539068,-0.590868,0.0162422
5.66,3,0.604534,0.619038,-0.221913,-0.011886,-0.0145034
5.66,4,0.0619864,0.0791247,-0.138264,-0.0679736,-0.0171382
5.66,5,-0.854438,-0.870316,0.27647,-0.00355052,0.0158781
5.67,0,0.870283,0.852653,0.250619,-0.0466446,0.0176303
5.67,1,-0.86296,-0.813327,0.148074,-2.42953,-0.0496326
5.67,2,-0.442877,-0.458716,0.54071,-0.606261,0.0158386
5.67,3,0.602422,0.616806,-0.224111,-0.00936799,-0.0143835
5.67,4,0.0604818,0.0777354,-0.13941,-0.0683242,-0.0172536
5.67,5,-0.851565,-0.867557,0.275437,-0.00267317,0.0159916
5.68,0,0.872866,0.855136,0.246516,-0.0303609,0.0177297
5.68,1,-0.861952,-0.811845,0.148347,-2.44932,-0.0501069
5.68,2,-0.437881,-0.453301,0.542115,-0.621632,0.0154199
5.68,3,0.600311,0.614555,-0.225743,-0.0070018,-0.0142448
5.68,4,0.0589772,0.0763365,-0.14025,-0.0687494,-0.0173593
5.68,5,-0.848693,-0.864807,0.274673,-0.00183171,0.016114
5.69,0,0.875448,0.857583,0.243302,-0.0153036,0.0178651
5.69,1,-0.860944,-0.81036,0.148578,-2.46908,-0.0505836
5.69,2,-0.432885,-0.447873,0.543308,-0.636964,0.0149884
5.69,3,0.598199,0.612291,-0.226837,-0.00482452,-0.0140927
5.69,4,0.0574726,0.0749306,-0.140827,-0.0692509,-0.0174581
5.69,5,-0.845821,-0.862063,0.274193,-0.00104542,0.0162425
5.7,0,0.87803,0.860002,0.240892,-0.00155212,0.0180281
5.7,1,-0.859936,-0.808874,0.148761,-2.48878,-0.0510624
5.7,2,-0.427888,-0.442434,0.544309,-0.652239,0.014546
5.7,3,0.596087,0.610019,-0.227438,-0.00286149,-0.0139324
5.7,4,0.0559679,0.0735202,-0.14118,-0.0698283,-0.0175523
5.7,5,-0.842948,-0.859322,0.273998,-0.00032821,0.0163742
5.71,0,0.880612,0.862401,0.2392,0.010849,0.0182112
5.71,1,-0.858928,-0.807385,0.148892,-2.50838,-0.0515427
5.71,2,-0.422892,-0.436986,0.54514,-0.667445,0.0140945
5.71,3,0.593975,0.607744,-0.227598,-0.00112773,-0.0137686
5.71,4,0.0544633,0.0721074,-0.141346,-0.0704799,-0.0176441
5.71,5,-0.840076,-0.856582,0.274071,0.000310803,0.0165064
5.72,0,0.883194,0.864787,0.238141,0.0218857,0.0184077
5.72,1,-0.85792,-0.805896,0.148971,-2.52787,-0.052024
5.72,2,-0.417896,-0.431531,0.545818,-0.682568,0.0136356
5.72,3,0.591863,0.605469,-0.227375,0.000370633,-0.0136054
5.72,4,0.0529587,0.0706938,-0.141356,-0.0712026,-0.0177351
5.72,5,-0.837203,-0.85384,0.274386,0.000866634,0.0166365
5.73,0,0.885776,0.867165,0.237633,0.0315694,0.0186117
5.73,1,-0.856912,-0.804406,0.148997,-2.54723,-0.0525059
5.73,2,-0.412899,-0.42607,0.546358,-0.697597,0.0131706
5.73,3,0.589751,0.603198,-0.226829,0.0016349,-0.0134462
5.73,4,0.051454,0.0692807,-0.141243,-0.0719921,-0.0178267
5.73,5,-0.834331,-0.851093,0.274912,0.00133779,0.0167623
5.74,0,0.888359,0.869541,0.237598,0.0399334,0.0188181
5.74,1,-0.855904,-0.802916,0.14897,-2.56642,-0.0529877
5.74,2,-0.407903,-0.420604,0.546774,-0.71252,0.012701
5.74,3,0.58764,0.600934,-0.226021,0.00267234,-0.013294
5.74,4,0.0499494,0.0678694,-0.141032,-0.0728437,-0.01792
5.74,5,-0.831459,-0.848341,0.275611,0.0017256,0.0168818
5.75,0,0.890941,0.871918,0.237959,0.0470289,0.0190227
5.75,1,-0.854896,-0.801427,0.148892,-2.58543,-0.0534689
5.75,2,-0.402907,-0.415134,0.547081,-0.727329,0.0122278
5.75,3,0.585528,0.598679,-0.225009,0.00349489,-0.013151
5.75,4,0.0484448,0.0664606,-0.140749,-0.073752,-0.0180158
5.75,5,-0.828586,-0.84558,0.276446,0.00203364,0.0169935
5.76,0,0.893523,0.874301,0.238649,0.0529212,0.0192217
5.76,1,-0.853888,-0.799938,0.148765,-2.60426,-0.0539491
5.76,2,-0.39791,-0.409662,0.547289,-0.742015,0.0117521
5.76,3,0.583416,0.596435,-0.223847,0.00411791,-0.013019
5.76,4,0.0469401,0.0650549,-0.140413,-0.0747115,-0.0181148
5.76,5,-0.825714,-0.84281,0.277382,0.00226714,0.0170963
5.77,0,0.896105,0.876693,0.239603,0.0576865,0.0194124
5.77,1,-0.852879,-0.798452,0.14859,-2.62288,-0.0544278
5.77,2,-0.392914,-0.404189,0.547408,-0.756573,0.0112748
5.77,3,0.581304,0.594203,-0.222586,0.0045591,-0.0128993
5.77,4,0.0454355,0.0636528,-0.140044,-0.0757161,-0.0182173
5.77,5,-0.822842,-0.840031,0.278382,0.00243252,0.0171894
5.78,0,0.898687,0.879095,0.240761,0.0614092,0.0195923
5.78,1,-0.851871,-0.796967,0.148372,-2.64129,-0.0549045
5.78,2,-0.387918,-0.398714,0.547449,-0.770997,0.0107967
5.78,3,0.579192,0.591985,-0.22127,0.0048376,-0.0127924
5.78,4,0.0439309,0.0622544,-0.139657,-0.0767601,-0.0183236
5.78,5,-0.819969,-0.837242,0.279415,0.00253692,0.0172723
5.79,0,0.90127,0.88151,0.242071,0.0641789,0.0197598
5.79,1,-0.850863,-0.795485,0.148112,-2.65949,-0.0553787
5.79,2,-0.382921,-0.39324,0.54742,-0.785282,0.0103186
5.79,3,0.577081,0.589779,-0.219936,0.00497314,-0.0126989
5.79,4,0.0424262,0.06086,-0.139266,-0.0778376,-0.0184338
5.79,5,-0.817097,-0.834442,0.280453,0.00258788,0.0173447
5.8,0,0.903852,0.883938,0.243485,0.0660882,0.0199136
5.8,1,-0.849855,-0.794005,0.147815,-2.67745,-0.0558502
5.8,2,-0.377925,-0.387766,0.54733,-0.799424,0.0098412
5.8,3,0.574969,0.587587,-0.218619,0.00498542,-0.0126186
5.8,4,0.0409216,0.0594695,-0.138881,-0.0789428,-0.0185479
5.8,5,-0.814225,-0.831632,0.281472,0.00259299,0.0174069
5.81,0,0.906434,0.886381,0.244961,0.0672307,0.0200528
5.81,1,-0.848847,-0.792529,0.147484,-2.69519,-0.0563185
5.81,2,-0.372929,-0.382294,0.547186,-0.813422,0.00936497
5.81,3,0.572857,0.585408,-0.217344,0.00489362,-0.0125513
5.81,4,0.039417,0.0580827,-0.138512,-0.0800703,-0.0186658
5.81,5,-0.811352,-0.828811,0.282453,0.00255972,0.0174591
5.82,0,0.909016,0.888839,0.246462,0.0676992,0.0201771
5.82,1,-0.847839,-0.791056,0.147122,-2.7127,-0.0567833
5.82,2,-0.367933,-0.376823,0.546994,-0.827275,0.00889045
5.82,3,0.570745,0.583242,-0.216133,0.00471594,-0.0124964
5.82,4,0.0379123,0.0566995,-0.138165,-0.0812149,-0.0187872
5.82,5,-0.80848,-0.825982,0.283379,0.00249516,0.0175018
5.83,0,0.911598,0.891312,0.247958,0.0675843,0.0202865
5.83,1,-0.846831,-0.789587,0.146734,-2.72998,-0.0572444
5.83,2,-0.362936,-0.371354,0.546761,-0.84098,0.00841807
5.83,3,0.568633,0.581087,-0.215001,0.00446936,-0.0124531
5.83,4,0.0364077,0.0553197,-0.137848,-0.0823717,-0.018912
5.83,5,-0.805608,-0.823143,0.28424,0.00240596,0.0175356
5.84,0,0.914181,0.8938,0.249422,0.066973,0.020381
5.84,1,-0.845823,-0.788122,0.146322,-2.74702,-0.0577014
5.84,2,-0.35794,-0.365888,0.546493,-0.854539,0.00794822
5.84,3,0.566522,0.578942,-0.213961,0.00416941,-0.0124207
5.84,4,0.0349031,0.0539428,-0.137563,-0.0835362,-0.0190397
5.84,5,-0.802735,-0.820296,0.285025,0.00229818,0.0175611
5.85,0,0.916763,0.896302,0.250833,0.065948,0.0204611
5.85,1,-0.844815,-0.786661,0.14589,-2.76384,-0.0581542
5.85,2,-0.352944,-0.360425,0.546194,-0.867952,0.00748123
5.85,3,0.56441,0.576808,-0.21302,0.00383006,-0.0123982
5.85,4,0.0333984,0.0525686,-0.137313,-0.0847041,-0.0191701
5.85,5,-0.799863,-0.817442,0.285731,0.00217725,0.0175793
5.86,0,0.919345,0.898817,0.252172,0.0645868,0.0205276
5.86,1,-0.843807,-0.785204,0.145441,-2.78043,-0.0586026
5.86,2,-0.347947,-0.354965,0.545871,-0.88122,0.00701737
5.86,3,0.562298,0.574682,-0.212181,0.00346367,-0.0123845
5.86,4,0.0318938,0.0511966,-0.137101,-0.0858719,-0.0193028
5.86,5,-0.796991,-0.814581,0.286354,0.00204796,0.0175908
5.87,0,0.921927,0.901346,0.253427,0.0629612,0.0205811
5.87,1,-0.842799,-0.783753,0.14498,-2.79679,-0.0590464
5.87,2,-0.342951,-0.349508,0.545526,-0.894346,0.00655686
5.87,3,0.560186,0.572565,-0.211446,0.003081,-0.0123786
5.87,4,0.0303892,0.0498266,-0.136926,-0.0870362,-0.0194374
5.87,5,-0.794118,-0.811715,0.286895,0.00191447,0.0175966
5.88,0,0.924509,0.903393,-0.00580891,0.86209,0.0211166
5.88,1,-0.841791,-0.78243,-0.00216903,-2.36792,-0.0593608
5.88,2,-0.337955,-0.345196,-0.0228409,0.262914,0.00724107
5.88,3,0.558074,0.570581,-0.14101,-0.040461,-0.0125067
5.88,4,0.0288845,0.0505976,1.08998,-0.718694,-0.0217131
5.88,5,-0.791246,-0.8085,0.466742,-0.0537522,0.0172541
5.89,0,0.927092,0.903501,0.0137189,0.902468,0.0235906
5.89,1,-0.840783,-0.783678,-0.161107,-1.80088,-0.0571049
5.89,2,-0.332958,-0.342941,0.291827,-0.28418,0.00998247
5.89,3,0.555963,0.568925,-0.181811,-0.0205427,-0.0129629
5.89,4,0.0273799,0.0577189,0.509449,-0.497437,-0.030339
5.89,5,-0.788374,-0.804311,0.391568,-0.0377836,0.0159374
5.9,0,0.929674,0.903652,0.0219235,0.975112,0.0260221
5.9,1,-0.839775,-0.785323,-0.170824,-1.66561,-0.0544521
5.9,2,-0.327962,-0.339952,0.324221,-0.288746,0.0119899
5.9,3,0.553851,0.566941,-0.212616,-0.00332966,-0.0130899
5.9,4,0.0258753,0.0610674,0.181262,-0.372168,-0.0351922
5.9,5,-0.785501,-0.800648,0.343183,-0.027221,0.0151468
5.91,0,0.932256,0.903801,0.0178389,1.08466,0.0284545
5.91,1,-0.838767,-0.786934,-0.162768,-1.585,-0.0518326
5.91,2,-0.322966,-0.337047,0.298206,-0.17396,0.0140817
5.91,3,0.551739,0.564702,-0.234179,0.0108722,-0.0129635
5.91,4,0.0243707,0.0619963,-0.00664052,-0.297685,-0.0376257
5.91,5,-0.782629,-0.797344,0.314819,-0.0208686,0.0147154
5.92,0,0.934838,0.903968,0.0223546,1.16774,0.0308701
5.92,1,-0.837759,-0.788522,-0.162941,-1.48063,-0.0492364
5.92,2,-0.317969,-0.334164,0.306946,-0.128051,0.0161947
5.92,3,0.549627,0.562267,-0.251976,0.024786,-0.01264
5.92,4,0.022866,0.0611509,-0.168396,-0.222081,-0.0382848
5.92,5,-0.779757,-0.794319,0.288543,-0.0137513,0.0145623
5.93,0,0.93742,0.904134,0.0202532,1.27069,0.0332862
5.93,1,-0.836751,-0.790079,-0.158728,-1.39067,-0.0466713
5.93,2,-0.312973,-0.33135,0.293286,-0.035269,0.0183767
5.93,3,0.547515,0.559691,-0.263406,0.0362819,-0.0121762
5.93,4,0.0213614,0.0591653,-0.252191,-0.176336,-0.0378039
5.93,5,-0.776884,-0.791483,0.274055,-0.00922224,0.0145989
5.94,0,0.940002,0.904309,0.0228342,1.35923,0.0356933
5.94,1,-0.835743,-0.791627,-0.159358,-1.28655,-0.0441155
5.94,2,-0.307977,-0.32854,0.29946,0.0179671,0.0205629
5.94,3,0.545403,0.557017,-0.271866,0.0469809,-0.0116139
5.94,4,0.0198568,0.0564162,-0.319651,-0.13265,-0.0365595
5.94,5,-0.774012,-0.788784,0.261547,-0.00460549,0.0147717
5.95,0,0.942585,0.904484,0.0217744,1.45872,0.038101
5.95,1,-0.834734,-0.793163,-0.157725,-1.18969,-0.0415716
5.95,2,-0.30298,-0.325757,0.293525,0.0962418,0.0227764
5.95,3,0.543292,0.554282,-0.276348,0.0559003,-0.0109908
5.95,4,0.0183521,0.053264,-0.343812,-0.107389,-0.0349119
5.95,5,-0.771139,-0.786165,0.256064,-0.00169269,0.0150253
5.96,0,0.945167,0.904663,0.0232759,1.55034,0.0405042
5.96,1,-0.833726,-0.794699,-0.158726,-1.08491,-0.0390272
5.96,2,-0.297984,-0.322965,0.298527,0.152369,0.0249808
5.96,3,0.54118,0.551513,-0.278935,0.0640256,-0.0103336
5.96,4,0.0168475,0.0499118,-0.360023,-0.0845027,-0.0330643
5.96,5,-0.768267,-0.783593,0.251966,0.00104126,0.0153262
5.97,0,0.947749,0.904841,0.0227761,1.648,0.0429083
5.97,1,-0.832718,-0.796235,-0.158516,-0.983803,-0.0364837
5.97,2,-0.292988,-0.320176,0.296881,0.221898,0.0271887
5.97,3,0.539068,0.548732,-0.279281,0.0709266,-0.00966417
5.97,4,0.0153429,0.0465436,-0.35411,-0.0725511,-0.0312008
5.97,5,-0.765395,-0.781037,0.251788,0.00267496,0.0156422
5.98,0,0.950331,0.905021,0.0236886,1.74136,0.0453106
5.98,1,-0.83171,-0.797776,-0.159706,-0.878264,-0.0339346
5.98,2,-0.287991,-0.317372,0.301215,0.27898,0.0293803
5.98,3,0.536956,0.545953,-0.278644,0.0772148,-0.00899716
5.98,4,0.0138382,0.043251,-0.346078,-0.0622628,-0.0294127
5.98,5,-0.762522,-0.778478,0.252283,0.00409129,0.0159552
5.99,0,0.952913,0.905199,0.0235041,1.83804,0.0477139
5.99,1,-0.830702,-0.799322,-0.160217,-0.774569,-0.0313805
5.99,2,-0.282995,-0.314558,0.301828,0.343237,0.0315631
5.99,3,0.534844,0.543188,-0.276932,0.0827244,-0.0083435
5.99,4,0.0123336,0.0401122,-0.328187,-0.0581351,-0.0277786
5.99,5,-0.75965,-0.775899,0.254728,0.00482682,0.0162491
6,0,0.955496,0.905379,0.0241068,1.93235,0.0501167
6,1,-0.829694,-0.800876,-0.161446,-0.668399,-0.0288184
6,2,-0.277999,-0.311725,0.305663,0.400475,0.0337267
6,3,0.532733,0.540442,-0.274885,0.0878381,-0.00770929
6,4,0.010829,0.0371538,-0.31152,-0.0548389,-0.0263249
6,5,-0.756778,-0.773294,0.257276,0.00539795,0.0165161
6.01,0,0.958078,0.905557,0.0241113,2.02848,0.0525205
6.01,1,-0.828686,-0.802437,-0.162268,-0.563161,-0.0262491
6.01,2,-0.273003,-0.308878,0.307362,0.461553,0.0358759
6.01,3,0.530621,0.537719,-0.272485,0.0925081,-0.00709829
6.01,4,0.00932433,0.0343962,-0.291605,-0.0547726,-0.0250719
6.01,5,-0.753905,-0.770656,0.260593,0.00557462,0.0167505
6.02,0,0.96066,0.905736,0.0245609,2.12329,0.0549242
6.02,1,-0.827678,-0.804007,-0.163435,-0.456541,-0.0236711
6.02,2,-0.268006,-0.306012,0.31076,0.518652,0.0380057
6.02,3,0.528509,0.53502,-0.270143,0.0969716,-0.00651143
6.02,4,0.0078197,0.0318328,-0.274399,-0.0549048,-0.0240131
6.02,5,-0.751033,-0.767984,0.263653,0.00565979,0.0169511
6.03,0,0.963242,0.905913,0.0246869,2.21909,0.0573287
6.03,1,-0.82667,-0.805585,-0.164341,-0.35039,-0.0210853
6.03,2,-0.26301,-0.303129,0.312896,0.577794,0.0401195
6.03,3,0.526397,0.532346,-0.267848,0.101226,-0.00594834
6.03,4,0.00631507,0.0294559,-0.257148,-0.0565525,-0.0231408
6.03,5,-0.748161,-0.765278,0.266833,0.00553882,0.0171177
6.04,0,0.965824,0.906091,0.0250686,2.31413,0.0597333
6.04,1,-0.825662,-0.807171,-0.165396,-0.243465,-0.0184913
6.04,2,-0.258014,-0.300229,0.315899,0.634656,0.0422152
6.04,3,0.524285,0.529693,-0.265809,0.105414,-0.00540717
6.04,4,0.00481043,0.0272455,-0.242922,-0.0580195,-0.0224351
6.04,5,-0.745288,-0.762541,0.269585,0.00538812,0.0172527
6.05,0,0.968407,0.906268,0.025277,2.4097,0.0621384
6.05,1,-0.824654,-0.808764,-0.166276,-0.136767,-0.0158899
6.05,2,-0.253017,-0.297312,0.318135,0.692582,0.0442951
6.05,3,0.522174,0.527059,-0.264,0.109544,-0.00488559
6.05,4,0.0033058,0.0251836,-0.229924,-0.0600605,-0.0218778
6.05,5,-0.742416,-0.759775,0.272149,0.00514849,0.0173586
6.06,0,0.970989,0.906445,0.0256347,2.50483,0.0645434
6.06,1,-0.823646,-0.810365,-0.167205,-0.0296254,-0.013281
6.06,2,-0.248021,-0.294379,0.320794,0.749168,0.0463586
6.06,3,0.520062,0.524442,-0.26251,0.113699,-0.00438067
6.06,4,0.00180117,0.0232477,-0.219647,-0.0617486,-0.0214465
6.06,5,-0.739544,-0.756983,0.274251,0.00492055,0.0174392
6.07,0,0.973571,0.906622,0.0259006,2.60024,0.0669486
6.07,1,-0.822638,-0.811972,-0.168011,0.0774201,-0.0106653
6.07,2,-0.243025,-0.291432,0.322974,0.806276,0.0484075
6.07,3,0.51795,0.521839,-0.2613,0.117885,-0.00388946
6.07,4,0.000296539,0.0214184,-0.210872,-0.0635391,-0.0211219
6.07,5,-0.736671,-0.754169,0.27606,0.00467108,0.0174978
6.08,0,0.976153,0.9068,0.026255,2.69538,0.0693535
6.08,1,-0.82163,-0.813587,-0.168821,0.184737,-0.00804316
6.08,2,-0.238028,-0.28847,0.325346,0.862559,0.0504417
6.08,3,0.515838,0.519247,-0.260392,0.122146,-0.00340894
6.08,4,-0.00120809,0.0196759,-0.204262,-0.064941,-0.020884
6.08,5,-0.733799,-0.751337,0.277455,0.00445538,0.0175384
6.09,0,0.978735,0.906977,0.026561,2.79065,0.0717583
6.09,1,-0.820622,-0.815207,-0.169545,0.292035,-0.00541497
6.09,2,-0.233032,-0.285495,0.327412,0.919054,0.0524626
6.09,3,0.513726,0.516663,-0.259742,0.126481,-0.00293636
6.09,4,-0.00271272,0.0180038,-0.198979,-0.0662432,-0.0207166
6.09,5,-0.730927,-0.748491,0.27856,0.00425236,0.0175641
6.1,0,0.981317,0.907155,0.0269199,2.88575,0.0741628
6.1,1,-0.819614,-0.816833,-0.170253,0.399517,-0.00278103
6.1,2,-0.228036,-0.282506,0.329555,0.975003,0.0544704
6.1,3,0.511614,0.514084,-0.259338,0.130912,-0.00246912
6.1,4,-0.00421736,0.0163868,-0.195273,-0.0671964,-0.0206041
6.1,5,-0.728054,-0.745632,0.279334,0.00409068,0.0175782
6.11,0,0.9839,0.907333,0.0272531,2.98091,0.0765668
6.11,1,-0.818606,-0.818464,-0.1709,0.507029,-0.00014175
6.11,2,-0.223039,-0.279505,0.331499,1.03098,0.0564661
6.11,3,0.509503,0.511508,-0.259139,0.135433,-0.00200501
6.11,4,-0.00572199,0.0148125,-0.19257,-0.0679905,-0.0205345
6.11,5,-0.725182,-0.742765,0.279872,0.00395517,0.0175834
6.12,0,0.986482,0.907512,0.0276176,3.07596,0.0789703
6.12,1,-0.817598,-0.8201,-0.171526,0.614684,0.00250264
6.12,2,-0.218043,-0.276493,0.333464,1.08657,0.0584498
6.12,3,0.507391,0.508933,-0.25912,0.140051,-0.00154206
6.12,4,-0.00722662,0.0132701,-0.190934,-0.0685065,-0.0204967
6.12,5,-0.72231,-0.739892,0.280171,0.00385926,0.0175821
6.13,0,0.989064,0.907674,0.0163402,3.20659,0.0813903
6.13,1,-0.816589,-0.821725,-0.164243,0.698147,0.00513549
6.13,2,-0.213047,-0.273512,0.304055,1.20584,0.0604649
6.13,3,0.505279,0.506361,-0.257817,0.143874,-0.00108159
6.13,4,-0.00873125,0.0117974,-0.151184,-0.0886371,-0.0205286
6.13,5,-0.719437,-0.737001,0.289343,0.00101489,0.0175636
6.14,0,0.991646,0.907865,0.0362843,3.24239,0.0837811
6.14,1,-0.815581,-0.823361,-0.175939,0.839,0.0077796
6.14,2,-0.20805,-0.270453,0.362093,1.14789,0.0624025
6.14,3,0.503167,0.503783,-0.26056,0.150177,-0.000615904
6.14,4,-0.0102359,0.0102554,-0.221935,-0.0529629,-0.0204913
6.14,5,-0.716565,-0.734128,0.2744,0.00549409,0.0175628
6.15,0,0.994228,0.90802,0.00393994,3.43651,0.0862084
6.15,1,-0.814573,-0.824973,-0.150625,0.867851,0.0103994
6.15,2,-0.203054,-0.267512,0.252183,1.42936,0.0644577
6.15,3,0.501055,0.50121,-0.255171,0.151554,-0.000154806
6.15,4,-0.0117405,0.00889121,-0.0861926,-0.121957,-0.0206317
6.15,5,-0.713692,-0.731224,0.299336,-0.00214481,0.0175312
6.16,0,0.996811,0.908193,0.0165913,3.49493,0.0886177
6.16,1,-0.813565,-0.826607,-0.165556,1.01835,0.013042
6.16,2,-0.198058,-0.264487,0.307004,1.37888,0.0664297
6.16,3,0.498944,0.49863,-0.258622,0.158305,0.000313174
6.16,4,-0.0132451,0.0074583,-0.145339,-0.0929578,-0.0207034
6.16,5,-0.71082,-0.728331,0.289991,0.000557829,0.0175111
6.17,0,0.999393,0.908388,0.0381676,3.52569,0.0910049
6.17,1,-0.812557,-0.828259,-0.1779,1.16176,0.0157015
6.17,2,-0.193061,-0.26139,0.369507,1.31085,0.0683287
6.17,3,0.496832,0.496045,-0.261507,0.164777,0.000787208
6.17,4,-0.0147498,0.0059532,-0.224688,-0.0532797,-0.020703
6.17,5,-0.707948,-0.725455,0.273231,0.00556683,0.0175072
6.18,0,1.00198,0.908543,0.00377418,3.72597,0.0934323
6.18,1,-0.811549,-0.829885,-0.152335,1.19044,0.0183358
6.18,2,-0.188065,-0.258417,0.25628,1.59801,0.0703523
6.18,3,0.49472,0.493461,-0.256342,0.166392,0.00125864
6.18,4,-0.0162544,0.0046195,-0.0844725,-0.124755,-0.0208739
6.18,5,-0.705075,-0.722548,0.299747,-0.00256225,0.0174724
6.19,0,1.00456,0.908717,0.0168024,3.78319,0.0958399
6.19,1,-0.810541,-0.831534,-0.167021,1.34078,0.0209929
6.19,2,-0.183069,-0.255359,0.310121,1.54847,0.0722903
6.19,3,0.492608,0.490869,-0.259944,0.173354,0.0017388
6.19,4,-0.017759,0.00319841,-0.144407,-0.0954561,-0.0209575
6.19,5,-0.702203,-0.719656,0.289815,0.000319169,0.0174528
6.2,0,1.00714,0.908916,0.0400737,3.80872,0.0982236
6.2,1,-0.809533,-0.8332,-0.179614,1.48551,0.0236667
6.2,2,-0.178073,-0.252225,0.376216,1.47214,0.0741523
6.2,3,0.490496,0.48827,-0.262807,0.179945,0.00222607
6.2,4,-0.0192637,0.0016899,-0.230559,-0.0523489,-0.0209536
6.2,5,-0.699331,-0.716783,0.271416,0.00583733,0.0174524
6.21,0,1.00972,0.909083,0.028819,3.9391,0.100639
6.21,1,-0.808525,-0.834853,-0.174021,1.5752,0.0263284
6.21,2,-0.173076,-0.249179,0.341654,1.59976,0.0761025
6.21,3,0.488385,0.485671,-0.262054,0.184371,0.00271392
6.21,4,-0.0207683,0.000308913,-0.184199,-0.0765182,-0.0210772
6.21,5,-0.696458,-0.713887,0.280025,0.00313543,0.0174286
6.22,0,1.0123,0.90926,0.029159,4.03427,0.103044
6.22,1,-0.807517,-0.836528,-0.174531,1.68404,0.0290111
6.22,2,-0.16808,-0.246064,0.343895,1.65173,0.077984
6.22,3,0.486273,0.483064,-0.262561,0.189627,0.00320902
6.22,4,-0.0222729,-0.00114669,-0.18734,-0.0753398,-0.0211263
6.22,5,-0.693586,-0.711003,0.27936,0.00327419,0.0174164
6.23,0,1.01489,0.909438,0.0295806,4.12919,0.105448
6.23,1,-0.806509,-0.838206,-0.174946,1.79271,0.0316968
6.23,2,-0.163084,-0.24294,0.345773,1.70415,0.0798565
6.23,3,0.484161,0.480452,-0.26308,0.194942,0.00370944
6.23,4,-0.0237776,-0.0026124,-0.18995,-0.0743465,-0.0211652
6.23,5,-0.690714,-0.708121,0.278744,0.0034123,0.0174071
6.24,0,1.01747,0.909615,0.0300041,4.2241,0.107853
6.24,1,-0.805501,-0.839887,-0.175368,1.90153,0.0343857
6.24,2,-0.158087,-0.239807,0.347559,1.75648,0.08172
6.24,3,0.482049,0.477834,-0.263551,0.200282,0.0042152
6.24,4,-0.0252822,-0.00408564,-0.192235,-0.0734551,-0.0211966
6.24,5,-0.687841,-0.705241,0.278202,0.00353898,0.0173999
6.25,0,1.02005,0.909793,0.0303729,4.31916,0.110257
6.25,1,-0.804493,-0.841571,-0.175681,2.01019,0.0370787
6.25,2,-0.153091,-0.236664,0.349235,1.80873,0.0835734
6.25,3,0.479937,0.475211,-0.263938,0.205624,0.00472617
6.25,4,-0.0267868,-0.00556519,-0.194191,-0.0726777,-0.0212216
6.25,5,-0.684969,-0.702363,0.277738,0.00364982,0.0173943
6.26,0,1.02263,0.909958,0.0169335,4.45617,0.112674
6.26,1,-0.803485,-0.843255,-0.170103,2.10111,0.03977
6.26,2,-0.148095,-0.233548,0.315864,1.93187,0.0854534
6.26,3,0.477826,0.472585,-0.263214,0.210336,0.00524081
6.26,4,-0.0282915,-0.00699962,-0.147482,-0.0965937,-0.0212919
6.26,5,-0.682097,-0.699476,0.288347,0.000391006,0.017379
6.27,0,1.02521,0.910139,0.00330688,4.5931,0.115076
6.27,1,-0.802477,-0.844937,-0.156569,2.16813,0.0424606
6.27,2,-0.143098,-0.230407,0.266308,2.08665,0.087309
6.27,3,0.475714,0.469954,-0.260857,0.214111,0.00575965
6.27,4,-0.0297961,-0.00846721,-0.0880008,-0.126631,-0.0213289
6.27,5,-0.679224,-0.6966,0.299485,-0.00296928,0.0173752
6.28,0,1.0278,0.910321,0.00524676,4.68328,0.117476
6.28,1,-0.801469,-0.846627,-0.161267,2.29014,0.0451586
6.28,2,-0.138102,-0.227256,0.272452,2.12973,0.0891544
6.28,3,0.473602,0.467319,-0.262002,0.220033,0.00628313
6.28,4,-0.0313007,-0.00993102,-0.0904647,-0.125725,-0.0213697
6.28,5,-0.676352,-0.693724,0.297903,-0.00251279,0.0173716
6.29,0,1.03038,0.910528,0.0449714,4.65913,0.119851
6.29,1,-0.800461,-0.84834,-0.184307,2.46812,0.0478799
6.29,2,-0.133106,-0.224004,0.39559,1.93577,0.0908983
6.29,3,0.47149,0.464677,-0.266318,0.227924,0.00681333
6.29,4,-0.0328054,-0.0115085,-0.251987,-0.044381,-0.0212968
6.29,5,-0.67348,-0.690867,0.265887,0.00717015,0.0173873
6.3,0,1.03296,0.910683,0.0168735,4.8405,0.122278
6.3,1,-0.799452,-0.850021,-0.173474,2.54317,0.0505686
6.3,2,-0.128109,-0.220912,0.323582,2.13692,0.0928028
6.3,3,0.469378,0.462036,-0.264936,0.232381,0.00734191
6.3,4,-0.03431,-0.012865,-0.149173,-0.0969732,-0.0214449
6.3,5,-0.670607,-0.687967,0.289015,9.43523e-05,0.0173598
6.31,0,1.03554,0.910867,0.00536622,4.97095,0.124676
6.31,1,-0.798444,-0.851717,-0.162432,2.61821,0.053273
6.31,2,-0.123113,-0.217737,0.274753,2.28923,0.0946244
6.31,3,0.467266,0.459391,-0.263091,0.236611,0.00787564
6.31,4,-0.0358146,-0.0143211,-0.0885614,-0.127668,-0.0214936
6.31,5,-0.667735,-0.68509,0.298248,-0.00270026,0.0173548
6.32,0,1.03813,0.911048,0.0170724,5.03187,0.127077
6.32,1,-0.797436,-0.853426,-0.171245,2.75331,0.0559894
6.32,2,-0.118117,-0.214535,0.318465,2.25561,0.0964181
6.32,3,0.465155,0.45674,-0.265178,0.243251,0.00841443
6.32,4,-0.0373193,-0.0157878,-0.143078,-0.100713,-0.0215315
6.32,5,-0.664863,-0.682209,0.288874,6.99198e-05,0.0173464
6.33,0,1.04071,0.911262,0.0475591,5.03516,0.129446
6.33,1,-0.796428,-0.855138,-0.18357,2.8991,0.0587098
6.33,2,-0.11312,-0.211272,0.397775,2.149,0.0981518
6.33,3,0.463043,0.454086,-0.26696,0.249744,0.00895687
6.33,4,-0.0388239,-0.0173402,-0.253607,-0.0450662,-0.0214837
6.33,5,-0.66199,-0.679352,0.263956,0.00762423,0.0173622
6.34,0,1.04329,0.91142,0.00288523,5.26616,0.131871
6.34,1,-0.79542,-0.856829,-0.159483,2.93481,0.061409
6.34,2,-0.108124,-0.208153,0.274389,2.4521,0.100029
6.34,3,0.460931,0.451431,-0.263603,0.253158,0.00949958
6.34,4,-0.0403285,-0.0186741,-0.0860203,-0.130225,-0.0216544
6.34,5,-0.659118,-0.676447,0.301363,-0.00376301,0.0173292
6.35,0,1.04587,0.911604,0.0170706,5.31951,0.134268
6.35,1,-0.794412,-0.858544,-0.17258,3.08299,0.0641313
6.35,2,-0.103128,-0.20494,0.321428,2.41152,0.101813
6.35,3,0.458819,0.448772,-0.266129,0.260148,0.010047
6.35,4,-0.0418332,-0.0201144,-0.14214,-0.10268,-0.0217187
6.35,5,-0.656246,-0.673564,0.289366,-0.000218635,0.0173182
6.36,0,1.04845,0.911821,0.0490263,5.31824,0.136633
6.36,1,-0.793404,-0.860275,-0.18404,3.22696,0.066871
6.36,2,-0.0981315,-0.201633,0.402573,2.29991,0.103502
6.36,3,0.456707,0.446109,-0.267434,0.266445,0.0105984
6.36,4,-0.0433378,-0.0216719,-0.25835,-0.0441517,-0.0216659
6.36,5,-0.653373,-0.670708,0.262467,0.00793342,0.0173347
6.37,0,1.05104,0.91198,0.0020623,5.55606,0.139056
6.37,1,-0.792396,-0.861989,-0.159809,3.26314,0.0695929
6.37,2,-0.0931351,-0.198469,0.280538,2.59895,0.105334
6.37,3,0.454596,0.443445,-0.265088,0.270559,0.0111506
6.37,4,-0.0448424,-0.0230049,-0.0888453,-0.130278,-0.0218375
6.37,5,-0.650501,-0.667803,0.302486,-0.00423301,0.0173026
6.38,0,1.05362,0.912166,0.0167988,5.6077,0.141452
6.38,1,-0.791388,-0.863719,-0.172631,3.41113,0.0723309
6.38,2,-0.0881388,-0.19522,0.322548,2.56735,0.107081
6.38,3,0.452484,0.440777,-0.266911,0.277214,0.0117067
6.38,4,-0.0463471,-0.0244449,-0.140985,-0.104725,-0.0219021
6.38,5,-0.647628,-0.664923,0.289266,-0.00030582,0.0172948
6.39,0,1.0562,0.912386,0.0503754,5.60145,0.143814
6.39,1,-0.79038,-0.865463,-0.183753,3.55459,0.0750832
6.39,2,-0.0831425,-0.191879,0.406117,2.44988,0.108737
6.39,3,0.450372,0.438106,-0.267765,0.283318,0.012266
6.39,4,-0.0478517,-0.0260033,-0.262362,-0.0436062,-0.0218484
6.39,5,-0.644756,-0.662073,0.260664,0.00838465,0.0173168
6.4,0,1.05878,0.912547,0.00225322,5.8427,0.146237
6.4,1,-0.789372,-0.8672,-0.163918,3.60488,0.0778283
6.4,2,-0.0781462,-0.188669,0.289713,2.73626,0.110523
6.4,3,0.44826,0.435434,-0.267024,0.288481,0.0128267
6.4,4,-0.0493563,-0.0273312,-0.0938306,-0.129285,-0.0220251
6.4,5,-0.641884,-0.659171,0.3026,-0.00434535,0.0172869
6.41,0,1.06137,0.912734,0.0165703,5.89553,0.148631
6.41,1,-0.788364,-0.868958,-0.17554,3.75038,0.080594
6.41,2,-0.0731499,-0.185361,0.329062,2.70821,0.112211
6.41,3,0.446148,0.432758,-0.267674,0.29451,0.0133906
6.41,4,-0.0508609,-0.028774,-0.141567,-0.105913,-0.022087
6.41,5,-0.639011,-0.656292,0.289494,-0.000443582,0.0172809
6.42,0,1.06395,0.912958,0.0517046,5.88448,0.15099
6.42,1,-0.787356,-0.870735,-0.185312,3.89111,0.0833794
6.42,2,-0.0681536,-0.181948,0.412969,2.5879,0.113794
6.42,3,0.444037,0.430079,-0.267997,0.30037,0.0139572
6.42,4,-0.0523656,-0.0303436,-0.267039,-0.0426566,-0.022022
6.42,5,-0.636139,-0.653444,0.259187,0.00876966,0.0173051
6.43,0,1.06653,0.913119,0.00252589,6.12884,0.153411
6.43,1,-0.786348,-0.872507,-0.168538,3.95199,0.0861595
6.43,2,-0.0631572,-0.178669,0.298634,2.86808,0.115512
6.43,3,0.441925,0.427399,-0.268074,0.306106,0.0145261
6.43,4,-0.0538702,-0.031672,-0.094779,-0.130196,-0.0221982
6.43,5,-0.633267,-0.650541,0.302805,-0.00446899,0.0172745
6.44,0,1.06911,0.913309,0.0163094,6.18321,0.155803
6.44,1,-0.78534,-0.874294,-0.178183,4.09272,0.0889542
6.44,2,-0.0581609,-0.175299,0.335107,2.84393,0.117138
6.44,3,0.439813,0.424715,-0.26843,0.312035,0.0150977
6.44,4,-0.0553748,-0.0331167,-0.14193,-0.1071,-0.0222582
6.44,5,-0.630394,-0.647662,0.289937,-0.000641,0.017268
6.45,0,1.07169,0.913535,0.0529751,6.16744,0.158159
6.45,1,-0.784332,-0.876095,-0.185689,4.22759,0.0917631
6.45,2,-0.0531646,-0.171832,0.417618,2.7248,0.118668
6.45,3,0.437701,0.42203,-0.268147,0.3176,0.0156712
6.45,4,-0.0568795,-0.03469,-0.270907,-0.0420619,-0.0221894
6.45,5,-0.627522,-0.644815,0.257785,0.00913117,0.0172933
6.46,0,1.07428,0.913698,0.00280487,6.41473,0.160579
6.46,1,-0.783324,-0.877891,-0.172066,4.29889,0.0945674
6.46,2,-0.0481683,-0.168505,0.30543,2.99924,0.120337
6.46,3,0.435589,0.419341,-0.269118,0.323954,0.0162483
6.46,4,-0.0583841,-0.0360129,-0.0951645,-0.131388,-0.0223712
6.46,5,-0.62465,-0.641911,0.303052,-0.00460963,0.0172612
6.47,0,1.07686,0.913888,0.0160011,6.4708,0.16297
6.47,1,-0.782316,-0.879696,-0.179855,4.4348,0.0973809
6.47,2,-0.043172,-0.165093,0.339357,2.97892,0.121921
6.47,3,0.433478,0.41665,-0.269197,0.329792,0.0168274
6.47,4,-0.0598887,-0.0374561,-0.142095,-0.108413,-0.0224326
6.47,5,-0.621777,-0.639031,0.290445,-0.000865098,0.0172537
6.48,0,1.07944,0.914118,0.0542,6.45032,0.165323
6.48,1,-0.781307,-0.881511,-0.185138,4.56356,0.100204
6.48,2,-0.0381757,-0.16159,0.420529,2.86138,0.123415
6.48,3,0.431366,0.413958,-0.268264,0.335038,0.0174079
6.48,4,-0.0613934,-0.0390315,-0.274663,-0.0415637,-0.0223619
6.48,5,-0.618905,-0.636185,0.256373,0.00948803,0.01728
6.49,0,1.08202,0.914282,0.00309018,6.70037,0.167741
6.49,1,-0.780299,-0.883323,-0.174633,4.64483,0.103023
6.49,2,-0.0331794,-0.158232,0.310355,3.13086,0.125052
6.49,3,0.429254,0.41126,-0.270188,0.342047,0.0179935
6.49,4,-0.062898,-0.0403482,-0.0954195,-0.132689,-0.0225498
6.49,5,-0.616033,-0.633279,0.303283,-0.00475314,0.0172464
6.5,0,1.08461,0.914474,0.0156552,6.75828,0.170131
6.5,1,-0.779291,-0.885139,-0.180747,4.77613,0.105847
6.5,2,-0.028183,-0.154793,0.342148,3.11401,0.12661
6.5,3,0.427142,0.408562,-0.269994,0.347801,0.0185805
6.5,4,-0.0644026,-0.0417904,-0.142378,-0.109709,-0.0226123
6.5,5,-0.61316,-0.630398,0.290976,-0.00110306,0.0172379
6.51,0,1.08719,0.914706,0.0553911,6.73308,0.172481
6.51,1,-0.778283,-0.886959,-0.183895,4.89873,0.108676
6.51,2,-0.0231867,-0.151269,0.422128,2.99822,0.128083
6.51,3,0.42503,0.405862,-0.268367,0.352703,0.0191682
6.51,4,-0.0659073,-0.0433687,-0.278561,-0.0410283,-0.0225386
6.51,5,-0.610288,-0.627553,0.254921,0.00985001,0.0172653
6.52,0,1.08977,0.914871,0.00338172,6.98578,0.174898
6.52,1,-0.777275,-0.888779,-0.176365,4.98924,0.111504
6.52,2,-0.0181904,-0.147893,0.313653,3.26378,0.129703
6.52,3,0.422918,0.403156,-0.27129,0.3604,0.0197626
6.52,4,-0.0674119,-0.0446803,-0.0956481,-0.134029,-0.0227316
6.52,5,-0.607416,-0.624646,0.303485,-0.00489363,0.0172304
6.53,0,1.09235,0.915064,0.0152764,7.04566,0.177287
6.53,1,-0.776267,-0.890599,-0.18103,5.11635,0.114332
6.53,2,-0.0131941,-0.144441,0.343788,3.24983,0.131247
6.53,3,0.420807,0.400449,-0.270826,0.366073,0.0203578
6.53,4,-0.0689165,-0.0461227,-0.142843,-0.110929,-0.0227938
6.53,5,-0.604543,-0.621764,0.291519,-0.0013499,0.0172212
6.54,0,1.09493,0.915299,0.0565562,7.01572,0.179635
6.54,1,-0.775259,-0.89242,-0.182162,5.23292,0.117161
6.54,2,-0.00819777,-0.140907,0.42279,3.1357,0.132709
6.54,3,0.418695,0.397742,-0.268459,0.370606,0.0209531
6.54,4,-0.0704212,-0.0477053,-0.28266,-0.0403972,-0.0227159
6.54,5,-0.601671,-0.618921,0.253429,0.0102205,0.0172498
6.55,0,1.09752,0.915466,0.00368055,7.27096,0.18205
6.55,1,-0.774251,-0.894242,-0.177385,5.33178,0.119991
6.55,2,-0.00320146,-0.137525,0.315561,3.39858,0.134324
6.55,3,0.416583,0.395026,-0.272424,0.37902,0.0215566
6.55,4,-0.0719258,-0.049013,-0.0958255,-0.13539,-0.0229128
6.55,5,-0.598799,-0.616012,0.30366,-0.00502929,0.0172138
6.56,0,1.1001,0.91566,0.014861,7.33294,0.184438
6.56,1,-0.773243,-0.89606,-0.180853,5.45526,0.122817
6.56,2,0.00179486,-0.134068,0.344553,3.38679,0.135863
6.56,3,0.414471,0.392311,-0.271682,0.384612,0.0221603
6.56,4,-0.0734304,-0.0504568,-0.143458,-0.11206,-0.0229736
6.56,5,-0.595926,-0.61313,0.292083,-0.0016054,0.0172039
6.57,0,1.10268,0.915898,0.0576972,7.29822,0.186783
6.57,1,-0.772235,-0.897877,-0.180106,5.56602,0.125642
6.57,2,0.00679117,-0.130534,0.422827,3.27409,0.137325
6.57,3,0.412359,0.389596,-0.268541,0.388759,0.0227634
6.57,4,-0.0749351,-0.0520447,-0.286942,-0.0396521,-0.0228904
6.57,5,-0.593054,-0.610288,0.251903,0.0105993,0.017234
6.58,0,1.10526,0.916066,0.0039907,7.5559,0.189197
6.58,1,-0.771227,-0.899697,-0.177805,5.67222,0.12847
6.58,2,0.0117875,-0.127154,0.316298,3.53564,0.138941
6.58,3,0.410248,0.386871,-0.273588,0.397917,0.0233764
6.58,4,-0.0764397,-0.0533491,-0.0958949,-0.136778,-0.0230906
6.58,5,-0.590182,-0.607378,0.303812,-0.00515885,0.0171969
6.59,0,1.10784,0.916261,0.0143894,7.62018,0.191584
6.59,1,-0.770219,-0.901511,-0.180339,5.7927,0.131292
6.59,2,0.0167838,-0.1237,0.344683,3.52515,0.140484
6.59,3,0.408136,0.384147,-0.27255,0.403419,0.0239889
6.59,4,-0.0779443,-0.054795,-0.144181,-0.113104,-0.0231493
6.59,5,-0.587309,-0.604496,0.292685,-0.00187319,0.0171864
6.6,0,1.11043,0.916501,0.0588027,7.58063,0.193926
6.6,1,-0.769211,-0.90332,-0.177863,5.89797,0.13411
6.6,2,0.0217801,-0.120171,0.422499,3.41353,0.141951
6.6,3,0.406024,0.381424,-0.268616,0.40717,0.0246001
6.6,4,-0.079449,-0.0563888,-0.291375,-0.0387933,-0.0230601
6.6,5,-0.584437,-0.601655,0.250358,0.0109828,0.0172181
6.61,0,1.11301,0.91667,0.00432318,7.84058,0.196339
6.61,1,-0.768203,-0.905135,-0.177728,6.01047,0.136932
6.61,2,0.0267764,-0.116799,0.316054,3.67516,0.143576
6.61,3,0.403912,0.378689,-0.274783,0.417097,0.0252228
6.61,4,-0.0809536,-0.0576901,-0.0958028,-0.138206,-0.0232635
6.61,5,-0.581564,-0.598744,0.303924,-0.00527744,0.01718
6.62,0,1.11559,0.916866,0.0138041,7.90758,0.198725
6.62,1,-0.767195,-0.906941,-0.179568,6.12856,0.139746
6.62,2,0.0317728,-0.113354,0.344383,3.66504,0.145127
6.62,3,0.4018,0.375956,-0.273405,0.422486,0.0258442
6.62,4,-0.0824582,-0.0591384,-0.144988,-0.114064,-0.0233198
6.62,5,-0.578692,-0.595861,0.293362,-0.00216467,0.0171688
6.63,0,1.11817,0.917109,0.0598205,7.86314,0.201065
6.63,1,-0.766187,-0.908741,-0.17553,6.22875,0.142554
6.63,2,0.0367691,-0.109835,0.422012,3.55409,0.146604
6.63,3,0.399689,0.373225,-0.268692,0.425852,0.0264637
6.63,4,-0.0839628,-0.0607385,-0.295939,-0.0378253,-0.0232244
6.63,5,-0.57582,-0.593022,0.248826,0.0113616,0.0172019
6.64,0,1.12076,0.917278,0.0589887,7.96214,0.203478
6.64,1,-0.765179,-0.910524,-0.172933,6.33263,0.145346
6.64,2,0.0417654,-0.106403,0.418429,3.60819,0.148168
6.64,3,0.397577,0.370484,-0.268961,0.432303,0.0270927
6.64,4,-0.0854675,-0.0622154,-0.30098,-0.0355269,-0.0232521
6.64,5,-0.572947,-0.590123,0.24662,0.0118937,0.017176
6.65,0,1.12334,0.917428,0.0122924,8.19951,0.20591
6.65,1,-0.764171,-0.912316,-0.17701,6.45684,0.148145
6.65,2,0.0467617,-0.103064,0.344311,3.80615,0.149826
6.65,3,0.395465,0.367732,-0.275214,0.442462,0.0277334
6.65,4,-0.0869721,-0.0635539,-0.15458,-0.110056,-0.0234182
6.65,5,-0.570075,-0.587214,0.292342,-0.00200837,0.0171389
6.66,0,1.12592,0.917601,0.0124461,8.29542,0.208319
6.66,1,-0.763162,-0.914089,-0.176825,6.56755,0.150927
6.66,2,0.051758,-0.0996574,0.343841,3.85478,0.151415
6.66,3,0.393353,0.364979,-0.27587,0.449265,0.0283744
6.66,4,-0.0884767,-0.065082,-0.156702,-0.108807,-0.0233947
6.66,5,-0.567203,-0.584346,0.291495,-0.00173226,0.0171433
6.67,0,1.1285,0.917774,0.00506025,8.41395,0.210728
6.67,1,-0.762154,-0.91586,-0.175065,6.67341,0.153705
6.67,2,0.0567543,-0.0962533,0.310449,3.96933,0.153008
6.67,3,0.391241,0.362221,-0.277966,0.456982,0.0290203
6.67,4,-0.0899814,-0.066642,-0.103579,-0.134926,-0.0233394
6.67,5,-0.56433,-0.581492,0.299422,-0.00401791,0.0171617
6.68,0,1.13108,0.917922,0.00507773,8.51127,0.213163
6.68,1,-0.761146,-0.917629,-0.174222,6.78197,0.156483
6.68,2,0.0617506,-0.0928326,0.308644,4.02021,0.154583
6.68,3,0.389129,0.35946,-0.278122,0.46357,0.0296696
6.68,4,-0.091486,-0.0682338,-0.105817,-0.133109,-0.0232522
6.68,5,-0.561458,-0.578624,0.297186,-0.00332516,0.0171661
6.69,0,1.13367,0.918073,0.0122432,8.58701,0.215594
6.69,1,-0.760138,-0.919403,-0.177135,6.90199,0.159265
6.69,2,0.066747,-0.0894077,0.34456,3.99552,0.156155
6.69,3,0.387018,0.356698,-0.276267,0.468959,0.0303199
6.69,4,-0.0929906,-0.0698248,-0.163282,-0.103686,-0.0231659
6.69,5,-0.558586,-0.57576,0.28754,-0.000389697,0.0171745
6.7,0,1.13625,0.918222,0.0123659,8.68398,0.218027
6.7,1,-0.75913,-0.921171,-0.177158,7.0131,0.162041
6.7,2,0.0717433,-0.0859912,0.344399,4.04324,0.157734
6.7,3,0.384906,0.353935,-0.276512,0.475617,0.030971
6.7,4,-0.0944953,-0.0714379,-0.163872,-0.102524,-0.0230574
6.7,5,-0.555713,-0.572913,0.28699,-0.000100138,0.0171994
6.71,0,1.13883,0.918345,0.0122885,8.78259,0.220486
6.71,1,-0.758122,-0.922939,-0.176368,7.12176,0.164816
6.71,2,0.0767396,-0.0825539,0.342862,4.09308,0.159293
6.71,3,0.382794,0.35117,-0.276435,0.482101,0.031624
6.71,4,-0.0959999,-0.0730895,-0.164891,-0.100838,-0.0229104
6.71,5,-0.552841,-0.570056,0.284916,0.000598296,0.0172146
6.72,0,1.14141,0.918494,0.0122389,8.88003,0.222919
6.72,1,-0.757114,-0.924713,-0.177935,7.23774,0.167598
6.72,2,0.0817359,-0.0791273,0.345957,4.13398,0.160863
6.72,3,0.380682,0.348407,-0.276137,0.488434,0.0322752
6.72,4,-0.0975045,-0.0747163,-0.165795,-0.0994083,-0.0227882
6.72,5,-0.549969,-0.567221,0.285179,0.000707876,0.0172523
6.73,0,1.144,0.918616,0.0121541,8.97871,0.225379
6.73,1,-0.756106,-0.926489,-0.177499,7.34783,0.170383
6.73,2,0.0867322,-0.0756723,0.345173,4.18179,0.162405
6.73,3,0.37857,0.345647,-0.275979,0.494821,0.0329233
6.73,4,-0.0990092,-0.0763765,-0.166029,-0.0980472,-0.0226327
6.73,5,-0.547096,-0.564376,0.284159,0.00115027,0.0172796
6.74,0,1.14658,0.918738,0.0121768,9.07706,0.22784
6.74,1,-0.755098,-0.928265,-0.177667,7.45967,0.173167
6.74,2,0.0917285,-0.0722202,0.345407,4.22765,0.163949
6.74,3,0.376459,0.342887,-0.275995,0.501312,0.0335715
6.74,4,-0.100514,-0.078035,-0.165672,-0.0969939,-0.0224788
6.74,5,-0.544224,-0.561536,0.283869,0.00139985,0.0173121
6.75,0,1.14916,0.918859,0.0121464,9.17558,0.2303
6.75,1,-0.75409,-0.930044,-0.178123,7.57252,0.175954
6.75,2,0.0967249,-0.0687615,0.34626,4.27207,0.165486
6.75,3,0.374347,0.340129,-0.275672,0.507585,0.0342182
6.75,4,-0.102018,-0.0796873,-0.164758,-0.0962704,-0.0223312
6.75,5,-0.541352,-0.558698,0.283756,0.0016052,0.0173464
6.76,0,1.15174,0.918981,0.0121186,9.2741,0.232761
6.76,1,-0.753082,-0.931827,-0.178499,7.68531,0.178745
6.76,2,0.101721,-0.0652949,0.346917,4.31665,0.167016
6.76,3,0.372235,0.337376,-0.274951,0.513565,0.0348595
6.76,4,-0.103523,-0.0813268,-0.163209,-0.0959656,-0.0221962
6.76,5,-0.538479,-0.555861,0.283648,0.00181433,0.0173818
6.77,0,1.15432,0.919102,0.0120749,9.37268,0.235223
6.77,1,-0.752074,-0.933612,-0.178428,7.79683,0.181539
6.77,2,0.106717,-0.0618259,0.346708,4.36289,0.168543
6.77,3,0.370123,0.334632,-0.273823,0.519207,0.0354913
6.77,4,-0.105028,-0.0829476,-0.161062,-0.0961102,-0.0220801
6.77,5,-0.535607,-0.553025,0.283558,0.00202352,0.0174182
6.78,0,1.15691,0.919222,0.0120154,9.47133,0.237684
6.78,1,-0.751066,-0.935393,-0.177598,7.90588,0.184327
6.78,2,0.111714,-0.0583666,0.345037,4.41234,0.17008
6.78,3,0.368011,0.331902,-0.272341,0.524503,0.0361098
6.78,4,-0.106532,-0.084544,-0.158408,-0.096703,-0.0219884
6.78,5,-0.532735,-0.55019,0.283516,0.00222112,0.0174552
6.79,0,1.15949,0.919342,0.011943,9.57004,0.240147
6.79,1,-0.750058,-0.93716,-0.175761,8.01136,0.187102
6.79,2,0.11671,-0.0549342,0.341438,4.46645,0.171644
6.79,3,0.3659,0.329188,-0.270581,0.529468,0.0367119
6.79,4,-0.108037,-0.0861117,-0.155387,-0.0977092,-0.0219253
6.79,5,-0.529862,-0.547354,0.283557,0.00239424,0.0174923
6.8,0,1.16207,0.919519,0.0119123,9.66634,0.242552
6.8,1,-0.74905,-0.938881,-0.168063,8.09745,0.189832
6.8,2,0.121706,-0.0516173,0.326663,4.54639,0.173324
6.8,3,0.363788,0.326492,-0.27001,0.534967,0.0372962
6.8,4,-0.109542,-0.0875758,-0.139704,-0.105874,-0.0219658
6.8,5,-0.52699,-0.54455,0.289975,0.000807407,0.01756
6.81,0,1.16465,0.919781,0.0670715,9.59366,0.244872
6.81,1,-0.748042,-0.940554,-0.15822,8.17516,0.192512
6.81,2,0.126703,-0.0483048,0.410509,4.42921,0.175008
6.81,3,0.361676,0.323808,-0.258997,0.534081,0.0378683
6.81,4,-0.111046,-0.0890666,-0.307715,-0.021979,-0.0219796
6.81,5,-0.524118,-0.541749,0.239088,0.0164303,0.0176313
6.82,0,1.16724,0.919964,0.00547393,9.87441,0.247271
6.82,1,-0.747034,-0.942247,-0.164443,8.30188,0.195214
6.82,2,0.131699,-0.0451721,0.289285,4.72757,0.176871
6.82,3,0.359564,0.321105,-0.272474,0.548079,0.0384594
6.82,4,-0.112551,-0.0901322,-0.0687995,-0.14495,-0.0224187
6.82,5,-0.521245,-0.538812,0.309269,-0.00494418,0.0175673
6.83,0,1.16982,0.920175,0.0119516,9.94984,0.249642
6.83,1,-0.746025,-0.943927,-0.16693,8.41685,0.197901
6.83,2,0.136695,-0.0419482,0.324454,4.7104,0.178644
6.83,3,0.357452,0.318411,-0.270125,0.552493,0.0390418
6.83,4,-0.114055,-0.091353,-0.123736,-0.119752,-0.0227024
6.83,5,-0.518373,-0.535881,0.302502,-0.00321193,0.0175077
6.84,0,1.1724,0.920444,0.0686525,9.87228,0.251956
6.84,1,-0.745017,-0.945593,-0.156942,8.49383,0.200575
6.84,2,0.141692,-0.0386439,0.41226,4.58555,0.180336
6.84,3,0.355341,0.315725,-0.258354,0.551168,0.0396156
6.84,4,-0.11556,-0.0927484,-0.30725,-0.0288686,-0.0228117
6.84,5,-0.5155,-0.532996,0.243318,0.0144816,0.0174954
6.85,0,1.17498,0.920664,0.00580349,10.1553,0.254317
6.85,1,-0.744009,-0.947281,-0.16567,8.62788,0.203272
6.85,2,0.146688,-0.0355376,0.291564,4.88364,0.182226
6.85,3,0.353229,0.313008,-0.275227,0.567341,0.0402206
6.85,4,-0.117065,-0.0937651,-0.0703552,-0.15122,-0.0232997
6.85,5,-0.512628,-0.530034,0.315152,-0.0075168,0.0174058
6.86,0,1.17756,0.920946,0.00595851,10.2469,0.256618
6.86,1,-0.743001,-0.948969,-0.165578,8.73544,0.205968
6.86,2,0.151684,-0.0323267,0.291406,4.93752,0.184011
6.86,3,0.351117,0.310285,-0.277094,0.574575,0.0408318
6.86,4,-0.118569,-0.0949922,-0.072701,-0.152267,-0.0235772
6.86,5,-0.509756,-0.527106,0.317137,-0.00838985,0.0173502
6.87,0,1.18015,0.92123,0.00611329,10.3383,0.258916
6.87,1,-0.741993,-0.950654,-0.16498,8.84138,0.208661
6.87,2,0.156681,-0.0291206,0.290286,4.99347,0.185801
6.87,3,0.349005,0.307545,-0.278973,0.581987,0.0414603
6.87,4,-0.120074,-0.0962436,-0.0748776,-0.153205,-0.0238304
6.87,5,-0.506883,-0.524168,0.317952,-0.00896025,0.017285
6.88,0,1.18273,0.921518,0.00627189,10.4296,0.26121
6.88,1,-0.740985,-0.952334,-0.164255,8.94673,0.211349
6.88,2,0.161677,-0.025923,0.288925,5.05015,0.1876
6.88,3,0.346893,0.304787,-0.280944,0.589634,0.0421067
6.88,4,-0.121579,-0.0975199,-0.0770693,-0.153936,-0.0240588
6.88,5,-0.504011,-0.521229,0.318163,-0.00935711,0.0172183
6.89,0,1.18531,0.92181,0.00643315,10.5207,0.2635
6.89,1,-0.739977,-0.954009,-0.163466,9.05167,0.214032
6.89,2,0.166673,-0.0227351,0.28745,5.10735,0.189408
6.89,3,0.344781,0.30201,-0.282979,0.597506,0.0427719
6.89,4,-0.123083,-0.0988208,-0.0791791,-0.15451,-0.0242625
6.89,5,-0.501139,-0.518293,0.318039,-0.00963899,0.0171546
6.9,0,1.18789,0.922106,0.00659495,10.6117,0.265787
6.9,1,-0.738969,-0.955678,-0.162643,9.15627,0.216709
6.9,2,0.17167,-0.0195575,0.285913,5.16499,0.191227
6.9,3,0.34267,0.299213,-0.285029,0.605579,0.0434562
6.9,4,-0.124588,-0.100145,-0.0811209,-0.154981,-0.0244427
6.9,5,-0.498266,-0.515363,0.317738,-0.00984031,0.0170962
6.91,0,1.19047,0.922404,0.00675532,10.7025,0.26807
6.91,1,-0.737961,-0.95734,-0.1618,9.26057,0.219379
6.91,2,0.176666,-0.0163905,0.284339,5.22301,0.193056
6.91,3,0.340558,0.296398,-0.287048,0.613823,0.0441594
6.91,4,-0.126093,-0.101491,-0.0828374,-0.155393,-0.0246014
6.91,5,-0.495394,-0.512438,0.317357,-0.00998483,0.0170445
6.92,0,1.19306,0.922707,0.00691271,10.7933,0.27035
6.92,1,-0.736953,-0.958997,-0.160944,9.36458,0.222044
6.92,2,0.181662,-0.0132341,0.282744,5.2814,0.194896
6.92,3,0.338446,0.293565,-0.289003,0.622212,0.0448811
6.92,4,-0.127597,-0.102856,-0.0842985,-0.155779,-0.024741
6.92,5,-0.492522,-0.509521,0.316965,-0.0100906,0.0169998
6.93,0,1.19564,0.923013,0.00706608,10.8838,0.272626
6.93,1,-0.735945,-0.960647,-0.16008,9.46833,0.224702
6.93,2,0.186659,-0.0100882,0.281136,5.34013,0.196747
6.93,3,0.336334,0.290714,-0.290868,0.630725,0.0456204
6.93,4,-0.129102,-0.104238,-0.0854963,-0.156163,-0.0248638
6.93,5,-0.489649,-0.506611,0.316608,-0.0101718,0.0169621
6.94,0,1.19822,0.923323,0.00721482,10.9743,0.274899
6.94,1,-0.734937,-0.962292,-0.159212,9.57183,0.227355
6.94,2,0.191655,-0.00695279,0.27952,5.39919,0.198608
6.94,3,0.334222,0.287846,-0.292632,0.639343,0.0463764
6.94,4,-0.130606,-0.105634,-0.0864382,-0.156562,-0.0249726
6.94,5,-0.486777,-0.503708,0.316313,-0.0102394,0.0169309
6.95,0,1.2008,0.923636,0.00735866,11.0646,0.277168
6.95,1,-0.733929,-0.96393,-0.158341,9.67507,0.230001
6.95,2,0.196651,-0.00382767,0.277899,5.45857,0.200479
6.95,3,0.332111,0.284963,-0.294287,0.648052,0.0471479
6.95,4,-0.132111,-0.107042,-0.0871416,-0.156986,-0.0250696
6.95,5,-0.483905,-0.50081,0.316098,-0.010302,0.0169055
6.96,0,1.20339,0.923953,0.00749762,11.1548,0.279433
6.96,1,-0.732921,-0.965563,-0.157468,9.77808,0.232642
6.96,2,0.201647,-0.000712672,0.276276,5.51825,0.20236
6.96,3,0.329999,0.282065,-0.295837,0.656841,0.0479339
6.96,4,-0.133616,-0.108459,-0.0876303,-0.157441,-0.025157
6.96,5,-0.481032,-0.497917,0.31597,-0.0103659,0.016885
6.97,0,1.20597,0.924273,0.00763191,11.2449,0.281695
6.97,1,-0.731913,-0.967189,-0.156594,9.88085,0.235277
6.97,2,0.206644,0.00239236,0.274652,5.57824,0.204251
6.97,3,0.327887,0.279154,-0.297284,0.665704,0.0487334
6.97,4,-0.13512,-0.109884,-0.0879307,-0.157929,-0.0252368
6.97,5,-0.47816,-0.495029,0.315931,-0.0104357,0.0168687
6.98,0,1.20855,0.924596,0.00776189,11.3349,0.283954
6.98,1,-0.730905,-0.96881,-0.155719,9.98339,0.237906
6.98,2,0.21164,0.00548761,0.273026,5.63852,0.206153
6.98,3,0.325775,0.27623,-0.298639,0.674636,0.0495452
6.98,4,-0.136625,-0.111314,-0.0880696,-0.15845,-0.0253106
6.98,5,-0.475288,-0.492143,0.315976,-0.0105144,0.0168557
6.99,0,1.21113,0.924923,0.00788798,11.4247,0.286209
6.99,1,-0.729897,-0.970426,-0.154843,10.0857,0.240529
6.99,2,0.216636,0.00857325,0.271399,5.6991,0.208063
6.99,3,0.323663,0.273295,-0.299911,0.683633,0.0503686
6.99,4,-0.13813,-0.11275,-0.088073,-0.159002,-0.0253799
6.99,5,-0.472415,-0.48926,0.3161,-0.0106039,0.0168452
7,0,1.21371,0.925254,0.00801067,11.5144,0.288461
7,1,-0.728889,-0.972036,-0.153966,10.1878,0.243147
7,2,0.221633,0.0116494,0.269772,5.75996,0.209983
7,3,0.321552,0.270349,-0.301112,0.692695,0.0512028
7,4,-0.139634,-0.114189,-0.0879647,-0.159583,-0.0254457
7,5,-0.469543,-0.486379,0.316293,-0.010705,0.0168366
7.01,0,1.2163,0.925588,0.00813046,11.604,0.290709
7.01,1,-0.72788,-0.973641,-0.153087,10.2897,0.24576
7.01,2,0.226629,0.0147163,0.268143,5.8211,0.211913
7.01,3,0.31944,0.267393,-0.302254,0.701823,0.0520471
7.01,4,-0.141139,-0.11563,-0.0877661,-0.16019,-0.0255091
7.01,5,-0.466671,-0.4835,0.316547,-0.0108181,0.0168292
7.02,0,1.21888,0.925925,0.00824782,11.6934,0.292954
7.02,1,-0.726872,-0.97524,-0.152207,10.3913,0.248367
7.02,2,0.231625,0.0177741,0.266513,5.88251,0.213851
7.02,3,0.317328,0.264427,-0.303347,0.711016,0.0529008
7.02,4,-0.142643,-0.117073,-0.0874957,-0.160818,-0.0255707
7.02,5,-0.463798,-0.480621,0.316851,-0.0109428,0.0168225
7.03,0,1.22146,0.926266,0.0083632,11.7827,0.295195
7.03,1,-0.725864,-0.976834,-0.151325,10.4927,0.250969
7.03,2,0.236622,0.0208229,0.264882,5.9442,0.215799
7.03,3,0.315216,0.261452,-0.304402,0.720278,0.0537637
7.03,4,-0.144148,-0.118517,-0.0871692,-0.161465,-0.0256312
7.03,5,-0.460926,-0.477742,0.317196,-0.0110784,0.0168161
7.04,0,1.22404,0.92661,0.00847701,11.8719,0.297434
7.04,1,-0.724856,-0.978422,-0.15044,10.594,0.253566
7.04,2,0.241618,0.0238628,0.263249,6.00616,0.217755
7.04,3,0.313104,0.258469,-0.305429,0.729611,0.0546354
7.04,4,-0.145653,-0.119962,-0.0867998,-0.162127,-0.0256909
7.04,5,-0.458053,-0.474863,0.317575,-0.011224,0.0168097
7.05,0,1.22663,0.926957,0.00858962,11.961,0.299668
7.05,1,-0.723848,-0.980006,-0.149554,10.695,0.256158
7.05,2,0.246614,0.0268941,0.261616,6.06838,0.21972
7.05,3,0.310993,0.255477,-0.306436,0.739017,0.0555155
7.05,4,-0.147157,-0.121407,-0.086398,-0.162803,-0.0257502
7.05,5,-0.455181,-0.471984,0.317979,-0.0113788,0.016803
7.06,0,1.22921,0.927308,0.00870133,12.0499,0.3019
7.06,1,-0.72284,-0.981584,-0.148665,10.7958,0.258744
7.06,2,0.251611,0.0299168,0.259981,6.13085,0.221694
7.06,3,0.308881,0.252477,-0.30743,0.748498,0.056404
7.06,4,-0.148662,-0.122853,-0.0859724,-0.163488,-0.0258093
7.06,5,-0.452309,-0.469105,0.318402,-0.0115415,0.0167958
7.07,0,1.23179,0.927662,0.00881241,12.1387,0.304128
7.07,1,-0.721832,-0.983158,-0.147775,10.8964,0.261326
7.07,2,0.256607,0.032931,0.258346,6.19359,0.223676
7.07,3,0.306769,0.249468,-0.308418,0.758058,0.0573007
7.07,4,-0.150167,-0.124298,-0.0855296,-0.164182,-0.0258684
7.07,5,-0.449436,-0.466224,0.318838,-0.0117113,0.016788
7.08,0,1.23437,0.92802,0.00892307,12.2273,0.306352
7.08,1,-0.720824,-0.984726,-0.146882,10.9967,0.263902
7.08,2,0.261603,0.035937,0.25671,6.25657,0.225666
7.08,3,0.304657,0.246452,-0.309405,0.767698,0.0582055
7.08,4,-0.151671,-0.125744,-0.0850746,-0.164882,-0.0259275
7.08,5,-0.446564,-0.463344,0.319284,-0.0118871,0.0167796
7.09,0,1.23695,0.928381,0.00903349,12.3158,0.308573
7.09,1,-0.719816,-0.98629,-0.145987,11.0969,0.266474
7.09,2,0.2666,0.0389348,0.255073,6.3198,0.227665
7.09,3,0.302545,0.243427,-0.310395,0.777422,0.0591185
7.09,4,-0.153176,-0.127189,-0.0846114,-0.165588,-0.0259867
7.09,5,-0.443692,-0.460462,0.319736,-0.0120681,0.0167705
7.1,0,1.23954,0.928746,0.00914379,12.4042,0.310791
7.1,1,-0.718808,-0.987849,-0.14509,11.1969,0.269041
7.1,2,0.271596,0.0419245,0.253437,6.38327,0.229671
7.1,3,0.300433,0.240394,-0.31139,0.787231,0.0600397
7.1,4,-0.154681,-0.128635,-0.0841426,-0.166297,-0.026046
7.1,5,-0.440819,-0.45758,0.320191,-0.0122536,0.0167608
7.11,0,1.24212,0.929114,0.00925407,12.4924,0.313005
7.11,1,-0.7178,-0.989402,-0.144191,11.2967,0.271602
7.11,2,0.276592,0.0449064,0.2518,6.44698,0.231686
7.11,3,0.298322,0.237353,-0.312393,0.797127,0.0609691
7.11,4,-0.156185,-0.13008,-0.0836702,-0.167008,-0.0261054
7.11,5,-0.437947,-0.454697,0.320648,-0.0124428,0.0167503
7.12,0,1.2447,0.929486,0.00936439,12.5805,0.315215
7.12,1,-0.716792,-0.990951,-0.14329,11.3963,0.27416
7.12,2,0.281589,0.0478804,0.250165,6.51092,0.233708
7.12,3,0.29621,0.234303,-0.313407,0.807111,0.0619067
7.12,4,-0.15769,-0.131525,-0.0831955,-0.167722,-0.026165
7.12,5,-0.435075,-0.451814,0.321104,-0.0126353,0.0167392
7.13,0,1.24728,0.929861,0.00947481,12.6685,0.317422
7.13,1,-0.715784,-0.992496,-0.142388,11.4956,0.276712
7.13,2,0.286585,0.0508468,0.24853,6.57508,0.235738
7.13,3,0.294098,0.231245,-0.314431,0.817187,0.0628528
7.13,4,-0.159194,-0.13297,-0.0827194,-0.168438,-0.0262247
7.13,5,-0.432202,-0.44893,0.32156,-0.0128305,0.0167275
7.14,0,1.24987,0.93024,0.00958533,12.7563,0.319625
7.14,1,-0.714776,-0.994035,-0.141484,11.5948,0.27926
7.14,2,0.291581,0.0538056,0.246896,6.63948,0.237776
7.14,3,0.291986,0.228179,-0.315467,0.827354,0.0638074
7.14,4,-0.160699,-0.134415,-0.0822425,-0.169154,-0.0262845
7.14,5,-0.42933,-0.446045,0.322015,-0.0130283,0.0167153
7.15,0,1.25245,0.930622,0.00969598,12.8439,0.321825
7.15,1,-0.713768,-0.99557,-0.140578,11.6938,0.281803
7.15,2,0.296577,0.056757,0.245264,6.70409,0.239821
7.15,3,0.289874,0.225104,-0.316515,0.837614,0.0647705
7.15,4,-0.162204,-0.135859,-0.0817649,-0.169872,-0.0263443
7.15,5,-0.426458,-0.44316,0.322469,-0.0132282,0.0167025
7.16,0,1.25503,0.931008,0.00980673,12.9314,0.324022
7.16,1,-0.71276,-0.997101,-0.139671,11.7927,0.284341
7.16,2,0.301574,0.059701,0.243634,6.76891,0.241873
7.16,3,0.287763,0.22202,-0.317575,0.847967,0.0657423
7.16,4,-0.163708,-0.137304,-0.081287,-0.170589,-0.0264041
7.16,5,-0.423585,-0.440275,0.322923,-0.0134302,0.0166893
7.17,0,1.25761,0.931398,0.00991759,13.0188,0.326214
7.17,1,-0.711752,-0.998627,-0.138763,11.8913,0.286875
7.17,2,0.30657,0.0626379,0.242006,6.83395,0.243932
7.17,3,0.285651,0.218928,-0.318647,0.858416,0.0667228
7.17,4,-0.165213,-0.138749,-0.0808086,-0.171307,-0.026464
7.17,5,-0.420713,-0.437389,0.323376,-0.013634,0.0166757
7.18,0,1.26019,0.931791,0.0100285,13.106,0.328403
7.18,1,-0.710744,-1.00015,-0.137854,11.9897,0.289404
7.18,2,0.311566,0.0655678,0.240381,6.8992,0.245999
7.18,3,0.283539,0.215827,-0.31973,0.86896,0.0677122
7.18,4,-0.166718,-0.140194,-0.0803299,-0.172025,-0.0265238
7.18,5,-0.417841,-0.434502,0.323829,-0.0138397,0.0166618
7.19,0,1.26278,0.932188,0.0101395,13.1931,0.330589
7.19,1,-0.709735,-1.00166,-0.136944,12.088,0.291929
7.19,2,0.316563,0.0684907,0.238758,6.96465,0.248072
7.19,3,0.281427,0.212717,-0.320824,0.879601,0.0687106
7.19,4,-0.168222,-0.141639,-0.0798507,-0.172743,-0.0265836
7.19,5,-0.414968,-0.431616,0.324284,-0.0140472,0.0166476
7.2,0,1.26536,0.932588,0.0102505,13.2801,0.33277
7.2,1,-0.708727,-1.00318,-0.136032,12.1861,0.29445
7.2,2,0.321559,0.0714067,0.237139,7.03029,0.250152
7.2,3,0.279315,0.209597,-0.32193,0.890338,0.069718
7.2,4,-0.169727,-0.143084,-0.079371,-0.173461,-0.0266433
7.2,5,-0.412096,-0.428729,0.324739,-0.0142566,0.016633
7.21,0,1.26794,0.932992,0.0103614,13.3668,0.334948
7.21,1,-0.707719,-1.00469,-0.135121,12.284,0.296966
7.21,2,0.326555,0.0743161,0.235523,7.09613,0.252239
7.21,3,0.277204,0.206469,-0.323045,0.901173,0.0707346
7.21,4,-0.171232,-0.144528,-0.0788909,-0.174179,-0.026703
7.21,5,-0.409224,-0.425842,0.325197,-0.0144677,0.0166182
7.22,0,1.27052,0.9334,0.0104724,13.4535,0.337122
7.22,1,-0.706711,-1.00619,-0.134208,12.3817,0.299478
7.22,2,0.331552,0.0772188,0.23391,7.16217,0.254333
7.22,3,0.275092,0.203331,-0.32417,0.912105,0.0717603
7.22,4,-0.172736,-0.145974,-0.0784104,-0.174896,-0.0267626
7.22,5,-0.406351,-0.422954,0.325657,-0.0146808,0.0166032
7.23,0,1.2731,0.933812,0.0105832,13.54,0.339293
7.23,1,-0.705703,-1.00769,-0.133296,12.4793,0.301985
7.23,2,0.336548,0.080115,0.232301,7.22839,0.256433
7.23,3,0.27298,0.200185,-0.325305,0.923136,0.0727953
7.23,4,-0.174241,-0.147419,-0.0779294,-0.175612,-0.0268221
7.23,5,-0.403479,-0.420067,0.326119,-0.0148958,0.016588
7.24,0,1.27569,0.934227,0.010694,13.6263,0.34146
7.24,1,-0.704695,-1.00918,-0.132383,12.5767,0.304488
7.24,2,0.341544,0.0830049,0.230697,7.29479,0.258539
7.24,3,0.270868,0.197028,-0.326448,0.934265,0.0738396
7.24,4,-0.175745,-0.148864,-0.077448,-0.176328,-0.0268816
7.24,5,-0.400607,-0.417179,0.326586,-0.0151128,0.0165726
7.25,0,1.27827,0.934647,0.0108046,13.7125,0.343623
7.25,1,-0.703687,-1.01067,-0.131469,12.6739,0.306987
7.25,2,0.346541,0.0858885,0.229097,7.36137,0.260652
7.25,3,0.268756,0.193863,-0.327601,0.945494,0.0748934
7.25,4,-0.17725,-0.150309,-0.0769664,-0.177044,-0.0269409
7.25,5,-0.397734,-0.414291,0.327056,-0.0153319,0.016557
7.26,0,1.28085,0.93507,0.0109151,13.7985,0.345782
7.26,1,-0.702679,-1.01216,-0.130556,12.7709,0.309482
7.26,2,0.351537,0.088766,0.227502,7.42812,0.262771
7.26,3,0.266644,0.190688,-0.328761,0.956823,0.0759566
7.26,4,-0.178755,-0.151755,-0.0764847,-0.177758,-0.0270001
7.26,5,-0.394862,-0.411403,0.32753,-0.0155532,0.0165412
7.27,0,1.28343,0.935496,0.0110254,13.8844,0.347937
7.27,1,-0.701671,-1.01364,-0.129642,12.8678,0.311972
7.27,2,0.356533,0.0916374,0.225912,7.49505,0.264896
7.27,3,0.264533,0.187503,-0.329929,0.968251,0.0770293
7.27,4,-0.180259,-0.1532,-0.076003,-0.178472,-0.0270592
7.27,5,-0.391989,-0.408515,0.328009,-0.0157766,0.0165252
7.28,0,1.28602,0.937252,0.440887,12.6279,0.348764
7.28,1,-0.700663,-1.01484,-0.0136461,12.6079,0.314174
7.28,2,0.36153,0.0963961,0.769143,6.41572,0.265133
7.28,3,0.262421,0.185004,-0.118721,0.845405,0.0774172
7.28,4,-0.181764,-0.158416,-1.20618,0.416303,-0.0233484
7.28,5,-0.389117,-0.407266,-0.172935,0.142627,0.0181492
7.29,0,1.2886,0.945028,1.0356,10.636,0.34357
7.29,1,-0.699655,-1.01257,0.418994,11.2595,0.312911
7.29,2,0.366526,0.1047,0.896455,6.06187,0.261826
7.29,3,0.260309,0.184768,0.0426258,0.729832,0.0755408
7.29,4,-0.183269,-0.174413,-1.87117,0.864742,-0.00885545
7.29,5,-0.386245,-0.410764,-0.431661,0.252096,0.0245195
7.3,0,1.29118,0.958053,1.50184,8.81957,0.333127
7.3,1,-0.698647,-1.00633,0.778617,9.97142,0.307682
7.3,2,0.371522,0.114398,1.03029,5.65314,0.257124
7.3,3,0.258197,0.185783,0.146412,0.636295,0.0724142
7.3,4,-0.184773,-0.194463,-2.05156,1.1033,0.00968947
7.3,5,-0.383372,-0.414985,-0.386528,0.27402,0.0316124
7.31,0,1.29376,0.973152,1.52999,8.23445,0.320611
7.31,1,-0.697639,-0.997712,0.877616,9.3701,0.300074
7.31,2,0.376519,0.123657,0.961046,5.66374,0.252861
7.31,3,0.256085,0.187933,0.262136,0.524244,0.0681526
7.31,4,-0.186278,-0.209973,-1.26968,0.824399,0.0236951
7.31,5,-0.3805,-0.416811,-0.0425857,0.194332,0.0363112
7.32,0,1.29634,0.988289,1.50984,7.79273,0.308056
7.32,1,-0.696631,-0.988803,0.89963,8.98799,0.292172
7.32,2,0.381515,0.13312,0.953965,5.54392,0.248395
7.32,3,0.253974,0.191068,0.349649,0.419264,0.0629053
7.32,4,-0.187782,-0.218801,-0.624785,0.560543,0.0310188
7.32,5,-0.377628,-0.415666,0.221202,0.123831,0.0380383
7.33,0,1.29893,1.00338,1.49298,7.34303,0.295549
7.33,1,-0.695623,-0.979777,0.908387,8.64101,0.284154
7.33,2,0.386511,0.14295,0.973871,5.35908,0.243561
7.33,3,0.251862,0.194877,0.403014,0.328043,0.0569851
7.33,4,-0.189287,-0.222718,-0.174907,0.3549,0.0334308
7.33,5,-0.374755,-0.412487,0.396532,0.0696981,0.0377315
7.34,0,1.30151,1.0185,1.51514,6.77494,0.283009
7.34,1,-0.694615,-0.970091,1.06597,7.82114,0.275476
7.34,2,0.391507,0.154642,1.20712,4.69173,0.236866
7.34,3,0.24975,0.199504,0.503546,0.200337,0.0502465
7.34,4,-0.190792,-0.226439,-0.417054,0.493704,0.0356471
7.34,5,-0.371883,-0.408358,0.438698,0.0507655,0.036475
7.35,0,1.30409,1.03361,1.52587,6.24162,0.270481
7.35,1,-0.693607,-0.959124,1.10242,7.31343,0.265518
7.35,2,0.396504,0.166464,1.23455,4.43208,0.230039
7.35,3,0.247638,0.204446,0.482349,0.14251,0.0431919
7.35,4,-0.192296,-0.228944,-0.218526,0.402444,0.0366476
7.35,5,-0.369011,-0.403354,0.529359,0.0129072,0.034343
7.36,0,1.30581,1.04872,1.50724,5.76186,0.257089
7.36,1,-0.69281,-0.947923,1.12943,6.81624,0.255114
7.36,2,0.401492,0.17851,1.20864,4.27218,0.222982
7.36,3,0.245585,0.209069,0.443461,0.099087,0.0365164
7.36,4,-0.193992,-0.230055,-0.0793885,0.328202,0.0360634
7.36,5,-0.365979,-0.397644,0.591467,-0.0191137,0.0316653
7.37,0,1.30742,1.0638,1.51757,5.19235,0.243627
7.37,1,-0.692036,-0.936542,1.14111,6.35691,0.244506
7.37,2,0.40648,0.190816,1.27727,3.91536,0.215663
7.37,3,0.243539,0.213234,0.394183,0.066536,0.0303046
7.37,4,-0.195708,-0.23106,-0.161397,0.363507,0.0353511
7.37,5,-0.362929,-0.391647,0.594528,-0.0347675,0.0287182
7.38,0,1.30904,1.07887,1.50341,4.69657,0.23017
7.38,1,-0.691263,-0.923646,1.41051,5.06378,0.232383
7.38,2,0.411467,0.204703,1.45631,3.29032,0.206764
7.38,3,0.241492,0.217601,0.455317,-0.0342737,0.0238916
7.38,4,-0.197425,-0.234866,-0.505892,0.552476,0.0374413
7.38,5,-0.359879,-0.386145,0.529693,-0.0275796,0.0262657
7.39,0,1.31066,1.0939,1.49359,4.18957,0.216758
7.39,1,-0.69049,-0.908254,1.66143,3.7263,0.217765
7.39,2,0.416455,0.219238,1.39061,3.13528,0.197217
7.39,3,0.239446,0.222188,0.458846,-0.102735,0.0172573
7.39,4,-0.199142,-0.239435,-0.351129,0.497912,0.0402934
7.39,5,-0.356829,-0.380989,0.510386,-0.0323185,0.0241595
7.4,0,1.31228,1.10893,1.50782,3.61059,0.203351
7.4,1,-0.689716,-0.892238,1.6779,3.06716,0.202522
7.4,2,0.421442,0.235594,1.57569,2.42407,0.185848
7.4,3,0.237399,0.226566,0.422583,-0.145218,0.0108332
7.4,4,-0.200858,-0.242584,-0.14774,0.407673,0.0417254
7.4,5,-0.35378,-0.375896,0.498874,-0.0390819,0.022116
7.41,0,1.3139,1.12395,1.49967,3.09885,0.189947
7.41,1,-0.688943,-0.874923,1.73334,2.23916,0.18598
7.41,2,0.42643,0.251578,1.71064,1.82426,0.174851
7.41,3,0.235353,0.230507,0.365433,-0.170807,0.00484526
7.41,4,-0.202575,-0.243093,-0.0464682,0.347378,0.040518
7.41,5,-0.35073,-0.370858,0.511824,-0.0529043,0.0201286
7.42,0,1.31552,1.13896,1.50415,2.54969,0.176554
7.42,1,-0.68817,-0.856326,1.93087,0.933649,0.168157
7.42,2,0.431417,0.267513,1.56934,1.77846,0.163905
7.42,3,0.233306,0.233844,0.304468,-0.188059,-0.000537769
7.42,4,-0.204292,-0.242278,0.128971,0.239404,0.0379862
7.42,5,-0.34768,-0.36585,0.494022,-0.0573559,0.0181701
7.43,0,1.31713,1.15395,1.49961,2.02836,0.163179
7.43,1,-0.687396,-0.836299,2.04787,-0.187513,0.148902
7.43,2,0.436405,0.283293,1.61606,1.36122,0.153111
7.43,3,0.23126,0.236523,0.236779,-0.194697,-0.00526295
7.43,4,-0.206008,-0.240827,0.132671,0.21221,0.0348182
7.43,5,-0.34463,-0.360944,0.485219,-0.0639969,0.0163138
7.44,0,1.31875,1.16894,1.49724,1.50073,0.149811
7.44,1,-0.686623,-0.815048,2.14003,-1.28309,0.128425
7.44,2,0.441392,0.299215,1.66112,0.943067,0.142177
7.44,3,0.229213,0.238549,0.1734,-0.197394,-0.00933547
7.44,4,-0.207725,-0.239095,0.162935,0.16949,0.0313697
7.44,5,-0.341581,-0.356226,0.464525,-0.06613,0.0146455
7.45,0,1.32037,1.18393,1.49746,0.96524,0.13644
7.45,1,-0.68585,-0.794155,2.03793,-1.7816,0.108305
7.45,2,0.44638,0.317906,2.05372,-0.25324,0.128473
7.45,3,0.227167,0.239933,0.111401,-0.194501,-0.0127661
7.45,4,-0.209442,-0.238063,0.0592341,0.199352,0.0286211
7.45,5,-0.338531,-0.351678,0.447389,-0.0684831,0.0131467
7.46,0,1.32199,1.19881,1.47717,0.495763,0.123182
7.46,1,-0.685076,-0.773699,2.06314,-2.6445,0.0886229
7.46,2,0.451367,0.339041,2.12951,-0.889247,0.112326
7.46,3,0.22512,0.240786,0.0648053,-0.195537,-0.0156654
7.46,4,-0.211158,-0.236852,0.190613,0.110241,0.0256935
7.46,5,-0.335481,-0.347355,0.42012,-0.0666647,0.0118743
7.47,0,1.32361,1.2134,1.44391,0.0763868,0.110203
7.47,1,-0.684303,-0.752865,2.09698,-3.54845,0.0685621
7.47,2,0.456355,0.360339,2.12751,-1.37454,0.0960162
7.47,3,0.223074,0.241189,0.020483,-0.193441,-0.0181151
7.47,4,-0.212875,-0.23406,0.348777,-0.00490775,0.0211851
7.47,5,-0.332431,-0.343276,0.398686,-0.0653803,0.0108451
7.48,0,1.32523,1.22762,1.40161,-0.300515,0.0976081
7.48,1,-0.68353,-0.731807,2.10984,-4.39842,0.0482777
7.48,2,0.461342,0.381544,2.11331,-1.83268,0.079798
7.48,3,0.221027,0.241158,-0.0220822,-0.188056,-0.0201305
7.48,4,-0.214592,-0.229814,0.482522,-0.119484,0.0152222
7.48,5,-0.329382,-0.339391,0.380481,-0.0640973,0.0100094
7.49,0,1.32684,1.24137,1.35268,-0.639062,0.0854747
7.49,1,-0.682756,-0.710732,2.1027,-5.18906,0.0279761
7.49,2,0.46633,0.402551,2.08875,-2.26412,0.0637791
7.49,3,0.218981,0.240714,-0.0623018,-0.179948,-0.0217329
7.49,4,-0.216308,-0.224387,0.587587,-0.229166,0.00807839
7.49,5,-0.326332,-0.335682,0.363028,-0.0621559,0.00935051
7.5,0,1.32846,1.2546,1.29889,-0.942334,0.0738586
7.5,1,-0.681983,-0.689832,2.07711,-5.9174,0.00784853
7.5,2,0.471317,0.423256,2.05413,-2.66642,0.0480614
7.5,3,0.216934,0.239882,-0.0998957,-0.169536,-0.0229474
7.5,4,-0.218025,-0.218068,0.663856,-0.331583,4.31646e-05
7.5,5,-0.323282,-0.332148,0.345606,-0.0593528,0.00886579
7.51,0,1.33008,1.26728,1.24156,-1.21265,0.0628008
7.51,1,-0.68121,-0.669281,2.03453,-6.58072,-0.0119285
7.51,2,0.476305,0.443561,2.0099,-3.0375,0.0327432
7.51,3,0.214888,0.238689,-0.134648,-0.157225,-0.0238013
7.51,4,-0.219742,-0.211138,0.71302,-0.42534,-0.00860378
7.51,5,-0.320232,-0.328787,0.32825,-0.0556993,0.00855512
7.52,0,1.3317,1.27937,1.18166,-1.45172,0.0523312
7.52,1,-0.680436,-0.649244,1.97635,-7.17677,-0.0311927
7.52,2,0.481292,0.463375,1.95662,-3.37571,0.0179176
7.52,3,0.212841,0.237166,-0.166353,-0.143432,-0.0243244
7.52,4,-0.221458,-0.203853,0.737729,-0.509708,-0.0176054
7.52,5,-0.317182,-0.325599,0.311291,-0.0513066,0.00841615
7.53,0,1.33332,1.29085,1.1199,-1.66086,0.0424712
7.53,1,-0.679663,-0.629867,1.90403,-7.70393,-0.0497962
7.53,2,0.48628,0.482608,1.89495,-3.67975,0.00367152
7.53,3,0.210795,0.235343,-0.194829,-0.128582,-0.024548
7.53,4,-0.223175,-0.196441,0.741048,-0.584395,-0.026734
7.53,5,-0.314133,-0.322575,0.295147,-0.046331,0.00844264
7.54,0,1.33493,1.3017,1.05684,-1.84105,0.0332365
7.54,1,-0.67889,-0.611284,1.81902,-8.16128,-0.0676054
7.54,2,0.491267,0.501182,1.82562,-3.94869,-0.00991512
7.54,3,0.208748,0.233254,-0.219939,-0.113089,-0.0245053
7.54,4,-0.224892,-0.189099,0.726108,-0.649396,-0.0357927
7.54,5,-0.311083,-0.319707,0.280218,-0.0409445,0.00862419
7.55,0,1.33655,1.31192,0.992868,-1.9931,0.0246376
7.55,1,-0.678116,-0.593614,1.72286,-8.54867,-0.084502
7.55,2,0.496255,0.519025,1.7494,-4.1819,-0.0227699
7.55,3,0.206702,0.230932,-0.241604,-0.0973414,-0.0242304
7.55,4,-0.226608,-0.181993,0.695904,-0.704877,-0.0446157
7.55,5,-0.308033,-0.31698,0.266839,-0.0353181,0.00894675
7.56,0,1.33817,1.32149,0.928334,-2.11773,0.0166818
7.56,1,-0.677343,-0.57696,1.61714,-8.86674,-0.100383
7.56,2,0.501242,0.536071,1.66712,-4.37909,-0.0348285
7.56,3,0.204655,0.228413,-0.259811,-0.0816915,-0.0237578
7.56,4,-0.228325,-0.175259,0.653178,-0.751114,-0.0530657
7.56,5,-0.304983,-0.314377,0.25526,-0.0296112,0.00939337
7.57,0,1.33979,1.33042,0.863523,-2.21565,0.00937305
7.57,1,-0.67657,-0.561408,1.50347,-9.11687,-0.115162
7.57,2,0.50623,0.552265,1.57962,-4.54029,-0.0460349
7.57,3,0.202609,0.225731,-0.274613,-0.0664525,-0.023122
7.57,4,-0.230042,-0.169011,0.600376,-0.788436,-0.061031
7.57,5,-0.301934,-0.311879,0.24564,-0.0239666,0.0099451
7.58,0,1.34141,1.3387,0.798705,-2.28761,0.00271269
7.58,1,-0.675796,-0.547029,1.38347,-9.30113,-0.128768
7.58,2,0.511217,0.567559,1.4878,-4.66585,-0.0563417
7.58,3,0.200562,0.222919,-0.286118,-0.0518939,-0.0223565
7.58,4,-0.231758,-0.163335,0.539646,-0.817208,-0.0684232
7.58,5,-0.298884,-0.309466,0.238056,-0.0185074,0.0105819
7.59,0,1.34303,1.34633,0.734145,-2.33446,-0.00330068
7.59,1,-0.675023,-0.533877,1.25879,-9.42223,-0.141147
7.59,2,0.516205,0.581915,1.39257,-4.75646,-0.0657109
7.59,3,0.198516,0.220009,-0.294484,-0.0382419,-0.0214932
7.59,4,-0.233475,-0.158302,0.472853,-0.837812,-0.0751732
7.59,5,-0.295834,-0.307117,0.232509,-0.0133364,0.0112832
7.6,0,1.34464,1.35332,0.670118,-2.3572,-0.00867116
7.6,1,-0.67425,-0.52199,1.13101,-9.48343,-0.15226
7.6,2,0.521192,0.595305,1.29486,-4.81313,-0.0741133
7.6,3,0.196469,0.217032,-0.299912,-0.0256796,-0.0205627
7.6,4,-0.235192,-0.153962,0.40162,-0.850647,-0.0812296
7.6,5,-0.292784,-0.304814,0.228942,-0.00853681,0.0120291
7.61,0,1.34626,1.35967,0.606912,-2.35696,-0.0134056
7.61,1,-0.673476,-0.51139,1.00166,-9.48842,-0.162086
7.61,2,0.52618,0.607709,1.19564,-4.83717,-0.0815296
7.61,3,0.194423,0.214016,-0.302635,-0.0143487,-0.019593
7.61,4,-0.236908,-0.150352,0.32736,-0.856128,-0.086556
7.61,5,-0.289735,-0.302535,0.227247,-0.00417274,0.0128003
7.62,0,1.34788,1.36539,0.544825,-2.33503,-0.0175139
7.62,1,-0.672703,-0.502086,0.872206,-9.44129,-0.170617
7.62,2,0.531167,0.619117,1.09587,-4.83024,-0.0879498
7.62,3,0.192376,0.210986,-0.30291,-0.00435097,-0.0186097
7.62,4,-0.238625,-0.147496,0.251318,-0.854691,-0.0911291
7.62,5,-0.286685,-0.300264,0.227282,-0.000290859,0.0135787
7.63,0,1.3495,1.37051,0.484168,-2.29286,-0.021009
7.63,1,-0.67193,-0.494071,0.744012,-9.3464,-0.177859
7.63,2,0.536155,0.629528,0.996506,-4.79423,-0.0933738
7.63,3,0.19033,0.207966,-0.301013,0.0042493,-0.0176358
7.63,4,-0.240342,-0.145405,0.174597,-0.846795,-0.0949371
7.63,5,-0.283635,-0.297983,0.228874,0.00307838,0.0143481
7.64,0,1.35112,1.37502,0.425257,-2.23204,-0.0239068
7.64,1,-0.671156,-0.487324,0.61833,-9.20827,-0.183832
7.64,2,0.541142,0.638953,0.898491,-4.73131,-0.0978108
7.64,3,0.188283,0.204975,-0.297232,0.0114236,-0.0166916
7.64,4,-0.242058,-0.144079,0.09819,-0.832925,-0.0979788
7.64,5,-0.280585,-0.295679,0.231834,0.00591944,0.0150939
7.65,0,1.35274,1.37896,0.368405,-2.15428,-0.0262266
7.65,1,-0.670383,-0.481816,0.496292,-9.03157,-0.188567
7.65,2,0.54613,0.647409,0.802741,-4.64386,-0.101279
7.65,3,0.186237,0.202031,-0.291863,0.0171769,-0.0157941
7.65,4,-0.243775,-0.143512,0.0229945,-0.813597,-0.100262
7.65,5,-0.277536,-0.293339,0.235958,0.00823043,0.0158035
7.66,0,1.35435,1.38234,0.313914,-2.06137,-0.0279906
7.66,1,-0.66961,-0.477503,0.378902,-8.82099,-0.192107
7.66,2,0.551117,0.654924,0.710125,-4.53446,-0.103807
7.66,3,0.18419,0.199148,-0.285201,0.0215443,-0.0149576
7.66,4,-0.245492,-0.143687,-0.0501733,-0.78935,-0.101805
7.66,5,-0.274486,-0.290952,0.241035,0.0100219,0.0164665
7.67,0,1.35597,1.3852,0.262071,-1.95517,-0.029224
7.67,1,-0.668836,-0.474334,0.267033,-8.5812,-0.194503
7.67,2,0.556105,0.661534,0.621451,-4.40578,-0.105429
7.67,3,0.182144,0.196337,-0.277541,0.0245889,-0.0141936
7.67,4,-0.247208,-0.144578,-0.120572,-0.760752,-0.10263
7.67,5,-0.271436,-0.28851,0.246855,0.0113155,0.0170744
7.68,0,1.35759,1.38755,0.213137,-1.83761,-0.0299549
7.68,1,-0.668063,-0.47225,0.161425,-8.31681,-0.195813
7.68,2,0.561092,0.667282,0.537455,-4.26062,-0.10619
7.68,3,0.180097,0.193608,-0.269166,0.0263975,-0.0135102
7.68,4,-0.248925,-0.146156,-0.187535,-0.728387,-0.102769
7.68,5,-0.268386,-0.286007,0.253208,0.0121428,0.0176211
7.69,0,1.35921,1.38942,0.167344,-1.71057,-0.0302134
7.69,1,-0.66729,-0.471184,0.0626905,-8.03228,-0.196105
7.69,2,0.56608,0.67222,0.458789,-4.10178,-0.10614
7.69,3,0.178051,0.190964,-0.26035,0.0270769,-0.0129133
7.69,4,-0.250642,-0.148381,-0.25047,-0.692853,-0.102261
7.69,5,-0.265337,-0.283439,0.259891,0.0125436,0.0181022
7.7,0,1.36083,1.39086,0.124888,-1.57595,-0.0300322
7.7,1,-0.666516,-0.471066,-0.0286842,-7.73195,-0.19545
7.7,2,0.571067,0.676402,0.386007,-3.93207,-0.105335
7.7,3,0.176004,0.18841,-0.251345,0.0267497,-0.0124058
7.7,4,-0.252358,-0.15121,-0.308862,-0.654752,-0.101148
7.7,5,-0.262287,-0.280802,0.266711,0.0125644,0.0185155
7.71,0,1.36245,1.39189,0.0859264,-1.4356,-0.0294456
7.71,1,-0.665743,-0.47182,-0.11233,-7.41994,-0.193923
7.71,2,0.576055,0.679891,0.319561,-3.75423,-0.103837
7.71,3,0.173958,0.185946,-0.242386,0.0255494,-0.0119882
7.71,4,-0.254075,-0.154597,-0.362281,-0.614682,-0.0994778
7.71,5,-0.259237,-0.278098,0.273491,0.0122567,0.0188608
7.72,0,1.36406,1.39255,0.0505784,-1.2913,-0.0284892
7.72,1,-0.66497,-0.473366,-0.187988,-7.10019,-0.191604
7.72,2,0.581042,0.682753,0.259796,-3.57091,-0.101711
7.72,3,0.171911,0.18357,-0.233678,0.0236164,-0.011659
7.72,4,-0.255792,-0.158489,-0.410383,-0.573229,-0.0973026
7.72,5,-0.256187,-0.275326,0.28007,0.0116753,0.0191392
7.73,0,1.36568,1.39288,0.0189222,-1.14475,-0.0271995
7.73,1,-0.664196,-0.475624,-0.255502,-6.7764,-0.188573
7.73,2,0.58603,0.685054,0.206946,-3.38463,-0.0990246
7.73,3,0.169865,0.18128,-0.2254,0.0210929,-0.0114147
7.73,4,-0.257508,-0.162831,-0.452912,-0.530959,-0.0946768
7.73,5,-0.253137,-0.272491,0.286308,0.0108761,0.0193537
7.74,0,1.3673,1.39291,-0.00900271,-0.997544,-0.0256138
7.74,1,-0.663423,-0.478512,-0.314809,-6.45203,-0.184911
7.74,2,0.591017,0.686866,0.16114,-3.19774,-0.0958488
7.74,3,0.167818,0.179069,-0.2177,0.0181192,-0.0112501
7.74,4,-0.259225,-0.167568,-0.489704,-0.488406,-0.0916572
7.74,5,-0.250088,-0.269596,0.292087,0.00991479,0.0195082
7.75,0,1.36892,1.39269,-0.0331946,-0.851191,-0.0237694
7.75,1,-0.66265,-0.481948,-0.365932,-6.13028,-0.180702
7.75,2,0.596005,0.688258,0.122404,-3.01242,-0.0922538
7.75,3,0.165772,0.176931,-0.210694,0.0148294,-0.0111587
7.75,4,-0.260941,-0.17264,-0.520684,-0.446071,-0.0883017
7.75,5,-0.247038,-0.266646,0.297314,0.00884494,0.0196078
7.76,0,1.37054,1.39224,-0.0536869,-0.707076,-0.0217034
7.76,1,-0.661876,-0.48585,-0.408972,-5.81413,-0.176026
7.76,2,0.600992,0.689302,0.0906641,-2.83063,-0.0883101
7.76,3,0.163725,0.174859,-0.204467,0.0113487,-0.0111332
7.76,4,-0.262658,-0.17799,-0.545862,-0.404415,-0.0846682
7.76,5,-0.243988,-0.263647,0.301921,0.0077165,0.0196586
7.77,0,1.37216,1.39161,-0.0705454,-0.566467,-0.0194526
7.77,1,-0.661103,-0.49014,-0.444096,-5.50624,-0.170963
7.77,2,0.60598,0.690066,0.0657618,-2.65412,-0.0840867
7.77,3,0.161679,0.172844,-0.199073,0.00779038,-0.0111654
7.77,4,-0.264375,-0.18356,-0.565329,-0.363852,-0.0808146
7.77,5,-0.240938,-0.260605,0.305865,0.00657467,0.0196669
7.78,0,1.37377,1.39083,-0.0838652,-0.430514,-0.0170527
7.78,1,-0.66033,-0.494738,-0.471538,-5.20906,-0.165592
7.78,2,0.610967,0.690618,0.0474586,-2.48444,-0.0796508
7.78,3,0.159632,0.170879,-0.194537,0.00425425,-0.0112468
7.78,4,-0.266091,-0.189295,-0.57925,-0.32475,-0.0767969
7.78,5,-0.237889,-0.257528,0.309128,0.00545889,0.0196395
7.79,0,1.37539,1.38993,-0.093768,-0.300239,-0.0145386
7.79,1,-0.659556,-0.499569,-0.491582,-4.92473,-0.159987
7.79,2,0.615955,0.691021,0.0354487,-2.3229,-0.0750668
7.79,3,0.157586,0.168955,-0.190856,0.000825046,-0.0113688
7.79,4,-0.267808,-0.195139,-0.587852,-0.28743,-0.0726694
7.79,5,-0.234839,-0.254422,0.311712,0.00440218,0.0195832
7.8,0,1.37701,1.38895,-0.100399,-0.176543,-0.0119435
7.8,1,-0.658783,-0.504562,-0.504564,-4.65514,-0.154221
7.8,2,0.620942,0.691338,0.0293702,-2.17061,-0.0703956
7.8,3,0.155539,0.167063,-0.188006,-0.00242791,-0.0115231
7.8,4,-0.269525,-0.201041,-0.591418,-0.252162,-0.0684839
7.8,5,-0.231789,-0.251294,0.313642,0.0034308,0.0195047
7.81,0,1.37863,1.38793,-0.103924,-0.0602025,-0.00929938
7.81,1,-0.65801,-0.509648,-0.510859,-4.40189,-0.148362
7.81,2,0.62593,0.691624,0.028816,-2.02846,-0.0656944
7.81,3,0.153493,0.165195,-0.185941,-0.0054508,-0.0117015
7.81,4,-0.271241,-0.206953,-0.590279,-0.219172,-0.0642889
7.81,5,-0.228739,-0.24815,0.314958,0.00256416,0.0194103
7.82,0,1.38025,1.38688,-0.104527,0.0481328,-0.00663621
7.82,1,-0.657236,-0.514762,-0.510881,-4.16635,-0.142475
7.82,2,0.630917,0.691933,0.0333449,-1.89717,-0.061016
7.82,3,0.151447,0.163343,-0.184602,-0.0082047,-0.0118966
7.82,4,-0.272958,-0.212829,-0.584796,-0.188638,-0.0601296
7.82,5,-0.22569,-0.244995,0.315715,0.00181503,0.0193059
7.83,0,1.38186,1.38585,-0.102407,0.147934,-0.00398217
7.83,1,-0.656463,-0.519843,-0.50507,-3.94959,-0.13662
7.83,2,0.635905,0.692313,0.0424918,-1.77724,-0.0564086
7.83,3,0.1494,0.161501,-0.183914,-0.0106647,-0.0121013
7.83,4,-0.274675,-0.218628,-0.57536,-0.160697,-0.0560471
7.83,5,-0.22264,-0.241837,0.315978,0.00118993,0.0191967
7.84,0,1.38348,1.38485,-0.0977753,0.238793,-0.00136332
7.84,1,-0.65569,-0.524837,-0.493895,-3.75244,-0.130853
7.84,2,0.640892,0.692808,0.0557767,-1.66903,-0.0519159
7.84,3,0.147354,0.159663,-0.183798,-0.0128184,-0.0123097
7.84,4,-0.276391,-0.224313,-0.562376,-0.135442,-0.0520788
7.84,5,-0.21959,-0.238677,0.315821,0.000689765,0.0190872
7.85,0,1.3851,1.3839,-0.0908546,0.320421,0.00119644
7.85,1,-0.654916,-0.529691,-0.47784,-3.57549,-0.125225
7.85,2,0.64588,0.693456,0.0727139,-1.57272,-0.0475765
7.85,3,0.145307,0.157824,-0.184169,-0.0146646,-0.0125166
7.85,4,-0.278108,-0.22985,-0.546259,-0.112934,-0.0482579
7.85,5,-0.21654,-0.235522,0.315319,0.000310543,0.0189813
7.86,0,1.38672,1.38304,-0.081875,0.392644,0.00367547
7.86,1,-0.654143,-0.534361,-0.457404,-3.41909,-0.119783
7.86,2,0.650867,0.694291,0.0928185,-1.48837,-0.0434243
7.86,3,0.143261,0.155978,-0.184939,-0.0162111,-0.0127174
7.86,4,-0.279825,-0.235211,-0.527425,-0.0931952,-0.0446135
7.86,5,-0.213491,-0.232372,0.31455,4.42353e-05,0.0188819
7.87,0,1.38834,1.38228,-0.071072,0.455395,0.00605448
7.87,1,-0.65337,-0.538804,-0.433094,-3.28336,-0.114566
7.87,2,0.655855,0.695343,0.115613,-1.41588,-0.0394883
7.87,3,0.141214,0.154123,-0.186024,-0.0174735,-0.0129088
7.87,4,-0.281541,-0.240371,-0.506287,-0.0762199,-0.0411704
7.87,5,-0.210441,-0.229232,0.313589,-0.00012035,0.0187913
7.88,0,1.38996,1.38164,-0.0586844,0.508715,0.00831655
7.88,1,-0.652596,-0.542985,-0.40542,-3.16819,-0.109611
7.88,2,0.660842,0.696635,0.140634,-1.35506,-0.0357929
7.88,3,0.139168,0.152256,-0.187345,-0.0184727,-0.013088
7.88,4,-0.283258,-0.245309,-0.483246,-0.0619733,-0.0379495
7.88,5,-0.207391,-0.226102,0.312506,-0.000196668,0.018711
7.89,0,1.39157,1.38113,-0.0449519,0.552742,0.0104471
7.89,1,-0.651823,-0.546874,-0.37489,-3.07331,-0.10495
7.89,2,0.66583,0.698187,0.167433,-1.3056,-0.0323579
7.89,3,0.137121,0.150374,-0.188826,-0.0192337,-0.013253
7.89,4,-0.284975,-0.250007,-0.458691,-0.0503959,-0.0349677
7.89,5,-0.204341,-0.222983,0.311365,-0.000199569,0.018642
7.9,0,1.39319,1.38076,-0.030112,0.587702,0.0124341
7.9,1,-0.65105,-0.550443,-0.342006,-2.99824,-0.100606
7.9,2,0.670817,0.700016,0.195585,-1.26713,-0.0291986
7.9,3,0.135075,0.148477,-0.190403,-0.0197836,-0.0134026
7.9,4,-0.286691,-0.254453,-0.432995,-0.0414065,-0.032238
7.9,5,-0.201291,-0.219876,0.310222,-0.000144491,0.0185844
7.91,0,1.39481,1.38054,-0.0143986,0.613905,0.0142677
7.91,1,-0.650276,-0.553674,-0.307259,-2.94234,-0.0966028
7.91,2,0.675805,0.702131,0.224686,-1.23916,-0.0263264
7.91,3,0.133028,0.146564,-0.192019,-0.0201502,-0.0135362
7.91,4,-0.288408,-0.258638,-0.406509,-0.0349044,-0.0297698
7.91,5,-0.198242,-0.21678,0.309123,-4.67377e-05,0.0185381
7.92,0,1.39643,1.38049,0.00196108,0.631735,0.0159405
7.92,1,-0.649503,-0.556548,-0.271125,-2.90481,-0.0929547
7.92,2,0.680792,0.704541,0.254358,-1.22118,-0.0237486
7.92,3,0.130982,0.144635,-0.193625,-0.020361,-0.0136536
7.92,4,-0.290125,-0.262555,-0.379565,-0.0307721,-0.0275694
7.92,5,-0.195192,-0.213694,0.308107,7.91463e-05,0.0185023
7.93,0,1.39805,1.3806,0.0187483,0.641637,0.0174471
7.93,1,-0.64873,-0.559056,-0.234063,-2.88474,-0.0896733
7.93,2,0.68578,0.707249,0.284251,-1.21257,-0.0214691
7.93,3,0.128935,0.14269,-0.195184,-0.0204416,-0.0137552
7.93,4,-0.291841,-0.266202,-0.352474,-0.0288782,-0.0256394
7.93,5,-0.192142,-0.210618,0.307201,0.000219881,0.018476
7.94,0,1.39967,1.38088,0.0357547,0.644112,0.0187844
7.94,1,-0.647956,-0.561191,-0.19651,-2.8811,-0.0867657
7.94,2,0.690767,0.710255,0.31404,-1.21273,-0.0194881
7.94,3,0.126889,0.14073,-0.196668,-0.0204156,-0.0138416
7.94,4,-0.293558,-0.269578,-0.325518,-0.029079,-0.0239798
7.94,5,-0.189092,-0.207551,0.306423,0.000363838,0.0184582
7.95,0,1.40128,1.38133,0.0527845,0.639703,0.0199514
7.95,1,-0.647183,-0.562949,-0.158877,-2.89274,-0.0842343
7.95,2,0.695755,0.713558,0.343432,-1.22096,-0.0178031
7.95,3,0.124842,0.138756,-0.198056,-0.0203034,-0.0139137
7.95,4,-0.295275,-0.272687,-0.298961,-0.0312212,-0.0225877
7.95,5,-0.186043,-0.20449,0.305784,0.000501306,0.0184473
7.96,0,1.4029,1.38195,0.0696558,0.628986,0.0209488
7.96,1,-0.64641,-0.564332,-0.121552,-2.91846,-0.0820779
7.96,2,0.700742,0.717151,0.372159,-1.23658,-0.0164086
7.96,3,0.122796,0.136768,-0.199338,-0.0201224,-0.0139725
7.96,4,-0.296991,-0.275533,-0.27304,-0.0351439,-0.021458
7.96,5,-0.182993,-0.201435,0.305286,0.000624638,0.0184421
7.97,0,1.40452,1.38274,0.0862016,0.612564,0.0217792
7.97,1,-0.645636,-0.565345,-0.0848912,-2.95698,-0.0802914
7.97,2,0.70573,0.721026,0.399982,-1.25886,-0.0152966
7.97,3,0.120749,0.134768,-0.200508,-0.0198864,-0.0140191
7.97,4,-0.298708,-0.278125,-0.247966,-0.0406803,-0.0205829
7.97,5,-0.179943,-0.198384,0.304924,0.000728292,0.0184411
7.98,0,1.40614,1.38369,0.102271,0.591052,0.0224466
7.98,1,-0.644863,-0.565997,-0.0492214,-3.00699,-0.0788663
7.98,2,0.710717,0.725174,0.426691,-1.28709,-0.0144568
7.98,3,0.118703,0.132757,-0.201567,-0.0196059,-0.0140546
7.98,4,-0.300425,-0.280472,-0.223929,-0.0476601,-0.019953
7.98,5,-0.176893,-0.195336,0.304688,0.000808775,0.018443
7.99,0,1.40776,1.3848,0.117731,0.565071,0.0229566
7.99,1,-0.64409,-0.566299,-0.0148378,-3.06713,-0.077791
7.99,2,0.715705,0.729582,0.452102,-1.32052,-0.0138771
7.99,3,0.116656,0.130736,-0.202521,-0.0192884,-0.0140801
7.99,4,-0.302141,-0.282584,-0.201091,-0.0559109,-0.0195571
7.99,5,-0.173844,-0.19229,0.304563,0.000864507,0.0184467
8,0,1.40938,1.38606,0.132464,0.535243,0.0233159
8,1,-0.643316,-0.566265,0.0179968,-3.13604,-0.0770513
8,2,0.720692,0.734236,0.476057,-1.35842,-0.0135436
8,3,0.11461,0.128706,-0.203379,-0.0189385,-0.0140966
8,4,-0.303858,-0.284476,-0.179595,-0.06526,-0.0193822
8,5,-0.170794,-0.189245,0.304532,0.000895617,0.0184511
8.01,0,1.41099,1.38746,0.146371,0.502179,0.0235323
8.01,1,-0.642543,-0.565913,0.0490527,-3.21237,-0.0766303
8.01,2,0.72568,0.739121,0.498425,-1.40008,-0.0134411
8.01,3,0.112563,0.126668,-0.204152,-0.0185585,-0.014105
8.01,4,-0.305575,-0.28616,-0.159558,-0.0755361,-0.0194144
8.01,5,-0.167744,-0.186199,0.304576,0.000903691,0.0184553
8.02,0,1.41261,1.389,0.15937,0.466476,0.0236146
8.02,1,-0.64177,-0.565261,0.0781335,-3.29476,-0.0765091
8.02,2,0.730667,0.74422,0.519099,-1.44479,-0.013553
8.02,3,0.110517,0.124623,-0.204852,-0.0181489,-0.014106
8.02,4,-0.307291,-0.287653,-0.141074,-0.0865705,-0.0196384
8.02,5,-0.164694,-0.183153,0.304675,0.000891499,0.0184588
8.03,0,1.41423,1.39066,0.171393,0.42871,0.0235722
8.03,1,-0.640996,-0.564329,0.105076,-3.38191,-0.0766671
8.03,2,0.735655,0.749516,0.537995,-1.49185,-0.0138619
8.03,3,0.10847,0.122571,-0.205493,-0.0177088,-0.0141004
8.03,4,-0.309008,-0.28897,-0.124217,-0.098199,-0.0200384
8.03,5,-0.161645,-0.180106,0.304809,0.00086269,0.0184611
8.04,0,1.41585,1.39243,0.182392,0.389433,0.0234152
8.04,1,-0.640223,-0.563141,0.129749,-3.47253,-0.0770821
8.04,2,0.740642,0.754992,0.555052,-1.5406,-0.0143497
8.04,3,0.106424,0.120512,-0.206084,-0.0172365,-0.0140887
8.04,4,-0.310725,-0.290127,-0.10904,-0.110262,-0.0205978
8.04,5,-0.158595,-0.177057,0.304961,0.000821505,0.0184619
8.05,0,1.41747,1.39431,0.192332,0.349166,0.023154
8.05,1,-0.63945,-0.561719,0.152055,-3.5654,-0.077731
8.05,2,0.74563,0.760627,0.570231,-1.5904,-0.0149978
8.05,3,0.104377,0.118448,-0.206638,-0.0167298,-0.0140713
8.05,4,-0.312441,-0.291142,-0.0955759,-0.122608,-0.0212995
8.05,5,-0.155545,-0.174006,0.305113,0.000772491,0.0184613
8.06,0,1.41908,1.39629,0.201191,0.308401,0.0227994
8.06,1,-0.638676,-0.560087,0.171925,-3.65935,-0.0785895
8.06,2,0.750617,0.766404,0.583512,-1.64064,-0.0157872
8.06,3,0.102331,0.116379,-0.207163,-0.016187,-0.0140485
8.06,4,-0.314158,-0.292032,-0.0838391,-0.135092,-0.0221264
8.06,5,-0.152495,-0.170954,0.305251,0.000720243,0.0184591
8.07,0,1.4207,1.39834,0.208963,0.267594,0.0223621
8.07,1,-0.637903,-0.55827,0.189321,-3.75329,-0.0796331
8.07,2,0.755605,0.772304,0.594895,-1.69076,-0.016699
8.07,3,0.100284,0.114305,-0.207666,-0.0156063,-0.0140206
8.07,4,-0.315875,-0.292813,-0.0738263,-0.147576,-0.0230612
8.07,5,-0.149446,-0.167901,0.305365,0.000669176,0.0184557
8.08,0,1.42232,1.40047,0.215652,0.227166,0.021853
8.08,1,-0.63713,-0.556293,0.204233,-3.84618,-0.0808371
8.08,2,0.760592,0.778306,0.604398,-1.74022,-0.0177143
8.08,3,0.0982377,0.112225,-0.20815,-0.0149872,-0.0139877
8.08,4,-0.317591,-0.293505,-0.0655181,-0.159934,-0.0240866
8.08,5,-0.146396,-0.164847,0.305445,0.000623337,0.0184514
8.09,0,1.42394,1.40266,0.221274,0.1875,0.021283
8.09,1,-0.636356,-0.55418,0.216678,-3.93709,-0.0821765
8.09,2,0.76558,0.784394,0.612053,-1.78854,-0.0188143
8.09,3,0.0961912,0.110141,-0.208619,-0.0143299,-0.0139501
8.09,4,-0.319308,-0.294122,-0.0588798,-0.172048,-0.025186
8.09,5,-0.143346,-0.161792,0.305486,0.000586253,0.0184464
8.1,0,1.42556,1.4049,0.225853,0.148942,0.0206625
8.1,1,-0.635583,-0.551956,0.226696,-4.02517,-0.0836271
8.1,2,0.770567,0.790548,0.61791,-1.83525,-0.019981
8.1,3,0.0941447,0.108053,-0.209073,-0.0136357,-0.0139079
8.1,4,-0.321025,-0.294682,-0.0538632,-0.18381,-0.0263428
8.1,5,-0.140296,-0.158738,0.305485,0.00056082,0.0184413
8.11,0,1.42718,1.40717,0.229424,0.1118,0.0200018
8.11,1,-0.63481,-0.549645,0.234353,-4.10965,-0.0851647
8.11,2,0.775555,0.796751,0.622031,-1.87996,-0.0211967
8.11,3,0.0920982,0.105959,-0.209509,-0.0129073,-0.0138613
8.11,4,-0.322741,-0.2952,-0.0504075,-0.195125,-0.0275411
8.11,5,-0.137246,-0.155683,0.305442,0.00054924,0.0184364
8.12,0,1.42879,1.40948,0.232028,0.0763444,0.0193107
8.12,1,-0.634036,-0.54727,0.239732,-4.18985,-0.0867664
8.12,2,0.780542,0.802986,0.624491,-1.92231,-0.0224444
8.12,3,0.0900517,0.103862,-0.209925,-0.0121485,-0.0138104
8.12,4,-0.324458,-0.295692,-0.0484407,-0.205905,-0.0287657
8.12,5,-0.134197,-0.152629,0.305359,0.00055298,0.0184322
8.13,0,1.43041,1.41181,0.233714,0.0428069,0.0185987
8.13,1,-0.633263,-0.544853,0.242937,-4.2652,-0.0884097
8.13,2,0.78553,0.809237,0.625377,-1.96199,-0.0237079
8.13,3,0.0880052,0.101761,-0.210317,-0.0113643,-0.0137554
8.13,4,-0.326175,-0.296172,-0.0478814,-0.216076,-0.0300021
8.13,5,-0.131147,-0.149576,0.30524,0.000572787,0.018429
8.14,0,1.43203,1.41416,0.234534,0.0113835,0.0178746
8.14,1,-0.63249,-0.542416,0.244086,-4.33521,-0.0900737
8.14,2,0.790517,0.815489,0.624784,-1.99873,-0.0249721
8.14,3,0.0859587,0.0996555,-0.210678,-0.0105608,-0.0136967
8.14,4,-0.327891,-0.296654,-0.0486395,-0.225575,-0.0312368
8.14,5,-0.128097,-0.146524,0.30509,0.000608708,0.0184271
8.15,0,1.43365,1.4165,0.234547,-0.0177661,0.0171469
8.15,1,-0.631716,-0.539978,0.243313,-4.39948,-0.0917385
8.15,2,0.795505,0.821727,0.622817,-2.03232,-0.0262228
8.15,3,0.0839122,0.0975469,-0.211003,-0.00974462,-0.0136346
8.15,4,-0.329608,-0.297151,-0.0506181,-0.234348,-0.0324572
8.15,5,-0.125047,-0.143474,0.304915,0.000660157,0.0184269
8.16,0,1.43527,1.41884,0.233814,-0.0445168,0.0164231
8.16,1,-0.630943,-0.537557,0.240761,-4.45771,-0.0933857
8.16,2,0.800492,0.827939,0.619586,-2.06257,-0.0274467
8.16,3,0.0818658,0.0954353,-0.211286,-0.00892348,-0.0135695
8.16,4,-0.331325,-0.297673,-0.0537145,-0.242355,-0.0336515
8.16,5,-0.121998,-0.140426,0.304723,0.000725983,0.0184286
8.17,0,1.43689,1.42118,0.232399,-0.0687768,0.0157105
8.17,1,-0.63017,-0.535171,0.236585,-4.50969,-0.0949983
8.17,2,0.80548,0.834111,0.615209,-2.08937,-0.0286318
8.17,3,0.0798193,0.0933211,-0.211521,-0.00810535,-0.0135018
8.17,4,-0.333041,-0.298232,-0.0578214,-0.249563,-0.0348092
8.17,5,-0.118948,-0.13738,0.304522,0.000804567,0.0184322
8.18,0,1.4385,1.42349,0.230368,-0.0904861,0.0150155
8.18,1,-0.629396,-0.532836,0.230944,-4.55527,-0.0965609
8.18,2,0.810467,0.840235,0.609805,-2.11264,-0.0297675
8.18,3,0.0777728,0.0912048,-0.211703,-0.00729846,-0.013432
8.18,4,-0.334758,-0.298837,-0.0628286,-0.255952,-0.0359208
8.18,5,-0.115898,-0.134336,0.304318,0.000893912,0.0184379
8.19,0,1.44012,1.42578,0.227789,-0.109615,0.0143438
8.19,1,-0.628623,-0.530563,0.224004,-4.59441,-0.0980599
8.19,2,0.815455,0.846299,0.603499,-2.13232,-0.0308441
8.19,3,0.0757263,0.089087,-0.211828,-0.00651105,-0.0133608
8.19,4,-0.336474,-0.299497,-0.0686238,-0.261511,-0.0369779
8.19,5,-0.112848,-0.131294,0.30412,0.000991753,0.0184456
8.2,0,1.44174,1.42804,0.224729,-0.126161,0.0137007
8.2,1,-0.62785,-0.528367,0.215932,-4.62712,-0.099483
8.2,2,0.820442,0.852295,0.596416,-2.14843,-0.0318532
8.2,3,0.0736798,0.0869684,-0.211891,-0.00575115,-0.0132886
8.2,4,-0.338191,-0.300218,-0.0750941,-0.266239,-0.0379733
8.2,5,-0.109799,-0.128254,0.303934,0.00109565,0.0184552
8.21,0,1.44336,1.43027,0.221256,-0.14015,0.0130904
8.21,1,-0.627076,-0.526256,0.206896,-4.65349,-0.10082
8.21,2,0.82543,0.858217,0.588681,-2.161,-0.0327878
8.21,3,0.0716333,0.0848494,-0.211891,-0.00502639,-0.0132161
8.21,4,-0.339908,-0.301007,-0.0821267,-0.270142,-0.0389007
8.21,5,-0.106749,-0.125215,0.303765,0.0012031,0.0184665
8.22,0,1.44498,1.43246,0.217435,-0.151629,0.0125169
8.22,1,-0.626303,-0.524241,0.197063,-4.67368,-0.102062
8.22,2,0.830417,0.864059,0.580418,-2.1701,-0.033642
8.22,3,0.0695868,0.0827308,-0.211827,-0.00434377,-0.013144
8.22,4,-0.341624,-0.301869,-0.0896105,-0.273237,-0.0397553
8.22,5,-0.103699,-0.122179,0.303619,0.0013116,0.0184795
8.23,0,1.4466,1.43461,0.213333,-0.160671,0.0119832
8.23,1,-0.62553,-0.522327,0.186596,-4.68788,-0.103202
8.23,2,0.835405,0.869816,0.571749,-2.17584,-0.0344113
8.23,3,0.0675403,0.0806132,-0.211699,-0.00370955,-0.0130729
8.23,4,-0.343341,-0.302808,-0.0974366,-0.275546,-0.040533
8.23,5,-0.100649,-0.119143,0.303499,0.00141875,0.0184937
8.24,0,1.44821,1.43672,0.209011,-0.167365,0.0114917
8.24,1,-0.624756,-0.520521,0.175654,-4.69637,-0.104235
8.24,2,0.840392,0.875484,0.562793,-2.17835,-0.0350923
8.24,3,0.0654938,0.0784972,-0.211508,-0.00312911,-0.0130034
8.24,4,-0.345058,-0.303827,-0.1055,-0.277099,-0.0412311
8.24,5,-0.0975996,-0.116109,0.303409,0.00152234,0.018509
8.25,0,1.44983,1.43879,0.204532,-0.17182,0.0110444
8.25,1,-0.623983,-0.518826,0.16439,-4.69943,-0.105157
8.25,2,0.84538,0.881062,0.553664,-2.17781,-0.0356826
8.25,3,0.0634473,0.0763834,-0.211257,-0.00260683,-0.0129361
8.25,4,-0.346774,-0.304927,-0.113699,-0.277933,-0.0418478
8.25,5,-0.0945498,-0.113075,0.303349,0.00162034,0.018525
8.26,0,1.45145,1.44081,0.199953,-0.174159,0.0106425
8.26,1,-0.62321,-0.517245,0.152949,-4.69742,-0.105964
8.26,2,0.850367,0.886548,0.54447,-2.17438,-0.0361812
8.26,3,0.0614008,0.0742725,-0.210951,-0.00214604,-0.0128717
8.26,4,-0.348491,-0.306109,-0.121937,-0.278088,-0.0423821
8.26,5,-0.0915001,-0.110042,0.303321,0.00171103,0.0185415
8.27,0,1.45307,1.44278,0.195329,-0.174519,0.0102867
8.27,1,-0.622436,-0.515779,0.141467,-4.6907,-0.106657
8.27,2,0.855354,0.891942,0.535314,-2.16827,-0.0365879
8.27,3,0.0593543,0.0721649,-0.210595,-0.00174898,-0.0128106
8.27,4,-0.350208,-0.307373,-0.130125,-0.277612,-0.0428343
8.27,5,-0.0884503,-0.107008,0.303324,0.00179294,0.018558
8.28,0,1.45469,1.44471,0.19071,-0.173046,0.00997708
8.28,1,-0.621663,-0.514427,0.130073,-4.67965,-0.107236
8.28,2,0.860342,0.897246,0.526291,-2.1597,-0.0369038
8.28,3,0.0573078,0.0700611,-0.210194,-0.0014168,-0.0127533
8.28,4,-0.351924,-0.308719,-0.138179,-0.276553,-0.0432053
8.28,5,-0.0854005,-0.103975,0.303357,0.00186495,0.0185744
8.29,0,1.45631,1.44659,0.186145,-0.169897,0.00971342
8.29,1,-0.62089,-0.513188,0.118882,-4.66471,-0.107702
8.29,2,0.865329,0.90246,0.517489,-2.1489,-0.0371306
8.29,3,0.0552613,0.0679616,-0.209755,-0.00114957,-0.0127002
8.29,4,-0.353641,-0.310144,-0.14602,-0.274964,-0.0434968
8.29,5,-0.0823508,-0.100941,0.303417,0.00192625,0.0185903
8.3,0,1.45792,1.44843,0.181676,-0.165232,0.00949492
8.3,1,-0.620116,-0.51206,0.108001,-4.64628,-0.108057
8.3,2,0.870317,0.907588,0.508987,-2.1361,-0.0372709
8.3,3,0.0532149,0.0658666,-0.209285,-0.000946347,-0.0126517
8.3,4,-0.355358,-0.311646,-0.15358,-0.272901,-0.0437114
8.3,5,-0.079301,-0.0979064,0.303503,0.00197634,0.0186054
8.31,0,1.45954,1.45022,0.177344,-0.159217,0.00932039
8.31,1,-0.619343,-0.511038,0.0975265,-4.6248,-0.108306
8.31,2,0.875304,0.912633,0.500856,-2.12156,-0.0373283
8.31,3,0.0511684,0.0637764,-0.208793,-0.000805221,-0.0126081
8.31,4,-0.357074,-0.313222,-0.160796,-0.27042,-0.0438523
8.31,5,-0.0762512,-0.0948708,0.30361,0.00201501,0.0186196
8.32,0,1.46116,1.45197,0.173183,-0.152019,0.00918826
8.32,1,-0.61857,-0.510118,0.0875407,-4.60071,-0.108452
8.32,2,0.880292,0.917599,0.493157,-2.10551,-0.0373066
8.32,3,0.0491219,0.0616913,-0.208285,-0.000723416,-0.0125694
8.32,4,-0.358791,-0.314868,-0.167613,-0.267578,-0.0439231
8.32,5,-0.0732015,-0.0918341,0.303735,0.00204234,0.0186326
8.33,0,1.46278,1.45368,0.169224,-0.143807,0.00909665
8.33,1,-0.617796,-0.509295,0.0781164,-4.57442,-0.108502
8.33,2,0.885279,0.92249,0.485945,-2.08821,-0.0372106
8.33,3,0.0470754,0.0596113,-0.207769,-0.000697385,-0.0125359
8.33,4,-0.360508,-0.316579,-0.173986,-0.264433,-0.0439282
8.33,5,-0.0701517,-0.0887959,0.303875,0.00205865,0.0186442
8.34,0,1.4644,1.45535,0.165494,-0.134746,0.0090434
8.34,1,-0.617023,-0.508562,0.0693145,-4.54637,-0.108461
8.34,2,0.890267,0.927312,0.479262,-2.06988,-0.0370453
8.34,3,0.0450289,0.0575364,-0.207254,-0.00072292,-0.0125075
8.34,4,-0.362224,-0.318352,-0.179876,-0.26104,-0.0438722
8.34,5,-0.067102,-0.0857564,0.304025,0.00206449,0.0186544
8.35,0,1.46601,1.45699,0.162014,-0.124999,0.00902608
8.35,1,-0.61625,-0.507914,0.0611845,-4.51696,-0.108335
8.35,2,0.895254,0.932071,0.473143,-2.05077,-0.0368163
8.35,3,0.0429824,0.0554667,-0.206746,-0.000795272,-0.0124843
8.35,4,-0.363941,-0.320181,-0.185252,-0.257455,-0.0437601
8.35,5,-0.0640522,-0.0827153,0.304183,0.00206058,0.0186631
8.36,0,1.46763,1.45859,0.158802,-0.114723,0.00904211
8.36,1,-0.615476,-0.507344,0.0537648,-4.48659,-0.108132
8.36,2,0.900242,0.936771,0.467614,-2.03111,-0.0365293
8.36,3,0.0409359,0.053402,-0.206252,-0.000909268,-0.0124661
8.36,4,-0.365658,-0.32206,-0.190091,-0.253732,-0.0435972
8.36,5,-0.0610024,-0.0796726,0.304343,0.00204777,0.0186701
8.37,0,1.46925,1.46016,0.155873,-0.10407,0.00908871
8.37,1,-0.614703,-0.506844,0.0470832,-4.45562,-0.107859
8.37,2,0.905229,0.94142,0.462693,-2.0111,-0.0361904
8.37,3,0.0388894,0.0513421,-0.205779,-0.00105943,-0.0124527
8.37,4,-0.367374,-0.323985,-0.194379,-0.249922,-0.0433889
8.37,5,-0.0579527,-0.0766282,0.304503,0.00202703,0.0186756
8.38,0,1.47087,1.46171,0.153235,-0.0931845,0.009163
8.38,1,-0.61393,-0.506406,0.0411573,-4.42442,-0.107524
8.38,2,0.910217,0.946023,0.458388,-1.99095,-0.0358057
8.38,3,0.0368429,0.0492868,-0.205331,-0.00124008,-0.0124438
8.38,4,-0.369091,-0.32595,-0.198108,-0.246073,-0.0431408
8.38,5,-0.0549029,-0.0735823,0.304659,0.0019994,0.0186794
8.39,0,1.47249,1.46323,0.150895,-0.0822026,0.00926205
8.39,1,-0.613156,-0.506024,0.035995,-4.3933,-0.107133
8.39,2,0.915204,0.950586,0.454702,-1.97084,-0.0353813
8.39,3,0.0347964,0.0472358,-0.204913,-0.00144546,-0.0124394
8.39,4,-0.370808,-0.327949,-0.201276,-0.24223,-0.0428585
8.39,5,-0.0518531,-0.0705349,0.30481,0.00196596,0.0186818
8.4,0,1.47411,1.46472,0.148855,-0.0712508,0.00938284
8.4,1,-0.612383,-0.505688,0.0315953,-4.36257,-0.106695
8.4,2,0.920192,0.955115,0.451629,-1.95096,-0.0349234
8.4,3,0.0327499,0.0451888,-0.204531,-0.00166985,-0.0124388
8.4,4,-0.372524,-0.329977,-0.203888,-0.238437,-0.0425476
8.4,5,-0.0488034,-0.067486,0.304952,0.00192779,0.0186827
8.41,0,1.47572,1.4662,0.147114,-0.0604461,0.00952238
8.41,1,-0.61161,-0.505393,0.0279488,-4.33251,-0.106217
8.41,2,0.925179,0.959618,0.449156,-1.93145,-0.0344381
8.41,3,0.0307034,0.0431454,-0.204187,-0.00190762,-0.012442
8.41,4,-0.374241,-0.332027,-0.205956,-0.23473,-0.0422135
8.41,5,-0.0457536,-0.0644358,0.305083,0.00188595,0.0186822
8.42,0,1.47734,1.46767,0.145668,-0.0498951,0.00967771
8.42,1,-0.610836,-0.50513,0.0250381,-4.30336,-0.105706
8.42,2,0.930167,0.964098,0.447264,-1.91247,-0.0339313
8.42,3,0.0286569,0.0411052,-0.203883,-0.00215332,-0.0124483
8.42,4,-0.375958,-0.334096,-0.207497,-0.231145,-0.0418617
8.42,5,-0.0427039,-0.0613843,0.305202,0.00184145,0.0186804
8.43,0,1.47896,1.46912,0.14451,-0.0396935,0.00984591
8.43,1,-0.610063,-0.504893,0.0228394,-4.27534,-0.10517
8.43,2,0.935154,0.968563,0.445931,-1.89412,-0.0334086
8.43,3,0.0266104,0.0390679,-0.203621,-0.00240176,-0.0124574
8.43,4,-0.377674,-0.336177,-0.208532,-0.227713,-0.0414973
8.43,5,-0.0396541,-0.0583317,0.305309,0.00179525,0.0186776
8.44,0,1.48058,1.47056,0.143631,-0.029926,0.0100241
8.44,1,-0.60929,-0.504673,0.0213223,-4.24863,-0.104617
8.44,2,0.940142,0.973018,0.445127,-1.87652,-0.0328756
8.44,3,0.024564,0.0370329,-0.203402,-0.00264809,-0.012469
8.44,4,-0.379391,-0.338266,-0.209086,-0.224459,-0.0411252
8.44,5,-0.0366043,-0.0552781,0.305401,0.00174825,0.0186737
8.45,0,1.4822,1.47199,0.143018,-0.0206662,0.0102097
8.45,1,-0.608516,-0.504465,0.0204513,-4.2234,-0.104051
8.45,2,0.945129,0.977467,0.444821,-1.85976,-0.0323373
8.45,3,0.0225175,0.0349999,-0.203227,-0.00288779,-0.0124824
8.45,4,-0.381108,-0.340358,-0.209189,-0.221406,-0.0407501
8.45,5,-0.0335546,-0.0522236,0.30548,0.00170122,0.018669
8.46,0,1.48382,1.47342,0.142659,-0.0119769,0.0104
8.46,1,-0.607743,-0.504263,0.020186,-4.19978,-0.10348
8.46,2,0.950117,0.981915,0.444976,-1.84391,-0.0317985
8.46,3,0.020471,0.0329684,-0.203095,-0.00311674,-0.0124974
8.46,4,-0.382824,-0.342448,-0.208873,-0.218574,-0.0403763
8.46,5,-0.0305048,-0.0491684,0.305544,0.0016549,0.0186636
8.47,0,1.48543,1.47484,0.142537,-0.00390954,0.0105925
8.47,1,-0.60697,-0.50406,0.0204825,-4.17786,-0.10291
8.47,2,0.955104,0.986368,0.445554,-1.82902,-0.0312636
8.47,3,0.0184245,0.0309379,-0.203006,-0.00333126,-0.0125135
8.47,4,-0.384541,-0.344533,-0.208172,-0.215976,-0.0400078
8.47,5,-0.027455,-0.0461127,0.305595,0.00160988,0.0186577
8.48,0,1.48705,1.47627,0.142636,0.00349474,0.0107851
8.48,1,-0.606196,-0.503851,0.0212936,-4.15771,-0.102346
8.48,2,0.960092,0.990829,0.446515,-1.81513,-0.0307366
8.48,3,0.016378,0.0289082,-0.202957,-0.00352806,-0.0125302
8.48,4,-0.386258,-0.346609,-0.207125,-0.213623,-0.0396482
8.48,5,-0.0244053,-0.0430565,0.305632,0.00156669,0.0186513
8.49,0,1.48867,1.4777,0.142938,0.0102053,0.0109755
8.49,1,-0.605423,-0.503631,0.0225698,-4.13939,-0.101792
8.49,2,0.965079,0.995301,0.447816,-1.80227,-0.0302212
8.49,3,0.0143315,0.0268787,-0.202946,-0.00370434,-0.0125472
8.49,4,-0.387974,-0.348673,-0.205768,-0.211523,-0.0393008
8.49,5,-0.0213555,-0.0400001,0.305657,0.00152577,0.0186446
8.5,0,1.49029,1.47913,0.143424,0.0162012,0.0111618
8.5,1,-0.60465,-0.503396,0.02426,-4.12291,-0.101253
8.5,2,0.970067,0.999787,0.449416,-1.79044,-0.0297204
8.5,3,0.012285,0.0248491,-0.202973,-0.00385772,-0.0125641
8.5,4,-0.389691,-0.350722,-0.20414,-0.209678,-0.0389685
8.5,5,-0.0183058,-0.0369434,0.30567,0.00148745,0.0186377
8.51,0,1.49191,1.48056,0.144075,0.0214712,0.0113424
8.51,1,-0.603876,-0.503143,0.0263123,-4.10828,-0.100734
8.51,2,0.975054,1.00429,0.45127,-1.77965,-0.029237
8.51,3,0.0102385,0.0228191,-0.203033,-0.00398623,-0.0125806
8.51,4,-0.391408,-0.352754,-0.202281,-0.20809,-0.0386539
8.51,5,-0.015256,-0.0338867,0.305672,0.00145202,0.0186307
8.52,0,1.49353,1.48201,0.144871,0.0260124,0.0115157
8.52,1,-0.603103,-0.502867,0.0286743,-4.09547,-0.100236
8.52,2,0.980042,1.00882,0.453337,-1.76988,-0.0287735
8.52,3,0.00819202,0.0207883,-0.203124,-0.00408837,-0.0125963
8.52,4,-0.393124,-0.354765,-0.200229,-0.206756,-0.0383589
8.52,5,-0.0122062,-0.03083,0.305664,0.00141966,0.0186238
8.53,0,1.49514,1.48346,0.145793,0.0298305,0.0116802
8.53,1,-0.60233,-0.502566,0.0312942,-4.08443,-0.0997638
8.53,2,0.985029,1.01336,0.455575,-1.7611,-0.0283315
8.53,3,0.00614552,0.0187564,-0.203243,-0.00416299,-0.0126109
8.53,4,-0.394841,-0.356756,-0.198022,-0.205671,-0.0380852
8.53,5,-0.00915646,-0.0277735,0.305648,0.00139052,0.018617
8.54,0,1.49676,1.48493,0.146821,0.0329383,0.011835
8.54,1,-0.601556,-0.502238,0.0341207,-4.07511,-0.0993188
8.54,2,0.990017,1.01793,0.457943,-1.75327,-0.0279127
8.54,3,0.00409903,0.0167232,-0.203387,-0.00420937,-0.0126242
8.54,4,-0.396558,-0.358723,-0.195698,-0.204826,-0.0378344
8.54,5,-0.0061067,-0.0247171,0.305625,0.00136465,0.0186104
8.55,0,1.49838,1.4864,0.147935,0.0353557,0.011979
8.55,1,-0.600783,-0.50188,0.0371043,-4.06743,-0.098903
8.55,2,0.995004,1.02252,0.460402,-1.74635,-0.0275181
8.55,3,0.00205254,0.0146884,-0.203553,-0.00422713,-0.0126359
8.55,4,-0.398274,-0.360667,-0.193293,-0.204211,-0.0376072
8.55,5,-0.00305694,-0.021661,0.305594,0.00134211,0.0186041
8.56,0,1.5,1.48789,0.149117,0.0371085,0.0121115
8.56,1,-0.60001,-0.501492,0.0401971,-4.0613,-0.0985176
8.56,2,0.999992,1.02714,0.462914,-1.74028,-0.0271484
8.56,3,6.04442e-06,0.0126519,-0.203737,-0.00421624,-0.0126459
8.56,4,-0.399991,-0.362586,-0.190841,-0.203815,-0.0374044
8.56,5,-7.1764e-06,-0.0186053,0.305559,0.00132286,0.0185981
8.57,0,1.5,1.48938,0.149863,-0.0249776,0.0106153
8.57,1,-0.60001,-0.501038,0.0519506,-4.11474,-0.0989721
8.57,2,0.999992,1.03169,0.44329,-1.83765,-0.0317023
8.57,3,6.04442e-06,0.0106546,-0.193508,0.00961873,-0.0106486
8.57,4,-0.399991,-0.364399,-0.16789,-0.200791,-0.035592
8.57,5,-7.1764e-06,-0.0156285,0.285683,-0.00759825,0.0156213
8.58,0,1.5,1.49088,0.14924,-0.0829689,0.00911881
8.58,1,-0.60001,-0.500424,0.0689358,-4.19025,-0.099586
8.58,2,0.999992,1.03592,0.404391,-1.88655,-0.0359258
8.58,3,6.04442e-06,0.00883212,-0.172396,0.0151769,-0.00882607
8.58,4,-0.399991,-0.36586,-0.127736,-0.20918,-0.034131
8.58,5,-7.1764e-06,-0.0129838,0.246108,-0.00894952,0.0129766
8.59,0,1.5,1.49236,0.147064,-0.135707,0.0076371
8.59,1,-0.60001,-0.499654,0.083,-4.26324,-0.100356
8.59,2,0.999992,1.03974,0.364565,-1.9216,-0.0397489
8.59,3,6.04442e-06,0.00723248,-0.149909,0.0176811,-0.00722644
8.59,4,-0.399991,-0.366919,-0.088761,-0.220193,-0.0330717
8.59,5,-7.1764e-06,-0.0107489,0.205424,-0.00791852,0.0107417
8.6,0,1.5,1.49381,0.143378,-0.182711,0.00618554
8.6,1,-0.60001,-0.498766,0.0928902,-4.32842,-0.101244
8.6,2,0.999992,1.04318,0.327542,-1.95073,-0.0431883
8.6,3,6.04442e-06,0.00584983,-0.129076,0.019008,-0.00584379
8.6,4,-0.399991,-0.367618,-0.055433,-0.231265,-0.0323726
8.6,5,-7.1764e-06,-0.00889823,0.169237,-0.00631571,0.00889105
8.61,0,1.5,1.49522,0.138316,-0.223806,0.00477853
8.61,1,-0.60001,-0.497801,0.0988638,-4.38494,-0.102209
8.61,2,0.999992,1.04627,0.293711,-1.97567,-0.0462751
8.61,3,6.04442e-06,0.00466242,-0.110657,0.0198307,-0.00465638
8.61,4,-0.399991,-0.368019,-0.0285391,-0.241502,-0.0319715
8.61,5,-7.1764e-06,-0.00737858,0.138671,-0.00474442,0.0073714
8.62,0,1.5,1.49657,0.132043,-0.25897,0.00342895
8.62,1,-0.60001,-0.496796,0.101447,-4.4329,-0.103214
8.62,2,0.999992,1.04903,0.262767,-1.99673,-0.0490398
8.62,3,6.04442e-06,0.00364582,-0.0946438,0.0203885,-0.00363978
8.62,4,-0.399991,-0.368186,-0.00778561,-0.250548,-0.0318051
8.62,5,-7.1764e-06,-0.00613497,0.113395,-0.00337962,0.00612779
8.63,0,1.5,1.49785,0.124733,-0.288283,0.00214794
8.63,1,-0.60001,-0.495781,0.101161,-4.47265,-0.104229
8.63,2,0.999992,1.0515,0.234325,-2.01392,-0.0515091
8.63,3,6.04442e-06,0.00277722,-0.0807941,0.0207647,-0.00277118
8.63,4,-0.399991,-0.368176,0.00746805,-0.258257,-0.0318154
8.63,5,-7.1764e-06,-0.00511838,0.0926821,-0.00224859,0.00511121
8.64,0,1.5,1.49905,0.116563,-0.311893,0.000944901
8.64,1,-0.60001,-0.494782,0.0984758,-4.50454,-0.105228
8.64,2,0.999992,1.0537,0.20805,-2.02729,-0.0537062
8.64,3,6.04442e-06,0.00203657,-0.0688206,0.0209871,-0.00203052
8.64,4,-0.399991,-0.368039,0.0179649,-0.264593,-0.0319514
8.64,5,-7.1764e-06,-0.00428739,0.0757761,-0.00133176,0.00428021
8.65,0,1.5,1.50017,0.107703,-0.33001,-0.000172501
8.65,1,-0.60001,-0.493821,0.0938092,-4.52896,-0.106188
8.65,2,0.999992,1.05564,0.183676,-2.03689,-0.0556512
8.65,3,6.04442e-06,0.00140662,-0.0584507,0.0210647,-0.00140057
8.65,4,-0.399991,-0.367821,0.0244512,-0.269583,-0.0321697
8.65,5,-7.1764e-06,-0.00360772,0.0620031,-0.000598236,0.00360054
8.66,0,1.5,1.5012,0.0983186,-0.342887,-0.00119828
8.66,1,-0.60001,-0.492917,0.087533,-4.54632,-0.107093
8.66,2,0.999992,1.05735,0.160996,-2.04285,-0.0573619
8.66,3,6.04442e-06,0.000872676,-0.049445,0.0210007,-0.000866632
8.66,4,-0.399991,-0.367557,0.0276307,-0.273289,-0.0324342
8.66,5,-7.1764e-06,-0.00305124,0.0507938,-1.77933e-05,0.00304407
8.67,0,1.5,1.50213,0.0885659,-0.35082,-0.00212807
8.67,1,-0.60001,-0.492082,0.0799812,-4.55705,-0.107928
8.67,2,0.999992,1.05885,0.139854,-2.04534,-0.0588543
8.67,3,6.04442e-06,0.000422262,-0.0415987,0.020797,-0.000416218
8.67,4,-0.399991,-0.367276,0.0281438,-0.275794,-0.0327152
8.67,5,-7.1764e-06,-0.002595,0.0416781,0.000435672,0.00258782
8.68,0,1.5,1.50296,0.0785923,-0.354137,-0.002959
8.68,1,-0.60001,-0.491328,0.0714549,-4.56162,-0.108681
8.68,2,0.999992,1.06014,0.120133,-2.04456,-0.0601432
8.68,3,6.04442e-06,4.47512e-05,-0.0347396,0.0204567,-3.87068e-05
8.68,4,-0.399991,-0.367001,0.0265588,-0.277195,-0.0329895
8.68,5,-7.1764e-06,-0.00222022,0.0342718,0.000783691,0.00221305
8.69,0,1.5,1.50369,0.0685348,-0.353189,-0.00368962
8.69,1,-0.60001,-0.490664,0.0622252,-4.5605,-0.109346
8.69,2,0.999992,1.06123,0.101748,-2.04077,-0.0612424
8.69,3,6.04442e-06,-0.000268915,-0.0287239,0.0199839,0.00027496
8.69,4,-0.399991,-0.366752,0.0233715,-0.277595,-0.0332387
8.69,5,-7.1764e-06,-0.0019116,0.0282613,0.00104372,0.00190442
8.7,0,1.5,1.50432,0.058519,-0.348349,-0.0043198
8.7,1,-0.60001,-0.490095,0.0525362,-4.5542,-0.109915
8.7,2,0.999992,1.06216,0.0846346,-2.03421,-0.0621647
8.7,3,6.04442e-06,-0.000526496,-0.0234321,0.0193847,0.00053254
8.7,4,-0.399991,-0.366542,0.0190088,-0.277098,-0.0334492
8.7,5,-7.1764e-06,-0.00165662,0.0233912,0.00122987,0.00164945
8.71,0,1.5,1.50485,0.048659,-0.34,-0.00485059
8.71,1,-0.60001,-0.489624,0.0426061,-4.54325,-0.110386
8.71,2,0.999992,1.06291,0.0687472,-2.02517,-0.0629227
8.71,3,6.04442e-06,-0.000734671,-0.0187655,0.0186665,0.000740715
8.71,4,-0.399991,-0.366379,0.013834,-0.275808,-0.0336114
8.71,5,-7.1764e-06,-0.00144507,0.0194526,0.00135366,0.00143789
8.72,0,1.5,1.50528,0.039057,-0.328535,-0.00528411
8.72,1,-0.60001,-0.489253,0.0326289,-4.52816,-0.110757
8.72,2,0.999992,1.06352,0.0540512,-2.01395,-0.0635284
8.72,3,6.04442e-06,-0.000899232,-0.0146428,0.0178385,0.000905276
8.72,4,-0.399991,-0.366272,0.0081529,-0.273827,-0.0337188
8.72,5,-7.1764e-06,-0.00126858,0.0162748,0.0014246,0.00126141
8.73,0,1.5,1.50562,0.029803,-0.314348,-0.00562347
8.73,1,-0.60001,-0.488981,0.0227754,-4.50948,-0.111029
8.73,2,0.999992,1.06399,0.0405197,-2.00084,-0.0639935
8.73,3,6.04442e-06,-0.00102524,-0.0109975,0.0169114,0.00103129
8.73,4,-0.399991,-0.366223,0.00222072,-0.271253,-0.0337678
8.73,5,-7.1764e-06,-0.00112036,0.0137174,0.00145069,0.00111318
8.74,0,1.5,1.50587,0.020975,-0.297828,-0.00587256
8.74,1,-0.60001,-0.488806,0.0131942,-4.48773,-0.111204
8.74,2,0.999992,1.06432,0.0281304,-1.98615,-0.0643296
8.74,3,6.04442e-06,-0.00111716,-0.00777503,0.0158971,0.00112321
8.74,4,-0.399991,-0.366234,-0.00375213,-0.268181,-0.0337571
8.74,5,-7.1764e-06,-0.000994849,0.0116651,0.00143883,0.000987673
8.75,0,1.5,1.50603,0.0126392,-0.279359,-0.00603603
8.75,1,-0.60001,-0.488725,0.00401274,-4.46342,-0.111285
8.75,2,0.999992,1.06454,0.0168625,-1.97017,-0.064548
8.75,3,6.04442e-06,-0.00117897,-0.00493071,0.0148086,0.00118502
8.75,4,-0.399991,-0.366304,-0.00959426,-0.264701,-0.0336873
8.75,5,-7.1764e-06,-0.000887537,0.0100223,0.0013951,0.00088036
8.76,0,1.5,1.50612,0.00484997,-0.259315,-0.00611912
8.76,1,-0.60001,-0.488733,-0.00466181,-4.43708,-0.111277
8.76,2,0.999992,1.06465,0.00669496,-1.95318,-0.0646598
8.76,3,6.04442e-06,-0.00121425,-0.00242792,0.0136597,0.00122029
8.76,4,-0.399991,-0.36643,-0.0151683,-0.260899,-0.0335604
8.76,5,-7.1764e-06,-0.000794774,0.00871017,0.00132494,0.000787598
8.77,0,1.5,1.50613,-0.00234932,-0.238053,-0.00612752
8.77,1,-0.60001,-0.488825,-0.0127414,-4.40918,-0.111185
8.77,2,0.999992,1.06467,-0.00239506,-1.93549,-0.0646759
8.77,3,6.04442e-06,-0.00122623,-0.000236297,0.0124645,0.00123227
8.77,4,-0.399991,-0.366611,-0.0203665,-0.256855,-0.0333798
8.77,5,-7.1764e-06,-0.000713626,0.00766319,0.00123329,0.000706449
8.78,0,1.5,1.50607,-0.00892607,-0.215915,-0.00606733
8.78,1,-0.60001,-0.488993,-0.0201558,-4.38018,-0.111016
8.78,2,0.999992,1.0646,-0.0104335,-1.91734,-0.0646069
8.78,3,6.04442e-06,-0.00121788,0.00166959,0.0112375,0.00122393
8.78,4,-0.399991,-0.366841,-0.0251066,-0.252644,-0.0331496
8.78,5,-7.1764e-06,-0.000641746,0.00682715,0.0011247,0.00063457
8.79,0,1.5,1.50594,-0.0148578,-0.193223,-0.0059449
8.79,1,-0.60001,-0.489232,-0.0268519,-4.35054,-0.110777
8.79,2,0.999992,1.06446,-0.0174499,-1.89899,-0.0644631
8.79,3,6.04442e-06,-0.00119195,0.00331146,0.00999303,0.00119799
8.79,4,-0.399991,-0.367116,-0.0293287,-0.248335,-0.0328749
8.79,5,-7.1764e-06,-0.00057728,0.00615717,0.00100337,0.000570104
8.8,0,1.5,1.50577,-0.0201313,-0.170277,-0.00576678
8.8,1,-0.60001,-0.489534,-0.032792,-4.32064,-0.110475
8.8,2,0.999992,1.06425,-0.0234781,-1.88068,-0.0642547
8.8,3,6.04442e-06,-0.00115095,0.00470828,0.00874502,0.001157
8.8,4,-0.399991,-0.36743,-0.032992,-0.243992,-0.032561
8.8,5,-7.1764e-06,-0.000518777,0.00561624,0.00087313,0.0005116
8.81,0,1.5,1.50554,-0.0247423,-0.147355,-0.00553956
8.81,1,-0.60001,-0.489891,-0.037953,-4.29088,-0.110119
8.81,2,0.999992,1.06398,-0.0285562,-1.86262,-0.0639912
8.81,3,6.04442e-06,-0.00109726,0.00587708,0.00750681,0.00110331
8.81,4,-0.399991,-0.367777,-0.0360724,-0.239673,-0.0322137
8.81,5,-7.1764e-06,-0.000465117,0.00517399,0.000737506,0.000457941
8.82,0,1.5,1.50527,-0.0286944,-0.124711,-0.00526986
8.82,1,-0.60001,-0.490295,-0.0423247,-4.2616,-0.109714
8.82,2,0.999992,1.06367,-0.0327263,-1.84501,-0.063682
8.82,3,6.04442e-06,-0.00103306,0.00683356,0.00629092,0.00103911
8.82,4,-0.399991,-0.368152,-0.0385599,-0.23543,-0.0318388
8.82,5,-7.1764e-06,-0.000415455,0.00480574,0.000599671,0.000408278
8.83,0,1.5,1.50496,-0.0319985,-0.102573,-0.00496421
8.83,1,-0.60001,-0.490739,-0.045909,-4.2331,-0.109271
8.83,2,0.999992,1.06333,-0.0360349,-1.82801,-0.0633358
8.83,3,6.04442e-06,-0.000960394,0.00759255,0.00510886,0.000966439
8.83,4,-0.399991,-0.368549,-0.0404567,-0.23131,-0.0314422
8.83,5,-7.1764e-06,-0.000369163,0.00449159,0.000462454,0.000361986
8.84,0,1.5,1.50463,-0.0346719,-0.0811446,-0.00462901
8.84,1,-0.60001,-0.491214,-0.0487186,-4.20566,-0.108795
8.84,2,0.999992,1.06295,-0.0385317,-1.81177,-0.0629611
8.84,3,6.04442e-06,-0.000881156,0.00816838,0.00397098,0.000887201
8.84,4,-0.399991,-0.368961,-0.0417752,-0.227352,-0.03103
8.84,5,-7.1764e-06,-0.00032579,0.00421579,0.000328331,0.000318613
8.85,0,1.5,1.50427,-0.0367376,-0.0606048,-0.00427044
8.85,1,-0.60001,-0.491713,-0.0507752,-4.17953,-0.108296
8.85,2,0.999992,1.06256,-0.0402699,-1.79643,-0.0625656
8.85,3,6.04442e-06,-0.000797102,0.0085751,0.0028864,0.000803146
8.85,4,-0.399991,-0.369383,-0.0425367,-0.223592,-0.0306076
8.85,5,-7.1764e-06,-0.000285023,0.00396604,0.000199419,0.000277846
8.86,0,1.5,1.50389,-0.0382234,-0.041107,-0.00389443
8.86,1,-0.60001,-0.492229,-0.0521092,-4.1549,-0.107781
8.86,2,0.999992,1.06215,-0.041305,-1.78209,-0.0621567
8.86,3,6.04442e-06,-0.000709845,0.00882663,0.00186292,0.00071589
8.86,4,-0.399991,-0.36981,-0.0427692,-0.220059,-0.0301805
8.86,5,-7.1764e-06,-0.000246654,0.00373304,7.74788e-05,0.000239478
8.87,0,1.5,1.50351,-0.0391613,-0.02278,-0.0035066
8.87,1,-0.60001,-0.492754,-0.0527576,-4.13195,-0.107256
8.87,2,0.999992,1.06173,-0.0416947,-1.76884,-0.061741
8.87,3,6.04442e-06,-0.000620862,0.00893678,0.000906995,0.000626907
8.87,4,-0.399991,-0.370237,-0.0425067,-0.216778,-0.0297539
8.87,5,-7.1764e-06,-0.000210557,0.00350993,-3.60753e-05,0.000203381
8.88,0,1.5,1.50311,-0.0395868,-0.00572891,-0.00311224
8.88,1,-0.60001,-0.493282,-0.0527634,-4.11081,-0.106727
8.88,2,0.999992,1.06132,-0.041498,-1.75674,-0.0613246
8.88,3,6.04442e-06,-0.000531491,0.00891933,2.37497e-05,0.000537535
8.88,4,-0.399991,-0.370658,-0.0417876,-0.213765,-0.0293324
8.88,5,-7.1764e-06,-0.00017666,0.00329193,-0.000140162,0.000169483
8.89,0,1.5,1.50271,-0.0395381,0.00996399,-0.00271626
8.89,1,-0.60001,-0.493807,-0.0521747,-4.09158,-0.106203
8.89,2,0.999992,1.06091,-0.0407745,-1.74585,-0.0609132
8.89,3,6.04442e-06,-0.000442932,0.00878794,-0.000783005,0.000448976
8.89,4,-0.399991,-0.37107,-0.0406537,-0.211037,-0.0289204
8.89,5,-7.1764e-06,-0.000144929,0.00307592,-0.000234014,0.000137753
8.9,0,1.5,1.50232,-0.0390554,0.0242385,-0.00232319
8.9,1,-0.60001,-0.494323,-0.0510427,-4.07434,-0.105687
8.9,2,0.999992,1.0605,-0.0395841,-1.73618,-0.0605117
8.9,3,6.04442e-06,-0.00035625,0.00855609,-0.00151071,0.000362294
8.9,4,-0.399991,-0.371469,-0.0391492,-0.2086,-0.0285219
8.9,5,-7.1764e-06,-0.000115356,0.00286016,-0.00031715,0.00010818
8.91,0,1.5,1.50194,-0.0381803,0.0370551,-0.00193715
8.91,1,-0.60001,-0.494825,-0.049422,-4.05912,-0.105185
8.91,2,0.999992,1.06012,-0.0379862,-1.72776,-0.0601243
8.91,3,6.04442e-06,-0.000272377,0.00823699,-0.00215798,0.000278422
8.91,4,-0.399991,-0.371851,-0.0373197,-0.206462,-0.0281402
8.91,5,-7.1764e-06,-8.79433e-05,0.00264394,-0.000389349,8.07669e-05
8.92,0,1.5,1.50156,-0.0369553,0.0483936,-0.00156181
8.92,1,-0.60001,-0.495308,-0.0473685,-4.04595,-0.104701
8.92,2,0.999992,1.05975,-0.0360393,-1.72057,-0.0597549
8.92,3,6.04442e-06,-0.000192115,0.00784354,-0.00272452,0.00019816
8.92,4,-0.399991,-0.372212,-0.0352114,-0.204621,-0.0277784
8.92,5,-7.1764e-06,-6.2695e-05,0.00242736,-0.000450614,5.55186e-05
8.93,0,1.5,1.5012,-0.0354232,0.0582519,-0.00120045
8.93,1,-0.60001,-0.495769,-0.0449392,-4.03482,-0.104241
8.93,2,0.999992,1.0594,-0.0338002,-1.7146,-0.0594066
8.93,3,6.04442e-06,-0.000116139,0.00738813,-0.00321105,0.000122183
8.93,4,-0.399991,-0.372552,-0.0328706,-0.203076,-0.027439
8.93,5,-7.1764e-06,-3.96116e-05,0.00221108,-0.000501148,3.24352e-05
8.94,0,1.5,1.50085,-0.0336266,0.0666442,-0.000855894
8.94,1,-0.60001,-0.496203,-0.0421913,-4.02568,-0.103806
8.94,2,0.999992,1.05907,-0.0313238,-1.70981,-0.059082
8.94,3,6.04442e-06,-4.50008e-05,0.00688266,-0.00361914,5.10452e-05
8.94,4,-0.399991,-0.372867,-0.0303425,-0.201821,-0.027124
8.94,5,-7.1764e-06,-1.86844e-05,0.00199618,-0.000541313,1.1508e-05
8.95,0,1.5,1.50053,-0.0316075,0.0735998,-0.000530567
8.95,1,-0.60001,-0.496609,-0.0391814,-4.01849,-0.103401
8.95,2,0.999992,1.05878,-0.0286626,-1.70617,-0.0587833
8.95,3,6.04442e-06,2.08597e-05,0.00633836,-0.00395117,-1.48153e-05
8.95,4,-0.399991,-0.373156,-0.0276713,-0.200846,-0.0268352
8.95,5,-7.1764e-06,1.07304e-07,0.00178395,-0.000571602,-7.2837e-06
8.96,0,1.5,1.50023,-0.0294066,0.0791614,-0.000226463
8.96,1,-0.60001,-0.496983,-0.0359648,-4.01316,-0.103026
8.96,2,0.999992,1.0585,-0.0258665,-1.70363,-0.058512
8.96,3,6.04442e-06,8.11134e-05,0.0057658,-0.00421017,-7.5069e-05
8.96,4,-0.399991,-0.373417,-0.0248995,-0.20014,-0.0265737
8.96,5,-7.1764e-06,1.6798e-05,0.00157579,-0.000592609,-2.39744e-05
8.97,0,1.5,1.49994,-0.0270636,0.0833835,5.48181e-05
8.97,1,-0.60001,-0.497325,-0.0325949,-4.00963,-0.102685
8.97,2,0.999992,1.05826,-0.0229822,-1.70211,-0.0582691
8.97,3,6.04442e-06,0.000135532,0.00517476,-0.00439973,-0.000129488
8.97,4,-0.399991,-0.373651,-0.0220673,-0.199688,-0.0263402
8.97,5,-7.1764e-06,3.14361e-05,0.00137313,-0.000605002,-3.86125e-05
8.98,0,1.5,1.49969,-0.0246161,0.0863307,0.000312064
8.98,1,-0.60001,-0.497631,-0.0291228,-4.00777,-0.102378
8.98,2,0.999992,1.05805,-0.0200533,-1.70155,-0.0580554
8.98,3,6.04442e-06,0.000183981,0.00457426,-0.00452392,-0.000177937
8.98,4,-0.399991,-0.373856,-0.0192124,-0.199476,-0.0261352
8.98,5,-7.1764e-06,4.40842e-05,0.00117731,-0.000609495,-5.12606e-05
8.99,0,1.5,1.49945,-0.0220998,0.0880765,0.000544427
8.99,1,-0.60001,-0.497903,-0.0255969,-4.00747,-0.102106
8.99,2,0.999992,1.05786,-0.0171199,-1.70189,-0.057871
8.99,3,6.04442e-06,0.000226412,0.00397248,-0.00458716,-0.000220367
8.99,4,-0.399991,-0.374032,-0.0163698,-0.199485,-0.0259588
8.99,5,-7.1764e-06,5.48175e-05,0.00098954,-0.000606831,-6.19939e-05
9,0,1.5,1.49925,-0.0195483,0.0887013,0.000751408
9,1,-0.60001,-0.49814,-0.0220623,-4.00861,-0.10187
9,2,0.999992,1.05771,-0.0142183,-1.70304,-0.0577158
9,3,6.04442e-06,0.000262852,0.00337677,-0.00459414,-0.000256808
9,4,-0.399991,-0.37418,-0.0135714,-0.199698,-0.0258105
9,5,-7.1764e-06,6.37224e-05,0.000810896,-0.000597763,-7.08988e-05
9.01,0,1.5,1.49907,-0.0169928,0.0882915,0.000932827
9.01,1,-0.60001,-0.498341,-0.0185609,-4.01106,-0.101669
9.01,2,0.999992,1.05758,-0.0113815,-1.70492,-0.0575893
9.01,3,6.04442e-06,0.0002934,0.00279364,-0.00454974,-0.000287356
9.01,4,-0.399991,-0.374301,-0.0108464,-0.200096,-0.0256899
9.01,5,-7.1764e-06,7.08953e-05,0.000642251,-0.000583034,-7.80717e-05
9.02,0,1.5,1.49891,-0.0144618,0.0869374,0.0010888
9.02,1,-0.60001,-0.498508,-0.0151306,-4.01469,-0.101502
9.02,2,0.999992,1.05748,-0.00863863,-1.70744,-0.0574906
9.02,3,6.04442e-06,0.000318213,0.00222881,-0.00445897,-0.000312168
9.02,4,-0.399991,-0.374395,-0.00822019,-0.200657,-0.0255959
9.02,5,-7.1764e-06,7.644e-05,0.000484299,-0.000563371,-8.36164e-05
9.03,0,1.5,1.49878,-0.0119811,0.0847325,0.00121973
9.03,1,-0.60001,-0.498641,-0.0118056,-4.01935,-0.101369
9.03,2,0.999992,1.05741,-0.00601502,-1.71053,-0.0574188
9.03,3,6.04442e-06,0.000337501,0.00168717,-0.00432687,-0.000331456
9.03,4,-0.399991,-0.374463,-0.00571544,-0.201363,-0.0255276
9.03,5,-7.1764e-06,8.04664e-05,0.00033754,-0.000539476,-8.76428e-05
9.04,0,1.5,1.49867,-0.00957421,0.0817718,0.00132623
9.04,1,-0.60001,-0.498741,-0.00861628,-4.0249,-0.101269
9.04,2,0.999992,1.05736,-0.00353247,-1.71411,-0.0573724
9.04,3,6.04442e-06,0.00035152,0.00117286,-0.00415847,-0.000345475
9.04,4,-0.399991,-0.374507,-0.00335132,-0.202193,-0.0254836
9.04,5,-7.1764e-06,8.30884e-05,0.0002023,-0.000512014,-9.02648e-05
9.05,0,1.5,1.49859,-0.00726142,0.0781509,0.00140917
9.05,1,-0.60001,-0.49881,-0.00558875,-4.03121,-0.101199
9.05,2,0.999992,1.05734,-0.00120915,-1.71808,-0.05735
9.05,3,6.04442e-06,0.000360562,0.000689271,-0.00395874,-0.000354518
9.05,4,-0.399991,-0.374529,-0.00114384,-0.203127,-0.0254623
9.05,5,-7.1764e-06,8.44221e-05,7.87375e-05,-0.000481614,-9.15985e-05
9.06,0,1.5,1.49853,-0.00506055,0.0739647,0.00146958
9.06,1,-0.60001,-0.498851,-0.00274531,-4.03813,-0.101159
9.06,2,0.999992,1.05734,0.000940228,-1.72238,-0.0573499
9.06,3,6.04442e-06,0.00036495,0.000239131,-0.00373254,-0.000358906
9.06,4,-0.399991,-0.374529,0.00089411,-0.204145,-0.0254623
9.06,5,-7.1764e-06,8.45846e-05,-3.31356e-05,-0.000448864,-9.1761e-05
