sim_t,joint,desired,actual,velocity,torque,error
0,0,0,0,0,0,0
0,1,-0.8,-0.8,0,0,0
0,2,1.2,1.2,0,-6.66134e-15,-2.22045e-16
0,3,0,0,0,0,0
0,4,-0.4,-0.4,0,0,0
0,5,0,0,0,0,0
0.01,0,0,0,0,0,0
0.01,1,-0.8,-0.799036,0.16595,-0.536428,-0.000964426
0.01,2,1.2,1.20018,0.0384837,-0.0823016,-0.000177805
0.01,3,0,0,0,0,0
0.01,4,-0.4,-0.401011,-0.1636,0.089886,0.00101077
0.01,5,0,0,0,0,0
0.02,0,0,0,0,0,0
0.02,1,-0.8,-0.796699,0.2836,-0.982847,-0.00330121
0.02,2,1.2,1.20089,0.100179,-0.227177,-0.000893941
0.02,3,0,0,0,0,0
0.02,4,-0.4,-0.402999,-0.213878,0.130932,0.00299909
0.02,5,0,0,0,0,0
0.03,0,0,0,0,0,0
0.03,1,-0.8,-0.79336,0.371512,-1.38016,-0.00664049
0.03,2,1.2,1.20226,0.165307,-0.398268,-0.00225512
0.03,3,0,0,0,0,0
0.03,4,-0.4,-0.40506,-0.191605,0.136286,0.00506038
0.03,5,0,0,0,0,0
0.04,0,0,0,0,0,0
0.04,1,-0.8,-0.789258,0.439158,-1.74714,-0.0107418
0.04,2,1.2,1.20425,0.226588,-0.580675,-0.00424998
0.04,3,0,0,0,0,0
0.04,4,-0.4,-0.406654,-0.128913,0.117692,0.00665443
0.04,5,0,0,0,0,0
0.05,0,0,0,0,0,0
0.05,1,-0.8,-0.784566,0.491833,-2.09285,-0.0154339
0.05,2,1.2,1.20682,0.281133,-0.766927,-0.00682205
0.05,3,0,0,0,0,0
0.05,4,-0.4,-0.407507,-0.0480056,0.0840564,0.0075067
0.05,5,0,0,0,0,0
0.06,0,0,0,0,0,0
0.06,1,-0.8,-0.779414,0.532665,-2.42142,-0.0205856
0.06,2,1.2,1.2099,0.327782,-0.952464,-0.00989669
0.06,3,0,0,0,0,0
0.06,4,-0.4,-0.407519,0.0368425,0.0417314,0.00751908
0.06,5,0,0,0,0,0
0.07,0,0,0,0,0,0
0.07,1,-0.8,-0.77391,0.563557,-2.73426,-0.0260898
0.07,2,1.2,1.21339,0.366159,-1.13409,-0.0133924
0.07,3,0,0,0,0,0
0.07,4,-0.4,-0.406703,0.117015,-0.00488035,0.00670341
0.07,5,0,0,0,0,0
0.08,0,0,0,0,0,0
0.08,1,-0.8,-0.768146,0.585705,-3.03128,-0.031854
0.08,2,1.2,1.21723,0.396296,-1.30939,-0.0172265
0.08,3,0,0,0,0,0
0.08,4,-0.4,-0.405135,0.18773,-0.0527828,0.00513529
0.08,5,0,0,0,0,0
0.09,0,0,0,0,0,0
0.09,1,-0.8,-0.762205,0.599905,-3.31154,-0.0377955
0.09,2,1.2,1.22132,0.418456,-1.47645,-0.0213178
0.09,3,0,0,0,0,0
0.09,4,-0.4,-0.402923,0.246709,-0.0999671,0.00292345
0.09,5,0,0,0,0,0
0.1,0,0,0,0,0,0
0.1,1,-0.8,-0.756162,0.606744,-3.57375,-0.043838
0.1,2,1.2,1.22559,0.43304,-1.63374,-0.0255886
0.1,3,0,0,0,0,0
0.1,4,-0.4,-0.40019,0.293258,-0.145108,0.000190081
0.1,5,0,0,0,0,0
0.11,0,0,0,0,0,0
0.11,1,-0.8,-0.750089,0.606714,-3.81657,-0.0499108
0.11,2,1.2,1.22997,0.440534,-1.78004,-0.0299659
0.11,3,0,0,0,0,0
0.11,4,-0.4,-0.397059,0.327642,-0.187352,-0.00294137
0.11,5,0,0,0,0,0
0.12,0,0,0,0,0,0
0.12,1,-0.8,-0.744052,0.600284,-4.03876,-0.0559476
0.12,2,1.2,1.23438,0.441472,-1.91439,-0.0343815
0.12,3,0,0,0,0,0
0.12,4,-0.4,-0.393647,0.350674,-0.226164,-0.0063534
0.12,5,0,0,0,0,0
0.13,0,0,0,0,0,0
0.13,1,-0.8,-0.738113,0.587937,-4.2393,-0.0618872
0.13,2,1.2,1.23877,0.436424,-2.03604,-0.0387732
0.13,3,0,0,0,0,0
0.13,4,-0.4,-0.390062,0.363451,-0.261232,-0.00993838
0.13,5,0,0,0,0,0
0.14,0,0,0,0,0,0
0.14,1,-0.8,-0.732327,0.570184,-4.41748,-0.0676732
0.14,2,1.2,1.24308,0.425975,-2.14448,-0.0430842
0.14,3,0,0,0,0,0
0.14,4,-0.4,-0.3864,0.367186,-0.292396,-0.0136004
0.14,5,0,0,0,0,0
0.15,0,0,0,0,0,0
0.15,1,-0.8,-0.726746,0.547576,-4.57291,-0.0732545
0.15,2,1.2,1.24726,0.410723,-2.23936,-0.0472638
0.15,3,0,0,0,0,0
0.15,4,-0.4,-0.382744,0.363109,-0.319601,-0.0172558
0.15,5,0,0,0,0,0
0.16,0,0,0,0,0,0
0.16,1,-0.8,-0.721414,0.520693,-4.70551,-0.0785856
0.16,2,1.2,1.25127,0.391267,-2.32055,-0.0512672
0.16,3,0,0,0,0,0
0.16,4,-0.4,-0.379167,0.352406,-0.342867,-0.020833
0.16,5,0,0,0,0,0
0.17,0,0,0,0,0,0
0.17,1,-0.8,-0.716373,0.490142,-4.81552,-0.0836273
0.17,2,1.2,1.25506,0.368208,-2.38809,-0.0550558
0.17,3,0,0,0,0,0
0.17,4,-0.4,-0.375728,0.33619,-0.362271,-0.024272
0.17,5,0,0,0,0,0
0.18,0,0,0,0,0,0
0.18,1,-0.8,-0.711654,0.456543,-4.90348,-0.0883462
0.18,2,1.2,1.2586,0.342139,-2.44218,-0.0585967
0.18,3,0,0,0,0,0
0.18,4,-0.4,-0.372477,0.31549,-0.377932,-0.0275233
0.18,5,0,0,0,0,0
0.19,0,0,0,0,0,0
0.19,1,-0.8,-0.707285,0.420518,-4.97017,-0.0927152
0.19,2,1.2,1.26186,0.313646,-2.48319,-0.0618631
0.19,3,0,0,0,0,0
0.19,4,-0.4,-0.369453,0.291246,-0.390002,-0.0305474
0.19,5,0,0,0,0,0
0.2,0,0,0,0,0,0
0.2,1,-0.8,-0.703286,0.382682,-5.01659,-0.0967136
0.2,2,1.2,1.26483,0.283299,-2.51162,-0.064834
0.2,3,0,0,0,0,0
0.2,4,-0.4,-0.366686,0.264309,-0.398663,-0.0333136
0.2,5,0,0,0,0,0
0.21,0,0,0,0,0,0
0.21,1,-0.8,-0.699674,0.343629,-5.04394,-0.100326
0.21,2,1.2,1.26749,0.251651,-2.52811,-0.0674938
0.21,3,0,0,0,0,0
0.21,4,-0.4,-0.364201,0.235448,-0.404118,-0.0357993
0.21,5,0,0,0,0,0
0.22,0,0,0,0,0,0
0.22,1,-0.8,-0.696455,0.303927,-5.05356,-0.103545
0.22,2,1.2,1.26983,0.219228,-2.53343,-0.0698324
0.22,3,0,0,0,0,0
0.22,4,-0.4,-0.362011,0.205355,-0.406589,-0.037989
0.22,5,0,0,0,0,0
0.23,0,0,0,0,0,0
0.23,1,-0.8,-0.693635,0.264109,-5.04692,-0.106365
0.23,2,1.2,1.27184,0.186531,-2.52841,-0.0718449
0.23,3,0,0,0,0,0
0.23,4,-0.4,-0.360126,0.174649,-0.406316,-0.0398739
0.23,5,0,0,0,0,0
0.24,0,0,0,0,0,0
0.24,1,-0.8,-0.691212,0.224666,-5.02553,-0.108788
0.24,2,1.2,1.27353,0.154026,-2.51398,-0.0735311
0.24,3,0,0,0,0,0
0.24,4,-0.4,-0.358549,0.143881,-0.403549,-0.041451
0.24,5,0,0,0,0,0
0.25,0,0,0,0,0,0
0.25,1,-0.8,-0.689178,0.186045,-4.99101,-0.110822
0.25,2,1.2,1.2749,0.12214,-2.49114,-0.0748953
0.25,3,0,0,0,0,0
0.25,4,-0.4,-0.357278,0.113541,-0.39855,-0.0427224
0.25,5,0,0,0,0,0
0.26,0,0,0,0,0,0
0.26,1,-0.8,-0.687525,0.148643,-4.94495,-0.112475
0.26,2,1.2,1.27595,0.0912627,-2.4609,-0.0759459
0.26,3,0,0,0,0,0
0.26,4,-0.4,-0.356305,0.084053,-0.391585,-0.0436948
0.26,5,0,0,0,0,0
0.27,0,0,0,0,0,0
0.27,1,-0.8,-0.686237,0.112809,-4.88896,-0.113763
0.27,2,1.2,1.27669,0.0617363,-2.42432,-0.0766948
0.27,3,0,0,0,0,0
0.27,4,-0.4,-0.355621,0.0557871,-0.382923,-0.0443787
0.27,5,0,0,0,0,0
0.28,0,0,0,0,0,0
0.28,1,-0.8,-0.685297,0.0788394,-4.82463,-0.114703
0.28,2,1.2,1.27716,0.0338582,-2.38244,-0.0771574
0.28,3,0,0,0,0,0
0.28,4,-0.4,-0.355212,0.0290557,-0.372833,-0.0447882
0.28,5,0,0,0,0,0
0.29,0,0,0,0,0,0
0.29,1,-0.8,-0.684686,0.0469823,-4.75352,-0.115314
0.29,2,1.2,1.27735,0.00787764,-2.3363,-0.0773514
0.29,3,0,0,0,0,0
0.29,4,-0.4,-0.35506,0.00411722,-0.361579,-0.04494
0.29,5,0,0,0,0,0
0.3,0,0,0,0,0,0
0.3,1,-0.8,-0.68438,0.017437,-4.6771,-0.11562
0.3,2,1.2,1.2773,-0.0160044,-2.2869,-0.0772971
0.3,3,0,0,0,0,0
0.3,4,-0.4,-0.355147,-0.0188215,-0.349416,-0.0448533
0.3,5,0,0,0,0,0
0.31,0,0,0,0,0,0
0.31,1,-0.8,-0.684357,-0.00964384,-4.59679,-0.115643
0.31,2,1.2,1.27702,-0.0376346,-2.23522,-0.0770161
0.31,3,0,0,0,0,0
0.31,4,-0.4,-0.355451,-0.0396033,-0.33659,-0.0445489
0.31,5,0,0,0,0,0
0.32,0,0,0,0,0,0
0.32,1,-0.8,-0.68459,-0.0341515,-4.51393,-0.11541
0.32,2,1.2,1.27653,-0.056906,-2.18214,-0.0765318
0.32,3,0,0,0,0,0
0.32,4,-0.4,-0.355951,-0.0581182,-0.323334,-0.0440492
0.32,5,0,0,0,0,0
0.33,0,0,0,0,0,0
0.33,1,-0.8,-0.685054,-0.0560184,-4.42977,-0.114946
0.33,2,1.2,1.27587,-0.0737559,-2.12853,-0.0758681
0.33,3,0,0,0,0,0
0.33,4,-0.4,-0.356623,-0.0743006,-0.309866,-0.043377
0.33,5,0,0,0,0,0
0.34,0,0,0,0,0,0
0.34,1,-0.8,-0.685722,-0.075215,-4.34546,-0.114278
0.34,2,1.2,1.27505,-0.0881631,-2.07515,-0.0750493
0.34,3,0,0,0,0,0
0.34,4,-0.4,-0.357444,-0.0881258,-0.296386,-0.0425561
0.34,5,0,0,0,0,0
0.35,0,0,0,0,0,0
0.35,1,-0.8,-0.686568,-0.0917463,-4.26205,-0.113432
0.35,2,1.2,1.2741,-0.100145,-2.0227,-0.0740998
0.35,3,0,0,0,0,0
0.35,4,-0.4,-0.35839,-0.0996066,-0.283075,-0.0416097
0.35,5,0,0,0,0,0
0.36,0,0,0,0,0,0
0.36,1,-0.8,-0.687564,-0.105649,-4.1805,-0.112436
0.36,2,1.2,1.27304,-0.109752,-1.9718,-0.0730435
0.36,3,0,0,0,0,0
0.36,4,-0.4,-0.359439,-0.10879,-0.270095,-0.0405613
0.36,5,0,0,0,0,0
0.37,0,0,0,0,0,0
0.37,1,-0.8,-0.688685,-0.116989,-4.10165,-0.111315
0.37,2,1.2,1.2719,-0.117066,-1.92299,-0.0719039
0.37,3,0,0,0,0,0
0.37,4,-0.4,-0.360567,-0.115752,-0.25759,-0.0394333
0.37,5,0,0,0,0,0
0.38,0,0,0,0,0,0
0.38,1,-0.8,-0.689905,-0.125854,-4.02623,-0.110095
0.38,2,1.2,1.2707,-0.122194,-1.87671,-0.0707033
0.38,3,0,0,0,0,0
0.38,4,-0.4,-0.361753,-0.120595,-0.245682,-0.0382474
0.38,5,0,0,0,0,0
0.39,0,0,0,0,0,0
0.39,1,-0.8,-0.691202,-0.132356,-3.95487,-0.108798
0.39,2,1.2,1.26946,-0.125266,-1.83335,-0.0694629
0.39,3,0,0,0,0,0
0.39,4,-0.4,-0.362976,-0.123442,-0.234473,-0.0370242
0.39,5,0,0,0,0,0
0.4,0,0,0,0,0,0
0.4,1,-0.8,-0.69255,-0.136626,-3.88811,-0.10745
0.4,2,1.2,1.2682,-0.126428,-1.79321,-0.0682023
0.4,3,0,0,0,0,0
0.4,4,-0.4,-0.364217,-0.124435,-0.224046,-0.0357829
0.4,5,0,0,0,0,0
0.41,0,0,0,0,0,0
0.41,1,-0.8,-0.69393,-0.138806,-3.82637,-0.10607
0.41,2,1.2,1.26694,-0.125839,-1.75652,-0.0669399
0.41,3,0,0,0,0,0
0.41,4,-0.4,-0.365459,-0.123726,-0.214466,-0.0345411
0.41,5,0,0,0,0,0
0.42,0,0,0,0,0,0
0.42,1,-0.8,-0.695321,-0.139056,-3.76998,-0.104679
0.42,2,1.2,1.26569,-0.12367,-1.72343,-0.0656922
0.42,3,0,0,0,0,0
0.42,4,-0.4,-0.366685,-0.121481,-0.205779,-0.033315
0.42,5,0,0,0,0,0
0.43,0,0,0,0,0,0
0.43,1,-0.8,-0.696705,-0.137542,-3.71918,-0.103295
0.43,2,1.2,1.26447,-0.120094,-1.69403,-0.0644741
0.43,3,0,0,0,0,0
0.43,4,-0.4,-0.367881,-0.117869,-0.198017,-0.032119
0.43,5,0,0,0,0,0
0.44,0,0,0,0,0,0
0.44,1,-0.8,-0.698064,-0.134436,-3.67411,-0.101936
0.44,2,1.2,1.2633,-0.115289,-1.66838,-0.0632986
0.44,3,0,0,0,0,0
0.44,4,-0.4,-0.369034,-0.113062,-0.191195,-0.0309658
0.44,5,0,0,0,0,0
0.45,0,0,0,0,0,0
0.45,1,-0.8,-0.699385,-0.129918,-3.63485,-0.100615
0.45,2,1.2,1.26218,-0.109432,-1.64645,-0.0621772
0.45,3,0,0,0,0,0
0.45,4,-0.4,-0.370134,-0.107234,-0.185315,-0.0298665
0.45,5,0,0,0,0,0
0.46,0,0,0,0,0,0
0.46,1,-0.8,-0.700654,-0.124166,-3.60136,-0.0993465
0.46,2,1.2,1.26112,-0.102697,-1.62818,-0.0611192
0.46,3,0,0,0,0,0
0.46,4,-0.4,-0.37117,-0.100554,-0.180365,-0.0288303
0.46,5,0,0,0,0,0
0.47,0,0,0,0,0,0
0.47,1,-0.8,-0.701859,-0.11736,-3.57358,-0.0981415
0.47,2,1.2,1.26013,-0.0952533,-1.61347,-0.0601327
0.47,3,0,0,0,0,0
0.47,4,-0.4,-0.372135,-0.0931865,-0.176325,-0.0278647
0.47,5,0,0,0,0,0
0.48,0,0,0,0,0,0
0.48,1,-0.8,-0.702991,-0.109677,-3.55135,-0.0970095
0.48,2,1.2,1.25922,-0.0872628,-1.60219,-0.0592237
0.48,3,0,0,0,0,0
0.48,4,-0.4,-0.373024,-0.0852915,-0.173162,-0.0269759
0.48,5,0,0,0,0,0
0.49,0,0,0,0,0,0
0.49,1,-0.8,-0.704042,-0.101288,-3.53447,-0.0959583
0.49,2,1.2,1.2584,-0.078879,-1.59415,-0.0583969
0.49,3,0,0,0,0,0
0.49,4,-0.4,-0.373832,-0.0770186,-0.170837,-0.0261683
0.49,5,0,0,0,0,0
0.5,0,7.03244e-05,0,0,0.00281298,7.03244e-05
0.5,1,-0.79963,-0.705006,-0.0923593,-3.50789,-0.0946242
0.5,2,1.1995,1.25766,-0.0702455,-1.60408,-0.0581522
0.5,3,0.000105727,0,0,0.00105727,0.000105727
0.5,4,-0.399889,-0.374555,-0.068509,-0.168415,-0.0253336
0.5,5,0.000153313,0,0,0.000766565,0.000153313
0.51,0,0.000773569,2.42462e-06,0.000600393,0.0290446,0.000771144
0.51,1,-0.79593,-0.705796,-0.06397,-3.41347,-0.0901346
0.51,2,1.19454,1.25685,-0.0954736,-1.67857,-0.0623174
0.51,3,0.001163,9.86891e-06,0.00245787,0.0100566,0.00115313
0.51,4,-0.398778,-0.375109,-0.041346,-0.168677,-0.0236687
0.51,5,0.00168644,2.17328e-05,0.00518996,0.00676656,0.00166471
0.52,0,0.00147681,1.63995e-05,0.00218488,0.0518619,0.00146041
0.52,1,-0.792231,-0.706199,-0.0198961,-3.3816,-0.0860322
0.52,2,1.18957,1.25563,-0.145676,-1.69048,-0.0660612
0.52,3,0.00222027,6.72327e-05,0.00895199,0.0161592,0.00215304
0.52,4,-0.397667,-0.375335,-0.00793193,-0.174687,-0.0223317
0.52,5,0.00321957,0.000132308,0.0165079,0.010484,0.00308727
0.53,0,0.00218006,5.08506e-05,0.00458614,0.0714099,0.00212921
0.53,1,-0.788531,-0.70614,0.0268363,-3.37615,-0.082391
0.53,2,1.1846,1.25388,-0.197547,-1.68343,-0.069284
0.53,3,0.00327754,0.00020679,0.0184026,0.019666,0.00307075
0.53,4,-0.396556,-0.375263,0.0182286,-0.179453,-0.0212923
0.53,5,0.0047527,0.000375227,0.0309789,0.0125937,0.00437748
0.54,0,0.0028833,0.000113038,0.007641,0.0878876,0.00277026
0.54,1,-0.784832,-0.705623,0.0716631,-3.38334,-0.0792088
0.54,2,1.17963,1.25165,-0.24412,-1.6722,-0.0720145
0.54,3,0.00433482,0.000451568,0.0296328,0.0210528,0.00388325
0.54,4,-0.395445,-0.374975,0.0364405,-0.181976,-0.0204695
0.54,5,0.00628583,0.000771623,0.0468341,0.0135208,0.00551421
0.55,0,0.00358655,0.000208671,0.0112018,0.101509,0.00337787
0.55,1,-0.781132,-0.704676,0.113061,-3.39745,-0.0764567
0.55,2,1.17467,1.24898,-0.283858,-1.66178,-0.0743167
0.55,3,0.00539209,0.000813565,0.0416198,0.0208133,0.00457852
0.55,4,-0.394334,-0.374539,0.0488883,-0.182805,-0.0197951
0.55,5,0.00781896,0.0013286,0.0629166,0.0135768,0.00649037
0.56,0,0.00428979,0.000342084,0.0151395,0.11249,0.00394771
0.56,1,-0.777433,-0.703335,0.150641,-3.41583,-0.0740976
0.56,2,1.1697,1.24596,-0.316978,-1.6538,-0.0762584
0.56,3,0.00644936,0.00129575,0.0535611,0.0193995,0.00515361
0.56,4,-0.393223,-0.373999,0.0577842,-0.182684,-0.019224
0.56,5,0.00935209,0.00204386,0.0784413,0.0130088,0.00730823
0.57,0,0.00499303,0.000516419,0.0193426,0.121037,0.00447662
0.57,1,-0.773733,-0.70164,0.18446,-3.43712,-0.0720935
0.57,2,1.16473,1.24263,-0.344209,-1.64864,-0.0779019
0.57,3,0.00750663,0.00189428,0.0648718,0.0172005,0.00561235
0.57,4,-0.392112,-0.373381,0.0647364,-0.182209,-0.0187301
0.57,5,0.0108852,0.00290876,0.0928831,0.0120174,0.00797646
0.58,0,0.00569628,0.000733796,0.0237165,0.12735,0.00496248
0.58,1,-0.770034,-0.699626,0.214743,-3.46054,-0.0704078
0.58,2,1.15976,1.23906,-0.366381,-1.64629,-0.0793016
0.58,3,0.00856391,0.00260054,0.0751591,0.0145382,0.00596337
0.58,4,-0.391001,-0.3727,0.0707578,-0.181779,-0.0183
0.58,5,0.0124184,0.00391051,0.105913,0.0107653,0.00850784
0.59,0,0.00639952,0.00099547,0.0281807,0.13162,0.00540405
0.59,1,-0.766334,-0.697327,0.241778,-3.48561,-0.069007
0.59,2,1.15479,1.2353,-0.384286,-1.64654,-0.0805037
0.59,3,0.00962118,0.00340289,0.0841893,0.0116693,0.00621828
0.59,4,-0.389889,-0.371962,0.0764169,-0.181631,-0.0179278
0.59,5,0.0139515,0.00503392,0.117354,0.00938153,0.00891756
0.6,0,0.00710277,0.00130196,0.0326674,0.13403,0.00580081
0.6,1,-0.762634,-0.694774,0.265865,-3.51199,-0.06786
0.6,2,1.14983,1.23137,-0.398637,-1.64913,-0.0815469
0.6,3,0.0106785,0.00428809,0.0918548,0.00879074,0.00639036
0.6,4,-0.388778,-0.371167,0.0819861,-0.181886,-0.0176116
0.6,5,0.0154846,0.00626268,0.127147,0.00796546,0.00922193
0.61,0,0.00780601,0.00165317,0.0371195,0.134755,0.00615284
0.61,1,-0.758935,-0.691996,0.287288,-3.53942,-0.066939
0.61,2,1.14486,1.22732,-0.410056,-1.65378,-0.0824631
0.61,3,0.0117357,0.00524235,0.0981442,0.0060472,0.00649337
0.61,4,-0.387667,-0.370316,0.0875547,-0.182586,-0.0173511
0.61,5,0.0170177,0.00758041,0.13532,0.00659078,0.00943733
0.62,0,0.00850926,0.00204848,0.0414892,0.133963,0.00646077
0.62,1,-0.755235,-0.689016,0.30631,-3.56768,-0.0662188
0.62,2,1.13989,1.22317,-0.419086,-1.66019,-0.0832787
0.62,3,0.012793,0.00625219,0.103116,0.00353845,0.00654081
0.62,4,-0.386556,-0.36941,0.0931085,-0.183723,-0.0171461
0.62,5,0.0185509,0.00897135,0.141961,0.00530922,0.00957952
0.63,0,0.0092125,0.00248685,0.0457366,0.131816,0.00672565
0.63,1,-0.751536,-0.685859,0.323169,-3.59658,-0.0656767
0.63,2,1.13492,1.21894,-0.426188,-1.66807,-0.084015
0.63,3,0.0138503,0.00730498,0.106876,0.00132706,0.00654529
0.63,4,-0.385445,-0.368449,0.0985804,-0.185261,-0.0169964
0.63,5,0.020084,0.0104209,0.147204,0.00415427,0.00966311
0.64,0,0.00991574,0.00296686,0.0498285,0.12847,0.00694888
0.64,1,-0.747836,-0.682544,0.338072,-3.62591,-0.0652923
0.64,2,1.12996,1.21465,-0.431755,-1.67716,-0.084689
0.64,3,0.0149075,0.00838933,0.109561,-0.000554386,0.00651821
0.64,4,-0.384334,-0.367434,0.103883,-0.187145,-0.0169005
0.64,5,0.0216171,0.0119159,0.151205,0.00314469,0.00970124
0.65,0,0.010619,0.00348681,0.0537376,0.124074,0.00713218
0.65,1,-0.744137,-0.679089,0.351205,-3.6555,-0.0650471
0.65,2,1.12499,1.2103,-0.436118,-1.68719,-0.0853142
0.65,3,0.0159648,0.00949531,0.11132,-0.00209672,0.0064695
0.65,4,-0.383223,-0.366367,0.108929,-0.189314,-0.0168562
0.65,5,0.0231503,0.0134449,0.154131,0.00228764,0.00970541
0.66,0,0.0113222,0.00404473,0.0574416,0.118775,0.0072775
0.66,1,-0.740437,-0.675513,0.36273,-3.68516,-0.0649243
0.66,2,1.12002,1.20592,-0.439556,-1.69792,-0.085901
0.66,3,0.0170221,0.0106145,0.112307,-0.00330835,0.00640757
0.66,4,-0.382112,-0.365251,0.113639,-0.191705,-0.0168607
0.66,5,0.0246834,0.014998,0.156152,0.00158159,0.00968543
0.67,0,0.0120255,0.00463849,0.0609228,0.112711,0.00738699
0.67,1,-0.736737,-0.671829,0.372789,-3.71471,-0.0649085
0.67,2,1.11505,1.20151,-0.442297,-1.70913,-0.0864575
0.67,3,0.0180794,0.01174,0.112672,-0.00421026,0.00633931
0.67,4,-0.381001,-0.364091,0.117948,-0.194255,-0.0169101
0.67,5,0.0262165,0.0165671,0.157429,0.00101872,0.00964947
0.68,0,0.0127287,0.00526576,0.0641672,0.106017,0.00746296
0.68,1,-0.733038,-0.668052,0.38151,-3.74396,-0.0649858
0.68,2,1.11009,1.19708,-0.444531,-1.72062,-0.0869895
0.68,3,0.0191366,0.0128665,0.112556,-0.00483175,0.00627016
0.68,4,-0.37989,-0.36289,0.121811,-0.196907,-0.0170002
0.68,5,0.0277497,0.0181455,0.158112,0.000586981,0.00960412
0.69,0,0.013432,0.00592412,0.0671647,0.0988194,0.00750784
0.69,1,-0.729338,-0.664195,0.389005,-3.77276,-0.0651435
0.69,2,1.10512,1.19262,-0.446412,-1.73221,-0.0875012
0.69,3,0.0201939,0.0139897,0.112082,-0.00520702,0.00620423
0.69,4,-0.378779,-0.361653,0.125194,-0.199607,-0.0171262
0.69,5,0.0292828,0.0197282,0.158337,0.000271759,0.00955457
0.7,0,0.0141352,0.00661107,0.0699083,0.0912407,0.00752414
0.7,1,-0.725639,-0.660269,0.395378,-3.80093,-0.06537
0.7,2,1.10015,1.18815,-0.448063,-1.74374,-0.0879955
0.7,3,0.0212512,0.0151067,0.111362,-0.00537244,0.00614448
0.7,4,-0.377668,-0.360385,0.128082,-0.202308,-0.0172834
0.7,5,0.0308159,0.0213112,0.158221,5.7237e-05,0.00950473
0.71,0,0.0148385,0.00732404,0.0723937,0.0833954,0.00751441
0.71,1,-0.721939,-0.656285,0.400721,-3.82834,-0.0656544
0.71,2,1.09518,1.18366,-0.449582,-1.75505,-0.088474
0.71,3,0.0223084,0.0162156,0.110488,-0.00536443,0.00609285
0.71,4,-0.376557,-0.35909,0.130471,-0.204969,-0.0174667
0.71,5,0.032349,0.0228916,0.157866,-7.26012e-05,0.00945744
0.72,0,0.0155417,0.00806043,0.0746198,0.0753911,0.00748126
0.72,1,-0.71824,-0.652253,0.40512,-3.85484,-0.065987
0.72,2,1.09022,1.17915,-0.451045,-1.76604,-0.0889377
0.72,3,0.0233657,0.0173153,0.109537,-0.00521796,0.00605043
0.72,4,-0.375446,-0.357775,0.132368,-0.207554,-0.0176712
0.72,5,0.0338822,0.0244676,0.157354,-0.00013322,0.00941462
0.73,0,0.0162449,0.00881767,0.0765876,0.0673281,0.00742728
0.73,1,-0.71454,-0.648181,0.408657,-3.88032,-0.0663587
0.73,2,1.08525,1.17464,-0.452508,-1.77659,-0.0893868
0.73,3,0.024423,0.0184053,0.10857,-0.00496547,0.00601766
0.73,4,-0.374335,-0.356443,0.13379,-0.210032,-0.0178921
0.73,5,0.0354153,0.0260378,0.156754,-0.000139009,0.00937746
0.74,0,0.0169482,0.00959317,0.0783006,0.0592986,0.00735501
0.74,1,-0.71084,-0.644079,0.411406,-3.90468,-0.0667615
0.74,2,1.08028,1.1701,-0.454012,-1.78661,-0.0898211
0.74,3,0.0254803,0.0194858,0.107634,-0.00463619,0.00599442
0.74,4,-0.373224,-0.355099,0.134761,-0.212377,-0.0181246
0.74,5,0.0369484,0.0276019,0.156119,-0.000102952,0.00934653
0.75,0,0.0176514,0.0103844,0.0797644,0.0513868,0.007267
0.75,1,-0.707141,-0.639953,0.413439,-3.92782,-0.0671877
0.75,2,1.07531,1.16555,-0.455584,-1.79603,-0.09024
0.75,3,0.0265375,0.0205573,0.106763,-0.00425579,0.00598021
0.75,4,-0.372113,-0.353748,0.135309,-0.214571,-0.0183645
0.75,5,0.0384816,0.0291596,0.155488,-3.64488e-05,0.00932196
0.76,0,0.0183547,0.011189,0.0809863,0.0436683,0.00716568
0.76,1,-0.703441,-0.635811,0.414823,-3.9497,-0.0676306
0.76,2,1.07035,1.16099,-0.457242,-1.8048,-0.0906427
0.76,3,0.0275948,0.0216206,0.105981,-0.00384624,0.00597423
0.76,4,-0.371002,-0.352394,0.135468,-0.216596,-0.0186078
0.76,5,0.0400147,0.0307112,0.15489,5.07477e-05,0.00930354
0.77,0,0.0190579,0.0120045,0.0819756,0.0362104,0.00705343
0.77,1,-0.699742,-0.631658,0.415625,-3.97024,-0.0680842
0.77,2,1.06538,1.15641,-0.458994,-1.81286,-0.0910284
0.77,3,0.0286521,0.0226766,0.105302,-0.0034259,0.00597552
0.77,4,-0.369891,-0.35104,0.135273,-0.218441,-0.0188506
0.77,5,0.0415478,0.032257,0.154345,0.000150503,0.00929082
0.78,0,0.0197612,0.0128286,0.082743,0.029072,0.00693252
0.78,1,-0.696042,-0.627499,0.415905,-3.98943,-0.0685428
0.78,2,1.06041,1.15181,-0.460839,-1.8202,-0.091396
0.78,3,0.0297094,0.0237264,0.104733,-0.00300971,0.005983
0.78,4,-0.36878,-0.34969,0.134762,-0.220099,-0.0190897
0.78,5,0.043081,0.0337978,0.153866,0.000256212,0.00928319
0.79,0,0.0204644,0.0136593,0.0833003,0.0223034,0.0068051
0.79,1,-0.692343,-0.623341,0.415724,-4.00724,-0.0690017
0.79,2,1.05544,1.14719,-0.462773,-1.82679,-0.0917446
0.79,3,0.0307666,0.0247711,0.104275,-0.00260942,0.00599555
0.79,4,-0.367669,-0.348346,0.133973,-0.221564,-0.0193222
0.79,5,0.0446141,0.0353341,0.153457,0.000362668,0.00927997
0.8,0,0.0211677,0.0144944,0.0836606,0.0159465,0.00667321
0.8,1,-0.688643,-0.619187,0.415139,-4.02367,-0.0694564
0.8,2,1.05048,1.14255,-0.464785,-1.83263,-0.0920735
0.8,3,0.0318239,0.0258118,0.103925,-0.00223398,0.00601209
0.8,4,-0.366557,-0.347012,0.132945,-0.222835,-0.0195454
0.8,5,0.0461472,0.0368668,0.153121,0.000465909,0.00928044
0.81,0,0.0218709,0.0153322,0.083838,0.0100352,0.00653873
0.81,1,-0.684943,-0.61504,0.414204,-4.03875,-0.0699034
0.81,2,1.04551,1.13789,-0.466864,-1.83773,-0.0923818
0.81,3,0.0328812,0.0268496,0.103676,-0.00188988,0.00603156
0.81,4,-0.365446,-0.345689,0.131714,-0.223914,-0.0197572
0.81,5,0.0476804,0.0383965,0.152854,0.00056305,0.00928388
0.82,0,0.0225741,0.0161707,0.0838469,0.00459558,0.00640341
0.82,1,-0.681244,-0.610905,0.41297,-4.05248,-0.0703393
0.82,2,1.04054,1.13321,-0.468993,-1.84209,-0.0926691
0.82,3,0.0339384,0.0278854,0.103519,-0.00158147,0.00605301
0.82,4,-0.364335,-0.34438,0.130317,-0.224804,-0.0199557
0.82,5,0.0492135,0.0399239,0.152653,0.000652119,0.00928962
0.83,0,0.0232774,0.0170085,0.0837026,-0.000353635,0.00626886
0.83,1,-0.677544,-0.606783,0.411488,-4.06492,-0.0707615
0.83,2,1.03557,1.12851,-0.471155,-1.84574,-0.0929349
0.83,3,0.0349957,0.0289202,0.103445,-0.00131135,0.00607556
0.83,4,-0.363224,-0.343085,0.128789,-0.225511,-0.0201395
0.83,5,0.0507466,0.0414496,0.152511,0.000731894,0.00929705
0.84,0,0.0239806,0.0178441,0.0834205,-0.00480084,0.00613652
0.84,1,-0.673845,-0.602677,0.409802,-4.07611,-0.0711676
0.84,2,1.0306,1.12378,-0.473334,-1.8487,-0.093179
0.84,3,0.036053,0.0299545,0.103442,-0.00108065,0.00609845
0.84,4,-0.362113,-0.341806,0.127164,-0.226042,-0.0203075
0.84,5,0.0522797,0.0429741,0.152421,0.000801761,0.0093056
0.85,0,0.0246839,0.0186762,0.0830161,-0.00874095,0.00600769
0.85,1,-0.670145,-0.598589,0.407956,-4.08611,-0.0715561
0.85,2,1.02564,1.11904,-0.475509,-1.85102,-0.0934013
0.85,3,0.0371103,0.0309892,0.1035,-0.000889356,0.00612104
0.85,4,-0.361002,-0.340543,0.125472,-0.226407,-0.0204588
0.85,5,0.0538129,0.0444981,0.152375,0.000861579,0.00931481
0.86,0,0.0253871,0.0195036,0.082505,-0.0121749,0.0058835
0.86,1,-0.666446,-0.59452,0.405992,-4.09499,-0.0719253
0.86,2,1.02067,1.11427,-0.477664,-1.85273,-0.0936019
0.86,3,0.0381675,0.0320248,0.103607,-0.000736533,0.00614276
0.86,4,-0.359891,-0.339298,0.123743,-0.226615,-0.020593
0.86,5,0.055346,0.0460217,0.152366,0.000911564,0.00932427
0.87,0,0.0260904,0.0203254,0.0819023,-0.0151092,0.00576494
0.87,1,-0.662746,-0.590472,0.403945,-4.10281,-0.0722745
0.87,2,1.0157,1.10948,-0.479782,-1.85387,-0.0937812
0.87,3,0.0392248,0.0330616,0.103754,-0.000620575,0.00616318
0.87,4,-0.35878,-0.33807,0.122001,-0.226679,-0.0207098
0.87,5,0.0568791,0.0475455,0.152387,0.000952191,0.00933365
0.88,0,0.0267936,0.0211408,0.081223,-0.0175552,0.00565284
0.88,1,-0.659047,-0.586444,0.401851,-4.10967,-0.0726029
0.88,2,1.01073,1.10467,-0.481845,-1.8545,-0.0939396
0.88,3,0.0402821,0.0341001,0.103932,-0.000539379,0.00618196
0.88,4,-0.357669,-0.33686,0.120272,-0.22661,-0.0208092
0.88,5,0.0584123,0.0490696,0.152431,0.000984112,0.00934268
0.89,0,0.0274969,0.021949,0.0804815,-0.0195288,0.00554789
0.89,1,-0.655347,-0.582437,0.39974,-4.11563,-0.0729102
0.89,2,1.00577,1.09984,-0.48384,-1.85465,-0.0940777
0.89,3,0.0413394,0.0351405,0.104131,-0.000490507,0.00619883
0.89,4,-0.356558,-0.335667,0.118576,-0.22642,-0.0208915
0.89,5,0.0599454,0.0505942,0.152493,0.00100809,0.00935118
0.9,0,0.0282001,0.0227495,0.0796916,-0.0210496,0.00545063
0.9,1,-0.651647,-0.578451,0.397642,-4.12078,-0.0731965
0.9,2,1.0008,1.095,-0.485752,-1.85438,-0.0941963
0.9,3,0.0423966,0.036183,0.104346,-0.000471313,0.00621362
0.9,4,-0.355447,-0.33449,0.116932,-0.226123,-0.0209571
0.9,5,0.0614785,0.0521195,0.152567,0.00102494,0.00935898
0.91,0,0.0289033,0.0235419,0.0788665,-0.0221405,0.00536147
0.91,1,-0.647948,-0.574486,0.39558,-4.12522,-0.0734619
0.91,2,0.995832,1.09013,-0.48757,-1.85375,-0.0942963
0.91,3,0.0434539,0.0372277,0.104569,-0.000479047,0.00622621
0.91,4,-0.354336,-0.333329,0.115356,-0.225731,-0.0210067
0.91,5,0.0630117,0.0536457,0.152648,0.0010355,0.009366
0.92,0,0.0296066,0.0243259,0.0780184,-0.0228272,0.0052807
0.92,1,-0.644248,-0.570541,0.393577,-4.12901,-0.0737071
0.92,2,0.990864,1.08524,-0.489283,-1.85279,-0.0943787
0.92,3,0.0445112,0.0382746,0.104794,-0.000510935,0.00623656
0.92,4,-0.353225,-0.332184,0.113861,-0.225258,-0.0210409
0.92,5,0.0645448,0.0551726,0.152734,0.00104058,0.00937218
0.93,0,0.0303098,0.0251013,0.0771589,-0.0231375,0.00520848
0.93,1,-0.640549,-0.566616,0.391652,-4.13226,-0.0739326
0.93,2,0.985896,1.08034,-0.490883,-1.85157,-0.0944446
0.93,3,0.0455684,0.0393238,0.105018,-0.000564237,0.00624466
0.93,4,-0.352114,-0.331053,0.11246,-0.224716,-0.0210607
0.93,5,0.0660779,0.0567004,0.152821,0.00104098,0.00937748
0.94,0,0.0310131,0.0258682,0.0762986,-0.0231009,0.00514487
0.94,1,-0.636849,-0.56271,0.389822,-4.13504,-0.0741395
0.94,2,0.980929,1.07542,-0.492362,-1.85013,-0.0944951
0.94,3,0.0466257,0.0403752,0.105236,-0.000636298,0.00625054
0.94,4,-0.351003,-0.329936,0.111162,-0.224117,-0.021067
0.94,5,0.067611,0.0582291,0.152907,0.00103743,0.00938193
0.95,0,0.0317163,0.0266265,0.0754471,-0.0227482,0.00508983
0.95,1,-0.63315,-0.558821,0.388099,-4.13744,-0.0743285
0.95,2,0.975961,1.07049,-0.493717,-1.84851,-0.0945315
0.95,3,0.047683,0.0414287,0.105446,-0.000724576,0.00625429
0.95,4,-0.349892,-0.328831,0.109972,-0.223474,-0.0210609
0.95,5,0.0691442,0.0597587,0.15299,0.00103059,0.00938552
0.96,0,0.0324196,0.0273764,0.074613,-0.0221108,0.0050432
0.96,1,-0.62945,-0.554949,0.386495,-4.13953,-0.074501
0.96,2,0.970994,1.06555,-0.494943,-1.84677,-0.0945551
0.96,3,0.0487403,0.0424843,0.105644,-0.000826665,0.006256
0.96,4,-0.348781,-0.327737,0.108897,-0.222797,-0.0210436
0.96,5,0.0706773,0.061289,0.153068,0.00102109,0.00938832
0.97,0,0.0331228,0.028118,0.0738041,-0.0212207,0.00500479
0.97,1,-0.62575,-0.551092,0.385018,-4.14138,-0.0746582
0.97,2,0.966026,1.06059,-0.496038,-1.84494,-0.0945672
0.97,3,0.0497975,0.0435417,0.10583,-0.000940309,0.0062558
0.97,4,-0.34767,-0.326653,0.107938,-0.222098,-0.0210161
0.97,5,0.0722104,0.0628201,0.153141,0.00100948,0.00939036
0.98,0,0.0338261,0.0288518,0.0730272,-0.0201096,0.0049743
0.98,1,-0.622051,-0.54725,0.383674,-4.14308,-0.0748013
0.98,2,0.961058,1.05563,-0.497002,-1.84306,-0.094569
0.98,3,0.0508548,0.044601,0.106002,-0.00106341,0.00625381
0.98,4,-0.346559,-0.325579,0.107097,-0.221387,-0.0209798
0.98,5,0.0737436,0.0643519,0.153208,0.000996228,0.00939171
0.99,0,0.0345293,0.0295779,0.0722879,-0.018809,0.00495137
0.99,1,-0.618351,-0.54342,0.382467,-4.14467,-0.0749317
0.99,2,0.956091,1.05065,-0.497837,-1.84118,-0.0945618
0.99,3,0.0519121,0.0456619,0.10616,-0.00119403,0.00625018
0.99,4,-0.345448,-0.324512,0.106375,-0.220672,-0.0209356
0.99,5,0.0752767,0.0658843,0.153268,0.000981776,0.00939243
1,0,0.0352325,0.0302969,0.0715912,-0.0173495,0.0049356
1,1,-0.614652,-0.539601,0.381399,-4.14623,-0.0750508
1,2,0.951123,1.04567,-0.498545,-1.83932,-0.0945471
1,3,0.0529693,0.0467243,0.106302,-0.00133038,0.00624506
1,4,-0.344336,-0.323452,0.105768,-0.219963,-0.0208849
1,5,0.0768098,0.0674172,0.153321,0.000966492,0.00939258
1.01,0,0.0359358,0.0310092,0.070941,-0.0157611,0.00492655
1.01,1,-0.610952,-0.535792,0.380469,-4.14781,-0.07516
1.01,2,0.946156,1.04068,-0.499129,-1.83752,-0.0945259
1.01,3,0.0540266,0.047788,0.106428,-0.00147086,0.00623861
1.01,4,-0.343225,-0.322397,0.105275,-0.219267,-0.0208287
1.01,5,0.078343,0.0689507,0.153368,0.000950698,0.00939223
1.02,0,0.036639,0.0317153,0.0703405,-0.0140722,0.00492373
1.02,1,-0.607253,-0.531992,0.379676,-4.14946,-0.0752607
1.02,2,0.941188,1.03569,-0.499593,-1.8358,-0.0944996
1.02,3,0.0550839,0.0488529,0.106539,-0.00161397,0.00623097
1.02,4,-0.342114,-0.321346,0.104891,-0.218591,-0.0207682
1.02,5,0.0798761,0.0704846,0.153409,0.000934668,0.00939145
1.03,0,0.0373423,0.0324156,0.0697918,-0.0123101,0.00492663
1.03,1,-0.603553,-0.528199,0.379016,-4.15122,-0.0753541
1.03,2,0.93622,1.03069,-0.499945,-1.83419,-0.0944692
1.03,3,0.0561412,0.0499189,0.106636,-0.00175841,0.00622231
1.03,4,-0.341003,-0.320299,0.104611,-0.217941,-0.0207045
1.03,5,0.0814092,0.0720189,0.153443,0.00091864,0.0093903
1.04,0,0.0380455,0.0331108,0.0692964,-0.0105002,0.00493473
1.04,1,-0.599853,-0.524412,0.378486,-4.15313,-0.0754417
1.04,2,0.931253,1.02569,-0.500188,-1.8327,-0.0944359
1.04,3,0.0571984,0.0509857,0.106718,-0.00190297,0.00621276
1.04,4,-0.339892,-0.319254,0.104429,-0.217322,-0.0206384
1.04,5,0.0829423,0.0735535,0.153471,0.000902811,0.00938884
1.05,0,0.0387488,0.0338013,0.0688552,-0.00866659,0.00494748
1.05,1,-0.596154,-0.520629,0.378079,-4.15522,-0.0755247
1.05,2,0.926285,1.02069,-0.500332,-1.83136,-0.0944008
1.05,3,0.0582557,0.0520532,0.106786,-0.00204662,0.00620247
1.05,4,-0.338781,-0.31821,0.104338,-0.216738,-0.0205711
1.05,5,0.0844755,0.0750883,0.153494,0.000887348,0.00938713
1.06,0,0.039452,0.0344877,0.0684683,-0.0068312,0.00496434
1.06,1,-0.592454,-0.51685,0.377788,-4.15753,-0.0756042
1.06,2,0.921318,1.01568,-0.500382,-1.83018,-0.0943647
1.06,3,0.059313,0.0531214,0.10684,-0.00218842,0.00619158
1.06,4,-0.33767,-0.317167,0.104332,-0.216193,-0.0205033
1.06,5,0.0860086,0.0766234,0.153512,0.00087239,0.00938521
1.07,0,0.0401552,0.0351705,0.0681351,-0.00501424,0.00498478
1.07,1,-0.588755,-0.513073,0.377606,-4.16008,-0.0756814
1.07,2,0.91635,1.01068,-0.500347,-1.82917,-0.0943286
1.07,3,0.0603703,0.05419,0.106883,-0.00232756,0.0061802
1.07,4,-0.336559,-0.316123,0.104404,-0.215689,-0.0204359
1.07,5,0.0875417,0.0781586,0.153526,0.000858051,0.00938314
1.08,0,0.0408585,0.0358502,0.0678548,-0.00323394,0.00500826
1.08,1,-0.585055,-0.509298,0.377526,-4.16287,-0.0757574
1.08,2,0.911382,1.00568,-0.500235,-1.82833,-0.0942933
1.08,3,0.0614275,0.0552591,0.106913,-0.00246335,0.00616847
1.08,4,-0.335448,-0.315078,0.104545,-0.21523,-0.0203697
1.08,5,0.0890749,0.0796939,0.153535,0.000844422,0.00938097
1.09,0,0.0415617,0.0365275,0.0676256,-0.00150657,0.00503426
1.09,1,-0.581356,-0.505523,0.377538,-4.16594,-0.0758331
1.09,2,0.906415,1.00067,-0.500054,-1.82768,-0.0942595
1.09,3,0.0624848,0.0563283,0.106933,-0.0025952,0.00615649
1.09,4,-0.334337,-0.314032,0.104748,-0.214815,-0.0203051
1.09,5,0.090608,0.0812293,0.15354,0.000831576,0.00937872
1.1,0,0.042265,0.0372027,0.0674458,0.000153576,0.00506227
1.1,1,-0.577656,-0.501747,0.377634,-4.16928,-0.0759094
1.1,2,0.901447,0.995675,-0.499812,-1.82721,-0.0942279
1.1,3,0.0635421,0.0573977,0.106944,-0.00272262,0.00614436
1.1,4,-0.333226,-0.312983,0.105005,-0.214446,-0.0202429
1.1,5,0.0921411,0.0827647,0.153542,0.00081957,0.00937643
1.11,0,0.0429682,0.0378764,0.067313,0.00173414,0.00509183
1.11,1,-0.573957,-0.497969,0.377804,-4.17289,-0.075987
1.11,2,0.89648,0.990679,-0.499517,-1.82693,-0.0941989
1.11,3,0.0645993,0.0584672,0.106945,-0.0028452,0.00613218
1.11,4,-0.332115,-0.311931,0.105309,-0.214123,-0.0201836
1.11,5,0.0936743,0.0843001,0.153541,0.000808442,0.00937415
1.12,0,0.0436715,0.038549,0.0672246,0.00322468,0.00512246
1.12,1,-0.570257,-0.49419,0.378039,-4.17679,-0.0760667
1.12,2,0.891512,0.985685,-0.499178,-1.82684,-0.0941732
1.12,3,0.0656566,0.0595366,0.106938,-0.00296264,0.00612004
1.12,4,-0.331004,-0.310876,0.105652,-0.213846,-0.0201275
1.12,5,0.0952074,0.0858355,0.153537,0.000798221,0.00937189
1.13,0,0.0443747,0.039221,0.0671778,0.00461659,0.00515375
1.13,1,-0.566557,-0.490408,0.378331,-4.18096,-0.0761491
1.13,2,0.886544,0.980695,-0.498802,-1.82693,-0.0941511
1.13,3,0.0667139,0.0606059,0.106924,-0.00307471,0.006108
1.13,4,-0.329893,-0.309818,0.106026,-0.213613,-0.020075
1.13,5,0.0967405,0.0873708,0.153531,0.000788923,0.00936967
1.14,0,0.045078,0.0398927,0.0671696,0.00590304,0.00518529
1.14,1,-0.562858,-0.486623,0.378669,-4.18539,-0.0762347
1.14,2,0.881577,0.97571,-0.498398,-1.82719,-0.0941328
1.14,3,0.0677712,0.061675,0.106904,-0.00318124,0.00609613
1.14,4,-0.328782,-0.308755,0.106425,-0.213423,-0.0200264
1.14,5,0.0982736,0.0889061,0.153524,0.000780552,0.00936753
1.15,0,0.0457812,0.0405645,0.0671966,0.00707892,0.00521672
1.15,1,-0.559158,-0.482834,0.379045,-4.19009,-0.0763239
1.15,2,0.876609,0.970728,-0.497971,-1.82762,-0.0941188
1.15,3,0.0688284,0.0627439,0.106879,-0.00328215,0.0060845
1.15,4,-0.327671,-0.307689,0.106841,-0.213275,-0.0199818
1.15,5,0.0998068,0.0904413,0.153514,0.000773104,0.00936547
1.16,0,0.0464844,0.0412367,0.0672558,0.00814071,0.0052477
1.16,1,-0.555459,-0.479042,0.379451,-4.19503,-0.076417
1.16,2,0.871642,0.965751,-0.497529,-1.82821,-0.0941091
1.16,3,0.0698857,0.0638126,0.106848,-0.00337741,0.00607315
1.16,4,-0.32656,-0.306618,0.107269,-0.213167,-0.0199416
1.16,5,0.10134,0.0919764,0.153503,0.000766566,0.00936352
1.17,0,0.0471877,0.0419098,0.0673436,0.00908637,0.00527793
1.17,1,-0.551759,-0.475245,0.379879,-4.20021,-0.0765142
1.17,2,0.866674,0.960778,-0.497079,-1.82896,-0.0941039
1.17,3,0.070943,0.0648809,0.106814,-0.00346705,0.00606212
1.17,4,-0.325449,-0.305543,0.107702,-0.213096,-0.0199056
1.17,5,0.102873,0.0935114,0.153492,0.000760919,0.00936168
1.18,0,0.0478909,0.0425838,0.0674567,0.00991529,0.00530713
1.18,1,-0.54806,-0.471444,0.38032,-4.20559,-0.0766159
1.18,2,0.861706,0.95581,-0.496626,-1.82984,-0.0941032
1.18,3,0.0720002,0.0659488,0.106776,-0.00355115,0.00605146
1.18,4,-0.324338,-0.304464,0.108136,-0.21306,-0.0198739
1.18,5,0.104406,0.0950462,0.153479,0.000756136,0.00935996
1.19,0,0.0485942,0.0432591,0.0675917,0.0106281,0.00533508
1.19,1,-0.54436,-0.467638,0.380767,-4.21118,-0.076722
1.19,2,0.856739,0.950846,-0.496176,-1.83086,-0.094107
1.19,3,0.0730575,0.0670163,0.106736,-0.00362983,0.00604119
1.19,4,-0.323227,-0.30338,0.108565,-0.213055,-0.0198466
1.19,5,0.105939,0.0965809,0.153466,0.000752185,0.00935838
1.2,0,0.0492974,0.0439358,0.0677455,0.0112267,0.00536158
1.2,1,-0.54066,-0.463828,0.381215,-4.21695,-0.0768325
1.2,2,0.851771,0.945886,-0.495733,-1.83199,-0.0941153
1.2,3,0.0741148,0.0680835,0.106694,-0.00370325,0.00603133
1.2,4,-0.322116,-0.302292,0.108984,-0.21308,-0.0198235
1.2,5,0.107472,0.0981155,0.153452,0.000749029,0.00935693
1.21,0,0.0500007,0.0446142,0.0679147,0.0117138,0.00538645
1.21,1,-0.536961,-0.460013,0.381656,-4.22287,-0.0769476
1.21,2,0.846804,0.940932,-0.495303,-1.83323,-0.094128
1.21,3,0.0751721,0.0691502,0.106651,-0.00377162,0.0060219
1.21,4,-0.321004,-0.3012,0.109391,-0.213132,-0.0198046
1.21,5,0.109006,0.0996499,0.153438,0.000746629,0.00935561
1.22,0,0.0507039,0.0452944,0.0680963,0.0120933,0.00540956
1.22,1,-0.533261,-0.456194,0.382086,-4.22894,-0.0770669
1.22,2,0.841836,0.935981,-0.494888,-1.83457,-0.0941448
1.22,3,0.0762293,0.0702164,0.106607,-0.00383515,0.0060129
1.22,4,-0.319893,-0.300104,0.10978,-0.213207,-0.0197896
1.22,5,0.110539,0.101184,0.153424,0.000744938,0.00935444
1.23,0,0.0514072,0.0459764,0.0682873,0.0123698,0.00543079
1.23,1,-0.529562,-0.452371,0.382499,-4.23512,-0.0771905
1.23,2,0.836868,0.931034,-0.494493,-1.83599,-0.0941657
1.23,3,0.0772866,0.0712823,0.106563,-0.0038941,0.00600435
1.23,4,-0.318782,-0.299004,0.11015,-0.213302,-0.0197784
1.23,5,0.112072,0.102718,0.15341,0.000743911,0.0093534
1.24,0,0.0521104,0.0466603,0.0684849,0.0125485,0.00545008
1.24,1,-0.525862,-0.448544,0.382891,-4.2414,-0.0773181
1.24,2,0.831901,0.926091,-0.49412,-1.83747,-0.0941905
1.24,3,0.0783439,0.0723476,0.106519,-0.00394874,0.00599624
1.24,4,-0.317671,-0.297901,0.110497,-0.213415,-0.0197708
1.24,5,0.113605,0.104252,0.153397,0.000743497,0.0093525
1.25,0,0.0528136,0.0473463,0.0686865,0.0126353,0.00546737
1.25,1,-0.522163,-0.444713,0.383258,-4.24775,-0.0774495
1.25,2,0.826933,0.921152,-0.493771,-1.83902,-0.0942188
1.25,3,0.0794012,0.0734126,0.106475,-0.00399935,0.00598856
1.25,4,-0.31656,-0.296794,0.11082,-0.213542,-0.0197665
1.25,5,0.115138,0.105786,0.153384,0.000743647,0.00935174
1.26,0,0.0535169,0.0480343,0.0688896,0.0126365,0.00548263
1.26,1,-0.518463,-0.440879,0.383597,-4.25417,-0.0775844
1.26,2,0.821966,0.916216,-0.49345,-1.84062,-0.0942505
1.26,3,0.0804584,0.0744771,0.106432,-0.00404622,0.00598132
1.26,4,-0.315449,-0.295684,0.111118,-0.213681,-0.0197653
1.26,5,0.116671,0.10732,0.153371,0.000744308,0.00935111
1.27,0,0.0542201,0.0487243,0.0690919,0.0125588,0.00549587
1.27,1,-0.514763,-0.437041,0.383906,-4.26062,-0.0777225
1.27,2,0.816998,0.911283,-0.493156,-1.84225,-0.0942853
1.27,3,0.0815157,0.0755412,0.106391,-0.00408965,0.0059745
1.27,4,-0.314338,-0.294571,0.111388,-0.21383,-0.019767
1.27,5,0.118204,0.108854,0.153359,0.000745429,0.0093506
1.28,0,0.0549234,0.0494163,0.0692915,0.0124092,0.00550709
1.28,1,-0.511064,-0.4332,0.384182,-4.26709,-0.0778636
1.28,2,0.81203,0.906353,-0.492891,-1.8439,-0.0943228
1.28,3,0.082573,0.0766049,0.106351,-0.00412996,0.00596808
1.28,4,-0.313227,-0.293456,0.111631,-0.213985,-0.0197711
1.28,5,0.119737,0.110387,0.153347,0.000746956,0.00935021
1.29,0,0.0556266,0.0501103,0.0694863,0.0121948,0.00551634
1.29,1,-0.507364,-0.429357,0.384425,-4.27356,-0.0780072
1.29,2,0.807063,0.901426,-0.492655,-1.84557,-0.0943628
1.29,3,0.0836302,0.0776682,0.106313,-0.00416745,0.00596205
1.29,4,-0.312116,-0.292338,0.111846,-0.214144,-0.0197776
1.29,5,0.121271,0.111921,0.153336,0.000748839,0.00934993
1.3,0,0.0563299,0.0508062,0.0696748,0.0119228,0.00552368
1.3,1,-0.503665,-0.425512,0.384632,-4.28002,-0.0781531
1.3,2,0.802095,0.8965,-0.492449,-1.84725,-0.094405
1.3,3,0.0846875,0.0787311,0.106277,-0.00420241,0.00595639
1.3,4,-0.311005,-0.291219,0.112032,-0.214305,-0.0197861
1.3,5,0.122804,0.113454,0.153326,0.000751025,0.00934975
1.31,0,0.0570331,0.0515039,0.0698556,0.0116004,0.00552918
1.31,1,-0.499965,-0.421664,0.384804,-4.28644,-0.0783008
1.31,2,0.797128,0.891577,-0.492273,-1.84893,-0.0944491
1.31,3,0.0857448,0.0797937,0.106243,-0.00423514,0.00595108
1.31,4,-0.309894,-0.290098,0.112191,-0.214465,-0.0197962
1.31,5,0.124337,0.114987,0.153316,0.000753467,0.00934968
1.32,0,0.0577364,0.0522034,0.0700273,0.0112347,0.00553291
1.32,1,-0.496266,-0.417816,0.38494,-4.29282,-0.07845
1.32,2,0.79216,0.886655,-0.492126,-1.85059,-0.0944948
1.32,3,0.0868021,0.080856,0.106212,-0.00426594,0.0059461
1.32,4,-0.308783,-0.288975,0.112322,-0.214624,-0.0198078
1.32,5,0.12587,0.11652,0.153308,0.000756115,0.00934969
1.33,0,0.0584396,0.0529046,0.0701889,0.0108327,0.00553499
1.33,1,-0.492566,-0.413966,0.385041,-4.29914,-0.0786005
1.33,2,0.787192,0.881734,-0.492007,-1.85224,-0.0945418
1.33,3,0.0878593,0.0819179,0.106182,-0.00429507,0.00594142
1.33,4,-0.307672,-0.287851,0.112427,-0.214778,-0.0198206
1.33,5,0.127403,0.118053,0.1533,0.000758924,0.00934979
1.34,0,0.0591428,0.0536073,0.0703396,0.0104012,0.0055355
1.34,1,-0.488866,-0.410115,0.385108,-4.30539,-0.0787517
1.34,2,0.782225,0.876815,-0.491916,-1.85386,-0.0945899
1.34,3,0.0889166,0.0829796,0.106155,-0.00432281,0.00593702
1.34,4,-0.306561,-0.286727,0.112506,-0.214928,-0.0198343
1.34,5,0.128936,0.119586,0.153293,0.00076185,0.00934996
1.35,0,0.0598461,0.0543115,0.0704788,0.00994682,0.00553458
1.35,1,-0.485167,-0.406264,0.385141,-4.31156,-0.0789034
1.35,2,0.777257,0.871896,-0.491851,-1.85546,-0.0946387
1.35,3,0.0899739,0.084041,0.10613,-0.00434939,0.00593288
1.35,4,-0.30545,-0.285601,0.112562,-0.21507,-0.0198486
1.35,5,0.130469,0.121119,0.153287,0.000764852,0.00935019
1.36,0,0.0605493,0.055017,0.0706058,0.00947568,0.00553233
1.36,1,-0.481467,-0.402412,0.385142,-4.31764,-0.0790553
1.36,2,0.77229,0.866978,-0.49181,-1.85702,-0.094688
1.36,3,0.0910312,0.0851022,0.106108,-0.00437507,0.00592897
1.36,4,-0.304339,-0.284475,0.112594,-0.215204,-0.0198634
1.36,5,0.132003,0.122652,0.153282,0.000767891,0.00935048
1.37,0,0.0612526,0.0557237,0.0707204,0.00899374,0.00552887
1.37,1,-0.477768,-0.398561,0.385112,-4.32361,-0.079207
1.37,2,0.767322,0.86206,-0.491793,-1.85854,-0.0947376
1.37,3,0.0920884,0.0861631,0.106088,-0.00440006,0.00592528
1.37,4,-0.303228,-0.283349,0.112605,-0.21533,-0.0198784
1.37,5,0.133536,0.124185,0.153277,0.000770931,0.00935082
1.38,0,0.0619558,0.0564315,0.0708224,0.00850653,0.00552434
1.38,1,-0.474068,-0.39471,0.385053,-4.32949,-0.0793582
1.38,2,0.762354,0.857142,-0.491798,-1.86002,-0.0947873
1.38,3,0.0931457,0.0872239,0.10607,-0.00442457,0.00592177
1.38,4,-0.302117,-0.282223,0.112597,-0.215445,-0.0198934
1.38,5,0.135069,0.125718,0.153274,0.000773938,0.0093512
1.39,0,0.0626591,0.0571402,0.0709117,0.00801917,0.00551886
1.39,1,-0.470369,-0.39086,0.384967,-4.33525,-0.0795088
1.39,2,0.757387,0.852224,-0.491822,-1.86146,-0.0948368
1.39,3,0.094203,0.0882845,0.106055,-0.00444877,0.00591842
1.39,4,-0.301006,-0.281097,0.112571,-0.215551,-0.0199081
1.39,5,0.136602,0.12725,0.153271,0.000776884,0.00935161
1.4,0,0.0633623,0.0578498,0.0709886,0.0075364,0.00551255
1.4,1,-0.466669,-0.387011,0.384856,-4.3409,-0.0796583
1.4,2,0.752419,0.847305,-0.491864,-1.86285,-0.094886
1.4,3,0.0952602,0.089345,0.106042,-0.00447285,0.00591522
1.4,4,-0.299895,-0.279972,0.112528,-0.215645,-0.0199226
1.4,5,0.138135,0.128783,0.153268,0.000779741,0.00935205
1.41,0,0.0640656,0.05856,0.0710531,0.0070625,0.00550555
1.41,1,-0.46297,-0.383163,0.384723,-4.34643,-0.0798065
1.41,2,0.747452,0.842386,-0.491922,-1.86419,-0.0949346
1.41,3,0.0963175,0.0904054,0.106031,-0.00449694,0.00591214
1.41,4,-0.298784,-0.278847,0.112471,-0.215728,-0.0199365
1.41,5,0.139668,0.130316,0.153267,0.000782485,0.0093525
1.42,0,0.0647688,0.0592708,0.0711057,0.00660133,0.00549796
1.42,1,-0.45927,-0.379317,0.384569,-4.35184,-0.0799534
1.42,2,0.742484,0.837467,-0.491995,-1.86549,-0.0949826
1.42,3,0.0973748,0.0914656,0.106021,-0.00452119,0.00590916
1.42,4,-0.297672,-0.277723,0.112402,-0.215799,-0.0199498
1.42,5,0.141201,0.131848,0.153266,0.000785095,0.00935297
1.43,0,0.065472,0.0599821,0.0711467,0.00615632,0.00548991
1.43,1,-0.45557,-0.375472,0.384397,-4.35713,-0.0800986
1.43,2,0.737516,0.832546,-0.492079,-1.86674,-0.0950298
1.43,3,0.0984321,0.0925258,0.106014,-0.0045457,0.00590626
1.43,4,-0.296561,-0.276599,0.112322,-0.21586,-0.0199624
1.43,5,0.142734,0.133381,0.153266,0.000787555,0.00935345
1.44,0,0.0661753,0.0606938,0.0711767,0.00573042,0.00548152
1.44,1,-0.451871,-0.371629,0.384209,-4.3623,-0.0802419
1.44,2,0.732549,0.827625,-0.492174,-1.86794,-0.0950761
1.44,3,0.0994893,0.0935859,0.106008,-0.00457059,0.00590343
1.44,4,-0.29545,-0.275476,0.112233,-0.215909,-0.019974
1.44,5,0.144268,0.134914,0.153266,0.000789848,0.00935392
1.45,0,0.0668785,0.0614057,0.0711963,0.0053262,0.00547288
1.45,1,-0.448171,-0.367788,0.384007,-4.36736,-0.0803834
1.45,2,0.727581,0.822703,-0.492277,-1.86909,-0.0951214
1.45,3,0.100547,0.094646,0.106004,-0.00459592,0.00590064
1.45,4,-0.294339,-0.274355,0.112136,-0.215946,-0.0199848
1.45,5,0.145801,0.136446,0.153267,0.000791963,0.00935439
1.46,0,0.0675818,0.0621177,0.071206,0.00494576,0.0054641
1.46,1,-0.444472,-0.363949,0.383794,-4.37229,-0.0805227
1.46,2,0.722614,0.817779,-0.492388,-1.87019,-0.0951656
1.46,3,0.101604,0.095706,0.106001,-0.00462176,0.00589789
1.46,4,-0.293228,-0.273234,0.112034,-0.215973,-0.0199945
1.46,5,0.147334,0.137979,0.153268,0.000793891,0.00935485
1.47,0,0.068285,0.0628298,0.0712067,0.00459081,0.00545527
1.47,1,-0.440772,-0.360112,0.383572,-4.37711,-0.0806599
1.47,2,0.717646,0.812855,-0.492503,-1.87126,-0.0952087
1.47,3,0.102661,0.096766,0.106,-0.00464817,0.00589516
1.47,4,-0.292117,-0.272114,0.111927,-0.21599,-0.0200032
1.47,5,0.148867,0.139512,0.153269,0.000795626,0.00935529
1.48,0,0.0689883,0.0635418,0.0711989,0.00426267,0.00544648
1.48,1,-0.437073,-0.356278,0.383342,-4.38182,-0.0807948
1.48,2,0.712678,0.807929,-0.492621,-1.87228,-0.0952507
1.48,3,0.103718,0.097826,0.105999,-0.00467519,0.00589244
1.48,4,-0.291006,-0.270995,0.111818,-0.215996,-0.0200109
1.48,5,0.1504,0.141044,0.153271,0.000797163,0.00935571
1.49,0,0.0696915,0.0642537,0.0711835,0.00396228,0.00543782
1.49,1,-0.433373,-0.352446,0.383108,-4.38642,-0.0809273
1.49,2,0.707711,0.803002,-0.492742,-1.87326,-0.0952914
1.49,3,0.104776,0.098886,0.106,-0.00470282,0.00588972
1.49,4,-0.289895,-0.269878,0.111708,-0.215993,-0.0200174
1.49,5,0.151933,0.142577,0.153274,0.000798501,0.00935612
1.5,0,0.0703948,0.0649654,0.0711612,0.00369022,0.00542934
1.5,1,-0.429673,-0.348616,0.38287,-4.39091,-0.0810575
1.5,2,0.702743,0.798074,-0.492863,-1.8742,-0.0953309
1.5,3,0.105833,0.099946,0.106002,-0.00473109,0.00588698
1.5,4,-0.288784,-0.268761,0.111597,-0.215981,-0.0200228
1.5,5,0.153466,0.14411,0.153276,0.000799641,0.0093565
1.51,0,0.071098,0.0656769,0.0711328,0.00344673,0.00542113
1.51,1,-0.425974,-0.344789,0.382631,-4.39531,-0.0811854
1.51,2,0.697776,0.793145,-0.492983,-1.87511,-0.0953692
1.51,3,0.10689,0.101006,0.106004,-0.00475999,0.00588423
1.51,4,-0.287673,-0.267646,0.111488,-0.215961,-0.0200271
1.51,5,0.154999,0.145643,0.153279,0.000800586,0.00935685
1.52,0,0.0718012,0.066388,0.0710991,0.00323176,0.00541323
1.52,1,-0.422274,-0.340964,0.382393,-4.39961,-0.0813108
1.52,2,0.692808,0.788214,-0.493101,-1.87599,-0.0954063
1.52,3,0.107948,0.102066,0.106007,-0.00478951,0.00588145
1.52,4,-0.286562,-0.266532,0.111381,-0.215934,-0.0200304
1.52,5,0.156533,0.147175,0.153282,0.000801338,0.00935718
1.53,0,0.0725045,0.0670988,0.0710608,0.00304497,0.00540569
1.53,1,-0.418575,-0.337141,0.382156,-4.40382,-0.0814338
1.53,2,0.68784,0.783283,-0.493216,-1.87684,-0.0954423
1.53,3,0.109005,0.103126,0.10601,-0.00481962,0.00587863
1.53,4,-0.285451,-0.265418,0.111277,-0.215899,-0.0200326
1.53,5,0.158066,0.148708,0.153285,0.000801906,0.00935747
1.54,0,0.0732077,0.0678092,0.0710188,0.00288576,0.00539855
1.54,1,-0.414875,-0.333321,0.381922,-4.40795,-0.0815545
1.54,2,0.682873,0.77835,-0.493327,-1.87766,-0.0954771
1.54,3,0.110062,0.104186,0.106014,-0.0048503,0.00587579
1.54,4,-0.28434,-0.264306,0.111178,-0.215859,-0.0200338
1.54,5,0.159599,0.150241,0.153288,0.000802296,0.00935774
1.55,0,0.073911,0.0685191,0.0709736,0.0027533,0.00539185
1.55,1,-0.411176,-0.329503,0.381693,-4.412,-0.0816729
1.55,2,0.677905,0.773416,-0.493433,-1.87846,-0.0955109
1.55,3,0.111119,0.105246,0.106018,-0.00488151,0.0058729
1.55,4,-0.283229,-0.263195,0.111083,-0.215813,-0.020034
1.55,5,0.161132,0.151774,0.153291,0.000802516,0.00935797
1.56,0,0.0746142,0.0692286,0.0709261,0.00264657,0.00538562
1.56,1,-0.407476,-0.325687,0.381469,-4.41597,-0.0817891
1.56,2,0.672938,0.768481,-0.493533,-1.87924,-0.0955436
1.56,3,0.112177,0.106307,0.106022,-0.00491321,0.00586998
1.56,4,-0.282118,-0.262085,0.110993,-0.215762,-0.0200332
1.56,5,0.162665,0.153307,0.153294,0.000802578,0.00935817
1.57,0,0.0753175,0.0699376,0.0708769,0.00256435,0.00537987
1.57,1,-0.403776,-0.321873,0.381252,-4.41987,-0.081903
1.57,2,0.66797,0.763545,-0.493627,-1.88001,-0.0955753
1.57,3,0.113234,0.107367,0.106026,-0.00494533,0.00586701
1.57,4,-0.281007,-0.260975,0.110909,-0.215708,-0.0200317
1.57,5,0.164198,0.15484,0.153297,0.00080249,0.00935834
1.58,0,0.0760207,0.0706461,0.0708266,0.00250529,0.00537463
1.58,1,-0.400077,-0.318062,0.381042,-4.42372,-0.0820148
1.58,2,0.663002,0.758608,-0.493715,-1.88076,-0.0956062
1.58,3,0.114291,0.108427,0.10603,-0.00497784,0.005864
1.58,4,-0.279896,-0.259866,0.110831,-0.21565,-0.0200293
1.58,5,0.165731,0.156373,0.1533,0.000802266,0.00935848
1.59,0,0.076724,0.0713541,0.0707758,0.00246789,0.00536988
1.59,1,-0.396377,-0.314253,0.380839,-4.4275,-0.0821245
1.59,2,0.658035,0.753671,-0.493795,-1.8815,-0.0956362
1.59,3,0.115348,0.109487,0.106034,-0.00501067,0.00586096
1.59,4,-0.278785,-0.258759,0.11076,-0.215589,-0.0200261
1.59,5,0.167265,0.157906,0.153303,0.000801916,0.00935859
1.6,0,0.0774272,0.0720615,0.0707251,0.00245058,0.00536565
1.6,1,-0.392678,-0.310446,0.380645,-4.43123,-0.0822323
1.6,2,0.653067,0.748733,-0.493869,-1.88223,-0.0956654
1.6,3,0.116406,0.110548,0.106037,-0.00504376,0.00585787
1.6,4,-0.277674,-0.257651,0.110696,-0.215527,-0.0200223
1.6,5,0.168798,0.159439,0.153306,0.000801452,0.00935867
1.61,0,0.0781304,0.0727685,0.070675,0.00245169,0.00536192
1.61,1,-0.388978,-0.30664,0.38046,-4.43491,-0.0823381
1.61,2,0.6481,0.743793,-0.493934,-1.88295,-0.095694
1.61,3,0.117463,0.111608,0.106041,-0.00507704,0.00585475
1.61,4,-0.276563,-0.256545,0.110638,-0.215463,-0.0200179
1.61,5,0.170331,0.160972,0.153309,0.000800887,0.00935872
1.62,0,0.0788337,0.073475,0.0706259,0.0024695,0.00535868
1.62,1,-0.385279,-0.302836,0.380284,-4.43854,-0.0824422
1.62,2,0.643132,0.738854,-0.493993,-1.88367,-0.0957219
1.62,3,0.11852,0.112669,0.106044,-0.00511046,0.0058516
1.62,4,-0.275452,-0.255439,0.110588,-0.215398,-0.020013
1.62,5,0.171864,0.162505,0.153312,0.000800234,0.00935875
1.63,0,0.0795369,0.074181,0.0705783,0.00250226,0.00535593
1.63,1,-0.381579,-0.299035,0.380117,-4.44213,-0.0825445
1.63,2,0.638164,0.733914,-0.494043,-1.88439,-0.0957493
1.63,3,0.119578,0.113729,0.106047,-0.00514395,0.00584841
1.63,4,-0.27434,-0.254333,0.110544,-0.215333,-0.0200076
1.63,5,0.173397,0.164038,0.153314,0.000799505,0.00935875
1.64,0,0.0802402,0.0748865,0.0705325,0.00254821,0.00535365
1.64,1,-0.37788,-0.295234,0.37996,-4.44569,-0.0826453
1.64,2,0.633197,0.728973,-0.494087,-1.88511,-0.0957762
1.64,3,0.120635,0.11479,0.106049,-0.00517745,0.0058452
1.64,4,-0.273229,-0.253228,0.110507,-0.215267,-0.0200017
1.64,5,0.17493,0.165571,0.153316,0.000798711,0.00935872
1.65,0,0.0809434,0.0755916,0.0704889,0.00260559,0.00535181
1.65,1,-0.37418,-0.291435,0.379811,-4.44921,-0.0827445
1.65,2,0.628229,0.724032,-0.494123,-1.88584,-0.0958028
1.65,3,0.121692,0.11585,0.106051,-0.00521089,0.00584197
1.65,4,-0.272118,-0.252123,0.110477,-0.215203,-0.0199956
1.65,5,0.176463,0.167105,0.153318,0.000797865,0.00935868
1.66,0,0.0816467,0.0762963,0.0704477,0.00267266,0.00535039
1.66,1,-0.37048,-0.287638,0.379671,-4.4527,-0.0828422
1.66,2,0.623262,0.71909,-0.494152,-1.88657,-0.095829
1.66,3,0.122749,0.116911,0.106052,-0.00524421,0.00583873
1.66,4,-0.271007,-0.251018,0.110453,-0.21514,-0.0199892
1.66,5,0.177996,0.168638,0.15332,0.000796978,0.00935861
1.67,0,0.0823499,0.0770005,0.0704091,0.00274772,0.00534937
1.67,1,-0.366781,-0.283842,0.37954,-4.45617,-0.0829387
1.67,2,0.618294,0.714149,-0.494174,-1.8873,-0.0958549
1.67,3,0.123807,0.117971,0.106053,-0.00527736,0.00583547
1.67,4,-0.269896,-0.249914,0.110435,-0.215078,-0.0199825
1.67,5,0.17953,0.170171,0.153322,0.000796061,0.00935853
1.68,0,0.0830532,0.0777044,0.0703733,0.00282912,0.00534873
1.68,1,-0.363081,-0.280047,0.379418,-4.45961,-0.0830338
1.68,2,0.613326,0.709207,-0.49419,-1.88804,-0.0958807
1.68,3,0.124864,0.119032,0.106054,-0.00531027,0.0058322
1.68,4,-0.268785,-0.248809,0.110422,-0.215017,-0.0199758
1.68,5,0.181063,0.171704,0.153323,0.000795124,0.00935843
1.69,0,0.0837564,0.078408,0.0703405,0.00291528,0.00534842
1.69,1,-0.359382,-0.276254,0.379303,-4.46302,-0.0831278
1.69,2,0.608359,0.704265,-0.4942,-1.88879,-0.0959063
1.69,3,0.125921,0.120092,0.106054,-0.00534289,0.00582894
1.69,4,-0.267674,-0.247705,0.110415,-0.214959,-0.0199689
1.69,5,0.182596,0.173237,0.153325,0.000794177,0.00935832
1.7,0,0.0844596,0.0791112,0.0703108,0.00300468,0.00534843
1.7,1,-0.355682,-0.272461,0.379196,-4.46641,-0.0832207
1.7,2,0.603391,0.699323,-0.494204,-1.88955,-0.0959319
1.7,3,0.126978,0.121153,0.106053,-0.00537517,0.00582568
1.7,4,-0.266563,-0.246601,0.110413,-0.214903,-0.019962
1.7,5,0.184129,0.174771,0.153326,0.000793228,0.0093582
1.71,0,0.0851629,0.0798142,0.0702842,0.00309591,0.00534871
1.71,1,-0.351983,-0.26867,0.379096,-4.46979,-0.0833125
1.71,2,0.598423,0.694381,-0.494203,-1.89032,-0.0959575
1.71,3,0.128036,0.122213,0.106052,-0.00540707,0.00582242
1.71,4,-0.265452,-0.245497,0.110416,-0.214849,-0.0199551
1.71,5,0.185662,0.176304,0.153327,0.000792287,0.00935806
1.72,0,0.0858661,0.0805169,0.0702607,0.00318761,0.00534924
1.72,1,-0.348283,-0.26488,0.379002,-4.47314,-0.0834034
1.72,2,0.593456,0.689439,-0.494198,-1.8911,-0.0959831
1.72,3,0.129093,0.123274,0.106051,-0.00543853,0.00581918
1.72,4,-0.264341,-0.244393,0.110423,-0.214797,-0.0199482
1.72,5,0.187195,0.177837,0.153328,0.00079136,0.00935792
1.73,0,0.0865694,0.0812194,0.0702404,0.00327856,0.00535
1.73,1,-0.344583,-0.26109,0.378915,-4.47648,-0.0834933
1.73,2,0.588488,0.684497,-0.494188,-1.89189,-0.0960087
1.73,3,0.13015,0.124334,0.106048,-0.00546952,0.00581596
1.73,4,-0.26323,-0.243289,0.110433,-0.214748,-0.0199415
1.73,5,0.188728,0.179371,0.153328,0.000790455,0.00935777
1.74,0,0.0872726,0.0819217,0.0702232,0.00336761,0.00535093
1.74,1,-0.340884,-0.257301,0.378833,-4.4798,-0.0835825
1.74,2,0.583521,0.679555,-0.494175,-1.89269,-0.0960345
1.74,3,0.131208,0.125395,0.106046,-0.00549999,0.00581276
1.74,4,-0.262119,-0.242184,0.110447,-0.214702,-0.0199348
1.74,5,0.190261,0.180904,0.153328,0.000789577,0.00935762
1.75,0,0.0879759,0.0826238,0.0702091,0.00345372,0.00535203
1.75,1,-0.337184,-0.253513,0.378756,-4.4831,-0.0836708
1.75,2,0.578553,0.674614,-0.494158,-1.8935,-0.0960605
1.75,3,0.132265,0.126455,0.106043,-0.00552992,0.00580959
1.75,4,-0.261008,-0.24108,0.110464,-0.214659,-0.0199283
1.75,5,0.191795,0.182437,0.153329,0.000788731,0.00935747
1.76,0,0.0886791,0.0833259,0.0701979,0.00353598,0.00535324
1.76,1,-0.333485,-0.249726,0.378683,-4.48638,-0.0837584
1.76,2,0.573585,0.669672,-0.494138,-1.89432,-0.0960866
1.76,3,0.133322,0.127516,0.10604,-0.00555928,0.00580645
1.76,4,-0.259897,-0.239975,0.110483,-0.214618,-0.019922
1.76,5,0.193328,0.18397,0.153329,0.000787923,0.00935731
1.77,0,0.0893823,0.0840278,0.0701896,0.00361356,0.00535456
1.77,1,-0.329785,-0.24594,0.378613,-4.48965,-0.0838453
1.77,2,0.568618,0.664731,-0.494116,-1.89516,-0.0961129
1.77,3,0.134379,0.128576,0.106036,-0.00558803,0.00580335
1.77,4,-0.258786,-0.23887,0.110504,-0.21458,-0.0199159
1.77,5,0.194861,0.185504,0.153329,0.000787155,0.00935715
1.78,0,0.0900856,0.0847297,0.0701839,0.00368576,0.00535594
1.78,1,-0.326086,-0.242154,0.378547,-4.4929,-0.0839315
1.78,2,0.56365,0.65979,-0.494092,-1.896,-0.0961395
1.78,3,0.135437,0.129636,0.106032,-0.00561616,0.00580028
1.78,4,-0.257675,-0.237765,0.110527,-0.214544,-0.0199101
1.78,5,0.196394,0.187037,0.153329,0.000786431,0.009357
1.79,0,0.0907888,0.0854315,0.0701808,0.00375195,0.00535736
1.79,1,-0.322386,-0.238369,0.378483,-4.49613,-0.084017
1.79,2,0.558683,0.654849,-0.494067,-1.89686,-0.0961663
1.79,3,0.136494,0.130697,0.106027,-0.00564364,0.00579726
1.79,4,-0.256564,-0.236659,0.110551,-0.214511,-0.0199044
1.79,5,0.197927,0.18857,0.153328,0.000785753,0.00935684
1.8,0,0.0914921,0.0861333,0.0701802,0.00381165,0.0053588
1.8,1,-0.318686,-0.234585,0.378421,-4.49934,-0.0841019
1.8,2,0.553715,0.649908,-0.494041,-1.89772,-0.0961934
1.8,3,0.137551,0.131757,0.106022,-0.00567047,0.00579429
1.8,4,-0.255453,-0.235554,0.110575,-0.21448,-0.019899
1.8,5,0.19946,0.190104,0.153328,0.000785122,0.00935669
1.81,0,0.0921953,0.0868351,0.0701817,0.00386444,0.00536024
1.81,1,-0.314987,-0.230801,0.378361,-4.50253,-0.0841862
1.81,2,0.548747,0.644968,-0.494014,-1.89859,-0.0962207
1.81,3,0.138608,0.132817,0.106017,-0.00569662,0.00579137
1.81,4,-0.254342,-0.234448,0.110601,-0.214451,-0.0198938
1.81,5,0.200993,0.191637,0.153327,0.00078454,0.00935655
1.82,0,0.0928986,0.0875369,0.0701853,0.00391003,0.00536165
1.82,1,-0.311287,-0.227017,0.378301,-4.5057,-0.0842699
1.82,2,0.54378,0.640028,-0.493987,-1.89948,-0.0962483
1.82,3,0.139666,0.133877,0.106012,-0.0057221,0.0057885
1.82,4,-0.253231,-0.233342,0.110626,-0.214425,-0.0198889
1.82,5,0.202527,0.19317,0.153327,0.000784008,0.00935641
1.83,0,0.0936018,0.0882388,0.0701907,0.00394821,0.00536301
1.83,1,-0.307588,-0.223235,0.378242,-4.50885,-0.0843531
1.83,2,0.538812,0.635088,-0.49396,-1.90037,-0.0962762
1.83,3,0.140723,0.134937,0.106006,-0.00574688,0.00578568
1.83,4,-0.25212,-0.232235,0.110651,-0.2144,-0.0198843
1.83,5,0.20406,0.194703,0.153326,0.000783524,0.00935627
1.84,0,0.0943051,0.0889407,0.0701979,0.00397885,0.00536431
1.84,1,-0.303888,-0.219453,0.378183,-4.51197,-0.0844356
1.84,2,0.533845,0.630149,-0.493934,-1.90126,-0.0963044
1.84,3,0.14178,0.135997,0.106,-0.00577098,0.00578293
1.84,4,-0.251008,-0.231129,0.110676,-0.214377,-0.0198799
1.84,5,0.205593,0.196237,0.153325,0.000783089,0.00935615
1.85,0,0.0950083,0.0896428,0.0702064,0.00400191,0.00536553
1.85,1,-0.300189,-0.215671,0.378123,-4.51507,-0.0845175
1.85,2,0.528877,0.62521,-0.493908,-1.90217,-0.0963328
1.85,3,0.142837,0.137057,0.105994,-0.00579438,0.00578023
1.85,4,-0.249897,-0.230022,0.1107,-0.214356,-0.0198757
1.85,5,0.207126,0.19777,0.153325,0.000782702,0.00935603
1.86,0,0.0957115,0.0903449,0.0702163,0.00401742,0.00536666
1.86,1,-0.296489,-0.21189,0.378063,-4.51814,-0.0845989
1.86,2,0.523909,0.620271,-0.493883,-1.90308,-0.0963614
1.86,3,0.143895,0.138117,0.105988,-0.0058171,0.00577759
1.86,4,-0.248786,-0.228915,0.110723,-0.214336,-0.0198718
1.86,5,0.208659,0.199303,0.153324,0.00078236,0.00935591
1.87,0,0.0964148,0.0910471,0.0702272,0.00402549,0.00536768
1.87,1,-0.292789,-0.20811,0.378001,-4.52119,-0.0846796
1.87,2,0.518942,0.615332,-0.493859,-1.90399,-0.0963903
1.87,3,0.144952,0.139177,0.105982,-0.00583912,0.00577501
1.87,4,-0.247675,-0.227807,0.110745,-0.214318,-0.0198681
1.87,5,0.210192,0.200836,0.153323,0.000782063,0.00935581
1.88,0,0.097118,0.0917495,0.0702391,0.00402628,0.00536859
1.88,1,-0.28909,-0.20433,0.377938,-4.5242,-0.0847597
1.88,2,0.513974,0.610394,-0.493837,-1.90491,-0.0964195
1.88,3,0.146009,0.140237,0.105976,-0.00586047,0.0057725
1.88,4,-0.246564,-0.2267,0.110766,-0.2143,-0.0198646
1.88,5,0.211725,0.20237,0.153322,0.000781808,0.00935571
1.89,0,0.0978213,0.0924519,0.0702516,0.00402004,0.00536937
1.89,1,-0.28539,-0.200551,0.377873,-4.52719,-0.0848391
1.89,2,0.509007,0.605455,-0.493817,-1.90583,-0.0964488
1.89,3,0.147067,0.141297,0.105969,-0.00588113,0.00577005
1.89,4,-0.245453,-0.225592,0.110785,-0.214284,-0.0198614
1.89,5,0.213258,0.203903,0.153322,0.000781593,0.00935562
1.9,0,0.0985245,0.0931545,0.0702647,0.00400702,0.00537003
1.9,1,-0.281691,-0.196773,0.377807,-4.53014,-0.0849179
1.9,2,0.504039,0.600517,-0.493798,-1.90675,-0.0964783
1.9,3,0.148124,0.142356,0.105963,-0.00590114,0.00576766
1.9,4,-0.244342,-0.224484,0.110803,-0.214268,-0.0198583
1.9,5,0.214792,0.205436,0.153321,0.000781416,0.00935554
1.91,0,0.0992278,0.0938572,0.0702782,0.00398756,0.00537055
1.91,1,-0.277991,-0.192995,0.377738,-4.53306,-0.0849961
1.91,2,0.499071,0.59558,-0.493781,-1.90768,-0.0965081
1.91,3,0.149181,0.143416,0.105956,-0.00592048,0.00576534
1.91,4,-0.243231,-0.223376,0.110819,-0.214253,-0.0198553
1.91,5,0.216325,0.206969,0.15332,0.000781272,0.00935546
1.92,0,0.099931,0.0945601,0.0702919,0.00396201,0.00537094
1.92,1,-0.274292,-0.189218,0.377667,-4.53594,-0.0850735
1.92,2,0.494104,0.590642,-0.493766,-1.90861,-0.0965379
1.92,3,0.150238,0.144475,0.10595,-0.00593918,0.00576308
1.92,4,-0.24212,-0.222268,0.110834,-0.214238,-0.0198526
1.92,5,0.217858,0.208502,0.153319,0.000781161,0.0093554
1.93,0,0.100634,0.0952631,0.0703056,0.00393077,0.00537119
1.93,1,-0.270592,-0.185442,0.377593,-4.53879,-0.0851502
1.93,2,0.489136,0.585704,-0.493753,-1.90953,-0.096568
1.93,3,0.151296,0.145535,0.105944,-0.00595724,0.00576089
1.93,4,-0.241009,-0.221159,0.110847,-0.214223,-0.0198499
1.93,5,0.219391,0.210036,0.153319,0.000781078,0.00935534
1.94,0,0.101338,0.0959662,0.0703193,0.00389425,0.0053713
1.94,1,-0.266893,-0.181666,0.377517,-4.5416,-0.0852261
1.94,2,0.484169,0.580767,-0.493742,-1.91046,-0.0965981
1.94,3,0.152353,0.146594,0.105937,-0.00597468,0.00575876
1.94,4,-0.239898,-0.220051,0.110858,-0.214208,-0.0198474
1.94,5,0.220924,0.211569,0.153318,0.000781021,0.00935528
1.95,0,0.102041,0.0966695,0.0703328,0.0038529,0.00537128
1.95,1,-0.263193,-0.177892,0.377439,-4.54437,-0.0853013
1.95,2,0.479201,0.575829,-0.493733,-1.91138,-0.0966283
1.95,3,0.15341,0.147654,0.105931,-0.00599151,0.0057567
1.95,4,-0.238787,-0.218942,0.110867,-0.214193,-0.019845
1.95,5,0.222457,0.213102,0.153317,0.000780987,0.00935524
1.96,0,0.102744,0.0973729,0.0703459,0.00380715,0.00537112
1.96,1,-0.259493,-0.174118,0.377358,-4.5471,-0.0853757
1.96,2,0.474233,0.570892,-0.493726,-1.91231,-0.0966586
1.96,3,0.154467,0.148713,0.105925,-0.00600775,0.0057547
1.96,4,-0.237676,-0.217833,0.110874,-0.214178,-0.0198427
1.96,5,0.22399,0.214635,0.153317,0.000780973,0.0093552
1.97,0,0.103447,0.0980764,0.0703587,0.00375748,0.00537084
1.97,1,-0.255794,-0.170345,0.377275,-4.54979,-0.0854493
1.97,2,0.469266,0.565955,-0.493721,-1.91323,-0.096689
1.97,3,0.155525,0.149772,0.105918,-0.0060234,0.00575276
1.97,4,-0.236565,-0.216724,0.11088,-0.214163,-0.0198404
1.97,5,0.225523,0.216168,0.153316,0.000780975,0.00935516
1.98,0,0.10415,0.0987801,0.0703709,0.00370434,0.00537043
1.98,1,-0.252094,-0.166572,0.377189,-4.55245,-0.085522
1.98,2,0.464298,0.561018,-0.493718,-1.91415,-0.0967194
1.98,3,0.156582,0.150831,0.105912,-0.00603848,0.00575088
1.98,4,-0.235454,-0.215616,0.110884,-0.214147,-0.0198382
1.98,5,0.227057,0.217701,0.153316,0.000780991,0.00935514
1.99,0,0.104854,0.0994838,0.0703826,0.0036482,0.0053699
1.99,1,-0.248395,-0.162801,0.3771,-4.55505,-0.0855938
1.99,2,0.459331,0.556081,-0.493717,-1.91506,-0.0967499
1.99,3,0.157639,0.15189,0.105906,-0.006053,0.00574907
1.99,4,-0.234343,-0.214507,0.110886,-0.214131,-0.019836
1.99,5,0.22859,0.219235,0.153315,0.000781018,0.00935511
2,0,0.105557,0.100188,0.0703936,0.00358952,0.00536926
2,1,-0.244695,-0.15903,0.37701,-4.55762,-0.0856648
2,2,0.454363,0.551143,-0.493717,-1.91597,-0.0967803
2,3,0.158697,0.152949,0.1059,-0.00606698,0.00574731
2,4,-0.233232,-0.213398,0.110887,-0.214114,-0.0198338
2,5,0.230123,0.220768,0.153315,0.000781053,0.00935509
2.01,0,0.10626,0.100892,0.0704038,0.00352874,0.00536851
2.01,1,-0.240996,-0.155261,0.376916,-4.56014,-0.0857348
2.01,2,0.449395,0.546206,-0.49372,-1.91688,-0.0968107
2.01,3,0.159754,0.154008,0.105894,-0.00608043,0.00574561
2.01,4,-0.232121,-0.212289,0.110886,-0.214096,-0.0198316
2.01,5,0.231656,0.222301,0.153314,0.000781093,0.00935508
2.02,0,0.106963,0.101596,0.0704134,0.00346629,0.00536766
2.02,1,-0.237296,-0.151492,0.376821,-4.56262,-0.0858038
2.02,2,0.444428,0.541269,-0.493724,-1.91779,-0.0968411
2.02,3,0.160811,0.155067,0.105889,-0.00609336,0.00574397
2.02,4,-0.23101,-0.21118,0.110884,-0.214077,-0.0198294
2.02,5,0.233189,0.223834,0.153314,0.000781137,0.00935507
2.03,0,0.107667,0.1023,0.0704221,0.0034026,0.00536672
2.03,1,-0.233596,-0.147724,0.376724,-4.56505,-0.085872
2.03,2,0.43946,0.536332,-0.493729,-1.91869,-0.0968714
2.03,3,0.161868,0.156126,0.105883,-0.00610577,0.00574239
2.03,4,-0.229899,-0.210071,0.110881,-0.214058,-0.0198272
2.03,5,0.234722,0.225367,0.153314,0.000781182,0.00935506
2.04,0,0.10837,0.103004,0.07043,0.00333807,0.0053657
2.04,1,-0.229897,-0.143958,0.376625,-4.56744,-0.0859391
2.04,2,0.434493,0.531394,-0.493736,-1.91958,-0.0969017
2.04,3,0.162926,0.157185,0.105877,-0.0061177,0.00574087
2.04,4,-0.228788,-0.208963,0.110876,-0.214037,-0.0198249
2.04,5,0.236255,0.2269,0.153313,0.000781226,0.00935505
2.05,0,0.109073,0.103709,0.0704371,0.00327306,0.00536461
2.05,1,-0.226197,-0.140192,0.376524,-4.56978,-0.0860052
2.05,2,0.429525,0.526457,-0.493744,-1.92047,-0.0969319
2.05,3,0.163983,0.158244,0.105872,-0.00612913,0.0057394
2.05,4,-0.227676,-0.207854,0.110871,-0.214016,-0.0198226
2.05,5,0.237789,0.228433,0.153313,0.000781266,0.00935505
2.06,0,0.109776,0.104413,0.0704433,0.00320795,0.00536344
2.06,1,-0.222498,-0.136427,0.376422,-4.57208,-0.0860703
2.06,2,0.424557,0.521519,-0.493753,-1.92135,-0.096962
2.06,3,0.16504,0.159302,0.105866,-0.00614009,0.00573798
2.06,4,-0.226565,-0.206745,0.110864,-0.213994,-0.0198202
2.06,5,0.239322,0.229967,0.153313,0.000781301,0.00935505
2.07,0,0.11048,0.105117,0.0704487,0.00314305,0.00536223
2.07,1,-0.218798,-0.132664,0.376318,-4.57433,-0.0861344
2.07,2,0.41959,0.516582,-0.493764,-1.92223,-0.096992
2.07,3,0.166097,0.160361,0.105861,-0.00615057,0.00573662
2.07,4,-0.225454,-0.205637,0.110857,-0.21397,-0.0198178
2.07,5,0.240855,0.2315,0.153313,0.00078133,0.00935505
2.08,0,0.111183,0.105822,0.0704532,0.00307867,0.00536096
2.08,1,-0.215099,-0.128901,0.376212,-4.57653,-0.0861974
2.08,2,0.414622,0.511644,-0.493775,-1.92311,-0.0970219
2.08,3,0.167155,0.161419,0.105856,-0.0061606,0.00573531
2.08,4,-0.224343,-0.204528,0.110848,-0.213946,-0.0198152
2.08,5,0.242388,0.233033,0.153313,0.000781351,0.00935505
2.09,0,0.111886,0.106527,0.070457,0.00301508,0.00535965
2.09,1,-0.211399,-0.12514,0.376106,-4.57869,-0.0862594
2.09,2,0.409655,0.506706,-0.493787,-1.92398,-0.0970517
2.09,3,0.168212,0.162478,0.105851,-0.00617017,0.00573405
2.09,4,-0.223232,-0.20342,0.11084,-0.213921,-0.0198126
2.09,5,0.243921,0.234566,0.153313,0.000781363,0.00935505
2.1,0,0.112589,0.107231,0.0704599,0.00295254,0.00535831
2.1,1,-0.207699,-0.121379,0.375999,-4.58081,-0.0863203
2.1,2,0.404687,0.501768,-0.493799,-1.92484,-0.0970814
2.1,3,0.169269,0.163536,0.105846,-0.00617929,0.00573283
2.1,4,-0.222121,-0.202311,0.11083,-0.213895,-0.0198099
2.1,5,0.245454,0.236099,0.153313,0.000781365,0.00935505
2.11,0,0.113293,0.107936,0.0704621,0.00289126,0.00535694
2.11,1,-0.204,-0.11762,0.375891,-4.58288,-0.0863801
2.11,2,0.399719,0.49683,-0.493812,-1.9257,-0.0971109
2.11,3,0.170327,0.164595,0.105841,-0.00618797,0.00573167
2.11,4,-0.22101,-0.201203,0.110821,-0.213867,-0.0198071
2.11,5,0.246987,0.237632,0.153313,0.000781355,0.00935505
2.12,0,0.113996,0.10864,0.0704636,0.00283144,0.00535555
2.12,1,-0.2003,-0.113861,0.375782,-4.5849,-0.0864389
2.12,2,0.394752,0.491892,-0.493826,-1.92656,-0.0971403
2.12,3,0.171384,0.165653,0.105836,-0.00619621,0.00573056
2.12,4,-0.219899,-0.200095,0.110811,-0.213839,-0.0198042
2.12,5,0.24852,0.239165,0.153313,0.000781334,0.00935505
2.13,0,0.114699,0.109345,0.0704644,0.00277323,0.00535416
2.13,1,-0.196601,-0.110104,0.375673,-4.58688,-0.0864965
2.13,2,0.389784,0.486954,-0.493839,-1.92741,-0.0971696
2.13,3,0.172441,0.166712,0.105832,-0.00620402,0.0057295
2.13,4,-0.218788,-0.198987,0.1108,-0.21381,-0.0198012
2.13,5,0.250054,0.240698,0.153313,0.000781301,0.00935505
2.14,0,0.115402,0.11005,0.0704645,0.00271677,0.00535276
2.14,1,-0.192901,-0.106348,0.375563,-4.58881,-0.0865531
2.14,2,0.384817,0.482015,-0.493853,-1.92826,-0.0971987
2.14,3,0.173498,0.16777,0.105827,-0.0062114,0.00572848
2.14,4,-0.217677,-0.197879,0.11079,-0.21378,-0.0197981
2.14,5,0.251587,0.242232,0.153313,0.000781255,0.00935505
2.15,0,0.116106,0.110754,0.0704641,0.00266217,0.00535136
2.15,1,-0.189202,-0.102593,0.375453,-4.5907,-0.0866086
2.15,2,0.379849,0.477077,-0.493867,-1.9291,-0.0972277
2.15,3,0.174556,0.168828,0.105822,-0.00621834,0.00572751
2.15,4,-0.216566,-0.196771,0.11078,-0.213749,-0.0197949
2.15,5,0.25312,0.243765,0.153313,0.000781196,0.00935504
2.16,0,0.116809,0.111459,0.0704631,0.00260952,0.00534997
2.16,1,-0.185502,-0.0988391,0.375344,-4.59255,-0.0866629
2.16,2,0.374881,0.472138,-0.493881,-1.92993,-0.0972566
2.16,3,0.175613,0.169886,0.105818,-0.00622486,0.00572658
2.16,4,-0.215455,-0.195663,0.110769,-0.213718,-0.0197916
2.16,5,0.254653,0.245298,0.153314,0.000781124,0.00935504
2.17,0,0.117512,0.112164,0.0704616,0.00255887,0.00534859
2.17,1,-0.181802,-0.0950863,0.375234,-4.59435,-0.0867162
2.17,2,0.369914,0.467199,-0.493895,-1.93077,-0.0972853
2.17,3,0.17667,0.170945,0.105813,-0.00623096,0.0057257
2.17,4,-0.214344,-0.194556,0.110759,-0.213685,-0.0197882
2.17,5,0.256186,0.246831,0.153314,0.00078104,0.00935503
2.18,0,0.118215,0.112868,0.0704596,0.00251025,0.00534723
2.18,1,-0.178103,-0.0913346,0.375124,-4.59611,-0.0867684
2.18,2,0.364946,0.46226,-0.493909,-1.9316,-0.0973139
2.18,3,0.177727,0.172003,0.105809,-0.00623662,0.00572486
2.18,4,-0.213233,-0.193448,0.110749,-0.213652,-0.0197847
2.18,5,0.257719,0.248364,0.153314,0.000780943,0.00935502
2.19,0,0.118919,0.113573,0.0704573,0.00246369,0.00534589
2.19,1,-0.174403,-0.0875839,0.375015,-4.59782,-0.0868194
2.19,2,0.359979,0.457321,-0.493922,-1.93242,-0.0973423
2.19,3,0.178785,0.173061,0.105804,-0.00624186,0.00572407
2.19,4,-0.212122,-0.192341,0.110739,-0.213618,-0.0197811
2.19,5,0.259252,0.249897,0.153314,0.000780834,0.00935501
2.2,0,0.119622,0.114277,0.0704546,0.00241917,0.00534457
2.2,1,-0.170704,-0.0838344,0.374906,-4.59949,-0.0868694
2.2,2,0.355011,0.452382,-0.493935,-1.93325,-0.0973706
2.2,3,0.179842,0.174119,0.1058,-0.00624668,0.00572333
2.2,4,-0.211011,-0.191233,0.11073,-0.213584,-0.0197774
2.2,5,0.260785,0.25143,0.153314,0.000780713,0.009355
2.21,0,0.120325,0.114982,0.0704516,0.00237666,0.00534329
2.21,1,-0.167004,-0.0800859,0.374797,-4.60112,-0.0869183
2.21,2,0.350043,0.447442,-0.493948,-1.93407,-0.0973988
2.21,3,0.180899,0.175177,0.105795,-0.00625106,0.00572262
2.21,4,-0.2099,-0.190126,0.11072,-0.213549,-0.0197736
2.21,5,0.262319,0.252964,0.153315,0.00078058,0.00935499
2.22,0,0.121028,0.115686,0.0704484,0.00233612,0.00534203
2.22,1,-0.163305,-0.0763385,0.374689,-4.60271,-0.0869661
2.22,2,0.345076,0.442503,-0.493961,-1.93488,-0.0974268
2.22,3,0.181957,0.176235,0.105791,-0.00625501,0.00572197
2.22,4,-0.208789,-0.189019,0.110712,-0.213513,-0.0197697
2.22,5,0.263852,0.254497,0.153315,0.000780436,0.00935497
2.23,0,0.121732,0.116391,0.070445,0.00229749,0.00534081
2.23,1,-0.159605,-0.0725922,0.374582,-4.60426,-0.0870129
2.23,2,0.340108,0.437563,-0.493972,-1.9357,-0.0974548
2.23,3,0.183014,0.177292,0.105787,-0.00625853,0.00572135
2.23,4,-0.207678,-0.187912,0.110703,-0.213477,-0.0197657
2.23,5,0.265385,0.25603,0.153315,0.000780282,0.00935495
2.24,0,0.122435,0.117095,0.0704415,0.00226069,0.00533963
2.24,1,-0.155906,-0.068847,0.374475,-4.60576,-0.0870585
2.24,2,0.335141,0.432623,-0.493984,-1.93651,-0.0974826
2.24,3,0.184071,0.17835,0.105782,-0.00626161,0.00572078
2.24,4,-0.206567,-0.186805,0.110695,-0.213441,-0.0197616
2.24,5,0.266918,0.257563,0.153315,0.000780119,0.00935493
2.25,0,0.123138,0.1178,0.0704378,0.00222564,0.00533848
2.25,1,-0.152206,-0.0651029,0.374368,-4.60723,-0.0871031
2.25,2,0.330173,0.427683,-0.493995,-1.93732,-0.0975103
2.25,3,0.185128,0.179408,0.105778,-0.00626425,0.00572025
2.25,4,-0.205456,-0.185698,0.110688,-0.213404,-0.0197575
2.25,5,0.268451,0.259096,0.153315,0.000779947,0.00935491
2.26,0,0.123841,0.118504,0.0704341,0.00219225,0.00533736
2.26,1,-0.148506,-0.0613598,0.374263,-4.60865,-0.0871466
2.26,2,0.325205,0.422743,-0.494005,-1.93813,-0.0975379
2.26,3,0.186186,0.180466,0.105774,-0.00626645,0.00571977
2.26,4,-0.204344,-0.184591,0.110681,-0.213367,-0.0197533
2.26,5,0.269984,0.260629,0.153316,0.000779766,0.00935489
2.27,0,0.124545,0.119208,0.0704304,0.00216039,0.00533629
2.27,1,-0.144807,-0.0576177,0.374158,-4.61004,-0.0871891
2.27,2,0.320238,0.417803,-0.494015,-1.93893,-0.0975654
2.27,3,0.187243,0.181524,0.105769,-0.0062682,0.00571933
2.27,4,-0.203233,-0.183484,0.110674,-0.213329,-0.019749
2.27,5,0.271517,0.262163,0.153316,0.000779578,0.00935486
2.28,0,0.125248,0.119913,0.0704266,0.00212997,0.00533525
2.28,1,-0.141107,-0.0538767,0.374054,-4.61138,-0.0872306
2.28,2,0.31527,0.412863,-0.494024,-1.93973,-0.0975928
2.28,3,0.1883,0.182581,0.105765,-0.0062695,0.00571894
2.28,4,-0.202122,-0.182378,0.110668,-0.213291,-0.0197447
2.28,5,0.27305,0.263696,0.153316,0.000779383,0.00935483
2.29,0,0.125951,0.120617,0.070423,0.00210086,0.00533425
2.29,1,-0.137408,-0.0501367,0.37395,-4.61269,-0.087271
2.29,2,0.310303,0.407923,-0.494033,-1.94054,-0.0976201
2.29,3,0.189357,0.183639,0.10576,-0.00627035,0.00571858
2.29,4,-0.201011,-0.181271,0.110662,-0.213253,-0.0197403
2.29,5,0.274584,0.265229,0.153316,0.000779183,0.0093548
2.3,0,0.126654,0.121321,0.0704194,0.00207294,0.00533328
2.3,1,-0.133708,-0.0463978,0.373848,-4.61396,-0.0873103
2.3,2,0.305335,0.402982,-0.494042,-1.94134,-0.0976473
2.3,3,0.190415,0.184696,0.105756,-0.00627074,0.00571828
2.3,4,-0.1999,-0.180164,0.110657,-0.213215,-0.0197358
2.3,5,0.276117,0.266762,0.153316,0.000778977,0.00935477
2.31,0,0.127358,0.122025,0.070416,0.00204608,0.00533235
2.31,1,-0.130009,-0.0426599,0.373746,-4.61518,-0.0873487
2.31,2,0.300367,0.398042,-0.494049,-1.94213,-0.0976744
2.31,3,0.191472,0.185754,0.105751,-0.00627067,0.00571802
2.31,4,-0.198789,-0.179058,0.110652,-0.213177,-0.0197313
2.31,5,0.27765,0.268295,0.153316,0.000778767,0.00935474
2.32,0,0.128061,0.122729,0.0704126,0.00202016,0.00533145
2.32,1,-0.126309,-0.038923,0.373645,-4.61637,-0.087386
2.32,2,0.2954,0.393101,-0.494057,-1.94293,-0.0977015
2.32,3,0.192529,0.186812,0.105747,-0.00627013,0.0057178
2.32,4,-0.197678,-0.177951,0.110648,-0.213138,-0.0197268
2.32,5,0.279183,0.269828,0.153317,0.000778553,0.0093547
2.33,0,0.128764,0.123433,0.0704095,0.00199505,0.00533059
2.33,1,-0.122609,-0.0351871,0.373544,-4.61753,-0.0874224
2.33,2,0.290432,0.388161,-0.494063,-1.94373,-0.0977285
2.33,3,0.193587,0.187869,0.105742,-0.00626912,0.00571763
2.33,4,-0.196567,-0.176845,0.110644,-0.2131,-0.0197222
2.33,5,0.280716,0.271361,0.153317,0.000778337,0.00935467
2.34,0,0.129467,0.124138,0.0704065,0.00197062,0.00532975
2.34,1,-0.11891,-0.0314522,0.373444,-4.61864,-0.0874577
2.34,2,0.285465,0.38322,-0.49407,-1.94452,-0.0977554
2.34,3,0.194644,0.188926,0.105738,-0.00626764,0.0057175
2.34,4,-0.195456,-0.175739,0.110641,-0.213061,-0.0197175
2.34,5,0.282249,0.272895,0.153317,0.000778118,0.00935463
2.35,0,0.130171,0.124842,0.0704037,0.00194676,0.00532895
2.35,1,-0.11521,-0.0277183,0.373345,-4.61971,-0.087492
2.35,2,0.280497,0.378279,-0.494076,-1.94532,-0.0977823
2.35,3,0.195701,0.189984,0.105733,-0.00626568,0.00571742
2.35,4,-0.194345,-0.174632,0.110638,-0.213022,-0.0197129
2.35,5,0.283782,0.274428,0.153317,0.000777898,0.00935459
2.36,0,0.130874,0.125546,0.0704012,0.00192333,0.00532817
2.36,1,-0.111511,-0.0239854,0.373246,-4.62075,-0.0875253
2.36,2,0.275529,0.373339,-0.494081,-1.94611,-0.0978091
2.36,3,0.196758,0.191041,0.105729,-0.00626323,0.00571739
2.36,4,-0.193234,-0.173526,0.110635,-0.212983,-0.0197082
2.36,5,0.285316,0.275961,0.153317,0.000777677,0.00935455
2.37,0,0.131577,0.12625,0.0703988,0.00190023,0.00532742
2.37,1,-0.107811,-0.0202535,0.373148,-4.62175,-0.0875577
2.37,2,0.270562,0.368398,-0.494087,-1.9469,-0.0978359
2.37,3,0.197816,0.192098,0.105724,-0.00626031,0.0057174
2.37,4,-0.192123,-0.172419,0.110633,-0.212944,-0.0197035
2.37,5,0.286849,0.277494,0.153317,0.000777456,0.00935451
2.38,0,0.13228,0.126954,0.0703967,0.00187735,0.00532668
2.38,1,-0.104112,-0.0165225,0.373051,-4.62271,-0.0875891
2.38,2,0.265594,0.363457,-0.494092,-1.94769,-0.0978626
2.38,3,0.198873,0.193155,0.105719,-0.00625689,0.00571746
2.38,4,-0.191012,-0.171313,0.110631,-0.212905,-0.0196988
2.38,5,0.288382,0.279027,0.153317,0.000777235,0.00935447
2.39,0,0.132983,0.127658,0.0703948,0.00185458,0.00532597
2.39,1,-0.100412,-0.0127926,0.372954,-4.62364,-0.0876195
2.39,2,0.260627,0.358516,-0.494096,-1.94849,-0.0978892
2.39,3,0.19993,0.194213,0.105714,-0.00625298,0.00571757
2.39,4,-0.189901,-0.170207,0.110629,-0.212867,-0.019694
2.39,5,0.289915,0.28056,0.153317,0.000777014,0.00935443
2.4,0,0.133687,0.128361,0.0703931,0.00183182,0.00532528
2.4,1,-0.0967125,-0.00906355,0.372857,-4.62453,-0.0876489
2.4,2,0.255659,0.353575,-0.4941,-1.94927,-0.0979159
2.4,3,0.200987,0.19527,0.10571,-0.00624858,0.00571772
2.4,4,-0.18879,-0.169101,0.110627,-0.212828,-0.0196892
2.4,5,0.291448,0.282094,0.153317,0.000776795,0.00935439
2.41,0,0.13439,0.129065,0.0703917,0.00180898,0.0053246
2.41,1,-0.0930129,-0.00533551,0.372761,-4.62538,-0.0876774
2.41,2,0.250691,0.348634,-0.494105,-1.95006,-0.0979424
2.41,3,0.202045,0.196327,0.105705,-0.00624368,0.00571792
2.41,4,-0.187679,-0.167994,0.110626,-0.212789,-0.0196845
2.41,5,0.292981,0.283627,0.153317,0.000776577,0.00935435
2.42,0,0.135093,0.129769,0.0703905,0.00178598,0.00532393
2.42,1,-0.0893133,-0.00160843,0.372665,-4.62619,-0.0877049
2.42,2,0.245724,0.343693,-0.494109,-1.95085,-0.097969
2.42,3,0.203102,0.197384,0.1057,-0.00623827,0.00571817
2.42,4,-0.186568,-0.166888,0.110625,-0.21275,-0.0196797
2.42,5,0.294514,0.28516,0.153317,0.000776361,0.00935431
2.43,0,0.135796,0.130473,0.0703895,0.00176274,0.00532328
2.43,1,-0.0856138,0.00211769,0.372569,-4.62697,-0.0877315
2.43,2,0.240756,0.338752,-0.494112,-1.95164,-0.0979955
2.43,3,0.204159,0.198441,0.105695,-0.00623237,0.00571847
2.43,4,-0.185457,-0.165782,0.110623,-0.212711,-0.0196749
2.43,5,0.296047,0.286693,0.153317,0.000776148,0.00935426
2.44,0,0.1365,0.131177,0.0703887,0.00173919,0.00532263
2.44,1,-0.0819142,0.00584286,0.372474,-4.6277,-0.0877571
2.44,2,0.235789,0.333811,-0.494116,-1.95243,-0.0980219
2.44,3,0.205217,0.199498,0.10569,-0.00622595,0.00571882
2.44,4,-0.184346,-0.164676,0.110622,-0.212672,-0.01967
2.44,5,0.297581,0.288226,0.153317,0.000775937,0.00935422
2.45,0,0.137203,0.131881,0.0703882,0.00171527,0.00532199
2.45,1,-0.0782146,0.00956707,0.372379,-4.62841,-0.0877817
2.45,2,0.230821,0.328869,-0.49412,-1.95321,-0.0980483
2.45,3,0.206274,0.200555,0.105685,-0.00621903,0.00571922
2.45,4,-0.183235,-0.163569,0.110622,-0.212632,-0.0196652
2.45,5,0.299114,0.28976,0.153317,0.000775728,0.00935418
2.46,0,0.137906,0.132585,0.0703878,0.00169093,0.00532136
2.46,1,-0.0745151,0.0132903,0.372284,-4.62907,-0.0878054
2.46,2,0.225853,0.323928,-0.494123,-1.95399,-0.0980747
2.46,3,0.207331,0.201611,0.10568,-0.0062116,0.00571966
2.46,4,-0.182124,-0.162463,0.110621,-0.212593,-0.0196604
2.46,5,0.300647,0.291293,0.153317,0.000775523,0.00935414
2.47,0,0.138609,0.133289,0.0703876,0.00166612,0.00532073
2.47,1,-0.0708155,0.0170127,0.372189,-4.6297,-0.0878282
2.47,2,0.220886,0.318987,-0.494127,-1.95478,-0.0981011
2.47,3,0.208388,0.202668,0.105675,-0.00620366,0.00572016
2.47,4,-0.181012,-0.161357,0.11062,-0.212554,-0.0196555
2.47,5,0.30218,0.292826,0.153317,0.000775321,0.0093541
2.48,0,0.139313,0.133993,0.0703876,0.0016408,0.00532009
2.48,1,-0.0671159,0.020734,0.372095,-4.63028,-0.08785
2.48,2,0.215918,0.314046,-0.494131,-1.95556,-0.0981274
2.48,3,0.209446,0.203725,0.10567,-0.0061952,0.00572071
2.48,4,-0.179901,-0.160251,0.110619,-0.212515,-0.0196507
2.48,5,0.303713,0.294359,0.153317,0.000775121,0.00935405
2.49,0,0.140016,0.134696,0.0703878,0.00161496,0.00531946
2.49,1,-0.0634164,0.0244545,0.372,-4.63083,-0.0878708
2.49,2,0.210951,0.309104,-0.494134,-1.95634,-0.0981537
2.49,3,0.210503,0.204782,0.105665,-0.00618623,0.0057213
2.49,4,-0.17879,-0.159145,0.110618,-0.212476,-0.0196458
2.49,5,0.305246,0.295892,0.153317,0.000774925,0.00935401
2.5,0,0.140719,0.1354,0.0703882,0.00158855,0.00531883
2.5,1,-0.0597168,0.0281739,0.371906,-4.63135,-0.0878908
2.5,2,0.205983,0.304163,-0.494138,-1.95712,-0.0981799
2.5,3,0.21156,0.205838,0.10566,-0.00617675,0.00572195
2.5,4,-0.177679,-0.158038,0.110618,-0.212436,-0.0196409
2.5,5,0.306779,0.297425,0.153317,0.000774732,0.00935397
2.51,0,0.141422,0.136104,0.0703886,0.00156157,0.00531819
2.51,1,-0.0560172,0.0318925,0.371811,-4.63182,-0.0879097
2.51,2,0.201015,0.299221,-0.494142,-1.9579,-0.0982061
2.51,3,0.212617,0.206895,0.105655,-0.00616674,0.00572264
2.51,4,-0.176568,-0.156932,0.110617,-0.212397,-0.0196361
2.51,5,0.308312,0.298959,0.153317,0.000774542,0.00935393
2.52,0,0.142126,0.136808,0.0703892,0.00153401,0.00531754
2.52,1,-0.0523177,0.0356101,0.371717,-4.63226,-0.0879278
2.52,2,0.196048,0.29428,-0.494146,-1.95868,-0.0982323
2.52,3,0.213675,0.207951,0.10565,-0.00615622,0.00572339
2.52,4,-0.175457,-0.155826,0.110616,-0.212357,-0.0196312
2.52,5,0.309846,0.300492,0.153317,0.000774355,0.00935389
2.53,0,0.142829,0.137512,0.0703899,0.00150586,0.00531689
2.53,1,-0.0486181,0.0393267,0.371622,-4.63266,-0.0879448
2.53,2,0.19108,0.289339,-0.49415,-1.95945,-0.0982584
2.53,3,0.214732,0.209008,0.105645,-0.00614518,0.00572419
2.53,4,-0.174346,-0.15472,0.110615,-0.212318,-0.0196263
2.53,5,0.311379,0.302025,0.153317,0.000774171,0.00935385
2.54,0,0.143532,0.138216,0.0703907,0.00147714,0.00531623
2.54,1,-0.0449186,0.0430424,0.371527,-4.63302,-0.087961
2.54,2,0.186113,0.284397,-0.494154,-1.96023,-0.0982845
2.54,3,0.215789,0.210064,0.10564,-0.00613363,0.00572504
2.54,4,-0.173235,-0.153614,0.110614,-0.212278,-0.0196214
2.54,5,0.312912,0.303558,0.153317,0.00077399,0.00935381
2.55,0,0.144235,0.13892,0.0703916,0.00144784,0.00531556
2.55,1,-0.041219,0.0467572,0.371433,-4.63334,-0.0879762
2.55,2,0.181145,0.279455,-0.494158,-1.961,-0.0983105
2.55,3,0.216847,0.211121,0.105635,-0.00612155,0.00572594
2.55,4,-0.172124,-0.152508,0.110613,-0.212238,-0.0196165
2.55,5,0.314445,0.305091,0.153317,0.000773811,0.00935377
2.56,0,0.144939,0.139624,0.0703925,0.00141798,0.00531489
2.56,1,-0.0375194,0.050471,0.371338,-4.63363,-0.0879904
2.56,2,0.176177,0.274514,-0.494163,-1.96177,-0.0983365
2.56,3,0.217904,0.212177,0.10563,-0.00610895,0.00572689
2.56,4,-0.171013,-0.151401,0.110611,-0.212198,-0.0196115
2.56,5,0.315978,0.306624,0.153317,0.000773636,0.00935374
2.57,0,0.145642,0.140328,0.0703935,0.00138758,0.0053142
2.57,1,-0.0338199,0.0541838,0.371243,-4.63388,-0.0880037
2.57,2,0.17121,0.269572,-0.494167,-1.96254,-0.0983625
2.57,3,0.218961,0.213233,0.105625,-0.00609584,0.00572789
2.57,4,-0.169902,-0.150295,0.11061,-0.212158,-0.0196066
2.57,5,0.317511,0.308158,0.153317,0.000773462,0.0093537
2.58,0,0.146345,0.141032,0.0703945,0.00135666,0.0053135
2.58,1,-0.0301203,0.0578957,0.371148,-4.63409,-0.088016
2.58,2,0.166242,0.264631,-0.494172,-1.96331,-0.0983884
2.58,3,0.220018,0.214289,0.105619,-0.0060822,0.00572895
2.58,4,-0.168791,-0.149189,0.110608,-0.212117,-0.0196016
2.58,5,0.319044,0.309691,0.153317,0.000773291,0.00935366
2.59,0,0.147048,0.141736,0.0703956,0.00132525,0.0053128
2.59,1,-0.0264207,0.0616067,0.371053,-4.63426,-0.0880274
2.59,2,0.161275,0.259689,-0.494177,-1.96407,-0.0984142
2.59,3,0.221076,0.215346,0.105614,-0.00606805,0.00573005
2.59,4,-0.16768,-0.148083,0.110606,-0.212077,-0.0195967
2.59,5,0.320578,0.311224,0.153317,0.000773122,0.00935362
2.6,0,0.147752,0.14244,0.0703966,0.00129338,0.00531208
2.6,1,-0.0227212,0.0653167,0.370958,-4.63439,-0.0880379
2.6,2,0.156307,0.254747,-0.494182,-1.96484,-0.09844
2.6,3,0.222133,0.216402,0.105609,-0.00605338,0.00573121
2.6,4,-0.166569,-0.146977,0.110605,-0.212036,-0.0195917
2.6,5,0.322111,0.312757,0.153317,0.000772955,0.00935359
2.61,0,0.148455,0.143144,0.0703977,0.00126108,0.00531135
2.61,1,-0.0190216,0.0690258,0.370862,-4.63448,-0.0880473
2.61,2,0.151339,0.249805,-0.494188,-1.9656,-0.0984658
2.61,3,0.22319,0.217458,0.105604,-0.00603818,0.00573242
2.61,4,-0.165458,-0.145871,0.110603,-0.211995,-0.0195867
2.61,5,0.323644,0.31429,0.153317,0.00077279,0.00935355
2.62,0,0.149158,0.143848,0.0703987,0.00122838,0.00531061
2.62,1,-0.015322,0.0727339,0.370766,-4.63453,-0.0880559
2.62,2,0.146372,0.244863,-0.494193,-1.96636,-0.0984915
2.62,3,0.224247,0.218514,0.105599,-0.00602247,0.00573368
2.62,4,-0.164347,-0.144765,0.110601,-0.211953,-0.0195816
2.62,5,0.325177,0.315823,0.153317,0.000772626,0.00935352
2.63,0,0.149861,0.144551,0.0703998,0.00119532,0.00530987
2.63,1,-0.0116225,0.076441,0.370671,-4.63455,-0.0880634
2.63,2,0.141404,0.239921,-0.494199,-1.96711,-0.0985171
2.63,3,0.225305,0.21957,0.105594,-0.00600624,0.00573499
2.63,4,-0.163236,-0.143659,0.110598,-0.211912,-0.0195766
2.63,5,0.32671,0.317357,0.153316,0.000772464,0.00935348
2.64,0,0.150565,0.145255,0.0704008,0.00116193,0.00530911
2.64,1,-0.00792289,0.0801472,0.370575,-4.63453,-0.0880701
2.64,2,0.136437,0.234979,-0.494205,-1.96787,-0.0985427
2.64,3,0.226362,0.220626,0.105588,-0.0059895,0.00573636
2.64,4,-0.162125,-0.142553,0.110596,-0.21187,-0.0195715
2.64,5,0.328243,0.31889,0.153316,0.000772302,0.00935345
2.65,0,0.151268,0.14596,0.0704018,0.00112825,0.00530834
2.65,1,-0.00422332,0.0838524,0.370479,-4.63446,-0.0880757
2.65,2,0.131469,0.230037,-0.494211,-1.96862,-0.0985682
2.65,3,0.227419,0.221682,0.105583,-0.00597223,0.00573777
2.65,4,-0.161014,-0.141447,0.110593,-0.211828,-0.0195664
2.65,5,0.329776,0.320423,0.153316,0.000772142,0.00935341
2.66,0,0.151971,0.146664,0.0704027,0.00109433,0.00530756
2.66,1,-0.000523757,0.0875566,0.370383,-4.63436,-0.0880804
2.66,2,0.126501,0.225095,-0.494217,-1.96937,-0.0985936
2.66,3,0.228477,0.222737,0.105578,-0.00595445,0.00573924
2.66,4,-0.159903,-0.140341,0.110591,-0.211786,-0.0195613
2.66,5,0.331309,0.321956,0.153316,0.000771982,0.00935338
2.67,0,0.152674,0.147368,0.0704036,0.00106019,0.00530677
2.67,1,0.00317581,0.0912599,0.370286,-4.63422,-0.0880841
2.67,2,0.121534,0.220153,-0.494224,-1.97012,-0.098619
2.67,3,0.229534,0.223793,0.105573,-0.00593615,0.00574076
2.67,4,-0.158791,-0.139235,0.110588,-0.211743,-0.0195561
2.67,5,0.332843,0.323489,0.153316,0.000771823,0.00935335
2.68,0,0.153378,0.148072,0.0704044,0.00102588,0.00530598
2.68,1,0.00687538,0.0949623,0.37019,-4.63405,-0.0880869
2.68,2,0.116566,0.215211,-0.49423,-1.97087,-0.0986444
2.68,3,0.230591,0.224849,0.105568,-0.00591734,0.00574233
2.68,4,-0.15768,-0.13813,0.110585,-0.2117,-0.0195509
2.68,5,0.334376,0.325022,0.153316,0.000771664,0.00935331
2.69,0,0.154081,0.148776,0.0704052,0.000991436,0.00530517
2.69,1,0.0105749,0.0986637,0.370094,-4.63383,-0.0880887
2.69,2,0.111599,0.210268,-0.494237,-1.97161,-0.0986696
2.69,3,0.231648,0.225904,0.105563,-0.00589801,0.00574396
2.69,4,-0.156569,-0.137024,0.110582,-0.211657,-0.0195457
2.69,5,0.335909,0.326556,0.153316,0.000771505,0.00935328
2.7,0,0.154784,0.14948,0.0704059,0.000956888,0.00530436
2.7,1,0.0142745,0.102364,0.369997,-4.63357,-0.0880895
2.7,2,0.106631,0.205326,-0.494244,-1.97236,-0.0986948
2.7,3,0.232706,0.22696,0.105557,-0.00587816,0.00574563
2.7,4,-0.155458,-0.135918,0.110579,-0.211613,-0.0195405
2.7,5,0.337442,0.328089,0.153316,0.000771346,0.00935325
2.71,0,0.155487,0.150184,0.0704065,0.000922274,0.00530354
2.71,1,0.0179741,0.106063,0.3699,-4.63328,-0.0880894
2.71,2,0.101663,0.200383,-0.494251,-1.9731,-0.0987199
2.71,3,0.233763,0.228016,0.105552,-0.0058578,0.00574736
2.71,4,-0.154347,-0.134812,0.110576,-0.21157,-0.0195352
2.71,5,0.338975,0.329622,0.153316,0.000771187,0.00935321
2.72,0,0.156191,0.150888,0.0704071,0.000887627,0.00530272
2.72,1,0.0216736,0.109762,0.369804,-4.63294,-0.0880883
2.72,2,0.0966958,0.195441,-0.494258,-1.97383,-0.098745
2.72,3,0.23482,0.229071,0.105547,-0.00583693,0.00574913
2.72,4,-0.153236,-0.133706,0.110573,-0.211526,-0.0195299
2.72,5,0.340508,0.331155,0.153316,0.000771027,0.00935318
2.73,0,0.156894,0.151592,0.0704075,0.000852979,0.00530189
2.73,1,0.0253732,0.113459,0.369707,-4.63257,-0.0880863
2.73,2,0.0917282,0.190498,-0.494266,-1.97457,-0.09877
2.73,3,0.235877,0.230127,0.105542,-0.00581554,0.00575096
2.73,4,-0.152125,-0.132601,0.11057,-0.211481,-0.0195246
2.73,5,0.342041,0.332688,0.153316,0.000770868,0.00935315
2.74,0,0.157597,0.152296,0.070408,0.000818361,0.00530106
2.74,1,0.0290728,0.117156,0.36961,-4.63216,-0.0880832
2.74,2,0.0867606,0.185555,-0.494273,-1.9753,-0.0987949
2.74,3,0.236935,0.231182,0.105537,-0.00579363,0.00575285
2.74,4,-0.151014,-0.131495,0.110566,-0.211437,-0.0195192
2.74,5,0.343574,0.334221,0.153316,0.000770707,0.00935312
2.75,0,0.1583,0.153,0.0704083,0.000783799,0.00530022
2.75,1,0.0327723,0.120852,0.369514,-4.63171,-0.0880792
2.75,2,0.081793,0.180613,-0.494281,-1.97603,-0.0988197
2.75,3,0.237992,0.232237,0.105532,-0.00577122,0.00575478
2.75,4,-0.149903,-0.130389,0.110563,-0.211392,-0.0195138
2.75,5,0.345108,0.335755,0.153316,0.000770546,0.00935308
2.76,0,0.159004,0.153704,0.0704086,0.000749319,0.00529938
2.76,1,0.0364719,0.124546,0.369417,-4.63122,-0.0880743
2.76,2,0.0768254,0.17567,-0.494288,-1.97676,-0.0988444
2.76,3,0.239049,0.233293,0.105527,-0.00574829,0.00575676
2.76,4,-0.148792,-0.129284,0.110559,-0.211346,-0.0195083
2.76,5,0.346641,0.337288,0.153316,0.000770385,0.00935305
2.77,0,0.159707,0.154408,0.0704088,0.000714946,0.00529854
2.77,1,0.0401715,0.12824,0.36932,-4.63069,-0.0880684
2.77,2,0.0718578,0.170727,-0.494296,-1.97748,-0.0988691
2.77,3,0.240107,0.234348,0.105521,-0.00572484,0.0057588
2.77,4,-0.147681,-0.128178,0.110556,-0.211301,-0.0195029
2.77,5,0.348174,0.338821,0.153316,0.000770222,0.00935302
2.78,0,0.16041,0.155112,0.070409,0.0006807,0.00529769
2.78,1,0.043871,0.131932,0.369223,-4.63013,-0.0880615
2.78,2,0.0668902,0.165784,-0.494304,-1.9782,-0.0988937
2.78,3,0.241164,0.235403,0.105516,-0.00570088,0.00576088
2.78,4,-0.14657,-0.127073,0.110552,-0.211255,-0.0194974
2.78,5,0.349707,0.340354,0.153316,0.000770059,0.00935299
2.79,0,0.161113,0.155816,0.0704091,0.000646601,0.00529684
2.79,1,0.0475706,0.135624,0.369127,-4.62952,-0.0880536
2.79,2,0.0619226,0.160841,-0.494311,-1.97892,-0.0989182
2.79,3,0.242221,0.236458,0.105511,-0.00567641,0.00576302
2.79,4,-0.145459,-0.125967,0.110549,-0.211209,-0.0194918
2.79,5,0.35124,0.341887,0.153316,0.000769895,0.00935296
2.8,0,0.161817,0.156521,0.0704091,0.000612666,0.005296
2.8,1,0.0512702,0.139315,0.36903,-4.62888,-0.0880448
2.8,2,0.056955,0.155898,-0.494319,-1.97964,-0.0989427
2.8,3,0.243278,0.237513,0.105506,-0.00565142,0.00576521
2.8,4,-0.144348,-0.124862,0.110545,-0.211163,-0.0194862
2.8,5,0.352773,0.34342,0.153316,0.000769729,0.00935292
2.81,0,0.16252,0.157225,0.0704091,0.000578908,0.00529515
2.81,1,0.0549697,0.143005,0.368934,-4.6282,-0.088035
2.81,2,0.0519874,0.150954,-0.494327,-1.98036,-0.0989671
2.81,3,0.244336,0.238568,0.105501,-0.00562592,0.00576745
2.81,4,-0.143237,-0.123756,0.110542,-0.211116,-0.0194806
2.81,5,0.354306,0.344954,0.153316,0.000769563,0.00935289
2.82,0,0.163223,0.157929,0.070409,0.00054534,0.00529431
2.82,1,0.0586693,0.146694,0.368837,-4.62748,-0.0880242
2.82,2,0.0470198,0.146011,-0.494335,-1.98107,-0.0989913
2.82,3,0.245393,0.239623,0.105496,-0.00559991,0.00576975
2.82,4,-0.142126,-0.122651,0.110538,-0.211069,-0.019475
2.82,5,0.35584,0.346487,0.153316,0.000769396,0.00935286
2.83,0,0.163926,0.158633,0.0704088,0.000511972,0.00529346
2.83,1,0.0623689,0.150381,0.368741,-4.62672,-0.0880125
2.83,2,0.0420522,0.141068,-0.494343,-1.98178,-0.0990155
2.83,3,0.24645,0.240678,0.105491,-0.00557339,0.00577209
2.83,4,-0.141015,-0.121545,0.110535,-0.211022,-0.0194693
2.83,5,0.357373,0.34802,0.153316,0.000769227,0.00935282
2.84,0,0.164629,0.159337,0.0704086,0.000478811,0.00529262
2.84,1,0.0660684,0.154068,0.368645,-4.62593,-0.0879998
2.84,2,0.0370846,0.136124,-0.494351,-1.98249,-0.0990397
2.84,3,0.247507,0.241733,0.105485,-0.00554635,0.00577449
2.84,4,-0.139904,-0.12044,0.110531,-0.210974,-0.0194636
2.84,5,0.358906,0.349553,0.153316,0.000769058,0.00935279
2.85,0,0.165333,0.160041,0.0704084,0.000445864,0.00529178
2.85,1,0.069768,0.157754,0.368548,-4.62509,-0.0879862
2.85,2,0.032117,0.131181,-0.494359,-1.98319,-0.0990637
2.85,3,0.248565,0.242788,0.10548,-0.00551879,0.00577693
2.85,4,-0.138793,-0.119335,0.110528,-0.210926,-0.0194578
2.85,5,0.360439,0.351086,0.153316,0.000768887,0.00935276
2.86,0,0.166036,0.160745,0.0704081,0.000413134,0.00529094
2.86,1,0.0734676,0.161439,0.368452,-4.62422,-0.0879715
2.86,2,0.0271494,0.126237,-0.494367,-1.9839,-0.0990877
2.86,3,0.249622,0.243843,0.105475,-0.00549072,0.00577943
2.86,4,-0.137682,-0.11823,0.110524,-0.210878,-0.019452
2.86,5,0.361972,0.352619,0.153316,0.000768716,0.00935273
2.87,0,0.166739,0.161449,0.0704078,0.000380623,0.0052901
2.87,1,0.0771671,0.165123,0.368356,-4.62331,-0.087956
2.87,2,0.0221818,0.121293,-0.494375,-1.9846,-0.0991116
2.87,3,0.250679,0.244897,0.10547,-0.00546214,0.00578198
2.87,4,-0.136571,-0.117124,0.110521,-0.21083,-0.0194462
2.87,5,0.363505,0.354152,0.153316,0.000768544,0.00935269
2.88,0,0.167442,0.162153,0.0704075,0.000348331,0.00528927
2.88,1,0.0808667,0.168806,0.368261,-4.62236,-0.0879394
2.88,2,0.0172142,0.11635,-0.494383,-1.9853,-0.0991354
2.88,3,0.251737,0.245952,0.105465,-0.00543304,0.00578458
2.88,4,-0.135459,-0.116019,0.110517,-0.210781,-0.0194403
2.88,5,0.365038,0.355686,0.153316,0.00076837,0.00935266
2.89,0,0.168146,0.162857,0.0704071,0.000316256,0.00528844
2.89,1,0.0845663,0.172488,0.368165,-4.62137,-0.087922
2.89,2,0.0122466,0.111406,-0.494391,-1.98599,-0.0991591
2.89,3,0.252794,0.247007,0.10546,-0.00540343,0.00578724
2.89,4,-0.134348,-0.114914,0.110514,-0.210732,-0.0194344
2.89,5,0.366571,0.357219,0.153316,0.000768196,0.00935262
2.9,0,0.168849,0.163561,0.0704068,0.000284396,0.00528762
2.9,1,0.0882658,0.176169,0.368069,-4.62035,-0.0879035
2.9,2,0.00727895,0.106462,-0.494398,-1.98669,-0.0991828
2.9,3,0.253851,0.248061,0.105455,-0.0053733,0.00578994
2.9,4,-0.133237,-0.113809,0.11051,-0.210683,-0.0194285
2.9,5,0.368105,0.358752,0.153316,0.000768021,0.00935259
2.91,0,0.169552,0.164265,0.0704064,0.000252746,0.0052868
2.91,1,0.0919654,0.17985,0.367974,-4.61929,-0.0878841
2.91,2,0.00231135,0.101518,-0.494406,-1.98738,-0.0992063
2.91,3,0.254908,0.249116,0.105449,-0.00534266,0.0057927
2.91,4,-0.132126,-0.112704,0.110507,-0.210634,-0.0194226
2.91,5,0.369638,0.360285,0.153316,0.000767845,0.00935256
2.92,0,0.170255,0.164969,0.070406,0.0002213,0.00528598
2.92,1,0.095665,0.183529,0.367879,-4.61819,-0.0878638
2.92,2,-0.00265625,0.0965736,-0.494414,-1.98807,-0.0992298
2.92,3,0.255966,0.25017,0.105444,-0.00531149,0.0057955
2.92,4,-0.131015,-0.111599,0.110504,-0.210584,-0.0194166
2.92,5,0.371171,0.361818,0.153316,0.000767668,0.00935252
2.93,0,0.170959,0.165674,0.0704055,0.000190052,0.00528517
2.93,1,0.0993645,0.187207,0.367784,-4.61705,-0.0878425
2.93,2,-0.00762385,0.0916294,-0.494422,-1.98875,-0.0992533
2.93,3,0.257023,0.251225,0.105439,-0.00527982,0.00579836
2.93,4,-0.129904,-0.110494,0.1105,-0.210534,-0.0194105
2.93,5,0.372704,0.363351,0.153316,0.00076749,0.00935249
2.94,0,0.171662,0.166378,0.0704051,0.000158994,0.00528436
2.94,1,0.103064,0.190884,0.367689,-4.61588,-0.0878202
2.94,2,-0.0125915,0.0866851,-0.49443,-1.98944,-0.0992766
2.94,3,0.25808,0.252279,0.105434,-0.00524762,0.00580127
2.94,4,-0.128793,-0.109389,0.110497,-0.210484,-0.0194045
2.94,5,0.374237,0.364885,0.153317,0.000767312,0.00935245
2.95,0,0.172365,0.167082,0.0704047,0.000128119,0.00528355
2.95,1,0.106764,0.194561,0.367594,-4.61466,-0.087797
2.95,2,-0.0175591,0.0817408,-0.494438,-1.99012,-0.0992999
2.95,3,0.259137,0.253333,0.105429,-0.00521491,0.00580423
2.95,4,-0.127682,-0.108284,0.110494,-0.210434,-0.0193984
2.95,5,0.37577,0.366418,0.153317,0.000767133,0.00935242
2.96,0,0.173068,0.167786,0.0704042,9.74157e-05,0.00528275
2.96,1,0.110463,0.198236,0.3675,-4.61341,-0.0877729
2.96,2,-0.0225267,0.0767964,-0.494446,-1.9908,-0.099323
2.96,3,0.260195,0.254387,0.105424,-0.00518168,0.00580725
2.96,4,-0.126571,-0.107179,0.110491,-0.210383,-0.0193922
2.96,5,0.377303,0.367951,0.153317,0.000766953,0.00935238
2.97,0,0.173772,0.16849,0.0704038,6.68764e-05,0.00528196
2.97,1,0.114163,0.201911,0.367405,-4.61213,-0.0877478
2.97,2,-0.0274943,0.0718519,-0.494453,-1.99148,-0.0993461
2.97,3,0.261252,0.255442,0.105418,-0.00514793,0.00581031
2.97,4,-0.12546,-0.106074,0.110488,-0.210333,-0.0193861
2.97,5,0.378836,0.369484,0.153317,0.000766774,0.00935235
2.98,0,0.174475,0.169194,0.0704034,3.64906e-05,0.00528117
2.98,1,0.117862,0.205584,0.367311,-4.6108,-0.0877218
2.98,2,-0.0324619,0.0669073,-0.494461,-1.99215,-0.0993692
2.98,3,0.262309,0.256496,0.105413,-0.00511366,0.00581343
2.98,4,-0.124349,-0.104969,0.110485,-0.210281,-0.0193799
2.98,5,0.38037,0.371017,0.153317,0.000766593,0.00935231
2.99,0,0.175178,0.169898,0.070403,6.24838e-06,0.00528038
2.99,1,0.121562,0.209257,0.367217,-4.60944,-0.0876948
2.99,2,-0.0374295,0.0619626,-0.494469,-1.99283,-0.0993921
2.99,3,0.263367,0.25755,0.105408,-0.00507887,0.0058166
2.99,4,-0.123238,-0.103864,0.110482,-0.21023,-0.0193737
2.99,5,0.381903,0.37255,0.153317,0.000766412,0.00935228
3,0,0.175881,0.170602,0.0704026,-2.38606e-05,0.0052796
3,1,0.125261,0.212928,0.367123,-4.60804,-0.0876669
3,2,-0.0423971,0.0570179,-0.494477,-1.9935,-0.099415
3,3,0.264424,0.258604,0.105403,-0.00504356,0.00581982
3,4,-0.122127,-0.102759,0.110479,-0.210179,-0.0193674
3,5,0.383436,0.374084,0.153317,0.000766231,0.00935224
3.01,0,0.176585,0.171306,0.0704022,-5.38464e-05,0.00527882
3.01,1,0.128961,0.216599,0.367029,-4.60661,-0.087638
3.01,2,-0.0473647,0.0520731,-0.494485,-1.99416,-0.0994378
3.01,3,0.265481,0.259658,0.105398,-0.00500773,0.00582309
3.01,4,-0.121016,-0.101655,0.110476,-0.210127,-0.0193612
3.01,5,0.384969,0.375617,0.153317,0.00076605,0.00935221
3.02,0,0.177288,0.17201,0.0704018,-8.37193e-05,0.00527804
3.02,1,0.132661,0.220269,0.366936,-4.60514,-0.0876082
3.02,2,-0.0523323,0.0471282,-0.494492,-1.99483,-0.0994605
3.02,3,0.266538,0.260712,0.105393,-0.00497139,0.00582641
3.02,4,-0.119905,-0.10055,0.110473,-0.210075,-0.0193548
3.02,5,0.386502,0.37715,0.153317,0.000765868,0.00935217
3.03,0,0.177991,0.172714,0.0704014,-0.000113489,0.00527727
3.03,1,0.13636,0.223938,0.366842,-4.60363,-0.0875775
3.03,2,-0.0572999,0.0421833,-0.4945,-1.99549,-0.0994831
3.03,3,0.267596,0.261766,0.105387,-0.00493452,0.00582979
3.03,4,-0.118794,-0.0994453,0.11047,-0.210023,-0.0193485
3.03,5,0.388035,0.378683,0.153317,0.000765686,0.00935213
3.04,0,0.178694,0.173418,0.0704011,-0.000143166,0.0052765
3.04,1,0.14006,0.227606,0.366749,-4.60208,-0.0875459
3.04,2,-0.0622675,0.0372382,-0.494508,-1.99615,-0.0995057
3.04,3,0.268653,0.26282,0.105382,-0.00489712,0.00583322
3.04,4,-0.117683,-0.0983406,0.110467,-0.20997,-0.0193421
3.04,5,0.389568,0.380216,0.153317,0.000765504,0.0093521
3.05,0,0.179398,0.174122,0.0704007,-0.000172758,0.00527574
3.05,1,0.143759,0.231273,0.366656,-4.6005,-0.0875133
3.05,2,-0.0672351,0.0322931,-0.494515,-1.99681,-0.0995282
3.05,3,0.26971,0.263873,0.105377,-0.00485921,0.0058367
3.05,4,-0.116572,-0.0972359,0.110464,-0.209918,-0.0193357
3.05,5,0.391102,0.381749,0.153317,0.000765322,0.00935206
3.06,0,0.180101,0.174826,0.0704004,-0.000202275,0.00527498
3.06,1,0.147459,0.234939,0.366563,-4.59888,-0.0874798
3.06,2,-0.0722027,0.0273479,-0.494523,-1.99747,-0.0995506
3.06,3,0.270767,0.264927,0.105372,-0.00482077,0.00584023
3.06,4,-0.115461,-0.0961313,0.110461,-0.209865,-0.0193293
3.06,5,0.392635,0.383283,0.153317,0.000765139,0.00935203
3.07,0,0.180804,0.17553,0.0704001,-0.000231724,0.00527422
3.07,1,0.151158,0.238604,0.36647,-4.59722,-0.0874453
3.07,2,-0.0771703,0.0224026,-0.494531,-1.99812,-0.0995729
3.07,3,0.271825,0.265981,0.105367,-0.00478181,0.00584381
3.07,4,-0.11435,-0.0950267,0.110458,-0.209812,-0.0193229
3.07,5,0.394168,0.384816,0.153317,0.000764957,0.00935199
3.08,0,0.181507,0.176234,0.0703999,-0.000261115,0.00527346
3.08,1,0.154858,0.242268,0.366377,-4.59553,-0.0874099
3.08,2,-0.0821379,0.0174573,-0.494539,-1.99878,-0.0995951
3.08,3,0.272882,0.267035,0.105361,-0.00474233,0.00584745
3.08,4,-0.113239,-0.0939221,0.110455,-0.209759,-0.0193164
3.08,5,0.395701,0.386349,0.153317,0.000764775,0.00935195
3.09,0,0.182211,0.176938,0.0703996,-0.000290453,0.00527271
3.09,1,0.158558,0.245931,0.366285,-4.5938,-0.0873736
3.09,2,-0.0871055,0.0125118,-0.494547,-1.99943,-0.0996173
3.09,3,0.273939,0.268088,0.105356,-0.00470233,0.00585113
3.09,4,-0.112127,-0.0928176,0.110453,-0.209705,-0.0193099
3.09,5,0.397234,0.387882,0.153317,0.000764592,0.00935192
3.1,0,0.182914,0.177642,0.0703994,-0.000319746,0.00527196
3.1,1,0.162257,0.249594,0.366193,-4.59203,-0.0873364
3.1,2,-0.0920731,0.00756632,-0.494554,-2.00007,-0.0996394
3.1,3,0.274997,0.269142,0.105351,-0.0046618,0.00585487
3.1,4,-0.111016,-0.0917131,0.11045,-0.209652,-0.0193033
3.1,5,0.398767,0.389415,0.153317,0.00076441,0.00935188
3.11,0,0.183617,0.178346,0.0703991,-0.000348999,0.00527121
3.11,1,0.165957,0.253255,0.3661,-4.59023,-0.0872983
3.11,2,-0.0970407,0.00262074,-0.494562,-2.00072,-0.0996614
3.11,3,0.276054,0.270195,0.105346,-0.00462075,0.00585867
3.11,4,-0.109905,-0.0906086,0.110447,-0.209598,-0.0192968
3.11,5,0.4003,0.390948,0.153317,0.000764228,0.00935184
3.12,0,0.18432,0.17905,0.0703989,-0.000378218,0.00527046
3.12,1,0.169656,0.256915,0.366008,-4.58839,-0.0872592
3.12,2,-0.102008,-0.00232493,-0.49457,-2.00136,-0.0996833
3.12,3,0.277111,0.271249,0.10534,-0.00457917,0.00586251
3.12,4,-0.108794,-0.0895042,0.110444,-0.209544,-0.0192902
3.12,5,0.401833,0.392482,0.153317,0.000764046,0.00935181
3.13,0,0.185024,0.179754,0.0703987,-0.000407406,0.00526972
3.13,1,0.173356,0.260575,0.365916,-4.58652,-0.0872192
3.13,2,-0.106976,-0.00727067,-0.494578,-2.002,-0.0997052
3.13,3,0.278168,0.272302,0.105335,-0.00453707,0.00586641
3.13,4,-0.107683,-0.0883997,0.110442,-0.209489,-0.0192836
3.13,5,0.403367,0.394015,0.153317,0.000763864,0.00935177
3.14,0,0.185727,0.180458,0.0703986,-0.000436569,0.00526898
3.14,1,0.177055,0.264234,0.365824,-4.5846,-0.0871783
3.14,2,-0.111943,-0.0122165,-0.494586,-2.00264,-0.099727
3.14,3,0.279226,0.273355,0.10533,-0.00449445,0.00587036
3.14,4,-0.106572,-0.0872953,0.110439,-0.209435,-0.0192769
3.14,5,0.4049,0.395548,0.153317,0.000763682,0.00935174
3.15,0,0.18643,0.181162,0.0703984,-0.000465708,0.00526824
3.15,1,0.180755,0.267891,0.365732,-4.58266,-0.0871365
3.15,2,-0.116911,-0.0171624,-0.494594,-2.00327,-0.0997487
3.15,3,0.280283,0.274409,0.105325,-0.0044513,0.00587436
3.15,4,-0.105461,-0.086191,0.110436,-0.20938,-0.0192702
3.15,5,0.406433,0.397081,0.153317,0.000763501,0.0093517
3.16,0,0.187133,0.181866,0.0703983,-0.000494826,0.0052675
3.16,1,0.184455,0.271548,0.365641,-4.58067,-0.0870937
3.16,2,-0.121879,-0.0221084,-0.494602,-2.00391,-0.0997703
3.16,3,0.28134,0.275462,0.10532,-0.00440762,0.00587841
3.16,4,-0.10435,-0.0850866,0.110433,-0.209325,-0.0192635
3.16,5,0.407966,0.398614,0.153317,0.000763319,0.00935166
3.17,0,0.187837,0.18257,0.0703981,-0.000523925,0.00526676
3.17,1,0.188154,0.275204,0.365549,-4.57865,-0.08705
3.17,2,-0.126846,-0.0270544,-0.49461,-2.00454,-0.0997918
3.17,3,0.282397,0.276515,0.105314,-0.00436342,0.00588252
3.17,4,-0.103239,-0.0839823,0.110431,-0.20927,-0.0192568
3.17,5,0.409499,0.400147,0.153317,0.000763138,0.00935163
3.18,0,0.18854,0.183274,0.070398,-0.000553006,0.00526603
3.18,1,0.191854,0.278859,0.365458,-4.57659,-0.0870055
3.18,2,-0.131814,-0.0320006,-0.494618,-2.00516,-0.0998133
3.18,3,0.283455,0.277568,0.105309,-0.0043187,0.00588667
3.18,4,-0.102128,-0.082878,0.110428,-0.209214,-0.0192501
3.18,5,0.411032,0.401681,0.153317,0.000762956,0.00935159
3.19,0,0.189243,0.183978,0.0703979,-0.00058207,0.00526529
3.19,1,0.195553,0.282513,0.365366,-4.5745,-0.08696
3.19,2,-0.136781,-0.0369468,-0.494626,-2.00579,-0.0998347
3.19,3,0.284512,0.278621,0.105304,-0.00427345,0.00589088
3.19,4,-0.101017,-0.0817737,0.110425,-0.209159,-0.0192433
3.19,5,0.412565,0.403214,0.153317,0.000762775,0.00935155
3.2,0,0.189946,0.184682,0.0703978,-0.000611117,0.00526456
3.2,1,0.199253,0.286166,0.365275,-4.57237,-0.0869136
3.2,2,-0.141749,-0.0418931,-0.494634,-2.00641,-0.099856
3.2,3,0.285569,0.279674,0.105299,-0.00422767,0.00589515
3.2,4,-0.099906,-0.0806695,0.110422,-0.209103,-0.0192365
3.2,5,0.414098,0.404747,0.153317,0.000762594,0.00935152
3.21,0,0.19065,0.185386,0.0703977,-0.000640145,0.00526382
3.21,1,0.202952,0.289819,0.365184,-4.5702,-0.0868663
3.21,2,-0.146717,-0.0468395,-0.494642,-2.00703,-0.0998772
3.21,3,0.286627,0.280727,0.105293,-0.00418137,0.00589946
3.21,4,-0.0987949,-0.0795653,0.11042,-0.209047,-0.0192296
3.21,5,0.415632,0.40628,0.153317,0.000762413,0.00935148
3.22,0,0.191353,0.18609,0.0703976,-0.000669154,0.00526309
3.22,1,0.206652,0.29347,0.365093,-4.568,-0.086818
3.22,2,-0.151684,-0.051786,-0.49465,-2.00765,-0.0998983
3.22,3,0.287684,0.28178,0.105288,-0.00413455,0.00590383
3.22,4,-0.0976839,-0.0784611,0.110417,-0.20899,-0.0192227
3.22,5,0.417165,0.407813,0.153317,0.000762233,0.00935145
3.23,0,0.192056,0.186794,0.0703975,-0.000698142,0.00526236
3.23,1,0.210352,0.29712,0.365002,-4.56576,-0.0867689
3.23,2,-0.156652,-0.0567325,-0.494659,-2.00826,-0.0999194
3.23,3,0.288741,0.282833,0.105283,-0.00408719,0.00590825
3.23,4,-0.0965728,-0.077357,0.110414,-0.208934,-0.0192159
3.23,5,0.418698,0.409346,0.153317,0.000762052,0.00935141
3.24,0,0.192759,0.187498,0.0703974,-0.000727106,0.00526163
3.24,1,0.214051,0.30077,0.364911,-4.56349,-0.0867189
3.24,2,-0.161619,-0.0616791,-0.494667,-2.00888,-0.0999404
3.24,3,0.289798,0.283886,0.105278,-0.00403932,0.00591272
3.24,4,-0.0954618,-0.0762528,0.110411,-0.208877,-0.0192089
3.24,5,0.420231,0.41088,0.153317,0.000761872,0.00935137
3.25,0,0.193463,0.188202,0.0703973,-0.000756046,0.0052609
3.25,1,0.217751,0.304419,0.364821,-4.56118,-0.0866679
3.25,2,-0.166587,-0.0666258,-0.494675,-2.00949,-0.0999612
3.25,3,0.290856,0.284938,0.105272,-0.00399092,0.00591725
3.25,4,-0.0943507,-0.0751487,0.110408,-0.20882,-0.019202
3.25,5,0.421764,0.412413,0.153317,0.000761691,0.00935134
3.26,0,0.194166,0.188906,0.0703973,-0.000784956,0.00526017
3.26,1,0.22145,0.308066,0.36473,-4.55883,-0.0866161
3.26,2,-0.171555,-0.0715726,-0.494684,-2.01009,-0.0999821
3.26,3,0.291913,0.285991,0.105267,-0.00394199,0.00592183
3.26,4,-0.0932397,-0.0740447,0.110406,-0.208763,-0.019195
3.26,5,0.423297,0.413946,0.153317,0.000761511,0.0093513
3.27,0,0.194869,0.18961,0.0703972,-0.000813836,0.00525944
3.27,1,0.22515,0.311713,0.36464,-4.55645,-0.0865633
3.27,2,-0.176522,-0.0765195,-0.494692,-2.0107,-0.100003
3.27,3,0.29297,0.287044,0.105262,-0.00389254,0.00592646
3.27,4,-0.0921286,-0.0729406,0.110403,-0.208705,-0.019188
3.27,5,0.42483,0.415479,0.153317,0.000761331,0.00935126
3.28,0,0.195572,0.190314,0.0703971,-0.00084268,0.00525872
3.28,1,0.228849,0.315359,0.36455,-4.55403,-0.0865096
3.28,2,-0.18149,-0.0814665,-0.4947,-2.0113,-0.100023
3.28,3,0.294027,0.288096,0.105257,-0.00384256,0.00593114
3.28,4,-0.0910176,-0.0718366,0.1104,-0.208648,-0.019181
3.28,5,0.426364,0.417012,0.153317,0.000761151,0.00935123
3.29,0,0.196275,0.191017,0.070397,-0.000871485,0.00525799
3.29,1,0.232549,0.319004,0.364459,-4.55158,-0.0864551
3.29,2,-0.186457,-0.0864135,-0.494709,-2.0119,-0.100044
3.29,3,0.295085,0.289149,0.105251,-0.00379206,0.00593588
3.29,4,-0.0899065,-0.0707326,0.110397,-0.20859,-0.0191739
3.29,5,0.427897,0.418545,0.153317,0.000760971,0.00935119
3.3,0,0.196979,0.191721,0.0703969,-0.000900249,0.00525726
3.3,1,0.236248,0.322648,0.364369,-4.54909,-0.0863996
3.3,2,-0.191425,-0.0913607,-0.494718,-2.0125,-0.100064
3.3,3,0.296142,0.290201,0.105246,-0.00374103,0.00594066
3.3,4,-0.0887955,-0.0696287,0.110394,-0.208532,-0.0191668
3.3,5,0.42943,0.420079,0.153317,0.000760791,0.00935116
3.31,0,0.197682,0.192425,0.0703968,-0.000928966,0.00525654
3.31,1,0.239948,0.326291,0.364279,-4.54657,-0.0863432
3.31,2,-0.196393,-0.0963079,-0.494726,-2.01309,-0.100085
3.31,3,0.297199,0.291254,0.105241,-0.00368948,0.0059455
3.31,4,-0.0876844,-0.0685247,0.110391,-0.208473,-0.0191597
3.31,5,0.430963,0.421612,0.153317,0.000760611,0.00935112
3.32,0,0.198385,0.193129,0.0703968,-0.000957632,0.00525582
3.32,1,0.243648,0.329934,0.364189,-4.54401,-0.086286
3.32,2,-0.20136,-0.101255,-0.494735,-2.01368,-0.100105
3.32,3,0.298257,0.292306,0.105236,-0.0036374,0.0059504
3.32,4,-0.0865734,-0.0674208,0.110389,-0.208415,-0.0191525
3.32,5,0.432496,0.423145,0.153317,0.000760431,0.00935108
3.33,0,0.199088,0.193833,0.0703967,-0.000986245,0.00525509
3.33,1,0.247347,0.333575,0.3641,-4.54141,-0.0862278
3.33,2,-0.206328,-0.106203,-0.494743,-2.01427,-0.100125
3.33,3,0.299314,0.293358,0.10523,-0.00358479,0.00595534
3.33,4,-0.0854623,-0.066317,0.110386,-0.208356,-0.0191454
3.33,5,0.434029,0.424678,0.153317,0.000760251,0.00935105
3.34,0,0.199792,0.194537,0.0703966,-0.0010148,0.00525437
3.34,1,0.251047,0.337215,0.36401,-4.53878,-0.0861687
3.34,2,-0.211296,-0.11115,-0.494752,-2.01486,-0.100145
3.34,3,0.300371,0.294411,0.105225,-0.00353167,0.00596034
3.34,4,-0.0843513,-0.0652131,0.110383,-0.208297,-0.0191381
3.34,5,0.435562,0.426211,0.153317,0.000760071,0.00935101
3.35,0,0.200495,0.195241,0.0703964,-0.00104329,0.00525365
3.35,1,0.254746,0.340855,0.363921,-4.53611,-0.0861088
3.35,2,-0.216263,-0.116098,-0.494761,-2.01544,-0.100165
3.35,3,0.301428,0.295463,0.10522,-0.00347802,0.00596539
3.35,4,-0.0832402,-0.0641093,0.11038,-0.208237,-0.0191309
3.35,5,0.437095,0.427744,0.153317,0.000759891,0.00935098
3.36,0,0.201198,0.195945,0.0703963,-0.00107172,0.00525293
3.36,1,0.258446,0.344494,0.363831,-4.53341,-0.0860479
3.36,2,-0.221231,-0.121045,-0.49477,-2.01602,-0.100185
3.36,3,0.302486,0.296515,0.105215,-0.00342384,0.00597049
3.36,4,-0.0821292,-0.0630055,0.110377,-0.208178,-0.0191236
3.36,5,0.438629,0.429278,0.153317,0.000759711,0.00935094
3.37,0,0.201901,0.196649,0.0703962,-0.00110007,0.00525221
3.37,1,0.262145,0.348132,0.363742,-4.53067,-0.0859862
3.37,2,-0.226198,-0.125993,-0.494779,-2.0166,-0.100205
3.37,3,0.303543,0.297567,0.105209,-0.00336914,0.00597565
3.37,4,-0.0810181,-0.0619018,0.110374,-0.208118,-0.0191164
3.37,5,0.440162,0.430811,0.153317,0.000759531,0.0093509
3.38,0,0.202605,0.197353,0.0703961,-0.00112835,0.0052515
3.38,1,0.265845,0.351769,0.363653,-4.5279,-0.0859235
3.38,2,-0.231166,-0.130941,-0.494788,-2.01717,-0.100225
3.38,3,0.3046,0.298619,0.105204,-0.00331391,0.00598086
3.38,4,-0.0799071,-0.0607981,0.110371,-0.208058,-0.019109
3.38,5,0.441695,0.432344,0.153317,0.000759351,0.00935087
3.39,0,0.203308,0.198057,0.0703959,-0.00115655,0.00525078
3.39,1,0.269545,0.355405,0.363564,-4.52509,-0.08586
3.39,2,-0.236134,-0.135889,-0.494797,-2.01775,-0.100245
3.39,3,0.305657,0.299671,0.105199,-0.00325816,0.00598612
3.39,4,-0.078796,-0.0596944,0.110368,-0.207998,-0.0191017
3.39,5,0.443228,0.433877,0.153317,0.000759171,0.00935083
3.4,0,0.204011,0.198761,0.0703958,-0.00118467,0.00525007
3.4,1,0.273244,0.35904,0.363475,-4.52225,-0.0857956
3.4,2,-0.241101,-0.140837,-0.494806,-2.01832,-0.100264
3.4,3,0.306715,0.300723,0.105194,-0.00320189,0.00599143
3.4,4,-0.077685,-0.0585907,0.110365,-0.207937,-0.0190943
3.4,5,0.444761,0.43541,0.153317,0.000758991,0.0093508
3.41,0,0.204714,0.199465,0.0703956,-0.00121271,0.00524935
3.41,1,0.276944,0.362674,0.363386,-4.51937,-0.0857303
3.41,2,-0.246069,-0.145785,-0.494815,-2.01888,-0.100284
3.41,3,0.307772,0.301775,0.105188,-0.00314509,0.00599679
3.41,4,-0.076574,-0.0574871,0.110363,-0.207876,-0.0190869
3.41,5,0.446294,0.436943,0.153317,0.000758811,0.00935076
3.42,0,0.205418,0.200169,0.0703955,-0.00124066,0.00524864
3.42,1,0.280643,0.366307,0.363298,-4.51646,-0.0856641
3.42,2,-0.251036,-0.150733,-0.494824,-2.01945,-0.100303
3.42,3,0.308829,0.302827,0.105183,-0.00308777,0.00600221
3.42,4,-0.0754629,-0.0563834,0.11036,-0.207815,-0.0190795
3.42,5,0.447827,0.438477,0.153317,0.00075863,0.00935072
3.43,0,0.206121,0.200873,0.0703953,-0.00126851,0.00524793
3.43,1,0.284343,0.36994,0.363209,-4.51351,-0.085597
3.43,2,-0.256004,-0.155681,-0.494833,-2.02001,-0.100322
3.43,3,0.309887,0.303879,0.105178,-0.00302993,0.00600768
3.43,4,-0.0743519,-0.0552799,0.110357,-0.207754,-0.019072
3.43,5,0.44936,0.44001,0.153317,0.00075845,0.00935069
3.44,0,0.206824,0.201577,0.0703951,-0.00129628,0.00524723
3.44,1,0.288042,0.373571,0.363121,-4.51053,-0.0855291
3.44,2,-0.260972,-0.16063,-0.494842,-2.02057,-0.100342
3.44,3,0.310944,0.304931,0.105173,-0.00297156,0.0060132
3.44,4,-0.0732408,-0.0541763,0.110354,-0.207693,-0.0190645
3.44,5,0.450894,0.441543,0.153317,0.000758269,0.00935065
3.45,0,0.207527,0.202281,0.0703949,-0.00132395,0.00524652
3.45,1,0.291742,0.377202,0.363033,-4.50751,-0.0854602
3.45,2,-0.265939,-0.165578,-0.494851,-2.02112,-0.100361
3.45,3,0.312001,0.305982,0.105167,-0.00291267,0.00601878
3.45,4,-0.0721298,-0.0530728,0.110351,-0.207631,-0.019057
3.45,5,0.452427,0.443076,0.153317,0.000758089,0.00935062
3.46,0,0.208231,0.202985,0.0703947,-0.00135151,0.00524582
3.46,1,0.295442,0.380832,0.362945,-4.50445,-0.0853905
3.46,2,-0.270907,-0.170527,-0.49486,-2.02168,-0.10038
3.46,3,0.313058,0.307034,0.105162,-0.00285326,0.0060244
3.46,4,-0.0710187,-0.0519693,0.110348,-0.207569,-0.0190494
3.46,5,0.45396,0.444609,0.153317,0.000757908,0.00935058
3.47,0,0.208934,0.203689,0.0703945,-0.00137898,0.00524511
3.47,1,0.299141,0.384461,0.362857,-4.50137,-0.0853199
3.47,2,-0.275874,-0.175475,-0.494869,-2.02223,-0.100399
3.47,3,0.314116,0.308086,0.105157,-0.00279332,0.00603008
3.47,4,-0.0699077,-0.0508658,0.110345,-0.207507,-0.0190418
3.47,5,0.455493,0.446142,0.153317,0.000757727,0.00935054
3.48,0,0.209637,0.204393,0.0703943,-0.00140635,0.00524441
3.48,1,0.302841,0.388089,0.362769,-4.49824,-0.0852484
3.48,2,-0.280842,-0.180424,-0.494879,-2.02277,-0.100418
3.48,3,0.315173,0.309137,0.105152,-0.00273286,0.00603582
3.48,4,-0.0687966,-0.0497624,0.110342,-0.207445,-0.0190342
3.48,5,0.457026,0.447676,0.153317,0.000757546,0.00935051
3.49,0,0.21034,0.205097,0.0703941,-0.00143361,0.00524372
3.49,1,0.30654,0.391716,0.362681,-4.49509,-0.0851761
3.49,2,-0.28581,-0.185373,-0.494888,-2.02332,-0.100436
3.49,3,0.31623,0.310189,0.105146,-0.00267188,0.0060416
3.49,4,-0.0676856,-0.048659,0.110339,-0.207382,-0.0190266
3.49,5,0.458559,0.449209,0.153317,0.000757365,0.00935047
3.5,0,0.211044,0.205801,0.0703939,-0.00146076,0.00524302
3.5,1,0.31024,0.395343,0.362594,-4.49189,-0.0851028
3.5,2,-0.290777,-0.190322,-0.494897,-2.02386,-0.100455
3.5,3,0.317287,0.31124,0.105141,-0.00261037,0.00604744
3.5,4,-0.0665745,-0.0475556,0.110336,-0.207319,-0.0190189
3.5,5,0.460092,0.450742,0.153317,0.000757184,0.00935044
3.51,0,0.211747,0.206505,0.0703936,-0.00148781,0.00524233
3.51,1,0.313939,0.398968,0.362507,-4.48867,-0.0850287
3.51,2,-0.295745,-0.195271,-0.494907,-2.0244,-0.100474
3.51,3,0.318345,0.312291,0.105136,-0.00254835,0.00605333
3.51,4,-0.0654635,-0.0464523,0.110333,-0.207256,-0.0190112
3.51,5,0.461626,0.452275,0.153317,0.000757003,0.0093504
3.52,0,0.21245,0.207208,0.0703934,-0.00151475,0.00524164
3.52,1,0.317639,0.402593,0.362419,-4.48541,-0.0849537
3.52,2,-0.300712,-0.20022,-0.494916,-2.02493,-0.100492
3.52,3,0.319402,0.313343,0.105131,-0.0024858,0.00605927
3.52,4,-0.0643524,-0.045349,0.110331,-0.207193,-0.0190035
3.52,5,0.463159,0.453808,0.153317,0.000756822,0.00935036
3.53,0,0.213153,0.207912,0.0703932,-0.00154159,0.00524095
3.53,1,0.321338,0.406216,0.362332,-4.48211,-0.0848779
3.53,2,-0.30568,-0.205169,-0.494926,-2.02547,-0.100511
3.53,3,0.320459,0.314394,0.105126,-0.00242273,0.00606526
3.53,4,-0.0632414,-0.0442457,0.110328,-0.20713,-0.0189957
3.53,5,0.464692,0.455341,0.153317,0.00075664,0.00935033
3.54,0,0.213857,0.208616,0.0703929,-0.00156831,0.00524026
3.54,1,0.325038,0.409839,0.362246,-4.47878,-0.0848012
3.54,2,-0.310648,-0.210119,-0.494935,-2.026,-0.100529
3.54,3,0.321517,0.315445,0.10512,-0.00235914,0.00607131
3.54,4,-0.0621303,-0.0431424,0.110325,-0.207066,-0.0189879
3.54,5,0.466225,0.456875,0.153317,0.000756459,0.00935029
3.55,0,0.21456,0.20932,0.0703927,-0.00159492,0.00523958
3.55,1,0.328738,0.413461,0.362159,-4.47542,-0.0847236
3.55,2,-0.315615,-0.215068,-0.494944,-2.02652,-0.100547
3.55,3,0.322574,0.316496,0.105115,-0.00229503,0.0060774
3.55,4,-0.0610193,-0.0420392,0.110322,-0.207002,-0.0189801
3.55,5,0.467758,0.458408,0.153317,0.000756277,0.00935025
3.56,0,0.215263,0.210024,0.0703924,-0.00162142,0.0052389
3.56,1,0.332437,0.417082,0.362072,-4.47202,-0.0846451
3.56,2,-0.320583,-0.220018,-0.494954,-2.02705,-0.100565
3.56,3,0.323631,0.317548,0.10511,-0.00223039,0.00608355
3.56,4,-0.0599082,-0.040936,0.110319,-0.206938,-0.0189723
3.56,5,0.469291,0.459941,0.153317,0.000756096,0.00935022
3.57,0,0.215966,0.210728,0.0703922,-0.00164781,0.00523822
3.57,1,0.336137,0.420703,0.361986,-4.46859,-0.0845658
3.57,2,-0.32555,-0.224967,-0.494963,-2.02757,-0.100583
3.57,3,0.324688,0.318599,0.105105,-0.00216524,0.00608976
3.57,4,-0.0587972,-0.0398328,0.110316,-0.206873,-0.0189644
3.57,5,0.470824,0.461474,0.153317,0.000755914,0.00935018
3.58,0,0.21667,0.211432,0.0703919,-0.00167409,0.00523754
3.58,1,0.339836,0.424322,0.3619,-4.46512,-0.0844856
3.58,2,-0.330518,-0.229917,-0.494973,-2.02809,-0.100601
3.58,3,0.325746,0.31965,0.105099,-0.00209957,0.00609601
3.58,4,-0.0576861,-0.0387296,0.110313,-0.206809,-0.0189565
3.58,5,0.472357,0.463007,0.153317,0.000755732,0.00935015
3.59,0,0.217373,0.212136,0.0703917,-0.00170027,0.00523687
3.59,1,0.343536,0.42794,0.361814,-4.46162,-0.0844046
3.59,2,-0.335486,-0.234867,-0.494983,-2.0286,-0.100619
3.59,3,0.326803,0.320701,0.105094,-0.00203337,0.00610232
3.59,4,-0.0565751,-0.0376265,0.110311,-0.206744,-0.0189486
3.59,5,0.473891,0.46454,0.153317,0.00075555,0.00935011
3.6,0,0.218076,0.21284,0.0703914,-0.00172633,0.0052362
3.6,1,0.347235,0.431558,0.361728,-4.45809,-0.0843227
3.6,2,-0.340453,-0.239817,-0.494992,-2.02911,-0.100637
3.6,3,0.32786,0.321751,0.105089,-0.00196666,0.00610868
3.6,4,-0.055464,-0.0365234,0.110308,-0.206679,-0.0189406
3.6,5,0.475424,0.466074,0.153317,0.000755368,0.00935007
3.61,0,0.218779,0.213544,0.0703912,-0.00175228,0.00523553
3.61,1,0.350935,0.435175,0.361642,-4.45452,-0.0842399
3.61,2,-0.345421,-0.244766,-0.495002,-2.02962,-0.100654
3.61,3,0.328917,0.322802,0.105084,-0.00189942,0.00611509
3.61,4,-0.054353,-0.0354204,0.110305,-0.206613,-0.0189326
3.61,5,0.476957,0.467607,0.153317,0.000755186,0.00935004
3.62,0,0.219483,0.214248,0.0703909,-0.00177812,0.00523486
3.62,1,0.354635,0.438791,0.361557,-4.45092,-0.0841563
3.62,2,-0.350388,-0.249717,-0.495012,-2.03013,-0.100672
3.62,3,0.329975,0.323853,0.105079,-0.00183167,0.00612155
3.62,4,-0.0532419,-0.0343173,0.110302,-0.206548,-0.0189246
3.62,5,0.47849,0.46914,0.153317,0.000755004,0.00935
3.63,0,0.220186,0.214952,0.0703906,-0.00180385,0.0052342
3.63,1,0.358334,0.442406,0.361471,-4.44729,-0.0840718
3.63,2,-0.355356,-0.254667,-0.495021,-2.03063,-0.100689
3.63,3,0.331032,0.324904,0.105073,-0.00176339,0.00612806
3.63,4,-0.0521309,-0.0332143,0.110299,-0.206482,-0.0189166
3.63,5,0.480023,0.470673,0.153317,0.000754822,0.00934996
3.64,0,0.220889,0.215655,0.0703904,-0.00182947,0.00523354
3.64,1,0.362034,0.44602,0.361386,-4.44362,-0.0839865
3.64,2,-0.360324,-0.259617,-0.495031,-2.03113,-0.100707
3.64,3,0.332089,0.325955,0.105068,-0.0016946,0.00613463
3.64,4,-0.0510198,-0.0321114,0.110296,-0.206416,-0.0189085
3.64,5,0.481556,0.472206,0.153317,0.00075464,0.00934993
3.65,0,0.221592,0.216359,0.0703901,-0.00185498,0.00523288
3.65,1,0.365733,0.449634,0.361301,-4.43992,-0.0839003
3.65,2,-0.365291,-0.264567,-0.495041,-2.03163,-0.100724
3.65,3,0.333147,0.327005,0.105063,-0.00162529,0.00614125
3.65,4,-0.0499088,-0.0310084,0.110294,-0.20635,-0.0189004
3.65,5,0.483089,0.473739,0.153317,0.000754458,0.00934989
3.66,0,0.222296,0.217063,0.0703898,-0.00188039,0.00523223
3.66,1,0.369433,0.453246,0.361216,-4.43618,-0.0838133
3.66,2,-0.370259,-0.269518,-0.49505,-2.03213,-0.100741
3.66,3,0.334204,0.328056,0.105058,-0.00155546,0.00614792
3.66,4,-0.0487978,-0.0299055,0.110291,-0.206283,-0.0188923
3.66,5,0.484622,0.475273,0.153317,0.000754276,0.00934985
3.67,0,0.222999,0.217767,0.0703896,-0.00190569,0.00523157
3.67,1,0.373132,0.456858,0.361131,-4.43241,-0.0837254
3.67,2,-0.375226,-0.274468,-0.49506,-2.03262,-0.100758
3.67,3,0.335261,0.329106,0.105053,-0.00148511,0.00615464
3.67,4,-0.0476867,-0.0288026,0.110288,-0.206217,-0.0188841
3.67,5,0.486156,0.476806,0.153317,0.000754093,0.00934982
3.68,0,0.223702,0.218471,0.0703893,-0.00193088,0.00523092
3.68,1,0.376832,0.460469,0.361047,-4.42861,-0.0836367
3.68,2,-0.380194,-0.279419,-0.49507,-2.03311,-0.100775
3.68,3,0.336318,0.330157,0.105047,-0.00141424,0.00616142
3.68,4,-0.0465757,-0.0276997,0.110285,-0.20615,-0.0188759
3.68,5,0.487689,0.478339,0.153317,0.000753911,0.00934978
3.69,0,0.224405,0.219175,0.070389,-0.00195596,0.00523028
3.69,1,0.380532,0.464079,0.360962,-4.42477,-0.0835472
3.69,2,-0.385162,-0.28437,-0.49508,-2.03359,-0.100792
3.69,3,0.337376,0.331207,0.105042,-0.00134286,0.00616825
3.69,4,-0.0454646,-0.0265969,0.110283,-0.206083,-0.0188677
3.69,5,0.489222,0.479872,0.153317,0.000753729,0.00934975
3.7,0,0.225108,0.219879,0.0703888,-0.00198094,0.00522963
3.7,1,0.384231,0.467688,0.360878,-4.4209,-0.0834568
3.7,2,-0.390129,-0.289321,-0.49509,-2.03408,-0.100809
3.7,3,0.338433,0.332258,0.105037,-0.00127096,0.00617513
3.7,4,-0.0443536,-0.0254941,0.11028,-0.206016,-0.0188595
3.7,5,0.490755,0.481405,0.153317,0.000753547,0.00934971
3.71,0,0.225812,0.220583,0.0703885,-0.00200582,0.00522899
3.71,1,0.387931,0.471296,0.360794,-4.417,-0.0833655
3.71,2,-0.395097,-0.294272,-0.4951,-2.03456,-0.100825
3.71,3,0.33949,0.333308,0.105032,-0.00119854,0.00618206
3.71,4,-0.0432425,-0.0243913,0.110277,-0.205948,-0.0188512
3.71,5,0.492288,0.482938,0.153317,0.000753364,0.00934967
3.72,0,0.226515,0.221287,0.0703882,-0.00203059,0.00522835
3.72,1,0.39163,0.474904,0.36071,-4.41307,-0.0832734
3.72,2,-0.400064,-0.299223,-0.49511,-2.03503,-0.100842
3.72,3,0.340547,0.334358,0.105027,-0.00112561,0.00618904
3.72,4,-0.0421315,-0.0232886,0.110274,-0.20588,-0.0188429
3.72,5,0.493821,0.484472,0.153317,0.000753182,0.00934964
3.73,0,0.227218,0.221991,0.070388,-0.00205525,0.00522772
3.73,1,0.39533,0.47851,0.360626,-4.4091,-0.0831805
3.73,2,-0.405032,-0.304174,-0.49512,-2.03551,-0.100858
3.73,3,0.341605,0.335409,0.105021,-0.00105216,0.00619607
3.73,4,-0.0410204,-0.0221858,0.110272,-0.205812,-0.0188346
3.73,5,0.495354,0.486005,0.153317,0.000753,0.0093496
3.74,0,0.227921,0.222694,0.0703877,-0.00207981,0.00522708
3.74,1,0.399029,0.482116,0.360543,-4.4051,-0.0830867
3.74,2,-0.41,-0.309125,-0.49513,-2.03598,-0.100875
3.74,3,0.342662,0.336459,0.105016,-0.00097819,0.00620316
3.74,4,-0.0399094,-0.0210831,0.110269,-0.205744,-0.0188262
3.74,5,0.496888,0.487538,0.153317,0.000752818,0.00934956
3.75,0,0.228625,0.223398,0.0703874,-0.00210427,0.00522645
3.75,1,0.402729,0.485721,0.360459,-4.40106,-0.0829921
3.75,2,-0.414967,-0.314076,-0.49514,-2.03644,-0.100891
3.75,3,0.343719,0.337509,0.105011,-0.000903708,0.0062103
3.75,4,-0.0387983,-0.0199805,0.110266,-0.205676,-0.0188179
3.75,5,0.498421,0.489071,0.153317,0.000752636,0.00934953
3.76,0,0.229328,0.224102,0.0703872,-0.00212862,0.00522582
3.76,1,0.406429,0.489325,0.360376,-4.397,-0.0828967
3.76,2,-0.419935,-0.319028,-0.49515,-2.03691,-0.100907
3.76,3,0.344777,0.338559,0.105006,-0.000828712,0.00621749
3.76,4,-0.0376873,-0.0188778,0.110263,-0.205607,-0.0188095
3.76,5,0.499954,0.490604,0.153317,0.000752453,0.00934949
3.77,0,0.230031,0.224806,0.0703869,-0.00215287,0.0052252
3.77,1,0.410128,0.492929,0.360293,-4.3929,-0.0828004
3.77,2,-0.424902,-0.323979,-0.49516,-2.03737,-0.100923
3.77,3,0.345834,0.339609,0.105001,-0.000753201,0.00622473
3.77,4,-0.0365762,-0.0177752,0.110261,-0.205539,-0.018801
3.77,5,0.501487,0.492137,0.153317,0.000752271,0.00934945
3.78,0,0.230734,0.22551,0.0703866,-0.00217701,0.00522457
3.78,1,0.413828,0.496531,0.36021,-4.38876,-0.0827034
3.78,2,-0.42987,-0.328931,-0.49517,-2.03783,-0.100939
3.78,3,0.346891,0.340659,0.104996,-0.000677175,0.00623202
3.78,4,-0.0354652,-0.0166726,0.110258,-0.20547,-0.0187926
3.78,5,0.50302,0.493671,0.153317,0.000752089,0.00934942
3.79,0,0.231438,0.226214,0.0703864,-0.00220105,0.00522395
3.79,1,0.417527,0.500133,0.360127,-4.3846,-0.0826054
3.79,2,-0.434838,-0.333883,-0.49518,-2.03828,-0.100955
3.79,3,0.347948,0.341709,0.10499,-0.000600636,0.00623936
3.79,4,-0.0343541,-0.01557,0.110255,-0.2054,-0.0187841
3.79,5,0.504553,0.495204,0.153317,0.000751907,0.00934938
3.8,0,0.232141,0.226918,0.0703861,-0.00222499,0.00522333
3.8,1,0.421227,0.503733,0.360045,-4.3804,-0.0825067
3.8,2,-0.439805,-0.338835,-0.49519,-2.03873,-0.10097
3.8,3,0.349006,0.342759,0.104985,-0.000523584,0.00624676
3.8,4,-0.0332431,-0.0144675,0.110253,-0.205331,-0.0187756
3.8,5,0.506086,0.496737,0.153317,0.000751725,0.00934935
3.81,0,0.232844,0.227621,0.0703859,-0.00224882,0.00522272
3.81,1,0.424926,0.507333,0.359963,-4.37617,-0.0824071
3.81,2,-0.444773,-0.343787,-0.4952,-2.03918,-0.100986
3.81,3,0.350063,0.343809,0.10498,-0.000446018,0.00625421
3.81,4,-0.032132,-0.013365,0.11025,-0.205261,-0.018767
3.81,5,0.507619,0.49827,0.153317,0.000751543,0.00934931
3.82,0,0.233547,0.228325,0.0703856,-0.00227255,0.00522211
3.82,1,0.428626,0.510933,0.35988,-4.37191,-0.0823067
3.82,2,-0.44974,-0.348739,-0.495211,-2.03963,-0.101002
3.82,3,0.35112,0.344858,0.104975,-0.00036794,0.00626171
3.82,4,-0.031021,-0.0122625,0.110247,-0.205191,-0.0187585
3.82,5,0.509153,0.499803,0.153317,0.000751361,0.00934927
3.83,0,0.234251,0.229029,0.0703853,-0.00229618,0.0052215
3.83,1,0.432325,0.514531,0.359798,-4.36762,-0.0822055
3.83,2,-0.454708,-0.353691,-0.495221,-2.04007,-0.101017
3.83,3,0.352177,0.345908,0.10497,-0.00028935,0.00626926
3.83,4,-0.0299099,-0.01116,0.110244,-0.205121,-0.0187499
3.83,5,0.510686,0.501336,0.153317,0.000751179,0.00934924
3.84,0,0.234954,0.229733,0.0703851,-0.0023197,0.00522089
3.84,1,0.436025,0.518129,0.359716,-4.36329,-0.0821035
3.84,2,-0.459676,-0.358643,-0.495231,-2.04051,-0.101032
3.84,3,0.353235,0.346958,0.104965,-0.000210249,0.00627686
3.84,4,-0.0287989,-0.0100576,0.110242,-0.205051,-0.0187413
3.84,5,0.512219,0.50287,0.153317,0.000750997,0.0093492
3.85,0,0.235657,0.230437,0.0703848,-0.00234312,0.00522028
3.85,1,0.439725,0.521725,0.359635,-4.35893,-0.0820006
3.85,2,-0.464643,-0.363595,-0.495242,-2.04095,-0.101048
3.85,3,0.354292,0.348007,0.10496,-0.000130636,0.00628451
3.85,4,-0.0276878,-0.00895521,0.110239,-0.204981,-0.0187326
3.85,5,0.513752,0.504403,0.153317,0.000750815,0.00934916
3.86,0,0.23636,0.231141,0.0703846,-0.00236643,0.00521968
3.86,1,0.443424,0.525321,0.359553,-4.35454,-0.081897
3.86,2,-0.469611,-0.368548,-0.495252,-2.04138,-0.101063
3.86,3,0.355349,0.349057,0.104954,-5.05127e-05,0.00629222
3.86,4,-0.0265768,-0.00785284,0.110236,-0.20491,-0.018724
3.86,5,0.515285,0.505936,0.153317,0.000750633,0.00934913
3.87,0,0.237064,0.231845,0.0703843,-0.00238964,0.00521908
3.87,1,0.447124,0.528916,0.359472,-4.35011,-0.0817925
3.87,2,-0.474578,-0.373501,-0.495262,-2.04181,-0.101078
3.87,3,0.356407,0.350107,0.104949,3.01206e-05,0.00629997
3.87,4,-0.0254657,-0.00675049,0.110234,-0.204839,-0.0187153
3.87,5,0.516818,0.507469,0.153317,0.000750452,0.00934909
3.88,0,0.237767,0.232548,0.070384,-0.00241274,0.00521848
3.88,1,0.450823,0.53251,0.359391,-4.34566,-0.0816872
3.88,2,-0.479546,-0.378453,-0.495273,-2.04224,-0.101093
3.88,3,0.357464,0.351156,0.104944,0.000111264,0.00630778
3.88,4,-0.0243547,-0.00564816,0.110231,-0.204768,-0.0187065
3.88,5,0.518351,0.509002,0.153317,0.00075027,0.00934905
3.89,0,0.23847,0.233252,0.0703838,-0.00243573,0.00521789
3.89,1,0.454523,0.536104,0.35931,-4.34117,-0.0815811
3.89,2,-0.484514,-0.383406,-0.495283,-2.04266,-0.101108
3.89,3,0.358521,0.352205,0.104939,0.000192916,0.00631564
3.89,4,-0.0232437,-0.00454586,0.110228,-0.204697,-0.0186978
3.89,5,0.519884,0.510535,0.153317,0.000750088,0.00934902
3.9,0,0.239173,0.233956,0.0703835,-0.00245862,0.0052173
3.9,1,0.458222,0.539697,0.359229,-4.33665,-0.0814742
3.9,2,-0.489481,-0.388359,-0.495294,-2.04308,-0.101122
3.9,3,0.359578,0.353255,0.104934,0.000275076,0.00632355
3.9,4,-0.0221326,-0.00344359,0.110226,-0.204625,-0.018689
3.9,5,0.521418,0.512069,0.153317,0.000749907,0.00934898
3.91,0,0.239877,0.23466,0.0703832,-0.0024814,0.00521671
3.91,1,0.461922,0.543288,0.359148,-4.3321,-0.0813664
3.91,2,-0.494449,-0.393312,-0.495304,-2.0435,-0.101137
3.91,3,0.360636,0.354304,0.104929,0.000357745,0.00633151
3.91,4,-0.0210216,-0.00234135,0.110223,-0.204553,-0.0186802
3.91,5,0.522951,0.513602,0.153317,0.000749725,0.00934894
3.92,0,0.24058,0.235364,0.070383,-0.00250407,0.00521612
3.92,1,0.465622,0.546879,0.359068,-4.32752,-0.0812579
3.92,2,-0.499416,-0.398265,-0.495315,-2.04391,-0.101151
3.92,3,0.361693,0.355353,0.104924,0.000440921,0.00633952
3.92,4,-0.0199105,-0.00123913,0.110221,-0.204481,-0.0186714
3.92,5,0.524484,0.515135,0.153317,0.000749544,0.00934891
3.93,0,0.241283,0.236068,0.0703827,-0.00252663,0.00521554
3.93,1,0.469321,0.55047,0.358987,-4.32291,-0.0811486
3.93,2,-0.504384,-0.403218,-0.495325,-2.04432,-0.101166
3.93,3,0.36275,0.356403,0.104919,0.000524604,0.00634758
3.93,4,-0.0187995,-0.000136941,0.110218,-0.204409,-0.0186625
3.93,5,0.526017,0.516668,0.153317,0.000749362,0.00934887
3.94,0,0.241986,0.236771,0.0703824,-0.00254908,0.00521496
3.94,1,0.473021,0.554059,0.358907,-4.31826,-0.0810385
3.94,2,-0.509352,-0.408172,-0.495336,-2.04473,-0.10118
3.94,3,0.363807,0.357452,0.104914,0.000608794,0.0063557
3.94,4,-0.0176884,0.000965224,0.110215,-0.204337,-0.0186536
3.94,5,0.52755,0.518201,0.153317,0.000749181,0.00934884
3.95,0,0.24269,0.237475,0.0703822,-0.00257142,0.00521438
3.95,1,0.47672,0.557648,0.358827,-4.31358,-0.0809275
3.95,2,-0.514319,-0.413125,-0.495347,-2.04513,-0.101194
3.95,3,0.364865,0.358501,0.104909,0.000693489,0.00636386
3.95,4,-0.0165774,0.00206736,0.110213,-0.204264,-0.0186447
3.95,5,0.529083,0.519734,0.153317,0.000749,0.0093488
3.96,0,0.243393,0.238179,0.0703819,-0.00259365,0.0052138
3.96,1,0.48042,0.561236,0.358748,-4.30887,-0.0808158
3.96,2,-0.519287,-0.418078,-0.495357,-2.04554,-0.101208
3.96,3,0.365922,0.35955,0.104903,0.00077869,0.00637208
3.96,4,-0.0154663,0.00316948,0.11021,-0.204191,-0.0186358
3.96,5,0.530616,0.521268,0.153317,0.000748818,0.00934876
3.97,0,0.244096,0.238883,0.0703816,-0.00261577,0.00521323
3.97,1,0.484119,0.564823,0.358668,-4.30413,-0.0807033
3.97,2,-0.524254,-0.423032,-0.495368,-2.04593,-0.101222
3.97,3,0.366979,0.360599,0.104898,0.000864396,0.00638034
3.97,4,-0.0143553,0.00427156,0.110207,-0.204118,-0.0186268
3.97,5,0.53215,0.522801,0.153317,0.000748637,0.00934873
3.98,0,0.244799,0.239587,0.0703814,-0.00263778,0.00521266
3.98,1,0.487819,0.568409,0.358589,-4.29936,-0.0805899
3.98,2,-0.529222,-0.427986,-0.495379,-2.04633,-0.101236
3.98,3,0.368037,0.361648,0.104893,0.000950605,0.00638866
3.98,4,-0.0132442,0.00537362,0.110205,-0.204045,-0.0186178
3.98,5,0.533683,0.524334,0.153317,0.000748456,0.00934869
3.99,0,0.245503,0.24029,0.0703811,-0.00265967,0.00521209
3.99,1,0.491519,0.571994,0.358509,-4.29456,-0.0804758
3.99,2,-0.53419,-0.43294,-0.49539,-2.04672,-0.10125
3.99,3,0.369094,0.362697,0.104888,0.00103732,0.00639703
3.99,4,-0.0121332,0.00647566,0.110202,-0.203972,-0.0186088
3.99,5,0.535216,0.525867,0.153317,0.000748275,0.00934865
4,0,0.246206,0.240994,0.0703808,-0.00268145,0.00521152
4,1,0.495218,0.575579,0.35843,-4.28973,-0.0803609
4,2,-0.539157,-0.437894,-0.4954,-2.04711,-0.101264
4,3,0.370151,0.363746,0.104883,0.00112453,0.00640544
4,4,-0.0110221,0.00757767,0.1102,-0.203898,-0.0185998
4,5,0.536749,0.5274,0.153317,0.000748094,0.00934862
4.01,0,0.246909,0.241698,0.0703805,-0.00270312,0.00521096
4.01,1,0.498918,0.579163,0.358351,-4.28486,-0.0802452
4.01,2,-0.544125,-0.442848,-0.495411,-2.04749,-0.101277
4.01,3,0.371208,0.364794,0.104878,0.00121225,0.00641391
4.01,4,-0.00991108,0.00867965,0.110197,-0.203824,-0.0185907
4.01,5,0.538282,0.528933,0.153317,0.000747913,0.00934858
4.02,0,0.247612,0.242402,0.0703803,-0.00272467,0.0052104
4.02,1,0.502617,0.582746,0.358273,-4.27997,-0.0801287
4.02,2,-0.549092,-0.447802,-0.495422,-2.04787,-0.101291
4.02,3,0.372266,0.365843,0.104873,0.00130047,0.00642243
4.02,4,-0.00880003,0.00978161,0.110195,-0.20375,-0.0185816
4.02,5,0.539815,0.530467,0.153317,0.000747732,0.00934855
4.03,0,0.248316,0.243106,0.07038,-0.0027461,0.00520985
4.03,1,0.506317,0.586328,0.358194,-4.27504,-0.0800115
4.03,2,-0.55406,-0.452756,-0.495433,-2.04825,-0.101304
4.03,3,0.373323,0.366892,0.104868,0.00138919,0.006431
4.03,4,-0.00768898,0.0108835,0.110192,-0.203676,-0.0185725
4.03,5,0.541348,0.532,0.153317,0.000747551,0.00934851
4.04,0,0.249019,0.24381,0.0703797,-0.00276742,0.00520929
4.04,1,0.510016,0.58991,0.358116,-4.27008,-0.0798934
4.04,2,-0.559028,-0.457711,-0.495444,-2.04862,-0.101317
4.04,3,0.37438,0.367941,0.104863,0.00147841,0.00643962
4.04,4,-0.00657793,0.0119854,0.110189,-0.203602,-0.0185634
4.04,5,0.542881,0.533533,0.153317,0.000747371,0.00934847
4.05,0,0.249722,0.244513,0.0703794,-0.00278862,0.00520874
4.05,1,0.513716,0.593491,0.358038,-4.2651,-0.0797746
4.05,2,-0.563995,-0.462665,-0.495455,-2.04899,-0.10133
4.05,3,0.375437,0.368989,0.104858,0.00156813,0.00644829
4.05,4,-0.00546688,0.0130873,0.110187,-0.203527,-0.0185542
4.05,5,0.544415,0.535066,0.153317,0.00074719,0.00934844
4.06,0,0.250425,0.245217,0.0703791,-0.0028097,0.00520819
4.06,1,0.517416,0.59707,0.35796,-4.26008,-0.079655
4.06,2,-0.568963,-0.46762,-0.495466,-2.04936,-0.101343
4.06,3,0.376495,0.370038,0.104853,0.00165835,0.00645701
4.06,4,-0.00435584,0.0141892,0.110184,-0.203452,-0.018545
4.06,5,0.545948,0.536599,0.153317,0.000747009,0.0093484
4.07,0,0.251129,0.245921,0.0703788,-0.00283066,0.00520765
4.07,1,0.521115,0.60065,0.357882,-4.25503,-0.0795346
4.07,2,-0.57393,-0.472574,-0.495477,-2.04973,-0.101356
4.07,3,0.377552,0.371086,0.104848,0.00174907,0.00646578
4.07,4,-0.00324479,0.015291,0.110182,-0.203377,-0.0185358
4.07,5,0.547481,0.538132,0.153317,0.000746829,0.00934836
4.08,0,0.251832,0.246625,0.0703786,-0.00285151,0.0052071
4.08,1,0.524815,0.604228,0.357805,-4.24995,-0.0794134
4.08,2,-0.578898,-0.477529,-0.495488,-2.05009,-0.101369
4.08,3,0.378609,0.372135,0.104843,0.00184029,0.0064746
4.08,4,-0.00213374,0.0163928,0.110179,-0.203302,-0.0185266
4.08,5,0.549014,0.539666,0.153317,0.000746648,0.00934833
4.09,0,0.252535,0.247328,0.0703783,-0.00287223,0.00520656
4.09,1,0.528514,0.607806,0.357727,-4.24484,-0.0792914
4.09,2,-0.583866,-0.482484,-0.495499,-2.05045,-0.101381
4.09,3,0.379667,0.373183,0.104838,0.001932,0.00648347
4.09,4,-0.00102269,0.0174946,0.110177,-0.203227,-0.0185173
4.09,5,0.550547,0.541199,0.153317,0.000746468,0.00934829
4.1,0,0.253238,0.248032,0.070378,-0.00289284,0.00520603
4.1,1,0.532214,0.611382,0.35765,-4.2397,-0.0791687
4.1,2,-0.588833,-0.487439,-0.49551,-2.0508,-0.101394
4.1,3,0.380724,0.374231,0.104833,0.00202421,0.00649239
4.1,4,8.83548e-05,0.0185963,0.110174,-0.203151,-0.018508
4.1,5,0.55208,0.542732,0.153317,0.000746288,0.00934826
4.11,0,0.253942,0.248736,0.0703777,-0.00291333,0.00520549
4.11,1,0.535913,0.614959,0.357573,-4.23453,-0.0790452
4.11,2,-0.593801,-0.492394,-0.495521,-2.05115,-0.101406
4.11,3,0.381781,0.37528,0.104828,0.00211691,0.00650137
4.11,4,0.0011994,0.0196981,0.110172,-0.203075,-0.0184987
4.11,5,0.553613,0.544265,0.153317,0.000746107,0.00934822
4.12,0,0.254645,0.24944,0.0703774,-0.00293369,0.00520496
4.12,1,0.539613,0.618534,0.357496,-4.22933,-0.078921
4.12,2,-0.598768,-0.49735,-0.495533,-2.0515,-0.101419
4.12,3,0.382838,0.376328,0.104823,0.00221011,0.00651039
4.12,4,0.00231045,0.0207998,0.110169,-0.202999,-0.0184893
4.12,5,0.555146,0.545798,0.153317,0.000745927,0.00934818
4.13,0,0.255348,0.250144,0.0703771,-0.00295393,0.00520443
4.13,1,0.543312,0.622108,0.357419,-4.2241,-0.0787959
4.13,2,-0.603736,-0.502305,-0.495544,-2.05184,-0.101431
4.13,3,0.383896,0.377376,0.104818,0.00230381,0.00651946
4.13,4,0.0034215,0.0219014,0.110167,-0.202923,-0.0184799
4.13,5,0.55668,0.547331,0.153317,0.000745747,0.00934815
4.14,0,0.256051,0.250847,0.0703768,-0.00297405,0.00520391
4.14,1,0.547012,0.625682,0.357343,-4.21884,-0.0786702
4.14,2,-0.608704,-0.507261,-0.495555,-2.05218,-0.101443
4.14,3,0.384953,0.378424,0.104813,0.00239799,0.00652858
4.14,4,0.00453255,0.0230031,0.110164,-0.202846,-0.0184706
4.14,5,0.558213,0.548865,0.153317,0.000745567,0.00934811
4.15,0,0.256754,0.251551,0.0703765,-0.00299405,0.00520339
4.15,1,0.550712,0.629255,0.357267,-4.21354,-0.0785436
4.15,2,-0.613671,-0.512216,-0.495566,-2.05252,-0.101455
4.15,3,0.38601,0.379472,0.104808,0.00249267,0.00653775
4.15,4,0.00564359,0.0241047,0.110162,-0.20277,-0.0184611
4.15,5,0.559746,0.550398,0.153317,0.000745387,0.00934808
4.16,0,0.257458,0.252255,0.0703762,-0.00301393,0.00520287
4.16,1,0.554411,0.632827,0.357191,-4.20822,-0.0784163
4.16,2,-0.618639,-0.517172,-0.495578,-2.05285,-0.101467
4.16,3,0.387067,0.38052,0.104803,0.00258784,0.00654697
4.16,4,0.00675464,0.0252063,0.110159,-0.202693,-0.0184517
4.16,5,0.561279,0.551931,0.153317,0.000745207,0.00934804
4.17,0,0.258161,0.252959,0.0703759,-0.00303368,0.00520235
4.17,1,0.558111,0.636399,0.357115,-4.20287,-0.0782882
4.17,2,-0.623606,-0.522128,-0.495589,-2.05318,-0.101479
4.17,3,0.388125,0.381568,0.104798,0.00268351,0.00655624
4.17,4,0.00786569,0.0263079,0.110157,-0.202616,-0.0184422
4.17,5,0.562812,0.553464,0.153317,0.000745028,0.009348
4.18,0,0.260079,0.253664,0.0709238,0.0438153,0.00641467
4.18,1,0.562952,0.639962,0.35506,-4.14557,-0.0770097
4.18,2,-0.626797,-0.527064,-0.490285,-2.01142,-0.0997331
4.18,3,0.387789,0.382602,0.100767,-0.00859885,0.00518615
4.18,4,0.010342,0.0274051,0.109251,-0.19113,-0.0170631
4.18,5,0.564026,0.555006,0.155695,-0.00160842,0.00902
4.19,0,0.262132,0.254383,0.0727669,0.0916679,0.00774922
4.19,1,0.567921,0.643497,0.352449,-4.08041,-0.0755765
4.19,2,-0.62979,-0.531912,-0.480197,-1.97594,-0.0978778
4.19,3,0.387298,0.383552,0.0896011,-0.01631,0.00374507
4.19,4,0.01297,0.0285044,0.111117,-0.179834,-0.0155344
4.19,5,0.565205,0.556585,0.159424,-0.0047282,0.0086198
4.2,0,0.264185,0.255126,0.0757859,0.134994,0.0090588
4.2,1,0.572889,0.647015,0.351438,-4.01934,-0.0741257
4.2,2,-0.632783,-0.536656,-0.469603,-1.9446,-0.0961268
4.2,3,0.386807,0.384371,0.0752547,-0.0207996,0.00243532
4.2,4,0.0155979,0.0296433,0.116604,-0.170665,-0.0140453
4.2,5,0.566383,0.558188,0.160672,-0.00722772,0.00819479
4.21,0,0.266238,0.255906,0.0799,0.173584,0.0103321
4.21,1,0.577857,0.650531,0.352147,-3.96341,-0.0726743
4.21,2,-0.635775,-0.541293,-0.458842,-1.9168,-0.0944827
4.21,3,0.386316,0.385039,0.0596738,-0.0230345,0.00127698
4.21,4,0.0182259,0.030851,0.124448,-0.163225,-0.0126251
4.21,5,0.567562,0.559789,0.159071,-0.00885477,0.00777328
4.22,0,0.268291,0.256732,0.0850135,0.207306,0.0115587
4.22,1,0.582826,0.654065,0.35449,-3.91303,-0.071239
4.22,2,-0.638768,-0.545821,-0.447966,-1.89248,-0.092947
4.22,3,0.385824,0.385549,0.043947,-0.0236088,0.00027594
4.22,4,0.0208539,0.0321454,0.133683,-0.157174,-0.0112915
4.22,5,0.56874,0.56136,0.155259,-0.00967483,0.0073806
4.23,0,0.270344,0.257614,0.0910167,0.236115,0.0127291
4.23,1,0.587794,0.657629,0.358326,-3.8684,-0.0698355
4.23,2,-0.641761,-0.550241,-0.43701,-1.87159,-0.0915204
4.23,3,0.385333,0.385904,0.0287618,-0.0229606,-0.000570354
4.23,4,0.0234819,0.0335368,0.143674,-0.152276,-0.0100549
4.23,5,0.569919,0.562884,0.150042,-0.00984056,0.00703441
4.24,0,0.272396,0.258561,0.0977915,0.260034,0.0138352
4.24,1,0.592762,0.66124,0.363489,-3.82958,-0.0684777
4.24,2,-0.644754,-0.55455,-0.426009,-1.85409,-0.0902037
4.24,3,0.384842,0.386112,0.0145702,-0.0214417,-0.00126996
4.24,4,0.0261098,0.0350302,0.154011,-0.148368,-0.00892034
4.24,5,0.571097,0.564353,0.144127,-0.00951451,0.00674475
4.25,0,0.274449,0.25958,0.105215,0.279148,0.0148699
4.25,1,0.597731,0.664909,0.3698,-3.79652,-0.0671781
4.25,2,-0.647747,-0.55875,-0.415002,-1.83991,-0.088997
4.25,3,0.384351,0.386186,0.00166035,-0.0193414,-0.00183452
4.25,4,0.0287378,0.0366277,0.164438,-0.145338,-0.00788983
4.25,5,0.572276,0.565761,0.13807,-0.00884395,0.00651541
4.26,0,0.276502,0.260675,0.113165,0.293597,0.0158273
4.26,1,0.602699,0.668646,0.377075,-3.76911,-0.0659471
4.26,2,-0.65074,-0.56284,-0.404035,-1.82894,-0.0879003
4.26,3,0.38386,0.386138,-0.00980481,-0.0168955,-0.00227784
4.26,4,0.0313658,0.0383291,0.174793,-0.143103,-0.00696329
4.26,5,0.573455,0.567109,0.13227,-0.00795346,0.0063455
4.27,0,0.278555,0.261852,0.121518,0.303562,0.0167029
4.27,1,0.607667,0.67246,0.385131,-3.74712,-0.0647932
4.27,2,-0.653733,-0.56682,-0.393156,-1.82107,-0.0869128
4.27,3,0.383369,0.385984,-0.01976,-0.0142919,-0.00261479
4.27,4,0.0339938,0.0401332,0.184975,-0.141603,-0.00613942
4.27,5,0.574633,0.568402,0.126995,-0.00694409,0.00623088
4.28,0,0.280608,0.263115,0.130156,0.309265,0.0174933
4.28,1,0.612636,0.676359,0.393793,-3.73031,-0.0637234
4.28,2,-0.656726,-0.570692,-0.382417,-1.81616,-0.0860333
4.28,3,0.382878,0.385739,-0.0282151,-0.0116757,-0.00286048
4.28,4,0.0366218,0.0420378,0.194915,-0.140786,-0.00541609
4.28,5,0.575812,0.569646,0.122405,-0.00589476,0.00616533
4.29,0,0.282661,0.264465,0.138965,0.310957,0.0181963
4.29,1,0.617604,0.680347,0.402892,-3.71838,-0.0627427
4.29,2,-0.659719,-0.574458,-0.371874,-1.81406,-0.0852602
4.29,3,0.382387,0.385417,-0.0352359,-0.00915416,-0.00302957
4.29,4,0.0392497,0.0440403,0.204568,-0.140609,-0.0047906
4.29,5,0.57699,0.570849,0.118575,-0.00486469,0.00614154
4.3,0,0.284714,0.265903,0.147838,0.308916,0.0188108
4.3,1,0.622572,0.684427,0.41227,-3.711,-0.0618547
4.3,2,-0.662712,-0.57812,-0.361579,-1.81458,-0.0845912
4.3,3,0.381896,0.385032,-0.0409274,-0.00680223,-0.00313587
4.3,4,0.0418777,0.0461376,0.213895,-0.141027,-0.00425989
4.3,5,0.578169,0.572017,0.115517,-0.00389602,0.0061518
4.31,0,0.286767,0.26743,0.156675,0.30344,0.0193367
4.31,1,0.627541,0.688602,0.421783,-3.7078,-0.0610614
4.31,2,-0.665704,-0.581681,-0.351589,-1.81753,-0.0840235
4.31,3,0.381405,0.384597,-0.0454199,-0.00466761,-0.00319196
4.31,4,0.0445057,0.0483262,0.222865,-0.141997,-0.0038205
4.31,5,0.579347,0.573159,0.113197,-0.00301662,0.00618852
4.32,0,0.28882,0.269045,0.165383,0.294841,0.0197748
4.32,1,0.632509,0.692872,0.431295,-3.70841,-0.0603632
4.32,2,-0.668697,-0.585143,-0.341956,-1.8227,-0.0835538
4.32,3,0.380914,0.384123,-0.0488577,-0.00277586,-0.00320905
4.32,4,0.0471337,0.0506024,0.231447,-0.143473,-0.00346871
4.32,5,0.580526,0.574281,0.111553,-0.00224265,0.00624467
4.33,0,0.290873,0.270746,0.173878,0.283443,0.0201269
4.33,1,0.637477,0.697237,0.440688,-3.71245,-0.0597596
4.33,2,-0.67169,-0.588512,-0.332729,-1.82989,-0.0831783
4.33,3,0.380423,0.38362,-0.0513893,-0.00113506,-0.00319686
4.33,4,0.0497617,0.0529621,0.239612,-0.14541,-0.00320047
4.33,5,0.581704,0.57539,0.110502,-0.00158104,0.00631392
4.34,0,0.292926,0.27253,0.182083,0.269578,0.0203957
4.34,1,0.642446,0.701694,0.449852,-3.71951,-0.0592488
4.34,2,-0.674683,-0.591791,-0.323955,-1.83886,-0.0828925
4.34,3,0.379932,0.383096,-0.053161,0.000259992,-0.00316366
4.34,4,0.0523896,0.0554011,0.247332,-0.147757,-0.00301144
4.34,5,0.582883,0.576492,0.109953,-0.00103162,0.00639085
4.35,0,0.294979,0.274394,0.189931,0.253578,0.0205843
4.35,1,0.647414,0.706242,0.458692,-3.72919,-0.0588279
4.35,2,-0.677676,-0.594984,-0.315676,-1.8494,-0.0826918
4.35,3,0.379441,0.382558,-0.0543114,0.00142412,-0.00311627
4.35,4,0.0550176,0.0579147,0.254579,-0.150466,-0.00289704
4.35,5,0.584062,0.577591,0.109813,-0.000589052,0.00647094
4.36,0,0.297031,0.276335,0.197363,0.235776,0.0206966
4.36,1,0.652382,0.710876,0.467125,-3.7411,-0.0584932
4.36,2,-0.680669,-0.598098,-0.307927,-1.86128,-0.082571
4.36,3,0.37895,0.382011,-0.0549676,0.00237859,-0.00306019
4.36,4,0.0576456,0.060498,0.261329,-0.153484,-0.0028524
4.36,5,0.58524,0.578689,0.109992,-0.000244444,0.00655061
4.37,0,0.299084,0.278347,0.204329,0.2165,0.0207372
4.37,1,0.657351,0.715591,0.475081,-3.75486,-0.0582403
4.37,2,-0.683662,-0.601137,-0.300741,-1.87426,-0.0825246
4.37,3,0.378459,0.381459,-0.0552432,0.00314856,-0.00299974
4.37,4,0.0602736,0.063146,0.26756,-0.15676,-0.00287243
4.37,5,0.586419,0.579791,0.110408,1.33206e-05,0.00662712
4.38,0,0.301137,0.280426,0.210788,0.196071,0.0207109
4.38,1,0.662319,0.720383,0.4825,-3.77006,-0.0580641
4.38,2,-0.686655,-0.604108,-0.294142,-1.88812,-0.0825469
4.38,3,0.377968,0.380907,-0.0552374,0.00376096,-0.00293815
4.38,4,0.0629015,0.0658534,0.273254,-0.160241,-0.00295181
4.38,5,0.587597,0.580899,0.110987,0.000196483,0.00669852
4.39,0,0.30319,0.282567,0.216705,0.1748,0.0206229
4.39,1,0.667287,0.725246,0.489334,-3.78635,-0.0579588
4.39,2,-0.689648,-0.607016,-0.288149,-1.90266,-0.0826318
4.39,3,0.377477,0.380355,-0.0550341,0.00424283,-0.00287776
4.39,4,0.0655295,0.0686146,0.278395,-0.163878,-0.00308511
4.39,5,0.588776,0.582012,0.111667,0.000317566,0.00676352
4.4,0,0.305243,0.284764,0.222057,0.152984,0.0204789
4.4,1,0.672256,0.730174,0.495547,-3.80338,-0.0579185
4.4,2,-0.69264,-0.609867,-0.282774,-1.91765,-0.0827733
4.4,3,0.376986,0.379807,-0.054703,0.00462014,-0.00282017
4.4,4,0.0681575,0.0714242,0.282974,-0.167621,-0.00326673
4.4,5,0.589954,0.583133,0.112395,0.000388732,0.00682142
4.41,0,0.307296,0.287012,0.226825,0.130906,0.0202845
4.41,1,0.677224,0.735161,0.501111,-3.8208,-0.0579368
4.41,2,-0.695633,-0.612668,-0.278024,-1.93291,-0.0829651
4.41,3,0.376495,0.379262,-0.0543002,0.00491692,-0.00276632
4.41,4,0.0707855,0.0742765,0.286987,-0.171422,-0.00349103
4.41,5,0.591133,0.584261,0.113129,0.000421326,0.00687198
4.42,0,0.309349,0.289303,0.230999,0.108831,0.0200457
4.42,1,0.682192,0.740199,0.506009,-3.83831,-0.058007
4.42,2,-0.698626,-0.615425,-0.273899,-1.94823,-0.083201
4.42,3,0.376004,0.378721,-0.0538691,0.00515464,-0.00271668
4.42,4,0.0734135,0.0771658,0.290433,-0.175235,-0.00375234
4.42,5,0.592311,0.585396,0.113837,0.000425572,0.00691532
4.43,0,0.311402,0.291633,0.234578,0.0870064,0.0197685
4.43,1,0.687161,0.745283,0.510232,-3.8556,-0.0581226
4.43,2,-0.701619,-0.618144,-0.270394,-1.96345,-0.0834747
4.43,3,0.375513,0.378185,-0.0534426,0.00535197,-0.00267136
4.43,4,0.0760414,0.0800865,0.293317,-0.179019,-0.00404501
4.43,5,0.59349,0.586538,0.114496,0.000410394,0.00695183
4.44,0,0.313455,0.293996,0.237563,0.0656582,0.0194587
4.44,1,0.692129,0.750406,0.513779,-3.8724,-0.0582766
4.44,2,-0.704612,-0.620832,-0.267497,-1.97841,-0.0837801
4.44,3,0.375022,0.377653,-0.0530436,0.00552459,-0.00263016
4.44,4,0.0786694,0.0830329,0.295649,-0.182732,-0.00436348
4.44,5,0.594668,0.587686,0.11509,0.000383337,0.0069821
4.45,0,0.315508,0.296385,0.239967,0.0449919,0.0191223
4.45,1,0.697097,0.75556,0.51666,-3.88848,-0.0584624
4.45,2,-0.707605,-0.623494,-0.265192,-1.99295,-0.0841111
4.45,3,0.374531,0.377124,-0.0526875,0.00568526,-0.00259273
4.45,4,0.0812974,0.0859997,0.297444,-0.18634,-0.0047023
4.45,5,0.595847,0.58884,0.115612,0.000350571,0.00700681
4.46,0,0.317561,0.298796,0.241803,0.0251902,0.018765
4.46,1,0.702066,0.760739,0.518886,-3.9036,-0.0586735
4.46,2,-0.710598,-0.626136,-0.263459,-2.00695,-0.0844621
4.46,3,0.37404,0.376599,-0.0523829,0.00584398,-0.00255858
4.46,4,0.0839254,0.0889816,0.29872,-0.18981,-0.0050562
4.46,5,0.597026,0.589999,0.116056,0.00031695,0.00702674
4.47,0,0.319614,0.301221,0.243093,0.00641349,0.0183923
4.47,1,0.707034,0.765937,0.520479,-3.91757,-0.0589033
4.47,2,-0.713591,-0.628763,-0.262273,-2.02028,-0.0848274
4.47,3,0.373549,0.376077,-0.0521331,0.00600816,-0.00252717
4.47,4,0.0865534,0.0919735,0.299501,-0.193111,-0.00542011
4.47,5,0.598204,0.591161,0.116424,0.000286111,0.00704265
4.48,0,0.321666,0.303657,0.243863,-0.0112012,0.0180097
4.48,1,0.712002,0.771148,0.521465,-3.93022,-0.0591456
4.48,2,-0.716584,-0.631382,-0.261605,-2.03284,-0.0852016
4.48,3,0.373058,0.375556,-0.0519376,0.00618295,-0.00249796
4.48,4,0.0891813,0.0949706,0.299811,-0.196219,-0.00578922
4.48,5,0.599383,0.592327,0.116719,0.000260602,0.00705528
4.49,0,0.323719,0.306097,0.244141,-0.0275397,0.017622
4.49,1,0.716971,0.776365,0.521873,-3.9414,-0.0593946
4.49,2,-0.719576,-0.633997,-0.261423,-2.04455,-0.0855799
4.49,3,0.372567,0.375038,-0.051793,0.00637155,-0.00247043
4.49,4,0.0918093,0.0979683,0.299682,-0.199113,-0.006159
4.49,5,0.600561,0.593496,0.116949,0.000242025,0.00706533
4.5,0,0.327233,0.308539,0.244353,0.0146852,0.0186936
4.5,1,0.720045,0.781578,0.518789,-4.01765,-0.0615321
4.5,2,-0.722414,-0.636602,-0.256915,-2.06055,-0.0858126
4.5,3,0.37225,0.374521,-0.0515962,0.00824978,-0.0022708
4.5,4,0.0947459,0.100959,0.297775,-0.198596,-0.00621355
4.5,5,0.602019,0.594667,0.117579,0.00148632,0.00735198
4.51,0,0.332206,0.310995,0.246989,0.107476,0.0212111
4.51,1,0.721227,0.786679,0.502051,-4.12427,-0.0654529
4.51,2,-0.725097,-0.639056,-0.235431,-2.11038,-0.0860416
4.51,3,0.372106,0.374009,-0.0506804,0.0113765,-0.00190317
4.51,4,0.097991,0.103924,0.29668,-0.195802,-0.00593279
4.51,5,0.603757,0.595862,0.121479,0.00303016,0.0078948
4.52,0,0.337179,0.313491,0.252087,0.191276,0.0236885
4.52,1,0.722408,0.791587,0.481194,-4.21075,-0.0691793
4.52,2,-0.72778,-0.641297,-0.215514,-2.16347,-0.0864833
4.52,3,0.371962,0.373512,-0.0487975,0.0137791,-0.00154994
4.52,4,0.101236,0.106926,0.304261,-0.197652,-0.00569025
4.52,5,0.605494,0.597109,0.127447,0.00369468,0.00838574
4.53,0,0.342153,0.316051,0.259491,0.265609,0.0261021
4.53,1,0.723589,0.796277,0.458811,-4.28395,-0.0726879
4.53,2,-0.730463,-0.643364,-0.200246,-2.21248,-0.087099
4.53,3,0.371818,0.373038,-0.0460103,0.0153994,-0.00122068
4.53,4,0.104481,0.110035,0.316788,-0.202828,-0.00555428
4.53,5,0.607232,0.59842,0.134141,0.00381897,0.00881225
4.54,0,0.347126,0.318696,0.269025,0.330116,0.0284297
4.54,1,0.72477,0.800738,0.435651,-4.34567,-0.075968
4.54,2,-0.733146,-0.645304,-0.189501,-2.25626,-0.0878421
4.54,3,0.371674,0.372597,-0.0425914,0.0163246,-0.000923026
4.54,4,0.107726,0.113279,0.330609,-0.209729,-0.00555312
4.54,5,0.608969,0.599798,0.140898,0.00358596,0.0091711
4.55,0,0.352099,0.321448,0.28046,0.384676,0.0306514
4.55,1,0.725951,0.804965,0.412112,-4.3969,-0.0790141
4.55,2,-0.735829,-0.647159,-0.182818,-2.29446,-0.08867
4.55,3,0.37153,0.372191,-0.038849,0.0166935,-0.000661583
4.55,4,0.110971,0.116658,0.343452,-0.217215,-0.00568617
4.55,5,0.610707,0.601243,0.147366,0.00310879,0.00946374
4.56,0,0.357073,0.324323,0.293534,0.429377,0.0327495
4.56,1,0.727132,0.808956,0.388446,-4.4383,-0.081824
4.56,2,-0.738512,-0.648967,-0.179697,-2.32694,-0.0895446
4.56,3,0.371386,0.371824,-0.035051,0.0166499,-0.000438067
4.56,4,0.114217,0.120153,0.354098,-0.224539,-0.00593625
4.56,5,0.612445,0.60275,0.153335,0.00247105,0.00969432
4.57,0,0.362046,0.327337,0.307963,0.464476,0.0347091
4.57,1,0.728313,0.812711,0.364826,-4.47037,-0.0843973
4.57,2,-0.741195,-0.650762,-0.179649,-2.3537,-0.0904332
4.57,3,0.371242,0.371493,-0.0314046,0.0163243,-0.000251842
4.57,4,0.117462,0.12374,0.362021,-0.231235,-0.00627803
4.57,5,0.614182,0.604313,0.158675,0.00174057,0.00986859
4.58,0,0.367019,0.330501,0.323456,0.490368,0.0365184
4.58,1,0.729494,0.81623,0.341381,-4.49356,-0.0867353
4.58,2,-0.743878,-0.65257,-0.182208,-2.37481,-0.0913075
4.58,3,0.371098,0.371198,-0.0280559,0.0158281,-0.000100541
4.58,4,0.120707,0.12739,0.367133,-0.237035,-0.00668352
4.58,5,0.61592,0.605926,0.163309,0.000973727,0.00999329
4.59,0,0.371993,0.333824,0.339725,0.507554,0.0381682
4.59,1,0.730676,0.819516,0.318215,-4.50826,-0.0888403
4.59,2,-0.746561,-0.654417,-0.186933,-2.39045,-0.092144
4.59,3,0.370954,0.370934,-0.0250981,0.0152525,1.93665e-05
4.59,4,0.123952,0.131077,0.369601,-0.241803,-0.00712538
4.59,5,0.617657,0.607581,0.167206,0.000216714,0.0100757
4.6,0,0.376966,0.337314,0.356493,0.516619,0.0396524
4.6,1,0.731857,0.822572,0.295421,-4.51489,-0.0907156
4.6,2,-0.749244,-0.656321,-0.193419,-2.40086,-0.0929232
4.6,3,0.37081,0.370697,-0.0225799,0.0146689,0.000112089
4.6,4,0.127197,0.134776,0.369732,-0.245496,-0.00757877
4.6,5,0.619395,0.609272,0.170366,-0.000493845,0.0101232
4.61,0,0.381939,0.340972,0.373495,0.518213,0.0409674
4.61,1,0.733038,0.825403,0.273091,-4.51389,-0.0923655
4.61,2,-0.751927,-0.658297,-0.201293,-2.4063,-0.0936297
4.61,3,0.370665,0.370483,-0.0205152,0.0141304,0.000182125
4.61,4,0.130442,0.138464,0.367893,-0.248125,-0.00802233
4.61,5,0.621132,0.610989,0.172818,-0.00113033,0.010143
4.62,0,0.386913,0.344801,0.390487,0.513029,0.0421123
4.62,1,0.734219,0.828014,0.251314,-4.50574,-0.093795
4.62,2,-0.75461,-0.660358,-0.210216,-2.40711,-0.0942513
4.62,3,0.370521,0.370287,-0.0188909,0.0136741,0.000233956
4.62,4,0.133687,0.142126,0.364465,-0.24974,-0.00843845
4.62,5,0.62287,0.612728,0.174611,-0.00167339,0.010142
4.63,0,0.391886,0.348798,0.407249,0.501786,0.0430883
4.63,1,0.7354,0.83041,0.230182,-4.49096,-0.0950103
4.63,2,-0.757293,-0.662513,-0.219883,-2.40362,-0.0947794
4.63,3,0.370377,0.370106,-0.0176749,0.0133232,0.000271822
4.63,4,0.136932,0.145746,0.359813,-0.250412,-0.00881327
4.63,5,0.624607,0.614481,0.17581,-0.00211111,0.0101264
4.64,0,0.396859,0.352961,0.423579,0.485218,0.0438989
4.64,1,0.736581,0.832599,0.209786,-4.47008,-0.0960181
4.64,2,-0.759976,-0.664767,-0.230023,-2.39619,-0.0952081
4.64,3,0.370233,0.369934,-0.016822,0.0130889,0.000299566
4.64,4,0.140177,0.149314,0.354266,-0.250224,-0.00913638
4.64,5,0.626345,0.616243,0.176488,-0.00243797,0.0101017
4.65,0,0.401833,0.357283,0.439305,0.464061,0.0445494
4.65,1,0.737762,0.834589,0.190217,-4.44371,-0.0968265
4.65,2,-0.762658,-0.667125,-0.240394,-2.38523,-0.0955338
4.65,3,0.370089,0.369769,-0.0162795,0.012973,0.000320534
4.65,4,0.143423,0.152823,0.348117,-0.249263,-0.0094005
4.65,5,0.628082,0.61801,0.176725,-0.0026539,0.0100727
4.66,0,0.406806,0.361759,0.454277,0.439038,0.0450467
4.66,1,0.738943,0.836388,0.171562,-4.41245,-0.0974442
4.66,2,-0.765341,-0.669586,-0.250784,-2.3711,-0.0957556
4.66,3,0.369945,0.369608,-0.0159914,0.0129701,0.000337522
4.66,4,0.146668,0.156269,0.341619,-0.247617,-0.00960101
4.66,5,0.62982,0.619777,0.176601,-0.0027632,0.0100434
4.67,0,0.41178,0.366381,0.468369,0.410852,0.045399
4.67,1,0.740124,0.838005,0.153903,-4.37694,-0.0978807
4.67,2,-0.768024,-0.67215,-0.261008,-2.35421,-0.0958743
4.67,3,0.369801,0.369448,-0.0159019,0.0130688,0.000352767
4.67,4,0.149913,0.159648,0.334981,-0.245375,-0.00973561
4.67,5,0.631558,0.621541,0.176195,-0.00277359,0.010017
4.68,0,0.416753,0.371137,0.481483,0.380179,0.0456157
4.68,1,0.741306,0.839452,0.137315,-4.33781,-0.0981465
4.68,2,-0.770707,-0.674815,-0.270907,-2.33496,-0.0958924
4.68,3,0.369657,0.369289,-0.0159579,0.0132543,0.000367959
4.68,4,0.153158,0.162962,0.32838,-0.242621,-0.00980391
4.68,5,0.633295,0.623299,0.175581,-0.00269529,0.00999582
4.69,0,0.421726,0.376019,0.49354,0.34766,0.045707
4.69,1,0.742487,0.840739,0.121864,-4.2957,-0.0982526
4.69,2,-0.77339,-0.677576,-0.280347,-2.31372,-0.0958139
4.69,3,0.369513,0.369129,-0.0161111,0.0135095,0.000384283
4.69,4,0.156403,0.16621,0.321959,-0.239436,-0.00980708
4.69,5,0.635033,0.625051,0.174827,-0.00254018,0.00998161
4.7,0,0.4267,0.381016,0.504486,0.313893,0.0456838
4.7,1,0.743668,0.841878,0.107606,-4.25125,-0.0982107
4.7,2,-0.776073,-0.680429,-0.289214,-2.29089,-0.0956441
4.7,3,0.369369,0.368967,-0.0163189,0.0138161,0.000402472
4.7,4,0.159648,0.169396,0.31583,-0.235896,-0.00974757
4.7,5,0.63677,0.626795,0.173994,-0.0023211,0.00997542
4.71,0,0.431673,0.386116,0.514288,0.279436,0.0455575
4.71,1,0.744849,0.842882,0.0945846,-4.20507,-0.098033
4.71,2,-0.778756,-0.683367,-0.297417,-2.26684,-0.0953892
4.71,3,0.369225,0.368802,-0.0165456,0.0141561,0.00042287
4.71,4,0.162893,0.172522,0.310085,-0.232073,-0.00962881
4.71,5,0.638508,0.62853,0.173133,-0.00205119,0.00997776
4.72,0,0.436646,0.391307,0.522928,0.244793,0.0453394
4.72,1,0.74603,0.843762,0.0828331,-4.15778,-0.097732
4.72,2,-0.781439,-0.686383,-0.304883,-2.24192,-0.0950562
4.72,3,0.369081,0.368636,-0.0167623,0.0145124,0.000445501
4.72,4,0.166138,0.175593,0.304792,-0.228036,-0.00945503
4.72,5,0.640245,0.630257,0.172289,-0.00174342,0.00998864
4.73,0,0.44162,0.396578,0.53041,0.210425,0.0450414
4.73,1,0.747211,0.844532,0.0723714,-4.10994,-0.0973206
4.73,2,-0.784122,-0.689469,-0.311558,-2.21647,-0.094653
4.73,3,0.368937,0.368467,-0.0169469,0.0148695,0.000470138
4.73,4,0.169383,0.178615,0.300001,-0.223849,-0.00923106
4.73,5,0.641983,0.631975,0.171496,-0.00141012,0.0100077
4.74,0,0.446593,0.401918,0.536752,0.176739,0.0446749
4.74,1,0.748392,0.845204,0.0632069,-4.06209,-0.0968118
4.74,2,-0.786805,-0.692617,-0.317402,-2.19082,-0.0941875
4.74,3,0.368793,0.368297,-0.0170839,0.015214,0.000496369
4.74,4,0.172629,0.181591,0.295749,-0.219572,-0.00896211
4.74,5,0.64372,0.633686,0.170781,-0.00106271,0.0100343
4.75,0,0.451566,0.407315,0.541983,0.144092,0.044251
4.75,1,0.749573,0.845792,0.055335,-4.01474,-0.0962184
4.75,2,-0.789488,-0.69582,-0.322393,-2.16526,-0.0936682
4.75,3,0.368649,0.368125,-0.0171638,0.0155349,0.000523662
4.75,4,0.175874,0.184527,0.292059,-0.215259,-0.00865372
4.75,5,0.645458,0.63539,0.170164,-0.000711459,0.0100675
4.76,0,0.45654,0.412759,0.546147,0.112791,0.0437808
4.76,1,0.750754,0.846308,0.0487387,-3.96835,-0.0955533
4.76,2,-0.792171,-0.699067,-0.32652,-2.14007,-0.0931038
4.76,3,0.368505,0.367954,-0.0171823,0.0158236,0.000551417
4.76,4,0.179119,0.18743,0.288942,-0.210964,-0.00831158
4.76,5,0.647195,0.637089,0.169656,-0.000365341,0.0101063
4.77,0,0.461513,0.418239,0.549296,0.0830948,0.0432745
4.77,1,0.751936,0.846765,0.04339,-3.92333,-0.0948291
4.77,2,-0.794854,-0.702351,-0.329786,-2.11551,-0.0925029
4.77,3,0.368361,0.367782,-0.0171396,0.016074,0.00057902
4.77,4,0.182364,0.190305,0.286401,-0.206732,-0.00794144
4.77,5,0.648933,0.638783,0.169266,-3.1953e-05,0.0101495
4.78,0,0.466486,0.423744,0.55149,0.0552157,0.0427421
4.78,1,0.753117,0.847175,0.0392502,-3.88008,-0.0940582
4.78,2,-0.797537,-0.705663,-0.332204,-2.09181,-0.091874
4.78,3,0.368217,0.367611,-0.0170396,0.0162825,0.000605875
4.78,4,0.185609,0.193158,0.28443,-0.202607,-0.00754903
4.78,5,0.65067,0.640474,0.168992,0.000282494,0.010196
4.79,0,0.47146,0.429267,0.552795,0.0293208,0.0421927
4.79,1,0.754298,0.84755,0.0362712,-3.8389,-0.0932522
4.79,2,-0.80022,-0.708994,-0.333799,-2.06917,-0.0912254
4.79,3,0.368073,0.367441,-0.016889,0.0164478,0.000631446
4.79,4,0.188854,0.195994,0.283017,-0.198628,-0.00713999
4.79,5,0.652408,0.642163,0.168833,0.000573142,0.0102446
4.8,0,0.476433,0.434798,0.553285,0.00553563,0.0416347
4.8,1,0.755479,0.847902,0.0343959,-3.80009,-0.0924226
4.8,2,-0.802903,-0.712337,-0.334601,-2.04776,-0.0905653
4.8,3,0.367929,0.367274,-0.0166965,0.0165706,0.000655272
4.8,4,0.192099,0.198819,0.282142,-0.194829,-0.0067198
4.8,5,0.654146,0.643851,0.168782,0.000836416,0.0102942
4.81,0,0.481407,0.44033,0.553032,-0.0160537,0.0410761
4.81,1,0.75666,0.84824,0.0335601,-3.76388,-0.09158
4.81,2,-0.805585,-0.715684,-0.334651,-2.02774,-0.0899014
4.81,3,0.367785,0.367108,-0.0164722,0.0166532,0.00067699
4.81,4,0.195344,0.201638,0.281781,-0.19124,-0.00629371
4.81,5,0.655883,0.645539,0.168829,0.00106992,0.0103437
4.82,0,0.48638,0.445856,0.552114,-0.0353972,0.0405236
4.82,1,0.757841,0.848576,0.0336929,-3.73046,-0.0907345
4.82,2,-0.808268,-0.719028,-0.333996,-2.00923,-0.0892409
4.82,3,0.367641,0.366944,-0.016227,0.0166996,0.000696341
4.82,4,0.198589,0.204456,0.281906,-0.187887,-0.00586671
4.82,5,0.657621,0.647228,0.168964,0.00127233,0.0103923
4.83,0,0.491353,0.45137,0.550608,-0.0524779,0.0399837
4.83,1,0.759022,0.848918,0.0347183,-3.69996,-0.0898952
4.83,2,-0.810951,-0.722361,-0.332688,-1.99234,-0.0885905
4.83,3,0.367497,0.366784,-0.0159715,0.0167146,0.000713174
4.83,4,0.201835,0.207278,0.282485,-0.18479,-0.00544348
4.83,5,0.659358,0.648919,0.169175,0.00144322,0.0104391
4.84,0,0.496327,0.456865,0.548591,-0.0673085,0.0394616
4.84,1,0.760203,0.849274,0.0365564,-3.6725,-0.0890708
4.84,2,-0.813634,-0.725678,-0.330781,-1.97714,-0.0879566
4.84,3,0.367353,0.366625,-0.0157162,0.0167042,0.000727445
4.84,4,0.20508,0.210108,0.283481,-0.181968,-0.00502837
4.84,5,0.661096,0.650612,0.169448,0.00158297,0.0104835
4.85,0,0.5013,0.462338,0.546139,-0.0799286,0.0389622
4.85,1,0.761384,0.849653,0.0391242,-3.64812,-0.0882688
4.85,2,-0.816317,-0.728972,-0.328337,-1.96367,-0.0873447
4.85,3,0.367209,0.366469,-0.0154707,0.0166745,0.00073921
4.85,4,0.208325,0.21295,0.284857,-0.179431,-0.00462534
4.85,5,0.662833,0.652309,0.169771,0.00169262,0.0105248
4.86,0,0.506273,0.467784,0.543326,-0.0904012,0.0384894
4.86,1,0.762566,0.850062,0.0423369,-3.62685,-0.0874961
4.86,2,-0.819,-0.73224,-0.325416,-1.95197,-0.08676
4.86,3,0.367065,0.366316,-0.0152436,0.0166323,0.000748614
4.86,4,0.21157,0.215808,0.286573,-0.17719,-0.00423797
4.86,5,0.664571,0.654008,0.170132,0.00177368,0.0105627
4.87,0,0.511247,0.4732,0.540221,-0.0988094,0.0380464
4.87,1,0.763747,0.850505,0.046109,-3.60867,-0.0867587
4.87,2,-0.821683,-0.735476,-0.322082,-1.94204,-0.0862068
4.87,3,0.366921,0.366165,-0.015042,0.016584,0.000755882
4.87,4,0.214815,0.218684,0.288587,-0.175249,-0.00386943
4.87,5,0.666308,0.655712,0.170519,0.00182809,0.0105968
4.88,0,0.51622,0.478584,0.536893,-0.105254,0.0376357
4.88,1,0.764928,0.850989,0.0503554,-3.59353,-0.0860616
4.88,2,-0.824366,-0.738677,-0.318399,-1.93387,-0.0856889
4.88,3,0.366777,0.366015,-0.0148717,0.0165361,0.000761302
4.88,4,0.21806,0.221583,0.290856,-0.173608,-0.00352248
4.88,5,0.668046,0.657419,0.170922,0.00185803,0.0106269
4.89,0,0.521193,0.483934,0.533405,-0.109849,0.0372592
4.89,1,0.766109,0.851518,0.0549919,-3.58135,-0.0854093
4.89,2,-0.827049,-0.741839,-0.314431,-1.92742,-0.0852095
4.89,3,0.366632,0.365867,-0.0147371,0.0164944,0.000765213
4.89,4,0.221305,0.224505,0.293339,-0.172265,-0.00319942
4.89,5,0.669783,0.65913,0.17133,0.00186588,0.010653
4.9,0,0.526167,0.489249,0.529816,-0.112722,0.0369181
4.9,1,0.76729,0.852095,0.0599364,-3.57201,-0.0848051
4.9,2,-0.829732,-0.744961,-0.31024,-1.92265,-0.084771
4.9,3,0.366488,0.36572,-0.014641,0.0164645,0.000767987
4.9,4,0.22455,0.227453,0.295994,-0.171214,-0.00290218
4.9,5,0.671521,0.660846,0.171736,0.00185406,0.010675
4.91,0,0.53114,0.494527,0.52618,-0.114008,0.0366133
4.91,1,0.768471,0.852723,0.0651096,-3.56539,-0.0842516
4.91,2,-0.832415,-0.748039,-0.305888,-1.91948,-0.0843754
4.91,3,0.366344,0.365574,-0.0145847,0.016451,0.000770019
4.91,4,0.227796,0.230428,0.298778,-0.170447,-0.00263223
4.91,5,0.673259,0.662566,0.172133,0.00182504,0.010693
4.92,0,0.536113,0.499769,0.522547,-0.113847,0.0363449
4.92,1,0.769652,0.853403,0.0704357,-3.56134,-0.0837508
4.92,2,-0.835098,-0.751074,-0.301434,-1.91785,-0.0840239
4.92,3,0.3662,0.365429,-0.0145685,0.0164582,0.000771709
4.92,4,0.231041,0.233431,0.301652,-0.169951,-0.00239065
4.92,5,0.674996,0.664289,0.172514,0.00178123,0.0107071
4.93,0,0.541087,0.504974,0.518963,-0.112388,0.0361125
4.93,1,0.770833,0.854137,0.075843,-3.55968,-0.0833037
4.93,2,-0.837781,-0.754064,-0.296933,-1.91765,-0.0837172
4.93,3,0.366056,0.365283,-0.0145912,0.0164892,0.000773452
4.93,4,0.234286,0.236464,0.304577,-0.169713,-0.00217812
4.93,5,0.676734,0.666016,0.172875,0.00172492,0.0107175
4.94,0,0.54606,0.510145,0.515466,-0.109775,0.0359156
4.94,1,0.772015,0.854925,0.081264,-3.56023,-0.0829109
4.94,2,-0.840464,-0.757008,-0.292439,-1.91879,-0.0834556
4.94,3,0.365912,0.365137,-0.0146507,0.0165467,0.000775627
4.94,4,0.237531,0.239526,0.307516,-0.169717,-0.00199494
4.94,5,0.678471,0.667747,0.173212,0.00165829,0.0107244
4.95,0,0.551033,0.515281,0.512092,-0.106158,0.0357529
4.95,1,0.773196,0.855768,0.0866365,-3.56279,-0.082572
4.95,2,-0.843147,-0.759908,-0.288,-1.92116,-0.0832386
4.95,3,0.365768,0.36499,-0.0147442,0.0166324,0.000778586
4.95,4,0.240776,0.242617,0.310434,-0.169945,-0.00184106
4.95,5,0.680209,0.669481,0.173524,0.00158338,0.0107281
4.96,0,0.556007,0.520384,0.50887,-0.101682,0.0356232
4.96,1,0.774377,0.856663,0.0919033,-3.56716,-0.0822864
4.96,2,-0.84583,-0.762764,-0.283663,-1.92464,-0.0830655
4.96,3,0.365624,0.364842,-0.014868,0.0167473,0.00078265
4.96,4,0.244021,0.245737,0.313299,-0.170379,-0.0017161
4.96,5,0.681946,0.671217,0.173807,0.00150205,0.0107288
4.97,0,0.56098,0.525455,0.505827,-0.0964896,0.0355248
4.97,1,0.775558,0.85761,0.0970129,-3.57314,-0.0820525
4.97,2,-0.848512,-0.765577,-0.279468,-1.92911,-0.082935
4.97,3,0.36548,0.364692,-0.0150179,0.0168917,0.0007881
4.97,4,0.247266,0.248886,0.316083,-0.170997,-0.00161937
4.97,5,0.683684,0.672957,0.174061,0.00141598,0.0107269
4.98,0,0.565954,0.530498,0.502981,-0.0907174,0.0354557
4.98,1,0.776739,0.858608,0.101919,-3.58051,-0.0818687
4.98,2,-0.851195,-0.76835,-0.275451,-1.93446,-0.0828455
4.98,3,0.365336,0.364541,-0.0151896,0.0170655,0.000795172
4.98,4,0.250511,0.252061,0.318759,-0.171779,-0.00154991
4.98,5,0.685421,0.674699,0.174287,0.00132669,0.0107225
4.99,0,0.570927,0.535513,0.500351,-0.0844971,0.0354139
4.99,1,0.77792,0.859653,0.106582,-3.58905,-0.0817327
4.99,2,-0.853878,-0.771083,-0.271644,-1.94056,-0.0827951
4.99,3,0.365192,0.364388,-0.0153784,0.0172676,0.000804058
4.99,4,0.253756,0.255263,0.321303,-0.172704,-0.0015065
4.99,5,0.687159,0.676443,0.174483,0.00123553,0.0107161
5,0,0.5759,0.540503,0.497946,-0.0779528,0.0353971
5,1,0.779101,0.860743,0.110968,-3.59857,-0.0816417
5,2,-0.856561,-0.77378,-0.268075,-1.94729,-0.0827814
5,3,0.365048,0.364233,-0.0155797,0.0174969,0.000814906
5,4,0.257002,0.258489,0.323696,-0.173749,-0.00148771
5,5,0.688896,0.678189,0.174652,0.00114371,0.0107079
5.01,0,0.580874,0.54547,0.495776,-0.0712007,0.0354032
5.01,1,0.780282,0.861875,0.115047,-3.60886,-0.081593
5.01,2,-0.859244,-0.776442,-0.264767,-1.95453,-0.082802
5.01,3,0.364904,0.364076,-0.0157889,0.0177515,0.000827813
5.01,4,0.260247,0.261739,0.325919,-0.174895,-0.00149192
5.01,5,0.690634,0.679936,0.174794,0.00105227,0.0106981
5.02,0,0.585847,0.550417,0.493844,-0.0643481,0.0354296
5.02,1,0.781463,0.863047,0.118796,-3.61972,-0.0815832
5.02,2,-0.861927,-0.779073,-0.261737,-1.96215,-0.0828542
5.02,3,0.36476,0.363917,-0.0160016,0.0180293,0.000842835
5.02,4,0.263492,0.265009,0.32796,-0.176119,-0.00151738
5.02,5,0.692372,0.681684,0.17491,0.000962142,0.010687
5.03,0,0.59082,0.555346,0.492151,-0.0574933,0.035474
5.03,1,0.782645,0.864254,0.122197,-3.63096,-0.0816091
5.03,2,-0.86461,-0.781675,-0.259,-1.97005,-0.082935
5.03,3,0.364616,0.363756,-0.0162138,0.0183281,0.000859985
5.03,4,0.266737,0.268299,0.329808,-0.177401,-0.0015622
5.03,5,0.694109,0.683434,0.175002,0.000874116,0.0106749
5.04,0,0.595794,0.56026,0.490696,-0.0507251,0.035534
5.04,1,0.783826,0.865493,0.125239,-3.6424,-0.081667
5.04,2,-0.867293,-0.784251,-0.256564,-1.97812,-0.0830416
5.04,3,0.364472,0.363593,-0.0164217,0.0186454,0.000879236
5.04,4,0.269982,0.271606,0.331453,-0.178722,-0.00162438
5.04,5,0.695847,0.685185,0.175072,0.000788887,0.0106621
5.05,0,0.600767,0.56516,0.489472,-0.0441221,0.0356074
5.05,1,0.785007,0.86676,0.127914,-3.65387,-0.0817533
5.05,2,-0.869976,-0.786805,-0.254436,-1.98625,-0.0831709
5.05,3,0.364328,0.363427,-0.016622,0.0189785,0.000900527
5.05,4,0.273227,0.274929,0.332893,-0.180061,-0.00170189
5.05,5,0.697584,0.686936,0.17512,0.000707051,0.0106486
5.06,0,0.60574,0.570049,0.488473,-0.0377535,0.0356917
5.06,1,0.786188,0.868052,0.130218,-3.66522,-0.0818643
5.06,2,-0.872659,-0.789339,-0.252616,-1.99436,-0.0833197
5.06,3,0.364184,0.36326,-0.0168118,0.0193248,0.000923766
5.06,4,0.276472,0.278265,0.334123,-0.181403,-0.00179264
5.06,5,0.699322,0.688687,0.175149,0.000629117,0.0106348
5.07,0,0.610714,0.574929,0.48769,-0.0316784,0.0357848
5.07,1,0.787369,0.869365,0.132154,-3.67631,-0.0819963
5.07,2,-0.875342,-0.791857,-0.251103,-2.00235,-0.0834851
5.07,3,0.36404,0.363091,-0.0169887,0.0196816,0.000948833
5.07,4,0.279717,0.281612,0.335146,-0.182729,-0.00189455
5.07,5,0.701059,0.690438,0.175161,0.000555517,0.0106208
5.08,0,0.615687,0.579802,0.48711,-0.0259463,0.0358846
5.08,1,0.78855,0.870696,0.133726,-3.687,-0.0821456
5.08,2,-0.878025,-0.794361,-0.249891,-2.01014,-0.0836639
5.08,3,0.363896,0.36292,-0.0171507,0.0200463,0.000975589
5.08,4,0.282962,0.284968,0.335962,-0.184025,-0.00200555
5.08,5,0.702797,0.69219,0.175156,0.000486613,0.0106067
5.09,0,0.62066,0.584671,0.486721,-0.0205974,0.0359891
5.09,1,0.789731,0.87204,0.134945,-3.69719,-0.0823088
5.09,2,-0.880708,-0.796855,-0.248971,-2.01765,-0.0838532
5.09,3,0.363752,0.362748,-0.0172961,0.0204164,0.00100387
5.09,4,0.286208,0.288331,0.336578,-0.185278,-0.00212361
5.09,5,0.704534,0.693942,0.175137,0.000422702,0.0105928
5.1,0,0.625634,0.589537,0.486509,-0.015663,0.0360966
5.1,1,0.790912,0.873395,0.135822,-3.70675,-0.0824822
5.1,2,-0.883391,-0.79934,-0.248332,-2.02484,-0.0840502
5.1,3,0.363608,0.362574,-0.017424,0.0207896,0.00103352
5.1,4,0.289453,0.291699,0.337,-0.186474,-0.00224675
5.1,5,0.706272,0.695693,0.175105,0.000364022,0.0105791
5.11,0,0.630607,0.594402,0.486459,-0.0111656,0.0362052
5.11,1,0.792093,0.874756,0.136373,-3.71562,-0.0826626
5.11,2,-0.886074,-0.801822,-0.247962,-2.03164,-0.084252
5.11,3,0.363464,0.362399,-0.0175337,0.0211636,0.00106434
5.11,4,0.292698,0.295071,0.337237,-0.187603,-0.00237309
5.11,5,0.708009,0.697444,0.175061,0.000310754,0.0105658
5.12,0,0.63558,0.599267,0.486555,-0.00711989,0.0363136
5.12,1,0.793275,0.876121,0.136616,-3.72372,-0.0828468
5.12,2,-0.888757,-0.8043,-0.247843,-2.038,-0.0844562
5.12,3,0.36332,0.362224,-0.0176247,0.0215364,0.00109616
5.12,4,0.295943,0.298444,0.337298,-0.188656,-0.00250082
5.12,5,0.709747,0.699194,0.175007,0.000263028,0.0105531
5.13,0,0.640554,0.604134,0.486781,-0.00353317,0.0364203
5.13,1,0.794456,0.877488,0.136571,-3.73099,-0.0830318
5.13,2,-0.891439,-0.806779,-0.24796,-2.04389,-0.0846603
5.13,3,0.363176,0.362047,-0.017697,0.0219061,0.00112878
5.13,4,0.299188,0.301816,0.337196,-0.189624,-0.00262826
5.13,5,0.711485,0.700944,0.174945,0.000220919,0.0105409
5.14,0,0.645527,0.609003,0.487122,-0.000405837,0.036524
5.14,1,0.795637,0.878852,0.13626,-3.73738,-0.0832149
5.14,2,-0.894122,-0.80926,-0.248293,-2.04927,-0.0848619
5.14,3,0.363032,0.36187,-0.0177511,0.022271,0.00116203
5.14,4,0.302433,0.305187,0.336943,-0.190502,-0.00275383
5.14,5,0.713222,0.702693,0.174874,0.000184454,0.0105293
5.15,0,0.650501,0.613877,0.487562,0.0022678,0.0366238
5.15,1,0.796818,0.880212,0.135706,-3.74286,-0.0833936
5.15,2,-0.896805,-0.811746,-0.248823,-2.05413,-0.0850592
5.15,3,0.362888,0.361692,-0.0177875,0.0226297,0.00119572
5.15,4,0.305678,0.308554,0.336552,-0.191285,-0.0028761
5.15,5,0.71496,0.704441,0.174797,0.000153611,0.0105186
5.16,0,0.655474,0.618755,0.488084,0.00449893,0.0367187
5.16,1,0.797999,0.881564,0.134933,-3.74742,-0.0835654
5.16,2,-0.899488,-0.814238,-0.249529,-2.05845,-0.0852501
5.16,3,0.362744,0.361514,-0.0178068,0.0229809,0.00122968
5.16,4,0.308923,0.311917,0.336037,-0.191968,-0.00299377
5.16,5,0.716697,0.706189,0.174715,0.000128319,0.0105086
5.17,0,0.660447,0.623639,0.488673,0.00630347,0.0368081
5.17,1,0.79918,0.882909,0.133965,-3.75104,-0.0837285
5.17,2,-0.902171,-0.816738,-0.25039,-2.06222,-0.0854332
5.17,3,0.362599,0.361336,-0.0178103,0.0233236,0.00126374
5.17,4,0.312168,0.315274,0.335412,-0.192551,-0.00310567
5.17,5,0.718435,0.707935,0.174629,0.000108464,0.0104994
5.18,0,0.665421,0.628529,0.489315,0.00770148,0.0368912
5.18,1,0.800361,0.884242,0.132829,-3.75372,-0.0838809
5.18,2,-0.904854,-0.819247,-0.251385,-2.06544,-0.0856068
5.18,3,0.362455,0.361158,-0.0177988,0.0236569,0.00129776
5.18,4,0.315414,0.318624,0.334693,-0.193033,-0.0032108
5.18,5,0.720172,0.709681,0.17454,9.38855e-05,0.0104912
5.19,0,0.670394,0.633426,0.489997,0.0087164,0.0369677
5.19,1,0.801542,0.885564,0.13155,-3.7555,-0.0840211
5.19,2,-0.907537,-0.821767,-0.252493,-2.06811,-0.0857699
5.19,3,0.362311,0.36098,-0.0177738,0.0239801,0.00133159
5.19,4,0.318659,0.321967,0.333894,-0.193413,-0.00330828
5.19,5,0.72191,0.711426,0.174449,8.43828e-05,0.0104838
5.2,0,0.675367,0.63833,0.490704,0.00937444,0.0370372
5.2,1,0.802724,0.886871,0.130152,-3.75637,-0.0841479
5.2,2,-0.91022,-0.824299,-0.253693,-2.07025,-0.0859214
5.2,3,0.362167,0.360802,-0.0177365,0.0242928,0.00136509
5.2,4,0.321904,0.325301,0.333029,-0.193694,-0.0033974
5.2,5,0.723647,0.71317,0.174357,7.97162e-05,0.0104774
5.21,0,0.680341,0.643241,0.491426,0.00970393,0.0370995
5.21,1,0.803905,0.888165,0.12866,-3.75639,-0.0842602
5.21,2,-0.912903,-0.826843,-0.254966,-2.07188,-0.0860604
5.21,3,0.362023,0.360625,-0.0176882,0.0245946,0.00139817
5.21,4,0.325149,0.328627,0.332114,-0.193877,-0.00347758
5.21,5,0.725385,0.714913,0.174266,7.96104e-05,0.0104719
5.22,0,0.685314,0.648159,0.49215,0.00973473,0.0371546
5.22,1,0.805086,0.889443,0.127097,-3.75558,-0.0843571
5.22,2,-0.915586,-0.829399,-0.25629,-2.07301,-0.0861865
5.22,3,0.361879,0.360449,-0.0176304,0.0248853,0.0014307
5.22,4,0.328394,0.331942,0.331161,-0.193967,-0.00354838
5.22,5,0.727122,0.716655,0.174175,8.37588e-05,0.0104672
5.23,0,0.690287,0.653085,0.492868,0.00949766,0.0372025
5.23,1,0.806267,0.890705,0.125487,-3.75399,-0.0844382
5.23,2,-0.918269,-0.83197,-0.257648,-2.07368,-0.0862991
5.23,3,0.361735,0.360273,-0.0175646,0.0251649,0.00146262
5.23,4,0.331639,0.335249,0.330183,-0.193968,-0.00360951
5.23,5,0.72886,0.718396,0.174086,9.18274e-05,0.0104635
5.24,0,0.695261,0.658017,0.49357,0.00902398,0.0372433
5.24,1,0.807448,0.891951,0.123851,-3.75167,-0.0845029
5.24,2,-0.920952,-0.834554,-0.259022,-2.07389,-0.086398
5.24,3,0.361591,0.360097,-0.017492,0.0254335,0.00149383
5.24,4,0.334884,0.338545,0.329195,-0.193884,-0.0036608
5.24,5,0.730597,0.720137,0.174,0.00010346,0.0104607
5.25,0,0.700234,0.662957,0.494248,0.00834493,0.0372772
5.25,1,0.808629,0.89318,0.122209,-3.74868,-0.0845513
5.25,2,-0.923635,-0.837152,-0.260395,-2.0737,-0.0864831
5.25,3,0.361447,0.359923,-0.017414,0.0256913,0.00152429
5.25,4,0.338129,0.341832,0.328207,-0.193721,-0.0037022
5.25,5,0.732335,0.721876,0.173917,0.000118281,0.0104587
5.26,0,0.705207,0.667903,0.494896,0.00749128,0.0373045
5.26,1,0.80981,0.894393,0.12058,-3.74507,-0.0845833
5.26,2,-0.926318,-0.839763,-0.261753,-2.07313,-0.0865546
5.26,3,0.361303,0.359749,-0.017332,0.0259387,0.00155395
5.26,4,0.341374,0.345108,0.327231,-0.193486,-0.00373378
5.26,5,0.734073,0.723615,0.173839,0.000135904,0.0104575
5.27,0,0.710181,0.672855,0.495509,0.00649297,0.0373255
5.27,1,0.810991,0.89559,0.118982,-3.74091,-0.0845992
5.27,2,-0.929001,-0.842388,-0.26308,-2.07222,-0.0866127
5.27,3,0.361159,0.359576,-0.0172473,0.0261761,0.00158277
5.27,4,0.34462,0.348375,0.326277,-0.193184,-0.00375571
5.27,5,0.73581,0.725353,0.173765,0.000155936,0.0104571
5.28,0,0.715154,0.677814,0.496082,0.00537878,0.0373406
5.28,1,0.812172,0.896772,0.117429,-3.73626,-0.0845993
5.28,2,-0.931684,-0.845026,-0.264365,-2.071,-0.0866577
5.28,3,0.361015,0.359404,-0.017161,0.0264039,0.00161073
5.28,4,0.347865,0.351633,0.325354,-0.192823,-0.00376826
5.28,5,0.737548,0.72709,0.173696,0.000177979,0.0104573
5.29,0,0.720127,0.682777,0.49661,0.00417603,0.0373502
5.29,1,0.813354,0.897938,0.115937,-3.73118,-0.0845842
5.29,2,-0.934366,-0.847676,-0.265596,-2.06951,-0.0866902
5.29,3,0.360871,0.359233,-0.0170741,0.0266228,0.00163783
5.29,4,0.35111,0.354882,0.32447,-0.192409,-0.00377178
5.29,5,0.739285,0.728827,0.173633,0.000201639,0.0104583
5.3,0,0.725101,0.687746,0.497093,0.00291039,0.0373547
5.3,1,0.814535,0.899089,0.114517,-3.72573,-0.0845546
5.3,2,-0.937049,-0.850339,-0.266763,-2.06779,-0.0867107
5.3,3,0.360727,0.359063,-0.0169879,0.0268333,0.00166406
5.3,4,0.354355,0.358122,0.323632,-0.19195,-0.00376672
5.3,5,0.741023,0.730563,0.173575,0.00022653,0.0104598
5.31,0,0.730074,0.692719,0.497528,0.00160565,0.0373547
5.31,1,0.815716,0.900227,0.11318,-3.71999,-0.0845112
5.31,2,-0.939732,-0.853012,-0.267859,-2.06588,-0.0867199
5.31,3,0.360583,0.358894,-0.0169032,0.0270363,0.00168944
5.31,4,0.3576,0.361354,0.322846,-0.191452,-0.00375356
5.31,5,0.74276,0.732298,0.173524,0.000252278,0.0104619
5.32,0,0.735048,0.697697,0.497914,0.000283629,0.0373506
5.32,1,0.816897,0.901352,0.111934,-3.714,-0.084455
5.32,2,-0.942415,-0.855697,-0.268876,-2.06381,-0.0867186
5.32,3,0.360439,0.358725,-0.0168208,0.0272323,0.00171398
5.32,4,0.360845,0.364578,0.322119,-0.190922,-0.00373285
5.32,5,0.744498,0.734033,0.173479,0.000278524,0.0104645
5.33,0,0.740021,0.702678,0.498251,-0.00103597,0.037343
5.33,1,0.818078,0.902465,0.110787,-3.70783,-0.0843868
5.33,2,-0.945098,-0.858391,-0.269809,-2.06161,-0.0867076
5.33,3,0.360295,0.358557,-0.0167416,0.0274221,0.00173771
5.33,4,0.36409,0.367796,0.321453,-0.190368,-0.00370521
5.33,5,0.746235,0.735768,0.173441,0.000304929,0.0104674
5.34,0,0.744994,0.707662,0.498541,-0.00233557,0.0373322
5.34,1,0.819259,0.903567,0.109744,-3.70154,-0.0843077
5.34,2,-0.947781,-0.861093,-0.270654,-2.05932,-0.0866877
5.34,3,0.360151,0.35839,-0.0166662,0.0276065,0.00176067
5.34,4,0.367335,0.371007,0.320852,-0.189796,-0.00367127
5.34,5,0.747973,0.737502,0.173408,0.000331178,0.0104707
5.35,0,0.749968,0.712649,0.498783,-0.00359978,0.0373187
5.35,1,0.82044,0.904659,0.108809,-3.69518,-0.0842188
5.35,2,-0.950464,-0.863804,-0.271408,-2.05698,-0.0866599
5.35,3,0.360007,0.358224,-0.0165952,0.0277862,0.00178291
5.35,4,0.370581,0.374212,0.320318,-0.189212,-0.00363168
5.35,5,0.74971,0.739236,0.173383,0.000356977,0.0104743
5.36,0,0.754941,0.717638,0.49898,-0.00481536,0.0373031
5.36,1,0.821621,0.905742,0.107984,-3.6888,-0.0841212
5.36,2,-0.953147,-0.866522,-0.272069,-2.05461,-0.086625
5.36,3,0.359863,0.358058,-0.016529,0.027962,0.00180445
5.36,4,0.373826,0.377413,0.319852,-0.188623,-0.00358712
5.36,5,0.751448,0.74097,0.173363,0.000382065,0.0104782
5.37,0,0.759914,0.722629,0.499135,-0.00597118,0.0372858
5.37,1,0.822802,0.906818,0.10727,-3.68245,-0.0840159
5.37,2,-0.95583,-0.869246,-0.272638,-2.05225,-0.0865841
5.37,3,0.359719,0.357893,-0.0164681,0.0281346,0.00182537
5.37,4,0.377071,0.380609,0.319454,-0.188033,-0.00353828
5.37,5,0.753186,0.742703,0.173349,0.000406204,0.0104822
5.38,0,0.764888,0.727621,0.499248,-0.00705816,0.0372672
5.38,1,0.823984,0.907888,0.106667,-3.67616,-0.083904
5.38,2,-0.958513,-0.871975,-0.273114,-2.04991,-0.0865379
5.38,3,0.359575,0.357729,-0.0164127,0.0283047,0.00184571
5.38,4,0.380316,0.383802,0.319125,-0.187449,-0.00348584
5.38,5,0.754923,0.744437,0.173341,0.000429189,0.0104863
5.39,0,0.769861,0.732613,0.499324,-0.00806918,0.0372476
5.39,1,0.825165,0.908951,0.106172,-3.66999,-0.0837868
5.39,2,-0.961196,-0.874708,-0.273499,-2.04763,-0.0864875
5.39,3,0.359431,0.357565,-0.0163631,0.0284731,0.00186552
5.39,4,0.383561,0.386991,0.318863,-0.186875,-0.00343049
5.39,5,0.756661,0.74617,0.173338,0.000450844,0.0104904
5.4,0,0.774834,0.737607,0.499366,-0.00899899,0.0372274
5.4,1,0.826346,0.910011,0.105783,-3.66396,-0.0836652
5.4,2,-0.963879,-0.877445,-0.273797,-2.04542,-0.0864338
5.4,3,0.359287,0.357402,-0.0163194,0.0286403,0.00188487
5.4,4,0.386806,0.390179,0.318666,-0.186316,-0.00337287
5.4,5,0.758398,0.747904,0.17334,0.000471021,0.0104946
5.41,0,0.779808,0.742601,0.499376,-0.00984405,0.0372071
5.41,1,0.827527,0.911067,0.105497,-3.6581,-0.0835402
5.41,2,-0.966562,-0.880184,-0.274011,-2.0433,-0.0863775
5.41,3,0.359143,0.357239,-0.0162815,0.0288071,0.00190382
5.41,4,0.390051,0.393365,0.318532,-0.185775,-0.00331362
5.41,5,0.760136,0.749637,0.173346,0.000489604,0.0104987
5.42,0,0.784781,0.747594,0.499357,-0.0106024,0.0371867
5.42,1,0.828708,0.912121,0.105308,-3.65244,-0.083413
5.42,2,-0.969245,-0.882925,-0.274144,-2.0413,-0.0863195
5.42,3,0.358999,0.357076,-0.0162496,0.0289739,0.00192242
5.42,4,0.393296,0.39655,0.318457,-0.185255,-0.00325337
5.42,5,0.761873,0.751371,0.173357,0.000506504,0.0105027
5.43,0,0.789754,0.752588,0.499314,-0.0112736,0.0371667
5.43,1,0.829889,0.913173,0.105211,-3.64701,-0.0832843
5.43,2,-0.971928,-0.885667,-0.274201,-2.03942,-0.0862607
5.43,3,0.358855,0.356914,-0.0162235,0.0291414,0.00194073
5.43,4,0.396541,0.399734,0.318439,-0.184761,-0.00319268
5.43,5,0.763611,0.753104,0.173372,0.00052166,0.0105066
5.44,0,0.794728,0.757581,0.49925,-0.0118584,0.0371473
5.44,1,0.83107,0.914225,0.1052,-3.64181,-0.0831552
5.44,2,-0.974611,-0.888409,-0.274188,-2.03767,-0.0862016
5.44,3,0.358711,0.356752,-0.016203,0.0293099,0.00195881
5.44,4,0.399787,0.402919,0.318472,-0.184293,-0.0031321
5.44,5,0.765348,0.754838,0.173389,0.000535035,0.0105104
5.45,0,0.799701,0.762573,0.499167,-0.0123588,0.0371286
5.45,1,0.832251,0.915278,0.105269,-3.63686,-0.0830264
5.45,2,-0.977293,-0.89115,-0.27411,-2.03607,-0.086143
5.45,3,0.358566,0.35659,-0.0161879,0.0294799,0.00197672
5.45,4,0.403032,0.406104,0.318554,-0.183854,-0.00307212
5.45,5,0.767086,0.756572,0.17341,0.000546619,0.0105139
5.46,0,0.804675,0.767564,0.49907,-0.0127779,0.0371108
5.46,1,0.833432,0.916331,0.105409,-3.63218,-0.0828987
5.46,2,-0.979976,-0.893891,-0.273974,-2.03462,-0.0860856
5.46,3,0.358422,0.356428,-0.016178,0.0296518,0.0019945
5.46,4,0.406277,0.40929,0.31868,-0.183445,-0.0030132
5.46,5,0.768823,0.758306,0.173432,0.000556422,0.0105172
5.47,0,0.809648,0.772554,0.49896,-0.0131193,0.037094
5.47,1,0.834614,0.917386,0.105615,-3.62775,-0.0827728
5.47,2,-0.982659,-0.89663,-0.273785,-2.03332,-0.0860298
5.47,3,0.358278,0.356266,-0.0161729,0.0298259,0.00201222
5.47,4,0.409522,0.412478,0.318844,-0.183068,-0.00295576
5.47,5,0.770561,0.760041,0.173457,0.000564475,0.0105203
5.48,0,0.814621,0.777543,0.498842,-0.0133876,0.0370784
5.48,1,0.835795,0.918444,0.105877,-3.6236,-0.0826492
5.48,2,-0.985342,-0.899366,-0.27355,-2.03218,-0.0859761
5.48,3,0.358134,0.356104,-0.0161722,0.0300024,0.0020299
5.48,4,0.412767,0.415667,0.319043,-0.182723,-0.00290015
5.48,5,0.772299,0.761775,0.173483,0.000570828,0.0105231
5.49,0,0.819595,0.782531,0.498717,-0.013588,0.0370641
5.49,1,0.836976,0.919504,0.10619,-3.61971,-0.0825285
5.49,2,-0.988025,-0.9021,-0.273275,-2.0312,-0.085925
5.49,3,0.35799,0.355943,-0.0161757,0.0301815,0.0020476
5.49,4,0.416012,0.418859,0.319271,-0.182409,-0.00284669
5.49,5,0.774036,0.76351,0.17351,0.000575545,0.0105257
5.5,0,0.824568,0.787517,0.498588,-0.0137259,0.0370509
5.5,1,0.838157,0.920568,0.106544,-3.61608,-0.0824112
5.5,2,-0.990708,-0.904831,-0.272967,-2.03037,-0.0858769
5.5,3,0.357846,0.355781,-0.0161828,0.0303633,0.00206536
5.5,4,0.419257,0.422053,0.319523,-0.182127,-0.00279566
5.5,5,0.775774,0.765246,0.173538,0.000578707,0.010528
5.51,0,0.829541,0.792502,0.498458,-0.0138071,0.0370391
5.51,1,0.839338,0.921636,0.106933,-3.61271,-0.0822977
5.51,2,-0.993391,-0.907559,-0.272631,-2.0297,-0.085832
5.51,3,0.357702,0.355619,-0.0161932,0.030548,0.00208321
5.51,4,0.422502,0.42525,0.319796,-0.181876,-0.00274726
5.51,5,0.777511,0.766981,0.173566,0.000580404,0.01053
5.52,0,0.834515,0.797486,0.498328,-0.0138376,0.0370286
5.52,1,0.840519,0.922707,0.10735,-3.60958,-0.0821882
5.52,2,-0.996074,-0.910283,-0.272275,-2.02917,-0.0857906
5.52,3,0.357558,0.355457,-0.0162064,0.0307356,0.00210118
5.52,4,0.425747,0.428449,0.320083,-0.181655,-0.00270168
5.52,5,0.779249,0.768717,0.173593,0.000580737,0.0105317
5.53,0,0.839488,0.802469,0.4982,-0.0138236,0.0370194
5.53,1,0.8417,0.923783,0.107786,-3.60668,-0.0820829
5.53,2,-0.998757,-0.913004,-0.271903,-2.02878,-0.0857528
5.53,3,0.357414,0.355295,-0.016222,0.0309261,0.00211929
5.53,4,0.428993,0.431652,0.320382,-0.181463,-0.00265903
5.53,5,0.780986,0.770453,0.173621,0.000579814,0.0105332
5.54,0,0.844461,0.80745,0.498076,-0.013771,0.0370115
5.54,1,0.842881,0.924864,0.108236,-3.60399,-0.0819821
5.54,2,-1.00144,-0.915721,-0.271522,-2.02852,-0.0857188
5.54,3,0.35727,0.355133,-0.0162395,0.0311194,0.00213757
5.54,4,0.432238,0.434857,0.320687,-0.181299,-0.00261941
5.54,5,0.782724,0.772189,0.173647,0.000577752,0.0105344
5.55,0,0.849435,0.81243,0.497958,-0.0136858,0.0370047
5.55,1,0.844063,0.925948,0.108693,-3.60151,-0.0818859
5.55,2,-1.00412,-0.918434,-0.271137,-2.02839,-0.0856886
5.55,3,0.357126,0.35497,-0.0162586,0.0313155,0.00215603
5.55,4,0.435483,0.438066,0.320994,-0.18116,-0.00258285
5.55,5,0.784461,0.773926,0.173673,0.000574666,0.0105353
5.56,0,0.854408,0.817409,0.497846,-0.0135738,0.0369991
5.56,1,0.845244,0.927038,0.109151,-3.59922,-0.0817942
5.56,2,-1.00681,-0.921143,-0.270752,-2.02836,-0.0856623
5.56,3,0.356982,0.354807,-0.0162787,0.0315142,0.00217469
5.56,4,0.438728,0.441277,0.3213,-0.181045,-0.00254936
5.56,5,0.786199,0.775663,0.173698,0.00057068,0.010536
5.57,0,0.859381,0.822387,0.497741,-0.0134404,0.0369946
5.57,1,0.846425,0.928132,0.109604,-3.5971,-0.0817071
5.57,2,-1.00949,-0.923849,-0.270373,-2.02845,-0.0856398
5.57,3,0.356838,0.354645,-0.0162995,0.0317153,0.00219356
5.57,4,0.441973,0.444492,0.321601,-0.180952,-0.00251891
5.57,5,0.787936,0.7774,0.173721,0.000565914,0.0105364
5.58,0,0.864355,0.827364,0.497644,-0.0132908,0.0369911
5.58,1,0.847606,0.92923,0.110047,-3.59512,-0.0816245
5.58,2,-1.01217,-0.926551,-0.270003,-2.02862,-0.0856211
5.58,3,0.356694,0.354481,-0.0163206,0.0319187,0.00221263
5.58,4,0.445218,0.44771,0.321894,-0.180878,-0.00249142
5.58,5,0.789674,0.779137,0.173743,0.000560488,0.0105367
5.59,0,0.869328,0.83234,0.497556,-0.0131299,0.0369885
5.59,1,0.848787,0.930333,0.110476,-3.59328,-0.0815462
5.59,2,-1.01485,-0.929249,-0.269647,-2.02888,-0.0856059
5.59,3,0.35655,0.354318,-0.0163417,0.0321242,0.00223192
5.59,4,0.448463,0.45093,0.322176,-0.180822,-0.00246681
5.59,5,0.791412,0.780875,0.173763,0.000554523,0.0105367
5.6,0,0.874301,0.837315,0.497477,-0.0129622,0.0369867
5.6,1,0.849968,0.93144,0.110887,-3.59155,-0.0814721
5.6,2,-1.01754,-0.931943,-0.269308,-2.02921,-0.0855943
5.6,3,0.356406,0.354155,-0.0163624,0.0323316,0.00225142
5.6,4,0.451708,0.454153,0.322445,-0.180782,-0.00244495
5.6,5,0.793149,0.782613,0.173781,0.000548134,0.0105365
5.61,0,0.879275,0.842289,0.497406,-0.0127916,0.0369857
5.61,1,0.851149,0.932551,0.111276,-3.58991,-0.0814021
5.61,2,-1.02022,-0.934635,-0.268987,-2.0296,-0.0855859
5.61,3,0.356262,0.353991,-0.0163824,0.0325406,0.00227112
5.61,4,0.454953,0.457379,0.322698,-0.180754,-0.00242568
5.61,5,0.794887,0.78435,0.173797,0.000541432,0.0105361
5.62,0,0.884248,0.847263,0.497345,-0.0126217,0.0369853
5.62,1,0.85233,0.933666,0.111639,-3.58835,-0.0813357
5.62,2,-1.0229,-0.937323,-0.268689,-2.03004,-0.0855806
5.62,3,0.356118,0.353827,-0.0164014,0.032751,0.00229101
5.62,4,0.458199,0.460607,0.322933,-0.180737,-0.00240886
5.62,5,0.796624,0.786089,0.173812,0.000534524,0.0105356
5.63,0,0.889222,0.852236,0.497292,-0.0124558,0.0369855
5.63,1,0.853511,0.934784,0.111976,-3.58684,-0.0812729
5.63,2,-1.02559,-0.940008,-0.268415,-2.03052,-0.0855782
5.63,3,0.355974,0.353663,-0.0164193,0.0329625,0.00231109
5.63,4,0.461444,0.463838,0.32315,-0.180729,-0.00239428
5.63,5,0.798362,0.787827,0.173824,0.00052751,0.010535
5.64,0,0.894195,0.857209,0.497248,-0.0122966,0.0369862
5.64,1,0.854693,0.935906,0.112283,-3.58538,-0.0812132
5.64,2,-1.02827,-0.942691,-0.268166,-2.03102,-0.0855784
5.64,3,0.35583,0.353498,-0.0164357,0.0331748,0.00233134
5.64,4,0.464689,0.467071,0.323346,-0.180727,-0.00238177
5.64,5,0.800099,0.789565,0.173835,0.000520484,0.0105342
5.65,0,0.899168,0.862181,0.497212,-0.0121464,0.0369873
5.65,1,0.855874,0.93703,0.112559,-3.58394,-0.0811565
5.65,2,-1.03095,-0.945371,-0.267943,-2.03154,-0.0855809
5.65,3,0.355686,0.353334,-0.0164506,0.0333878,0.00235174
5.65,4,0.467934,0.470305,0.323522,-0.18073,-0.0023711
5.65,5,0.801837,0.791303,0.173844,0.000513533,0.0105333
5.66,0,0.904142,0.867153,0.497185,-0.012007,0.0369887
5.66,1,0.857055,0.938157,0.112804,-3.5825,-0.0811023
5.66,2,-1.03364,-0.94805,-0.267748,-2.03207,-0.0855855
5.66,3,0.355542,0.353169,-0.0164638,0.0336012,0.00237229
5.66,4,0.471179,0.473541,0.323676,-0.180734,-0.00236207
5.66,5,0.803574,0.793042,0.173851,0.000506736,0.0105324
5.67,0,0.909115,0.872125,0.497164,-0.0118801,0.0369903
5.67,1,0.858236,0.939286,0.113016,-3.58106,-0.0810505
5.67,2,-1.03632,-0.950726,-0.26758,-2.0326,-0.0855919
5.67,3,0.355398,0.353005,-0.0164752,0.0338147,0.00239296
5.67,4,0.474424,0.476779,0.323808,-0.18074,-0.00235446
5.67,5,0.805312,0.79478,0.173856,0.000500165,0.0105314
5.68,0,0.914105,0.877097,0.497473,-0.0121079,0.0370077
5.68,1,0.856257,0.940364,0.0983234,-3.65923,-0.0841065
5.68,2,-1.03491,-0.953299,-0.239302,-1.96961,-0.081607
5.68,3,0.354395,0.352849,-0.0143252,0.0240615,0.00154664
5.68,4,0.475864,0.479958,0.307983,-0.186749,-0.00409461
5.68,5,0.803905,0.796468,0.159712,-0.0107297,0.00743676
5.69,0,0.919097,0.882075,0.49799,-0.0130849,0.0370222
5.69,1,0.853927,0.941174,0.0661413,-3.6883,-0.087247
5.69,2,-1.03304,-0.955371,-0.179904,-1.97022,-0.0776676
5.69,3,0.353297,0.352715,-0.0133197,0.0138191,0.00058273
5.69,4,0.477103,0.482874,0.278256,-0.185296,-0.00577104
5.69,5,0.802149,0.79789,0.126508,-0.016656,0.00425927
5.7,0,0.924089,0.887057,0.498316,-0.0136526,0.0370324
5.7,1,0.851597,0.941652,0.0330496,-3.70134,-0.0900548
5.7,2,-1.03117,-0.956843,-0.121444,-1.98694,-0.0743276
5.7,3,0.352199,0.352564,-0.0172285,0.0066924,-0.000364473
5.7,4,0.478342,0.485513,0.253224,-0.183983,-0.00717145
5.7,5,0.800393,0.798951,0.0893477,-0.0195961,0.00144164
5.71,0,0.929081,0.892041,0.498436,-0.0136894,0.0370405
5.71,1,0.849267,0.941813,0.00266154,-3.7098,-0.0925455
5.71,2,-1.0293,-0.95777,-0.0702273,-2.00556,-0.0715339
5.71,3,0.351101,0.35235,-0.0253194,0.00270718,-0.00124844
5.71,4,0.479581,0.487938,0.23441,-0.184057,-0.00835656
5.71,5,0.798636,0.799641,0.0526522,-0.0208206,-0.001005
5.72,0,0.934074,0.897025,0.4984,-0.0132671,0.0370483
5.72,1,0.846937,0.941687,-0.0244794,-3.71657,-0.0947501
5.72,2,-1.02744,-0.958226,-0.0266889,-2.02291,-0.0692097
5.72,3,0.350004,0.352039,-0.0361201,0.00131819,-0.00203539
5.72,4,0.48082,0.490201,0.220299,-0.185196,-0.00938083
5.72,5,0.79688,0.799975,0.0180028,-0.0208764,-0.0030951
5.73,0,0.939066,0.902008,0.49825,-0.0124642,0.0370571
5.73,1,0.844607,0.941308,-0.0485299,-3.72243,-0.0967006
5.73,2,-1.02557,-0.958286,0.00992735,-2.03832,-0.0672821
5.73,3,0.348906,0.351612,-0.0482832,0.00191159,-0.00270583
5.73,4,0.482059,0.492341,0.209334,-0.186926,-0.0102824
5.73,5,0.795124,0.799977,-0.0138761,-0.0201049,-0.00485354
5.74,0,0.944058,0.90699,0.498019,-0.0113401,0.0370679
5.74,1,0.842277,0.940703,-0.0697991,-3.72765,-0.0984261
5.74,2,-1.0237,-0.958014,0.0405386,-2.05169,-0.0656869
5.74,3,0.347808,0.35106,-0.0607491,0.00392712,-0.00325223
5.74,4,0.483298,0.494384,0.200385,-0.188882,-0.0110862
5.74,5,0.793368,0.799678,-0.0426196,-0.0187653,-0.00631023
5.75,0,0.94905,0.911968,0.497731,-0.00993823,0.0370814
5.75,1,0.839947,0.9399,-0.0886141,-3.73227,-0.0999527
5.75,2,-1.02183,-0.957465,0.0660023,-2.06307,-0.0643689
5.75,3,0.34671,0.350386,-0.0727455,0.00688706,-0.00367603
5.75,4,0.484537,0.496345,0.192706,-0.190817,-0.0118079
5.75,5,0.791611,0.799109,-0.068074,-0.0170654,-0.00749752
5.76,0,0.954042,0.916944,0.497404,-0.00829287,0.0370979
5.76,1,0.837617,0.93892,-0.105283,-3.73628,-0.101303
5.76,2,-1.01997,-0.956686,0.0870778,-2.07258,-0.0632807
5.76,3,0.345612,0.349597,-0.0837494,0.0103999,-0.00398498
5.76,4,0.485776,0.498234,0.185836,-0.192579,-0.0124576
5.76,5,0.789855,0.798304,-0.0902349,-0.0151717,-0.00844842
5.77,0,0.959034,0.921916,0.49705,-0.00643418,0.0371179
5.77,1,0.835287,0.937785,-0.120083,-3.73965,-0.102498
5.77,2,-1.0181,-0.955717,0.104426,-2.08032,-0.0623823
5.77,3,0.344514,0.348705,-0.0934409,0.0141554,-0.00419091
5.77,4,0.487015,0.500057,0.1795,-0.194084,-0.0130417
5.77,5,0.788099,0.797294,-0.109208,-0.0132143,-0.00919538
5.78,0,0.964026,0.926885,0.496684,-0.00439108,0.0371415
5.78,1,0.832957,0.93651,-0.13326,-3.74234,-0.103553
5.78,2,-1.01623,-0.954592,0.118621,-2.08643,-0.0616396
5.78,3,0.343416,0.347724,-0.101661,0.017917,-0.00430795
5.78,4,0.488254,0.501819,0.173545,-0.19529,-0.0135647
5.78,5,0.786343,0.796112,-0.125182,-0.0112919,-0.00976927
5.79,0,0.969018,0.931849,0.496315,-0.00219278,0.0371688
5.79,1,0.830627,0.935112,-0.145024,-3.74431,-0.104485
5.79,2,-1.01436,-0.95334,0.130158,-2.09103,-0.0610238
5.79,3,0.342318,0.346669,-0.108372,0.021512,-0.0043511
5.79,4,0.489493,0.503523,0.167894,-0.196185,-0.0140298
5.79,5,0.784587,0.794785,-0.138397,-0.00947513,-0.0101988
5.8,0,0.97401,0.936811,0.495953,0.000130652,0.0371997
5.8,1,0.828297,0.933603,-0.155557,-3.74554,-0.105305
5.8,2,-1.0125,-0.951986,0.139462,-2.09425,-0.0605109
5.8,3,0.34122,0.345556,-0.113624,0.0248223,-0.00433523
5.8,4,0.490732,0.505172,0.162516,-0.196777,-0.0144399
5.8,5,0.78283,0.793341,-0.14913,-0.00781166,-0.0105101
5.81,0,0.979002,0.941768,0.495607,0.00254841,0.0372342
5.81,1,0.825967,0.931994,-0.165012,-3.74604,-0.106027
5.81,2,-1.01063,-0.950549,0.146901,-2.09621,-0.0600804
5.81,3,0.340122,0.344397,-0.11753,0.0277742,-0.00427436
5.81,4,0.491971,0.506769,0.157404,-0.197083,-0.0147976
5.81,5,0.781074,0.791801,-0.157673,-0.00632976,-0.0107264
5.82,0,0.983994,0.946722,0.495284,0.00502938,0.037272
5.82,1,0.823637,0.930297,-0.173518,-3.74582,-0.106659
5.82,2,-1.00876,-0.949046,0.152791,-2.09705,-0.0597155
5.82,3,0.339025,0.343206,-0.120237,0.0303304,-0.00418116
5.82,4,0.49321,0.508316,0.152565,-0.197129,-0.0151058
5.82,5,0.779318,0.790186,-0.164322,-0.00504242,-0.0108678
5.83,0,0.988987,0.951674,0.494991,0.00754268,0.0373129
5.83,1,0.821307,0.928519,-0.181183,-3.7449,-0.107211
5.83,2,-1.00689,-0.947492,0.157401,-2.09687,-0.0594023
5.83,3,0.337927,0.341993,-0.121913,0.0324811,-0.00406669
5.83,4,0.494449,0.509817,0.14801,-0.196942,-0.0153671
5.83,5,0.777562,0.788514,-0.169362,-0.00395075,-0.0109519
5.84,0,0.993979,0.956622,0.494734,0.0100584,0.0373565
5.84,1,0.818977,0.926668,-0.188096,-3.74334,-0.107691
5.84,2,-1.00503,-0.945898,0.160962,-2.0958,-0.0591292
5.84,3,0.336829,0.340769,-0.122734,0.034237,-0.00394032
5.84,4,0.495689,0.511273,0.143752,-0.196552,-0.0155845
5.84,5,0.775806,0.786799,-0.173062,-0.00304717,-0.0109931
5.85,0,0.998971,0.961568,0.494518,0.0125479,0.0374025
5.85,1,0.816648,0.924752,-0.194331,-3.74121,-0.108105
5.85,2,-1.00316,-0.944272,0.163671,-2.09395,-0.058887
5.85,3,0.335731,0.33954,-0.122867,0.0356236,-0.00380965
5.85,4,0.496928,0.512688,0.139798,-0.195987,-0.015761
5.85,5,0.774049,0.785053,-0.175667,-0.00231801,-0.0110036
5.86,0,1.00396,0.966512,0.494344,0.0149848,0.0374504
5.86,1,0.814318,0.922778,-0.199951,-3.73856,-0.10846
5.86,2,-1.00129,-0.942624,0.165696,-2.09143,-0.0586679
5.86,3,0.334633,0.338314,-0.122471,0.0366756,-0.00368069
5.86,4,0.498167,0.514066,0.136156,-0.195275,-0.0158996
5.86,5,0.772293,0.783286,-0.177397,-0.00174575,-0.010993
5.87,0,1.00895,0.971455,0.494216,0.017345,0.0374998
5.87,1,0.811988,0.92075,-0.205008,-3.73547,-0.108762
5.87,2,-0.999425,-0.940959,0.167179,-2.08834,-0.058466
5.87,3,0.333535,0.337093,-0.121687,0.0374332,-0.00355793
5.87,4,0.499406,0.515409,0.132829,-0.194443,-0.0160036
5.87,5,0.770537,0.781506,-0.178447,-0.00131085,-0.010969
5.88,0,1.01395,0.976397,0.494134,0.0196069,0.0375502
5.88,1,0.809658,0.918675,-0.209546,-3.73204,-0.109017
5.88,2,-0.997557,-0.939281,0.16824,-2.08477,-0.0582765
5.88,3,0.332437,0.335882,-0.12064,0.0379386,-0.00344454
5.88,4,0.500645,0.516721,0.129815,-0.193515,-0.016076
5.88,5,0.768781,0.779718,-0.17898,-0.000993104,-0.0109374
5.89,0,1.01894,0.981338,0.494099,0.021752,0.0376012
5.89,1,0.807328,0.916556,-0.213601,-3.72835,-0.109229
5.89,2,-0.99569,-0.937594,0.168981,-2.08083,-0.0580957
5.89,3,0.331339,0.334682,-0.119432,0.0382335,-0.00334259
5.89,4,0.501884,0.518004,0.12711,-0.192514,-0.0161199
5.89,5,0.767024,0.777927,-0.179136,-0.000772772,-0.0109027
5.9,0,1.02393,0.986279,0.494109,0.0237645,0.0376523
5.9,1,0.804998,0.9144,-0.217206,-3.72448,-0.109403
5.9,2,-0.993822,-0.935901,0.169485,-2.0766,-0.057921
5.9,3,0.330241,0.333495,-0.118149,0.0383577,-0.0032532
5.9,4,0.503123,0.519261,0.124707,-0.191462,-0.0161385
5.9,5,0.765268,0.776136,-0.179029,-0.000631276,-0.010868
5.91,0,1.02892,0.99122,0.494163,0.0256317,0.037703
5.91,1,0.802668,0.91221,-0.220391,-3.72053,-0.109543
5.91,2,-0.991955,-0.934204,0.169824,-2.07216,-0.0577505
5.91,3,0.329143,0.33232,-0.116858,0.0383475,-0.00317672
5.91,4,0.504362,0.520497,0.122598,-0.190377,-0.0161347
5.91,5,0.763512,0.774347,-0.17875,-0.000551734,-0.0108353
5.92,0,1.03392,0.996162,0.494259,0.0273437,0.037753
5.92,1,0.800338,0.909991,-0.223181,-3.71658,-0.109653
5.92,2,-0.990087,-0.932505,0.170055,-2.06759,-0.0575826
5.92,3,0.328046,0.331158,-0.115608,0.0382353,-0.00311297
5.92,4,0.505601,0.521712,0.12077,-0.189276,-0.0161114
5.92,5,0.761756,0.772562,-0.178371,-0.000519244,-0.0108061
5.93,0,1.03891,1.00111,0.494393,0.0288933,0.0378018
5.93,1,0.798008,0.907745,-0.2256,-3.7127,-0.109738
5.93,2,-0.98822,-0.930803,0.170225,-2.06295,-0.0574167
5.93,3,0.326948,0.330009,-0.114437,0.0380491,-0.00306131
5.93,4,0.50684,0.522911,0.119211,-0.188175,-0.0160712
5.93,5,0.76,0.770781,-0.177945,-0.000521005,-0.0107809
5.94,0,1.0439,1.00605,0.494562,0.0302761,0.0378491
5.94,1,0.795678,0.905478,-0.227669,-3.70899,-0.1098
5.94,2,-0.986353,-0.9291,0.170372,-2.05831,-0.0572523
5.94,3,0.32585,0.328871,-0.113368,0.0378125,-0.00302082
5.94,4,0.508079,0.524096,0.117906,-0.187089,-0.0160169
5.94,5,0.758243,0.769003,-0.177513,-0.000546322,-0.0107601
5.95,0,1.04889,1.011,0.494763,0.0314898,0.0378944
5.95,1,0.793348,0.903191,-0.229412,-3.7055,-0.109843
5.95,2,-0.984485,-0.927396,0.170525,-2.05373,-0.0570895
5.95,3,0.324752,0.327742,-0.112415,0.0375449,-0.00299038
5.95,4,0.509318,0.525269,0.116842,-0.186028,-0.0159509
5.95,5,0.756487,0.767231,-0.177102,-0.0005865,-0.0107434
5.96,0,1.05388,1.01595,0.494991,0.0325345,0.0379377
5.96,1,0.791018,0.900889,-0.230848,-3.7023,-0.109871
5.96,2,-0.982618,-0.92569,0.170707,-2.04926,-0.0569282
5.96,3,0.323654,0.326623,-0.111583,0.0372618,-0.00296881
5.96,4,0.510557,0.526432,0.116001,-0.185004,-0.0158755
5.96,5,0.754731,0.765462,-0.17673,-0.000634693,-0.0107307
5.97,0,1.05888,1.0209,0.495242,0.0334121,0.0379785
5.97,1,0.788688,0.898574,-0.231997,-3.69945,-0.109886
5.97,2,-0.98075,-0.923981,0.170935,-2.04494,-0.0567691
5.97,3,0.322556,0.325511,-0.110873,0.0369752,-0.00295489
5.97,4,0.511796,0.527589,0.115368,-0.184026,-0.0157928
5.97,5,0.752975,0.763696,-0.176405,-0.000685696,-0.0107215
5.98,0,1.06387,1.02585,0.495514,0.0341264,0.0380167
5.98,1,0.786358,0.896249,-0.232881,-3.69699,-0.109891
5.98,2,-0.978883,-0.92227,0.17122,-2.04082,-0.0566125
5.98,3,0.321458,0.324406,-0.11028,0.0366939,-0.00294741
5.98,4,0.513035,0.52874,0.114926,-0.183101,-0.0157048
5.98,5,0.751218,0.761934,-0.176134,-0.000735732,-0.0107152
5.99,0,1.06886,1.03081,0.4958,0.0346826,0.0380521
5.99,1,0.784028,0.893916,-0.233518,-3.69498,-0.109888
5.99,2,-0.977015,-0.920556,0.17157,-2.03691,-0.0564592
5.99,3,0.32036,0.323305,-0.109795,0.0364241,-0.00294527
5.99,4,0.514274,0.529888,0.114658,-0.182237,-0.0156134
5.99,5,0.749462,0.760174,-0.175914,-0.000782224,-0.0107113
6,0,1.07385,1.03577,0.496098,0.0350873,0.0380845
6,1,0.781698,0.891579,-0.233929,-3.69344,-0.109881
6,2,-0.975148,-0.918838,0.171988,-2.03327,-0.0563097
6,3,0.319262,0.32221,-0.109407,0.0361701,-0.00294743
6,4,0.515513,0.531033,0.114548,-0.181436,-0.0155203
6,5,0.747706,0.758415,-0.175744,-0.000823577,-0.0107093
6.01,0,1.07884,1.04073,0.496403,0.0353481,0.038114
6.01,1,0.779368,0.889238,-0.234134,-3.6924,-0.10987
6.01,2,-0.973281,-0.917116,0.172476,-2.02989,-0.0561648
6.01,3,0.318164,0.321117,-0.109107,0.0359342,-0.00295298
6.01,4,0.516752,0.532179,0.11458,-0.180704,-0.0154268
6.01,5,0.74595,0.756659,-0.175618,-0.000858975,-0.0107089
6.02,0,1.08384,1.0457,0.496713,0.0354736,0.0381403
6.02,1,0.777038,0.886897,-0.234151,-3.69189,-0.109859
6.02,2,-0.971413,-0.915388,0.173031,-2.02681,-0.0560251
6.02,3,0.317066,0.320028,-0.108881,0.0357173,-0.00296112
6.02,4,0.517991,0.533326,0.114738,-0.180043,-0.0153343
6.02,5,0.744194,0.754903,-0.175529,-0.0008882,-0.0107094
6.03,0,1.08883,1.05066,0.497023,0.035473,0.0381636
6.03,1,0.774708,0.884556,-0.234001,-3.6919,-0.109848
6.03,2,-0.969546,-0.913654,0.173649,-2.02404,-0.0558913
6.03,3,0.315969,0.31894,-0.108719,0.0355196,-0.00297115
6.03,4,0.51923,0.534474,0.115006,-0.179455,-0.015244
6.03,5,0.742437,0.753148,-0.175473,-0.000911467,-0.0107107
6.04,0,1.09382,1.05564,0.497331,0.0353561,0.0381837
6.04,1,0.772378,0.882217,-0.233702,-3.69246,-0.109839
6.04,2,-0.967678,-0.911914,0.174326,-2.02157,-0.0557641
6.04,3,0.314871,0.317853,-0.108609,0.0353403,-0.00298251
6.04,4,0.520469,0.535626,0.115368,-0.17894,-0.015157
6.04,5,0.740681,0.751394,-0.175441,-0.000929292,-0.0107123
6.05,0,1.09881,1.06061,0.497633,0.0351332,0.0382008
6.05,1,0.770048,0.879882,-0.233273,-3.69356,-0.109834
6.05,2,-0.965811,-0.910167,0.175054,-2.01942,-0.0556439
6.05,3,0.313773,0.316768,-0.108542,0.0351782,-0.00299472
6.05,4,0.521708,0.536782,0.115811,-0.178497,-0.015074
6.05,5,0.738925,0.749639,-0.175429,-0.000942376,-0.0107142
6.06,0,1.1038,1.06559,0.497928,0.0348146,0.038215
6.06,1,0.767718,0.877553,-0.232733,-3.69518,-0.109834
6.06,2,-0.963943,-0.908412,0.175826,-2.01759,-0.0555312
6.06,3,0.312675,0.315682,-0.10851,0.0350317,-0.00300741
6.06,4,0.522947,0.537943,0.11632,-0.178126,-0.0149958
6.06,5,0.737169,0.747885,-0.175431,-0.000951516,-0.0107162
6.07,0,1.1088,1.07057,0.498212,0.0344109,0.0382262
6.07,1,0.765388,0.875229,-0.232098,-3.69733,-0.109841
6.07,2,-0.962076,-0.90665,0.176633,-2.01606,-0.0554264
6.07,3,0.311577,0.314597,-0.108503,0.0348994,-0.00302027
6.07,4,0.524186,0.539109,0.116881,-0.177825,-0.014923
6.07,5,0.735413,0.746131,-0.175442,-0.000957532,-0.010718
6.08,0,1.11019,1.07555,0.496944,-0.105222,0.0346403
6.08,1,0.762034,0.872882,-0.239518,-3.71537,-0.110848
6.08,2,-0.957403,-0.904814,0.195227,-1.96814,-0.0525895
6.08,3,0.310755,0.313523,-0.105466,0.0355977,-0.00276818
6.08,4,0.522197,0.540224,0.101419,-0.194924,-0.0180268
6.08,5,0.733556,0.744359,-0.179945,-3.47093e-05,-0.0108036
6.09,0,1.11118,1.08049,0.491255,-0.246121,0.0306911
6.09,1,0.758565,0.870403,-0.254845,-3.70897,-0.111838
6.09,2,-0.952419,-0.902658,0.232784,-1.95839,-0.0497608
6.09,3,0.309964,0.312505,-0.0986998,0.0338098,-0.002541
6.09,4,0.519849,0.541047,0.065584,-0.20238,-0.0211985
6.09,5,0.731688,0.742515,-0.187883,0.00222671,-0.0108277
6.1,0,1.11217,1.08535,0.481292,-0.37097,0.0268226
6.1,1,0.755097,0.867775,-0.268802,-3.70074,-0.112679
6.1,2,-0.947434,-0.900125,0.269435,-1.95814,-0.0473089
6.1,3,0.309172,0.311557,-0.0915681,0.0310932,-0.00238477
6.1,4,0.5175,0.54149,0.0269882,-0.205413,-0.0239899
6.1,5,0.72982,0.740602,-0.193768,0.00421895,-0.0107823
6.11,0,1.11317,1.09009,0.467519,-0.479549,0.0230752
6.11,1,0.751629,0.865023,-0.280089,-3.69552,-0.113395
6.11,2,-0.94245,-0.89725,0.301744,-1.9595,-0.0452003
6.11,3,0.308381,0.310678,-0.0849762,0.028013,-0.00229727
6.11,4,0.515152,0.541556,-0.00954836,-0.206463,-0.0264046
6.11,5,0.727952,0.738644,-0.19716,0.00568781,-0.010692
6.12,0,1.11416,1.09468,0.450462,-0.572027,0.019484
6.12,1,0.74816,0.862172,-0.288953,-3.6936,-0.114012
6.12,2,-0.937465,-0.894075,0.329679,-1.96107,-0.0433903
6.12,3,0.30759,0.309861,-0.0792377,0.024831,-0.00227116
6.12,4,0.512803,0.541276,-0.0425813,-0.206491,-0.0284727
6.12,5,0.726084,0.736663,-0.198554,0.00666962,-0.0105793
6.13,0,1.11515,1.09907,0.430655,-0.648808,0.0160789
6.13,1,0.744692,0.859243,-0.295838,-3.69453,-0.114551
6.13,2,-0.932481,-0.890643,0.353786,-1.96272,-0.0418382
6.13,3,0.306798,0.309096,-0.0744887,0.0217226,-0.00229706
6.13,4,0.510455,0.540687,-0.071733,-0.205987,-0.0302317
6.13,5,0.724216,0.734677,-0.198513,0.00724884,-0.010461
6.14,0,1.11615,1.10326,0.408616,-0.710466,0.0128846
6.14,1,0.741223,0.856254,-0.301138,-3.69781,-0.115031
6.14,2,-0.927497,-0.886988,0.37463,-1.96452,-0.0405087
6.14,3,0.306007,0.308372,-0.0707795,0.0188202,-0.00236475
6.14,4,0.508107,0.539827,-0.0970639,-0.205231,-0.0317203
6.14,5,0.722348,0.732697,-0.19751,0.00750916,-0.0103487
6.15,0,1.11714,1.10722,0.384845,-0.75771,0.00992059
6.15,1,0.737755,0.85322,-0.305173,-3.70306,-0.115465
6.15,2,-0.922512,-0.88314,0.392703,-1.96657,-0.039372
6.15,3,0.305216,0.30768,-0.0681024,0.0162232,-0.00246383
6.15,4,0.505758,0.538734,-0.118842,-0.204383,-0.0329755
6.15,5,0.72048,0.73073,-0.195914,0.00752403,-0.01025
6.16,0,1.11813,1.11093,0.359809,-0.79136,0.00720164
6.16,1,0.734287,0.850151,-0.308197,-3.70996,-0.115864
6.16,2,-0.917528,-0.879125,0.408415,-1.96892,-0.0384028
6.16,3,0.304425,0.307009,-0.0664061,0.0140014,-0.00258422
6.16,4,0.50341,0.537441,-0.13743,-0.203531,-0.0340307
6.16,5,0.718612,0.728781,-0.194005,0.00735547,-0.0101692
6.17,0,1.11912,1.11439,0.333945,-0.812318,0.00473795
6.17,1,0.730818,0.847056,-0.310417,-3.71825,-0.116237
6.17,2,-0.912543,-0.874964,0.422109,-1.9716,-0.0375794
6.17,3,0.303633,0.30635,-0.0656069,0.0121984,-0.00271657
6.17,4,0.501062,0.535977,-0.153219,-0.202717,-0.0349158
6.17,5,0.716744,0.726852,-0.191985,0.00705461,-0.0101082
6.18,0,1.12012,1.11758,0.307657,-0.821548,0.00253554
6.18,1,0.72735,0.843942,-0.312001,-3.7277,-0.116592
6.18,2,-0.907559,-0.870676,0.434065,-1.97462,-0.0368831
6.18,3,0.302842,0.305694,-0.0655993,0.010835,-0.00285246
6.18,4,0.498713,0.53437,-0.166593,-0.201956,-0.0356566
6.18,5,0.714876,0.724943,-0.189998,0.00666268,-0.0100673
6.19,0,1.12111,1.12051,0.281308,-0.820059,0.000596637
6.19,1,0.723882,0.840816,-0.313086,-3.73812,-0.116934
6.19,2,-0.902574,-0.866276,0.444519,-1.97798,-0.036298
6.19,3,0.302051,0.305035,-0.0662642,0.00991227,-0.00298463
6.19,4,0.496365,0.53264,-0.177909,-0.201247,-0.0362752
6.19,5,0.713008,0.723054,-0.188136,0.00621223,-0.0100457
6.2,0,1.1221,1.12318,0.255229,-0.808888,-0.00108001
6.2,1,0.720413,0.837681,-0.313788,-3.74935,-0.117268
6.2,2,-0.89759,-0.86178,0.453667,-1.98163,-0.03581
6.2,3,0.301259,0.304366,-0.067477,0.00941594,-0.00310703
6.2,4,0.494016,0.530807,-0.187486,-0.200581,-0.0367905
6.2,5,0.71114,0.721182,-0.186456,0.00572824,-0.0100417
6.21,0,1.12309,1.12559,0.229711,-0.789083,-0.00249872
6.21,1,0.716945,0.834541,-0.314203,-3.76123,-0.117596
6.21,2,-0.892605,-0.857198,0.46167,-1.98555,-0.0354071
6.21,3,0.300468,0.303683,-0.0691131,0.00931919,-0.00321487
6.21,4,0.491668,0.528886,-0.1956,-0.199946,-0.0372183
6.21,5,0.709272,0.719326,-0.184987,0.00522938,-0.0100534
6.22,0,1.12409,1.12775,0.20501,-0.761693,-0.00366656
6.22,1,0.713477,0.831397,-0.314409,-3.77361,-0.117921
6.22,2,-0.887621,-0.852542,0.468667,-1.98969,-0.0350786
6.22,3,0.299677,0.302981,-0.0710533,0.00958614,-0.00330458
6.22,4,0.48932,0.526892,-0.202488,-0.199331,-0.0375719
6.22,5,0.707404,0.717483,-0.183739,0.00472914,-0.0100785
6.23,0,1.12508,1.12967,0.181346,-0.727754,-0.00459291
6.23,1,0.710008,0.828253,-0.314474,-3.78637,-0.118245
6.23,2,-0.882637,-0.847821,0.474772,-1.994,-0.0348151
6.23,3,0.298885,0.302259,-0.0731868,0.0101746,-0.00337375
6.23,4,0.486971,0.524834,-0.208348,-0.198725,-0.0378623
6.23,5,0.705536,0.715651,-0.182705,0.00423679,-0.010115
6.24,0,1.12607,1.13136,0.158903,-0.688276,-0.00528921
6.24,1,0.70654,0.825108,-0.314453,-3.79938,-0.118568
6.24,2,-0.877652,-0.843044,0.480085,-1.99842,-0.0346082
6.24,3,0.298094,0.301515,-0.0754141,0.0110387,-0.00342098
6.24,4,0.484623,0.522722,-0.213347,-0.198119,-0.0380991
6.24,5,0.703668,0.713829,-0.181872,0.00375839,-0.0101606
6.25,0,1.12706,1.13283,0.137834,-0.644241,-0.00576851
6.25,1,0.703071,0.821964,-0.314391,-3.81253,-0.118893
6.25,2,-0.872668,-0.838217,0.484688,-2.00289,-0.0344505
6.25,3,0.297303,0.300749,-0.0776486,0.0121308,-0.00344583
6.25,4,0.482275,0.520565,-0.21762,-0.19751,-0.0382899
6.25,5,0.7018,0.712014,-0.181219,0.00329757,-0.0102136
6.26,0,1.12806,1.1341,0.118259,-0.596587,-0.00604526
6.26,1,0.699603,0.81882,-0.314324,-3.82572,-0.119217
6.26,2,-0.867683,-0.833348,0.488656,-2.00737,-0.0343353
6.26,3,0.296511,0.29996,-0.0798169,0.0134036,-0.00344865
6.26,4,0.479926,0.518368,-0.22128,-0.196892,-0.0384415
6.26,5,0.699932,0.710205,-0.180724,0.00285616,-0.0102722
6.27,0,1.12905,1.13518,0.10027,-0.546207,-0.00613492
6.27,1,0.696135,0.815678,-0.314282,-3.83887,-0.119543
6.27,2,-0.862699,-0.828442,0.492053,-2.0118,-0.0342565
6.27,3,0.29572,0.299151,-0.0818592,0.0148112,-0.00343044
6.27,4,0.477578,0.516137,-0.224418,-0.196267,-0.0385594
6.27,5,0.698064,0.708399,-0.180366,0.00243483,-0.010335
6.28,0,1.13004,1.1361,0.0839306,-0.49394,-0.00605372
6.28,1,0.692666,0.812535,-0.314288,-3.85187,-0.119868
6.28,2,-0.857714,-0.823505,0.494935,-2.01613,-0.0342088
6.28,3,0.294929,0.298321,-0.0837289,0.0163102,-0.00339272
6.28,4,0.47523,0.513878,-0.227109,-0.195633,-0.0386485
6.28,5,0.696196,0.706597,-0.180124,0.00203347,-0.0104007
6.29,0,1.13104,1.13685,0.0692778,-0.440569,-0.00581838
6.29,1,0.689198,0.809391,-0.314359,-3.86466,-0.120194
6.29,2,-0.85273,-0.818542,0.497353,-2.02033,-0.0341874
6.29,3,0.294137,0.297475,-0.0853917,0.0178609,-0.00333741
6.29,4,0.472881,0.511594,-0.229414,-0.194995,-0.0387128
6.29,5,0.694328,0.704797,-0.179978,0.00165156,-0.0104684
6.3,0,1.13203,1.13747,0.0563262,-0.386813,-0.00544586
6.3,1,0.68573,0.806247,-0.314506,-3.87718,-0.120518
6.3,2,-0.847745,-0.813558,0.499355,-2.02434,-0.0341878
6.3,3,0.293346,0.296613,-0.0868244,0.0194273,-0.00326673
6.3,4,0.470533,0.509289,-0.231385,-0.194355,-0.0387559
6.3,5,0.69246,0.702997,-0.179911,0.00128841,-0.010537
6.31,0,1.13302,1.13797,0.0450685,-0.333332,-0.00495316
6.31,1,0.682261,0.803101,-0.314738,-3.88937,-0.12084
6.31,2,-0.842761,-0.808555,0.500981,-2.02815,-0.0342061
6.31,3,0.292555,0.295738,-0.0880139,0.0209778,-0.00318305
6.31,4,0.468184,0.506965,-0.233062,-0.193717,-0.038781
6.31,5,0.690592,0.701198,-0.179909,0.000943342,-0.0106059
6.32,0,1.13401,1.13837,0.0354785,-0.280719,-0.00435709
6.32,1,0.678793,0.799952,-0.315057,-3.90119,-0.121159
6.32,2,-0.837776,-0.803538,0.502272,-2.03171,-0.0342388
6.32,3,0.291764,0.294852,-0.0889557,0.022485,-0.00308884
6.32,4,0.465836,0.504627,-0.23448,-0.193086,-0.0387907
6.32,5,0.688724,0.699399,-0.179961,0.000615801,-0.0106745
6.33,0,1.13501,1.13868,0.0275129,-0.229502,-0.00367409
6.33,1,0.675325,0.796799,-0.315467,-3.91258,-0.121475
6.33,2,-0.832792,-0.798509,0.503262,-2.03501,-0.0342828
6.33,3,0.290972,0.293959,-0.0896528,0.023926,-0.00298657
6.33,4,0.463488,0.502275,-0.235669,-0.192466,-0.0387876
6.33,5,0.686857,0.697599,-0.180058,0.000305406,-0.0107424
6.34,0,1.136,1.13892,0.0211135,-0.180145,-0.0029201
6.34,1,0.671856,0.793642,-0.315963,-3.92354,-0.121786
6.34,2,-0.827808,-0.793472,0.503986,-2.03803,-0.0343351
6.34,3,0.290181,0.29306,-0.090114,0.0252822,-0.00287862
6.34,4,0.461139,0.499913,-0.236655,-0.191862,-0.0387736
6.34,5,0.684989,0.695798,-0.180191,1.19732e-05,-0.0108091
6.35,0,1.13699,1.1391,0.0162092,-0.133044,-0.00211041
6.35,1,0.668388,0.790479,-0.316542,-3.93402,-0.122091
6.35,2,-0.822823,-0.78843,0.504475,-2.04075,-0.0343934
6.35,3,0.28939,0.292157,-0.0903529,0.0265387,-0.00276731
6.35,4,0.458791,0.497542,-0.237458,-0.191278,-0.0387509
6.35,5,0.683121,0.693995,-0.180356,-0.00026449,-0.0108742
6.36,0,1.13798,1.13924,0.0127186,-0.0885367,-0.00125952
6.36,1,0.664919,0.78731,-0.3172,-3.94403,-0.122391
6.36,2,-0.817839,-0.783383,0.504758,-2.04318,-0.0344554
6.36,3,0.288598,0.291253,-0.0903865,0.0276845,-0.00265474
6.36,4,0.456443,0.495164,-0.238098,-0.190719,-0.038721
6.36,5,0.681253,0.69219,-0.180548,-0.000523818,-0.0109376
6.37,0,1.13898,1.13936,0.0105513,-0.0468971,-0.000381078
6.37,1,0.661451,0.784134,-0.317927,-3.95354,-0.122683
6.37,2,-0.812854,-0.778335,0.504862,-2.0453,-0.0345193
6.37,3,0.287807,0.29035,-0.0902345,0.0287119,-0.00254288
6.37,4,0.454094,0.49278,-0.238593,-0.190188,-0.0386856
6.37,5,0.679385,0.690384,-0.180763,-0.000765726,-0.0109989
6.38,0,1.13997,1.13946,0.00961011,-0.00834197,0.000512209
6.38,1,0.657983,0.780951,-0.318716,-3.96256,-0.122968
6.38,2,-0.80787,-0.773286,0.504813,-2.04712,-0.0345833
6.38,3,0.287016,0.289449,-0.0899183,0.0296164,-0.00243346
6.38,4,0.451746,0.490392,-0.238958,-0.189688,-0.0386459
6.38,5,0.677517,0.688575,-0.181,-0.000989857,-0.011058
6.39,0,1.14096,1.13955,0.00979273,0.0269675,0.00140864
6.39,1,0.654514,0.777759,-0.319559,-3.9711,-0.123244
6.39,2,-0.802885,-0.768239,0.504634,-2.04865,-0.0346461
6.39,3,0.286224,0.288552,-0.0894598,0.0303959,-0.002328
6.39,4,0.449398,0.488001,-0.239207,-0.189222,-0.0386032
6.39,5,0.675649,0.686763,-0.181257,-0.00119583,-0.0111146
6.4,0,1.14195,1.13966,0.0109935,0.0589218,0.00229756
6.4,1,0.651046,0.774558,-0.320445,-3.97916,-0.123512
6.4,2,-0.797901,-0.763194,0.504347,-2.04989,-0.0347065
6.4,3,0.285433,0.287661,-0.0888813,0.0310507,-0.00222781
6.4,4,0.447049,0.485608,-0.239354,-0.188792,-0.0385586
6.4,5,0.673781,0.684949,-0.18153,-0.00138329,-0.0111685
6.41,0,1.14295,1.13978,0.013105,0.08746,0.00316937
6.41,1,0.647578,0.771349,-0.321364,-3.98676,-0.123771
6.41,2,-0.792916,-0.758153,0.503972,-2.05085,-0.0347635
6.41,3,0.284642,0.286776,-0.0882044,0.0315831,-0.00213396
6.41,4,0.444701,0.483214,-0.23941,-0.1884,-0.0385131
6.41,5,0.671913,0.683132,-0.18182,-0.00155195,-0.0112196
6.42,0,1.14394,1.13992,0.0160191,0.112565,0.00401557
6.42,1,0.644109,0.76813,-0.322308,-3.99391,-0.124021
6.42,2,-0.787932,-0.753116,0.503526,-2.05154,-0.0348163
6.42,3,0.28385,0.285898,-0.0874502,0.0319969,-0.00204732
6.42,4,0.442352,0.48082,-0.239386,-0.188047,-0.0384674
6.42,5,0.670045,0.681312,-0.182123,-0.0017016,-0.0112677
6.43,0,1.14493,1.1401,0.0196288,0.134262,0.00482871
6.43,1,0.640641,0.764902,-0.323266,-4.00063,-0.124261
6.43,2,-0.782947,-0.748083,0.503027,-2.05199,-0.0348644
6.43,3,0.283059,0.285028,-0.0866383,0.0322974,-0.00196856
6.43,4,0.440004,0.478426,-0.239293,-0.187733,-0.0384224
6.43,5,0.668177,0.67949,-0.182438,-0.0018322,-0.0113127
6.44,0,1.14592,1.14032,0.0238289,0.15261,0.00560242
6.44,1,0.637173,0.761664,-0.324229,-4.00696,-0.124491
6.44,2,-0.777963,-0.743056,0.50249,-2.0522,-0.0349073
6.44,3,0.282268,0.284166,-0.0857871,0.0324908,-0.00189814
6.44,4,0.437656,0.476034,-0.239141,-0.187459,-0.0383786
6.44,5,0.666309,0.677663,-0.182762,-0.00194382,-0.0113545
6.45,0,1.14692,1.14059,0.0285174,0.167702,0.00633136
6.45,1,0.633704,0.758416,-0.325188,-4.01292,-0.124712
6.45,2,-0.772979,-0.738034,0.501928,-2.0522,-0.0349447
6.45,3,0.281476,0.283313,-0.0849131,0.0325841,-0.00183638
6.45,4,0.435307,0.473644,-0.238938,-0.187224,-0.0383367
6.45,5,0.664441,0.675834,-0.183095,-0.0020367,-0.011393
6.46,0,1.14791,1.1409,0.0335959,0.17966,0.00701119
6.46,1,0.630236,0.755159,-0.326135,-4.01852,-0.124923
6.46,2,-0.767994,-0.733018,0.501353,-2.052,-0.0349764
6.46,3,0.280685,0.282469,-0.0840315,0.0325848,-0.00178341
6.46,4,0.432959,0.471256,-0.238694,-0.187029,-0.038297
6.46,5,0.662573,0.674001,-0.183433,-0.00211125,-0.0114282
6.47,0,1.1489,1.14126,0.0389709,0.188629,0.00763853
6.47,1,0.626767,0.751893,-0.327062,-4.02382,-0.125125
6.47,2,-0.76301,-0.728007,0.500775,-2.05162,-0.0350023
6.47,3,0.279894,0.281633,-0.0831554,0.0325009,-0.00173923
6.47,4,0.430611,0.46887,-0.238415,-0.186872,-0.0382599
6.47,5,0.660705,0.672165,-0.183773,-0.00216803,-0.01146
6.48,0,1.1499,1.14168,0.0445541,0.194774,0.00821091
6.48,1,0.623299,0.748617,-0.327961,-4.02883,-0.125318
6.48,2,-0.758025,-0.723003,0.500204,-2.05108,-0.0350224
6.48,3,0.279103,0.280806,-0.0822964,0.0323405,-0.00170374
6.48,4,0.428262,0.466488,-0.238109,-0.186752,-0.0382258
6.48,5,0.658837,0.670325,-0.184113,-0.00220777,-0.0114883
6.49,0,1.15089,1.14216,0.0502631,0.198278,0.00872669
6.49,1,0.619831,0.745333,-0.328827,-4.03359,-0.125502
6.49,2,-0.753041,-0.718004,0.499648,-2.0504,-0.0350369
6.49,3,0.278311,0.279988,-0.0814643,0.0321117,-0.00167669
6.49,4,0.425914,0.464109,-0.237782,-0.186668,-0.0381949
6.49,5,0.656969,0.668482,-0.184451,-0.00223131,-0.0115133
6.5,0,1.15188,1.1427,0.0560216,0.199337,0.00918505
6.5,1,0.616362,0.74204,-0.329654,-4.03813,-0.125677
6.5,2,-0.748056,-0.71301,0.499113,-2.04961,-0.035046
6.5,3,0.27752,0.279178,-0.0806673,0.0318227,-0.00165777
6.5,4,0.423565,0.461733,-0.237441,-0.186618,-0.0381673
6.5,5,0.655101,0.666636,-0.184784,-0.00223966,-0.0115349
6.51,0,1.15287,1.14329,0.0617598,0.198156,0.00958589
6.51,1,0.612894,0.738739,-0.330436,-4.04249,-0.125845
6.51,2,-0.743072,-0.708022,0.498606,-2.04871,-0.0350499
6.51,3,0.276729,0.278375,-0.0799121,0.0314813,-0.0016466
6.51,4,0.421217,0.45936,-0.237091,-0.1866,-0.0381431
6.51,5,0.653233,0.664786,-0.185108,-0.00223391,-0.0115533
6.52,0,1.15387,1.14394,0.0674145,0.194947,0.00992975
6.52,1,0.609426,0.73543,-0.331171,-4.04668,-0.126005
6.52,2,-0.738087,-0.703039,0.498129,-2.04772,-0.0350488
6.52,3,0.275937,0.27758,-0.079204,0.0310951,-0.00164273
6.52,4,0.418869,0.456991,-0.236737,-0.186612,-0.0381225
6.52,5,0.651365,0.662934,-0.185423,-0.00221523,-0.0115684
6.53,0,1.15486,1.14464,0.0729293,0.189924,0.0102178
6.53,1,0.605957,0.732115,-0.331853,-4.05075,-0.126158
6.53,2,-0.733103,-0.69806,0.497688,-2.04667,-0.0350432
6.53,3,0.275146,0.276792,-0.078547,0.0306716,-0.00164566
6.53,4,0.41652,0.454626,-0.236383,-0.186653,-0.0381055
6.53,5,0.649497,0.661078,-0.185725,-0.00218487,-0.0115805
6.54,0,1.15585,1.1454,0.0782547,0.183303,0.0104517
6.54,1,0.602489,0.728793,-0.332482,-4.05471,-0.126304
6.54,2,-0.728118,-0.693085,0.497285,-2.04557,-0.0350334
6.54,3,0.274355,0.27601,-0.0779437,0.0302176,-0.00165486
6.54,4,0.414172,0.452264,-0.236033,-0.186719,-0.038092
6.54,5,0.647629,0.659219,-0.186013,-0.00214414,-0.0115896
6.55,0,1.15684,1.14621,0.0833476,0.1753,0.0106336
6.55,1,0.599021,0.725465,-0.333056,-4.05861,-0.126444
6.55,2,-0.723134,-0.688114,0.496922,-2.04444,-0.0350198
6.55,3,0.273563,0.275233,-0.0773959,0.0297396,-0.0016698
6.55,4,0.411824,0.449906,-0.23569,-0.18681,-0.0380819
6.55,5,0.645761,0.657357,-0.186285,-0.00209435,-0.0115959
6.56,0,1.15784,1.14707,0.0881717,0.166124,0.010766
6.56,1,0.595552,0.722131,-0.333572,-4.06245,-0.126579
6.56,2,-0.71815,-0.683147,0.4966,-2.04328,-0.0350027
6.56,3,0.272772,0.274462,-0.0769044,0.0292436,-0.0016899
6.56,4,0.409475,0.44755,-0.235358,-0.186923,-0.0380752
6.56,5,0.643893,0.655493,-0.186538,-0.00203681,-0.0115997
6.57,0,1.15883,1.14798,0.092697,0.15598,0.0108518
6.57,1,0.592084,0.718793,-0.334031,-4.06628,-0.126709
6.57,2,-0.713165,-0.678182,0.49632,-2.04212,-0.0349827
6.57,3,0.271981,0.273695,-0.0764691,0.0287354,-0.00171461
6.57,4,0.407127,0.445199,-0.235039,-0.187055,-0.0380717
6.57,5,0.642025,0.653626,-0.186773,-0.00197284,-0.0116009
6.58,0,1.15982,1.14893,0.0968995,0.145064,0.0108941
6.58,1,0.588615,0.715451,-0.334434,-4.0701,-0.126835
6.58,2,-0.708181,-0.673221,0.496081,-2.04096,-0.0349601
6.58,3,0.271189,0.272933,-0.0760893,0.0282199,-0.00174336
6.58,4,0.404779,0.44285,-0.234734,-0.187204,-0.0380714
6.58,5,0.640157,0.651757,-0.186987,-0.00190372,-0.0116
6.59,0,1.16081,1.14992,0.100761,0.133565,0.0108962
6.59,1,0.585147,0.712104,-0.33478,-4.07395,-0.126957
6.59,2,-0.703196,-0.668261,0.495883,-2.03983,-0.0349353
6.59,3,0.270398,0.272174,-0.0757635,0.0277019,-0.00177562
6.59,4,0.40243,0.440504,-0.234446,-0.187369,-0.038074
6.59,5,0.638289,0.649886,-0.187181,-0.00183068,-0.011597
6.6,0,1.16181,1.15095,0.104269,0.12166,0.0108617
6.6,1,0.581679,0.708755,-0.335072,-4.07783,-0.127076
6.6,2,-0.698212,-0.663303,0.495725,-2.03871,-0.0349088
6.6,3,0.269607,0.271418,-0.0754898,0.0271854,-0.00181085
6.6,4,0.400082,0.438161,-0.234177,-0.187547,-0.0380794
6.6,5,0.636421,0.648014,-0.187354,-0.00175488,-0.0115922
6.61,0,1.1628,1.15201,0.107415,0.109515,0.010794
6.61,1,0.57821,0.705403,-0.335311,-4.08176,-0.127192
6.61,2,-0.693227,-0.658346,0.495606,-2.03764,-0.0348809
6.61,3,0.268815,0.270664,-0.0752658,0.0266742,-0.00184853
6.61,4,0.397733,0.435821,-0.233926,-0.187737,-0.0380874
6.61,5,0.634553,0.646139,-0.187505,-0.00167745,-0.0115858
6.62,0,1.16379,1.1531,0.110198,0.0972833,0.0106969
6.62,1,0.574742,0.702049,-0.3355,-4.08576,-0.127307
6.62,2,-0.688243,-0.653391,0.495524,-2.03661,-0.034852
6.62,3,0.268024,0.269912,-0.075089,0.0261714,-0.0018882
6.62,4,0.395385,0.433483,-0.233694,-0.187936,-0.0380978
6.62,5,0.632685,0.644263,-0.187635,-0.00159939,-0.011578
6.63,0,1.16479,1.15421,0.112617,0.0851072,0.010574
6.63,1,0.571274,0.698693,-0.335641,-4.08984,-0.127419
6.63,2,-0.683258,-0.648436,0.495477,-2.03563,-0.0348225
6.63,3,0.267233,0.269162,-0.0749564,0.02568,-0.00192938
6.63,4,0.393037,0.431147,-0.233483,-0.188142,-0.0381104
6.63,5,0.630817,0.642386,-0.187744,-0.00152167,-0.011569
6.64,0,1.16578,1.15535,0.11468,0.0731144,0.0104288
6.64,1,0.567805,0.695336,-0.335737,-4.09401,-0.12753
6.64,2,-0.678274,-0.643481,0.495462,-2.03471,-0.0347927
6.64,3,0.266442,0.268413,-0.0748647,0.0252022,-0.00197167
6.64,4,0.390688,0.428813,-0.233291,-0.188355,-0.038125
6.64,5,0.628949,0.640508,-0.187833,-0.00144513,-0.011559
6.65,0,1.16677,1.15651,0.116393,0.06142,0.010265
6.65,1,0.564337,0.691978,-0.335792,-4.09827,-0.127641
6.65,2,-0.673289,-0.638526,0.495478,-2.03384,-0.034763
6.65,3,0.26565,0.267665,-0.0748109,0.0247399,-0.00201466
6.65,4,0.38834,0.426481,-0.23312,-0.188572,-0.0381415
6.65,5,0.627081,0.63863,-0.187902,-0.00137053,-0.0115482
6.66,0,1.16776,1.15768,0.11777,0.0501253,0.0100859
6.66,1,0.560869,0.68862,-0.335808,-4.10264,-0.127751
6.66,2,-0.668305,-0.633572,0.495521,-2.03305,-0.0347335
6.66,3,0.264859,0.266917,-0.0747913,0.0242948,-0.002058
6.66,4,0.385992,0.424151,-0.232969,-0.188791,-0.0381595
6.66,5,0.625214,0.63675,-0.187953,-0.00129856,-0.0115369
6.67,0,1.16876,1.15886,0.118824,0.0393186,0.00989476
6.67,1,0.5574,0.685262,-0.33579,-4.1071,-0.127862
6.67,2,-0.663321,-0.628616,0.495588,-2.03232,-0.0347046
6.67,3,0.264068,0.266169,-0.0748028,0.0238681,-0.00210136
6.67,4,0.383643,0.421822,-0.232836,-0.189013,-0.0381789
6.67,5,0.623346,0.634871,-0.187986,-0.00122978,-0.0115251
6.68,0,1.16975,1.16005,0.119573,0.0290749,0.00969482
6.68,1,0.553932,0.681904,-0.335741,-4.11168,-0.127973
6.68,2,-0.658336,-0.62366,0.495678,-2.03165,-0.0346765
6.68,3,0.263276,0.265421,-0.0748419,0.0234606,-0.00214445
6.68,4,0.381295,0.419494,-0.232723,-0.189235,-0.0381995
6.68,5,0.621478,0.632991,-0.188003,-0.0011647,-0.0115131
6.69,0,1.17074,1.16125,0.120034,0.0194569,0.00948898
6.69,1,0.550463,0.678547,-0.335665,-4.11636,-0.128084
6.69,2,-0.653352,-0.618702,0.495787,-2.03106,-0.0346494
6.69,3,0.262485,0.264672,-0.0749052,0.023073,-0.00218701
6.69,4,0.378947,0.417168,-0.232628,-0.189456,-0.0382212
6.69,5,0.61961,0.631111,-0.188005,-0.0011037,-0.011501
6.7,0,1.17173,1.16245,0.120229,0.0105148,0.00928001
6.7,1,0.546995,0.675191,-0.335566,-4.12115,-0.128196
6.7,2,-0.648367,-0.613744,0.495912,-2.03053,-0.0346235
6.7,3,0.261694,0.263922,-0.0749894,0.0227054,-0.00222883
6.7,4,0.376598,0.414842,-0.232549,-0.189675,-0.0382437
6.7,5,0.617742,0.629231,-0.187993,-0.00104711,-0.011489
6.71,0,1.17273,1.16366,0.120177,0.00228699,0.00907047
6.71,1,0.543527,0.671836,-0.335447,-4.12604,-0.128309
6.71,2,-0.643383,-0.608784,0.496051,-2.03007,-0.0345989
6.71,3,0.260902,0.263172,-0.0750915,0.0223579,-0.0022697
6.71,4,0.37425,0.412517,-0.232487,-0.189892,-0.038267
6.71,5,0.615874,0.627351,-0.187969,-0.000995165,-0.0114772
6.72,0,1.17372,1.16486,0.119902,-0.00519887,0.00886269
6.72,1,0.540058,0.668482,-0.335312,-4.13103,-0.128424
6.72,2,-0.638398,-0.603822,0.4962,-2.02968,-0.0345758
6.72,3,0.260111,0.26242,-0.0752084,0.0220304,-0.00230946
6.72,4,0.371901,0.410192,-0.23244,-0.190106,-0.0382907
6.72,5,0.614006,0.625471,-0.187934,-0.000948022,-0.0114656
6.73,0,1.17471,1.16605,0.119426,-0.0119257,0.00865878
6.73,1,0.53659,0.66513,-0.335165,-4.13611,-0.12854
6.73,2,-0.633414,-0.59886,0.496358,-2.02934,-0.0345542
6.73,3,0.25932,0.261668,-0.0753372,0.0217224,-0.00234799
6.73,4,0.369553,0.407868,-0.232408,-0.190315,-0.0383149
6.73,5,0.612138,0.623592,-0.187889,-0.000905775,-0.0114545
6.74,0,1.1757,1.16724,0.118771,-0.017886,0.00846065
6.74,1,0.533122,0.661779,-0.335008,-4.14128,-0.128658
6.74,2,-0.628429,-0.593895,0.496522,-2.02907,-0.0345343
6.74,3,0.258528,0.260914,-0.0754752,0.0214333,-0.00238518
6.74,4,0.367205,0.405544,-0.232389,-0.19052,-0.0383393
6.74,5,0.61027,0.621714,-0.187836,-0.000868453,-0.0114439
6.75,0,1.1767,1.16843,0.11796,-0.0230813,0.00826994
6.75,1,0.529653,0.65843,-0.334846,-4.14654,-0.128777
6.75,2,-0.623445,-0.588929,0.496688,-2.02885,-0.0345159
6.75,3,0.257737,0.260158,-0.0756198,0.0211624,-0.00242095
6.75,4,0.364856,0.40322,-0.232382,-0.19072,-0.0383638
6.75,5,0.608402,0.619836,-0.187777,-0.000836025,-0.0114338
6.76,0,1.17769,1.1696,0.117015,-0.0275209,0.00808809
6.76,1,0.526185,0.655083,-0.334681,-4.15186,-0.128898
6.76,2,-0.61846,-0.583961,0.496856,-2.02869,-0.0344993
6.76,3,0.256946,0.259401,-0.0757688,0.0209088,-0.00245525
6.76,4,0.362508,0.400896,-0.232386,-0.190914,-0.0383884
6.76,5,0.606534,0.617958,-0.187711,-0.000808409,-0.0114244
6.77,0,1.17868,1.17077,0.115958,-0.0312216,0.00791632
6.77,1,0.522717,0.651737,-0.334516,-4.15726,-0.12902
6.77,2,-0.613476,-0.578992,0.497022,-2.02857,-0.0344843
6.77,3,0.256154,0.258642,-0.0759199,0.0206716,-0.00248804
6.77,4,0.36016,0.398572,-0.2324,-0.191102,-0.0384128
6.77,5,0.604666,0.616081,-0.187642,-0.000785477,-0.0114156
6.78,0,1.17968,1.17192,0.114811,-0.0342066,0.00775564
6.78,1,0.519248,0.648392,-0.334354,-4.16271,-0.129144
6.78,2,-0.608492,-0.574021,0.497186,-2.0285,-0.034471
6.78,3,0.255363,0.257882,-0.0760713,0.0204496,-0.00251932
6.78,4,0.357811,0.396248,-0.232423,-0.191285,-0.038437
6.78,5,0.602798,0.614205,-0.187569,-0.00076706,-0.0114075
6.79,0,1.18067,1.17306,0.113593,-0.0365048,0.00760684
6.79,1,0.51578,0.64505,-0.334197,-4.16821,-0.12927
6.79,2,-0.603507,-0.569048,0.497345,-2.02847,-0.0344593
6.79,3,0.254572,0.257121,-0.0762211,0.0202417,-0.00254909
6.79,4,0.355463,0.393924,-0.232454,-0.191461,-0.038461
6.79,5,0.60093,0.61233,-0.187494,-0.000752955,-0.0114002
6.8,0,1.18166,1.17419,0.112323,-0.0381498,0.00747051
6.8,1,0.512311,0.641709,-0.334047,-4.17375,-0.129397
6.8,2,-0.598523,-0.564074,0.497497,-2.02847,-0.0344491
6.8,3,0.253781,0.256358,-0.0763678,0.0200468,-0.00257739
6.8,4,0.353114,0.391599,-0.232493,-0.191631,-0.0384846
6.8,5,0.599062,0.610456,-0.187418,-0.000742932,-0.0113937
6.81,0,1.18265,1.17531,0.111021,-0.0391794,0.00734708
6.81,1,0.508843,0.638369,-0.333906,-4.17932,-0.129526
6.81,2,-0.593538,-0.559098,0.497641,-2.02849,-0.0344404
6.81,3,0.252989,0.255593,-0.07651,0.0198637,-0.00260423
6.81,4,0.350766,0.389274,-0.232537,-0.191794,-0.0385078
6.81,5,0.597194,0.608582,-0.187342,-0.000736734,-0.0113879
6.82,0,1.18365,1.17641,0.109702,-0.0396347,0.00723677
6.82,1,0.505375,0.635031,-0.333775,-4.18491,-0.129656
6.82,2,-0.588554,-0.554121,0.497777,-2.02855,-0.0344331
6.82,3,0.252198,0.254828,-0.0766466,0.0196911,-0.00262969
6.82,4,0.348418,0.386948,-0.232586,-0.191951,-0.0385306
6.82,5,0.595326,0.606709,-0.187267,-0.000734088,-0.0113828
6.83,0,1.18464,1.1775,0.108382,-0.0395592,0.00713967
6.83,1,0.501906,0.631693,-0.333657,-4.19051,-0.129787
6.83,2,-0.583569,-0.549142,0.497902,-2.02862,-0.0344271
6.83,3,0.251407,0.25406,-0.0767767,0.0195279,-0.00265382
6.83,4,0.346069,0.384622,-0.232639,-0.192102,-0.0385528
6.83,5,0.593458,0.604837,-0.187194,-0.000734707,-0.0113786
6.84,0,1.18563,1.17858,0.107076,-0.0389986,0.00705571
6.84,1,0.498438,0.628357,-0.333552,-4.19612,-0.12992
6.84,2,-0.578585,-0.544163,0.498017,-2.0287,-0.0344223
6.84,3,0.250615,0.253292,-0.0768994,0.0193728,-0.00267668
6.84,4,0.343721,0.382295,-0.232696,-0.192247,-0.0385744
6.84,5,0.59159,0.602965,-0.187122,-0.000738293,-0.011375
6.85,0,1.18662,1.17964,0.105796,-0.0379997,0.00698467
6.85,1,0.49497,0.625022,-0.333462,-4.20173,-0.130053
6.85,2,-0.5736,-0.539182,0.49812,-2.0288,-0.0344186
6.85,3,0.249824,0.252522,-0.077014,0.0192248,-0.00269836
6.85,4,0.341373,0.379968,-0.232756,-0.192386,-0.0385955
6.85,5,0.589722,0.601094,-0.187053,-0.000744544,-0.0113721
6.86,0,1.18762,1.18069,0.104553,-0.0366099,0.00692624
6.86,1,0.491501,0.621688,-0.333386,-4.20732,-0.130187
6.86,2,-0.568616,-0.5342,0.498211,-2.0289,-0.0344159
6.86,3,0.249033,0.251752,-0.0771202,0.0190827,-0.00271894
6.86,4,0.339024,0.37764,-0.232817,-0.192519,-0.038616
6.86,5,0.587854,0.599224,-0.186988,-0.000753156,-0.0113699
6.87,0,1.18861,1.18173,0.103359,-0.0348769,0.00687997
6.87,1,0.488033,0.618355,-0.333326,-4.2129,-0.130322
6.87,2,-0.563632,-0.529218,0.498291,-2.029,-0.034414
6.87,3,0.248241,0.25098,-0.0772175,0.0189454,-0.00273851
6.87,4,0.336676,0.375312,-0.232879,-0.192647,-0.0386358
6.87,5,0.585986,0.597355,-0.186926,-0.000763827,-0.0113683
6.88,0,1.1896,1.18276,0.102221,-0.0328477,0.00684535
6.88,1,0.484565,0.615022,-0.333281,-4.21845,-0.130457
6.88,2,-0.558647,-0.524234,0.498357,-2.0291,-0.0344128
6.88,3,0.24745,0.250207,-0.0773059,0.018812,-0.00275715
6.88,4,0.334328,0.372983,-0.232943,-0.192769,-0.0386551
6.88,5,0.584118,0.595486,-0.186869,-0.000776259,-0.0113674
6.89,0,1.19059,1.18377,0.101146,-0.0305687,0.00682176
6.89,1,0.481096,0.611689,-0.333253,-4.22396,-0.130593
6.89,2,-0.553663,-0.51925,0.498412,-2.02919,-0.0344123
6.89,3,0.246659,0.249434,-0.0773853,0.0186816,-0.00277496
6.89,4,0.331979,0.370653,-0.233006,-0.192886,-0.0386737
6.89,5,0.58225,0.593617,-0.186815,-0.000790163,-0.0113669
6.9,0,1.19159,1.18478,0.100142,-0.0280849,0.00680854
6.9,1,0.477628,0.608357,-0.33324,-4.22944,-0.130729
6.9,2,-0.548678,-0.514266,0.498454,-2.02927,-0.0344122
6.9,3,0.245867,0.248659,-0.0774557,0.0185531,-0.00279203
6.9,4,0.329631,0.368322,-0.233068,-0.192999,-0.0386916
6.9,5,0.580382,0.591749,-0.186766,-0.000805258,-0.011367
6.91,0,1.19258,1.18577,0.0992125,-0.0254396,0.00680495
6.91,1,0.474159,0.605024,-0.333242,-4.23487,-0.130865
6.91,2,-0.543694,-0.509281,0.498484,-2.02934,-0.0344124
6.91,3,0.245076,0.247885,-0.0775173,0.018426,-0.00280844
6.91,4,0.327282,0.365991,-0.23313,-0.193107,-0.038709
6.91,5,0.578514,0.589882,-0.186722,-0.000821276,-0.0113676
6.92,0,1.19357,1.18676,0.0983611,-0.0226744,0.00681022
6.92,1,0.470691,0.601692,-0.333259,-4.24025,-0.131001
6.92,2,-0.538709,-0.504296,0.498503,-2.02939,-0.0344129
6.92,3,0.244285,0.247109,-0.0775703,0.0182994,-0.00282428
6.92,4,0.324934,0.36366,-0.23319,-0.193211,-0.0387257
6.92,5,0.576646,0.588015,-0.186683,-0.000837961,-0.0113686
6.93,0,1.19456,1.18774,0.0975905,-0.0198284,0.00682357
6.93,1,0.467223,0.598359,-0.333291,-4.24558,-0.131136
6.93,2,-0.533725,-0.499311,0.498511,-2.02943,-0.0344136
6.93,3,0.243493,0.246333,-0.0776151,0.0181727,-0.00283963
6.93,4,0.322586,0.361328,-0.233248,-0.193311,-0.0387419
6.93,5,0.574778,0.586148,-0.186648,-0.000855075,-0.0113699
6.94,0,1.19556,1.18871,0.0969019,-0.0169384,0.00684418
6.94,1,0.463754,0.595026,-0.333337,-4.25085,-0.131272
6.94,2,-0.52874,-0.494326,0.498508,-2.02944,-0.0344142
6.94,3,0.242702,0.245557,-0.0776521,0.0180454,-0.00285459
6.94,4,0.320237,0.358995,-0.233304,-0.193407,-0.0387574
6.94,5,0.57291,0.584282,-0.186618,-0.000872394,-0.0113716
6.95,0,1.19655,1.18968,0.0962957,-0.0140385,0.00687122
6.95,1,0.460286,0.591692,-0.333396,-4.25606,-0.131406
6.95,2,-0.523756,-0.489341,0.498495,-2.02943,-0.0344148
6.95,3,0.241911,0.24478,-0.0776817,0.0179169,-0.00286921
6.95,4,0.317889,0.356661,-0.233358,-0.193501,-0.0387725
6.95,5,0.571042,0.582416,-0.186592,-0.00088971,-0.0113735
6.96,0,1.19754,1.19064,0.0957716,-0.0111602,0.00690386
6.96,1,0.456818,0.588358,-0.333467,-4.26121,-0.13154
6.96,2,-0.518771,-0.484356,0.498474,-2.0294,-0.0344152
6.96,3,0.24112,0.244003,-0.0777044,0.0177869,-0.00288357
6.96,4,0.315541,0.354328,-0.233409,-0.193591,-0.038787
6.96,5,0.569174,0.58055,-0.186571,-0.000906836,-0.0113757
6.97,0,1.19854,1.19159,0.0953281,-0.008332,0.00694131
6.97,1,0.453349,0.585023,-0.333549,-4.26629,-0.131674
6.97,2,-0.513787,-0.479372,0.498443,-2.02935,-0.0344153
6.97,3,0.240328,0.243226,-0.0777207,0.017655,-0.00289775
6.97,4,0.313192,0.351993,-0.233457,-0.193679,-0.038801
6.97,5,0.567306,0.578684,-0.186555,-0.000923601,-0.011378
6.98,0,1.19953,1.19255,0.0949632,-0.00557956,0.00698275
6.98,1,0.449881,0.581687,-0.333642,-4.27131,-0.131806
6.98,2,-0.508803,-0.474387,0.498405,-2.02926,-0.0344151
6.98,3,0.239537,0.242449,-0.0777313,0.0175209,-0.00291179
6.98,4,0.310844,0.349658,-0.233502,-0.193765,-0.0388145
6.98,5,0.565439,0.576819,-0.186542,-0.000939852,-0.0113805
6.99,0,1.20052,1.19349,0.0946742,-0.00292563,0.00702742
6.99,1,0.446413,0.57835,-0.333744,-4.27626,-0.131937
6.99,2,-0.503818,-0.469404,0.498361,-2.02915,-0.0344144
6.99,3,0.238746,0.241671,-0.0777366,0.0173844,-0.00292576
6.99,4,0.308496,0.347323,-0.233544,-0.193849,-0.0388276
6.99,5,0.563571,0.574954,-0.186533,-0.000955455,-0.0113831
7,0,1.20151,1.19444,0.0944578,-0.000390056,0.00707459
7,1,0.442944,0.575012,-0.333855,-4.28114,-0.132068
7,2,-0.498834,-0.46442,0.49831,-2.02902,-0.0344133
7,3,0.237954,0.240894,-0.0777371,0.0172453,-0.0029397
7,4,0.306147,0.344988,-0.233583,-0.193931,-0.0388403
7,5,0.561703,0.573088,-0.186528,-0.000970294,-0.0113858
7.01,0,1.20251,1.19538,0.0943103,0.0020102,0.00712353
7.01,1,0.439476,0.571673,-0.333973,-4.28595,-0.132197
7.01,2,-0.493849,-0.459438,0.498254,-2.02886,-0.0344116
7.01,3,0.237163,0.240117,-0.0777336,0.0171036,-0.00295365
7.01,4,0.303799,0.342651,-0.233618,-0.194012,-0.0388527
7.01,5,0.559835,0.571223,-0.186527,-0.000984272,-0.0113885
7.02,0,1.2035,1.19633,0.0942275,0.00426099,0.00717359
7.02,1,0.436007,0.568332,-0.334097,-4.2907,-0.132325
7.02,2,-0.488865,-0.454455,0.498193,-2.02867,-0.0344094
7.02,3,0.236372,0.239339,-0.0777265,0.0169593,-0.00296767
7.02,4,0.30145,0.340315,-0.23365,-0.194092,-0.0388647
7.02,5,0.557967,0.569358,-0.186528,-0.000997308,-0.0113912
7.03,0,1.20449,1.19727,0.0942049,0.00635085,0.00722414
7.03,1,0.432539,0.56499,-0.334227,-4.29537,-0.132451
7.03,2,-0.48388,-0.449474,0.49813,-2.02846,-0.0344065
7.03,3,0.23558,0.238562,-0.0777164,0.0168122,-0.00298177
7.03,4,0.299102,0.337978,-0.233679,-0.194172,-0.0388764
7.03,5,0.556099,0.567492,-0.186533,-0.00100934,-0.0113938
7.04,0,1.20548,1.19821,0.0942378,0.00827095,0.00727461
7.04,1,0.429071,0.561647,-0.334361,-4.29999,-0.132577
7.04,2,-0.478896,-0.444493,0.498063,-2.02822,-0.034403
7.04,3,0.234789,0.237785,-0.0777038,0.0166625,-0.00299598
7.04,4,0.296754,0.335642,-0.233705,-0.19425,-0.0388878
7.04,5,0.554231,0.565627,-0.186539,-0.00102031,-0.0113964
7.05,0,1.20648,1.19915,0.0943212,0.0100149,0.00732446
7.05,1,0.425602,0.558303,-0.334498,-4.30454,-0.132701
7.05,2,-0.473911,-0.439513,0.497994,-2.02795,-0.0343988
7.05,3,0.233998,0.237008,-0.0776892,0.0165102,-0.00301033
7.05,4,0.294405,0.333304,-0.233727,-0.194329,-0.038899
7.05,5,0.552363,0.563762,-0.186549,-0.0010302,-0.011399
7.06,0,1.20747,1.2001,0.0944502,0.0115787,0.00737323
7.06,1,0.422134,0.554957,-0.334638,-4.30902,-0.132823
7.06,2,-0.468927,-0.434533,0.497924,-2.02767,-0.0343939
7.06,3,0.233206,0.236231,-0.0776731,0.0163554,-0.00302484
7.06,4,0.292057,0.330967,-0.233746,-0.194407,-0.03891
7.06,5,0.550495,0.561896,-0.18656,-0.00103898,-0.0114014
7.07,0,1.20846,1.20104,0.0946196,0.0129606,0.00742048
7.07,1,0.418666,0.55161,-0.334779,-4.31345,-0.132945
7.07,2,-0.463942,-0.429554,0.497853,-2.02736,-0.0343883
7.07,3,0.232415,0.235455,-0.0776559,0.0161983,-0.00303952
7.07,4,0.289709,0.328629,-0.233762,-0.194485,-0.0389208
7.07,5,0.548627,0.56003,-0.186573,-0.00104664,-0.0114037
7.08,0,1.20945,1.20199,0.0948244,0.0141605,0.00746584
7.08,1,0.415197,0.548262,-0.334921,-4.31781,-0.133064
7.08,2,-0.458958,-0.424576,0.497783,-2.02703,-0.034382
7.08,3,0.231624,0.234678,-0.0776379,0.0160391,-0.00305437
7.08,4,0.28736,0.326292,-0.233776,-0.194564,-0.0389315
7.08,5,0.546759,0.558165,-0.186587,-0.0010532,-0.0114058
7.09,0,1.21045,1.20294,0.0950595,0.0151807,0.00750898
7.09,1,0.411729,0.544912,-0.335063,-4.32212,-0.133183
7.09,2,-0.453974,-0.419599,0.497713,-2.02667,-0.034375
7.09,3,0.230832,0.233902,-0.0776197,0.0158778,-0.0030694
7.09,4,0.285012,0.323954,-0.233786,-0.194643,-0.038942
7.09,5,0.544891,0.556299,-0.186602,-0.00105867,-0.0114079
7.1,0,1.21144,1.20389,0.0953201,0.0160249,0.00754963
7.1,1,0.40826,0.54156,-0.335204,-4.32638,-0.1333
7.1,2,-0.448989,-0.414622,0.497644,-2.02631,-0.0343673
7.1,3,0.230041,0.233126,-0.0776016,0.0157147,-0.00308462
7.1,4,0.282663,0.321616,-0.233794,-0.194723,-0.0389525
7.1,5,0.543023,0.554433,-0.186618,-0.00106308,-0.0114097
7.11,0,1.21243,1.20485,0.0956013,0.0166981,0.00758755
7.11,1,0.404792,0.538207,-0.335344,-4.33058,-0.133415
7.11,2,-0.444005,-0.409646,0.497576,-2.02592,-0.0343589
7.11,3,0.22925,0.23235,-0.0775837,0.0155501,-0.00310001
7.11,4,0.280315,0.319278,-0.233799,-0.194804,-0.0389629
7.11,5,0.541155,0.552566,-0.186635,-0.00106646,-0.0114114
7.12,0,1.21343,1.2058,0.0958986,0.0172069,0.00762257
7.12,1,0.401324,0.534853,-0.335481,-4.33473,-0.133529
7.12,2,-0.43902,-0.40467,0.497511,-2.02552,-0.0343498
7.12,3,0.228459,0.231574,-0.0775664,0.015384,-0.00311558
7.12,4,0.277967,0.31694,-0.233801,-0.194885,-0.0389733
7.12,5,0.539287,0.5507,-0.186653,-0.00106885,-0.0114129
7.13,0,1.21442,1.20676,0.0962076,0.0175591,0.00765455
7.13,1,0.397855,0.531498,-0.335616,-4.33884,-0.133642
7.13,2,-0.434036,-0.399696,0.497448,-2.0251,-0.0343402
7.13,3,0.227667,0.230799,-0.07755,0.0152168,-0.00313132
7.13,4,0.275618,0.314602,-0.233802,-0.194968,-0.0389836
7.13,5,0.537419,0.548833,-0.18667,-0.00107031,-0.0114143
7.14,0,1.21541,1.20773,0.0965241,0.0177632,0.00768339
7.14,1,0.394387,0.528141,-0.335748,-4.3429,-0.133754
7.14,2,-0.429051,-0.394721,0.497388,-2.02467,-0.0343299
7.14,3,0.226876,0.230023,-0.0775346,0.0150486,-0.00314722
7.14,4,0.27327,0.312264,-0.2338,-0.195052,-0.038994
7.14,5,0.535551,0.546966,-0.186688,-0.0010709,-0.0114155
7.15,0,1.2164,1.20869,0.0968443,0.0178288,0.00770904
7.15,1,0.390919,0.524783,-0.335876,-4.34693,-0.133864
7.15,2,-0.424067,-0.389748,0.497331,-2.02423,-0.034319
7.15,3,0.226085,0.229248,-0.0775204,0.0148796,-0.00316327
7.15,4,0.270922,0.309926,-0.233797,-0.195137,-0.0390044
7.15,5,0.533683,0.545099,-0.186705,-0.00107066,-0.0114164
7.16,0,1.2174,1.20966,0.0971646,0.0177658,0.00773149
7.16,1,0.38745,0.521423,-0.336001,-4.35091,-0.133973
7.16,2,-0.419082,-0.384775,0.497277,-2.02378,-0.0343075
7.16,3,0.225293,0.228473,-0.0775075,0.01471,-0.00317945
7.16,4,0.268573,0.307588,-0.233791,-0.195223,-0.0390148
7.16,5,0.531815,0.543232,-0.186722,-0.00106968,-0.0114173
7.17,0,1.21839,1.21064,0.0974817,0.0175849,0.00775075
7.17,1,0.383982,0.518062,-0.336122,-4.35485,-0.13408
7.17,2,-0.414098,-0.379802,0.497227,-2.02332,-0.0342956
7.17,3,0.224502,0.227698,-0.077496,0.0145401,-0.00319575
7.17,4,0.266225,0.30525,-0.233785,-0.19531,-0.0390253
7.17,5,0.529947,0.541365,-0.186739,-0.001068,-0.0114179
7.18,0,1.21938,1.21161,0.0977926,0.017297,0.00776687
7.18,1,0.380514,0.514701,-0.336238,-4.35877,-0.134187
7.18,2,-0.409113,-0.37483,0.49718,-2.02285,-0.0342831
7.18,3,0.223711,0.226923,-0.0774861,0.0143701,-0.00321216
7.18,4,0.263877,0.302912,-0.233777,-0.195398,-0.0390358
7.18,5,0.528079,0.539498,-0.186755,-0.00106571,-0.0114184
7.19,0,1.22037,1.21259,0.0980947,0.0169132,0.00777993
7.19,1,0.377045,0.511338,-0.33635,-4.36264,-0.134292
7.19,2,-0.404129,-0.369859,0.497137,-2.02238,-0.0342702
7.19,3,0.222919,0.226148,-0.0774776,0.0142,-0.00322866
7.19,4,0.261528,0.300575,-0.233767,-0.195488,-0.0390465
7.19,5,0.526211,0.53763,-0.18677,-0.00106286,-0.0114188
7.2,0,1.22137,1.21358,0.0983854,0.0164448,0.00779003
7.2,1,0.373577,0.507973,-0.336458,-4.36649,-0.134397
7.2,2,-0.399145,-0.364888,0.497097,-2.0219,-0.0342569
7.2,3,0.222128,0.225373,-0.0774708,0.0140302,-0.00324523
7.2,4,0.25918,0.298237,-0.233757,-0.195579,-0.0390572
7.2,5,0.524343,0.535762,-0.186784,-0.00105953,-0.011419
7.21,0,1.22236,1.21456,0.0986629,0.0159029,0.00779729
7.21,1,0.370108,0.504608,-0.336561,-4.37031,-0.1345
7.21,2,-0.39416,-0.359917,0.497061,-2.02142,-0.0342432
7.21,3,0.221337,0.224599,-0.0774655,0.0138606,-0.00326187
7.21,4,0.256831,0.2959,-0.233746,-0.195672,-0.0390681
7.21,5,0.522475,0.533894,-0.186797,-0.00105578,-0.011419
7.22,0,1.22335,1.21555,0.0989253,0.0152984,0.00780186
7.22,1,0.36664,0.501242,-0.33666,-4.3741,-0.134602
7.22,2,-0.389176,-0.354946,0.497029,-2.02093,-0.0342292
7.22,3,0.220545,0.223824,-0.0774618,0.0136916,-0.00327855
7.22,4,0.254483,0.293562,-0.233734,-0.195766,-0.0390791
7.22,5,0.520607,0.532026,-0.18681,-0.00105168,-0.0114189
7.23,0,1.22434,1.21654,0.0991712,0.0146421,0.00780389
7.23,1,0.363172,0.497875,-0.336755,-4.37787,-0.134703
7.23,2,-0.384191,-0.349976,0.497,-2.02045,-0.0342149
7.23,3,0.219754,0.223049,-0.0774595,0.0135232,-0.00329525
7.23,4,0.252135,0.291225,-0.233721,-0.195861,-0.0390902
7.23,5,0.518739,0.530158,-0.186821,-0.0010473,-0.0114187
7.24,0,1.22534,1.21753,0.0993994,0.0139445,0.00780357
7.24,1,0.359703,0.494507,-0.336845,-4.38161,-0.134804
7.24,2,-0.379207,-0.345006,0.496975,-2.01996,-0.0342003
7.24,3,0.218963,0.222275,-0.0774588,0.0133555,-0.00331198
7.24,4,0.249786,0.288888,-0.233708,-0.195957,-0.0391014
7.24,5,0.516871,0.52829,-0.186832,-0.0010427,-0.0114184
7.25,0,1.22633,1.21853,0.0996089,0.0132155,0.00780106
7.25,1,0.356235,0.491138,-0.336931,-4.38533,-0.134903
7.25,2,-0.374222,-0.340037,0.496953,-2.01947,-0.0341855
7.25,3,0.218171,0.2215,-0.0774594,0.0131887,-0.0033287
7.25,4,0.247438,0.286551,-0.233695,-0.196054,-0.0391127
7.25,5,0.515003,0.526421,-0.186841,-0.00103793,-0.011418
7.26,0,1.22732,1.21953,0.0997993,0.0124647,0.00779656
7.26,1,0.352767,0.487768,-0.337013,-4.38903,-0.135002
7.26,2,-0.369238,-0.335067,0.496934,-2.01898,-0.0341704
7.26,3,0.21738,0.220726,-0.0774614,0.0130228,-0.00334541
7.26,4,0.24509,0.284214,-0.233682,-0.196153,-0.0391242
7.26,5,0.513135,0.524553,-0.186849,-0.00103306,-0.0114176
7.27,0,1.22832,1.22052,0.0999699,0.0117009,0.00779027
7.27,1,0.349298,0.484398,-0.337092,-4.3927,-0.135099
7.27,2,-0.364253,-0.330098,0.496918,-2.01849,-0.0341552
7.27,3,0.216589,0.219951,-0.0774647,0.0128579,-0.00336209
7.27,4,0.242741,0.281877,-0.233669,-0.196253,-0.0391359
7.27,5,0.511267,0.522684,-0.186856,-0.00102813,-0.011417
7.28,0,1.22931,1.22153,0.100121,0.0109326,0.00778238
7.28,1,0.34583,0.481026,-0.337167,-4.39636,-0.135196
7.28,2,-0.359269,-0.325129,0.496904,-2.018,-0.0341399
7.28,3,0.215798,0.219176,-0.0774691,0.0126942,-0.00337873
7.28,4,0.240393,0.279541,-0.233655,-0.196353,-0.0391476
7.28,5,0.509399,0.520816,-0.186862,-0.00102319,-0.0114164
7.29,0,1.2303,1.22253,0.100252,0.0101675,0.00777309
7.29,1,0.342362,0.477654,-0.337239,-4.39999,-0.135293
7.29,2,-0.354284,-0.32016,0.496893,-2.01752,-0.0341244
7.29,3,0.215006,0.218402,-0.0774746,0.0125315,-0.00339532
7.29,4,0.238045,0.277204,-0.233642,-0.196455,-0.0391595
7.29,5,0.507531,0.518947,-0.186867,-0.0010183,-0.0114157
7.3,0,1.23129,1.22353,0.100364,0.00941276,0.00776259
7.3,1,0.338893,0.474282,-0.337308,-4.40361,-0.135388
7.3,2,-0.3493,-0.315191,0.496885,-2.01703,-0.0341088
7.3,3,0.214215,0.217627,-0.077481,0.0123701,-0.00341185
7.3,4,0.235696,0.274868,-0.23363,-0.196557,-0.0391715
7.3,5,0.505663,0.517078,-0.186871,-0.00101348,-0.011415
7.31,0,1.23229,1.22453,0.100456,0.00867477,0.00775108
7.31,1,0.335425,0.470908,-0.337374,-4.40721,-0.135483
7.31,2,-0.344316,-0.310222,0.496878,-2.01655,-0.0340932
7.31,3,0.213424,0.216852,-0.0774884,0.0122099,-0.00342832
7.31,4,0.233348,0.272531,-0.233617,-0.19666,-0.0391836
7.31,5,0.503796,0.51521,-0.186874,-0.00100878,-0.0114142
7.32,0,1.23328,1.22554,0.10053,0.0079593,0.00773875
7.32,1,0.331956,0.467534,-0.337438,-4.41079,-0.135578
7.32,2,-0.339331,-0.305254,0.496873,-2.01607,-0.0340775
7.32,3,0.212632,0.216077,-0.0774965,0.0120509,-0.0034447
7.32,4,0.230999,0.270195,-0.233606,-0.196764,-0.0391959
7.32,5,0.501928,0.513341,-0.186876,-0.00100423,-0.0114134
7.33,0,1.23427,1.22655,0.100587,0.00727142,0.00772578
7.33,1,0.328488,0.464159,-0.3375,-4.41435,-0.135671
7.33,2,-0.334347,-0.300285,0.49687,-2.01559,-0.0340617
7.33,3,0.211841,0.215302,-0.0775053,0.0118932,-0.003461
7.33,4,0.228651,0.267859,-0.233594,-0.196869,-0.0392083
7.33,5,0.50006,0.511472,-0.186877,-0.000999853,-0.0114126
7.34,0,1.23526,1.22755,0.100626,0.00661553,0.00771234
7.34,1,0.32502,0.460784,-0.337561,-4.41789,-0.135764
7.34,2,-0.329362,-0.295316,0.496868,-2.01512,-0.034046
7.34,3,0.21105,0.214527,-0.0775147,0.0117367,-0.00347721
7.34,4,0.226303,0.265523,-0.233584,-0.196974,-0.0392208
7.34,5,0.498192,0.509603,-0.186878,-0.000995679,-0.0114118
7.35,0,1.23626,1.22856,0.100649,0.00599536,0.00769859
7.35,1,0.321551,0.457408,-0.337619,-4.42141,-0.135857
7.35,2,-0.324378,-0.290348,0.496867,-2.01464,-0.0340302
7.35,3,0.210258,0.213752,-0.0775246,0.0115816,-0.00349332
7.35,4,0.223954,0.263188,-0.233574,-0.19708,-0.0392333
7.35,5,0.496324,0.507735,-0.186878,-0.000991726,-0.011411
7.36,0,1.23725,1.22956,0.100658,0.00541399,0.00768469
7.36,1,0.318083,0.454032,-0.337677,-4.42491,-0.135948
7.36,2,-0.319393,-0.285379,0.496867,-2.01417,-0.0340144
7.36,3,0.209467,0.212976,-0.0775349,0.0114276,-0.00350933
7.36,4,0.221606,0.260852,-0.233565,-0.197186,-0.039246
7.36,5,0.494456,0.505866,-0.186877,-0.00098801,-0.0114102
7.37,0,1.23824,1.23057,0.100653,0.00487386,0.00767079
7.37,1,0.314615,0.450654,-0.337734,-4.42839,-0.13604
7.37,2,-0.314409,-0.28041,0.496868,-2.0137,-0.0339987
7.37,3,0.208676,0.212201,-0.0775455,0.0112749,-0.00352524
7.37,4,0.219258,0.258516,-0.233556,-0.197292,-0.0392588
7.37,5,0.492588,0.503997,-0.186875,-0.000984544,-0.0114094
7.38,0,1.23923,1.23158,0.100634,0.00437681,0.00765701
7.38,1,0.311146,0.447277,-0.33779,-4.43185,-0.13613
7.38,2,-0.309424,-0.275442,0.496869,-2.01323,-0.0339829
7.38,3,0.207884,0.211425,-0.0775563,0.0111235,-0.00354103
7.38,4,0.216909,0.256181,-0.233549,-0.197399,-0.0392716
7.38,5,0.49072,0.502128,-0.186873,-0.000981337,-0.0114086
7.39,0,1.24023,1.23258,0.100605,0.00392412,0.00764347
7.39,1,0.307678,0.443899,-0.337846,-4.43529,-0.136221
7.39,2,-0.30444,-0.270473,0.496871,-2.01276,-0.0339671
7.39,3,0.207093,0.21065,-0.0775674,0.0109732,-0.00355672
7.39,4,0.214561,0.253845,-0.233542,-0.197506,-0.0392845
7.39,5,0.488852,0.50026,-0.18687,-0.000978394,-0.0114079
7.4,0,1.24122,1.23359,0.100565,0.0035165,0.00763029
7.4,1,0.30421,0.44052,-0.337902,-4.43871,-0.13631
7.4,2,-0.299455,-0.265504,0.496873,-2.01229,-0.0339514
7.4,3,0.206302,0.209874,-0.0775785,0.0108241,-0.0035723
7.4,4,0.212213,0.25151,-0.233536,-0.197612,-0.0392975
7.4,5,0.486984,0.498391,-0.186867,-0.000975718,-0.0114072
7.41,0,1.24221,1.23459,0.100516,0.00315419,0.00761755
7.41,1,0.300741,0.437141,-0.337957,-4.4421,-0.136399
7.41,2,-0.294471,-0.260535,0.496874,-2.01182,-0.0339357
7.41,3,0.20551,0.209098,-0.0775896,0.0106761,-0.00358777
7.41,4,0.209864,0.249175,-0.23353,-0.197719,-0.0393106
7.41,5,0.485116,0.496522,-0.186864,-0.000973308,-0.0114065
7.42,0,1.2432,1.2356,0.100459,0.00283693,0.00760535
7.42,1,0.297273,0.433761,-0.338014,-4.44547,-0.136488
7.42,2,-0.289487,-0.255567,0.496875,-2.01135,-0.03392
7.42,3,0.204719,0.208322,-0.0776008,0.0105293,-0.00360312
7.42,4,0.207516,0.246839,-0.233526,-0.197826,-0.0393237
7.42,5,0.483248,0.494654,-0.18686,-0.000971162,-0.0114058
7.43,0,1.2442,1.2366,0.100395,0.00256404,0.00759376
7.43,1,0.293804,0.43038,-0.338071,-4.44882,-0.136576
7.43,2,-0.284502,-0.250598,0.496876,-2.01088,-0.0339043
7.43,3,0.203928,0.207546,-0.0776119,0.0103835,-0.00361836
7.43,4,0.205167,0.244504,-0.233523,-0.197933,-0.0393368
7.43,5,0.48138,0.492785,-0.186856,-0.000969275,-0.0114052
7.44,0,1.24519,1.23761,0.100326,0.00233448,0.00758284
7.44,1,0.290336,0.426999,-0.338128,-4.45214,-0.136663
7.44,2,-0.279518,-0.245629,0.496876,-2.01041,-0.0338886
7.44,3,0.203137,0.20677,-0.0776228,0.0102387,-0.0036335
7.44,4,0.202819,0.242169,-0.23352,-0.19804,-0.0393499
7.44,5,0.479512,0.490917,-0.186852,-0.000967638,-0.0114047
7.45,0,1.24618,1.23861,0.100253,0.00214681,0.00757263
7.45,1,0.286868,0.423618,-0.338187,-4.45543,-0.13675
7.45,2,-0.274533,-0.24066,0.496876,-2.00994,-0.0338729
7.45,3,0.202345,0.205994,-0.0776337,0.010095,-0.00364852
7.45,4,0.200471,0.239834,-0.233518,-0.198146,-0.0393631
7.45,5,0.477644,0.489048,-0.186848,-0.000966242,-0.0114041
7.46,0,1.24718,1.23961,0.100176,0.00199934,0.00756318
7.46,1,0.283399,0.420235,-0.338246,-4.4587,-0.136836
7.46,2,-0.269549,-0.235692,0.496874,-2.00946,-0.0338572
7.46,3,0.201554,0.205217,-0.0776443,0.00995221,-0.00366344
7.46,4,0.198122,0.237499,-0.233516,-0.198252,-0.0393763
7.46,5,0.475776,0.48718,-0.186844,-0.000965076,-0.0114036
7.47,0,1.24817,1.24061,0.100097,0.00189008,0.00755451
7.47,1,0.279931,0.416853,-0.338307,-4.46194,-0.136922
7.47,2,-0.264564,-0.230723,0.496872,-2.00899,-0.0338415
7.47,3,0.200763,0.204441,-0.0776548,0.00981037,-0.00367825
7.47,4,0.195774,0.235163,-0.233516,-0.198358,-0.0393895
7.47,5,0.473908,0.485311,-0.18684,-0.000964127,-0.0114032
7.48,0,1.24916,1.24161,0.100016,0.00181683,0.00754664
7.48,1,0.276463,0.413469,-0.338369,-4.46515,-0.137006
7.48,2,-0.25958,-0.225754,0.496869,-2.00851,-0.0338257
7.48,3,0.199971,0.203664,-0.077665,0.00966944,-0.00369296
7.48,4,0.193426,0.232828,-0.233516,-0.198464,-0.0394027
7.48,5,0.47204,0.483443,-0.186835,-0.000963383,-0.0114028
7.49,0,1.25015,1.24261,0.0999353,0.00177719,0.00753957
7.49,1,0.272994,0.410085,-0.338432,-4.46833,-0.137091
7.49,2,-0.254595,-0.220785,0.496865,-2.00803,-0.0338099
7.49,3,0.19918,0.202888,-0.077675,0.00952938,-0.00370756
7.49,4,0.191077,0.230493,-0.233517,-0.198569,-0.0394159
7.49,5,0.470172,0.481575,-0.186831,-0.000962827,-0.0114024
7.5,0,1.25115,1.24361,0.0998547,0.00176863,0.00753332
7.5,1,0.269526,0.4067,-0.338497,-4.47149,-0.137174
7.5,2,-0.249611,-0.215817,0.49686,-2.00754,-0.0337941
7.5,3,0.198389,0.202111,-0.0776848,0.00939016,-0.00372207
7.5,4,0.188729,0.228158,-0.233518,-0.198674,-0.0394291
7.5,5,0.468304,0.479706,-0.186827,-0.000962446,-0.0114021
7.51,0,1.25214,1.24461,0.0997754,0.00178851,0.00752786
7.51,1,0.266058,0.403315,-0.338563,-4.47461,-0.137258
7.51,2,-0.244627,-0.210848,0.496854,-2.00706,-0.0337782
7.51,3,0.197597,0.201334,-0.0776943,0.00925176,-0.00373648
7.51,4,0.18638,0.225823,-0.23352,-0.198778,-0.0394423
7.51,5,0.466436,0.477838,-0.186823,-0.000962223,-0.0114018
7.52,0,1.25313,1.24561,0.0996979,0.0018341,0.00752319
7.52,1,0.262589,0.399929,-0.338631,-4.4777,-0.13734
7.52,2,-0.239642,-0.20588,0.496847,-2.00656,-0.0337623
7.52,3,0.196806,0.200557,-0.0777036,0.00911416,-0.0037508
7.52,4,0.184032,0.223488,-0.233523,-0.198882,-0.0394554
7.52,5,0.464568,0.47597,-0.186819,-0.000962141,-0.0114016
7.53,0,1.25412,1.2466,0.0996229,0.00190263,0.00751928
7.53,1,0.259121,0.396542,-0.3387,-4.48076,-0.137422
7.53,2,-0.234658,-0.200911,0.496839,-2.00607,-0.0337463
7.53,3,0.196015,0.19978,-0.0777127,0.00897733,-0.00376503
7.53,4,0.181684,0.221152,-0.233526,-0.198985,-0.0394686
7.53,5,0.4627,0.474102,-0.186816,-0.000962186,-0.0114014
7.54,0,1.25512,1.2476,0.099551,0.00199132,0.00751611
7.54,1,0.255652,0.393155,-0.338771,-4.48379,-0.137503
7.54,2,-0.229673,-0.195943,0.49683,-2.00556,-0.0337302
7.54,3,0.195223,0.199003,-0.0777215,0.00884125,-0.00377917
7.54,4,0.179335,0.218817,-0.23353,-0.199088,-0.0394816
7.54,5,0.460832,0.472233,-0.186813,-0.00096234,-0.0114012
7.55,0,1.25611,1.2486,0.0994826,0.00209741,0.00751363
7.55,1,0.252184,0.389767,-0.338844,-4.48678,-0.137583
7.55,2,-0.224689,-0.190975,0.49682,-2.00506,-0.0337139
7.55,3,0.194432,0.198225,-0.0777301,0.00870591,-0.00379322
7.55,4,0.176987,0.216482,-0.233534,-0.199191,-0.0394947
7.55,5,0.458964,0.470365,-0.186809,-0.000962587,-0.0114011
7.56,0,1.2571,1.24959,0.0994182,0.00221818,0.00751182
7.56,1,0.248716,0.386378,-0.338917,-4.48974,-0.137662
7.56,2,-0.219704,-0.186007,0.496809,-2.00455,-0.0336976
7.56,3,0.193641,0.197448,-0.0777385,0.00857128,-0.00380718
7.56,4,0.174639,0.214146,-0.233538,-0.199293,-0.0395077
7.56,5,0.457096,0.468497,-0.186806,-0.000962912,-0.011401
7.57,0,1.25809,1.25058,0.099358,0.00235097,0.00751062
7.57,1,0.245247,0.382988,-0.338992,-4.49267,-0.137741
7.57,2,-0.21472,-0.181039,0.496797,-2.00403,-0.0336812
7.57,3,0.192849,0.196671,-0.0777467,0.00843737,-0.00382106
7.57,4,0.17229,0.211811,-0.233542,-0.199394,-0.0395207
7.57,5,0.455228,0.466629,-0.186804,-0.000963299,-0.0114009
7.58,0,1.25909,1.25158,0.0993024,0.0024932,0.00751001
7.58,1,0.241779,0.379598,-0.339069,-4.49556,-0.137819
7.58,2,-0.209735,-0.176071,0.496784,-2.00351,-0.0336646
7.58,3,0.192058,0.195893,-0.0777547,0.00830416,-0.00383486
7.58,4,0.169942,0.209475,-0.233547,-0.199495,-0.0395336
7.58,5,0.45336,0.464761,-0.186801,-0.000963734,-0.0114008
7.59,0,1.26008,1.25257,0.0992515,0.00264241,0.00750992
7.59,1,0.238311,0.376207,-0.339147,-4.49841,-0.137896
7.59,2,-0.204751,-0.171103,0.49677,-2.00298,-0.0336479
7.59,3,0.191267,0.195115,-0.0777625,0.00817164,-0.00384859
7.59,4,0.167594,0.20714,-0.233552,-0.199595,-0.0395465
7.59,5,0.451492,0.462893,-0.186799,-0.000964204,-0.0114008
7.6,0,1.26107,1.25356,0.0992055,0.00279624,0.00751032
7.6,1,0.234842,0.372815,-0.339226,-4.50123,-0.137973
7.6,2,-0.199766,-0.166135,0.496755,-2.00244,-0.0336311
7.6,3,0.190476,0.194338,-0.0777702,0.0080398,-0.00386223
7.6,4,0.165245,0.204804,-0.233558,-0.199695,-0.0395593
7.6,5,0.449624,0.461025,-0.186797,-0.000964693,-0.0114008
7.61,0,1.26207,1.25455,0.0991645,0.00295248,0.00751115
7.61,1,0.231374,0.369422,-0.339306,-4.50402,-0.138048
7.61,2,-0.194782,-0.161168,0.496739,-2.0019,-0.0336141
7.61,3,0.189684,0.19356,-0.0777778,0.00790865,-0.0038758
7.61,4,0.162897,0.202469,-0.233563,-0.199795,-0.039572
7.61,5,0.447756,0.459157,-0.186796,-0.000965192,-0.0114008
7.62,0,1.26306,1.25555,0.0991285,0.00310905,0.00751236
7.62,1,0.227906,0.366029,-0.339388,-4.50677,-0.138123
7.62,2,-0.189798,-0.156201,0.496723,-2.00136,-0.033597
7.62,3,0.188893,0.192782,-0.0777852,0.00777818,-0.00388929
7.62,4,0.160548,0.200133,-0.233568,-0.199894,-0.0395847
7.62,5,0.445888,0.457289,-0.186795,-0.000965687,-0.0114008
7.63,0,1.26405,1.25654,0.0990974,0.00326405,0.00751391
7.63,1,0.224437,0.362635,-0.33947,-4.50948,-0.138197
7.63,2,-0.184813,-0.151233,0.496707,-2.0008,-0.0335797
7.63,3,0.188102,0.192004,-0.0777926,0.0076484,-0.00390271
7.63,4,0.1582,0.197797,-0.233574,-0.199992,-0.0395974
7.63,5,0.44402,0.455421,-0.186793,-0.000966168,-0.0114008
7.64,0,1.26504,1.25753,0.0990712,0.00341571,0.00751573
7.64,1,0.220969,0.359239,-0.339553,-4.51216,-0.138271
7.64,2,-0.179829,-0.146266,0.496689,-2.00024,-0.0335622
7.64,3,0.18731,0.191226,-0.0777999,0.00751931,-0.00391606
7.64,4,0.155852,0.195462,-0.233579,-0.20009,-0.03961
7.64,5,0.442153,0.453553,-0.186793,-0.000966626,-0.0114009
7.65,0,1.26604,1.25852,0.0990498,0.00356244,0.0075178
7.65,1,0.2175,0.355843,-0.339637,-4.51481,-0.138343
7.65,2,-0.174844,-0.1413,0.496672,-1.99968,-0.0335445
7.65,3,0.186519,0.190448,-0.0778071,0.0073909,-0.00392933
7.65,4,0.153503,0.193126,-0.233585,-0.200188,-0.0396225
7.65,5,0.440285,0.451685,-0.186792,-0.000967052,-0.0114009
7.66,0,1.26703,1.25951,0.0990331,0.00370283,0.00752005
7.66,1,0.214032,0.352447,-0.339722,-4.51741,-0.138414
7.66,2,-0.16986,-0.136333,0.496653,-1.99911,-0.0335267
7.66,3,0.185728,0.18967,-0.0778143,0.0072632,-0.00394254
7.66,4,0.151155,0.19079,-0.23359,-0.200285,-0.039635
7.66,5,0.438417,0.449818,-0.186792,-0.000967439,-0.011401
7.67,0,1.26802,1.2605,0.0990207,0.00383561,0.00752245
7.67,1,0.210564,0.349049,-0.339808,-4.51998,-0.138485
7.67,2,-0.164875,-0.131367,0.496635,-1.99853,-0.0335087
7.67,3,0.184936,0.188892,-0.0778214,0.00713619,-0.00395567
7.67,4,0.148807,0.188454,-0.233596,-0.200382,-0.0396475
7.67,5,0.436549,0.44795,-0.186791,-0.00096778,-0.011401
7.68,0,1.26901,1.26149,0.0990126,0.0039597,0.00752494
7.68,1,0.207095,0.34565,-0.339894,-4.52252,-0.138555
7.68,2,-0.159891,-0.1264,0.496616,-1.99795,-0.0334905
7.68,3,0.184145,0.188114,-0.0778286,0.0070099,-0.00396873
7.68,4,0.146458,0.186118,-0.233601,-0.200478,-0.0396598
7.68,5,0.434681,0.446082,-0.186791,-0.000968068,-0.0114011
7.69,0,1.27001,1.26248,0.0990085,0.00407418,0.00752749
7.69,1,0.203627,0.342251,-0.33998,-4.52501,-0.138624
7.69,2,-0.154906,-0.121434,0.496597,-1.99736,-0.0334721
7.69,3,0.183354,0.187335,-0.0778357,0.00688432,-0.00398171
7.69,4,0.14411,0.183782,-0.233606,-0.200574,-0.0396722
7.69,5,0.432813,0.444214,-0.186791,-0.0009683,-0.0114011
7.7,0,1.271,1.26347,0.0990081,0.00417829,0.00753007
7.7,1,0.200159,0.338851,-0.340067,-4.52748,-0.138692
7.7,2,-0.149922,-0.116468,0.496578,-1.99676,-0.0334535
7.7,3,0.182562,0.186557,-0.0778429,0.00675947,-0.00399463
7.7,4,0.141762,0.181446,-0.233611,-0.20067,-0.0396844
7.7,5,0.430945,0.442346,-0.186792,-0.000968472,-0.0114012
7.71,0,1.27199,1.26446,0.0990112,0.00427143,0.00753263
7.71,1,0.19669,0.335449,-0.340155,-4.5299,-0.138759
7.71,2,-0.144937,-0.111503,0.496559,-1.99616,-0.0334347
7.71,3,0.181771,0.185779,-0.0778501,0.00663536,-0.00400747
7.71,4,0.139413,0.17911,-0.233616,-0.200765,-0.0396967
7.71,5,0.429077,0.440478,-0.186792,-0.00096858,-0.0114012
7.72,0,1.27298,1.26545,0.0990174,0.00435316,0.00753514
7.72,1,0.193222,0.332047,-0.340242,-4.53229,-0.138826
7.72,2,-0.139953,-0.106537,0.49654,-1.99555,-0.0334157
7.72,3,0.18098,0.185,-0.0778574,0.00651199,-0.00402024
7.72,4,0.137065,0.176774,-0.23362,-0.200861,-0.0397089
7.72,5,0.427209,0.43861,-0.186793,-0.000968622,-0.0114013
7.73,0,1.27398,1.26644,0.0990265,0.00442316,0.00753757
7.73,1,0.189754,0.328645,-0.34033,-4.53465,-0.138891
7.73,2,-0.134969,-0.101572,0.496521,-1.99494,-0.0333966
7.73,3,0.180188,0.184221,-0.0778647,0.00638938,-0.00403294
7.73,4,0.134716,0.174437,-0.233625,-0.200956,-0.039721
7.73,5,0.425341,0.436742,-0.186794,-0.000968598,-0.0114013
7.74,0,1.27497,1.26743,0.0990382,0.00448127,0.0075399
7.74,1,0.186285,0.325241,-0.340417,-4.53697,-0.138956
7.74,2,-0.129984,-0.0966069,0.496502,-1.99432,-0.0333772
7.74,3,0.179397,0.183443,-0.077872,0.00626753,-0.00404557
7.74,4,0.132368,0.172101,-0.233629,-0.20105,-0.0397331
7.74,5,0.423473,0.434874,-0.186794,-0.000968506,-0.0114014
7.75,0,1.27596,1.26842,0.0990521,0.00452744,0.00754209
7.75,1,0.182817,0.321836,-0.340505,-4.53926,-0.139019
7.75,2,-0.125,-0.0916419,0.496483,-1.9937,-0.0333577
7.75,3,0.178606,0.182664,-0.0778794,0.00614646,-0.00405812
7.75,4,0.13002,0.169765,-0.233633,-0.201145,-0.0397451
7.75,5,0.421605,0.433006,-0.186795,-0.000968348,-0.0114014
7.76,0,1.27696,1.26941,0.099068,0.00456174,0.00754414
7.76,1,0.179348,0.318431,-0.340593,-4.54151,-0.139082
7.76,2,-0.120015,-0.0866772,0.496465,-1.99307,-0.033338
7.76,3,0.177815,0.181885,-0.0778869,0.00602617,-0.0040706
7.76,4,0.127671,0.167428,-0.233637,-0.201239,-0.0397572
7.76,5,0.419737,0.431138,-0.186796,-0.000968123,-0.0114014
7.77,0,1.27795,1.2704,0.0990855,0.00458437,0.00754602
7.77,1,0.17588,0.315024,-0.34068,-4.54372,-0.139144
7.77,2,-0.115031,-0.0817127,0.496447,-1.99244,-0.0333181
7.77,3,0.177023,0.181106,-0.0778944,0.00590667,-0.004083
7.77,4,0.125323,0.165092,-0.23364,-0.201333,-0.0397691
7.77,5,0.417869,0.42927,-0.186797,-0.000967832,-0.0114014
7.78,0,1.27894,1.27139,0.0991044,0.0045956,0.00754772
7.78,1,0.172412,0.311617,-0.340768,-4.5459,-0.139205
7.78,2,-0.110046,-0.0767483,0.496428,-1.9918,-0.033298
7.78,3,0.176232,0.180327,-0.077902,0.00578797,-0.00409532
7.78,4,0.122975,0.162756,-0.233643,-0.201427,-0.0397811
7.78,5,0.416001,0.427402,-0.186798,-0.000967479,-0.0114014
7.79,0,1.27993,1.27238,0.0991243,0.0045958,0.00754922
7.79,1,0.168943,0.308209,-0.340855,-4.54805,-0.139265
7.79,2,-0.105062,-0.0717841,0.496411,-1.99115,-0.0332777
7.79,3,0.175441,0.179548,-0.0779097,0.00567007,-0.00410757
7.79,4,0.120626,0.160419,-0.233646,-0.201521,-0.039793
7.79,5,0.414133,0.425534,-0.186799,-0.000967065,-0.0114014
7.8,0,1.28093,1.27338,0.0991451,0.00458542,0.00755052
7.8,1,0.165475,0.3048,-0.340942,-4.55016,-0.139325
7.8,2,-0.100077,-0.0668201,0.496393,-1.9905,-0.0332573
7.8,3,0.174649,0.178769,-0.0779174,0.00555299,-0.00411975
7.8,4,0.118278,0.158083,-0.233649,-0.201615,-0.0398049
7.8,5,0.412265,0.423666,-0.1868,-0.000966593,-0.0114013
7.81,0,1.28192,1.27437,0.0991664,0.00456497,0.0075516
7.81,1,0.162007,0.30139,-0.341029,-4.55224,-0.139383
7.81,2,-0.0950929,-0.0618563,0.496376,-1.98985,-0.0332367
7.81,3,0.173858,0.17799,-0.0779253,0.00543673,-0.00413184
7.81,4,0.115929,0.155746,-0.233652,-0.201708,-0.0398168
7.81,5,0.410397,0.421798,-0.186801,-0.000966066,-0.0114013
7.82,0,1.28291,1.27536,0.099188,0.00453503,0.00755248
7.82,1,0.158538,0.297979,-0.341115,-4.55428,-0.139441
7.82,2,-0.0901085,-0.0568926,0.496359,-1.9892,-0.0332159
7.82,3,0.173067,0.177211,-0.0779331,0.00532129,-0.00414386
7.82,4,0.113581,0.15341,-0.233654,-0.201802,-0.0398286
7.82,5,0.408529,0.41993,-0.186803,-0.000965488,-0.0114012
7.83,0,1.2839,1.27635,0.0992097,0.00449621,0.00755313
7.83,1,0.15507,0.294567,-0.341201,-4.5563,-0.139497
7.83,2,-0.085124,-0.0519291,0.496343,-1.98853,-0.0331949
7.83,3,0.172275,0.176431,-0.0779411,0.00520669,-0.0041558
7.83,4,0.111233,0.151073,-0.233656,-0.201895,-0.0398404
7.83,5,0.406661,0.418062,-0.186804,-0.000964862,-0.0114012
7.84,0,1.2849,1.27734,0.0992312,0.00444918,0.00755357
7.84,1,0.151602,0.291155,-0.341287,-4.55827,-0.139553
7.84,2,-0.0801396,-0.0469657,0.496327,-1.98787,-0.0331738
7.84,3,0.171484,0.175652,-0.0779491,0.00509292,-0.00416765
7.84,4,0.108884,0.148737,-0.233658,-0.201988,-0.0398522
7.84,5,0.404793,0.416194,-0.186805,-0.000964192,-0.0114011
7.85,0,1.28589,1.27834,0.0992524,0.00439463,0.0075538
7.85,1,0.148133,0.287742,-0.341373,-4.56022,-0.139608
7.85,2,-0.0751551,-0.0420026,0.496311,-1.9872,-0.0331525
7.85,3,0.170693,0.174872,-0.0779572,0.00497999,-0.00417943
7.85,4,0.106536,0.1464,-0.23366,-0.202082,-0.039864
7.85,5,0.402925,0.414326,-0.186806,-0.000963482,-0.011401
7.86,0,1.28688,1.27933,0.0992731,0.00433325,0.00755381
7.86,1,0.144665,0.284327,-0.341458,-4.56213,-0.139663
7.86,2,-0.0701706,-0.0370395,0.496296,-1.98653,-0.0331311
7.86,3,0.169901,0.174093,-0.0779653,0.0048679,-0.00419113
7.86,4,0.104188,0.144063,-0.233662,-0.202175,-0.0398757
7.86,5,0.401057,0.412458,-0.186807,-0.000962736,-0.0114009
7.87,0,1.28787,1.28032,0.0992931,0.00426578,0.00755362
7.87,1,0.141196,0.280912,-0.341543,-4.56401,-0.139716
7.87,2,-0.0651862,-0.0320767,0.496281,-1.98585,-0.0331095
7.87,3,0.16911,0.173313,-0.0779735,0.00475666,-0.00420274
7.87,4,0.101839,0.141727,-0.233663,-0.202268,-0.0398875
7.87,5,0.399189,0.41059,-0.186807,-0.000961958,-0.0114008
7.88,0,1.28887,1.28131,0.0993123,0.00419294,0.00755324
7.88,1,0.137728,0.277496,-0.341627,-4.56585,-0.139768
7.88,2,-0.0602017,-0.0271139,0.496266,-1.98517,-0.0330878
7.88,3,0.168319,0.172533,-0.0779817,0.00464626,-0.00421427
7.88,4,0.0994909,0.13939,-0.233665,-0.202361,-0.0398992
7.88,5,0.397321,0.408722,-0.186808,-0.000961152,-0.0114007
7.89,0,1.28986,1.28231,0.0993305,0.00411544,0.00755267
7.89,1,0.13426,0.27408,-0.341712,-4.56766,-0.13982
7.89,2,-0.0552173,-0.0221513,0.496252,-1.98448,-0.033066
7.89,3,0.167527,0.171753,-0.0779899,0.00453671,-0.00422572
7.89,4,0.0971426,0.137053,-0.233666,-0.202454,-0.0399109
7.89,5,0.395453,0.406854,-0.186809,-0.000960323,-0.0114006
7.9,0,1.29085,1.2833,0.0993477,0.004034,0.00755193
7.9,1,0.130791,0.270662,-0.341796,-4.56944,-0.139871
7.9,2,-0.0502328,-0.0171889,0.496238,-1.9838,-0.0330439
7.9,3,0.166736,0.170973,-0.0779982,0.00442801,-0.00423709
7.9,4,0.0947942,0.134717,-0.233667,-0.202547,-0.0399226
7.9,5,0.393585,0.404986,-0.18681,-0.000959474,-0.0114005
7.91,0,1.29185,1.28429,0.0993638,0.00394931,0.00755102
7.91,1,0.127323,0.267244,-0.341879,-4.57119,-0.139921
7.91,2,-0.0452484,-0.0122266,0.496225,-1.9831,-0.0330218
7.91,3,0.165945,0.170193,-0.0780065,0.00432015,-0.00424838
7.91,4,0.0924458,0.13238,-0.233668,-0.20264,-0.0399343
7.91,5,0.391717,0.403118,-0.186811,-0.000958609,-0.0114004
7.92,0,1.29284,1.28529,0.0993786,0.00386206,0.00754995
7.92,1,0.123855,0.263824,-0.341963,-4.5729,-0.13997
7.92,2,-0.0402639,-0.0072644,0.496212,-1.98241,-0.0329995
7.92,3,0.165154,0.169413,-0.0780149,0.00421314,-0.00425958
7.92,4,0.0900975,0.130043,-0.233669,-0.202733,-0.039946
7.92,5,0.389849,0.40125,-0.186811,-0.000957732,-0.0114002
7.93,0,1.29383,1.28628,0.0993923,0.00377288,0.00754874
7.93,1,0.120386,0.260404,-0.342046,-4.57459,-0.140018
7.93,2,-0.0352795,-0.00230236,0.496199,-1.98171,-0.0329771
7.93,3,0.164362,0.168633,-0.0780232,0.00410698,-0.0042707
7.93,4,0.0877491,0.127707,-0.23367,-0.202826,-0.0399576
7.93,5,0.387981,0.399381,-0.186812,-0.000956846,-0.0114001
7.94,0,1.29482,1.28728,0.0994046,0.0036824,0.0075474
7.94,1,0.116918,0.256983,-0.342129,-4.57624,-0.140066
7.94,2,-0.030295,0.00265956,0.496186,-1.98101,-0.0329546
7.94,3,0.163571,0.167853,-0.0780316,0.00400167,-0.00428173
7.94,4,0.0854007,0.12537,-0.233671,-0.202919,-0.0399693
7.94,5,0.386113,0.397513,-0.186812,-0.000955954,-0.0113999
7.95,0,1.29582,1.28827,0.0994156,0.0035912,0.00754595
7.95,1,0.11345,0.253562,-0.342212,-4.57785,-0.140112
7.95,2,-0.0253106,0.00762135,0.496174,-1.9803,-0.0329319
7.95,3,0.16278,0.167072,-0.07804,0.00389719,-0.00429268
7.95,4,0.0830524,0.123033,-0.233671,-0.203012,-0.039981
7.95,5,0.384245,0.395645,-0.186813,-0.000955061,-0.0113998
7.96,0,1.29681,1.28926,0.0994253,0.00349983,0.00754439
7.96,1,0.109981,0.250139,-0.342294,-4.57944,-0.140158
7.96,2,-0.0203261,0.012583,0.496161,-1.9796,-0.0329091
7.96,3,0.161988,0.166292,-0.0780484,0.00379356,-0.00430355
7.96,4,0.080704,0.120697,-0.233672,-0.203105,-0.0399926
7.96,5,0.382378,0.393777,-0.186813,-0.000954168,-0.0113996
7.97,0,1.2978,1.29026,0.0994337,0.00340879,0.00754275
7.97,1,0.106513,0.246716,-0.342377,-4.58099,-0.140203
7.97,2,-0.0153417,0.0175446,0.496149,-1.97889,-0.0328862
7.97,3,0.161197,0.165511,-0.0780568,0.00369077,-0.00431433
7.97,4,0.0783556,0.11836,-0.233673,-0.203198,-0.0400042
7.97,5,0.38051,0.391909,-0.186813,-0.000953279,-0.0113994
7.98,0,1.29879,1.29125,0.0994408,0.00331856,0.00754103
7.98,1,0.103044,0.243292,-0.342459,-4.58251,-0.140247
7.98,2,-0.0103572,0.022506,0.496138,-1.97817,-0.0328632
7.98,3,0.160406,0.164731,-0.0780652,0.00358882,-0.00432503
7.98,4,0.0760073,0.116023,-0.233673,-0.20329,-0.0400159
7.98,5,0.378642,0.390041,-0.186813,-0.000952396,-0.0113993
7.99,0,1.29979,1.29225,0.0994467,0.00322954,0.00753924
7.99,1,0.0995761,0.239866,-0.342541,-4.58399,-0.14029
7.99,2,-0.00537276,0.0274673,0.496126,-1.97745,-0.0328401
7.99,3,0.159614,0.16395,-0.0780735,0.00348769,-0.00433564
7.99,4,0.0736589,0.113686,-0.233674,-0.203383,-0.0400275
7.99,5,0.376774,0.388173,-0.186814,-0.000951521,-0.0113991
8,0,1.30078,1.29324,0.0994513,0.00314213,0.0075374
8,1,0.0961077,0.236441,-0.342623,-4.58545,-0.140333
8,2,-0.000388306,0.0324285,0.496114,-1.97673,-0.0328168
8,3,0.158823,0.163169,-0.0780819,0.00338741,-0.00434617
8,4,0.0713105,0.11135,-0.233675,-0.203476,-0.0400391
8,5,0.374906,0.386305,-0.186814,-0.000950656,-0.011399
8.01,0,1.30177,1.29424,0.0994547,0.00305666,0.00753552
8.01,1,0.0926394,0.233014,-0.342706,-4.58687,-0.140375
8.01,2,0.00459615,0.0373896,0.496103,-1.97601,-0.0327934
8.01,3,0.158032,0.162388,-0.0780903,0.00328795,-0.00435662
8.01,4,0.0689622,0.109013,-0.233676,-0.203568,-0.0400507
8.01,5,0.373038,0.384436,-0.186814,-0.000949803,-0.0113988
8.02,0,1.30276,1.29523,0.0994571,0.00297342,0.00753362
8.02,1,0.089171,0.229586,-0.342788,-4.58825,-0.140415
8.02,2,0.0095806,0.0423505,0.496092,-1.97528,-0.0327699
8.02,3,0.15724,0.161607,-0.0780986,0.00318931,-0.00436698
8.02,4,0.0666138,0.106676,-0.233677,-0.203661,-0.0400623
8.02,5,0.37117,0.382568,-0.186814,-0.000948964,-0.0113986
8.03,0,1.30376,1.29623,0.0994583,0.00289266,0.00753169
8.03,1,0.0857027,0.226158,-0.34287,-4.58961,-0.140455
8.03,2,0.0145651,0.0473114,0.49608,-1.97455,-0.0327464
8.03,3,0.156449,0.160826,-0.0781069,0.00309151,-0.00437727
8.03,4,0.0642654,0.104339,-0.233677,-0.203753,-0.0400739
8.03,5,0.369302,0.3807,-0.186814,-0.000948139,-0.0113984
8.04,0,1.30475,1.29722,0.0994586,0.00281458,0.00752976
8.04,1,0.0822343,0.222729,-0.342952,-4.59093,-0.140495
8.04,2,0.0195495,0.0522721,0.496069,-1.97382,-0.0327226
8.04,3,0.155658,0.160045,-0.0781152,0.00299452,-0.00438746
8.04,4,0.0619171,0.102003,-0.233678,-0.203845,-0.0400855
8.04,5,0.367434,0.378832,-0.186814,-0.00094733,-0.0113983
8.05,0,1.30574,1.29821,0.099458,0.00273936,0.00752783
8.05,1,0.0787659,0.219299,-0.343034,-4.59222,-0.140533
8.05,2,0.024534,0.0572328,0.496058,-1.97308,-0.0326988
8.05,3,0.154866,0.159264,-0.0781235,0.00289835,-0.00439758
8.05,4,0.0595687,0.0996658,-0.233679,-0.203937,-0.0400971
8.05,5,0.365566,0.376964,-0.186813,-0.000946537,-0.0113981
8.06,0,1.30673,1.29921,0.0994565,0.0026671,0.00752591
8.06,1,0.0752976,0.215868,-0.343117,-4.59347,-0.140571
8.06,2,0.0295184,0.0621933,0.496047,-1.97234,-0.0326749
8.06,3,0.154075,0.158483,-0.0781318,0.00280301,-0.00440761
8.06,4,0.0572203,0.097329,-0.233681,-0.204029,-0.0401087
8.06,5,0.363698,0.375096,-0.186813,-0.000945761,-0.011398
8.07,0,1.30773,1.3002,0.0994542,0.0025979,0.00752401
8.07,1,0.0718292,0.212437,-0.343199,-4.5947,-0.140607
8.07,2,0.0345029,0.0671537,0.496036,-1.9716,-0.0326508
8.07,3,0.153284,0.157701,-0.0781401,0.00270847,-0.00441756
8.07,4,0.054872,0.0949922,-0.233682,-0.204121,-0.0401202
8.07,5,0.36183,0.373228,-0.186813,-0.000945003,-0.0113978
8.08,0,1.30872,1.3012,0.0994513,0.00253181,0.00752214
8.08,1,0.0683608,0.209004,-0.343282,-4.59589,-0.140643
8.08,2,0.0394873,0.072114,0.496025,-1.97085,-0.0326267
8.08,3,0.152493,0.15692,-0.0781483,0.00261475,-0.00442742
8.08,4,0.0525236,0.0926554,-0.233683,-0.204213,-0.0401318
8.08,5,0.359962,0.37136,-0.186813,-0.000944263,-0.0113976
8.09,0,1.30971,1.30219,0.0994478,0.00246885,0.0075203
8.09,1,0.0648925,0.205571,-0.343365,-4.59704,-0.140678
8.09,2,0.0444718,0.0770742,0.496014,-1.9701,-0.0326024
8.09,3,0.151701,0.156138,-0.0781565,0.00252185,-0.00443721
8.09,4,0.0501752,0.0903185,-0.233684,-0.204304,-0.0401433
8.09,5,0.358094,0.369491,-0.186813,-0.00094354,-0.0113975
8.1,0,1.31071,1.30319,0.0994437,0.00240899,0.0075185
8.1,1,0.0614241,0.202137,-0.343448,-4.59816,-0.140713
8.1,2,0.0494562,0.0820343,0.496003,-1.96935,-0.0325781
8.1,3,0.15091,0.155357,-0.0781647,0.00242975,-0.00444691
8.1,4,0.0478269,0.0879817,-0.233686,-0.204396,-0.0401548
8.1,5,0.356226,0.367623,-0.186812,-0.000942834,-0.0113973
8.11,0,1.3117,1.30418,0.0994392,0.0023522,0.00751674
8.11,1,0.0579557,0.198702,-0.343531,-4.59925,-0.140746
8.11,2,0.0544407,0.0869942,0.495992,-1.96859,-0.0325536
8.11,3,0.150119,0.154575,-0.0781729,0.00233847,-0.00445653
8.11,4,0.0454785,0.0856448,-0.233687,-0.204487,-0.0401663
8.11,5,0.354358,0.365755,-0.186812,-0.000942146,-0.0113972
8.12,0,1.31269,1.30518,0.0994343,0.0022984,0.00751503
8.12,1,0.0544874,0.195266,-0.343614,-4.6003,-0.140779
8.12,2,0.0594251,0.0919541,0.49598,-1.96783,-0.032529
8.12,3,0.149327,0.153793,-0.0781811,0.00224799,-0.00446607
8.12,4,0.0431301,0.0833079,-0.233689,-0.204578,-0.0401778
8.12,5,0.35249,0.363887,-0.186812,-0.000941474,-0.011397
8.13,0,1.31368,1.30617,0.0994291,0.0022475,0.00751337
8.13,1,0.051019,0.191829,-0.343697,-4.60133,-0.14081
8.13,2,0.0644096,0.0969138,0.495969,-1.96707,-0.0325043
8.13,3,0.148536,0.153011,-0.0781893,0.00215833,-0.00447552
8.13,4,0.0407818,0.080971,-0.233691,-0.204669,-0.0401893
8.13,5,0.350622,0.362019,-0.186812,-0.000940819,-0.0113969
8.14,0,1.31468,1.30716,0.0994237,0.00219938,0.00751177
8.14,1,0.0475506,0.188392,-0.343781,-4.60231,-0.140841
8.14,2,0.069394,0.101873,0.495958,-1.9663,-0.0324794
8.14,3,0.147745,0.15223,-0.0781974,0.00206947,-0.0044849
8.14,4,0.0384334,0.0786341,-0.233692,-0.20476,-0.0402007
8.14,5,0.348754,0.360151,-0.186811,-0.000940178,-0.0113967
8.15,0,1.31567,1.30816,0.0994182,0.0021539,0.00751021
8.15,1,0.0440823,0.184954,-0.343865,-4.60326,-0.140871
8.15,2,0.0743785,0.106833,0.495946,-1.96553,-0.0324545
8.15,3,0.146953,0.151448,-0.0782056,0.00198142,-0.00449419
8.15,4,0.036085,0.0762972,-0.233694,-0.20485,-0.0402122
8.15,5,0.346886,0.358283,-0.186811,-0.000939553,-0.0113966
8.16,0,1.31666,1.30915,0.0994126,0.00211092,0.00750872
8.16,1,0.0406139,0.181515,-0.343949,-4.60418,-0.140901
8.16,2,0.0793629,0.111792,0.495935,-1.96475,-0.0324294
8.16,3,0.146162,0.150665,-0.0782137,0.00189418,-0.0045034
8.16,4,0.0337367,0.0739602,-0.233696,-0.20494,-0.0402236
8.16,5,0.345018,0.356415,-0.186811,-0.000938941,-0.0113964
8.17,0,1.31765,1.31015,0.0994069,0.00207027,0.00750728
8.17,1,0.0371456,0.178075,-0.344033,-4.60506,-0.140929
8.17,2,0.0843474,0.116752,0.495923,-1.96397,-0.0324043
8.17,3,0.145371,0.149883,-0.0782218,0.00180775,-0.00451253
8.17,4,0.0313883,0.0716233,-0.233698,-0.205031,-0.040235
8.17,5,0.34315,0.354546,-0.18681,-0.000938342,-0.0113963
8.18,0,1.31865,1.31114,0.0994013,0.00203178,0.00750589
8.18,1,0.0336772,0.174634,-0.344118,-4.60591,-0.140957
8.18,2,0.0893318,0.121711,0.495912,-1.96319,-0.032379
8.18,3,0.144579,0.149101,-0.0782299,0.00172213,-0.00452158
8.18,4,0.0290399,0.0692863,-0.233701,-0.20512,-0.0402463
8.18,5,0.341282,0.352678,-0.18681,-0.000937754,-0.0113962
8.19,0,1.31964,1.31213,0.0993958,0.00199525,0.00750456
8.19,1,0.0302088,0.171192,-0.344203,-4.60673,-0.140983
8.19,2,0.0943163,0.12667,0.4959,-1.96241,-0.0323536
8.19,3,0.143788,0.148319,-0.0782381,0.00163732,-0.00453055
8.19,4,0.0266916,0.0669492,-0.233703,-0.20521,-0.0402577
8.19,5,0.339414,0.35081,-0.18681,-0.000937178,-0.011396
8.2,0,1.32063,1.31313,0.0993904,0.00196051,0.00750329
8.2,1,0.0267405,0.16775,-0.344288,-4.60751,-0.141009
8.2,2,0.0993008,0.131629,0.495888,-1.96162,-0.0323281
8.2,3,0.142997,0.147536,-0.0782462,0.00155332,-0.00453944
8.2,4,0.0243432,0.0646122,-0.233705,-0.2053,-0.040269
8.2,5,0.337546,0.348942,-0.18681,-0.000936611,-0.0113959
8.21,0,1.32162,1.31412,0.0993851,0.00192736,0.00750207
8.21,1,0.0232721,0.164306,-0.344373,-4.60825,-0.141034
8.21,2,0.104285,0.136588,0.495876,-1.96083,-0.0323024
8.21,3,0.142205,0.146754,-0.0782543,0.00147013,-0.00454825
8.21,4,0.0219948,0.0622751,-0.233707,-0.205389,-0.0402803
8.21,5,0.335678,0.347074,-0.186809,-0.000936053,-0.0113958
8.22,0,1.32262,1.31512,0.0993801,0.00189561,0.0075009
8.22,1,0.0198037,0.160862,-0.344458,-4.60896,-0.141058
8.22,2,0.10927,0.141546,0.495865,-1.96003,-0.0322767
8.22,3,0.141414,0.145971,-0.0782624,0.00138776,-0.00455697
8.22,4,0.0196465,0.059938,-0.23371,-0.205478,-0.0402916
8.22,5,0.33381,0.345206,-0.186809,-0.000935502,-0.0113957
8.23,0,1.32361,1.31611,0.0993754,0.00186505,0.00749978
8.23,1,0.0163354,0.157417,-0.344544,-4.60964,-0.141082
8.23,2,0.114254,0.146505,0.495853,-1.95923,-0.0322508
8.23,3,0.140623,0.145188,-0.0782706,0.0013062,-0.00456561
8.23,4,0.0172981,0.0576009,-0.233712,-0.205566,-0.0403028
8.23,5,0.331942,0.343338,-0.186809,-0.000934959,-0.0113955
8.24,0,1.3246,1.3171,0.0993709,0.0018355,0.00749871
8.24,1,0.012867,0.153971,-0.34463,-4.61028,-0.141104
8.24,2,0.119239,0.151463,0.495841,-1.95843,-0.0322248
8.24,3,0.139832,0.144406,-0.0782787,0.00122546,-0.00457418
8.24,4,0.0149497,0.0552638,-0.233715,-0.205655,-0.0403141
8.24,5,0.330074,0.34147,-0.186809,-0.00093442,-0.0113954
8.25,0,1.3256,1.3181,0.0993667,0.00180677,0.00749767
8.25,1,0.00939865,0.150524,-0.344716,-4.61089,-0.141126
8.25,2,0.124223,0.156422,0.495829,-1.95762,-0.0321987
8.25,3,0.13904,0.143623,-0.0782868,0.00114554,-0.00458266
8.25,4,0.0126014,0.0529266,-0.233718,-0.205743,-0.0403253
8.25,5,0.328206,0.339602,-0.186809,-0.000933886,-0.0113953
8.26,0,1.32659,1.31909,0.0993629,0.00177868,0.00749668
8.26,1,0.00593028,0.147077,-0.344802,-4.61146,-0.141147
8.26,2,0.129207,0.16138,0.495817,-1.95681,-0.0321725
8.26,3,0.138249,0.14284,-0.078295,0.00106644,-0.00459106
8.26,4,0.010253,0.0505894,-0.23372,-0.205831,-0.0403364
8.26,5,0.326338,0.337734,-0.186808,-0.000933356,-0.0113952
8.27,0,1.32758,1.32008,0.0993594,0.00175106,0.00749573
8.27,1,0.00246192,0.143628,-0.344888,-4.61199,-0.141166
8.27,2,0.134192,0.166338,0.495804,-1.95599,-0.0321461
8.27,3,0.137458,0.142057,-0.0783032,0.000988166,-0.00459937
8.27,4,0.00790463,0.0482522,-0.233723,-0.205919,-0.0403476
8.27,5,0.32447,0.335866,-0.186808,-0.000932829,-0.0113951
8.28,0,1.32857,1.32108,0.0993562,0.00172372,0.00749481
8.28,1,-0.00100645,0.140179,-0.344975,-4.61249,-0.141185
8.28,2,0.139176,0.171296,0.495792,-1.95517,-0.0321196
8.28,3,0.136666,0.141274,-0.0783113,0.000910712,-0.00460761
8.28,4,0.00555626,0.045915,-0.233726,-0.206007,-0.0403587
8.28,5,0.322602,0.333997,-0.186808,-0.000932303,-0.011395
8.29,0,1.32957,1.32207,0.0993534,0.00169652,0.00749392
8.29,1,-0.00447481,0.136729,-0.345061,-4.61296,-0.141204
8.29,2,0.144161,0.176254,0.49578,-1.95435,-0.032093
8.29,3,0.135875,0.140491,-0.0783195,0.000834085,-0.00461576
8.29,4,0.0032079,0.0435777,-0.233729,-0.206094,-0.0403698
8.29,5,0.320735,0.332129,-0.186808,-0.000931778,-0.0113948
8.3,0,1.33056,1.32307,0.0993509,0.0016693,0.00749305
8.3,1,-0.00794317,0.133278,-0.345148,-4.61339,-0.141221
8.3,2,0.149145,0.181212,0.495768,-1.95353,-0.0320663
8.3,3,0.135084,0.139707,-0.0783277,0.000758285,-0.00462383
8.3,4,0.000859529,0.0412404,-0.233731,-0.206181,-0.0403809
8.3,5,0.318867,0.330261,-0.186808,-0.000931253,-0.0113947
8.31,0,1.33155,1.32406,0.0993488,0.00164193,0.00749221
8.31,1,-0.0114115,0.129826,-0.345235,-4.61378,-0.141237
8.31,2,0.15413,0.186169,0.495756,-1.9527,-0.0320395
8.31,3,0.134292,0.138924,-0.0783359,0.000683314,-0.00463182
8.31,4,-0.00148884,0.0389031,-0.233734,-0.206268,-0.0403919
8.31,5,0.316999,0.328393,-0.186808,-0.000930727,-0.0113946
8.32,0,1.33254,1.32505,0.099347,0.00161428,0.00749138
8.32,1,-0.0148799,0.126373,-0.345322,-4.61414,-0.141253
8.32,2,0.159114,0.191127,0.495743,-1.95186,-0.0320125
8.32,3,0.133501,0.138141,-0.0783442,0.000609175,-0.00463973
8.32,4,-0.0038372,0.0365657,-0.233737,-0.206355,-0.0404029
8.32,5,0.315131,0.326525,-0.186808,-0.0009302,-0.0113945
8.33,0,1.33354,1.32605,0.0993456,0.00158623,0.00749058
8.33,1,-0.0183483,0.122919,-0.345409,-4.61447,-0.141267
8.33,2,0.164099,0.196084,0.495731,-1.95103,-0.0319854
8.33,3,0.13271,0.137357,-0.0783524,0.000535868,-0.00464756
8.33,4,-0.00618557,0.0342283,-0.23374,-0.206441,-0.0404139
8.33,5,0.313263,0.324657,-0.186808,-0.000929671,-0.0113944
8.34,0,1.33453,1.32704,0.0993445,0.00155768,0.00748978
8.34,1,-0.0218166,0.119465,-0.345497,-4.61476,-0.141281
8.34,2,0.169083,0.201041,0.495719,-1.95019,-0.0319582
8.34,3,0.131918,0.136574,-0.0783607,0.000463395,-0.0046553
8.34,4,-0.00853394,0.0318909,-0.233743,-0.206527,-0.0404248
8.34,5,0.311395,0.322789,-0.186808,-0.00092914,-0.0113943
8.35,0,1.33552,1.32803,0.0993437,0.00152854,0.00748899
8.35,1,-0.025285,0.116009,-0.345584,-4.61501,-0.141294
8.35,2,0.174068,0.205998,0.495707,-1.94934,-0.0319309
8.35,3,0.131127,0.13579,-0.0783689,0.000391758,-0.00466296
8.35,4,-0.0108823,0.0295535,-0.233746,-0.206613,-0.0404358
8.35,5,0.309527,0.320921,-0.186808,-0.000928606,-0.0113942
8.36,0,1.33651,1.32903,0.0993433,0.00149872,0.00748821
8.36,1,-0.0287534,0.112553,-0.345672,-4.61523,-0.141306
8.36,2,0.179052,0.210955,0.495695,-1.94849,-0.0319034
8.36,3,0.130336,0.135006,-0.0783772,0.000320958,-0.00467054
8.36,4,-0.0132307,0.027216,-0.233749,-0.206699,-0.0404467
8.36,5,0.307659,0.319053,-0.186808,-0.000928069,-0.0113941
8.37,0,1.33751,1.33002,0.0993431,0.00146815,0.00748744
8.37,1,-0.0322217,0.109096,-0.345759,-4.61542,-0.141317
8.37,2,0.184036,0.215912,0.495683,-1.94764,-0.0318759
8.37,3,0.129544,0.134223,-0.0783855,0.000250996,-0.00467803
8.37,4,-0.015579,0.0248785,-0.233752,-0.206784,-0.0404575
8.37,5,0.305791,0.317185,-0.186808,-0.000927528,-0.011394
8.38,0,1.3385,1.33101,0.0993432,0.00143679,0.00748666
8.38,1,-0.0356901,0.105638,-0.345847,-4.61556,-0.141328
8.38,2,0.189021,0.220869,0.495671,-1.94679,-0.0318482
8.38,3,0.128753,0.133439,-0.0783939,0.000181873,-0.00468544
8.38,4,-0.0179274,0.0225409,-0.233755,-0.206869,-0.0404683
8.38,5,0.303923,0.315317,-0.186808,-0.000926983,-0.0113939
8.39,0,1.33949,1.33201,0.0993435,0.00140459,0.00748588
8.39,1,-0.0391584,0.102179,-0.345935,-4.61568,-0.141337
8.39,2,0.194005,0.225826,0.495658,-1.94593,-0.0318204
8.39,3,0.127962,0.132655,-0.0784022,0.000113591,-0.00469277
8.39,4,-0.0202758,0.0202034,-0.233758,-0.206954,-0.0404792
8.39,5,0.302055,0.313449,-0.186808,-0.000926433,-0.0113938
8.4,0,1.34049,1.333,0.0993441,0.0013715,0.0074851
8.4,1,-0.0426268,0.0987188,-0.346023,-4.61576,-0.141346
8.4,2,0.19899,0.230782,0.495646,-1.94507,-0.0317924
8.4,3,0.127171,0.131871,-0.0784105,4.61492e-05,-0.00470002
8.4,4,-0.0226241,0.0178658,-0.23376,-0.207039,-0.0404899
8.4,5,0.300187,0.31158,-0.186808,-0.00092588,-0.0113936
8.41,0,1.34148,1.33399,0.0993449,0.00133751,0.00748431
8.41,1,-0.0460952,0.0952581,-0.346111,-4.6158,-0.141353
8.41,2,0.203974,0.235739,0.495634,-1.9442,-0.0317644
8.41,3,0.126379,0.131086,-0.0784189,-2.04506e-05,-0.00470718
8.41,4,-0.0249725,0.0155282,-0.233763,-0.207124,-0.0405007
8.41,5,0.298319,0.309712,-0.186808,-0.000925322,-0.0113935
8.42,0,1.34247,1.33499,0.0993459,0.00130261,0.00748351
8.42,1,-0.0495635,0.0917965,-0.346199,-4.6158,-0.14136
8.42,2,0.208959,0.240695,0.495623,-1.94333,-0.0317362
8.42,3,0.125588,0.130302,-0.0784272,-8.62082e-05,-0.00471426
8.42,4,-0.0273209,0.0131905,-0.233766,-0.207208,-0.0405114
8.42,5,0.296451,0.307844,-0.186808,-0.00092476,-0.0113934
8.43,0,1.34346,1.33598,0.099347,0.00126678,0.0074827
8.43,1,-0.0530319,0.088334,-0.346287,-4.61578,-0.141366
8.43,2,0.213943,0.245651,0.495611,-1.94246,-0.0317079
8.43,3,0.124797,0.129518,-0.0784356,-0.000151123,-0.00472125
8.43,4,-0.0296692,0.0108528,-0.233769,-0.207292,-0.0405221
8.43,5,0.294583,0.305976,-0.186808,-0.000924193,-0.0113933
8.44,0,1.34446,1.33697,0.0993483,0.00123004,0.00748187
8.44,1,-0.0565003,0.0848707,-0.346375,-4.61571,-0.141371
8.44,2,0.218928,0.250607,0.495599,-1.94158,-0.0316795
8.44,3,0.124005,0.128733,-0.078444,-0.000215195,-0.00472816
8.44,4,-0.0320176,0.00851514,-0.233772,-0.207376,-0.0405327
8.44,5,0.292715,0.304108,-0.186808,-0.000923622,-0.0113932
8.45,0,1.34545,1.33797,0.0993497,0.00119239,0.00748104
8.45,1,-0.0599686,0.0814064,-0.346463,-4.61561,-0.141375
8.45,2,0.223912,0.255563,0.495587,-1.9407,-0.031651
8.45,3,0.123214,0.127949,-0.0784524,-0.000278424,-0.00473499
8.45,4,-0.034366,0.00617741,-0.233775,-0.20746,-0.0405434
8.45,5,0.290847,0.30224,-0.186808,-0.000923046,-0.0113931
8.46,0,1.34644,1.33896,0.0993512,0.00115386,0.00748019
8.46,1,-0.063437,0.0779413,-0.346551,-4.61548,-0.141378
8.46,2,0.228897,0.260519,0.495576,-1.93982,-0.0316223
8.46,3,0.122423,0.127164,-0.0784608,-0.00034081,-0.00474173
8.46,4,-0.0367143,0.00383964,-0.233777,-0.207543,-0.040554
8.46,5,0.288979,0.300372,-0.186808,-0.000922466,-0.011393
8.47,0,1.34743,1.33995,0.0993528,0.00111448,0.00747932
8.47,1,-0.0669054,0.0744753,-0.346639,-4.61531,-0.141381
8.47,2,0.233881,0.265475,0.495564,-1.93893,-0.0315936
8.47,3,0.121631,0.12638,-0.0784692,-0.000402353,-0.00474839
8.47,4,-0.0390627,0.00150185,-0.23378,-0.207626,-0.0405646
8.47,5,0.287111,0.298504,-0.186808,-0.000921882,-0.0113929
8.48,0,1.34843,1.34095,0.0993544,0.00107427,0.00747844
8.48,1,-0.0703737,0.0710084,-0.346727,-4.61511,-0.141382
8.48,2,0.238865,0.27043,0.495552,-1.93805,-0.0315647
8.48,3,0.12084,0.125595,-0.0784776,-0.000463054,-0.00475496
8.48,4,-0.0414111,-0.000835965,-0.233783,-0.207709,-0.0405751
8.48,5,0.285243,0.296636,-0.186808,-0.000921294,-0.0113928
8.49,0,1.34942,1.34194,0.0993561,0.00103328,0.00747754
8.49,1,-0.0738421,0.0675407,-0.346815,-4.61487,-0.141383
8.49,2,0.24385,0.275386,0.495541,-1.93715,-0.0315357
8.49,3,0.120049,0.12481,-0.078486,-0.000522913,-0.00476145
8.49,4,-0.0437594,-0.00317381,-0.233786,-0.207792,-0.0405856
8.49,5,0.283375,0.294768,-0.186808,-0.000920703,-0.0113926
8.5,0,1.35041,1.34294,0.0993578,0.000991546,0.00747662
8.5,1,-0.0773105,0.064072,-0.346903,-4.61459,-0.141383
8.5,2,0.248834,0.280341,0.49553,-1.93626,-0.0315066
8.5,3,0.119257,0.124025,-0.0784944,-0.00058193,-0.00476786
8.5,4,-0.0461078,-0.00551168,-0.233789,-0.207875,-0.0405961
8.5,5,0.281507,0.2929,-0.186808,-0.000920108,-0.0113925
8.51,0,1.3514,1.34393,0.0993595,0.000949117,0.00747569
8.51,1,-0.0807788,0.0606025,-0.346992,-4.61428,-0.141381
8.51,2,0.253819,0.285296,0.495518,-1.93536,-0.0314774
8.51,3,0.118466,0.12324,-0.0785028,-0.000640106,-0.00477418
8.51,4,-0.0484562,-0.00784959,-0.233791,-0.207957,-0.0406066
8.51,5,0.279639,0.291032,-0.186809,-0.00091951,-0.0113924
8.52,0,1.3524,1.34492,0.0993612,0.000906042,0.00747474
8.52,1,-0.0842472,0.0571321,-0.34708,-4.61393,-0.141379
8.52,2,0.258803,0.290251,0.495507,-1.93445,-0.031448
8.52,3,0.117675,0.122455,-0.0785112,-0.000697442,-0.00478042
8.52,4,-0.0508045,-0.0101875,-0.233794,-0.208039,-0.040617
8.52,5,0.277771,0.289164,-0.186809,-0.000918909,-0.0113923
8.53,0,1.35339,1.34592,0.0993629,0.000862374,0.00747377
8.53,1,-0.0877155,0.0536608,-0.347168,-4.61355,-0.141376
8.53,2,0.263788,0.295206,0.495496,-1.93355,-0.0314186
8.53,3,0.116883,0.12167,-0.0785196,-0.000753939,-0.00478657
8.53,4,-0.0531529,-0.0125255,-0.233797,-0.208121,-0.0406274
8.53,5,0.275903,0.287295,-0.186809,-0.000918305,-0.0113922
8.54,0,1.35438,1.34691,0.0993645,0.000818167,0.00747279
8.54,1,-0.0911839,0.0501887,-0.347256,-4.61313,-0.141373
8.54,2,0.268772,0.300161,0.495485,-1.93264,-0.031389
8.54,3,0.116092,0.120885,-0.078528,-0.000809597,-0.00479264
8.54,4,-0.0555013,-0.0148635,-0.233799,-0.208203,-0.0406378
8.54,5,0.274035,0.285427,-0.186809,-0.000917699,-0.0113921
8.55,0,1.35537,1.3479,0.0993661,0.000773476,0.00747179
8.55,1,-0.0946523,0.0467156,-0.347345,-4.61268,-0.141368
8.55,2,0.273757,0.305116,0.495474,-1.93173,-0.0313594
8.55,3,0.115301,0.120099,-0.0785364,-0.000864419,-0.00479863
8.55,4,-0.0578496,-0.0172015,-0.233802,-0.208284,-0.0406482
8.55,5,0.272167,0.283559,-0.186809,-0.000917091,-0.0113919
8.56,0,1.35637,1.3489,0.0993676,0.000728357,0.00747078
8.56,1,-0.0981206,0.0432417,-0.347433,-4.61219,-0.141362
8.56,2,0.278741,0.310071,0.495463,-1.93081,-0.0313296
8.56,3,0.11451,0.119314,-0.0785448,-0.000918403,-0.00480453
8.56,4,-0.060198,-0.0195395,-0.233805,-0.208366,-0.0406585
8.56,5,0.270299,0.281691,-0.186809,-0.000916482,-0.0113918
8.57,0,1.35736,1.34989,0.099369,0.000682865,0.00746975
8.57,1,-0.101589,0.0397669,-0.347521,-4.61167,-0.141356
8.57,2,0.283726,0.315025,0.495452,-1.92989,-0.0312997
8.57,3,0.113718,0.118529,-0.0785532,-0.000971553,-0.00481035
8.57,4,-0.0625464,-0.0218776,-0.233808,-0.208447,-0.0406688
8.57,5,0.268431,0.279823,-0.186809,-0.00091587,-0.0113917
8.58,0,1.35835,1.35088,0.0993704,0.000637056,0.0074687
8.58,1,-0.105057,0.0362912,-0.347609,-4.61111,-0.141349
8.58,2,0.28871,0.31998,0.495441,-1.92897,-0.0312697
8.58,3,0.112927,0.117743,-0.0785616,-0.00102387,-0.00481608
8.58,4,-0.0648947,-0.0242157,-0.23381,-0.208527,-0.0406791
8.58,5,0.266563,0.277955,-0.186809,-0.000915258,-0.0113916
8.59,0,1.35935,1.35188,0.0993716,0.000590984,0.00746765
8.59,1,-0.108526,0.0328146,-0.347698,-4.61052,-0.14134
8.59,2,0.293694,0.324934,0.49543,-1.92805,-0.0312396
8.59,3,0.112136,0.116957,-0.07857,-0.00107535,-0.00482173
8.59,4,-0.0672431,-0.0265538,-0.233813,-0.208608,-0.0406893
8.59,5,0.264695,0.276087,-0.186809,-0.000914645,-0.0113915
8.6,0,1.36034,1.35287,0.0993728,0.000544702,0.00746658
8.6,1,-0.111994,0.0293371,-0.347786,-4.60989,-0.141331
8.6,2,0.298679,0.329888,0.495419,-1.92712,-0.0312094
8.6,3,0.111344,0.116172,-0.0785783,-0.001126,-0.0048273
8.6,4,-0.0695915,-0.0288919,-0.233816,-0.208689,-0.0406995
8.6,5,0.262827,0.274219,-0.186809,-0.000914032,-0.0113913
8.61,0,1.36133,1.35387,0.0993739,0.000498261,0.0074655
8.61,1,-0.115462,0.0258588,-0.347875,-4.60923,-0.141321
8.61,2,0.303663,0.334842,0.495408,-1.92619,-0.0311791
8.61,3,0.110553,0.115386,-0.0785867,-0.00117583,-0.00483278
8.61,4,-0.0719398,-0.0312301,-0.233818,-0.208769,-0.0407097
8.61,5,0.260959,0.272351,-0.186809,-0.000913418,-0.0113912
8.62,0,1.36232,1.35486,0.0993749,0.000451709,0.00746441
8.62,1,-0.118931,0.0223796,-0.347963,-4.60853,-0.14131
8.62,2,0.308648,0.339796,0.495398,-1.92525,-0.0311486
8.62,3,0.109762,0.1146,-0.078595,-0.00122482,-0.00483818
8.62,4,-0.0742882,-0.0335683,-0.233821,-0.208849,-0.0407199
8.62,5,0.259092,0.270483,-0.186809,-0.000912804,-0.0113911
8.63,0,1.36332,1.35585,0.0993758,0.000405093,0.00746331
8.63,1,-0.122399,0.0188994,-0.348051,-4.60779,-0.141299
8.63,2,0.313632,0.34475,0.495387,-1.92432,-0.0311181
8.63,3,0.10897,0.113814,-0.0786033,-0.00127299,-0.0048435
8.63,4,-0.0766366,-0.0359065,-0.233824,-0.208929,-0.0407301
8.63,5,0.257224,0.268615,-0.186809,-0.00091219,-0.011391
8.64,0,1.36431,1.35685,0.0993765,0.000358456,0.0074622
8.64,1,-0.125868,0.0154184,-0.34814,-4.60702,-0.141286
8.64,2,0.318617,0.349704,0.495377,-1.92338,-0.0310875
8.64,3,0.108179,0.113028,-0.0786117,-0.00132033,-0.00484873
8.64,4,-0.0789849,-0.0382448,-0.233826,-0.209008,-0.0407402
8.64,5,0.255356,0.266746,-0.186809,-0.000911577,-0.0113909
8.65,0,1.3653,1.35784,0.0993772,0.000311839,0.00746109
8.65,1,-0.129336,0.0119366,-0.348228,-4.60621,-0.141272
8.65,2,0.323601,0.354658,0.495366,-1.92243,-0.0310567
8.65,3,0.107388,0.112242,-0.07862,-0.00136684,-0.00485388
8.65,4,-0.0813333,-0.040583,-0.233829,-0.209088,-0.0407503
8.65,5,0.253488,0.264878,-0.186809,-0.000910964,-0.0113907
8.66,0,1.36629,1.35883,0.0993778,0.000265279,0.00745997
8.66,1,-0.132804,0.00845379,-0.348317,-4.60537,-0.141258
8.66,2,0.328586,0.359611,0.495356,-1.92149,-0.0310259
8.66,3,0.106596,0.111455,-0.0786283,-0.00141253,-0.00485895
8.66,4,-0.0836817,-0.0429213,-0.233832,-0.209167,-0.0407603
8.66,5,0.25162,0.26301,-0.186809,-0.000910352,-0.0113906
8.67,0,1.36729,1.35983,0.0993783,0.000218812,0.00745884
8.67,1,-0.136273,0.00497014,-0.348405,-4.60449,-0.141243
8.67,2,0.33357,0.364565,0.495345,-1.92054,-0.0309949
8.67,3,0.105805,0.110669,-0.0786366,-0.0014574,-0.00486393
8.67,4,-0.08603,-0.0452597,-0.233834,-0.209246,-0.0407704
8.67,5,0.249752,0.261142,-0.186809,-0.000909741,-0.0113905
8.68,0,1.36828,1.36082,0.0993786,0.000172467,0.00745771
8.68,1,-0.139741,0.00148559,-0.348494,-4.60358,-0.141227
8.68,2,0.338555,0.369518,0.495335,-1.91959,-0.0309638
8.68,3,0.105014,0.109883,-0.0786448,-0.00150145,-0.00486883
8.68,4,-0.0883784,-0.047598,-0.233837,-0.209324,-0.0407804
8.68,5,0.247884,0.259274,-0.186809,-0.000909132,-0.0113904
8.69,0,1.36927,1.36182,0.0993789,0.000126272,0.00745658
8.69,1,-0.143209,-0.00199983,-0.348583,-4.60263,-0.14121
8.69,2,0.343539,0.374472,0.495324,-1.91863,-0.0309327
8.69,3,0.104222,0.109096,-0.0786531,-0.00154468,-0.00487365
8.69,4,-0.0907268,-0.0499364,-0.23384,-0.209403,-0.0407903
8.69,5,0.246016,0.257406,-0.186809,-0.000908524,-0.0113903
8.7,0,1.37026,1.36281,0.0993791,8.02526e-05,0.00745544
8.7,1,-0.146678,-0.00548615,-0.348671,-4.60165,-0.141192
8.7,2,0.348523,0.379425,0.495314,-1.91767,-0.0309014
8.7,3,0.103431,0.10831,-0.0786613,-0.00158709,-0.00487839
8.7,4,-0.0930751,-0.0522748,-0.233843,-0.209481,-0.0408003
8.7,5,0.244148,0.255538,-0.186809,-0.000907917,-0.0113901
8.71,0,1.37126,1.3638,0.0993792,3.44284e-05,0.0074543
8.71,1,-0.150146,-0.00897335,-0.34876,-4.60063,-0.141173
8.71,2,0.353508,0.384378,0.495304,-1.91671,-0.0308701
8.71,3,0.10264,0.107523,-0.0786696,-0.00162869,-0.00488304
8.71,4,-0.0954235,-0.0546133,-0.233845,-0.209559,-0.0408102
8.71,5,0.24228,0.25367,-0.186809,-0.000907311,-0.01139
8.72,0,1.37225,1.3648,0.0993793,-1.11826e-05,0.00745316
8.72,1,-0.153614,-0.0124614,-0.348849,-4.59957,-0.141153
8.72,2,0.358492,0.389331,0.495294,-1.91574,-0.0308386
8.72,3,0.101849,0.106736,-0.0786778,-0.00166946,-0.00488761
8.72,4,-0.0977719,-0.0569517,-0.233848,-0.209637,-0.0408201
8.72,5,0.240412,0.251802,-0.186809,-0.000906708,-0.0113899
8.73,0,1.37324,1.36579,0.0993792,-5.65661e-05,0.00745203
8.73,1,-0.157083,-0.0159504,-0.348938,-4.59848,-0.141132
8.73,2,0.363477,0.394284,0.495283,-1.91478,-0.030807
8.73,3,0.101057,0.105949,-0.078686,-0.00170943,-0.0048921
8.73,4,-0.10012,-0.0592902,-0.233851,-0.209714,-0.04083
8.73,5,0.238544,0.249934,-0.186809,-0.000906106,-0.0113898
8.74,0,1.37424,1.36678,0.0993791,-0.000101711,0.00745089
8.74,1,-0.160551,-0.0194403,-0.349026,-4.59736,-0.141111
8.74,2,0.368461,0.399237,0.495273,-1.91381,-0.0307753
8.74,3,0.100266,0.105162,-0.0786942,-0.00174858,-0.00489651
8.74,4,-0.102469,-0.0616288,-0.233854,-0.209792,-0.0408398
8.74,5,0.236676,0.248066,-0.186809,-0.000905506,-0.0113896
8.75,0,1.37523,1.36778,0.0993789,-0.000146608,0.00744975
8.75,1,-0.16402,-0.022931,-0.349115,-4.59619,-0.141089
8.75,2,0.373446,0.404189,0.495263,-1.91283,-0.0307436
8.75,3,0.0994746,0.104375,-0.0787024,-0.00178692,-0.00490084
8.75,4,-0.104817,-0.0639673,-0.233857,-0.209869,-0.0408496
8.75,5,0.234808,0.246197,-0.186809,-0.000904908,-0.0113895
8.76,0,1.37622,1.36877,0.0993787,-0.000191254,0.00744862
8.76,1,-0.167488,-0.0264227,-0.349204,-4.595,-0.141065
8.76,2,0.37843,0.409142,0.495253,-1.91186,-0.0307117
8.76,3,0.0986833,0.103588,-0.0787106,-0.00182444,-0.00490508
8.76,4,-0.107165,-0.0663059,-0.23386,-0.209946,-0.0408594
8.76,5,0.23294,0.244329,-0.186809,-0.000904311,-0.0113894
8.77,0,1.37721,1.36977,0.0993784,-0.000235644,0.00744749
8.77,1,-0.170956,-0.0299152,-0.349293,-4.59376,-0.141041
8.77,2,0.383415,0.414094,0.495243,-1.91088,-0.0306797
8.77,3,0.097892,0.102801,-0.0787188,-0.00186116,-0.00490924
8.77,4,-0.109514,-0.0686445,-0.233862,-0.210022,-0.0408692
8.77,5,0.231072,0.242461,-0.186809,-0.000903717,-0.0113893
8.78,0,1.37821,1.37076,0.0993781,-0.000279779,0.00744636
8.78,1,-0.174425,-0.0334086,-0.349382,-4.59249,-0.141016
8.78,2,0.388399,0.419047,0.495233,-1.90989,-0.0306476
8.78,3,0.0971007,0.102014,-0.0787269,-0.00189707,-0.00491332
8.78,4,-0.111862,-0.0709832,-0.233865,-0.210099,-0.0408789
8.78,5,0.229204,0.240593,-0.186809,-0.000903124,-0.0113892
8.79,0,1.3792,1.37175,0.0993777,-0.000323661,0.00744524
8.79,1,-0.177893,-0.0369029,-0.349471,-4.59119,-0.14099
8.79,2,0.393383,0.423999,0.495222,-1.90891,-0.0306154
8.79,3,0.0963093,0.101227,-0.078735,-0.00193217,-0.00491732
8.79,4,-0.11421,-0.0733218,-0.233868,-0.210175,-0.0408886
8.79,5,0.227336,0.238725,-0.186809,-0.000902533,-0.011389
8.8,0,1.38019,1.37275,0.0993773,-0.000367294,0.00744412
8.8,1,-0.181361,-0.0403981,-0.34956,-4.58985,-0.140963
8.8,2,0.398368,0.428951,0.495212,-1.90792,-0.0305831
8.8,3,0.095518,0.100439,-0.0787432,-0.00196646,-0.00492124
8.8,4,-0.116559,-0.0756605,-0.233871,-0.210251,-0.0408983
8.8,5,0.225468,0.236857,-0.186809,-0.000901944,-0.0113889
8.81,0,1.38118,1.37374,0.0993769,-0.000410685,0.007443
8.81,1,-0.18483,-0.0438942,-0.34965,-4.58847,-0.140935
8.81,2,0.403352,0.433903,0.495202,-1.90693,-0.0305508
8.81,3,0.0947267,0.0996518,-0.0787513,-0.00199994,-0.00492507
8.81,4,-0.118907,-0.0779993,-0.233874,-0.210326,-0.0409079
8.81,5,0.2236,0.234989,-0.186809,-0.000901357,-0.0113888
8.82,0,1.38218,1.37473,0.0993765,-0.000453841,0.00744189
8.82,1,-0.188298,-0.0473912,-0.349739,-4.58706,-0.140907
8.82,2,0.408337,0.438855,0.495192,-1.90593,-0.0305183
8.82,3,0.0939354,0.0988642,-0.0787594,-0.00203262,-0.00492883
8.82,4,-0.121256,-0.080338,-0.233877,-0.210402,-0.0409175
8.82,5,0.221732,0.233121,-0.186809,-0.000900771,-0.0113887
8.83,0,1.38317,1.37573,0.099376,-0.000496771,0.00744078
8.83,1,-0.191766,-0.0508891,-0.349828,-4.58561,-0.140877
8.83,2,0.413321,0.443807,0.495182,-1.90494,-0.0304857
8.83,3,0.0931441,0.0980766,-0.0787675,-0.0020645,-0.0049325
8.83,4,-0.123604,-0.0826768,-0.23388,-0.210477,-0.0409271
8.83,5,0.219864,0.231253,-0.186809,-0.000900187,-0.0113886
8.84,0,1.38416,1.37672,0.0993755,-0.000539488,0.00743968
8.84,1,-0.195235,-0.0543879,-0.349917,-4.58413,-0.140847
8.84,2,0.418306,0.448759,0.495172,-1.90394,-0.030453
8.84,3,0.0923528,0.0972889,-0.0787756,-0.00209557,-0.00493609
8.84,4,-0.125952,-0.0850156,-0.233883,-0.210552,-0.0409366
8.84,5,0.217996,0.229385,-0.186809,-0.000899605,-0.0113884
8.85,0,1.38515,1.37772,0.0993751,-0.000582001,0.00743858
8.85,1,-0.198703,-0.0578875,-0.350007,-4.58261,-0.140816
8.85,2,0.42329,0.45371,0.495162,-1.90293,-0.0304202
8.85,3,0.0915615,0.0965011,-0.0787837,-0.00212584,-0.00493961
8.85,4,-0.128301,-0.0873545,-0.233886,-0.210626,-0.0409462
8.85,5,0.216128,0.227517,-0.186809,-0.000899024,-0.0113883
8.86,0,1.38615,1.37871,0.0993746,-0.000624325,0.00743749
8.86,1,-0.202172,-0.0613881,-0.350096,-4.58105,-0.140783
8.86,2,0.428275,0.458662,0.495153,-1.90193,-0.0303873
8.86,3,0.0907702,0.0957132,-0.0787918,-0.0021553,-0.00494304
8.86,4,-0.130649,-0.0896933,-0.233889,-0.210701,-0.0409557
8.86,5,0.21426,0.225648,-0.186809,-0.000898445,-0.0113882
8.87,0,1.38714,1.3797,0.0993741,-0.000666472,0.0074364
8.87,1,-0.20564,-0.0648896,-0.350186,-4.57946,-0.14075
8.87,2,0.433259,0.463613,0.495143,-1.90092,-0.0303544
8.87,3,0.0899788,0.0949252,-0.0787998,-0.00218397,-0.00494639
8.87,4,-0.132997,-0.0920322,-0.233892,-0.210775,-0.0409651
8.87,5,0.212392,0.22378,-0.186809,-0.000897867,-0.0113881
8.88,0,1.38813,1.3807,0.0993737,-0.000708456,0.00743531
8.88,1,-0.209108,-0.0683919,-0.350275,-4.57783,-0.140716
8.88,2,0.438244,0.468565,0.495133,-1.8999,-0.0303213
8.88,3,0.0891875,0.0941372,-0.0788079,-0.00221183,-0.00494966
8.88,4,-0.135346,-0.0943712,-0.233895,-0.210849,-0.0409745
8.88,5,0.210524,0.221912,-0.186809,-0.000897291,-0.011388
8.89,0,1.38913,1.38169,0.0993732,-0.000750293,0.00743423
8.89,1,-0.212577,-0.0718951,-0.350365,-4.57617,-0.140681
8.89,2,0.443228,0.473516,0.495123,-1.89889,-0.0302881
8.89,3,0.0883962,0.0933491,-0.0788159,-0.0022389,-0.00495285
8.89,4,-0.137694,-0.0967101,-0.233898,-0.210922,-0.0409839
8.89,5,0.208656,0.220044,-0.186809,-0.000896716,-0.0113879
8.9,0,1.39012,1.38268,0.0993728,-0.000791995,0.00743316
8.9,1,-0.216045,-0.0753993,-0.350454,-4.57447,-0.140646
8.9,2,0.448212,0.478467,0.495113,-1.89787,-0.0302548
8.9,3,0.0876049,0.0925609,-0.078824,-0.00226516,-0.00495595
8.9,4,-0.140042,-0.0990491,-0.233901,-0.210996,-0.0409933
8.9,5,0.206788,0.218176,-0.186809,-0.000896141,-0.0113877
8.91,0,1.39111,1.38368,0.0993724,-0.000833577,0.00743209
8.91,1,-0.219513,-0.0789043,-0.350544,-4.57273,-0.140609
8.91,2,0.453197,0.483418,0.495103,-1.89685,-0.0302214
8.91,3,0.0868136,0.0917726,-0.078832,-0.00229063,-0.00495898
8.91,4,-0.142391,-0.101388,-0.233904,-0.211069,-0.0410026
8.91,5,0.20492,0.216308,-0.186809,-0.000895569,-0.0113876
8.92,0,1.3921,1.38467,0.099372,-0.000875054,0.00743102
8.92,1,-0.222982,-0.0824103,-0.350633,-4.57096,-0.140571
8.92,2,0.458181,0.488369,0.495094,-1.89583,-0.030188
8.92,3,0.0860223,0.0909842,-0.07884,-0.0023153,-0.00496193
8.92,4,-0.144739,-0.103727,-0.233907,-0.211142,-0.041012
8.92,5,0.203052,0.21444,-0.186809,-0.000894997,-0.0113875
8.93,0,1.3931,1.38567,0.0993716,-0.000916439,0.00742996
8.93,1,-0.22645,-0.0859171,-0.350723,-4.56915,-0.140533
8.93,2,0.463166,0.49332,0.495084,-1.8948,-0.0301544
8.93,3,0.085231,0.0901958,-0.078848,-0.00233918,-0.0049648
8.93,4,-0.147088,-0.106066,-0.233911,-0.211215,-0.0410212
8.93,5,0.201184,0.212572,-0.186808,-0.000894426,-0.0113874
8.94,0,1.39409,1.38666,0.0993712,-0.000957747,0.0074289
8.94,1,-0.229918,-0.0894248,-0.350813,-4.56731,-0.140494
8.94,2,0.46815,0.498271,0.495074,-1.89377,-0.0301207
8.94,3,0.0844397,0.0894072,-0.078856,-0.00236226,-0.00496759
8.94,4,-0.149436,-0.108405,-0.233914,-0.211287,-0.0410305
8.94,5,0.199317,0.210704,-0.186808,-0.000893856,-0.0113873
8.95,0,1.39508,1.38765,0.0993709,-0.000998989,0.00742784
8.95,1,-0.233387,-0.0929334,-0.350902,-4.56543,-0.140453
8.95,2,0.473135,0.503222,0.495064,-1.89274,-0.030087
8.95,3,0.0836483,0.0886186,-0.078864,-0.00238454,-0.0049703
8.95,4,-0.151784,-0.110745,-0.233917,-0.211359,-0.0410397
8.95,5,0.197449,0.208836,-0.186808,-0.000893287,-0.0113872
8.96,0,1.39607,1.38865,0.0993706,-0.00104018,0.00742679
8.96,1,-0.236855,-0.0964429,-0.350992,-4.56351,-0.140412
8.96,2,0.478119,0.508172,0.495055,-1.8917,-0.0300531
8.96,3,0.082857,0.08783,-0.078872,-0.00240603,-0.00497292
8.96,4,-0.154133,-0.113084,-0.23392,-0.211431,-0.0410489
8.96,5,0.195581,0.206968,-0.186808,-0.000892718,-0.011387
8.97,0,1.39707,1.38964,0.0993703,-0.00108133,0.00742574
8.97,1,-0.240324,-0.0999534,-0.351082,-4.56156,-0.14037
8.97,2,0.483104,0.513123,0.495045,-1.89066,-0.0300191
8.97,3,0.0820657,0.0870412,-0.07888,-0.00242673,-0.00497547
8.97,4,-0.156481,-0.115423,-0.233923,-0.211502,-0.041058
8.97,5,0.193713,0.2051,-0.186808,-0.00089215,-0.0113869
8.98,0,1.39806,1.39063,0.09937,-0.00112244,0.00742469
8.98,1,-0.243792,-0.103465,-0.351172,-4.55957,-0.140327
8.98,2,0.488088,0.518073,0.495035,-1.88962,-0.0299851
8.98,3,0.0812744,0.0862524,-0.078888,-0.00244663,-0.00497794
8.98,4,-0.158829,-0.117762,-0.233926,-0.211574,-0.0410671
8.98,5,0.191845,0.203231,-0.186808,-0.000891583,-0.0113868
8.99,0,1.39905,1.39163,0.0993698,-0.00116354,0.00742365
8.99,1,-0.24726,-0.106977,-0.351262,-4.55755,-0.140283
8.99,2,0.493073,0.523023,0.495026,-1.88858,-0.0299509
8.99,3,0.0804831,0.0854634,-0.0788959,-0.00246575,-0.00498033
8.99,4,-0.161178,-0.120102,-0.23393,-0.211645,-0.0410762
8.99,5,0.189977,0.201363,-0.186808,-0.000891017,-0.0113867
9,0,1.40004,1.39262,0.0993696,-0.00120463,0.0074226
9,1,-0.250729,-0.11049,-0.351351,-4.55549,-0.140239
9,2,0.498057,0.527974,0.495016,-1.88753,-0.0299167
9,3,0.0796918,0.0846744,-0.0789039,-0.00248408,-0.00498264
9,4,-0.163526,-0.122441,-0.233933,-0.211716,-0.0410853
9,5,0.188109,0.199495,-0.186808,-0.000890451,-0.0113866
9.01,0,1.40104,1.39362,0.0993694,-0.00124571,0.00742156
9.01,1,-0.254197,-0.114004,-0.351441,-4.5534,-0.140193
9.01,2,0.503041,0.532924,0.495007,-1.88648,-0.0298823
9.01,3,0.0789005,0.0838853,-0.0789118,-0.00250161,-0.00498487
9.01,4,-0.165874,-0.12478,-0.233936,-0.211786,-0.0410943
9.01,5,0.186241,0.197627,-0.186808,-0.000889885,-0.0113865
9.02,0,1.40203,1.39461,0.0993693,-0.00128679,0.00742053
9.02,1,-0.257665,-0.117519,-0.351531,-4.55127,-0.140146
9.02,2,0.508026,0.537874,0.494997,-1.88543,-0.0298479
9.02,3,0.0781092,0.0830962,-0.0789197,-0.00251836,-0.00498702
9.02,4,-0.168223,-0.12712,-0.233939,-0.211857,-0.0411033
9.02,5,0.184373,0.195759,-0.186808,-0.00088932,-0.0113864
9.03,0,1.40302,1.3956,0.0993691,-0.00132789,0.00741949
9.03,1,-0.261134,-0.121035,-0.351621,-4.5491,-0.140099
9.03,2,0.51301,0.542824,0.494988,-1.88438,-0.0298134
9.03,3,0.0773178,0.0823069,-0.0789277,-0.00253433,-0.00498909
9.03,4,-0.170571,-0.129459,-0.233942,-0.211927,-0.0411122
9.03,5,0.182505,0.193891,-0.186808,-0.000888755,-0.0113862
9.04,0,1.40401,1.3966,0.099369,-0.001369,0.00741845
9.04,1,-0.264602,-0.124551,-0.351711,-4.54689,-0.140051
9.04,2,0.517995,0.547774,0.494978,-1.88332,-0.0297787
9.04,3,0.0765265,0.0815176,-0.0789356,-0.0025495,-0.00499108
9.04,4,-0.17292,-0.131798,-0.233946,-0.211996,-0.0411212
9.04,5,0.180637,0.192023,-0.186808,-0.000888191,-0.0113861
9.05,0,1.40501,1.39759,0.0993689,-0.00141013,0.00741742
9.05,1,-0.26807,-0.128069,-0.351801,-4.54466,-0.140001
9.05,2,0.522979,0.552723,0.494969,-1.88226,-0.029744
9.05,3,0.0757352,0.0807282,-0.0789435,-0.0025639,-0.004993
9.05,4,-0.175268,-0.134138,-0.233949,-0.212066,-0.04113
9.05,5,0.178769,0.190155,-0.186808,-0.000887627,-0.011386
9.06,0,1.406,1.39858,0.0993689,-0.00145128,0.00741638
9.06,1,-0.271539,-0.131588,-0.351891,-4.54238,-0.139951
9.06,2,0.527964,0.557673,0.49496,-1.8812,-0.0297092
9.06,3,0.0749439,0.0799387,-0.0789513,-0.00257751,-0.00499483
9.06,4,-0.177616,-0.136477,-0.233952,-0.212135,-0.0411389
9.06,5,0.176901,0.188287,-0.186808,-0.000887064,-0.0113859
9.07,0,1.40699,1.39958,0.0993688,-0.00149246,0.00741535
9.07,1,-0.275007,-0.135107,-0.351981,-4.54007,-0.1399
9.07,2,0.532948,0.562622,0.49495,-1.88013,-0.0296743
9.07,3,0.0741526,0.0791492,-0.0789592,-0.00259034,-0.00499659
9.07,4,-0.179965,-0.138817,-0.233955,-0.212204,-0.0411477
9.07,5,0.175033,0.186419,-0.186808,-0.0008865,-0.0113858
9.08,0,1.40799,1.40057,0.0993688,-0.00153366,0.00741431
9.08,1,-0.278476,-0.138627,-0.352071,-4.53772,-0.139848
9.08,2,0.537933,0.567572,0.494941,-1.87906,-0.0296393
9.08,3,0.0733613,0.0783596,-0.0789671,-0.00260239,-0.00499826
9.08,4,-0.182313,-0.141157,-0.233959,-0.212273,-0.0411565
9.08,5,0.173165,0.184551,-0.186808,-0.000885937,-0.0113857
9.09,0,1.40898,1.40156,0.0993687,-0.00157489,0.00741328
9.09,1,-0.281944,-0.142148,-0.352161,-4.53534,-0.139795
9.09,2,0.542917,0.572521,0.494932,-1.87799,-0.0296042
9.09,3,0.07257,0.0775698,-0.0789749,-0.00261366,-0.00499986
9.09,4,-0.184661,-0.143496,-0.233962,-0.212341,-0.0411653
9.09,5,0.171297,0.182683,-0.186808,-0.000885375,-0.0113856
9.1,0,1.40997,1.40256,0.0993687,-0.00161615,0.00741225
9.1,1,-0.285412,-0.145671,-0.35225,-4.53292,-0.139742
9.1,2,0.547902,0.577471,0.494922,-1.87692,-0.029569
9.1,3,0.0717787,0.07678,-0.0789828,-0.00262415,-0.00500138
9.1,4,-0.18701,-0.145836,-0.233965,-0.21241,-0.041174
9.1,5,0.169429,0.180814,-0.186808,-0.000884813,-0.0113855
9.11,0,1.41096,1.40355,0.0993687,-0.00165743,0.00741122
9.11,1,-0.288881,-0.149194,-0.35234,-4.53046,-0.139687
9.11,2,0.552886,0.58242,0.494913,-1.87584,-0.0295337
9.11,3,0.0709873,0.0759902,-0.0789906,-0.00263387,-0.00500282
9.11,4,-0.189358,-0.148175,-0.233968,-0.212478,-0.0411827
9.11,5,0.167561,0.178946,-0.186808,-0.000884251,-0.0113853
9.12,0,1.41196,1.40455,0.0993687,-0.00169873,0.00741018
9.12,1,-0.292349,-0.152717,-0.35243,-4.52797,-0.139632
9.12,2,0.55787,0.587369,0.494904,-1.87476,-0.0294984
9.12,3,0.070196,0.0752002,-0.0789984,-0.00264281,-0.00500419
9.12,4,-0.191707,-0.150515,-0.233972,-0.212545,-0.0411914
9.12,5,0.165693,0.177078,-0.186808,-0.000883689,-0.0113852
9.13,0,1.41295,1.40554,0.0993687,-0.00174006,0.00740915
9.13,1,-0.295817,-0.156242,-0.35252,-4.52545,-0.139575
9.13,2,0.562855,0.592318,0.494895,-1.87368,-0.0294629
9.13,3,0.0694047,0.0744102,-0.0790062,-0.00265098,-0.00500547
9.13,4,-0.194055,-0.152855,-0.233975,-0.212613,-0.0412
9.13,5,0.163825,0.17521,-0.186808,-0.000883128,-0.0113851
9.14,0,1.41394,1.40653,0.0993687,-0.0017814,0.00740812
9.14,1,-0.299286,-0.159768,-0.35261,-4.52288,-0.139518
9.14,2,0.567839,0.597267,0.494886,-1.87259,-0.0294273
9.14,3,0.0686134,0.0736201,-0.079014,-0.00265838,-0.00500668
9.14,4,-0.196403,-0.155195,-0.233978,-0.21268,-0.0412086
9.14,5,0.161957,0.173342,-0.186808,-0.000882567,-0.011385
9.15,0,1.41493,1.40753,0.0993687,-0.00182276,0.00740709
9.15,1,-0.302754,-0.163295,-0.3527,-4.52028,-0.13946
9.15,2,0.572824,0.602215,0.494877,-1.8715,-0.0293917
9.15,3,0.0678221,0.0728299,-0.0790218,-0.00266501,-0.00500781
9.15,4,-0.198752,-0.157534,-0.233981,-0.212747,-0.0412172
9.15,5,0.160089,0.171474,-0.186808,-0.000882006,-0.0113849
9.16,0,1.41593,1.40852,0.0993687,-0.00186413,0.00740605
9.16,1,-0.306222,-0.166822,-0.35279,-4.51765,-0.1394
9.16,2,0.577808,0.607164,0.494868,-1.87041,-0.029356
9.16,3,0.0670308,0.0720396,-0.0790296,-0.00267087,-0.00500886
9.16,4,-0.2011,-0.159874,-0.233985,-0.212813,-0.0412257
9.16,5,0.158221,0.169606,-0.186808,-0.000881446,-0.0113848
9.17,0,1.41692,1.40951,0.0993688,-0.0019055,0.00740502
9.17,1,-0.309691,-0.17035,-0.35288,-4.51498,-0.13934
9.17,2,0.582793,0.612113,0.494859,-1.86932,-0.0293201
9.17,3,0.0662395,0.0712493,-0.0790373,-0.00267596,-0.00500983
9.17,4,-0.203448,-0.162214,-0.233988,-0.21288,-0.0412342
9.17,5,0.156353,0.167738,-0.186808,-0.000880886,-0.0113847
9.18,0,1.41791,1.41051,0.0993688,-0.00194688,0.00740399
9.18,1,-0.313159,-0.17388,-0.35297,-4.51227,-0.139279
9.18,2,0.587777,0.617061,0.49485,-1.86823,-0.0292842
9.18,3,0.0654482,0.0704589,-0.079045,-0.00268029,-0.00501073
9.18,4,-0.205797,-0.164554,-0.233991,-0.212946,-0.0412427
9.18,5,0.154485,0.16587,-0.186808,-0.000880327,-0.0113846
9.19,0,1.4189,1.4115,0.0993688,-0.00198825,0.00740295
9.19,1,-0.316628,-0.17741,-0.35306,-4.50953,-0.139218
9.19,2,0.592762,0.62201,0.494841,-1.86713,-0.0292482
9.19,3,0.0646569,0.0696684,-0.0790528,-0.00268386,-0.00501155
9.19,4,-0.208145,-0.166894,-0.233995,-0.213012,-0.0412511
9.19,5,0.152617,0.164002,-0.186808,-0.000879768,-0.0113844
9.2,0,1.4199,1.4125,0.0993688,-0.00202961,0.00740192
9.2,1,-0.320096,-0.180941,-0.35315,-4.50675,-0.139155
9.2,2,0.597746,0.626958,0.494832,-1.86603,-0.0292121
9.2,3,0.0638655,0.0688778,-0.0790605,-0.00268666,-0.00501229
9.2,4,-0.210493,-0.169234,-0.233998,-0.213077,-0.0412595
9.2,5,0.150749,0.162134,-0.186808,-0.00087921,-0.0113843
9.21,0,1.42089,1.41349,0.0993688,-0.00207096,0.00740089
9.21,1,-0.323564,-0.184473,-0.35324,-4.50393,-0.139091
9.21,2,0.602731,0.631906,0.494823,-1.86492,-0.0291759
9.21,3,0.0630742,0.0680872,-0.0790681,-0.0026887,-0.00501296
9.21,4,-0.212842,-0.171574,-0.234001,-0.213142,-0.0412679
9.21,5,0.148881,0.160266,-0.186808,-0.000878652,-0.0113842
9.22,0,1.42188,1.41448,0.0993688,-0.00211229,0.00739985
9.22,1,-0.327033,-0.188006,-0.35333,-4.50108,-0.139027
9.22,2,0.607715,0.636855,0.494814,-1.86382,-0.0291397
9.22,3,0.0622829,0.0672965,-0.0790758,-0.00268999,-0.00501355
9.22,4,-0.21519,-0.173914,-0.234005,-0.213208,-0.0412762
9.22,5,0.147013,0.158397,-0.186808,-0.000878095,-0.0113841
9.23,0,1.42288,1.41548,0.0993688,-0.00215359,0.00739882
9.23,1,-0.330501,-0.19154,-0.353419,-4.4982,-0.138961
9.23,2,0.612699,0.641803,0.494805,-1.86271,-0.0291033
9.23,3,0.0614916,0.0665057,-0.0790835,-0.00269052,-0.00501406
9.23,4,-0.217539,-0.176254,-0.234008,-0.213272,-0.0412845
9.23,5,0.145145,0.156529,-0.186808,-0.000877539,-0.011384
9.24,0,1.42387,1.41647,0.0993688,-0.00219486,0.00739779
9.24,1,-0.333969,-0.195074,-0.353509,-4.49527,-0.138895
9.24,2,0.617684,0.646751,0.494797,-1.8616,-0.0290669
9.24,3,0.0607003,0.0657148,-0.0790911,-0.00269029,-0.0050145
9.24,4,-0.219887,-0.178594,-0.234011,-0.213337,-0.0412928
9.24,5,0.143277,0.154661,-0.186808,-0.000876983,-0.0113839
9.25,0,1.42486,1.41746,0.0993687,-0.00223609,0.00739675
9.25,1,-0.337438,-0.19861,-0.353599,-4.49231,-0.138828
9.25,2,0.622668,0.651699,0.494788,-1.86049,-0.0290303
9.25,3,0.059909,0.0649238,-0.0790987,-0.00268932,-0.00501486
9.25,4,-0.222235,-0.180934,-0.234015,-0.213401,-0.041301
9.25,5,0.141409,0.152793,-0.186808,-0.000876427,-0.0113838
9.26,0,1.42585,1.41846,0.0993687,-0.00227727,0.00739572
9.26,1,-0.340906,-0.202146,-0.353689,-4.48932,-0.13876
9.26,2,0.627653,0.656646,0.494779,-1.85937,-0.0289937
9.26,3,0.0591177,0.0641328,-0.0791063,-0.00268759,-0.00501514
9.26,4,-0.224584,-0.183274,-0.234018,-0.213465,-0.0413092
9.26,5,0.139541,0.150925,-0.186808,-0.000875873,-0.0113837
9.27,0,1.42685,1.41945,0.0993686,-0.00231841,0.00739469
9.27,1,-0.344374,-0.205684,-0.353779,-4.48629,-0.138691
9.27,2,0.632637,0.661594,0.49477,-1.85825,-0.028957
9.27,3,0.0583264,0.0633417,-0.0791139,-0.00268511,-0.00501535
9.27,4,-0.226932,-0.185615,-0.234021,-0.213529,-0.0413174
9.27,5,0.137674,0.149057,-0.186808,-0.000875319,-0.0113835
9.28,0,1.42784,1.42045,0.0993686,-0.00235949,0.00739366
9.28,1,-0.347843,-0.209222,-0.353869,-4.48322,-0.138621
9.28,2,0.637622,0.666542,0.494762,-1.85713,-0.0289202
9.28,3,0.057535,0.0625505,-0.0791215,-0.00268188,-0.00501548
9.28,4,-0.22928,-0.187955,-0.234025,-0.213592,-0.0413255
9.28,5,0.135806,0.147189,-0.186808,-0.000874766,-0.0113834
9.29,0,1.42883,1.42144,0.0993685,-0.00240051,0.00739263
9.29,1,-0.351311,-0.212761,-0.353958,-4.48012,-0.13855
9.29,2,0.642606,0.671489,0.494753,-1.85601,-0.0288833
9.29,3,0.0567437,0.0617593,-0.079129,-0.00267791,-0.00501553
9.29,4,-0.231629,-0.190295,-0.234028,-0.213655,-0.0413336
9.29,5,0.133938,0.145321,-0.186808,-0.000874213,-0.0113833
9.3,0,1.42982,1.42243,0.0993684,-0.00244147,0.0073916
9.3,1,-0.35478,-0.216301,-0.354048,-4.47698,-0.138478
9.3,2,0.647591,0.676437,0.494745,-1.85488,-0.0288463
9.3,3,0.0559524,0.0609679,-0.0791366,-0.0026732,-0.00501551
9.3,4,-0.233977,-0.192635,-0.234031,-0.213718,-0.0413417
9.3,5,0.13207,0.143453,-0.186808,-0.000873661,-0.0113832
9.31,0,1.43082,1.42343,0.0993683,-0.00248236,0.00739057
9.31,1,-0.358248,-0.219842,-0.354138,-4.47381,-0.138406
9.31,2,0.652575,0.681384,0.494736,-1.85375,-0.0288093
9.31,3,0.0551611,0.0601765,-0.0791441,-0.00266774,-0.00501542
9.31,4,-0.236325,-0.194976,-0.234035,-0.213781,-0.0413497
9.31,5,0.130202,0.141585,-0.186808,-0.000873111,-0.0113831
9.32,0,1.43181,1.42442,0.0993682,-0.00252317,0.00738954
9.32,1,-0.361716,-0.223384,-0.354228,-4.4706,-0.138332
9.32,2,0.65756,0.686332,0.494728,-1.85262,-0.0287722
9.32,3,0.0543698,0.059385,-0.0791516,-0.00266155,-0.00501525
9.32,4,-0.238674,-0.197316,-0.234038,-0.213843,-0.0413577
9.32,5,0.128334,0.139717,-0.186808,-0.000872561,-0.011383
9.33,0,1.4328,1.42541,0.0993681,-0.00256391,0.00738851
9.33,1,-0.365185,-0.226927,-0.354318,-4.46735,-0.138258
9.33,2,0.662544,0.691279,0.494719,-1.85149,-0.0287349
9.33,3,0.0535785,0.0585935,-0.0791591,-0.00265462,-0.00501501
9.33,4,-0.241022,-0.199656,-0.234041,-0.213905,-0.0413657
9.33,5,0.126466,0.137849,-0.186808,-0.000872011,-0.0113829
9.34,0,1.43379,1.42641,0.099368,-0.00260456,0.00738748
9.34,1,-0.368653,-0.230471,-0.354407,-4.46407,-0.138182
9.34,2,0.667528,0.696226,0.494711,-1.85035,-0.0286976
9.34,3,0.0527872,0.0578019,-0.0791665,-0.00264695,-0.00501469
9.34,4,-0.243371,-0.201997,-0.234045,-0.213967,-0.0413737
9.34,5,0.124598,0.135981,-0.186808,-0.000871463,-0.0113828
9.35,0,1.43479,1.4274,0.0993678,-0.00264513,0.00738646
9.35,1,-0.372121,-0.234015,-0.354497,-4.46076,-0.138106
9.35,2,0.672513,0.701173,0.494702,-1.84921,-0.0286602
9.35,3,0.0519959,0.0570101,-0.079174,-0.00263855,-0.00501429
9.35,4,-0.245719,-0.204337,-0.234048,-0.214028,-0.0413816
9.35,5,0.12273,0.134112,-0.186808,-0.000870916,-0.0113827
9.36,0,1.43578,1.42839,0.0993677,-0.0026856,0.00738544
9.36,1,-0.37559,-0.237561,-0.354587,-4.4574,-0.138029
9.36,2,0.677497,0.70612,0.494694,-1.84807,-0.0286227
9.36,3,0.0512045,0.0562184,-0.0791814,-0.00262941,-0.00501382
9.36,4,-0.248067,-0.206678,-0.234051,-0.21409,-0.0413894
9.36,5,0.120862,0.132244,-0.186808,-0.000870369,-0.0113826
9.37,0,1.43677,1.42939,0.0993675,-0.00272599,0.00738441
9.37,1,-0.379058,-0.241107,-0.354676,-4.45401,-0.137951
9.37,2,0.682482,0.711067,0.494685,-1.84693,-0.0285852
9.37,3,0.0504132,0.0554265,-0.0791888,-0.00261955,-0.00501328
9.37,4,-0.250416,-0.209018,-0.234055,-0.214151,-0.0413973
9.37,5,0.118994,0.130376,-0.186808,-0.000869824,-0.0113824
9.38,0,1.43777,1.43038,0.0993674,-0.00276628,0.0073834
9.38,1,-0.382526,-0.244654,-0.354766,-4.45059,-0.137872
9.38,2,0.687466,0.716014,0.494677,-1.84578,-0.0285475
9.38,3,0.0496219,0.0546346,-0.0791962,-0.00260896,-0.00501267
9.38,4,-0.252764,-0.211359,-0.234058,-0.214211,-0.0414051
9.38,5,0.117126,0.128508,-0.186808,-0.000869279,-0.0113823
9.39,0,1.43876,1.43138,0.0993672,-0.00280646,0.00738238
9.39,1,-0.385995,-0.248202,-0.354855,-4.44713,-0.137792
9.39,2,0.692451,0.72096,0.494669,-1.84463,-0.0285098
9.39,3,0.0488306,0.0538426,-0.0792035,-0.00259764,-0.00501198
9.39,4,-0.255112,-0.2137,-0.234062,-0.214272,-0.0414128
9.39,5,0.115258,0.12664,-0.186808,-0.000868735,-0.0113822
9.4,0,1.43975,1.43237,0.099367,-0.00284655,0.00738136
9.4,1,-0.389463,-0.251751,-0.354945,-4.44363,-0.137712
9.4,2,0.697435,0.725907,0.49466,-1.84348,-0.028472
9.4,3,0.0480393,0.0530505,-0.0792109,-0.0025856,-0.00501121
9.4,4,-0.257461,-0.21604,-0.234065,-0.214332,-0.0414205
9.4,5,0.11339,0.124772,-0.186808,-0.000868193,-0.0113821
9.41,0,1.44074,1.43336,0.0993668,-0.00288654,0.00738035
9.41,1,-0.392932,-0.255301,-0.355035,-4.4401,-0.13763
9.41,2,0.70242,0.730854,0.494652,-1.84233,-0.0284341
9.41,3,0.047248,0.0522584,-0.0792182,-0.00257284,-0.00501038
9.41,4,-0.259809,-0.218381,-0.234069,-0.214392,-0.0414282
9.41,5,0.111522,0.122904,-0.186808,-0.000867651,-0.011382
9.42,0,1.44174,1.43436,0.0993666,-0.00292642,0.00737933
9.42,1,-0.3964,-0.258852,-0.355124,-4.43653,-0.137548
9.42,2,0.707404,0.7358,0.494644,-1.84117,-0.0283961
9.42,3,0.0464567,0.0514661,-0.0792255,-0.00255935,-0.00500947
9.42,4,-0.262158,-0.220722,-0.234072,-0.214451,-0.0414359
9.42,5,0.109654,0.121036,-0.186808,-0.00086711,-0.0113819
9.43,0,1.44273,1.43535,0.0993664,-0.00296619,0.00737832
9.43,1,-0.399868,-0.262404,-0.355214,-4.43293,-0.137464
9.43,2,0.712388,0.740747,0.494636,-1.84001,-0.0283581
9.43,3,0.0456654,0.0506738,-0.0792328,-0.00254515,-0.00500848
9.43,4,-0.264506,-0.223062,-0.234075,-0.214511,-0.0414435
9.43,5,0.107786,0.119168,-0.186808,-0.00086657,-0.0113818
9.44,0,1.44372,1.43634,0.0993662,-0.00300585,0.00737732
9.44,1,-0.403337,-0.265957,-0.355303,-4.42929,-0.13738
9.44,2,0.717373,0.745693,0.494628,-1.83885,-0.0283199
9.44,3,0.044874,0.0498815,-0.0792401,-0.00253024,-0.00500743
9.44,4,-0.266854,-0.225403,-0.234079,-0.21457,-0.0414511
9.44,5,0.105918,0.1173,-0.186808,-0.000866032,-0.0113817
9.45,0,1.44471,1.43734,0.0993659,-0.00304541,0.00737631
9.45,1,-0.406805,-0.26951,-0.355393,-4.42562,-0.137295
9.45,2,0.722357,0.750639,0.494619,-1.83769,-0.0282817
9.45,3,0.0440827,0.049089,-0.0792473,-0.00251461,-0.0050063
9.45,4,-0.269203,-0.227744,-0.234082,-0.214628,-0.0414587
9.45,5,0.10405,0.115432,-0.186808,-0.000865494,-0.0113816
9.46,0,1.44571,1.43833,0.0993657,-0.00308486,0.00737531
9.46,1,-0.410273,-0.273065,-0.355482,-4.42191,-0.137209
9.46,2,0.727342,0.755585,0.494611,-1.83652,-0.0282434
9.46,3,0.0432914,0.0482965,-0.0792545,-0.00249826,-0.0050051
9.46,4,-0.271551,-0.230085,-0.234086,-0.214687,-0.0414662
9.46,5,0.102182,0.113564,-0.186808,-0.000864957,-0.0113815
9.47,0,1.4467,1.43932,0.0993655,-0.0031242,0.0073743
9.47,1,-0.413742,-0.27662,-0.355571,-4.41816,-0.137122
9.47,2,0.732326,0.760531,0.494603,-1.83536,-0.028205
9.47,3,0.0425001,0.0475039,-0.0792618,-0.00248121,-0.00500383
9.47,4,-0.273899,-0.232426,-0.234089,-0.214745,-0.0414737
9.47,5,0.100314,0.111695,-0.186808,-0.000864421,-0.0113813
9.48,0,1.44769,1.44032,0.0993652,-0.00316342,0.00737331
9.48,1,-0.41721,-0.280176,-0.355661,-4.41438,-0.137034
9.48,2,0.737311,0.765477,0.494595,-1.83419,-0.0281666
9.48,3,0.0417088,0.0467113,-0.0792689,-0.00246345,-0.00500248
9.48,4,-0.276248,-0.234767,-0.234093,-0.214803,-0.0414812
9.48,5,0.0984462,0.109827,-0.186808,-0.000863886,-0.0113812
9.49,0,1.44868,1.44131,0.099365,-0.00320253,0.00737231
9.49,1,-0.420678,-0.283733,-0.35575,-4.41056,-0.136945
9.49,2,0.742295,0.770423,0.494587,-1.83301,-0.028128
9.49,3,0.0409175,0.0459185,-0.0792761,-0.00244499,-0.00500107
9.49,4,-0.278596,-0.237107,-0.234096,-0.214861,-0.0414886
9.49,5,0.0965782,0.107959,-0.186808,-0.000863353,-0.0113811
9.5,0,1.44968,1.44231,0.0993647,-0.00324154,0.00737132
9.5,1,-0.424147,-0.287291,-0.355839,-4.40671,-0.136856
9.5,2,0.74728,0.775369,0.494579,-1.83184,-0.0280894
9.5,3,0.0401262,0.0451257,-0.0792833,-0.00242582,-0.00499958
9.5,4,-0.280944,-0.239448,-0.2341,-0.214918,-0.041496
9.5,5,0.0947102,0.106091,-0.186808,-0.00086282,-0.011381
9.51,0,1.45067,1.4433,0.0993645,-0.00328043,0.00737032
9.51,1,-0.427615,-0.29085,-0.355929,-4.40282,-0.136765
9.51,2,0.752264,0.780315,0.494571,-1.83066,-0.0280507
9.51,3,0.0393349,0.0443329,-0.0792904,-0.00240595,-0.00499802
9.51,4,-0.283293,-0.241789,-0.234103,-0.214975,-0.0415033
9.51,5,0.0928423,0.104223,-0.186808,-0.000862288,-0.0113809
9.52,0,1.45166,1.44429,0.0993642,-0.00331921,0.00736934
9.52,1,-0.431084,-0.29441,-0.356018,-4.3989,-0.136674
9.52,2,0.757249,0.78526,0.494563,-1.82948,-0.0280119
9.52,3,0.0385435,0.0435399,-0.0792975,-0.00238538,-0.00499639
9.52,4,-0.285641,-0.244131,-0.234107,-0.215032,-0.0415106
9.52,5,0.0909743,0.102355,-0.186808,-0.000861757,-0.0113808
9.53,0,1.45266,1.44529,0.0993639,-0.00335787,0.00736835
9.53,1,-0.434552,-0.297971,-0.356107,-4.39494,-0.136581
9.53,2,0.762233,0.790206,0.494555,-1.8283,-0.027973
9.53,3,0.0377522,0.0427469,-0.0793046,-0.00236411,-0.00499469
9.53,4,-0.28799,-0.246472,-0.23411,-0.215088,-0.0415179
9.53,5,0.0891063,0.100487,-0.186808,-0.000861227,-0.0113807
9.54,0,1.45365,1.44628,0.0993637,-0.00339643,0.00736737
9.54,1,-0.43802,-0.301532,-0.356196,-4.39094,-0.136488
9.54,2,0.767217,0.795152,0.494547,-1.82712,-0.0279341
9.54,3,0.0369609,0.0419538,-0.0793116,-0.00234215,-0.00499291
9.54,4,-0.290338,-0.248813,-0.234114,-0.215144,-0.0415252
9.54,5,0.0872383,0.0986189,-0.186808,-0.000860698,-0.0113806
9.55,0,1.45464,1.44727,0.0993634,-0.00343487,0.00736638
9.55,1,-0.441489,-0.305095,-0.356285,-4.38691,-0.136394
9.55,2,0.772202,0.800097,0.494539,-1.82593,-0.0278951
9.55,3,0.0361696,0.0411607,-0.0793187,-0.00231949,-0.00499107
9.55,4,-0.292686,-0.251154,-0.234117,-0.2152,-0.0415324
9.55,5,0.0853704,0.0967509,-0.186808,-0.000860171,-0.0113805
9.56,0,1.45563,1.44827,0.0993632,-0.0034732,0.00736541
9.56,1,-0.444957,-0.308658,-0.356374,-4.38284,-0.136299
9.56,2,0.777186,0.805042,0.494531,-1.82474,-0.0278559
9.56,3,0.0353783,0.0403674,-0.0793257,-0.00229614,-0.00498916
9.56,4,-0.295035,-0.253495,-0.234121,-0.215256,-0.0415395
9.56,5,0.0835024,0.0948828,-0.186808,-0.000859644,-0.0113804
9.57,0,1.45663,1.44926,0.0993629,-0.00351142,0.00736443
9.57,1,-0.448425,-0.312222,-0.356463,-4.37874,-0.136203
9.57,2,0.782171,0.809988,0.494524,-1.82355,-0.0278168
9.57,3,0.034587,0.0395742,-0.0793327,-0.00227211,-0.00498717
9.57,4,-0.297383,-0.255836,-0.234124,-0.215311,-0.0415467
9.57,5,0.0816344,0.0930147,-0.186808,-0.000859118,-0.0113803
9.58,0,1.45762,1.45025,0.0993626,-0.00354953,0.00736346
9.58,1,-0.451894,-0.315787,-0.356552,-4.3746,-0.136107
9.58,2,0.787155,0.814933,0.494516,-1.82236,-0.0277775
9.58,3,0.0337957,0.0387808,-0.0793397,-0.00224738,-0.00498512
9.58,4,-0.299731,-0.258178,-0.234128,-0.215367,-0.0415538
9.58,5,0.0797665,0.0911466,-0.186808,-0.000858593,-0.0113802
9.59,0,1.45861,1.45125,0.0993623,-0.00358752,0.00736249
9.59,1,-0.455362,-0.319353,-0.356641,-4.37043,-0.136009
9.59,2,0.79214,0.819878,0.494508,-1.82116,-0.0277382
9.59,3,0.0330044,0.0379874,-0.0793467,-0.00222198,-0.004983
9.59,4,-0.30208,-0.260519,-0.234131,-0.215421,-0.0415609
9.59,5,0.0778985,0.0892786,-0.186808,-0.000858069,-0.0113801
9.6,0,1.4596,1.45224,0.0993621,-0.00362541,0.00736152
9.6,1,-0.45883,-0.32292,-0.35673,-4.36622,-0.13591
9.6,2,0.797124,0.824823,0.4945,-1.81996,-0.0276988
9.6,3,0.032213,0.0371938,-0.0793536,-0.00219589,-0.00498081
9.6,4,-0.304428,-0.26286,-0.234135,-0.215476,-0.0415679
9.6,5,0.0760305,0.0874105,-0.186808,-0.000857546,-0.01138
9.61,0,1.4606,1.45324,0.0993618,-0.00366318,0.00736056
9.61,1,-0.462299,-0.326488,-0.356819,-4.36198,-0.135811
9.61,2,0.802109,0.829768,0.494493,-1.81876,-0.0276593
9.61,3,0.0314217,0.0364003,-0.0793605,-0.00216911,-0.00497854
9.61,4,-0.306776,-0.265202,-0.234138,-0.21553,-0.0415749
9.61,5,0.0741626,0.0855424,-0.186807,-0.000857024,-0.0113799
9.62,0,1.46159,1.45423,0.0993615,-0.00370084,0.00735959
9.62,1,-0.465767,-0.330057,-0.356908,-4.3577,-0.135711
9.62,2,0.807093,0.834713,0.494485,-1.81756,-0.0276197
9.62,3,0.0306304,0.0356066,-0.0793674,-0.00214167,-0.00497621
9.62,4,-0.309125,-0.267543,-0.234142,-0.215584,-0.0415819
9.62,5,0.0722946,0.0836743,-0.186807,-0.000856503,-0.0113797
9.63,0,1.46258,1.45522,0.0993613,-0.00373839,0.00735863
9.63,1,-0.469236,-0.333626,-0.356997,-4.35339,-0.135609
9.63,2,0.812078,0.839658,0.494477,-1.81636,-0.02758
9.63,3,0.0298391,0.0348129,-0.0793743,-0.00211354,-0.00497381
9.63,4,-0.311473,-0.269884,-0.234145,-0.215638,-0.0415888
9.63,5,0.0704266,0.0818063,-0.186807,-0.000855983,-0.0113796
9.64,0,1.46357,1.45622,0.099361,-0.00377583,0.00735768
9.64,1,-0.472704,-0.337197,-0.357085,-4.34904,-0.135507
9.64,2,0.817062,0.844602,0.49447,-1.81515,-0.0275403
9.64,3,0.0290478,0.0340191,-0.0793812,-0.00208474,-0.00497134
9.64,4,-0.313822,-0.272226,-0.234149,-0.215691,-0.0415957
9.64,5,0.0685587,0.0799382,-0.186807,-0.000855464,-0.0113795
9.65,0,1.46457,1.45721,0.0993607,-0.00381316,0.00735672
9.65,1,-0.476172,-0.340768,-0.357174,-4.34465,-0.135404
9.65,2,0.822046,0.849547,0.494462,-1.81394,-0.0275005
9.65,3,0.0282565,0.0332253,-0.079388,-0.00205527,-0.00496881
9.65,4,-0.31617,-0.274567,-0.234152,-0.215744,-0.0416025
9.65,5,0.0666907,0.0780701,-0.186807,-0.000854946,-0.0113794
9.66,0,1.46556,1.4582,0.0993604,-0.00385037,0.00735577
9.66,1,-0.479641,-0.34434,-0.357262,-4.34023,-0.1353
9.66,2,0.827031,0.854492,0.494454,-1.81273,-0.0274606
9.66,3,0.0274652,0.0324314,-0.0793948,-0.00202514,-0.0049662
9.66,4,-0.318518,-0.276909,-0.234156,-0.215797,-0.0416094
9.66,5,0.0648227,0.076202,-0.186807,-0.000854428,-0.0113793
9.67,0,1.46655,1.4592,0.0993601,-0.00388747,0.00735482
9.67,1,-0.483109,-0.347913,-0.357351,-4.33578,-0.135196
9.67,2,0.832015,0.859436,0.494447,-1.81151,-0.0274207
9.67,3,0.0266739,0.0316374,-0.0794016,-0.00199433,-0.00496353
9.67,4,-0.320867,-0.279251,-0.234159,-0.21585,-0.0416162
9.67,5,0.0629547,0.074334,-0.186807,-0.000853912,-0.0113792
9.68,0,1.46754,1.46019,0.0993599,-0.00392446,0.00735388
9.68,1,-0.486577,-0.351487,-0.357439,-4.33129,-0.13509
9.68,2,0.837,0.86438,0.494439,-1.8103,-0.0273807
9.68,3,0.0258825,0.0308433,-0.0794084,-0.00196286,-0.00496079
9.68,4,-0.323215,-0.281592,-0.234163,-0.215902,-0.0416229
9.68,5,0.0610868,0.0724659,-0.186807,-0.000853397,-0.0113791
9.69,0,1.46854,1.46118,0.0993596,-0.00396134,0.00735294
9.69,1,-0.490046,-0.355062,-0.357528,-4.32676,-0.134984
9.69,2,0.841984,0.869325,0.494432,-1.80908,-0.0273406
9.69,3,0.0250912,0.0300492,-0.0794151,-0.00193073,-0.00495798
9.69,4,-0.325563,-0.283934,-0.234167,-0.215954,-0.0416296
9.69,5,0.0592188,0.0705978,-0.186807,-0.000852882,-0.011379
9.7,0,1.46953,1.46218,0.0993593,-0.0039981,0.007352
9.7,1,-0.493514,-0.358638,-0.357616,-4.3222,-0.134876
9.7,2,0.846969,0.874269,0.494424,-1.80786,-0.0273004
9.7,3,0.0242999,0.029255,-0.0794218,-0.00189794,-0.0049551
9.7,4,-0.327912,-0.286275,-0.23417,-0.216005,-0.0416363
9.7,5,0.0573508,0.0687297,-0.186807,-0.000852369,-0.0113789
9.71,0,1.47052,1.46317,0.099359,-0.00403474,0.00735106
9.71,1,-0.496982,-0.362215,-0.357704,-4.3176,-0.134768
9.71,2,0.851953,0.879213,0.494417,-1.80664,-0.0272601
9.71,3,0.0235086,0.0284608,-0.0794285,-0.00186449,-0.00495216
9.71,4,-0.33026,-0.288617,-0.234174,-0.216057,-0.041643
9.71,5,0.0554829,0.0668617,-0.186807,-0.000851857,-0.0113788
9.72,0,1.47152,1.46417,0.0993588,-0.00407127,0.00735012
9.72,1,-0.500451,-0.365792,-0.357793,-4.31297,-0.134659
9.72,2,0.856938,0.884157,0.494409,-1.80541,-0.0272198
9.72,3,0.0227173,0.0276664,-0.0794352,-0.00183038,-0.00494915
9.72,4,-0.332608,-0.290959,-0.234177,-0.216108,-0.0416496
9.72,5,0.0536149,0.0649936,-0.186807,-0.000851345,-0.0113787
9.73,0,1.47251,1.46516,0.0993585,-0.00410769,0.00734919
9.73,1,-0.503919,-0.369371,-0.357881,-4.3083,-0.134549
9.73,2,0.861922,0.889101,0.494402,-1.80419,-0.0271794
9.73,3,0.021926,0.0268721,-0.0794419,-0.00179562,-0.00494608
9.73,4,-0.334957,-0.293301,-0.234181,-0.216159,-0.0416561
9.73,5,0.0517469,0.0631255,-0.186807,-0.000850835,-0.0113786
9.74,0,1.4735,1.46615,0.0993582,-0.00414398,0.00734826
9.74,1,-0.507388,-0.37295,-0.357969,-4.3036,-0.134438
9.74,2,0.866907,0.894045,0.494394,-1.80296,-0.0271389
9.74,3,0.0211347,0.0260776,-0.0794485,-0.00176022,-0.00494293
9.74,4,-0.337305,-0.295643,-0.234184,-0.216209,-0.0416627
9.74,5,0.049879,0.0612575,-0.186807,-0.000850325,-0.0113785
9.75,0,1.47449,1.46715,0.0993579,-0.00418016,0.00734734
9.75,1,-0.510856,-0.37653,-0.358057,-4.29887,-0.134326
9.75,2,0.871891,0.898989,0.494387,-1.80173,-0.0270984
9.75,3,0.0203434,0.0252831,-0.0794551,-0.00172416,-0.00493972
9.75,4,-0.339654,-0.297984,-0.234188,-0.216259,-0.0416692
9.75,5,0.048011,0.0593894,-0.186807,-0.000849817,-0.0113784
9.76,0,1.47549,1.46814,0.0993576,-0.00421621,0.00734642
9.76,1,-0.514324,-0.380111,-0.358145,-4.29409,-0.134213
9.76,2,0.876875,0.903933,0.49438,-1.80049,-0.0270578
9.76,3,0.019552,0.0244885,-0.0794617,-0.00168746,-0.00493645
9.76,4,-0.342002,-0.300326,-0.234192,-0.216309,-0.0416756
9.76,5,0.046143,0.0575213,-0.186807,-0.000849309,-0.0113783
9.77,0,1.47648,1.46913,0.0993573,-0.00425215,0.0073455
9.77,1,-0.517793,-0.383693,-0.358233,-4.28929,-0.1341
9.77,2,0.88186,0.908877,0.494372,-1.79926,-0.0270171
9.77,3,0.0187607,0.0236938,-0.0794683,-0.00165011,-0.00493311
9.77,4,-0.34435,-0.302668,-0.234195,-0.216359,-0.0416821
9.77,5,0.044275,0.0556532,-0.186807,-0.000848802,-0.0113782
9.78,0,1.47747,1.47013,0.099357,-0.00428796,0.00734458
9.78,1,-0.521261,-0.387276,-0.358321,-4.28445,-0.133985
9.78,2,0.886844,0.913821,0.494365,-1.79802,-0.0269763
9.78,3,0.0179694,0.0228991,-0.0794748,-0.00161212,-0.0049297
9.78,4,-0.346699,-0.30501,-0.234199,-0.216408,-0.0416885
9.78,5,0.0424071,0.0537852,-0.186807,-0.000848297,-0.0113781
9.79,0,1.47846,1.47112,0.0993567,-0.00432365,0.00734366
9.79,1,-0.524729,-0.390859,-0.358409,-4.27957,-0.13387
9.79,2,0.891829,0.918764,0.494358,-1.79678,-0.0269354
9.79,3,0.0171781,0.0221043,-0.0794813,-0.0015735,-0.00492623
9.79,4,-0.349047,-0.307352,-0.234202,-0.216457,-0.0416948
9.79,5,0.0405391,0.0519171,-0.186807,-0.000847792,-0.011378
9.8,0,1.47946,1.47211,0.0993564,-0.00435922,0.00734275
9.8,1,-0.528198,-0.394444,-0.358496,-4.27466,-0.133754
9.8,2,0.896813,0.923708,0.494351,-1.79554,-0.0268945
9.8,3,0.0163868,0.0213095,-0.0794878,-0.00153424,-0.00492269
9.8,4,-0.351395,-0.309694,-0.234206,-0.216506,-0.0417011
9.8,5,0.0386711,0.050049,-0.186807,-0.000847288,-0.0113779
9.81,0,1.48045,1.47311,0.0993561,-0.00439466,0.00734184
9.81,1,-0.531666,-0.39803,-0.358584,-4.26971,-0.133637
9.81,2,0.901798,0.928651,0.494343,-1.79429,-0.0268535
9.81,3,0.0155955,0.0205146,-0.0794943,-0.00149434,-0.00491909
9.81,4,-0.353744,-0.312036,-0.23421,-0.216555,-0.0417074
9.81,5,0.0368032,0.048181,-0.186807,-0.000846786,-0.0113778
9.82,0,1.48144,1.4741,0.0993558,-0.00442997,0.00734094
9.82,1,-0.535134,-0.401616,-0.358671,-4.26473,-0.133519
9.82,2,0.906782,0.933595,0.494336,-1.79305,-0.0268125
9.82,3,0.0148042,0.0197196,-0.0795007,-0.00145382,-0.00491543
9.82,4,-0.356092,-0.314378,-0.234213,-0.216603,-0.0417137
9.82,5,0.0349352,0.0463129,-0.186807,-0.000846284,-0.0113777
9.83,0,1.48243,1.47509,0.0993555,-0.00446516,0.00734004
9.83,1,-0.538603,-0.405203,-0.358759,-4.25972,-0.1334
9.83,2,0.911767,0.938538,0.494329,-1.7918,-0.0267714
9.83,3,0.0140129,0.0189246,-0.0795071,-0.00141267,-0.0049117
9.83,4,-0.358441,-0.316721,-0.234217,-0.216651,-0.0417199
9.83,5,0.0330672,0.0444448,-0.186807,-0.000845783,-0.0113776
9.84,0,1.48343,1.47609,0.0993552,-0.00450021,0.00733914
9.84,1,-0.542071,-0.408791,-0.358846,-4.25467,-0.13328
9.84,2,0.916751,0.943481,0.494322,-1.79055,-0.0267302
9.84,3,0.0132215,0.0181294,-0.0795135,-0.00137089,-0.0049079
9.84,4,-0.360789,-0.319063,-0.23422,-0.216698,-0.0417261
9.84,5,0.0311993,0.0425767,-0.186807,-0.000845284,-0.0113775
9.85,0,1.48442,1.47708,0.0993549,-0.00453513,0.00733824
9.85,1,-0.54554,-0.41238,-0.358934,-4.24958,-0.13316
9.85,2,0.921736,0.948424,0.494315,-1.7893,-0.0266889
9.85,3,0.0124302,0.0173343,-0.0795199,-0.00132848,-0.00490404
9.85,4,-0.363137,-0.321405,-0.234224,-0.216746,-0.0417322
9.85,5,0.0293313,0.0407087,-0.186807,-0.000844785,-0.0113774
9.86,0,1.48541,1.47808,0.0993546,-0.00456992,0.00733735
9.86,1,-0.549008,-0.41597,-0.359021,-4.24446,-0.133038
9.86,2,0.92672,0.953368,0.494308,-1.78804,-0.0266475
9.86,3,0.0116389,0.016539,-0.0795263,-0.00128546,-0.00490012
9.86,4,-0.365486,-0.323747,-0.234228,-0.216793,-0.0417383
9.86,5,0.0274633,0.0388406,-0.186807,-0.000844287,-0.0113773
9.87,0,1.48641,1.47907,0.0993543,-0.00460457,0.00733646
9.87,1,-0.552476,-0.419561,-0.359108,-4.23931,-0.132916
9.87,2,0.931704,0.958311,0.494301,-1.78678,-0.0266061
9.87,3,0.0108476,0.0157437,-0.0795326,-0.00124182,-0.00489614
9.87,4,-0.367834,-0.32609,-0.234231,-0.216839,-0.0417444
9.87,5,0.0255954,0.0369725,-0.186807,-0.000843791,-0.0113772
9.88,0,1.4874,1.48006,0.099354,-0.00463909,0.00733557
9.88,1,-0.555945,-0.423152,-0.359195,-4.23412,-0.132793
9.88,2,0.936689,0.963254,0.494294,-1.78553,-0.0265646
9.88,3,0.0100563,0.0149484,-0.0795389,-0.00119756,-0.00489209
9.88,4,-0.370182,-0.328432,-0.234235,-0.216886,-0.0417504
9.88,5,0.0237274,0.0351045,-0.186807,-0.000843295,-0.0113771
9.89,0,1.48839,1.48106,0.0993537,-0.00467347,0.00733469
9.89,1,-0.559413,-0.426745,-0.359282,-4.22889,-0.132669
9.89,2,0.941673,0.968196,0.494287,-1.78427,-0.0265231
9.89,3,0.00926498,0.014153,-0.0795451,-0.00115269,-0.00488798
9.89,4,-0.372531,-0.330774,-0.234239,-0.216932,-0.0417564
9.89,5,0.0218594,0.0332364,-0.186807,-0.0008428,-0.011377
9.9,0,1.48938,1.48205,0.0993533,-0.00470771,0.00733381
9.9,1,-0.562881,-0.430338,-0.359369,-4.22364,-0.132544
9.9,2,0.946658,0.973139,0.49428,-1.783,-0.0264814
9.9,3,0.00847367,0.0133575,-0.0795514,-0.00110721,-0.0048838
9.9,4,-0.374879,-0.333117,-0.234242,-0.216978,-0.0417624
9.9,5,0.0199914,0.0313683,-0.186807,-0.000842307,-0.0113769
9.91,0,1.49038,1.48304,0.099353,-0.0047418,0.00733293
9.91,1,-0.56635,-0.433932,-0.359456,-4.21834,-0.132418
9.91,2,0.951642,0.978082,0.494273,-1.78174,-0.0264398
9.91,3,0.00768236,0.0125619,-0.0795576,-0.00106112,-0.00487957
9.91,4,-0.377227,-0.335459,-0.234246,-0.217023,-0.0417683
9.91,5,0.0181235,0.0295003,-0.186807,-0.000841814,-0.0113768
9.92,0,1.49137,1.48404,0.0993527,-0.00477576,0.00733206
9.92,1,-0.569818,-0.437527,-0.359543,-4.21302,-0.132291
9.92,2,0.956627,0.983025,0.494266,-1.78047,-0.026398
9.92,3,0.00689104,0.0117663,-0.0795638,-0.00101442,-0.00487527
9.92,4,-0.379576,-0.337802,-0.234249,-0.217069,-0.0417742
9.92,5,0.0162555,0.0276322,-0.186807,-0.000841323,-0.0113767
9.93,0,1.49236,1.48503,0.0993523,-0.00480957,0.00733119
9.93,1,-0.573286,-0.441123,-0.359629,-4.20765,-0.132164
9.93,2,0.961611,0.987967,0.494259,-1.7792,-0.0263562
9.93,3,0.00609973,0.0109706,-0.07957,-0.000967125,-0.00487091
9.93,4,-0.381924,-0.340144,-0.234253,-0.217114,-0.04178
9.93,5,0.0143875,0.0257641,-0.186807,-0.000840832,-0.0113766
9.94,0,1.49335,1.48602,0.099352,-0.00484324,0.00733032
9.94,1,-0.576755,-0.44472,-0.359716,-4.20226,-0.132035
9.94,2,0.966596,0.99291,0.494252,-1.77793,-0.0263142
9.94,3,0.00530842,0.0101749,-0.0795761,-0.000919227,-0.00486649
9.94,4,-0.384273,-0.342487,-0.234257,-0.217158,-0.0417859
9.94,5,0.0125196,0.023896,-0.186807,-0.000840343,-0.0113765
9.95,0,1.49435,1.48702,0.0993517,-0.00487676,0.00732946
9.95,1,-0.580223,-0.448317,-0.359803,-4.19683,-0.131906
9.95,2,0.97158,0.997852,0.494245,-1.77666,-0.0262723
9.95,3,0.00451711,0.00937912,-0.0795822,-0.000870731,-0.00486201
9.95,4,-0.386621,-0.344829,-0.23426,-0.217203,-0.0417916
9.95,5,0.0106516,0.022028,-0.186807,-0.000839855,-0.0113764
9.96,0,1.49534,1.48801,0.0993513,-0.00491014,0.00732859
9.96,1,-0.583692,-0.451916,-0.359889,-4.19136,-0.131776
9.96,2,0.976565,1.00279,0.494238,-1.77538,-0.0262302
9.96,3,0.0037258,0.00858326,-0.0795883,-0.000821641,-0.00485746
9.96,4,-0.388969,-0.347172,-0.234264,-0.217247,-0.0417974
9.96,5,0.00878363,0.0201599,-0.186807,-0.000839368,-0.0113763
9.97,0,1.49633,1.489,0.099351,-0.00494336,0.00732774
9.97,1,-0.58716,-0.455515,-0.359975,-4.18586,-0.131645
9.97,2,0.981549,1.00774,0.494231,-1.77411,-0.0261881
9.97,3,0.00293448,0.00778734,-0.0795944,-0.000771959,-0.00485286
9.97,4,-0.391318,-0.349515,-0.234268,-0.217291,-0.0418031
9.97,5,0.00691566,0.0182918,-0.186807,-0.000838881,-0.0113762
9.98,0,1.49732,1.49,0.0993506,-0.00497644,0.00732688
9.98,1,-0.590628,-0.459115,-0.360062,-4.18033,-0.131513
9.98,2,0.986533,1.01268,0.494224,-1.77283,-0.0261459
9.98,3,0.00214317,0.00699137,-0.0796004,-0.000721687,-0.00484819
9.98,4,-0.393666,-0.351857,-0.234271,-0.217334,-0.0418088
9.98,5,0.00504769,0.0164238,-0.186807,-0.000838396,-0.0113761
9.99,0,1.49832,1.49099,0.0993503,-0.00500936,0.00732604
9.99,1,-0.594097,-0.462717,-0.360148,-4.17476,-0.13138
9.99,2,0.991518,1.01762,0.494218,-1.77155,-0.0261037
9.99,3,0.00135186,0.00619533,-0.0796064,-0.000670829,-0.00484347
9.99,4,-0.396014,-0.3542,-0.234275,-0.217378,-0.0418144
9.99,5,0.00317972,0.0145557,-0.186807,-0.000837912,-0.011376
10,0,1.49931,1.49198,0.0993499,-0.00504213,0.00732519
10,1,-0.597565,-0.466318,-0.360234,-4.16916,-0.131247
10,2,0.996502,1.02256,0.494211,-1.77026,-0.0260614
10,3,0.000560546,0.00539923,-0.0796124,-0.000619386,-0.00483868
10,4,-0.398363,-0.356543,-0.234279,-0.217421,-0.04182
10,5,0.00131175,0.0126876,-0.186807,-0.000837429,-0.0113759
10.01,0,1.5,1.49298,0.099314,-0.0168782,0.0070266
10.01,1,-0.599993,-0.469919,-0.358693,-4.12687,-0.130074
10.01,2,0.999991,1.0275,0.491023,-1.80735,-0.02751
10.01,3,6.62709e-06,0.004603,-0.0796744,0.00184094,-0.00459637
10.01,4,-0.400007,-0.358883,-0.232036,-0.212974,-0.0411241
10.01,5,4.17434e-06,0.0108204,-0.186216,0.00178382,-0.0108162
10.02,0,1.5,1.49397,0.0984948,-0.0539995,0.00603712
10.02,1,-0.599993,-0.473381,-0.333118,-4.06511,-0.126612
10.02,2,0.999991,1.03217,0.441957,-1.8493,-0.0321796
10.02,3,6.62709e-06,0.0038047,-0.079782,0.00988851,-0.00379807
10.02,4,-0.400007,-0.361043,-0.200212,-0.211599,-0.0389632
10.02,5,4.17434e-06,0.00900964,-0.175297,0.00756166,-0.00900547
10.03,0,1.5,1.49494,0.0967297,-0.0877429,0.00506115
10.03,1,-0.599993,-0.476525,-0.298687,-4.04267,-0.123468
10.03,2,0.999991,1.03624,0.378391,-1.84428,-0.0362498
10.03,3,6.62709e-06,0.00301536,-0.077859,0.0166281,-0.00300873
10.03,4,-0.400007,-0.362845,-0.16455,-0.21502,-0.0371619
10.03,5,4.17434e-06,0.0073501,-0.157777,0.0106034,-0.00734592
10.04,0,1.5,1.4959,0.0941201,-0.118059,0.00410754
10.04,1,-0.599993,-0.479325,-0.265093,-4.03145,-0.120668
10.04,2,0.999991,1.03969,0.318948,-1.82893,-0.039701
10.04,3,6.62709e-06,0.00225906,-0.0734621,0.021553,-0.00225243
10.04,4,-0.400007,-0.364328,-0.136346,-0.217252,-0.0356782
10.04,5,4.17434e-06,0.00587889,-0.138302,0.0121172,-0.00587472
10.05,0,1.5,1.49682,0.0907397,-0.144846,0.00318433
10.05,1,-0.599993,-0.481804,-0.234485,-4.02408,-0.118188
10.05,2,0.999991,1.04259,0.267105,-1.81218,-0.0425989
10.05,3,6.62709e-06,0.00155809,-0.0671007,0.0247458,-0.00155146
10.05,4,-0.400007,-0.365572,-0.115484,-0.217736,-0.0344348
10.05,5,4.17434e-06,0.00460322,-0.11888,0.0126687,-0.00459904
10.06,0,1.5,1.49771,0.0866606,-0.168029,0.00229882
10.06,1,-0.599993,-0.483996,-0.207149,-4.01842,-0.115997
10.06,2,0.999991,1.04501,0.222832,-1.79628,-0.0450205
10.06,3,6.62709e-06,0.000928224,-0.059485,0.026475,-0.000921596
10.06,4,-0.400007,-0.366638,-0.10003,-0.216934,-0.0333686
10.06,5,4.17434e-06,0.00351685,-0.100448,0.0125711,-0.00351268
10.07,0,1.5,1.49855,0.0819612,-0.18758,0.00145758
10.07,1,-0.599993,-0.485932,-0.182899,-4.01374,-0.114061
10.07,2,0.999991,1.04703,0.185352,-1.78183,-0.0470374
10.07,3,6.62709e-06,0.000378304,-0.0512689,0.0270445,-0.000371677
10.07,4,-0.400007,-0.367571,-0.0882433,-0.215363,-0.0324356
10.07,5,4.17434e-06,0.00260704,-0.0834766,0.0120286,-0.00260286
10.08,0,1.5,1.49934,0.0767263,-0.203525,0.000666358
10.08,1,-0.599993,-0.487641,-0.161431,-4.0098,-0.112352
10.08,2,0.999991,1.0487,0.153795,-1.76898,-0.0487129
10.08,3,6.62709e-06,-8.86541e-05,-0.0429751,0.0267379,9.52812e-05
10.08,4,-0.400007,-0.3684,-0.0788621,-0.213419,-0.0316063
10.08,5,4.17434e-06,0.00185777,-0.0681954,0.0111906,-0.00185359
10.09,0,1.5,1.50007,0.0710456,-0.215936,-6.99915e-05
10.09,1,-0.599993,-0.489149,-0.142422,-4.00651,-0.110844
10.09,2,0.999991,1.05009,0.127351,-1.75774,-0.0501015
10.09,3,6.62709e-06,-0.000474099,-0.0349881,0.0258001,0.000480726
10.09,4,-0.400007,-0.369145,-0.0710358,-0.211376,-0.0308617
10.09,5,4.17434e-06,0.00125154,-0.0546959,0.0101719,-0.00124737
10.1,0,1.5,1.50075,0.0650114,-0.224935,-0.000747513
10.1,1,-0.599993,-0.490478,-0.125567,-4.00388,-0.109514
10.1,2,0.999991,1.05124,0.105295,-1.7481,-0.0512503
10.1,3,6.62709e-06,-0.000782628,-0.0275692,0.0244341,0.000789255
10.1,4,-0.400007,-0.369817,-0.0642135,-0.20941,-0.0301896
10.1,5,4.17434e-06,0.000770486,-0.0429775,0.00906169,-0.000766312
10.11,0,1.5,1.50137,0.0587164,-0.230676,-0.00136318
10.11,1,-0.599993,-0.49165,-0.110585,-4.00195,-0.108343
10.11,2,0.999991,1.05219,0.0869943,-1.73998,-0.0521998
10.11,3,6.62709e-06,-0.00102087,-0.0208777,0.0228017,0.0010275
10.11,4,-0.400007,-0.370425,-0.0580501,-0.207629,-0.0295818
10.11,5,4.17434e-06,0.000397099,-0.0329755,0.00792802,-0.000392925
10.12,0,1.5,1.50192,0.0522513,-0.23335,-0.00191489
10.12,1,-0.599993,-0.492681,-0.0972287,-4.00077,-0.107311
10.12,2,0.999991,1.05298,0.0718933,-1.73331,-0.0529842
10.12,3,6.62709e-06,-0.00119661,-0.0149934,0.0210283,0.00120323
10.12,4,-0.400007,-0.370974,-0.0523373,-0.206095,-0.029033
10.12,5,4.17434e-06,0.000114785,-0.0245814,0.00682138,-0.00011061
10.13,0,1.5,1.50241,0.0457037,-0.233168,-0.00240143
10.13,1,-0.599993,-0.493587,-0.0852826,-4.00039,-0.106406
10.13,2,0.999991,1.05362,0.0595101,-1.72801,-0.053633
10.13,3,6.62709e-06,-0.00131804,-0.00993544,0.019208,0.00132467
10.13,4,-0.400007,-0.371467,-0.046956,-0.204838,-0.0285395
10.13,5,4.17434e-06,-9.17993e-05,-0.017658,0.00577727,9.59736e-05
10.14,0,1.5,1.50283,0.0391559,-0.230364,-0.00282242
10.14,1,-0.599993,-0.49438,-0.0745615,-4.00084,-0.105613
10.14,2,0.999991,1.05416,0.0494258,-1.72398,-0.0541709
10.14,3,6.62709e-06,-0.00139335,-0.00568003,0.0174078,0.00139998
10.14,4,-0.400007,-0.371908,-0.0418432,-0.203864,-0.0280982
10.14,5,4.17434e-06,-0.000236523,-0.0120514,0.0048189,0.000240697
10.15,0,1.5,1.50318,0.0326847,-0.225186,-0.00317829
10.15,1,-0.599993,-0.495072,-0.0649083,-4.00213,-0.104921
10.15,2,0.999991,1.05461,0.0412779,-1.72112,-0.0546189
10.15,3,6.62709e-06,-0.00143028,-0.00217399,0.0156734,0.0014369
10.15,4,-0.400007,-0.3723,-0.0369705,-0.203169,-0.0277068
10.15,5,4.17434e-06,-0.000331672,-0.00760087,0.00395949,0.000335846
10.16,0,1.5,1.50347,0.0263598,-0.217888,-0.0034702
10.16,1,-0.599993,-0.495672,-0.0561912,-4.00426,-0.104321
10.16,2,0.999991,1.05499,0.0347529,-1.71934,-0.0549945
10.16,3,6.62709e-06,-0.00143594,0.000653796,0.0140333,0.00144256
10.16,4,-0.400007,-0.372644,-0.0323297,-0.202738,-0.0273628
10.16,5,4.17434e-06,-0.000387924,-0.00414648,0.00320444,0.000392098
10.17,0,1.5,1.5037,0.0202438,-0.20873,-0.00369997
10.17,1,-0.599993,-0.49619,-0.0483001,-4.00722,-0.103803
10.17,2,0.999991,1.0553,0.0295806,-1.71854,-0.0553126
10.17,3,6.62709e-06,-0.00141667,0.00288364,0.0125028,0.0014233
10.17,4,-0.400007,-0.372943,-0.027923,-0.20255,-0.0270639
10.17,5,4.17434e-06,-0.00041439,-0.0015347,0.00255323,0.000418564
10.18,0,1.5,1.50387,0.0143915,-0.197974,-0.00386998
10.18,1,-0.599993,-0.496633,-0.0411438,-4.01097,-0.10336
10.18,2,0.999991,1.05558,0.0255282,-1.71861,-0.0555853
10.18,3,6.62709e-06,-0.00137802,0.00459841,0.0110874,0.00138464
10.18,4,-0.400007,-0.373199,-0.0237577,-0.202584,-0.0268078
10.18,5,4.17434e-06,-0.000418698,0.000377556,0.00200109,0.000422872
10.19,0,1.5,1.50399,0.00885011,-0.185876,-0.00398314
10.19,1,-0.599993,-0.497008,-0.0346471,-4.01545,-0.102985
10.19,2,0.999991,1.05581,0.0223957,-1.71947,-0.0558226
10.19,3,6.62709e-06,-0.00132466,0.00587876,0.00978564,0.00133129
10.19,4,-0.400007,-0.373415,-0.0198424,-0.202815,-0.026592
10.19,5,4.17434e-06,-0.000407117,0.00172026,0.00154038,0.000411292
10.2,0,1.5,1.50405,0.00365889,-0.172688,-0.00404279
10.2,1,-0.599993,-0.497322,-0.0287477,-4.02061,-0.102671
10.2,2,0.999991,1.05602,0.0200118,-1.72101,-0.0560329
10.2,3,6.62709e-06,-0.00126054,0.00679989,0.00859175,0.00126717
10.2,4,-0.400007,-0.373593,-0.016185,-0.203219,-0.0264139
10.2,5,4.17434e-06,-0.000384697,0.00260886,0.0011617,0.000388871
10.21,0,1.5,1.50406,-0.00115043,-0.158653,-0.0040526
10.21,1,-0.599993,-0.497579,-0.0233943,-4.02636,-0.102414
10.21,2,0.999991,1.05621,0.0182304,-1.72315,-0.0562228
10.21,3,6.62709e-06,-0.00118886,0.00742956,0.00749719,0.00119549
10.21,4,-0.400007,-0.373736,-0.0127914,-0.203772,-0.0262709
10.21,5,4.17434e-06,-0.000355412,0.00314372,0.000854814,0.000359586
10.22,0,1.5,1.50402,-0.00555348,-0.144001,-0.00401654
10.22,1,-0.599993,-0.497786,-0.0185441,-4.03264,-0.102207
10.22,2,0.999991,1.05639,0.0169267,-1.72578,-0.0563976
10.22,3,6.62709e-06,-0.00111221,0.00782701,0.0064922,0.00111884
10.22,4,-0.400007,-0.373846,-0.00966533,-0.204451,-0.0261604
10.22,5,4.17434e-06,-0.000322318,0.00341032,0.000609367,0.000326493
10.23,0,1.5,1.50394,-0.00953291,-0.128952,-0.00393876
10.23,1,-0.599993,-0.497947,-0.0141612,-4.03935,-0.102046
10.23,2,0.999991,1.05655,0.0159951,-1.72883,-0.0565615
10.23,3,6.62709e-06,-0.00103263,0.00804271,0.0055669,0.00103925
10.23,4,-0.400007,-0.373927,-0.00680804,-0.205234,-0.0260797
10.23,5,4.17434e-06,-0.000287696,0.00347998,0.000415355,0.00029187
10.24,0,1.5,1.50383,-0.0130779,-0.113709,-0.00382357
10.24,1,-0.599993,-0.498067,-0.0102151,-4.04641,-0.101926
10.24,2,0.999991,1.05671,0.0153467,-1.73222,-0.0567177
10.24,3,6.62709e-06,-0.000951682,0.00811855,0.00471196,0.000958309
10.24,4,-0.400007,-0.373981,-0.00421832,-0.2061,-0.0260261
10.24,5,4.17434e-06,-0.000253182,0.00341095,0.000263497,0.000257356
10.25,0,1.5,1.50368,-0.0161839,-0.0984621,-0.00367535
10.25,1,-0.599993,-0.498149,-0.00667942,-4.05372,-0.101844
10.25,2,0.999991,1.05686,0.0149066,-1.73587,-0.0568686
10.25,3,6.62709e-06,-0.000870586,0.00808845,0.00391906,0.000877213
10.25,4,-0.400007,-0.37401,-0.00189278,-0.207029,-0.0259969
10.25,5,4.17434e-06,-0.000219899,0.00324971,0.000145456,0.000224074
10.26,0,1.5,1.5035,-0.0188518,-0.0833836,-0.00349847
10.26,1,-0.599993,-0.498198,-0.0035307,-4.0612,-0.101795
10.26,2,0.999991,1.05701,0.0146126,-1.7397,-0.0570159
10.26,3,6.62709e-06,-0.000790247,0.0079792,0.00318122,0.000796874
10.26,4,-0.400007,-0.374017,0.000173985,-0.208004,-0.0259896
10.26,5,4.17434e-06,-0.000188564,0.00303244,5.39588e-05,0.000192738
10.27,0,1.5,1.5033,-0.0210876,-0.0686295,-0.00329731
10.27,1,-0.599993,-0.498218,-0.000747709,-4.06876,-0.101775
10.27,2,0.999991,1.05715,0.0144136,-1.74365,-0.0571609
10.27,3,6.62709e-06,-0.000711336,0.00781137,0.00249281,0.000717964
10.27,4,-0.400007,-0.374005,0.00198913,-0.209007,-0.0260015
10.27,5,4.17434e-06,-0.000159578,0.00278644,-1.7171e-05,0.000163752
10.28,0,1.5,1.50308,-0.022902,-0.0543385,-0.00307611
10.28,1,-0.599993,-0.498212,0.00168927,-4.07632,-0.101781
10.28,2,0.999991,1.0573,0.0142676,-1.74766,-0.0573042
10.28,3,6.62709e-06,-0.000634353,0.00760034,0.00184959,0.00064098
10.28,4,-0.400007,-0.373976,0.00356133,-0.210023,-0.0260302
10.28,5,4.17434e-06,-0.000133114,0.00253159,-7.30333e-05,0.000137289
10.29,0,1.5,1.50284,-0.0243095,-0.0406325,-0.00283902
10.29,1,-0.599993,-0.498183,0.00379899,-4.0838,-0.10181
10.29,2,0.999991,1.05744,0.0141412,-1.75167,-0.0574462
10.29,3,6.62709e-06,-0.000559664,0.00735725,0.00124856,0.000566291
10.29,4,-0.400007,-0.373933,0.00490055,-0.211037,-0.0260734
10.29,5,4.17434e-06,-0.000109181,0.00228166,-0.000117719,0.000113356
10.3,0,1.5,1.50259,-0.0253281,-0.027616,-0.00259001
10.3,1,-0.599993,-0.498135,0.00559958,-4.09112,-0.101858
10.3,2,0.999991,1.05758,0.014008,-1.75562,-0.0575869
10.3,3,6.62709e-06,-0.000487544,0.00708987,0.00068779,0.000494171
10.3,4,-0.400007,-0.373878,0.00601785,-0.212039,-0.0261287
10.3,5,4.17434e-06,-8.76774e-05,0.00204555,-0.000154408,9.18517e-05
10.31,0,1.5,1.50234,-0.025979,-0.0153772,-0.00233286
10.31,1,-0.599993,-0.49807,0.0071089,-4.09823,-0.101923
10.31,2,0.999991,1.05772,0.0138477,-1.75948,-0.0577261
10.31,3,6.62709e-06,-0.000418207,0.00680346,0.000166263,0.000424834
10.31,4,-0.400007,-0.373813,0.00692522,-0.213015,-0.0261941
10.31,5,4.17434e-06,-6.84332e-05,0.00182838,-0.000185476,7.26076e-05
10.32,0,1.5,1.50208,-0.0262855,-0.0039877,-0.00207111
10.32,1,-0.599993,-0.497992,0.00834466,-4.10506,-0.102001
10.32,2,0.999991,1.05785,0.0136453,-1.7632,-0.0578635
10.32,3,6.62709e-06,-0.000351822,0.00650142,-0.000316368,0.000358449
10.32,4,-0.400007,-0.373739,0.00763536,-0.213957,-0.0262674
10.32,5,4.17434e-06,-5.12452e-05,0.00163239,-0.000212618,5.54196e-05
10.33,0,1.5,1.50181,-0.026273,0.0064963,-0.00180807
10.33,1,-0.599993,-0.497903,0.00932463,-4.11157,-0.10209
10.33,2,0.999991,1.05799,0.0133906,-1.76674,-0.0579986
10.33,3,6.62709e-06,-0.000288532,0.00618594,-0.00075997,0.000295159
10.33,4,-0.400007,-0.37366,0.00816155,-0.214855,-0.0263468
10.33,5,4.17434e-06,-3.5899e-05,0.00145778,-0.000236966,4.00734e-05
10.34,0,1.5,1.50155,-0.0259683,0.0160336,-0.00154678
10.34,1,-0.599993,-0.497806,0.0100666,-4.11769,-0.102187
10.34,2,0.999991,1.05812,0.013077,-1.77008,-0.0581308
10.34,3,6.62709e-06,-0.000228465,0.00585839,-0.00116412,0.000235092
10.34,4,-0.400007,-0.373576,0.0085175,-0.215703,-0.0264305
10.34,5,4.17434e-06,-2.21865e-05,0.00130335,-0.000259202,2.63608e-05
10.35,0,1.5,1.50129,-0.0253993,0.0245971,-0.00129002
10.35,1,-0.599993,-0.497702,0.0105885,-4.12341,-0.102291
10.35,2,0.999991,1.05825,0.0127013,-1.77319,-0.0582596
10.35,3,6.62709e-06,-0.000171734,0.00551981,-0.00152827,0.000178361
10.35,4,-0.400007,-0.37349,0.00871721,-0.216494,-0.0265169
10.35,5,4.17434e-06,-9.91659e-06,0.00116705,-0.000279659,1.40909e-05
10.36,0,1.5,1.50104,-0.0245946,0.0321727,-0.00104027
10.36,1,-0.599993,-0.497594,0.0109083,-4.12868,-0.102399
10.36,2,0.999991,1.05838,0.012263,-1.77605,-0.0583842
10.36,3,6.62709e-06,-0.000118446,0.00517108,-0.00185192,0.000125073
10.36,4,-0.400007,-0.373402,0.00877483,-0.217223,-0.0266045
10.36,5,4.17434e-06,1.07821e-06,0.00104634,-0.00029842,3.09613e-06
10.37,0,1.5,1.5008,-0.0235827,0.0387588,-0.000799734
10.37,1,-0.599993,-0.497484,0.0110439,-4.13348,-0.102509
10.37,2,0.999991,1.0585,0.011764,-1.77865,-0.0585042
10.37,3,6.62709e-06,-6.86966e-05,0.00481319,-0.00213468,7.53236e-05
10.37,4,-0.400007,-0.373315,0.00870454,-0.217888,-0.0266919
10.37,5,4.17434e-06,1.09392e-05,0.000938558,-0.000315392,-6.76487e-06
10.38,0,1.5,1.50057,-0.0223925,0.0443648,-0.000570317
10.38,1,-0.599993,-0.497374,0.0110132,-4.13781,-0.102619
10.38,2,0.999991,1.05861,0.0112078,-1.78098,-0.0586188
10.38,3,6.62709e-06,-2.25708e-05,0.00444734,-0.00237642,2.91979e-05
10.38,4,-0.400007,-0.373229,0.00852047,-0.218485,-0.0267781
10.38,5,4.17434e-06,1.97814e-05,0.000841129,-0.000330374,-1.56071e-05
10.39,0,1.5,1.50036,-0.0210521,0.0490102,-0.000353652
10.39,1,-0.599993,-0.497264,0.010834,-4.14164,-0.102728
10.39,2,0.999991,1.05872,0.0105996,-1.78303,-0.0587276
10.39,3,6.62709e-06,1.98593e-05,0.00407498,-0.00257731,-1.32322e-05
10.39,4,-0.400007,-0.373145,0.0082365,-0.219013,-0.0268618
10.39,5,4.17434e-06,2.76951e-05,0.000751705,-0.000343116,-2.35208e-05
10.4,0,1.5,1.50016,-0.019589,0.0527236,-0.000151088
10.4,1,-0.599993,-0.497158,0.0105238,-4.14498,-0.102835
10.4,2,0.999991,1.05882,0.00994548,-1.78479,-0.05883
10.4,3,6.62709e-06,5.85383e-05,0.0036979,-0.00273785,-5.19112e-05
10.4,4,-0.400007,-0.373064,0.00786628,-0.219471,-0.0269422
10.4,5,4.17434e-06,3.47491e-05,0.000668273,-0.000353356,-3.05748e-05
10.41,0,1.5,1.49997,-0.0180299,0.0555416,3.62956e-05
10.41,1,-0.599993,-0.497055,0.0100996,-4.14783,-0.102938
10.41,2,0.999991,1.05892,0.00925255,-1.78628,-0.0589257
10.41,3,6.62709e-06,9.34298e-05,0.00331813,-0.00285891,-8.68027e-05
10.41,4,-0.400007,-0.372988,0.00742301,-0.219859,-0.0270185
10.41,5,4.17434e-06,4.09939e-05,0.000589194,-0.000360856,-3.68195e-05
10.42,0,1.5,1.4998,-0.0164001,0.0575076,0.000207679
10.42,1,-0.599993,-0.496956,0.00957806,-4.15019,-0.103036
10.42,2,0.999991,1.05901,0.00852838,-1.78748,-0.0590142
10.42,3,6.62709e-06,0.00012452,0.00293799,-0.00294172,-0.000117893
10.42,4,-0.400007,-0.372917,0.00691947,-0.220179,-0.02709
10.42,5,4.17434e-06,4.64658e-05,0.000513223,-0.000365424,-4.22915e-05
10.43,0,1.5,1.49964,-0.0147238,0.058671,0.00036249
10.43,1,-0.599993,-0.496864,0.00897535,-4.15208,-0.103129
10.43,2,0.999991,1.05909,0.00778085,-1.78842,-0.0590954
10.43,3,6.62709e-06,0.000151817,0.00255993,-0.00298786,-0.00014519
10.43,4,-0.400007,-0.37285,0.00636785,-0.220433,-0.0271562
10.43,5,4.17434e-06,5.11909e-05,0.000439483,-0.000366928,-4.70166e-05
10.44,0,1.5,1.4995,-0.0130234,0.0590858,0.000500386
10.44,1,-0.599993,-0.496778,0.00830688,-4.15352,-0.103215
10.44,2,0.999991,1.05916,0.00701799,-1.78911,-0.059169
10.44,3,6.62709e-06,0.000175358,0.00218658,-0.00299926,-0.000168731
10.44,4,-0.400007,-0.37279,0.00577973,-0.220623,-0.0272166
10.44,5,4.17434e-06,5.51883e-05,0.000367444,-0.000365303,-5.10139e-05
10.45,0,1.5,1.49938,-0.01132,0.0588099,0.000621246
10.45,1,-0.599993,-0.496699,0.00758735,-4.15453,-0.103294
10.45,2,0.999991,1.05923,0.00624775,-1.78955,-0.059235
10.45,3,6.62709e-06,0.000195204,0.00182057,-0.00297811,-0.000188577
10.45,4,-0.400007,-0.372736,0.00516602,-0.220752,-0.0272711
10.45,5,4.17434e-06,5.84734e-05,0.000296867,-0.000360555,-5.4299e-05
10.46,0,1.5,1.49928,-0.00963271,0.057904,0.000725145
10.46,1,-0.599993,-0.496627,0.00683062,-4.15513,-0.103366
10.46,2,0.999991,1.05928,0.00547788,-1.78975,-0.0592932
10.46,3,6.62709e-06,0.000211442,0.00146452,-0.00292686,-0.000204815
10.46,4,-0.400007,-0.372687,0.00453687,-0.220823,-0.0273193
10.46,5,4.17434e-06,6.10607e-05,0.000227763,-0.000352761,-5.68863e-05
10.47,0,1.5,1.49919,-0.00797898,0.0564307,0.000812343
10.47,1,-0.599993,-0.496563,0.00604971,-4.15535,-0.10343
10.47,2,0.999991,1.05934,0.00471577,-1.78975,-0.0593438
10.47,3,6.62709e-06,0.000224186,0.00112099,-0.00284818,-0.000217559
10.47,4,-0.400007,-0.372645,0.0039017,-0.22084,-0.0273611
10.47,5,4.17434e-06,6.29659e-05,0.000160332,-0.000342058,-5.87916e-05
10.48,0,1.5,1.49912,-0.00637441,0.0544537,0.000883261
10.48,1,-0.599993,-0.496507,0.00525668,-4.15521,-0.103486
10.48,2,0.999991,1.05938,0.00396841,-1.78954,-0.0593868
10.48,3,6.62709e-06,0.000233576,0.000792341,-0.00274489,-0.000226948
10.48,4,-0.400007,-0.37261,0.00326909,-0.220808,-0.0273967
10.48,5,4.17434e-06,6.42077e-05,9.49176e-05,-0.000328642,-6.00333e-05
10.49,0,1.5,1.49907,-0.00483273,0.0520369,0.000938469
10.49,1,-0.599993,-0.496459,0.00446262,-4.15476,-0.103534
10.49,2,0.999991,1.05941,0.00324222,-1.78916,-0.0594225
10.49,3,6.62709e-06,0.00023977,0.000480778,-0.0026199,-0.000233143
10.49,4,-0.400007,-0.372581,0.00264682,-0.220731,-0.0274259
10.49,5,4.17434e-06,6.48083e-05,3.1955e-05,-0.000312756,-6.0634e-05
10.5,0,1.5,1.49903,-0.00336583,0.049244,0.000978662
10.5,1,-0.599993,-0.496418,0.0036776,-4.15402,-0.103575
10.5,2,0.999991,1.05944,0.00254304,-1.78862,-0.0594511
10.5,3,6.62709e-06,0.000242953,0.000188243,-0.0024762,-0.000236326
10.5,4,-0.400007,-0.372558,0.00204183,-0.220613,-0.0274491
10.5,5,4.17434e-06,6.47951e-05,-2.80706e-05,-0.000294683,-6.06208e-05
