sim_t,joint,desired,actual,velocity,torque,error
0,0,0,0,0,0,0
0,1,-0.8,-0.8,0,0,0
0,2,1.2,1.2,0,-6.66134e-15,-2.22045e-16
0,3,0,0,0,0,0
0,4,-0.4,-0.4,0,0,0
0,5,0,0,0,0,0
0.01,0,0,0,0,0,0
0.01,1,-0.8,-0.799036,0.16595,-0.536428,-0.000964426
0.01,2,1.2,1.20018,0.0384837,-0.0823016,-0.000177805
0.01,3,0,0,0,0,0
0.01,4,-0.4,-0.401011,-0.1636,0.089886,0.00101077
0.01,5,0,0,0,0,0
0.02,0,0,0,0,0,0
0.02,1,-0.8,-0.796699,0.2836,-0.982847,-0.00330121
0.02,2,1.2,1.20089,0.100179,-0.227177,-0.000893941
0.02,3,0,0,0,0,0
0.02,4,-0.4,-0.402999,-0.213878,0.130932,0.00299909
0.02,5,0,0,0,0,0
0.03,0,0,0,0,0,0
0.03,1,-0.8,-0.79336,0.371512,-1.38016,-0.00664049
0.03,2,1.2,1.20226,0.165307,-0.398268,-0.00225512
0.03,3,0,0,0,0,0
0.03,4,-0.4,-0.40506,-0.191605,0.136286,0.00506038
0.03,5,0,0,0,0,0
0.04,0,0,0,0,0,0
0.04,1,-0.8,-0.789258,0.439158,-1.74714,-0.0107418
0.04,2,1.2,1.20425,0.226588,-0.580675,-0.00424998
0.04,3,0,0,0,0,0
0.04,4,-0.4,-0.406654,-0.128913,0.117692,0.00665443
0.04,5,0,0,0,0,0
0.05,0,0,0,0,0,0
0.05,1,-0.8,-0.784566,0.491833,-2.09285,-0.0154339
0.05,2,1.2,1.20682,0.281133,-0.766927,-0.00682205
0.05,3,0,0,0,0,0
0.05,4,-0.4,-0.407507,-0.0480056,0.0840564,0.0075067
0.05,5,0,0,0,0,0
0.06,0,0,0,0,0,0
0.06,1,-0.8,-0.779414,0.532665,-2.42142,-0.0205856
0.06,2,1.2,1.2099,0.327782,-0.952464,-0.00989669
0.06,3,0,0,0,0,0
0.06,4,-0.4,-0.407519,0.0368425,0.0417314,0.00751908
0.06,5,0,0,0,0,0
0.07,0,0,0,0,0,0
0.07,1,-0.8,-0.77391,0.563557,-2.73426,-0.0260898
0.07,2,1.2,1.21339,0.366159,-1.13409,-0.0133924
0.07,3,0,0,0,0,0
0.07,4,-0.4,-0.406703,0.117015,-0.00488035,0.00670341
0.07,5,0,0,0,0,0
0.08,0,0,0,0,0,0
0.08,1,-0.8,-0.768146,0.585705,-3.03128,-0.031854
0.08,2,1.2,1.21723,0.396296,-1.30939,-0.0172265
0.08,3,0,0,0,0,0
0.08,4,-0.4,-0.405135,0.18773,-0.0527828,0.00513529
0.08,5,0,0,0,0,0
0.09,0,0,0,0,0,0
0.09,1,-0.8,-0.762205,0.599905,-3.31154,-0.0377955
0.09,2,1.2,1.22132,0.418456,-1.47645,-0.0213178
0.09,3,0,0,0,0,0
0.09,4,-0.4,-0.402923,0.246709,-0.0999671,0.00292345
0.09,5,0,0,0,0,0
0.1,0,0,0,0,0,0
0.1,1,-0.8,-0.756162,0.606744,-3.57375,-0.043838
0.1,2,1.2,1.22559,0.43304,-1.63374,-0.0255886
0.1,3,0,0,0,0,0
0.1,4,-0.4,-0.40019,0.293258,-0.145108,0.000190081
0.1,5,0,0,0,0,0
0.11,0,0,0,0,0,0
0.11,1,-0.8,-0.750089,0.606714,-3.81657,-0.0499108
0.11,2,1.2,1.22997,0.440534,-1.78004,-0.0299659
0.11,3,0,0,0,0,0
0.11,4,-0.4,-0.397059,0.327642,-0.187352,-0.00294137
0.11,5,0,0,0,0,0
0.12,0,0,0,0,0,0
0.12,1,-0.8,-0.744052,0.600284,-4.03876,-0.0559476
0.12,2,1.2,1.23438,0.441472,-1.91439,-0.0343815
0.12,3,0,0,0,0,0
0.12,4,-0.4,-0.393647,0.350674,-0.226164,-0.0063534
0.12,5,0,0,0,0,0
0.13,0,0,0,0,0,0
0.13,1,-0.8,-0.738113,0.587937,-4.2393,-0.0618872
0.13,2,1.2,1.23877,0.436424,-2.03604,-0.0387732
0.13,3,0,0,0,0,0
0.13,4,-0.4,-0.390062,0.363451,-0.261232,-0.00993838
0.13,5,0,0,0,0,0
0.14,0,0,0,0,0,0
0.14,1,-0.8,-0.732327,0.570184,-4.41748,-0.0676732
0.14,2,1.2,1.24308,0.425975,-2.14448,-0.0430842
0.14,3,0,0,0,0,0
0.14,4,-0.4,-0.3864,0.367186,-0.292396,-0.0136004
0.14,5,0,0,0,0,0
0.15,0,0,0,0,0,0
0.15,1,-0.8,-0.726746,0.547576,-4.57291,-0.0732545
0.15,2,1.2,1.24726,0.410723,-2.23936,-0.0472638
0.15,3,0,0,0,0,0
0.15,4,-0.4,-0.382744,0.363109,-0.319601,-0.0172558
0.15,5,0,0,0,0,0
0.16,0,0,0,0,0,0
0.16,1,-0.8,-0.721414,0.520693,-4.70551,-0.0785856
0.16,2,1.2,1.25127,0.391267,-2.32055,-0.0512672
0.16,3,0,0,0,0,0
0.16,4,-0.4,-0.379167,0.352406,-0.342867,-0.020833
0.16,5,0,0,0,0,0
0.17,0,0,0,0,0,0
0.17,1,-0.8,-0.716373,0.490142,-4.81552,-0.0836273
0.17,2,1.2,1.25506,0.368208,-2.38809,-0.0550558
0.17,3,0,0,0,0,0
0.17,4,-0.4,-0.375728,0.33619,-0.362271,-0.024272
0.17,5,0,0,0,0,0
0.18,0,0,0,0,0,0
0.18,1,-0.8,-0.711654,0.456543,-4.90348,-0.0883462
0.18,2,1.2,1.2586,0.342139,-2.44218,-0.0585967
0.18,3,0,0,0,0,0
0.18,4,-0.4,-0.372477,0.31549,-0.377932,-0.0275233
0.18,5,0,0,0,0,0
0.19,0,0,0,0,0,0
0.19,1,-0.8,-0.707285,0.420518,-4.97017,-0.0927152
0.19,2,1.2,1.26186,0.313646,-2.48319,-0.0618631
0.19,3,0,0,0,0,0
0.19,4,-0.4,-0.369453,0.291246,-0.390002,-0.0305474
0.19,5,0,0,0,0,0
0.2,0,0,0,0,0,0
0.2,1,-0.8,-0.703286,0.382682,-5.01659,-0.0967136
0.2,2,1.2,1.26483,0.283299,-2.51162,-0.064834
0.2,3,0,0,0,0,0
0.2,4,-0.4,-0.366686,0.264309,-0.398663,-0.0333136
0.2,5,0,0,0,0,0
0.21,0,0,0,0,0,0
0.21,1,-0.8,-0.699674,0.343629,-5.04394,-0.100326
0.21,2,1.2,1.26749,0.251651,-2.52811,-0.0674938
0.21,3,0,0,0,0,0
0.21,4,-0.4,-0.364201,0.235448,-0.404118,-0.0357993
0.21,5,0,0,0,0,0
0.22,0,0,0,0,0,0
0.22,1,-0.8,-0.696455,0.303927,-5.05356,-0.103545
0.22,2,1.2,1.26983,0.219228,-2.53343,-0.0698324
0.22,3,0,0,0,0,0
0.22,4,-0.4,-0.362011,0.205355,-0.406589,-0.037989
0.22,5,0,0,0,0,0
0.23,0,0,0,0,0,0
0.23,1,-0.8,-0.693635,0.264109,-5.04692,-0.106365
0.23,2,1.2,1.27184,0.186531,-2.52841,-0.0718449
0.23,3,0,0,0,0,0
0.23,4,-0.4,-0.360126,0.174649,-0.406316,-0.0398739
0.23,5,0,0,0,0,0
0.24,0,0,0,0,0,0
0.24,1,-0.8,-0.691212,0.224666,-5.02553,-0.108788
0.24,2,1.2,1.27353,0.154026,-2.51398,-0.0735311
0.24,3,0,0,0,0,0
0.24,4,-0.4,-0.358549,0.143881,-0.403549,-0.041451
0.24,5,0,0,0,0,0
0.25,0,0,0,0,0,0
0.25,1,-0.8,-0.689178,0.186045,-4.99101,-0.110822
0.25,2,1.2,1.2749,0.12214,-2.49114,-0.0748953
0.25,3,0,0,0,0,0
0.25,4,-0.4,-0.357278,0.113541,-0.39855,-0.0427224
0.25,5,0,0,0,0,0
0.26,0,0,0,0,0,0
0.26,1,-0.8,-0.687525,0.148643,-4.94495,-0.112475
0.26,2,1.2,1.27595,0.0912627,-2.4609,-0.0759459
0.26,3,0,0,0,0,0
0.26,4,-0.4,-0.356305,0.084053,-0.391585,-0.0436948
0.26,5,0,0,0,0,0
0.27,0,0,0,0,0,0
0.27,1,-0.8,-0.686237,0.112809,-4.88896,-0.113763
0.27,2,1.2,1.27669,0.0617363,-2.42432,-0.0766948
0.27,3,0,0,0,0,0
0.27,4,-0.4,-0.355621,0.0557871,-0.382923,-0.0443787
0.27,5,0,0,0,0,0
0.28,0,0,0,0,0,0
0.28,1,-0.8,-0.685297,0.0788394,-4.82463,-0.114703
0.28,2,1.2,1.27716,0.0338582,-2.38244,-0.0771574
0.28,3,0,0,0,0,0
0.28,4,-0.4,-0.355212,0.0290557,-0.372833,-0.0447882
0.28,5,0,0,0,0,0
0.29,0,0,0,0,0,0
0.29,1,-0.8,-0.684686,0.0469823,-4.75352,-0.115314
0.29,2,1.2,1.27735,0.00787764,-2.3363,-0.0773514
0.29,3,0,0,0,0,0
0.29,4,-0.4,-0.35506,0.00411722,-0.361579,-0.04494
0.29,5,0,0,0,0,0
0.3,0,0,0,0,0,0
0.3,1,-0.8,-0.68438,0.017437,-4.6771,-0.11562
0.3,2,1.2,1.2773,-0.0160044,-2.2869,-0.0772971
0.3,3,0,0,0,0,0
0.3,4,-0.4,-0.355147,-0.0188215,-0.349416,-0.0448533
0.3,5,0,0,0,0,0
0.31,0,0,0,0,0,0
0.31,1,-0.8,-0.684357,-0.00964384,-4.59679,-0.115643
0.31,2,1.2,1.27702,-0.0376346,-2.23522,-0.0770161
0.31,3,0,0,0,0,0
0.31,4,-0.4,-0.355451,-0.0396033,-0.33659,-0.0445489
0.31,5,0,0,0,0,0
0.32,0,0,0,0,0,0
0.32,1,-0.8,-0.68459,-0.0341515,-4.51393,-0.11541
0.32,2,1.2,1.27653,-0.056906,-2.18214,-0.0765318
0.32,3,0,0,0,0,0
0.32,4,-0.4,-0.355951,-0.0581182,-0.323334,-0.0440492
0.32,5,0,0,0,0,0
0.33,0,0,0,0,0,0
0.33,1,-0.8,-0.685054,-0.0560184,-4.42977,-0.114946
0.33,2,1.2,1.27587,-0.0737559,-2.12853,-0.0758681
0.33,3,0,0,0,0,0
0.33,4,-0.4,-0.356623,-0.0743006,-0.309866,-0.043377
0.33,5,0,0,0,0,0
0.34,0,0,0,0,0,0
0.34,1,-0.8,-0.685722,-0.075215,-4.34546,-0.114278
0.34,2,1.2,1.27505,-0.0881631,-2.07515,-0.0750493
0.34,3,0,0,0,0,0
0.34,4,-0.4,-0.357444,-0.0881258,-0.296386,-0.0425561
0.34,5,0,0,0,0,0
0.35,0,0,0,0,0,0
0.35,1,-0.8,-0.686568,-0.0917463,-4.26205,-0.113432
0.35,2,1.2,1.2741,-0.100145,-2.0227,-0.0740998
0.35,3,0,0,0,0,0
0.35,4,-0.4,-0.35839,-0.0996066,-0.283075,-0.0416097
0.35,5,0,0,0,0,0
0.36,0,0,0,0,0,0
0.36,1,-0.8,-0.687564,-0.105649,-4.1805,-0.112436
0.36,2,1.2,1.27304,-0.109752,-1.9718,-0.0730435
0.36,3,0,0,0,0,0
0.36,4,-0.4,-0.359439,-0.10879,-0.270095,-0.0405613
0.36,5,0,0,0,0,0
0.37,0,0,0,0,0,0
0.37,1,-0.8,-0.688685,-0.116989,-4.10165,-0.111315
0.37,2,1.2,1.2719,-0.117066,-1.92299,-0.0719039
0.37,3,0,0,0,0,0
0.37,4,-0.4,-0.360567,-0.115752,-0.25759,-0.0394333
0.37,5,0,0,0,0,0
0.38,0,0,0,0,0,0
0.38,1,-0.8,-0.689905,-0.125854,-4.02623,-0.110095
0.38,2,1.2,1.2707,-0.122194,-1.87671,-0.0707033
0.38,3,0,0,0,0,0
0.38,4,-0.4,-0.361753,-0.120595,-0.245682,-0.0382474
0.38,5,0,0,0,0,0
0.39,0,0,0,0,0,0
0.39,1,-0.8,-0.691202,-0.132356,-3.95487,-0.108798
0.39,2,1.2,1.26946,-0.125266,-1.83335,-0.0694629
0.39,3,0,0,0,0,0
0.39,4,-0.4,-0.362976,-0.123442,-0.234473,-0.0370242
0.39,5,0,0,0,0,0
0.4,0,0,0,0,0,0
0.4,1,-0.8,-0.69255,-0.136626,-3.88811,-0.10745
0.4,2,1.2,1.2682,-0.126428,-1.79321,-0.0682023
0.4,3,0,0,0,0,0
0.4,4,-0.4,-0.364217,-0.124435,-0.224046,-0.0357829
0.4,5,0,0,0,0,0
0.41,0,0,0,0,0,0
0.41,1,-0.8,-0.69393,-0.138806,-3.82637,-0.10607
0.41,2,1.2,1.26694,-0.125839,-1.75652,-0.0669399
0.41,3,0,0,0,0,0
0.41,4,-0.4,-0.365459,-0.123726,-0.214466,-0.0345411
0.41,5,0,0,0,0,0
0.42,0,0,0,0,0,0
0.42,1,-0.8,-0.695321,-0.139056,-3.76998,-0.104679
0.42,2,1.2,1.26569,-0.12367,-1.72343,-0.0656922
0.42,3,0,0,0,0,0
0.42,4,-0.4,-0.366685,-0.121481,-0.205779,-0.033315
0.42,5,0,0,0,0,0
0.43,0,0,0,0,0,0
0.43,1,-0.8,-0.696705,-0.137542,-3.71918,-0.103295
0.43,2,1.2,1.26447,-0.120094,-1.69403,-0.0644741
0.43,3,0,0,0,0,0
0.43,4,-0.4,-0.367881,-0.117869,-0.198017,-0.032119
0.43,5,0,0,0,0,0
0.44,0,0,0,0,0,0
0.44,1,-0.8,-0.698064,-0.134436,-3.67411,-0.101936
0.44,2,1.2,1.2633,-0.115289,-1.66838,-0.0632986
0.44,3,0,0,0,0,0
0.44,4,-0.4,-0.369034,-0.113062,-0.191195,-0.0309658
0.44,5,0,0,0,0,0
0.45,0,0,0,0,0,0
0.45,1,-0.8,-0.699385,-0.129918,-3.63485,-0.100615
0.45,2,1.2,1.26218,-0.109432,-1.64645,-0.0621772
0.45,3,0,0,0,0,0
0.45,4,-0.4,-0.370134,-0.107234,-0.185315,-0.0298665
0.45,5,0,0,0,0,0
0.46,0,0,0,0,0,0
0.46,1,-0.8,-0.700654,-0.124166,-3.60136,-0.0993465
0.46,2,1.2,1.26112,-0.102697,-1.62818,-0.0611192
0.46,3,0,0,0,0,0
0.46,4,-0.4,-0.37117,-0.100554,-0.180365,-0.0288303
0.46,5,0,0,0,0,0
0.47,0,0,0,0,0,0
0.47,1,-0.8,-0.701859,-0.11736,-3.57358,-0.0981415
0.47,2,1.2,1.26013,-0.0952533,-1.61347,-0.0601327
0.47,3,0,0,0,0,0
0.47,4,-0.4,-0.372135,-0.0931865,-0.176325,-0.0278647
0.47,5,0,0,0,0,0
0.48,0,0,0,0,0,0
0.48,1,-0.8,-0.702991,-0.109677,-3.55135,-0.0970095
0.48,2,1.2,1.25922,-0.0872628,-1.60219,-0.0592237
0.48,3,0,0,0,0,0
0.48,4,-0.4,-0.373024,-0.0852915,-0.173162,-0.0269759
0.48,5,0,0,0,0,0
0.49,0,0,0,0,0,0
0.49,1,-0.8,-0.704042,-0.101288,-3.53447,-0.0959583
0.49,2,1.2,1.2584,-0.078879,-1.59415,-0.0583969
0.49,3,0,0,0,0,0
0.49,4,-0.4,-0.373832,-0.0770186,-0.170837,-0.0261683
0.49,5,0,0,0,0,0
0.5,0,0.000496896,0,0,0.0198759,0.000496896
0.5,1,-0.799959,-0.705006,-0.0923593,-3.52103,-0.0949528
0.5,2,1.19992,1.25766,-0.0702455,-1.59166,-0.0577383
0.5,3,0.000207038,0,0,0.00207038,0.000207038
0.5,4,-0.399959,-0.374555,-0.068509,-0.168972,-0.0254033
0.5,5,2.94634e-09,0,0,1.47317e-08,2.94634e-09
0.51,0,0.00546586,1.57832e-05,0.00388579,0.206346,0.00545008
0.51,1,-0.799545,-0.705867,-0.0803829,-3.50596,-0.0936777
0.51,2,1.19909,1.25698,-0.0667947,-1.60308,-0.057889
0.51,3,0.00227741,5.07091e-05,0.0119178,0.0151164,0.0022267
0.51,4,-0.399544,-0.375175,-0.0557108,-0.167104,-0.02437
0.51,5,3.24098e-08,-3.83469e-05,-0.00849399,0.00274009,3.83793e-05
0.52,0,0.0104348,0.000105334,0.0139469,0.371339,0.0103295
0.52,1,-0.799131,-0.706593,-0.0661705,-3.50298,-0.0925373
0.52,2,1.19826,1.25631,-0.0672334,-1.60697,-0.0580479
0.52,3,0.00434779,0.000294847,0.0356734,0.0191254,0.00405294
0.52,4,-0.39913,-0.375648,-0.0405325,-0.167591,-0.0234821
0.52,5,6.18732e-08,-0.000186425,-0.019548,0.00679685,0.000186487
0.53,0,0.0154038,0.000324686,0.0291824,0.515617,0.0150791
0.53,1,-0.798716,-0.707175,-0.0516971,-3.50656,-0.0915413
0.53,2,1.19743,1.25563,-0.0680392,-1.60989,-0.058199
0.53,3,0.00641816,0.000803473,0.0635688,0.0180057,0.00561469
0.53,4,-0.398716,-0.375973,-0.0260718,-0.16891,-0.0227433
0.53,5,9.13366e-08,-0.000422244,-0.0260542,0.00992793,0.000422335
0.54,0,0.0203728,0.00072097,0.0487717,0.639756,0.0196518
0.54,1,-0.798302,-0.707614,-0.0376623,-3.51453,-0.090688
0.54,2,1.1966,1.25495,-0.0682407,-1.61387,-0.058345
0.54,3,0.00848854,0.00159575,0.091933,0.0137681,0.00689279
0.54,4,-0.398302,-0.376161,-0.0130433,-0.170609,-0.0221413
0.54,5,1.208e-07,-0.000693406,-0.0272535,0.0116437,0.000693527
0.55,0,0.0253417,0.00133365,0.0719848,0.744368,0.0240081
0.55,1,-0.797888,-0.707917,-0.0243236,-3.52588,-0.0899713
0.55,2,1.19578,1.25427,-0.0676986,-1.6194,-0.0584932
0.55,3,0.0105589,0.00266474,0.118825,0.007647,0.00789417
0.55,4,-0.397888,-0.376226,-0.00146586,-0.17256,-0.0216616
0.55,5,1.50263e-07,-0.00095249,-0.0242978,0.0120526,0.000952641
0.56,0,0.0303107,0.00219524,0.0981503,0.830167,0.0281154
0.56,1,-0.797474,-0.708091,-0.0117813,-3.54,-0.0893837
0.56,2,1.19495,1.2536,-0.0665279,-1.62645,-0.0586503
0.56,3,0.0126293,0.00398922,0.143154,0.000508399,0.00864007
0.56,4,-0.397474,-0.376184,0.00880487,-0.174725,-0.0212903
0.56,5,1.79727e-07,-0.0011662,-0.0186855,0.0114375,0.00116638
0.57,0,0.0352796,0.00333179,0.126645,0.89798,0.0319479
0.57,1,-0.79706,-0.708143,-7.7789e-05,-3.55644,-0.0889169
0.57,2,1.19412,1.25294,-0.0649051,-1.63485,-0.0588218
0.57,3,0.0146997,0.00553996,0.164325,-0.00699819,0.00915971
0.57,4,-0.39706,-0.376044,0.0179228,-0.177084,-0.0210153
0.57,5,2.0919e-07,-0.00131552,-0.011747,0.0101027,0.00131573
0.58,0,0.0402486,0.00476336,0.156888,0.948745,0.0354853
0.58,1,-0.796646,-0.708084,0.010768,-3.5748,-0.0885625
0.58,2,1.19329,1.2523,-0.0630053,-1.64433,-0.0590112
0.58,3,0.01677,0.00728368,0.182071,-0.0143787,0.00948636
0.58,4,-0.396646,-0.37582,0.0260156,-0.179614,-0.0208257
0.58,5,2.38654e-07,-0.00139309,-0.00451064,0.00831984,0.00139333
0.59,0,0.0452176,0.00650447,0.188346,0.983488,0.0387131
0.59,1,-0.796232,-0.707921,0.020748,-3.59471,-0.0883117
0.59,2,1.19246,1.25168,-0.0609821,-1.65465,-0.0592204
0.59,3,0.0188404,0.00918576,0.196352,-0.0212648,0.00965466
0.59,4,-0.396232,-0.37552,0.0331837,-0.182287,-0.0207119
0.59,5,2.68117e-07,-0.00140017,0.00229821,0.00631272,0.00140044
0.6,0,0.0501865,0.00856449,0.220523,1.00331,0.041622
0.6,1,-0.795818,-0.707662,0.0298603,-3.61582,-0.088156
0.6,2,1.19164,1.25109,-0.058963,-1.66557,-0.0594499
0.6,3,0.0209108,0.0112122,0.207301,-0.0273943,0.00969863
0.6,4,-0.395817,-0.375152,0.0395064,-0.185074,-0.0206651
0.6,5,2.9758e-07,-0.00134378,0.00821443,0.00425604,0.00134407
0.61,0,0.0551555,0.0109481,0.252969,1.00939,0.0442074
0.61,1,-0.795404,-0.707318,0.0381077,-3.63779,-0.0880866
0.61,2,1.19081,1.25051,-0.0570504,-1.67687,-0.0596991
0.61,3,0.0229812,0.0133308,0.215164,-0.0325951,0.00965033
0.61,4,-0.395403,-0.374726,0.0450485,-0.187941,-0.0206771
0.61,5,3.27044e-07,-0.00123441,0.0129808,0.00227944,0.00123473
0.62,0,0.0601245,0.0136558,0.285276,1.00292,0.0464687
0.62,1,-0.79499,-0.706895,0.0454978,-3.66029,-0.088095
0.62,2,1.18998,1.24995,-0.0553226,-1.68835,-0.0599664
0.62,3,0.0250515,0.0155127,0.220266,-0.0367706,0.00953888
0.62,4,-0.394989,-0.374249,0.0498648,-0.190857,-0.0207406
0.62,5,3.56507e-07,-0.00108422,0.0164977,0.000473543,0.00108457
0.63,0,0.0650934,0.016684,0.317078,0.985144,0.0484094
0.63,1,-0.794576,-0.706403,0.0520423,-3.68303,-0.0881726
0.63,2,1.18915,1.2494,-0.0538377,-1.69982,-0.0602497
0.63,3,0.0271219,0.017732,0.222974,-0.0398855,0.00938988
0.63,4,-0.394575,-0.373727,0.0540037,-0.193789,-0.0208484
0.63,5,3.85971e-07,-0.000905697,0.01878,-0.00110357,0.000906083
0.64,0,0.0700624,0.0200259,0.348047,0.957317,0.0500365
0.64,1,-0.794162,-0.705851,0.0577579,-3.70572,-0.0883111
0.64,2,1.18832,1.24887,-0.0526352,-1.71112,-0.0605464
0.64,3,0.0291923,0.0199671,0.223675,-0.0419536,0.00922517
0.64,4,-0.394161,-0.373167,0.0575089,-0.196707,-0.0209941
0.64,5,4.15434e-07,-0.000710739,0.0199197,-0.00242012,0.000711155
0.65,0,0.0750314,0.0236716,0.3779,0.920688,0.0513597
0.65,1,-0.793748,-0.705246,0.062666,-3.72809,-0.0885023
0.65,2,1.18749,1.24835,-0.0517393,-1.72212,-0.0608533
0.65,3,0.0312627,0.0222,0.222754,-0.0430255,0.00906267
0.65,4,-0.393747,-0.372575,0.0604209,-0.199583,-0.0211716
0.65,5,4.44897e-07,-0.000510024,0.0200575,-0.00346491,0.000510469
0.66,0,0.0800003,0.0276085,0.406391,0.876497,0.0523918
0.66,1,-0.793334,-0.704596,0.0667928,-3.74991,-0.0887382
0.66,2,1.18667,1.24783,-0.0511613,-1.7327,-0.0611676
0.66,3,0.033333,0.0244164,0.220575,-0.043179,0.0089166
0.66,4,-0.393333,-0.371958,0.0627777,-0.202389,-0.0213751
0.66,5,4.74361e-07,-0.000312669,0.0193598,-0.00424223,0.000313143
0.67,0,0.0849693,0.0318219,0.433313,0.825957,0.0531474
0.67,1,-0.79292,-0.703909,0.0701694,-3.77096,-0.0890113
0.67,2,1.18584,1.24732,-0.0509018,-1.74277,-0.0614858
0.67,3,0.0354034,0.0266058,0.217478,-0.0425104,0.00879763
0.67,4,-0.392919,-0.371319,0.0646161,-0.205102,-0.0215993
0.67,5,5.03824e-07,-0.000126069,0.0180015,-0.00476758,0.000126572
0.68,0,0.0899383,0.036295,0.458494,0.770246,0.0536432
0.68,1,-0.792506,-0.703192,0.0728312,-3.79106,-0.0893142
0.68,2,1.18501,1.24682,-0.0509526,-1.75224,-0.0618049
0.68,3,0.0374738,0.0287605,0.213765,-0.0411266,0.00871326
0.68,4,-0.392504,-0.370665,0.0659716,-0.207699,-0.0218391
0.68,5,5.33288e-07,4.41185e-05,0.0161535,-0.00506398,-4.35852e-05
0.69,0,0.0949072,0.0410097,0.481801,0.710496,0.0538975
0.69,1,-0.792092,-0.702452,0.0748177,-3.81005,-0.0896399
0.69,2,1.18418,1.2463,-0.0512987,-1.76106,-0.0621219
0.69,3,0.0395442,0.030876,0.209702,-0.0391398,0.00866814
0.69,4,-0.39209,-0.37,0.0668791,-0.21016,-0.0220901
0.69,5,5.62751e-07,0.000193882,0.0139747,-0.005159,-0.000193319
0.7,0,0.0998762,0.0459467,0.503131,0.647784,0.0539294
0.7,1,-0.791678,-0.701696,0.0761724,-3.8278,-0.089982
0.7,2,1.18335,1.24579,-0.0519202,-1.76917,-0.0624338
0.7,3,0.0416145,0.03295,0.205512,-0.0366623,0.00866451
0.7,4,-0.391676,-0.369328,0.0673732,-0.212469,-0.0223478
0.7,5,5.92215e-07,0.000320706,0.0116063,-0.00508245,-0.000320113
0.71,0,0.104845,0.0510858,0.522416,0.583124,0.0537593
0.71,1,-0.791264,-0.700929,0.0769414,-3.8442,-0.0903344
0.71,2,1.18253,1.24526,-0.0527929,-1.77656,-0.0627382
0.71,3,0.0436849,0.0349823,0.201382,-0.0338029,0.0087026
0.71,4,-0.391262,-0.368654,0.0674886,-0.214611,-0.0226083
0.71,5,6.21678e-07,0.000423377,0.0091692,-0.00486454,-0.000422755
0.72,0,0.109814,0.0564063,0.539616,0.517464,0.0534078
0.72,1,-0.79085,-0.700158,0.0771736,-3.85918,-0.0906914
0.72,2,1.1817,1.24473,-0.0538904,-1.7832,-0.0630325
0.72,3,0.0457553,0.0369743,0.197457,-0.0306646,0.00878096
0.72,4,-0.390848,-0.36798,0.06726,-0.216575,-0.0228681
0.72,5,6.51141e-07,0.000501774,0.00676313,-0.00453455,-0.000501123
0.73,0,0.114783,0.0618873,0.554719,0.451677,0.0528958
0.73,1,-0.790436,-0.699388,0.0769197,-3.87268,-0.0910481
0.73,2,1.18087,1.24418,-0.0551844,-1.78908,-0.0633148
0.73,3,0.0478257,0.0389288,0.193852,-0.0273422,0.0088969
0.73,4,-0.390434,-0.36731,0.0667222,-0.218352,-0.0231239
0.73,5,6.80605e-07,0.000556658,0.00446681,-0.00411993,-0.000555977
0.74,0,0.119752,0.0675078,0.567738,0.386558,0.0522443
0.74,1,-0.790022,-0.698622,0.0762314,-3.88469,-0.0913998
0.74,2,1.18004,1.24362,-0.056646,-1.7942,-0.0635832
0.74,3,0.049896,0.0408493,0.190648,-0.0239215,0.00904673
0.74,4,-0.39002,-0.366647,0.0659102,-0.219937,-0.0233727
0.74,5,7.10068e-07,0.000589467,0.00233948,-0.00364563,-0.000588757
0.75,0,0.124721,0.0732472,0.578709,0.322826,0.0514739
0.75,1,-0.789608,-0.697865,0.0751612,-3.89518,-0.0917425
0.75,2,1.17921,1.24305,-0.0582461,-1.79859,-0.0638362
0.75,3,0.0519664,0.0427403,0.1879,-0.0204785,0.00922614
0.75,4,-0.389606,-0.365994,0.0648589,-0.221327,-0.0236121
0.75,5,7.39532e-07,0.000602133,0.000422725,-0.00313378,-0.000601393
0.76,0,0.12969,0.0790853,0.587691,0.261115,0.0506047
0.76,1,-0.789194,-0.697121,0.0737612,-3.90419,-0.0920726
0.76,2,1.17839,1.24246,-0.0599561,-1.80227,-0.0640726
0.76,3,0.0540368,0.0446064,0.185638,-0.0170793,0.00943036
0.76,4,-0.389192,-0.365352,0.0636026,-0.22252,-0.0238399
0.76,5,7.68995e-07,0.000596918,-0.00125721,-0.00260358,-0.000596149
0.77,0,0.134659,0.0850026,0.594758,0.201981,0.0496564
0.77,1,-0.788779,-0.696392,0.0720827,-3.91173,-0.0923872
0.77,2,1.17756,1.24185,-0.0617483,-1.80524,-0.0642914
0.77,3,0.0561072,0.0464527,0.183874,-0.01378,0.00965447
0.77,4,-0.388777,-0.364723,0.0621755,-0.22352,-0.024054
0.77,5,7.98458e-07,0.000576272,-0.0026871,-0.00207124,-0.000575474
0.78,0,0.139628,0.0909805,0.6,0.145897,0.0486474
0.78,1,-0.788365,-0.695682,0.070176,-3.91787,-0.0926836
0.78,2,1.17673,1.24122,-0.0635962,-1.80757,-0.0644919
0.78,3,0.0581775,0.0482841,0.182604,-0.0106274,0.00989349
0.78,4,-0.388363,-0.36411,0.0606105,-0.224331,-0.0242532
0.78,5,8.27922e-07,0.000542719,-0.00386439,-0.00155014,-0.000541891
0.79,0,0.144597,0.0970012,0.603523,0.093258,0.0475957
0.79,1,-0.787951,-0.694991,0.0680892,-3.92267,-0.09296
0.79,2,1.1759,1.24057,-0.0654747,-1.80926,-0.0646738
0.79,3,0.0602479,0.0501053,0.181809,-0.00765939,0.0101426
0.79,4,-0.387949,-0.363513,0.0589397,-0.224958,-0.024436
0.79,5,8.57385e-07,0.000498758,-0.00479499,-0.001051,-0.0004979
0.8,0,0.149566,0.103048,0.60544,0.0443816,0.0465176
0.8,1,-0.787537,-0.694323,0.0658685,-3.92619,-0.0932147
0.8,2,1.17507,1.23991,-0.0673608,-1.81038,-0.0648368
0.8,3,0.0623183,0.0519212,0.181461,-0.00490548,0.0103971
0.8,4,-0.387535,-0.362933,0.0571936,-0.225411,-0.0246018
0.8,5,8.86849e-07,0.000446791,-0.00549123,-0.000582153,-0.000445905
0.81,0,0.154535,0.109106,0.605877,-0.000487868,0.0454286
0.81,1,-0.787123,-0.693677,0.063557,-3.92854,-0.0934467
0.81,2,1.17424,1.23923,-0.0692328,-1.81097,-0.0649811
0.81,3,0.0643887,0.0537358,0.181527,-0.00238769,0.0106529
0.81,4,-0.387121,-0.362371,0.0554008,-0.225698,-0.0247498
0.81,5,9.16312e-07,0.000389074,-0.00597015,-0.000149743,-0.000388157
0.82,0,0.159504,0.115161,0.604962,-0.0411762,0.0443427
0.82,1,-0.786709,-0.693054,0.0611951,-3.9298,-0.0936553
0.82,2,1.17342,1.23852,-0.0710715,-1.81106,-0.0651067
0.82,3,0.0664591,0.0555532,0.181966,-0.000121295,0.0109058
0.82,4,-0.386707,-0.361827,0.0535882,-0.225832,-0.0248797
0.82,5,9.45775e-07,0.000327669,-0.0062519,0.000241955,-0.000326723
0.83,0,0.164473,0.1212,0.60283,-0.0775749,0.0432729
0.83,1,-0.786295,-0.692455,0.0588199,-3.93006,-0.0938401
0.83,2,1.17259,1.2378,-0.0728591,-1.81071,-0.0652143
0.83,3,0.0685294,0.0573769,0.182735,0.00188451,0.0111526
0.83,4,-0.386293,-0.361301,0.0517803,-0.225822,-0.0249915
0.83,5,9.75239e-07,0.000264428,-0.00635852,0.000590291,-0.000263453
0.84,0,0.169442,0.127211,0.599617,-0.109637,0.0422304
0.84,1,-0.785881,-0.69188,0.056465,-3.92945,-0.0940013
0.84,2,1.17176,1.23706,-0.0745804,-1.80997,-0.0653043
0.84,3,0.0705998,0.0592098,0.183791,0.00362581,0.01139
0.84,4,-0.385879,-0.360793,0.0499994,-0.225683,-0.0250854
0.84,5,1.0047e-06,0.000200978,-0.00631285,0.000893988,-0.000199973
0.85,0,0.174411,0.133185,0.595461,-0.137371,0.0412253
0.85,1,-0.785467,-0.691328,0.0541603,-3.92805,-0.0941392
0.85,2,1.17093,1.23631,-0.0762218,-1.80888,-0.0653776
0.85,3,0.0726702,0.0610546,0.185087,0.00510326,0.0116155
0.85,4,-0.385465,-0.360303,0.0482655,-0.225426,-0.0251616
0.85,5,1.03417e-06,0.000138715,-0.00613773,0.00115291,-0.000137681
0.86,0,0.17938,0.139113,0.590497,-0.160838,0.0402663
0.86,1,-0.785053,-0.690799,0.0519325,-3.92597,-0.0942544
0.86,2,1.1701,1.23554,-0.0777719,-1.8075,-0.0654349
0.86,3,0.0747406,0.0629136,0.18658,0.00632148,0.011827
0.86,4,-0.38505,-0.359829,0.0465958,-0.225065,-0.0252209
0.86,5,1.06363e-06,7.88116e-05,-0.00585533,0.00136786,-7.7748e-05
0.87,0,0.184349,0.144988,0.584859,-0.180144,0.0393608
0.87,1,-0.784639,-0.690291,0.0498042,-3.92333,-0.0943479
0.87,2,1.16928,1.23475,-0.0792212,-1.80588,-0.0654773
0.87,3,0.0768109,0.0647883,0.188229,0.00728836,0.0120226
0.87,4,-0.384636,-0.359372,0.0450053,-0.224614,-0.025264
0.87,5,1.09309e-06,2.22229e-05,-0.00548672,0.00154037,-2.11298e-05
0.88,0,0.189318,0.150803,0.578675,-0.195433,0.0385148
0.88,1,-0.784225,-0.689804,0.0477947,-3.92021,-0.0944207
0.88,2,1.16845,1.23395,-0.0805621,-1.80405,-0.0655058
0.88,3,0.0788813,0.0666803,0.189993,0.00801455,0.012201
0.88,4,-0.384222,-0.358931,0.0435066,-0.224086,-0.0252916
0.88,5,1.12256e-06,-3.02978e-05,-0.00505149,0.00167255,3.14204e-05
0.89,0,0.194286,0.156553,0.57207,-0.206888,0.0377331
0.89,1,-0.783811,-0.689337,0.0459197,-3.91673,-0.0944742
0.89,2,1.16762,1.23314,-0.0817887,-1.80207,-0.0655215
0.89,3,0.0809517,0.0685903,0.191835,0.00851291,0.0123614
0.89,4,-0.383808,-0.358503,0.0421096,-0.223493,-0.0253048
0.89,5,1.15202e-06,-7.81845e-05,-0.00456758,0.00176696,7.93365e-05
0.9,0,0.199255,0.162236,0.565161,-0.214718,0.0370191
0.9,1,-0.783397,-0.688887,0.0441915,-3.91296,-0.0945097
0.9,2,1.16679,1.23232,-0.0828971,-1.79997,-0.0655255
0.9,3,0.0830221,0.070519,0.193721,0.00879804,0.0125031
0.9,4,-0.383394,-0.358089,0.0408222,-0.222848,-0.0253046
0.9,5,1.18148e-06,-0.000121041,-0.00405114,0.00182645,0.000122222
0.91,0,0.204224,0.167849,0.558059,-0.219159,0.0363754
0.91,1,-0.782983,-0.688454,0.0426194,-3.90901,-0.0945288
0.91,2,1.16596,1.23148,-0.0838848,-1.79781,-0.0655192
0.91,3,0.0850924,0.0724666,0.19562,0.00888586,0.0126258
0.91,4,-0.38298,-0.357688,0.0396502,-0.222162,-0.0252921
0.91,5,1.21095e-06,-0.000158621,-0.00351645,0.00185409,0.000159832
0.92,0,0.209193,0.17339,0.550866,-0.220465,0.0358033
0.92,1,-0.782569,-0.688036,0.0412095,-3.90495,-0.0945331
0.92,2,1.16513,1.23064,-0.0847511,-1.79561,-0.0655036
0.92,3,0.0871628,0.0744332,0.197504,0.00879321,0.0127296
0.92,4,-0.382566,-0.357297,0.0385971,-0.221448,-0.0252686
0.92,5,1.24041e-06,-0.000190813,-0.002976,0.00185307,0.000192053
0.93,0,0.214162,0.178859,0.543677,-0.218904,0.0353032
0.93,1,-0.782155,-0.687631,0.0399653,-3.90086,-0.0945242
0.93,2,1.16431,1.22979,-0.0854965,-1.79341,-0.0654801
0.93,3,0.0892332,0.0764185,0.19935,0.00853756,0.0128147
0.93,4,-0.382152,-0.356916,0.0376649,-0.220714,-0.0252352
0.93,5,1.26987e-06,-0.000217619,-0.00244049,0.00182659,0.000218889
0.94,0,0.219131,0.184257,0.536579,-0.214754,0.0348745
0.94,1,-0.781741,-0.687237,0.0388875,-3.89681,-0.0945037
0.94,2,1.16348,1.22893,-0.0861231,-1.79125,-0.0654497
0.94,3,0.0913036,0.0784218,0.201135,0.00813662,0.0128817
0.94,4,-0.381737,-0.356544,0.0368536,-0.219973,-0.0251932
0.94,5,1.29934e-06,-0.000239141,-0.00191893,0.00177788,0.00024044
0.95,0,0.2241,0.189584,0.529647,-0.2083,0.034516
0.95,1,-0.781327,-0.686853,0.0379749,-3.89286,-0.0944734
0.95,2,1.16265,1.22806,-0.0866339,-1.78914,-0.0654137
0.95,3,0.0933739,0.0804426,0.202841,0.00760815,0.0129313
0.95,4,-0.381323,-0.35618,0.036162,-0.219231,-0.0251437
0.95,5,1.3288e-06,-0.000255559,-0.00141878,0.00171007,0.000256888
0.96,0,0.229069,0.194844,0.52295,-0.199828,0.0342256
0.96,1,-0.780913,-0.686478,0.0372238,-3.88906,-0.0944348
0.96,2,1.16182,1.2272,-0.0870333,-1.78713,-0.0653733
0.96,3,0.0954443,0.08248,0.204456,0.00696972,0.0129643
0.96,4,-0.380909,-0.355821,0.0355874,-0.218498,-0.025088
0.96,5,1.35826e-06,-0.000267122,-0.000945996,0.0016262,0.00026848
0.97,0,0.234038,0.200038,0.516547,-0.189622,0.0340005
0.97,1,-0.780499,-0.686109,0.036629,-3.88547,-0.0943896
0.97,2,1.16099,1.22632,-0.0873263,-1.78523,-0.0653294
0.97,3,0.0975147,0.0845329,0.205965,0.00623844,0.0129817
0.97,4,-0.380495,-0.355468,0.0351259,-0.21778,-0.0250271
0.97,5,1.38773e-06,-0.00027413,-0.000505245,0.00152916,0.000275517
0.98,0,0.239007,0.20517,0.510489,-0.177961,0.0338376
0.98,1,-0.780085,-0.685745,0.0361836,-3.88212,-0.0943393
0.98,2,1.16017,1.22545,-0.0875191,-1.78346,-0.0652831
0.98,3,0.0995851,0.0866004,0.20736,0.00543089,0.0129847
0.98,4,-0.380081,-0.355119,0.0347727,-0.217084,-0.0249622
0.98,5,1.41719e-06,-0.000276923,-9.99683e-05,0.00142169,0.00027834
0.99,0,0.243976,0.210243,0.504815,-0.165116,0.0337332
0.99,1,-0.779671,-0.685385,0.0358796,-3.87905,-0.0942853
0.99,2,1.15934,1.22457,-0.0876184,-1.78183,-0.0652355
0.99,3,0.101655,0.0886811,0.208634,0.00456289,0.0129744
0.99,4,-0.379667,-0.354772,0.0345221,-0.216416,-0.0248944
0.99,5,1.44665e-06,-0.00027587,0.000267455,0.00130634,0.000277316
1,0,0.248945,0.215262,0.49956,-0.151348,0.0336833
1,1,-0.779256,-0.685027,0.0357078,-3.87628,-0.094229
1,2,1.15851,1.2237,-0.0876313,-1.78036,-0.0651873
1,3,0.103726,0.0907738,0.209784,0.00364943,0.012952
1,4,-0.379253,-0.354428,0.0343678,-0.21578,-0.0248246
1,5,1.47612e-06,-0.000271357,0.000595592,0.00118549,0.000272834
1.01,0,0.253914,0.220231,0.494748,-0.136904,0.0336835
1.01,1,-0.778842,-0.684671,0.0356581,-3.87384,-0.0941717
1.01,2,1.15768,1.22282,-0.0875656,-1.77905,-0.0651395
1.01,3,0.105796,0.0928774,0.210805,0.00270457,0.0129188
1.01,4,-0.378839,-0.354085,0.0343028,-0.215181,-0.0247537
1.01,5,1.50558e-06,-0.000263783,0.000883837,0.00106129,0.000265289
1.02,0,0.258883,0.225154,0.490397,-0.122019,0.0337293
1.02,1,-0.778428,-0.684314,0.0357198,-3.87174,-0.0941145
1.02,2,1.15685,1.22195,-0.0874293,-1.77792,-0.0650927
1.02,3,0.107867,0.0949905,0.211699,0.00174134,0.0128761
1.02,4,-0.378425,-0.353742,0.0343199,-0.214621,-0.0246826
1.02,5,1.53504e-06,-0.000253546,0.00113229,0.000935716,0.000255081
1.03,0,0.263852,0.230036,0.486517,-0.10691,0.033816
1.03,1,-0.778014,-0.683956,0.035882,-3.86998,-0.0940585
1.03,2,1.15602,1.22107,-0.0872306,-1.77697,-0.0650476
1.03,3,0.109937,0.0971118,0.212466,0.000771722,0.0128251
1.03,4,-0.37801,-0.353398,0.0344115,-0.214103,-0.0246122
1.03,5,1.56451e-06,-0.000241039,0.00134167,0.000810519,0.000242604
1.04,0,0.268821,0.234882,0.483112,-0.0917783,0.0339389
1.04,1,-0.7776,-0.683596,0.0361332,-3.86858,-0.0940045
1.04,2,1.1552,1.2202,-0.0869777,-1.77619,-0.0650048
1.04,3,0.112007,0.0992401,0.213109,-0.000193418,0.0127672
1.04,4,-0.377596,-0.353053,0.0345697,-0.213629,-0.024543
1.04,5,1.59397e-06,-0.000226649,0.00151318,0.000687261,0.000228243
1.05,0,0.27379,0.239697,0.480179,-0.0768058,0.0340933
1.05,1,-0.777186,-0.683233,0.036462,-3.86753,-0.0939536
1.05,2,1.15437,1.21933,-0.0866787,-1.77558,-0.0649647
1.05,3,0.114078,0.101374,0.213633,-0.00114432,0.0127035
1.05,4,-0.377182,-0.352706,0.0347869,-0.213199,-0.0244757
1.05,5,1.62343e-06,-0.000210744,0.00164845,0.000567303,0.000212367
1.06,0,0.278759,0.244484,0.477711,-0.0621571,0.0342744
1.06,1,-0.776772,-0.682866,0.0368573,-3.86682,-0.0939063
1.06,2,1.15354,1.21847,-0.0863418,-1.77515,-0.0649279
1.06,3,0.116148,0.103513,0.214041,-0.00207237,0.0126352
1.06,4,-0.376768,-0.352357,0.0350551,-0.212815,-0.0244109
1.06,5,1.6529e-06,-0.000193677,0.00174944,0.000451817,0.00019533
1.07,0,0.283728,0.24925,0.475696,-0.0479778,0.0344777
1.07,1,-0.776358,-0.682495,0.0373078,-3.86645,-0.0938633
1.07,2,1.15271,1.21761,-0.0859747,-1.77489,-0.0648947
1.07,3,0.118218,0.105655,0.214341,-0.00297003,0.0125635
1.07,4,-0.376354,-0.352005,0.0353668,-0.212475,-0.024349
1.07,5,1.68236e-06,-0.000175778,0.00181837,0.000341789,0.00017746
1.08,0,0.288697,0.253998,0.474115,-0.0343947,0.0346988
1.08,1,-0.775944,-0.682119,0.0378028,-3.86641,-0.093825
1.08,2,1.15188,1.21675,-0.085585,-1.77479,-0.0648652
1.08,3,0.120289,0.1078,0.214539,-0.00383088,0.0124893
1.08,4,-0.37594,-0.351649,0.0357144,-0.212181,-0.0242904
1.08,5,1.71182e-06,-0.000157354,0.00185765,0.000238035,0.000159066
1.09,0,0.293666,0.258732,0.47295,-0.0215159,0.0349333
1.09,1,-0.77553,-0.681738,0.038332,-3.86667,-0.0937919
1.09,2,1.15106,1.2159,-0.0851798,-1.77483,-0.0648397
1.09,3,0.122359,0.109946,0.214643,-0.00464956,0.0124136
1.09,4,-0.375526,-0.35129,0.0360907,-0.21193,-0.0242355
1.09,5,1.74129e-06,-0.00013869,0.00186983,0.000141207,0.000140431
1.1,0,0.298635,0.263457,0.472175,-0.00943144,0.0351774
1.1,1,-0.775116,-0.681352,0.0388856,-3.86722,-0.0937642
1.1,2,1.15023,1.21505,-0.0847657,-1.77502,-0.0648184
1.1,3,0.12443,0.112092,0.214659,-0.00542171,0.0123374
1.1,4,-0.375112,-0.350927,0.0364888,-0.21172,-0.0241845
1.1,5,1.77075e-06,-0.00012004,0.00185751,5.18023e-05,0.000121811
1.11,0,0.303604,0.268177,0.471766,0.00178626,0.0354271
1.11,1,-0.774702,-0.68096,0.0394543,-3.86805,-0.0937421
1.11,2,1.1494,1.2142,-0.084349,-1.77534,-0.0648011
1.11,3,0.1265,0.114238,0.214597,-0.00614397,0.0122614
1.11,4,-0.374697,-0.35056,0.0369021,-0.211551,-0.0241375
1.11,5,1.80021e-06,-0.000101636,0.00182334,-2.98218e-05,0.000103436
1.12,0,0.308573,0.272894,0.471694,0.0120817,0.0356791
1.12,1,-0.774288,-0.680562,0.0400298,-3.86912,-0.0937258
1.12,2,1.14857,1.21336,-0.0839352,-1.77577,-0.0647881
1.12,3,0.12857,0.116384,0.214465,-0.00681385,0.0121865
1.12,4,-0.374283,-0.350189,0.0373245,-0.21142,-0.0240947
1.12,5,1.82968e-06,-8.36813e-05,0.00176998,-0.000103438,8.5511e-05
1.13,0,0.313542,0.277612,0.471929,0.0214152,0.0359301
1.13,1,-0.773874,-0.680159,0.040604,-3.87042,-0.0937152
1.13,2,1.14774,1.21252,-0.0835296,-1.77631,-0.0647791
1.13,3,0.130641,0.118527,0.214271,-0.00742975,0.0121133
1.13,4,-0.373869,-0.349813,0.0377503,-0.211325,-0.0240562
1.13,5,1.85914e-06,-6.63537e-05,0.00170001,-0.000168939,6.82129e-05
1.14,0,0.318511,0.282333,0.472441,0.0297624,0.0361771
1.14,1,-0.77346,-0.67975,0.0411699,-3.87192,-0.0937103
1.14,2,1.14692,1.21169,-0.0831367,-1.77695,-0.0647742
1.14,3,0.132711,0.120669,0.214022,-0.00799085,0.0120423
1.14,4,-0.373455,-0.349433,0.0381742,-0.211263,-0.0240219
1.14,5,1.8886e-06,-4.98053e-05,0.00161597,-0.000226322,5.16939e-05
1.15,0,0.32348,0.287062,0.473199,0.0371127,0.0364177
1.15,1,-0.773046,-0.679335,0.0417212,-3.8736,-0.093711
1.15,2,1.14609,1.21086,-0.0827603,-1.77767,-0.064773
1.15,3,0.134781,0.122807,0.213728,-0.00849705,0.011974
1.15,4,-0.373041,-0.349049,0.0385914,-0.211231,-0.0239919
1.15,5,1.91807e-06,-3.41632e-05,0.00152029,-0.000275681,3.60812e-05
1.16,0,0.328449,0.291799,0.474171,0.0434682,0.0366495
1.16,1,-0.772632,-0.678915,0.0422523,-3.87544,-0.0937171
1.16,2,1.14526,1.21003,-0.0824039,-1.77846,-0.0647756
1.16,3,0.136852,0.124943,0.213396,-0.00894891,0.0119089
1.16,4,-0.372627,-0.348661,0.0389977,-0.211226,-0.0239659
1.16,5,1.94753e-06,-1.95309e-05,0.0014153,-0.000317197,2.14785e-05
1.17,0,0.333417,0.296547,0.475326,0.0488429,0.0368705
1.17,1,-0.772218,-0.678489,0.0427583,-3.87741,-0.0937284
1.17,2,1.14443,1.20921,-0.0820704,-1.77931,-0.0647815
1.17,3,0.138922,0.127075,0.213034,-0.00934758,0.0118473
1.17,4,-0.372213,-0.348269,0.0393892,-0.211246,-0.0239439
1.17,5,1.97699e-06,-5.98962e-06,0.00130318,-0.00035112,7.96662e-06
1.18,0,0.338386,0.301307,0.476635,0.0532609,0.0370792
1.18,1,-0.771804,-0.678059,0.0432353,-3.87949,-0.0937446
1.18,2,1.1436,1.20839,-0.0817618,-1.7802,-0.0647907
1.18,3,0.140993,0.129203,0.212648,-0.00969472,0.0117894
1.18,4,-0.371799,-0.347873,0.0397627,-0.211288,-0.0239258
1.18,5,2.00646e-06,6.40096e-06,0.00118598,-0.000377767,-4.3945e-06
1.19,0,0.343355,0.306081,0.478068,0.0567558,0.037274
1.19,1,-0.77139,-0.677624,0.0436797,-3.88165,-0.0937654
1.19,2,1.14277,1.20758,-0.08148,-1.78112,-0.0648028
1.19,3,0.143063,0.131327,0.212246,-0.00999245,0.0117355
1.19,4,-0.371385,-0.347473,0.0401153,-0.211348,-0.0239112
1.19,5,2.03592e-06,1.76006e-05,0.00106562,-0.000397508,-1.55647e-05
1.2,0,0.348324,0.31087,0.479596,0.0593689,0.0374539
1.2,1,-0.770976,-0.677185,0.0440891,-3.88388,-0.0937904
1.2,2,1.14195,1.20676,-0.0812262,-1.78208,-0.0648176
1.2,3,0.145133,0.133448,0.211834,-0.0102432,0.0116857
1.2,4,-0.37097,-0.34707,0.0404447,-0.211423,-0.0239001
1.2,5,2.06538e-06,2.75874e-05,0.000943822,-0.000410757,-2.55221e-05
1.21,0,0.353293,0.315675,0.481193,0.0611484,0.0376182
1.21,1,-0.770562,-0.676742,0.0444614,-3.88616,-0.0938193
1.21,2,1.14112,1.20595,-0.0810011,-1.78304,-0.0648347
1.21,3,0.147204,0.135564,0.211417,-0.0104499,0.01164
1.21,4,-0.370556,-0.346664,0.0407491,-0.211512,-0.0238921
1.21,5,2.09485e-06,3.63559e-05,0.000822189,-0.000417962,-3.42611e-05
1.22,0,0.358262,0.320496,0.482834,0.0621479,0.0377662
1.22,1,-0.770148,-0.676296,0.0447954,-3.88846,-0.0938518
1.22,2,1.14029,1.20514,-0.0808049,-1.78401,-0.064854
1.22,3,0.149274,0.137676,0.211001,-0.0106156,0.0115985
1.22,4,-0.370142,-0.346255,0.041027,-0.21161,-0.0238871
1.22,5,2.12431e-06,4.39157e-05,0.000702145,-0.000419601,-4.17914e-05
1.23,0,0.363231,0.325334,0.484495,0.0624255,0.0378977
1.23,1,-0.769734,-0.675846,0.0450904,-3.89076,-0.0938873
1.23,2,1.13946,1.20434,-0.0806376,-1.78498,-0.064875
1.23,3,0.151344,0.139783,0.210591,-0.0107435,0.0115611
1.23,4,-0.369728,-0.345843,0.0412775,-0.211716,-0.0238846
1.23,5,2.15378e-06,5.02898e-05,0.000584958,-0.000416168,-4.8136e-05
1.24,0,0.3682,0.330188,0.486154,0.0620426,0.0380126
1.24,1,-0.769319,-0.675394,0.0453461,-3.89306,-0.0939256
1.24,2,1.13863,1.20353,-0.0804986,-1.78593,-0.0648976
1.24,3,0.153415,0.141887,0.210192,-0.010837,0.0115278
1.24,4,-0.369314,-0.345429,0.0414999,-0.211826,-0.0238845
1.24,5,2.18324e-06,5.5513e-05,0.000471742,-0.000408171,-5.33298e-05
1.25,0,0.373169,0.335058,0.487792,0.061063,0.038111
1.25,1,-0.768905,-0.674939,0.0455629,-3.89534,-0.0939663
1.25,2,1.13781,1.20273,-0.0803872,-1.78687,-0.0649214
1.25,3,0.155485,0.143987,0.209806,-0.0108996,0.0114984
1.25,4,-0.3689,-0.345013,0.041694,-0.211939,-0.0238865
1.25,5,2.2127e-06,5.96304e-05,0.000363454,-0.000396125,-5.74177e-05
1.26,0,0.378138,0.339945,0.489392,0.0595518,0.0381932
1.26,1,-0.768491,-0.674483,0.0457416,-3.89758,-0.0940089
1.26,2,1.13698,1.20192,-0.0803023,-1.78778,-0.0649462
1.26,3,0.157556,0.146083,0.209437,-0.0109348,0.0114728
1.26,4,-0.368486,-0.344595,0.04186,-0.212052,-0.0238903
1.26,5,2.24217e-06,6.26959e-05,0.000260908,-0.000380541,-6.04538e-05
1.27,0,0.383107,0.344847,0.490938,0.0575744,0.0382597
1.27,1,-0.768077,-0.674024,0.0458834,-3.89977,-0.0940531
1.27,2,1.13615,1.20112,-0.0802426,-1.78866,-0.0649717
1.27,3,0.159626,0.148175,0.209089,-0.0109462,0.0114507
1.27,4,-0.368072,-0.344176,0.0419982,-0.212163,-0.0238955
1.27,5,2.27163e-06,6.47707e-05,0.00016477,-0.000361926,-6.24991e-05
1.28,0,0.388076,0.349765,0.492416,0.055196,0.0383111
1.28,1,-0.767663,-0.673565,0.0459898,-3.90191,-0.0940985
1.28,2,1.13532,1.20032,-0.0802065,-1.78952,-0.0649976
1.28,3,0.161696,0.150264,0.208762,-0.0109373,0.011432
1.28,4,-0.367657,-0.343755,0.0421094,-0.212271,-0.023902
1.28,5,2.30109e-06,6.59219e-05,7.55737e-05,-0.000340776,-6.36208e-05
1.29,0,0.393045,0.354697,0.493815,0.0524807,0.0383481
1.29,1,-0.767249,-0.673105,0.0460628,-3.90398,-0.0941448
1.29,2,1.13449,1.19952,-0.0801923,-1.79033,-0.0650238
1.29,3,0.163767,0.15235,0.20846,-0.0109114,0.0114164
1.29,4,-0.367243,-0.343334,0.0421945,-0.212373,-0.0239095
1.29,5,2.33056e-06,6.62213e-05,-6.27619e-06,-0.000317571,-6.38907e-05
1.3,0,0.398014,0.359642,0.495125,0.0494907,0.0383717
1.3,1,-0.766835,-0.672644,0.0461043,-3.90598,-0.0941916
1.3,2,1.13366,1.19871,-0.0801982,-1.7911,-0.06505
1.3,3,0.165837,0.154433,0.208182,-0.0108718,0.0114038
1.3,4,-0.366829,-0.342912,0.0422548,-0.212469,-0.0239177
1.3,5,2.36002e-06,6.57439e-05,-8.04967e-05,-0.000292771,-6.33839e-05
1.31,0,0.402983,0.3646,0.49634,0.046286,0.0383826
1.31,1,-0.766421,-0.672183,0.0461168,-3.9079,-0.0942387
1.31,2,1.13284,1.19791,-0.0802223,-1.79184,-0.0650761
1.31,3,0.167907,0.156514,0.207931,-0.0108216,0.0113937
1.31,4,-0.366415,-0.342489,0.0422915,-0.212556,-0.0239263
1.31,5,2.38948e-06,6.45672e-05,-0.000146917,-0.000266813,-6.21777e-05
1.32,0,0.407952,0.36957,0.497452,0.0429236,0.038382
1.32,1,-0.766007,-0.671721,0.0461026,-3.90974,-0.0942858
1.32,2,1.13201,1.19711,-0.0802627,-1.79253,-0.0651018
1.32,3,0.169978,0.158592,0.207707,-0.0107639,0.011386
1.32,4,-0.366001,-0.342066,0.0423063,-0.212635,-0.0239352
1.32,5,2.41895e-06,6.27695e-05,-0.000205472,-0.000240111,-6.03505e-05
1.33,0,0.412921,0.37455,0.498458,0.0394573,0.0383708
1.33,1,-0.765593,-0.671261,0.0460643,-3.9115,-0.0943326
1.33,2,1.13118,1.19631,-0.0803174,-1.79318,-0.065127
1.33,3,0.172048,0.160668,0.20751,-0.0107013,0.0113804
1.33,4,-0.365587,-0.341643,0.0423006,-0.212703,-0.0239441
1.33,5,2.44841e-06,6.04294e-05,-0.00025619,-0.000213048,-5.7981e-05
1.34,0,0.41789,0.37954,0.499356,0.0359374,0.0383502
1.34,1,-0.765179,-0.6708,0.0460046,-3.91317,-0.0943788
1.34,2,1.13035,1.1955,-0.0803843,-1.79378,-0.0651517
1.34,3,0.174119,0.162742,0.207339,-0.0106366,0.0113767
1.34,4,-0.365173,-0.34122,0.0422762,-0.212761,-0.0239529
1.34,5,2.47787e-06,5.76247e-05,-0.000299187,-0.000185978,-5.51468e-05
1.35,0,0.422859,0.384538,0.500145,0.0324102,0.0383211
1.35,1,-0.764765,-0.670341,0.0459262,-3.91476,-0.0944244
1.35,2,1.12952,1.1947,-0.0804615,-1.79434,-0.0651755
1.35,3,0.176189,0.164814,0.207195,-0.010572,0.0113745
1.35,4,-0.364759,-0.340797,0.042235,-0.212808,-0.0239613
1.35,5,2.50734e-06,5.44316e-05,-0.000334656,-0.000159225,-5.19243e-05
1.36,0,0.427828,0.389543,0.500825,0.0289181,0.0382848
1.36,1,-0.764351,-0.669882,0.0458316,-3.91626,-0.0944691
1.36,2,1.1287,1.19389,-0.0805472,-1.79486,-0.0651986
1.36,3,0.178259,0.166886,0.207076,-0.0105097,0.0113736
1.36,4,-0.364345,-0.340375,0.0421788,-0.212844,-0.0239693
1.36,5,2.5368e-06,5.09241e-05,-0.000362861,-0.000133078,-4.83873e-05
1.37,0,0.432797,0.394554,0.501398,0.025499,0.0382423
1.37,1,-0.763937,-0.669424,0.0457236,-3.91768,-0.0945128
1.37,2,1.12787,1.19309,-0.0806394,-1.79535,-0.0652208
1.37,3,0.18033,0.168956,0.206982,-0.0104516,0.0113737
1.37,4,-0.36393,-0.339954,0.0421093,-0.212867,-0.0239766
1.37,5,2.56626e-06,4.71729e-05,-0.000384124,-0.000107796,-4.46067e-05
1.38,0,0.437766,0.399571,0.501866,0.0221869,0.0381946
1.38,1,-0.763523,-0.668968,0.0456046,-3.91903,-0.0945554
1.38,2,1.12704,1.19228,-0.0807364,-1.79579,-0.065242
1.38,3,0.1824,0.171025,0.206911,-0.0103995,0.0113747
1.38,4,-0.363516,-0.339533,0.0420284,-0.212879,-0.0239831
1.38,5,2.59573e-06,4.32456e-05,-0.000398818,-8.36039e-05,-4.06499e-05
1.39,0,0.442735,0.404592,0.502234,0.0190111,0.0381428
1.39,1,-0.763109,-0.668512,0.0454771,-3.9203,-0.0945967
1.39,2,1.12621,1.19147,-0.0808366,-1.79619,-0.0652623
1.39,3,0.18447,0.173094,0.206862,-0.0103547,0.0113763
1.39,4,-0.363102,-0.339113,0.041938,-0.212879,-0.0239888
1.39,5,2.62519e-06,3.92055e-05,-0.00040736,-6.06938e-05,-3.65804e-05
1.4,0,0.447704,0.409616,0.502506,0.015997,0.0380879
1.4,1,-0.762695,-0.668058,0.0453435,-3.9215,-0.0946367
1.4,2,1.12538,1.19066,-0.0809384,-1.79657,-0.0652815
1.4,3,0.186541,0.175163,0.206834,-0.0103186,0.0113782
1.4,4,-0.362688,-0.338695,0.0418397,-0.212868,-0.0239935
1.4,5,2.65465e-06,3.51118e-05,-0.0004102,-3.92259e-05,-3.24572e-05
1.41,0,0.452673,0.414642,0.502688,0.0131657,0.0380307
1.41,1,-0.762281,-0.667605,0.045206,-3.92263,-0.0946753
1.41,2,1.12456,1.18985,-0.0810405,-1.79691,-0.0652997
1.41,3,0.188611,0.177231,0.206825,-0.0102921,0.0113803
1.41,4,-0.362274,-0.338277,0.0417353,-0.212846,-0.0239972
1.41,5,2.68412e-06,3.10188e-05,-0.000407814,-1.93293e-05,-2.83347e-05
1.42,0,0.457642,0.419669,0.502785,0.0105341,0.0379722
1.42,1,-0.761867,-0.667154,0.0450666,-3.9237,-0.0947126
1.42,2,1.12373,1.18904,-0.0811414,-1.79722,-0.0653169
1.42,3,0.190682,0.179299,0.206833,-0.010276,0.0113824
1.42,4,-0.36186,-0.33786,0.0416264,-0.212812,-0.0239999
1.42,5,2.71358e-06,2.69761e-05,-0.000400699,-1.10307e-06,-2.42625e-05
1.43,0,0.462611,0.424697,0.502803,0.00811558,0.0379131
1.43,1,-0.761453,-0.666704,0.0449271,-3.92472,-0.0947484
1.43,2,1.1229,1.18823,-0.0812402,-1.79751,-0.0653331
1.43,3,0.192752,0.181368,0.206857,-0.010271,0.0113843
1.43,4,-0.361446,-0.337444,0.0415144,-0.212769,-0.0240014
1.43,5,2.74304e-06,2.30282e-05,-0.000389361,1.53822e-05,-2.02852e-05
1.44,0,0.46758,0.429725,0.502751,0.0059195,0.0378543
1.44,1,-0.761039,-0.666256,0.0447894,-3.92568,-0.0947829
1.44,2,1.12207,1.18742,-0.0813356,-1.79778,-0.0653483
1.44,3,0.194822,0.183436,0.206894,-0.0102775,0.0113859
1.44,4,-0.361032,-0.33703,0.0414008,-0.212715,-0.0240018
1.44,5,2.77251e-06,1.92145e-05,-0.000374311,3.0083e-05,-1.6442e-05
1.45,0,0.472548,0.434752,0.502634,0.00395191,0.0377964
1.45,1,-0.760625,-0.665809,0.0446549,-3.92661,-0.094816
1.45,2,1.12124,1.18661,-0.081427,-1.79802,-0.0653626
1.45,3,0.196893,0.185506,0.206944,-0.0102957,0.0113871
1.45,4,-0.360618,-0.336616,0.041287,-0.212652,-0.0240011
1.45,5,2.80197e-06,1.55694e-05,-0.000356059,4.29807e-05,-1.27674e-05
1.46,0,0.477517,0.439778,0.50246,0.0022156,0.0377399
1.46,1,-0.760211,-0.665363,0.0445251,-3.92749,-0.0948478
1.46,2,1.12041,1.18579,-0.0815134,-1.79825,-0.065376
1.46,3,0.198963,0.187575,0.207004,-0.0103257,0.0113877
1.46,4,-0.360203,-0.336204,0.0411741,-0.212581,-0.0239992
1.46,5,2.83143e-06,1.2122e-05,-0.000335109,5.40797e-05,-9.29057e-06
1.47,0,0.482486,0.444801,0.502236,0.000710381,0.0376855
1.47,1,-0.759797,-0.664918,0.044401,-3.92834,-0.0948783
1.47,2,1.11959,1.18497,-0.0815943,-1.79847,-0.0653886
1.47,3,0.201033,0.189646,0.207073,-0.0103674,0.0113877
1.47,4,-0.359789,-0.335793,0.0410632,-0.212501,-0.0239962
1.47,5,2.8609e-06,8.89667e-06,-0.000311949,6.34057e-05,-6.03577e-06
1.48,0,0.487455,0.449822,0.501969,-0.000566617,0.0376335
1.48,1,-0.759382,-0.664475,0.0442837,-3.92916,-0.0949076
1.48,2,1.11876,1.18416,-0.0816692,-1.79867,-0.0654004
1.48,3,0.203104,0.191717,0.207149,-0.0104207,0.0113869
1.48,4,-0.359375,-0.335383,0.0409553,-0.212415,-0.0239921
1.48,5,2.89036e-06,5.91287e-06,-0.000287052,7.10031e-05,-3.02251e-06
1.49,0,0.492424,0.45484,0.501666,-0.00162071,0.0375844
1.49,1,-0.758968,-0.664033,0.044174,-3.92996,-0.0949358
1.49,2,1.11793,1.18334,-0.0817376,-1.79887,-0.0654115
1.49,3,0.205174,0.193789,0.207231,-0.0104851,0.0113853
1.49,4,-0.358961,-0.334974,0.0408513,-0.212322,-0.023987
1.49,5,2.91982e-06,3.18547e-06,-0.00026087,7.69329e-05,-2.65647e-07
1.5,0,0.497393,0.459855,0.501333,-0.00245934,0.0375385
1.5,1,-0.758554,-0.663591,0.0440726,-3.93074,-0.094963
1.5,2,1.1171,1.18252,-0.0817995,-1.79906,-0.0654219
1.5,3,0.207245,0.195862,0.207316,-0.0105603,0.0113829
1.5,4,-0.358547,-0.334566,0.0407518,-0.212223,-0.0239809
1.5,5,2.94929e-06,7.24951e-07,-0.00023383,8.12706e-05,2.22434e-06
1.51,0,0.502362,0.464866,0.500978,-0.00309184,0.0374961
1.51,1,-0.75814,-0.663151,0.04398,-3.9315,-0.0949891
1.51,2,1.11627,1.18171,-0.0818545,-1.79924,-0.0654318
1.51,3,0.209315,0.197935,0.207404,-0.0106456,0.0113797
1.51,4,-0.358133,-0.334159,0.0406574,-0.212119,-0.0239737
1.51,5,2.97875e-06,-1.46232e-06,-0.000206329,8.41041e-05,4.44107e-06
1.52,0,0.507331,0.469874,0.500607,-0.00352911,0.0374573
1.52,1,-0.757726,-0.662712,0.0438964,-3.93227,-0.0950144
1.52,2,1.11545,1.18089,-0.0819026,-1.79943,-0.0654411
1.52,3,0.211385,0.20001,0.207493,-0.0107407,0.0113755
1.52,4,-0.357719,-0.333753,0.0405688,-0.21201,-0.0239657
1.52,5,3.00821e-06,-3.37379e-06,-0.000178738,8.55313e-05,6.382e-06
1.53,0,0.5123,0.474878,0.500225,-0.0037834,0.0374223
1.53,1,-0.757312,-0.662273,0.0438221,-3.93302,-0.0950389
1.53,2,1.11462,1.18007,-0.0819439,-1.79961,-0.06545
1.53,3,0.213456,0.202085,0.207582,-0.0108446,0.0113705
1.53,4,-0.357305,-0.333348,0.0404862,-0.211898,-0.0239568
1.53,5,3.03768e-06,-5.01043e-06,-0.000151392,8.56582e-05,8.04811e-06
1.54,0,0.517269,0.479878,0.499838,-0.00386797,0.0373911
1.54,1,-0.756898,-0.661835,0.0437571,-3.93378,-0.0950627
1.54,2,1.11379,1.17925,-0.0819785,-1.7998,-0.0654585
1.54,3,0.215526,0.204162,0.20767,-0.0109568,0.0113645
1.54,4,-0.35689,-0.332943,0.04041,-0.211782,-0.0239471
1.54,5,3.06714e-06,-6.37641e-06,-0.000124597,8.45968e-05,9.44355e-06
1.55,0,0.522238,0.484874,0.49945,-0.00379694,0.0373639
1.55,1,-0.756484,-0.661398,0.0437014,-3.93454,-0.095086
1.55,2,1.11296,1.17843,-0.0820065,-1.79999,-0.0654667
1.55,3,0.217596,0.206239,0.207756,-0.0110765,0.0113577
1.55,4,-0.356476,-0.33254,0.0403403,-0.211664,-0.0239367
1.55,5,3.0966e-06,-7.47874e-06,-9.86221e-05,8.24633e-05,1.05753e-05
1.56,0,0.527207,0.489867,0.499067,-0.00358497,0.0373404
1.56,1,-0.75607,-0.660961,0.0436548,-3.93531,-0.0951087
1.56,2,1.11213,1.17761,-0.0820283,-1.80018,-0.0654747
1.56,3,0.219667,0.208317,0.207839,-0.0112028,0.0113501
1.56,4,-0.356062,-0.332137,0.0402773,-0.211544,-0.0239257
1.56,5,3.12607e-06,-8.32695e-06,-7.37041e-05,7.93763e-05,1.1453e-05
1.57,0,0.532176,0.494855,0.498693,-0.00324707,0.0373208
1.57,1,-0.755656,-0.660525,0.043617,-3.93609,-0.0951309
1.57,2,1.1113,1.17679,-0.0820441,-1.80039,-0.0654825
1.57,3,0.221737,0.210396,0.207919,-0.0113352,0.0113416
1.57,4,-0.355648,-0.331734,0.0402209,-0.211422,-0.023914
1.57,5,3.15553e-06,-8.93275e-06,-5.00453e-05,7.5455e-05,1.20883e-05
1.58,0,0.537145,0.49984,0.49833,-0.0027984,0.0373048
1.58,1,-0.755242,-0.660089,0.0435877,-3.93688,-0.0951529
1.58,2,1.11048,1.17597,-0.0820543,-1.8006,-0.0654901
1.58,3,0.223808,0.212475,0.207994,-0.0114726,0.0113324
1.58,4,-0.355234,-0.331332,0.0401712,-0.2113,-0.0239018
1.58,5,3.18499e-06,-9.3097e-06,-2.7815e-05,7.0818e-05,1.24947e-05
1.59,0,0.542114,0.504822,0.497983,-0.00225406,0.0372924
1.59,1,-0.754828,-0.659653,0.0435664,-3.93768,-0.0951746
1.59,2,1.10965,1.17515,-0.0820593,-1.80081,-0.0654977
1.59,3,0.225878,0.214556,0.208065,-0.0116144,0.0113224
1.59,4,-0.35482,-0.330931,0.0401279,-0.211177,-0.0238892
1.59,5,3.21446e-06,-9.47285e-06,-7.15019e-06,6.55816e-05,1.26873e-05
1.6,0,0.547083,0.5098,0.497654,-0.00162893,0.0372834
1.6,1,-0.754414,-0.659218,0.0435527,-3.9385,-0.0951962
1.6,2,1.10882,1.17433,-0.0820595,-1.80104,-0.0655053
1.6,3,0.227948,0.216637,0.20813,-0.0117598,0.0113118
1.6,4,-0.354406,-0.33053,0.040091,-0.211054,-0.0238761
1.6,5,3.24392e-06,-9.43848e-06,1.18433e-05,5.9859e-05,1.26824e-05
1.61,0,0.552052,0.514774,0.497346,-0.000937518,0.0372775
1.61,1,-0.754,-0.658782,0.0435461,-3.93934,-0.0952176
1.61,2,1.10799,1.1735,-0.0820553,-1.80127,-0.0655128
1.61,3,0.230019,0.218718,0.208189,-0.011908,0.0113005
1.61,4,-0.353992,-0.330129,0.04006,-0.210932,-0.0238627
1.61,5,3.27338e-06,-9.22372e-06,2.90893e-05,5.37588e-05,1.24971e-05
1.62,0,0.557021,0.519746,0.497059,-0.000193816,0.0372746
1.62,1,-0.753586,-0.658347,0.0435458,-3.9402,-0.095239
1.62,2,1.10716,1.17268,-0.0820473,-1.80152,-0.0655205
1.62,3,0.232089,0.2208,0.208243,-0.0120583,0.0112887
1.62,4,-0.353578,-0.329728,0.0400349,-0.21081,-0.0238491
1.62,5,3.30285e-06,-8.84636e-06,4.45391e-05,4.73843e-05,1.21492e-05
1.63,0,0.56199,0.524715,0.496796,0.000588814,0.0372744
1.63,1,-0.753172,-0.657911,0.0435514,-3.94107,-0.0952605
1.63,2,1.10634,1.17186,-0.0820358,-1.80177,-0.0655282
1.63,3,0.234159,0.222883,0.20829,-0.0122101,0.0112764
1.63,4,-0.353163,-0.329328,0.0400151,-0.210689,-0.0238352
1.63,5,3.33231e-06,-8.3245e-06,5.81702e-05,4.0833e-05,1.16568e-05
1.64,0,0.566959,0.529682,0.496558,0.00139774,0.0372768
1.64,1,-0.752758,-0.657476,0.0435622,-3.94197,-0.095282
1.64,2,1.10551,1.17104,-0.0820214,-1.80204,-0.0655361
1.64,3,0.23623,0.224966,0.208332,-0.0123628,0.0112637
1.64,4,-0.352749,-0.328928,0.0400004,-0.210569,-0.0238211
1.64,5,3.36177e-06,-7.67633e-06,6.99839e-05,3.41953e-05,1.10381e-05
1.65,0,0.571928,0.534646,0.496344,0.00222115,0.0372814
1.65,1,-0.752344,-0.65704,0.0435776,-3.94288,-0.0953036
1.65,2,1.10468,1.17022,-0.0820045,-1.80231,-0.0655441
1.65,3,0.2383,0.22705,0.208368,-0.0125157,0.0112505
1.65,4,-0.352335,-0.328528,0.0399904,-0.210451,-0.023807
1.65,5,3.39124e-06,-6.91992e-06,8.00029e-05,2.75549e-05,1.03112e-05
1.66,0,0.576897,0.539609,0.496156,0.0030481,0.0372879
1.66,1,-0.75193,-0.656604,0.043597,-3.94381,-0.0953255
1.66,2,1.10385,1.1694,-0.0819855,-1.8026,-0.0655523
1.66,3,0.240371,0.229134,0.208398,-0.0126682,0.011237
1.66,4,-0.351921,-0.328128,0.0399846,-0.210334,-0.0237927
1.66,5,3.4207e-06,-6.073e-06,8.82695e-05,2.09876e-05,9.4937e-06
1.67,0,0.581866,0.544569,0.495994,0.00386858,0.0372962
1.67,1,-0.751516,-0.656168,0.0436197,-3.94476,-0.0953475
1.67,2,1.10302,1.16858,-0.081965,-1.80289,-0.0655608
1.67,3,0.242441,0.231218,0.208422,-0.01282,0.0112233
1.67,4,-0.351507,-0.327729,0.0399827,-0.210219,-0.0237784
1.67,5,3.45017e-06,-5.15278e-06,9.4843e-05,1.45618e-05,8.60295e-06
1.68,0,0.586835,0.549529,0.495856,0.00467355,0.037306
1.68,1,-0.751102,-0.655732,0.0436451,-3.94573,-0.0953698
1.68,2,1.10219,1.16776,-0.0819432,-1.80319,-0.0655694
1.68,3,0.244511,0.233302,0.20844,-0.0129706,0.0112093
1.68,4,-0.351093,-0.327329,0.0399842,-0.210105,-0.0237642
1.68,5,3.47963e-06,-4.1758e-06,9.97975e-05,8.33789e-06,7.65543e-06
1.69,0,0.591804,0.554487,0.495743,0.00545494,0.0373171
1.69,1,-0.750688,-0.655295,0.0436727,-3.94671,-0.0953924
1.69,2,1.10137,1.16694,-0.0819206,-1.80351,-0.0655782
1.69,3,0.246582,0.235386,0.208453,-0.0131195,0.0111952
1.69,4,-0.350679,-0.326929,0.0399887,-0.209994,-0.0237499
1.69,5,3.50909e-06,-3.15778e-06,0.00010322,2.3684e-06,6.66687e-06
1.7,0,0.596773,0.559443,0.495653,0.00620568,0.0373291
1.7,1,-0.750274,-0.654858,0.0437019,-3.94772,-0.0954152
1.7,2,1.10054,1.16613,-0.0818976,-1.80382,-0.0655873
1.7,3,0.248652,0.237471,0.208461,-0.0132664,0.011181
1.7,4,-0.350265,-0.326529,0.0399958,-0.209884,-0.0237357
1.7,5,3.53856e-06,-2.11351e-06,0.000105207,-3.30183e-06,5.65206e-06
1.71,0,0.601742,0.5644,0.495586,0.00691968,0.037342
1.71,1,-0.74986,-0.654421,0.0437322,-3.94873,-0.0954384
1.71,2,1.09971,1.16531,-0.0818744,-1.80415,-0.0655966
1.71,3,0.250722,0.239556,0.208465,-0.0134111,0.0111668
1.71,4,-0.34985,-0.326129,0.040005,-0.209775,-0.0237216
1.71,5,3.56802e-06,-1.05677e-06,0.000105865,-8.63552e-06,4.62478e-06
1.72,0,0.606711,0.569355,0.49554,0.00759181,0.0373553
1.72,1,-0.749445,-0.653984,0.043763,-3.94976,-0.0954618
1.72,2,1.09888,1.16449,-0.0818515,-1.80448,-0.0656061
1.72,3,0.252793,0.24164,0.208464,-0.0135532,0.0111525
1.72,4,-0.349436,-0.325729,0.040016,-0.209669,-0.0237076
1.72,5,3.59748e-06,-2.67138e-10,0.000105305,-1.36026e-05,3.59775e-06
1.73,0,0.611679,0.57431,0.495515,0.0082179,0.037369
1.73,1,-0.749031,-0.653546,0.0437939,-3.95081,-0.0954856
1.73,2,1.09805,1.16367,-0.081829,-1.80482,-0.0656159
1.73,3,0.254863,0.243725,0.208459,-0.0136927,0.0111383
1.73,4,-0.349022,-0.325329,0.0400284,-0.209564,-0.0236937
1.73,5,3.62695e-06,1.04452e-06,0.000103643,-1.81806e-05,2.58242e-06
1.74,0,0.616648,0.579266,0.495507,0.00879467,0.0373829
1.74,1,-0.748617,-0.653108,0.0438246,-3.95186,-0.0955097
1.74,2,1.09723,1.16285,-0.0818073,-1.80516,-0.0656259
1.74,3,0.256934,0.245809,0.208451,-0.0138293,0.0111241
1.74,4,-0.348608,-0.324928,0.0400417,-0.20946,-0.0236799
1.74,5,3.65641e-06,2.06716e-06,0.000100997,-2.23529e-05,1.58925e-06
1.75,0,0.621617,0.584221,0.495517,0.00931971,0.0373968
1.75,1,-0.748203,-0.652669,0.0438546,-3.95292,-0.095534
1.75,2,1.0964,1.16203,-0.0817865,-1.80551,-0.0656361
1.75,3,0.259004,0.247894,0.208439,-0.013963,0.01111
1.75,4,-0.348194,-0.324528,0.0400557,-0.209358,-0.0236663
1.75,5,3.68587e-06,3.0585e-06,9.7488e-05,-2.61095e-05,6.27377e-07
1.76,0,0.626586,0.589176,0.495542,0.00979143,0.0374104
1.76,1,-0.747789,-0.652231,0.0438836,-3.954,-0.0955587
1.76,2,1.09557,1.16122,-0.0817669,-1.80586,-0.0656465
1.76,3,0.261074,0.249978,0.208424,-0.0140937,0.0110961
1.76,4,-0.34778,-0.324127,0.04007,-0.209258,-0.0236528
1.76,5,3.71534e-06,4.01054e-06,9.3234e-05,-2.94463e-05,-2.95208e-07
1.77,0,0.631555,0.594132,0.495581,0.010209,0.0374238
1.77,1,-0.747375,-0.651792,0.0439113,-3.95508,-0.0955836
1.77,2,1.09474,1.1604,-0.0817485,-1.80622,-0.0656571
1.77,3,0.263145,0.252062,0.208408,-0.0142213,0.0110823
1.77,4,-0.347366,-0.323726,0.0400844,-0.209158,-0.0236395
1.77,5,3.7448e-06,4.91651e-06,8.83523e-05,-3.23642e-05,-1.17171e-06
1.78,0,0.636524,0.599088,0.495631,0.0105723,0.0374367
1.78,1,-0.746961,-0.651352,0.0439375,-3.95617,-0.0956088
1.78,2,1.09391,1.15958,-0.0817315,-1.80657,-0.0656678
1.78,3,0.265215,0.254146,0.208389,-0.014346,0.0110687
1.78,4,-0.346952,-0.323325,0.0400985,-0.20906,-0.0236263
1.78,5,3.77426e-06,5.77073e-06,8.29564e-05,-3.48693e-05,-1.99647e-06
1.79,0,0.641493,0.604044,0.495693,0.0108818,0.037449
1.79,1,-0.746547,-0.650913,0.0439619,-3.95726,-0.0956343
1.79,2,1.09309,1.15876,-0.081716,-1.80693,-0.0656788
1.79,3,0.267285,0.25623,0.208368,-0.0144676,0.0110553
1.79,4,-0.346538,-0.322924,0.0401121,-0.208962,-0.0236133
1.79,5,3.80373e-06,6.56868e-06,7.71562e-05,-3.69716e-05,-2.76496e-06
1.8,0,0.646462,0.609002,0.495762,0.0111386,0.0374606
1.8,1,-0.746133,-0.650473,0.0439845,-3.95835,-0.09566
1.8,2,1.09226,1.15795,-0.0817021,-1.80729,-0.0656898
1.8,3,0.269356,0.258314,0.208346,-0.0145863,0.0110421
1.8,4,-0.346123,-0.322523,0.040125,-0.208865,-0.0236003
1.8,5,3.83319e-06,7.3069e-06,7.1056e-05,-3.86854e-05,-3.47371e-06
1.81,0,0.651431,0.61396,0.495839,0.0113444,0.0374716
1.81,1,-0.745719,-0.650033,0.044005,-3.95945,-0.0956859
1.81,2,1.09143,1.15713,-0.0816898,-1.80765,-0.065701
1.81,3,0.271426,0.260397,0.208323,-0.0147021,0.0110292
1.81,4,-0.345709,-0.322122,0.040137,-0.208769,-0.0235875
1.81,5,3.86265e-06,7.98293e-06,6.47544e-05,-4.00277e-05,-4.12027e-06
1.82,0,0.6564,0.618918,0.495922,0.0115012,0.0374817
1.82,1,-0.745305,-0.649593,0.0440234,-3.96055,-0.095712
1.82,2,1.0906,1.15631,-0.0816791,-1.80801,-0.0657124
1.82,3,0.273497,0.26248,0.2083,-0.0148153,0.0110165
1.82,4,-0.345295,-0.32172,0.0401479,-0.208673,-0.0235748
1.82,5,3.89212e-06,8.59527e-06,5.83435e-05,-4.10188e-05,-4.70315e-06
1.83,0,0.661369,0.623878,0.496009,0.0116114,0.037491
1.83,1,-0.744891,-0.649153,0.0440396,-3.96165,-0.0957383
1.83,2,1.08977,1.1555,-0.0816701,-1.80837,-0.0657238
1.83,3,0.275567,0.264563,0.208276,-0.0149258,0.011004
1.83,4,-0.344881,-0.321319,0.0401576,-0.208577,-0.0235623
1.83,5,3.92158e-06,9.14329e-06,5.19082e-05,-4.1681e-05,-5.22171e-06
1.84,0,0.666338,0.628839,0.496099,0.0116779,0.0374993
1.84,1,-0.744477,-0.648712,0.0440537,-3.96275,-0.0957648
1.84,2,1.08894,1.15468,-0.0816626,-1.80873,-0.0657353
1.84,3,0.277637,0.266646,0.208252,-0.0150339,0.0109917
1.84,4,-0.344467,-0.320917,0.0401659,-0.208481,-0.0235498
1.84,5,3.95104e-06,9.6272e-06,4.55263e-05,-4.20387e-05,-5.67616e-06
1.85,0,0.671307,0.6338,0.49619,0.0117036,0.0375068
1.85,1,-0.744063,-0.648272,0.0440655,-3.96385,-0.0957913
1.85,2,1.08812,1.15386,-0.0816567,-1.80909,-0.0657468
1.85,3,0.279708,0.268728,0.208228,-0.0151397,0.0109797
1.85,4,-0.344053,-0.320515,0.0401729,-0.208385,-0.0235373
1.85,5,3.98051e-06,1.00479e-05,3.92676e-05,-4.21173e-05,-6.06741e-06
1.86,0,0.676276,0.638763,0.496281,0.0116918,0.0375134
1.86,1,-0.743649,-0.647831,0.0440752,-3.96495,-0.095818
1.86,2,1.08729,1.15305,-0.0816523,-1.80945,-0.0657584
1.86,3,0.281778,0.27081,0.208204,-0.0152434,0.0109679
1.86,4,-0.343639,-0.320114,0.0401783,-0.208289,-0.023525
1.86,5,4.00997e-06,1.0407e-05,3.31945e-05,-4.19436e-05,-6.39704e-06
1.87,0,0.681245,0.643726,0.496372,0.0116459,0.037519
1.87,1,-0.743235,-0.64739,0.0440828,-3.96604,-0.0958447
1.87,2,1.08646,1.15223,-0.0816493,-1.8098,-0.0657701
1.87,3,0.283848,0.272892,0.208182,-0.0153451,0.0109564
1.87,4,-0.343225,-0.319712,0.0401822,-0.208193,-0.0235127
1.87,5,4.03943e-06,1.07067e-05,2.73615e-05,-4.15446e-05,-6.66722e-06
1.88,0,0.686214,0.64869,0.496461,0.0115695,0.0375238
1.88,1,-0.742821,-0.646949,0.0440883,-3.96713,-0.0958716
1.88,2,1.08563,1.15141,-0.0816477,-1.81016,-0.0657818
1.88,3,0.285919,0.274974,0.20816,-0.0154451,0.0109451
1.88,4,-0.34281,-0.31931,0.0401846,-0.208095,-0.0235004
1.88,5,4.0689e-06,1.09495e-05,2.18153e-05,-4.09477e-05,-6.88062e-06
1.89,0,0.691183,0.653655,0.496547,0.0114659,0.0375277
1.89,1,-0.742407,-0.646508,0.0440919,-3.96821,-0.0958984
1.89,2,1.0848,1.1506,-0.0816473,-1.81051,-0.0657934
1.89,3,0.287989,0.277055,0.208138,-0.0155434,0.010934
1.89,4,-0.342396,-0.318908,0.0401854,-0.207998,-0.0234881
1.89,5,4.09836e-06,1.11387e-05,1.65951e-05,-4.01801e-05,-7.04031e-06
1.9,0,0.696152,0.658621,0.49663,0.0113388,0.0375307
1.9,1,-0.741993,-0.646067,0.0440937,-3.96929,-0.0959253
1.9,2,1.08398,1.14978,-0.0816481,-1.81086,-0.0658051
1.9,3,0.29006,0.279137,0.208118,-0.0156403,0.0109231
1.9,4,-0.341982,-0.318506,0.0401846,-0.207899,-0.0234759
1.9,5,4.12782e-06,1.12776e-05,1.17328e-05,-3.92686e-05,-7.14975e-06
1.91,0,0.701121,0.663588,0.496709,0.0111917,0.0375329
1.91,1,-0.741579,-0.645626,0.0440938,-3.97037,-0.0959522
1.91,2,1.08315,1.14896,-0.0816499,-1.8112,-0.0658168
1.91,3,0.29213,0.281218,0.208099,-0.015736,0.0109124
1.91,4,-0.341568,-0.318105,0.0401823,-0.2078,-0.0234636
1.91,5,4.15729e-06,1.13699e-05,7.25305e-06,-3.82392e-05,-7.21265e-06
1.92,0,0.70609,0.668555,0.496783,0.011028,0.0375344
1.92,1,-0.741165,-0.645186,0.0440923,-3.97144,-0.0959791
1.92,2,1.08232,1.14815,-0.0816526,-1.81155,-0.0658284
1.92,3,0.2942,0.283299,0.208082,-0.0158306,0.0109018
1.92,4,-0.341154,-0.317703,0.0401786,-0.2077,-0.0234513
1.92,5,4.18675e-06,1.14197e-05,3.17406e-06,-3.7117e-05,-7.23295e-06
1.93,0,0.711059,0.673524,0.496852,0.0108511,0.0375352
1.93,1,-0.740751,-0.644745,0.0440893,-3.97251,-0.096006
1.93,2,1.08149,1.14733,-0.0816562,-1.81189,-0.06584
1.93,3,0.296271,0.285379,0.208065,-0.0159242,0.0108915
1.93,4,-0.34074,-0.317301,0.0401734,-0.207598,-0.0234389
1.93,5,4.21621e-06,1.14309e-05,-4.92447e-07,-3.59258e-05,-7.21472e-06
1.94,0,0.716028,0.678492,0.496915,0.010664,0.0375352
1.94,1,-0.740337,-0.644304,0.0440851,-3.97357,-0.0960328
1.94,2,1.08066,1.14651,-0.0816606,-1.81223,-0.0658516
1.94,3,0.298341,0.28746,0.20805,-0.0160171,0.0108813
1.94,4,-0.340326,-0.316899,0.0401669,-0.207495,-0.0234265
1.94,5,4.24568e-06,1.14078e-05,-3.74058e-06,-3.46884e-05,-7.16212e-06
1.95,0,0.720997,0.683462,0.496973,0.0104698,0.0375347
1.95,1,-0.739923,-0.643863,0.0440797,-3.97462,-0.0960596
1.95,2,1.07983,1.1457,-0.0816655,-1.81256,-0.0658631
1.95,3,0.300411,0.28954,0.208036,-0.0161093,0.0108713
1.95,4,-0.339912,-0.316498,0.0401591,-0.207392,-0.023414
1.95,5,4.27514e-06,1.13545e-05,-6.56987e-06,-3.34257e-05,-7.07934e-06
1.96,0,0.725966,0.688432,0.497025,0.0102714,0.0375337
1.96,1,-0.739508,-0.643422,0.0440733,-3.97567,-0.0960863
1.96,2,1.07901,1.14488,-0.081671,-1.8129,-0.0658746
1.96,3,0.302482,0.291621,0.208024,-0.0162011,0.0108613
1.96,4,-0.339498,-0.316096,0.0401501,-0.207287,-0.0234014
1.96,5,4.3046e-06,1.12752e-05,-8.98482e-06,-3.21574e-05,-6.97056e-06
1.97,0,0.730935,0.693402,0.497071,0.0100714,0.0375321
1.97,1,-0.739094,-0.642981,0.0440661,-3.97672,-0.096113
1.97,2,1.07818,1.14406,-0.0816768,-1.81323,-0.065886
1.97,3,0.304552,0.293701,0.208013,-0.0162925,0.0108515
1.97,4,-0.339083,-0.315695,0.0401401,-0.20718,-0.0233888
1.97,5,4.33407e-06,1.11739e-05,-1.09943e-05,-3.0901e-05,-6.83987e-06
1.98,0,0.735904,0.698373,0.497111,0.00987213,0.0375302
1.98,1,-0.73868,-0.642541,0.0440582,-3.97776,-0.0961395
1.98,2,1.07735,1.14325,-0.081683,-1.81356,-0.0658974
1.98,3,0.306623,0.295781,0.208003,-0.0163836,0.0108418
1.98,4,-0.338669,-0.315293,0.040129,-0.207072,-0.023376
1.98,5,4.36353e-06,1.10548e-05,-1.26113e-05,-2.96728e-05,-6.69125e-06
1.99,0,0.740873,0.703345,0.497146,0.00967591,0.0375278
1.99,1,-0.738266,-0.6421,0.0440497,-3.97879,-0.096166
1.99,2,1.07652,1.14243,-0.0816894,-1.81388,-0.0659087
1.99,3,0.308693,0.297861,0.207995,-0.0164746,0.0108322
1.99,4,-0.338255,-0.314892,0.0401169,-0.206963,-0.0233631
1.99,5,4.39299e-06,1.09215e-05,-1.3852e-05,-2.84871e-05,-6.52854e-06
2,0,0.745842,0.708316,0.497174,0.00948467,0.0375252
2,1,-0.737852,-0.64166,0.0440408,-3.97982,-0.0961924
2,2,1.07569,1.14161,-0.0816959,-1.8142,-0.0659199
2,3,0.310763,0.299941,0.207987,-0.0165655,0.0108227
2,4,-0.337841,-0.314491,0.0401041,-0.206853,-0.0233501
2,5,4.42246e-06,1.07779e-05,-1.47358e-05,-2.73563e-05,-6.35541e-06
2.01,0,0.75081,0.713288,0.497197,0.00930016,0.0375223
2.01,1,-0.737438,-0.64122,0.0440315,-3.98084,-0.0962187
2.01,2,1.07487,1.1408,-0.0817024,-1.81453,-0.065931
2.01,3,0.312834,0.302021,0.207981,-0.0166565,0.0108132
2.01,4,-0.337427,-0.31409,0.0400906,-0.206741,-0.0233369
2.01,5,4.45192e-06,1.06272e-05,-1.52842e-05,-2.62913e-05,-6.17531e-06
2.02,0,0.755779,0.71826,0.497214,0.00912388,0.0375192
2.02,1,-0.737024,-0.640779,0.0440221,-3.98186,-0.096245
2.02,2,1.07404,1.13998,-0.081709,-1.81485,-0.0659421
2.02,3,0.314904,0.3041,0.207976,-0.0167475,0.0108038
2.02,4,-0.337013,-0.313689,0.0400764,-0.206627,-0.0233236
2.02,5,4.48138e-06,1.04728e-05,-1.55211e-05,-2.53009e-05,-5.99145e-06
2.03,0,0.760748,0.723233,0.497226,0.00895713,0.0375159
2.03,1,-0.73661,-0.640339,0.0440126,-3.98288,-0.0962711
2.03,2,1.07321,1.13916,-0.0817154,-1.81516,-0.0659532
2.03,3,0.316974,0.30618,0.207972,-0.0168387,0.0107945
2.03,4,-0.336599,-0.313289,0.0400617,-0.206513,-0.0233102
2.03,5,4.51085e-06,1.03177e-05,-1.54715e-05,-2.43927e-05,-5.80683e-06
2.04,0,0.765717,0.728205,0.497234,0.00880095,0.0375126
2.04,1,-0.736196,-0.639899,0.0440031,-3.98389,-0.0962971
2.04,2,1.07238,1.13835,-0.0817217,-1.81548,-0.0659641
2.04,3,0.319045,0.30826,0.207969,-0.0169301,0.0107851
2.04,4,-0.336185,-0.312888,0.0400466,-0.206396,-0.0232966
2.04,5,4.54031e-06,1.01645e-05,-1.51619e-05,-2.35722e-05,-5.62415e-06
2.05,0,0.770686,0.733177,0.497237,0.00865621,0.0375092
2.05,1,-0.735782,-0.639459,0.0439937,-3.9849,-0.0963231
2.05,2,1.07155,1.13753,-0.0817278,-1.8158,-0.065975
2.05,3,0.321115,0.310339,0.207967,-0.0170217,0.0107758
2.05,4,-0.335771,-0.312488,0.0400312,-0.206279,-0.0232829
2.05,5,4.56977e-06,1.00156e-05,-1.46191e-05,-2.28436e-05,-5.44587e-06
2.06,0,0.775655,0.73815,0.497236,0.00852354,0.0375058
2.06,1,-0.735368,-0.639019,0.0439845,-3.98591,-0.0963489
2.06,2,1.07073,1.13671,-0.0817336,-1.81611,-0.0659859
2.06,3,0.323186,0.312419,0.207965,-0.0171136,0.0107665
2.06,4,-0.335356,-0.312087,0.0400155,-0.20616,-0.023269
2.06,5,4.59924e-06,9.87341e-06,-1.38706e-05,-2.22097e-05,-5.27417e-06
2.07,0,0.780624,0.743122,0.497231,0.00840338,0.0375024
2.07,1,-0.734954,-0.638579,0.0439756,-3.98691,-0.0963747
2.07,2,1.0699,1.13589,-0.0817391,-1.81642,-0.0659967
2.07,3,0.325256,0.314499,0.207964,-0.0172057,0.0107573
2.07,4,-0.334942,-0.311687,0.0399996,-0.206039,-0.023255
2.07,5,4.6287e-06,9.73967e-06,-1.29435e-05,-2.16718e-05,-5.11097e-06
2.08,0,0.785593,0.748094,0.497223,0.00829601,0.0374991
2.08,1,-0.73454,-0.63814,0.043967,-3.98791,-0.0964003
2.08,2,1.06907,1.13508,-0.0817443,-1.81673,-0.0660074
2.08,3,0.327326,0.316578,0.207964,-0.0172981,0.010748
2.08,4,-0.334528,-0.311287,0.0399836,-0.205918,-0.0232407
2.08,5,4.65816e-06,9.61605e-06,-1.18649e-05,-2.123e-05,-4.95789e-06
2.09,0,0.790562,0.753066,0.497211,0.00820151,0.0374959
2.09,1,-0.734126,-0.6377,0.0439588,-3.98891,-0.0964259
2.09,2,1.06824,1.13426,-0.0817492,-1.81704,-0.0660181
2.09,3,0.329397,0.318658,0.207964,-0.0173909,0.0107388
2.09,4,-0.334114,-0.310888,0.0399676,-0.205795,-0.0232264
2.09,5,4.68763e-06,9.50393e-06,-1.0661e-05,-2.08832e-05,-4.8163e-06
2.1,0,0.795531,0.758038,0.497198,0.00811982,0.0374928
2.1,1,-0.733712,-0.63726,0.043951,-3.98991,-0.0964514
2.1,2,1.06741,1.13344,-0.0817537,-1.81735,-0.0660287
2.1,3,0.331467,0.320738,0.207964,-0.0174839,0.0107295
2.1,4,-0.3337,-0.310488,0.0399517,-0.205671,-0.0232118
2.1,5,4.71709e-06,9.40442e-06,-9.35714e-06,-2.06295e-05,-4.68733e-06
2.11,0,0.8005,0.76301,0.497182,0.00805073,0.0374899
2.11,1,-0.733298,-0.636821,0.0439437,-3.9909,-0.0964768
2.11,2,1.06658,1.13262,-0.0817578,-1.81766,-0.0660393
2.11,3,0.333537,0.322817,0.207965,-0.0175771,0.0107202
2.11,4,-0.333286,-0.310089,0.0399358,-0.205545,-0.0231972
2.11,5,4.74656e-06,9.31838e-06,-7.97775e-06,-2.04658e-05,-4.57183e-06
2.12,0,0.805469,0.767982,0.497164,0.00799391,0.0374871
2.12,1,-0.732884,-0.636382,0.0439369,-3.9919,-0.0965022
2.12,2,1.06576,1.13181,-0.0817615,-1.81797,-0.0660499
2.12,3,0.335608,0.324897,0.207966,-0.0176706,0.0107109
2.12,4,-0.332872,-0.309689,0.0399201,-0.205419,-0.0231823
2.12,5,4.77602e-06,9.24645e-06,-6.54584e-06,-2.03884e-05,-4.47043e-06
2.13,0,0.810438,0.772953,0.497145,0.00794891,0.0374846
2.13,1,-0.73247,-0.635942,0.0439306,-3.99289,-0.0965275
2.13,2,1.06493,1.13099,-0.0817649,-1.81828,-0.0660604
2.13,3,0.337678,0.326977,0.207968,-0.0177644,0.0107016
2.13,4,-0.332458,-0.30929,0.0399046,-0.205291,-0.0231673
2.13,5,4.80548e-06,9.18902e-06,-5.08298e-06,-2.03928e-05,-4.38354e-06
2.14,0,0.815407,0.777925,0.497124,0.0079152,0.0374822
2.14,1,-0.732056,-0.635503,0.0439248,-3.99388,-0.0965527
2.14,2,1.0641,1.13017,-0.0817679,-1.81859,-0.0660709
2.14,3,0.339749,0.329056,0.207969,-0.0178583,0.0106923
2.14,4,-0.332043,-0.308891,0.0398893,-0.205162,-0.0231522
2.14,5,4.83495e-06,9.14629e-06,-3.60921e-06,-2.0474e-05,-4.31135e-06
2.15,0,0.820376,0.782896,0.497103,0.00789215,0.03748
2.15,1,-0.731642,-0.635064,0.0439195,-3.99487,-0.0965779
2.15,2,1.06327,1.12935,-0.0817705,-1.8189,-0.0660814
2.15,3,0.341819,0.331136,0.207971,-0.0179524,0.010683
2.15,4,-0.331629,-0.308492,0.0398744,-0.205032,-0.0231369
2.15,5,4.86441e-06,9.11828e-06,-2.14291e-06,-2.06265e-05,-4.25387e-06
2.16,0,0.825345,0.787867,0.497081,0.00787906,0.0374781
2.16,1,-0.731228,-0.634625,0.0439147,-3.99586,-0.096603
2.16,2,1.06244,1.12854,-0.0817727,-1.81921,-0.0660918
2.16,3,0.343889,0.333216,0.207972,-0.0180466,0.0106737
2.16,4,-0.331215,-0.308094,0.0398597,-0.204901,-0.0231214
2.16,5,4.89387e-06,9.10481e-06,-7.00721e-07,-2.08445e-05,-4.21094e-06
2.17,0,0.830314,0.792838,0.49706,0.00787519,0.0374764
2.17,1,-0.730814,-0.634185,0.0439104,-3.99686,-0.0966281
2.17,2,1.06162,1.12772,-0.0817746,-1.81952,-0.0661022
2.17,3,0.34596,0.335295,0.207973,-0.018141,0.0106643
2.17,4,-0.330801,-0.307695,0.0398453,-0.204769,-0.0231058
2.17,5,4.92334e-06,9.10556e-06,7.02451e-07,-2.11218e-05,-4.18222e-06
2.18,0,0.835283,0.797808,0.497038,0.00787975,0.0374748
2.18,1,-0.7304,-0.633746,0.0439067,-3.99785,-0.0966531
2.18,2,1.06079,1.1269,-0.0817762,-1.81983,-0.0661126
2.18,3,0.34803,0.337375,0.207975,-0.0182353,0.0106549
2.18,4,-0.330387,-0.307297,0.0398313,-0.204636,-0.0230901
2.18,5,4.9528e-06,9.12006e-06,2.0535e-06,-2.14523e-05,-4.16726e-06
2.19,0,0.840252,0.802778,0.497017,0.00789193,0.0374735
2.19,1,-0.729985,-0.633307,0.0439033,-3.99884,-0.0966781
2.19,2,1.05996,1.12608,-0.0817774,-1.82013,-0.066123
2.19,3,0.3501,0.339455,0.207976,-0.0183297,0.0106456
2.19,4,-0.329973,-0.306899,0.0398176,-0.204502,-0.0230742
2.19,5,4.98226e-06,9.14773e-06,3.34108e-06,-2.18297e-05,-4.16547e-06
2.2,0,0.845221,0.807748,0.496996,0.00791089,0.0374725
2.2,1,-0.729571,-0.632868,0.0439005,-3.99983,-0.0967031
2.2,2,1.05913,1.12526,-0.0817784,-1.82044,-0.0661334
2.2,3,0.352171,0.341535,0.207976,-0.0184241,0.0106362
2.2,4,-0.329559,-0.306501,0.0398043,-0.204367,-0.0230582
2.2,5,5.01173e-06,9.18789e-06,4.5556e-06,-2.22475e-05,-4.17616e-06
2.21,0,0.85019,0.812718,0.496976,0.00793579,0.0374716
2.21,1,-0.729157,-0.632429,0.043898,-4.00082,-0.0967281
2.21,2,1.0583,1.12445,-0.0817792,-1.82075,-0.0661437
2.21,3,0.354241,0.343614,0.207977,-0.0185184,0.0106268
2.21,4,-0.329145,-0.306103,0.0397914,-0.204232,-0.023042
2.21,5,5.04119e-06,9.23975e-06,5.68916e-06,-2.26995e-05,-4.19856e-06
2.22,0,0.855159,0.817688,0.496957,0.00796581,0.0374709
2.22,1,-0.728743,-0.63199,0.043896,-4.00181,-0.096753
2.22,2,1.05747,1.12363,-0.0817796,-1.82106,-0.0661541
2.22,3,0.356312,0.345694,0.207977,-0.0186126,0.0106174
2.22,4,-0.328731,-0.305705,0.0397788,-0.204095,-0.0230257
2.22,5,5.07065e-06,9.30247e-06,6.73552e-06,-2.31797e-05,-4.23181e-06
2.23,0,0.860128,0.822657,0.496938,0.00800012,0.0374704
2.23,1,-0.728329,-0.631551,0.0438942,-4.0028,-0.0967779
2.23,2,1.05665,1.12281,-0.0817799,-1.82137,-0.0661644
2.23,3,0.358382,0.347774,0.207978,-0.0187066,0.010608
2.23,4,-0.328316,-0.305307,0.0397666,-0.203958,-0.0230094
2.23,5,5.10012e-06,9.37515e-06,7.68999e-06,-2.36822e-05,-4.27503e-06
2.24,0,0.865097,0.827627,0.496922,0.00803792,0.0374701
2.24,1,-0.727915,-0.631112,0.0438929,-4.00379,-0.0968028
2.24,2,1.05582,1.12199,-0.08178,-1.82168,-0.0661748
2.24,3,0.360452,0.349854,0.207977,-0.0188005,0.0105986
2.24,4,-0.327902,-0.304909,0.0397547,-0.20382,-0.0229928
2.24,5,5.12958e-06,9.45686e-06,8.54936e-06,-2.42012e-05,-4.32728e-06
2.25,0,0.870066,0.832596,0.496906,0.00807845,0.0374699
2.25,1,-0.727501,-0.630674,0.0438918,-4.00478,-0.0968277
2.25,2,1.05499,1.12118,-0.08178,-1.82199,-0.0661852
2.25,3,0.362523,0.351934,0.207977,-0.0188941,0.0105892
2.25,4,-0.327488,-0.304512,0.0397431,-0.203681,-0.0229762
2.25,5,5.15904e-06,9.54662e-06,9.31183e-06,-2.47314e-05,-4.38758e-06
2.26,0,0.875035,0.837565,0.496891,0.00812098,0.0374699
2.26,1,-0.727087,-0.630235,0.0438909,-4.00577,-0.0968525
2.26,2,1.05416,1.12036,-0.0817798,-1.82231,-0.0661955
2.26,3,0.364593,0.354013,0.207976,-0.0189875,0.0105798
2.26,4,-0.327074,-0.304115,0.0397319,-0.203542,-0.0229595
2.26,5,5.18851e-06,9.64348e-06,9.97687e-06,-2.52679e-05,-4.45497e-06
2.27,0,0.880004,0.842534,0.496878,0.00816481,0.03747
2.27,1,-0.726673,-0.629796,0.0438903,-4.00677,-0.0968774
2.27,2,1.05333,1.11954,-0.0817795,-1.82262,-0.0662059
2.27,3,0.366663,0.356093,0.207975,-0.0190806,0.0105704
2.27,4,-0.32666,-0.303717,0.039721,-0.203401,-0.0229426
2.27,5,5.21797e-06,9.74645e-06,1.05451e-05,-2.58059e-05,-4.52848e-06
2.28,0,0.884973,0.847502,0.496867,0.00820929,0.0374703
2.28,1,-0.726259,-0.629357,0.0438899,-4.00776,-0.0969023
2.28,2,1.05251,1.11872,-0.0817791,-1.82293,-0.0662162
2.28,3,0.368734,0.358173,0.207973,-0.0191734,0.0105611
2.28,4,-0.326246,-0.30332,0.0397104,-0.20326,-0.0229256
2.28,5,5.24743e-06,9.85458e-06,1.10183e-05,-2.63412e-05,-4.60715e-06
2.29,0,0.889941,0.852471,0.496857,0.00825384,0.0374706
2.29,1,-0.725845,-0.628918,0.0438896,-4.00875,-0.0969271
2.29,2,1.05168,1.1179,-0.0817786,-1.82324,-0.0662266
2.29,3,0.370804,0.360253,0.207972,-0.0192658,0.0105517
2.29,4,-0.325832,-0.302923,0.0397,-0.203119,-0.0229086
2.29,5,5.2769e-06,9.96694e-06,1.13991e-05,-2.68699e-05,-4.69004e-06
2.3,0,0.89491,0.857439,0.496848,0.00829789,0.037471
2.3,1,-0.725431,-0.628479,0.0438895,-4.00975,-0.096952
2.3,2,1.05085,1.11709,-0.0817781,-1.82355,-0.066237
2.3,3,0.372875,0.362332,0.20797,-0.0193579,0.0105424
2.3,4,-0.325418,-0.302526,0.0396899,-0.202976,-0.0228914
2.3,5,5.30636e-06,1.00826e-05,1.16909e-05,-2.73885e-05,-4.77624e-06
2.31,0,0.899879,0.862408,0.496841,0.00834096,0.0374716
2.31,1,-0.725017,-0.62804,0.0438895,-4.01074,-0.0969768
2.31,2,1.05002,1.11627,-0.0817776,-1.82387,-0.0662474
2.31,3,0.374945,0.364412,0.207967,-0.0194496,0.0105331
2.31,4,-0.325003,-0.302129,0.03968,-0.202833,-0.0228741
2.31,5,5.33582e-06,1.02007e-05,1.1898e-05,-2.78939e-05,-4.8649e-06
2.32,0,0.904848,0.867376,0.496835,0.00838262,0.0374722
2.32,1,-0.724603,-0.627601,0.0438895,-4.01174,-0.0970017
2.32,2,1.04919,1.11545,-0.0817771,-1.82418,-0.0662577
2.32,3,0.377015,0.366492,0.207965,-0.0195409,0.0105238
2.32,4,-0.324589,-0.301733,0.0396703,-0.202689,-0.0228567
2.32,5,5.36529e-06,1.03205e-05,1.20253e-05,-2.83835e-05,-4.95518e-06
2.33,0,0.909817,0.872345,0.49683,0.00842246,0.0374728
2.33,1,-0.724189,-0.627162,0.0438895,-4.01273,-0.0970265
2.33,2,1.04836,1.11463,-0.0817765,-1.82449,-0.0662681
2.33,3,0.379086,0.368571,0.207962,-0.0196317,0.0105145
2.33,4,-0.324175,-0.301336,0.0396608,-0.202545,-0.0228393
2.33,5,5.39475e-06,1.04411e-05,1.2078e-05,-2.8855e-05,-5.04632e-06
2.34,0,0.914786,0.877313,0.496827,0.00846016,0.0374735
2.34,1,-0.723775,-0.626723,0.0438896,-4.01372,-0.0970514
2.34,2,1.04754,1.11382,-0.0817761,-1.8248,-0.0662785
2.34,3,0.381156,0.370651,0.207959,-0.0197221,0.0105053
2.34,4,-0.323761,-0.300939,0.0396514,-0.202399,-0.0228217
2.34,5,5.42421e-06,1.05618e-05,1.20618e-05,-2.93065e-05,-5.1376e-06
2.35,0,0.919755,0.882281,0.496824,0.00849545,0.0374742
2.35,1,-0.723361,-0.626285,0.0438897,-4.01472,-0.0970762
2.35,2,1.04671,1.113,-0.0817756,-1.82512,-0.0662889
2.35,3,0.383226,0.37273,0.207955,-0.0198121,0.0104961
2.35,4,-0.323347,-0.300543,0.0396422,-0.202254,-0.0228041
2.35,5,5.45368e-06,1.0682e-05,1.19828e-05,-2.97367e-05,-5.22837e-06
2.36,0,0.924724,0.887249,0.496823,0.00852809,0.0374749
2.36,1,-0.722947,-0.625846,0.0438897,-4.01571,-0.0971011
2.36,2,1.04588,1.11218,-0.0817752,-1.82543,-0.0662993
2.36,3,0.385297,0.37481,0.207952,-0.0199016,0.010487
2.36,4,-0.322933,-0.300147,0.0396331,-0.202107,-0.0227863
2.36,5,5.48314e-06,1.08012e-05,1.18471e-05,-3.01443e-05,-5.31803e-06
2.37,0,0.929693,0.892218,0.496823,0.00855792,0.0374757
2.37,1,-0.722533,-0.625407,0.0438897,-4.01671,-0.097126
2.37,2,1.04505,1.11136,-0.0817749,-1.82574,-0.0663097
2.37,3,0.387367,0.376889,0.207948,-0.0199906,0.0104778
2.37,4,-0.322519,-0.29975,0.0396241,-0.20196,-0.0227685
2.37,5,5.5126e-06,1.09187e-05,1.1661e-05,-3.05286e-05,-5.40605e-06
2.38,0,0.934662,0.897186,0.496824,0.00858479,0.0374764
2.38,1,-0.722119,-0.624968,0.0438896,-4.0177,-0.0971508
2.38,2,1.04422,1.11054,-0.0817746,-1.82605,-0.0663201
2.38,3,0.389438,0.378969,0.207944,-0.0200791,0.0104687
2.38,4,-0.322105,-0.299354,0.0396151,-0.201812,-0.0227506
2.38,5,5.54207e-06,1.1034e-05,1.14309e-05,-3.08891e-05,-5.49197e-06
2.39,0,0.939631,0.902154,0.496825,0.00860863,0.0374771
2.39,1,-0.721705,-0.624529,0.0438894,-4.01869,-0.0971757
2.39,2,1.0434,1.10973,-0.0817744,-1.82637,-0.0663305
2.39,3,0.391508,0.381048,0.20794,-0.0201672,0.0104597
2.39,4,-0.321691,-0.298958,0.0396062,-0.201663,-0.0227325
2.39,5,5.57153e-06,1.11469e-05,1.1163e-05,-3.12257e-05,-5.57537e-06
2.4,0,0.9446,0.907122,0.496828,0.00862939,0.0374778
2.4,1,-0.721291,-0.62409,0.0438892,-4.01969,-0.0972005
2.4,2,1.04257,1.10891,-0.0817743,-1.82668,-0.0663409
2.4,3,0.393578,0.383128,0.207936,-0.0202548,0.0104507
2.4,4,-0.321276,-0.298562,0.0395973,-0.201514,-0.0227144
2.4,5,5.60099e-06,1.12569e-05,1.08635e-05,-3.15386e-05,-5.65591e-06
2.41,0,0.949569,0.912091,0.496831,0.00864707,0.0374785
2.41,1,-0.720877,-0.623651,0.0438888,-4.02068,-0.0972254
2.41,2,1.04174,1.10809,-0.0817742,-1.82699,-0.0663514
2.41,3,0.395649,0.385207,0.207932,-0.0203418,0.0104417
2.41,4,-0.320862,-0.298166,0.0395885,-0.201364,-0.0226963
2.41,5,5.63046e-06,1.13638e-05,1.05383e-05,-3.18281e-05,-5.73331e-06
2.42,0,0.954538,0.917059,0.496834,0.0086617,0.0374791
2.42,1,-0.720463,-0.623212,0.0438884,-4.02167,-0.0972502
2.42,2,1.04091,1.10727,-0.0817743,-1.8273,-0.0663618
2.42,3,0.397719,0.387286,0.207928,-0.0204285,0.0104328
2.42,4,-0.320448,-0.29777,0.0395796,-0.201214,-0.022678
2.42,5,5.65992e-06,1.14673e-05,1.01932e-05,-3.20947e-05,-5.80735e-06
2.43,0,0.959507,0.922027,0.496839,0.00867334,0.0374797
2.43,1,-0.720048,-0.622773,0.0438878,-4.02267,-0.097275
2.43,2,1.04008,1.10646,-0.0817744,-1.82762,-0.0663722
2.43,3,0.399789,0.389366,0.207923,-0.0205146,0.0104239
2.43,4,-0.320034,-0.297374,0.0395707,-0.201062,-0.0226596
2.43,5,5.68938e-06,1.15672e-05,9.83363e-06,-3.23393e-05,-5.87785e-06
2.44,0,0.964476,0.926996,0.496843,0.00868209,0.0374803
2.44,1,-0.719634,-0.622335,0.0438871,-4.02366,-0.0972999
2.44,2,1.03926,1.10564,-0.0817747,-1.82793,-0.0663826
2.44,3,0.40186,0.391445,0.207919,-0.0206002,0.0104151
2.44,4,-0.31962,-0.296979,0.0395618,-0.20091,-0.0226411
2.44,5,5.71885e-06,1.16635e-05,9.46475e-06,-3.25629e-05,-5.9447e-06
2.45,0,0.969445,0.931964,0.496848,0.00868807,0.0374808
2.45,1,-0.71922,-0.621896,0.0438863,-4.02465,-0.0973247
2.45,2,1.03843,1.10482,-0.081775,-1.82824,-0.066393
2.45,3,0.40393,0.393524,0.207914,-0.0206854,0.0104063
2.45,4,-0.319206,-0.296583,0.0395529,-0.200757,-0.0226226
2.45,5,5.74831e-06,1.17561e-05,9.09135e-06,-3.27666e-05,-6.00783e-06
2.46,0,0.974414,0.936933,0.496853,0.0086914,0.0374812
2.46,1,-0.718806,-0.621457,0.0438854,-4.02564,-0.0973495
2.46,2,1.0376,1.104,-0.0817754,-1.82855,-0.0664034
2.46,3,0.406001,0.395603,0.20791,-0.0207702,0.0103976
2.46,4,-0.318792,-0.296188,0.0395439,-0.200604,-0.022604
2.46,5,5.77777e-06,1.1845e-05,8.71786e-06,-3.29515e-05,-6.06723e-06
2.47,0,0.979383,0.941901,0.496858,0.00869226,0.0374817
2.47,1,-0.718392,-0.621018,0.0438843,-4.02663,-0.0973743
2.47,2,1.03677,1.10318,-0.0817758,-1.82886,-0.0664138
2.47,3,0.408071,0.397682,0.207905,-0.0208544,0.0103889
2.47,4,-0.318378,-0.295792,0.0395348,-0.200449,-0.0225852
2.47,5,5.80724e-06,1.19301e-05,8.3483e-06,-3.3119e-05,-6.1229e-06
2.48,0,0.984352,0.94687,0.496863,0.0086908,0.037482
2.48,1,-0.717978,-0.620579,0.0438832,-4.02761,-0.0973991
2.48,2,1.03594,1.10237,-0.0817764,-1.82917,-0.0664242
2.48,3,0.410141,0.399761,0.207901,-0.0209383,0.0103802
2.48,4,-0.317963,-0.295397,0.0395257,-0.200294,-0.0225664
2.48,5,5.8367e-06,1.20116e-05,7.98633e-06,-3.32705e-05,-6.17492e-06
2.49,0,0.989321,0.951838,0.496868,0.00868721,0.0374823
2.49,1,-0.717564,-0.62014,0.0438819,-4.0286,-0.0974239
2.49,2,1.03511,1.10155,-0.081777,-1.82948,-0.0664346
2.49,3,0.412212,0.40184,0.207896,-0.0210216,0.0103716
2.49,4,-0.317549,-0.295002,0.0395165,-0.200138,-0.0225475
2.49,5,5.86616e-06,1.20895e-05,7.63515e-06,-3.34075e-05,-6.22338e-06
2.5,0,0.99429,0.956807,0.496874,0.00868169,0.0374826
2.5,1,-0.71715,-0.619702,0.0438805,-4.02959,-0.0974487
2.5,2,1.03429,1.10073,-0.0817777,-1.82979,-0.066445
2.5,3,0.414282,0.403919,0.207892,-0.0211046,0.0103631
2.5,4,-0.317135,-0.294607,0.0395072,-0.199982,-0.0225285
2.5,5,5.89563e-06,1.2164e-05,7.29759e-06,-3.35313e-05,-6.2684e-06
2.51,0,0.999259,0.961776,0.496879,0.00867443,0.0374828
2.51,1,-0.716736,-0.619263,0.0438791,-4.03057,-0.0974734
2.51,2,1.03346,1.09991,-0.0817784,-1.8301,-0.0664553
2.51,3,0.416353,0.405998,0.207887,-0.0211871,0.0103545
2.51,4,-0.316721,-0.294212,0.0394979,-0.199824,-0.0225094
2.51,5,5.92509e-06,1.22352e-05,6.97607e-06,-3.36435e-05,-6.31013e-06
2.52,0,1.00423,0.966745,0.496884,0.00866562,0.0374829
2.52,1,-0.716322,-0.618824,0.0438775,-4.03156,-0.0974982
2.52,2,1.03263,1.0991,-0.0817792,-1.83041,-0.0664657
2.52,3,0.418423,0.408077,0.207883,-0.0212693,0.0103461
2.52,4,-0.316307,-0.293817,0.0394884,-0.199666,-0.0224902
2.52,5,5.95455e-06,1.23033e-05,6.67259e-06,-3.37455e-05,-6.34874e-06
2.53,0,1.0092,0.971714,0.496888,0.00865548,0.037483
2.53,1,-0.715908,-0.618385,0.0438758,-4.03254,-0.0975229
2.53,2,1.0318,1.09828,-0.0817801,-1.83072,-0.0664761
2.53,3,0.420493,0.410156,0.207879,-0.021351,0.0103376
2.53,4,-0.315893,-0.293422,0.0394789,-0.199507,-0.0224709
2.53,5,5.98402e-06,1.23684e-05,6.38878e-06,-3.38388e-05,-6.38443e-06
2.54,0,1.01417,0.976683,0.496893,0.00864419,0.0374831
2.54,1,-0.715494,-0.617946,0.0438741,-4.03353,-0.0975476
2.54,2,1.03097,1.09746,-0.0817809,-1.83103,-0.0664864
2.54,3,0.422564,0.412234,0.207874,-0.0214323,0.0103292
2.54,4,-0.315479,-0.293027,0.0394693,-0.199347,-0.0224515
2.54,5,6.01348e-06,1.24309e-05,6.12591e-06,-3.39247e-05,-6.41739e-06
2.55,0,1.01913,0.981651,0.496897,0.00863195,0.0374831
2.55,1,-0.71508,-0.617508,0.0438723,-4.03451,-0.0975723
2.55,2,1.03015,1.09664,-0.0817819,-1.83134,-0.0664967
2.55,3,0.424634,0.414313,0.20787,-0.0215132,0.0103209
2.55,4,-0.315065,-0.292633,0.0394596,-0.199186,-0.0224321
2.55,5,6.04295e-06,1.24908e-05,5.8849e-06,-3.40047e-05,-6.44784e-06
2.56,0,1.0241,0.98662,0.496901,0.00861895,0.0374831
2.56,1,-0.714666,-0.617069,0.0438705,-4.03549,-0.097597
2.56,2,1.02932,1.09582,-0.0817828,-1.83165,-0.0665071
2.56,3,0.426704,0.416392,0.207866,-0.0215938,0.0103126
2.56,4,-0.314651,-0.292238,0.0394498,-0.199025,-0.0224125
2.56,5,6.07241e-06,1.25484e-05,5.6663e-06,-3.40799e-05,-6.47601e-06
2.57,0,1.02907,0.991589,0.496905,0.00860537,0.037483
2.57,1,-0.714252,-0.61663,0.0438685,-4.03647,-0.0976216
2.57,2,1.02849,1.09501,-0.0817838,-1.83195,-0.0665174
2.57,3,0.428775,0.41847,0.207862,-0.021674,0.0103043
2.57,4,-0.314236,-0.291844,0.03944,-0.198863,-0.0223928
2.57,5,6.10187e-06,1.2604e-05,5.47041e-06,-3.41517e-05,-6.50211e-06
2.58,0,1.03404,0.996559,0.496908,0.00859138,0.0374829
2.58,1,-0.713838,-0.616192,0.0438666,-4.03745,-0.0976462
2.58,2,1.02766,1.09419,-0.0817848,-1.83226,-0.0665277
2.58,3,0.430845,0.420549,0.207858,-0.0217538,0.0102961
2.58,4,-0.313822,-0.291449,0.03943,-0.198699,-0.0223731
2.58,5,6.13134e-06,1.26577e-05,5.29721e-06,-3.42211e-05,-6.52638e-06
2.59,0,1.03901,1.00153,0.496911,0.00857714,0.0374828
2.59,1,-0.713424,-0.615753,0.0438645,-4.03843,-0.0976709
2.59,2,1.02683,1.09337,-0.0817859,-1.83257,-0.066538
2.59,3,0.432916,0.422628,0.207854,-0.0218333,0.0102879
2.59,4,-0.313408,-0.291055,0.03942,-0.198535,-0.0223532
2.59,5,6.1608e-06,1.27098e-05,5.14642e-06,-3.42891e-05,-6.54904e-06
2.6,0,1.04398,1.0065,0.496914,0.00856281,0.0374826
2.6,1,-0.71301,-0.615314,0.0438625,-4.03941,-0.0976954
2.6,2,1.026,1.09255,-0.0817869,-1.83288,-0.0665483
2.6,3,0.434986,0.424706,0.20785,-0.0219124,0.0102798
2.6,4,-0.312994,-0.290661,0.0394099,-0.198371,-0.0223332
2.6,5,6.19026e-06,1.27606e-05,5.01754e-06,-3.43568e-05,-6.57032e-06
2.61,0,1.04895,1.01147,0.496916,0.00854851,0.0374824
2.61,1,-0.712596,-0.614876,0.0438604,-4.04038,-0.09772
2.61,2,1.02518,1.09174,-0.0817879,-1.83318,-0.0665586
2.61,3,0.437056,0.426785,0.207846,-0.0219912,0.0102717
2.61,4,-0.31258,-0.290267,0.0393998,-0.198205,-0.0223131
2.61,5,6.21973e-06,1.28101e-05,4.90987e-06,-3.44251e-05,-6.59042e-06
2.62,0,1.05392,1.01644,0.496918,0.00853438,0.0374822
2.62,1,-0.712182,-0.614437,0.0438583,-4.04136,-0.0977446
2.62,2,1.02435,1.09092,-0.081789,-1.83349,-0.0665689
2.62,3,0.439127,0.428863,0.207843,-0.0220696,0.0102636
2.62,4,-0.312166,-0.289873,0.0393896,-0.198038,-0.022293
2.62,5,6.24919e-06,1.28587e-05,4.82251e-06,-3.44945e-05,-6.60956e-06
2.63,0,1.05889,1.0214,0.49692,0.00852053,0.037482
2.63,1,-0.711768,-0.613999,0.0438562,-4.04233,-0.0977691
2.63,2,1.02352,1.0901,-0.08179,-1.83379,-0.0665791
2.63,3,0.441197,0.430941,0.207839,-0.0221477,0.0102556
2.63,4,-0.311752,-0.289479,0.0393793,-0.197871,-0.0222727
2.63,5,6.27865e-06,1.29066e-05,4.75442e-06,-3.4566e-05,-6.62793e-06
2.64,0,1.06386,1.02637,0.496921,0.00850705,0.0374817
2.64,1,-0.711354,-0.61356,0.0438541,-4.04331,-0.0977936
2.64,2,1.02269,1.08928,-0.081791,-1.8341,-0.0665894
2.64,3,0.443267,0.43302,0.207835,-0.0222255,0.0102476
2.64,4,-0.311338,-0.289085,0.039369,-0.197703,-0.0222523
2.64,5,6.30812e-06,1.29538e-05,4.70442e-06,-3.46399e-05,-6.64572e-06
2.65,0,1.06882,1.03134,0.496922,0.00849405,0.0374815
2.65,1,-0.71094,-0.613121,0.043852,-4.04428,-0.0978181
2.65,2,1.02186,1.08846,-0.0817921,-1.8344,-0.0665996
2.65,3,0.445338,0.435098,0.207832,-0.0223029,0.0102396
2.65,4,-0.310924,-0.288692,0.0393587,-0.197534,-0.0222318
2.65,5,6.33758e-06,1.30007e-05,4.67125e-06,-3.47169e-05,-6.6631e-06
2.66,0,1.07379,1.03631,0.496923,0.00848159,0.0374812
2.66,1,-0.710526,-0.612683,0.0438499,-4.04525,-0.0978426
2.66,2,1.02104,1.08765,-0.0817931,-1.83471,-0.0666098
2.66,3,0.447408,0.437176,0.207828,-0.0223801,0.0102317
2.66,4,-0.310509,-0.288298,0.0393483,-0.197364,-0.0222112
2.66,5,6.36704e-06,1.30473e-05,4.65354e-06,-3.47973e-05,-6.68024e-06
2.67,0,1.07876,1.04128,0.496923,0.00846973,0.037481
2.67,1,-0.710111,-0.612244,0.0438478,-4.04622,-0.097867
2.67,2,1.02021,1.08683,-0.0817941,-1.83501,-0.06662
2.67,3,0.449479,0.439255,0.207825,-0.0224569,0.0102238
2.67,4,-0.310095,-0.287905,0.0393378,-0.197193,-0.0221905
2.67,5,6.39651e-06,1.30938e-05,4.64988e-06,-3.48814e-05,-6.69728e-06
2.68,0,1.08373,1.04625,0.496923,0.00845853,0.0374807
2.68,1,-0.709697,-0.611806,0.0438457,-4.04719,-0.0978914
2.68,2,1.01938,1.08601,-0.0817951,-1.83532,-0.0666303
2.68,3,0.451549,0.441333,0.207821,-0.0225333,0.0102159
2.68,4,-0.309681,-0.287511,0.0393274,-0.197022,-0.0221697
2.68,5,6.42597e-06,1.31403e-05,4.65881e-06,-3.49694e-05,-6.71436e-06
2.69,0,1.0887,1.05122,0.496923,0.00844801,0.0374804
2.69,1,-0.709283,-0.611368,0.0438437,-4.04816,-0.0979158
2.69,2,1.01855,1.08519,-0.081796,-1.83562,-0.0666405
2.69,3,0.453619,0.443411,0.207818,-0.0226095,0.0102081
2.69,4,-0.309267,-0.287118,0.0393169,-0.196849,-0.0221488
2.69,5,6.45543e-06,1.3187e-05,4.67889e-06,-3.50616e-05,-6.73159e-06
2.7,0,1.09367,1.05619,0.496923,0.00843822,0.0374802
2.7,1,-0.708869,-0.610929,0.0438416,-4.04913,-0.0979402
2.7,2,1.01772,1.08437,-0.081797,-1.83593,-0.0666506
2.7,3,0.45569,0.445489,0.207815,-0.0226854,0.0102003
2.7,4,-0.308853,-0.286725,0.0393064,-0.196676,-0.0221278
2.7,5,6.4849e-06,1.3234e-05,4.70863e-06,-3.51579e-05,-6.74907e-06
2.71,0,1.09864,1.06116,0.496922,0.00842917,0.0374799
2.71,1,-0.708455,-0.610491,0.0438396,-4.0501,-0.0979646
2.71,2,1.01689,1.08356,-0.0817979,-1.83623,-0.0666608
2.71,3,0.45776,0.447567,0.207811,-0.0227609,0.0101926
2.71,4,-0.308439,-0.286332,0.0392959,-0.196502,-0.0221067
2.71,5,6.51436e-06,1.32813e-05,4.74659e-06,-3.52584e-05,-6.76689e-06
2.72,0,1.10361,1.06613,0.496922,0.00842086,0.0374797
2.72,1,-0.708041,-0.610052,0.0438376,-4.05107,-0.0979889
2.72,2,1.01607,1.08274,-0.0817988,-1.83653,-0.066671
2.72,3,0.45983,0.449646,0.207808,-0.0228361,0.0101849
2.72,4,-0.308025,-0.285939,0.0392854,-0.196327,-0.0220855
2.72,5,6.54382e-06,1.3329e-05,4.79136e-06,-3.53631e-05,-6.78514e-06
2.73,0,1.10858,1.0711,0.496921,0.00841329,0.0374794
2.73,1,-0.707627,-0.609614,0.0438356,-4.05204,-0.0980132
2.73,2,1.01524,1.08192,-0.0817997,-1.83684,-0.0666812
2.73,3,0.461901,0.451724,0.207805,-0.022911,0.0101772
2.73,4,-0.307611,-0.285546,0.0392748,-0.196151,-0.0220642
2.73,5,6.57329e-06,1.33771e-05,4.84157e-06,-3.54718e-05,-6.80386e-06
2.74,0,1.11354,1.07607,0.49692,0.00840645,0.0374792
2.74,1,-0.707213,-0.609176,0.0438337,-4.053,-0.0980376
2.74,2,1.01441,1.0811,-0.0818005,-1.83714,-0.0666913
2.74,3,0.463971,0.453802,0.207801,-0.0229856,0.0101695
2.74,4,-0.307196,-0.285154,0.0392643,-0.195974,-0.0220428
2.74,5,6.60275e-06,1.34259e-05,4.89592e-06,-3.55843e-05,-6.82311e-06
2.75,0,1.11851,1.08103,0.496919,0.00840033,0.0374789
2.75,1,-0.706799,-0.608737,0.0438317,-4.05397,-0.0980618
2.75,2,1.01358,1.08028,-0.0818014,-1.83744,-0.0667015
2.75,3,0.466042,0.45588,0.207798,-0.0230598,0.0101619
2.75,4,-0.306782,-0.284761,0.0392538,-0.195797,-0.0220212
2.75,5,6.63221e-06,1.34751e-05,4.95315e-06,-3.57005e-05,-6.84292e-06
2.76,0,1.12348,1.086,0.496918,0.00839489,0.0374787
2.76,1,-0.706385,-0.608299,0.0438299,-4.05493,-0.0980861
2.76,2,1.01275,1.07947,-0.0818022,-1.83774,-0.0667116
2.76,3,0.468112,0.457958,0.207795,-0.0231337,0.0101543
2.76,4,-0.306368,-0.284369,0.0392433,-0.195618,-0.0219996
2.76,5,6.66168e-06,1.3525e-05,5.0121e-06,-3.58202e-05,-6.86331e-06
2.77,0,1.12845,1.09097,0.496917,0.00839012,0.0374785
2.77,1,-0.705971,-0.607861,0.043828,-4.0559,-0.0981103
2.77,2,1.01193,1.07865,-0.081803,-1.83805,-0.0667217
2.77,3,0.470182,0.460035,0.207792,-0.0232073,0.0101468
2.77,4,-0.305954,-0.283976,0.0392328,-0.195439,-0.0219779
2.77,5,6.69114e-06,1.35754e-05,5.07169e-06,-3.5943e-05,-6.88429e-06
2.78,0,1.13342,1.09594,0.496915,0.00838597,0.0374783
2.78,1,-0.705557,-0.607422,0.0438262,-4.05686,-0.0981346
2.78,2,1.0111,1.07783,-0.0818038,-1.83835,-0.0667318
2.78,3,0.472253,0.462113,0.207788,-0.0232806,0.0101392
2.78,4,-0.30554,-0.283584,0.0392223,-0.195259,-0.021956
2.78,5,6.7206e-06,1.36265e-05,5.13093e-06,-3.60686e-05,-6.90587e-06
2.79,0,1.13839,1.10091,0.496914,0.00838241,0.0374781
2.79,1,-0.705143,-0.606984,0.0438243,-4.05782,-0.0981588
2.79,2,1.01027,1.07701,-0.0818045,-1.83865,-0.066742
2.79,3,0.474323,0.464191,0.207785,-0.0233536,0.0101318
2.79,4,-0.305126,-0.283192,0.0392118,-0.195078,-0.0219341
2.79,5,6.75007e-06,1.36781e-05,5.1889e-06,-3.61969e-05,-6.92804e-06
2.8,0,1.14336,1.10588,0.496913,0.00837939,0.037478
2.8,1,-0.704729,-0.606546,0.0438226,-4.05879,-0.098183
2.8,2,1.00944,1.07619,-0.0818053,-1.83895,-0.0667521
2.8,3,0.476393,0.466269,0.207782,-0.0234262,0.0101243
2.8,4,-0.304712,-0.2828,0.0392014,-0.194897,-0.021912
2.8,5,6.77953e-06,1.37303e-05,5.24479e-06,-3.63273e-05,-6.95077e-06
2.81,0,1.14833,1.11085,0.496912,0.00837687,0.0374778
2.81,1,-0.704315,-0.606108,0.0438208,-4.05975,-0.0982072
2.81,2,1.00861,1.07538,-0.081806,-1.83925,-0.0667622
2.81,3,0.478464,0.468347,0.207779,-0.0234985,0.0101169
2.81,4,-0.304298,-0.282408,0.0391909,-0.194714,-0.0218898
2.81,5,6.80899e-06,1.3783e-05,5.29789e-06,-3.64596e-05,-6.97405e-06
2.82,0,1.1533,1.11582,0.49691,0.0083748,0.0374777
2.82,1,-0.703901,-0.60567,0.0438191,-4.06071,-0.0982313
2.82,2,1.00779,1.07456,-0.0818067,-1.83955,-0.0667722
2.82,3,0.480534,0.470425,0.207775,-0.0235705,0.0101095
2.82,4,-0.303884,-0.282016,0.0391805,-0.194531,-0.0218676
2.82,5,6.83846e-06,1.38363e-05,5.34758e-06,-3.65935e-05,-6.99784e-06
2.83,0,1.15827,1.12079,0.496909,0.00837314,0.0374775
2.83,1,-0.703487,-0.605231,0.0438174,-4.06167,-0.0982554
2.83,2,1.00696,1.07374,-0.0818074,-1.83986,-0.0667823
2.83,3,0.482605,0.472502,0.207772,-0.0236421,0.0101021
2.83,4,-0.303469,-0.281624,0.0391701,-0.194347,-0.0218452
2.83,5,6.86792e-06,1.389e-05,5.39331e-06,-3.67286e-05,-7.02211e-06
2.84,0,1.16323,1.12576,0.496908,0.00837184,0.0374774
2.84,1,-0.703073,-0.604793,0.0438157,-4.06263,-0.0982796
2.84,2,1.00613,1.07292,-0.0818081,-1.84016,-0.0667924
2.84,3,0.484675,0.47458,0.207769,-0.0237134,0.0100948
2.84,4,-0.303055,-0.281233,0.0391597,-0.194162,-0.0218227
2.84,5,6.89738e-06,1.39442e-05,5.43466e-06,-3.68645e-05,-7.04681e-06
2.85,0,1.1682,1.13073,0.496907,0.00837084,0.0374773
2.85,1,-0.702659,-0.604355,0.043814,-4.06359,-0.0983037
2.85,2,1.0053,1.0721,-0.0818087,-1.84046,-0.0668025
2.85,3,0.486745,0.476658,0.207765,-0.0237843,0.0100875
2.85,4,-0.302641,-0.280841,0.0391494,-0.193976,-0.0218002
2.85,5,6.92685e-06,1.39987e-05,5.47127e-06,-3.70009e-05,-7.0719e-06
2.86,0,1.17317,1.1357,0.496906,0.00837011,0.0374772
2.86,1,-0.702245,-0.603917,0.0438124,-4.06455,-0.0983278
2.86,2,1.00447,1.07129,-0.0818094,-1.84076,-0.0668125
2.86,3,0.488816,0.478735,0.207762,-0.023855,0.0100802
2.86,4,-0.302227,-0.28045,0.0391391,-0.193789,-0.0217775
2.86,5,6.95631e-06,1.40536e-05,5.50288e-06,-3.71375e-05,-7.09733e-06
2.87,0,1.17814,1.14066,0.496905,0.00836959,0.0374771
2.87,1,-0.701831,-0.603479,0.0438107,-4.06551,-0.0983518
2.87,2,1.00364,1.07047,-0.08181,-1.84106,-0.0668226
2.87,3,0.490886,0.480813,0.207759,-0.0239252,0.010073
2.87,4,-0.301813,-0.280058,0.0391288,-0.193602,-0.0217547
2.87,5,6.98577e-06,1.41088e-05,5.52929e-06,-3.7274e-05,-7.12304e-06
2.88,0,1.18311,1.14563,0.496904,0.00836924,0.037477
2.88,1,-0.701417,-0.603041,0.0438091,-4.06646,-0.0983759
2.88,2,1.00282,1.06965,-0.0818107,-1.84136,-0.0668327
2.88,3,0.492956,0.482891,0.207755,-0.0239951,0.0100658
2.88,4,-0.301399,-0.279667,0.0391185,-0.193414,-0.0217318
2.88,5,7.01524e-06,1.41642e-05,5.5504e-06,-3.74101e-05,-7.14899e-06
2.89,0,1.18808,1.1506,0.496903,0.00836902,0.037477
2.89,1,-0.701003,-0.602603,0.0438075,-4.06742,-0.0983999
2.89,2,1.00199,1.06883,-0.0818113,-1.84166,-0.0668427
2.89,3,0.495027,0.484968,0.207752,-0.0240647,0.0100587
2.89,4,-0.300985,-0.279276,0.0391082,-0.193225,-0.0217088
2.89,5,7.0447e-06,1.42198e-05,5.56615e-06,-3.75455e-05,-7.17513e-06
2.9,0,1.19305,1.15557,0.496902,0.00836889,0.0374769
2.9,1,-0.700589,-0.602165,0.0438059,-4.06838,-0.098424
2.9,2,1.00116,1.06801,-0.0818119,-1.84196,-0.0668527
2.9,3,0.497097,0.487046,0.207749,-0.0241339,0.0100515
2.9,4,-0.300571,-0.278885,0.039098,-0.193035,-0.0216857
2.9,5,7.07416e-06,1.42756e-05,5.57658e-06,-3.76799e-05,-7.20139e-06
2.91,0,1.19802,1.16054,0.496902,0.0083688,0.0374768
2.91,1,-0.700174,-0.601727,0.0438043,-4.06933,-0.098448
2.91,2,1.00033,1.06719,-0.0818125,-1.84226,-0.0668628
2.91,3,0.499168,0.489123,0.207745,-0.0242028,0.0100444
2.91,4,-0.300156,-0.278494,0.0390878,-0.192844,-0.0216625
2.91,5,7.10363e-06,1.43313e-05,5.58176e-06,-3.78131e-05,-7.22772e-06
2.92,0,1.2,1.16551,0.495943,-0.107923,0.0344977
2.92,1,-0.700009,-0.601291,0.0428173,-4.07717,-0.098718
2.92,2,1,1.06638,-0.0800233,-1.83136,-0.0663803
2.92,3,0.499996,0.491192,0.204219,-0.0344952,0.00880363
2.92,4,-0.299991,-0.278104,0.0388132,-0.194503,-0.021887
2.92,5,7.11541e-06,2.18128e-05,0.00301386,-0.000977645,-1.46974e-05
2.93,0,1.2,1.17044,0.489588,-0.286022,0.0295685
2.93,1,-0.700009,-0.600886,0.038368,-4.08003,-0.0991232
2.93,2,1,1.06562,-0.0720895,-1.82445,-0.065621
2.93,3,0.499996,0.493144,0.186269,-0.043245,0.00685165
2.93,4,-0.299991,-0.277717,0.0389119,-0.19765,-0.0222743
2.93,5,7.11541e-06,0.000112203,0.0141442,-0.00476871,-0.000105088
2.94,0,1.2,1.17527,0.477993,-0.444682,0.0247324
2.94,1,-0.700009,-0.600531,0.0330812,-4.07836,-0.0994779
2.94,2,1,1.06495,-0.0627706,-1.823,-0.0649513
2.94,3,0.499996,0.494875,0.161739,-0.0458345,0.00512091
2.94,4,-0.299991,-0.277319,0.0406901,-0.201721,-0.022672
2.94,5,7.11541e-06,0.000305096,0.0227652,-0.00831946,-0.000297981
2.95,0,1.2,1.17997,0.461896,-0.584185,0.0200376
2.95,1,-0.700009,-0.600228,0.0280358,-4.07533,-0.0997806
2.95,2,1,1.06437,-0.0538113,-1.82358,-0.0643734
2.95,3,0.499996,0.496347,0.135305,-0.0446982,0.0036485
2.95,4,-0.299991,-0.276897,0.0433772,-0.206436,-0.0230934
2.95,5,7.11541e-06,0.000555753,0.0261739,-0.0105954,-0.000548637
2.96,0,1.2,1.18448,0.441965,-0.704882,0.0155253
2.96,1,-0.700009,-0.599973,0.0235576,-4.0721,-0.100036
2.96,2,1,1.06388,-0.0456346,-1.82516,-0.063881
2.96,3,0.499996,0.497556,0.109266,-0.0411633,0.00243962
2.96,4,-0.299991,-0.276449,0.0460216,-0.211347,-0.0235421
2.96,5,7.11541e-06,0.000814346,0.025018,-0.0115415,-0.00080723
2.97,0,1.2,1.18877,0.418816,-0.807223,0.0112306
2.97,1,-0.700009,-0.599759,0.0197292,-4.06918,-0.10025
2.97,2,1,1.06347,-0.0383094,-1.82735,-0.0634656
2.97,3,0.499996,0.498513,0.0849028,-0.0361146,0.00148271
2.97,4,-0.299991,-0.275977,0.0479731,-0.216097,-0.0240138
2.97,5,7.11541e-06,0.00104281,0.0207028,-0.0113893,-0.00103569
2.98,0,1.2,1.19282,0.393019,-0.891763,0.00718237
2.98,1,-0.700009,-0.59958,0.0165419,-4.06679,-0.100429
2.98,2,1,1.06312,-0.0318099,-1.82995,-0.0631189
2.98,3,0.499996,0.499239,0.062967,-0.0302147,0.000756544
2.98,4,-0.299991,-0.275491,0.048889,-0.22044,-0.0244995
2.98,5,7.11541e-06,0.00121719,0.0145872,-0.0104265,-0.00121007
2.99,0,1.2,1.1966,0.36511,-0.959164,0.00340415
2.99,1,-0.700009,-0.599429,0.0139479,-4.06503,-0.10058
2.99,2,1,1.06283,-0.0260849,-1.83282,-0.062833
2.99,3,0.499996,0.499761,0.0438737,-0.0239809,0.000234337
2.99,4,-0.299991,-0.275003,0.0486507,-0.224229,-0.024988
2.99,5,7.11541e-06,0.00132575,0.00776471,-0.00892256,-0.00131863
3,0,1.2,1.20009,0.335588,-1.01019,-8.5711e-05
3,1,-0.700009,-0.599301,0.0118817,-4.06394,-0.100707
3,2,1,1.0626,-0.0210769,-1.83585,-0.0626002
3,3,0.499996,0.500109,0.0278009,-0.0178154,-0.000113484
3,4,-0.299991,-0.274523,0.0472845,-0.227385,-0.0254679
3,5,7.11541e-06,0.00136605,0.00103693,-0.00710576,-0.00135894
3.01,0,1.2,1.20328,0.304919,-1.0457,-0.00327367
3.01,1,-0.700009,-0.599192,0.0102711,-4.06349,-0.100817
3.01,2,1,1.06241,-0.016728,-1.83896,-0.0624139
3.01,3,0.499996,0.500313,0.0147502,-0.0120227,-0.000317257
3.01,4,-0.299991,-0.274062,0.0449019,-0.229878,-0.0259284
3.01,5,7.11541e-06,0.00134223,-0.00505419,-0.00515932,-0.00133511
3.02,0,1.2,1.20616,0.273538,-1.06664,-0.00615068
3.02,1,-0.700009,-0.599096,0.00904338,-4.06364,-0.100913
3.02,2,1,1.06227,-0.0129814,-1.84207,-0.0622677
3.02,3,0.499996,0.500402,0.00459425,-0.00682247,-0.000406592
3.02,4,-0.299991,-0.273631,0.0416588,-0.231711,-0.0263602
3.02,5,7.11541e-06,0.00126261,-0.0101791,-0.00322376,-0.0012555
3.03,0,1.2,1.20872,0.241845,-1.07401,-0.00871185
3.03,1,-0.700009,-0.599011,0.00812926,-4.0643,-0.100998
3.03,2,1,1.06216,-0.00978253,-1.84511,-0.0621559
3.03,3,0.499996,0.500405,-0.00288618,-0.00236123,-0.000409293
3.03,4,-0.299991,-0.273235,0.0377286,-0.23291,-0.0267557
3.03,5,7.11541e-06,0.00113789,-0.0141738,-0.00140172,-0.00113077
3.04,0,1.2,1.21096,0.21021,-1.06888,-0.0109561
3.04,1,-0.700009,-0.598934,0.0074649,-4.06541,-0.101075
3.04,2,1,1.06207,-0.00707904,-1.84804,-0.0620733
3.04,3,0.499996,0.500346,-0.00797009,0.00127587,-0.000350619
3.04,4,-0.299991,-0.272882,0.0332845,-0.233513,-0.0271089
3.04,5,7.11541e-06,0.000979662,-0.0169975,0.000236529,-0.000972546
3.05,0,1.2,1.21289,0.17897,-1.05235,-0.0128859
3.05,1,-0.700009,-0.598862,0.00699311,-4.06687,-0.101147
3.05,2,1,1.06202,-0.00482107,-1.85082,-0.0620153
3.05,3,0.499996,0.500248,-0.0109706,0.00405409,-0.00025283
3.05,4,-0.299991,-0.272575,0.0284896,-0.233569,-0.0274156
3.05,5,7.11541e-06,0.000799447,-0.0186974,0.00164755,-0.000792331
3.06,0,1.2,1.21451,0.148427,-1.02556,-0.014507
3.06,1,-0.700009,-0.598794,0.00666372,-4.0686,-0.101215
3.06,2,1,1.06198,-0.00296143,-1.85341,-0.0619776
3.06,3,0.499996,0.500131,-0.0122142,0.00597885,-0.000134969
3.06,4,-0.299991,-0.272318,0.0234912,-0.23313,-0.0276731
3.06,5,7.11541e-06,0.000607939,-0.0193788,0.00280952,-0.000600824
3.07,0,1.2,1.21583,0.118852,-0.989664,-0.0158277
3.07,1,-0.700009,-0.598728,0.00643368,-4.07052,-0.101281
3.07,2,1,1.06196,-0.0014556,-1.85579,-0.0619566
3.07,3,0.499996,0.500008,-0.0120244,0.00708643,-1.28187e-05
3.07,4,-0.299991,-0.272111,0.018418,-0.23225,-0.0278801
3.07,5,7.11541e-06,0.000414571,-0.0191825,0.00371746,-0.000407455
3.08,0,1.2,1.21686,0.0904843,-0.945816,-0.0168591
3.08,1,-0.700009,-0.598665,0.00626674,-4.07256,-0.101344
3.08,2,1,1.06195,-0.000261802,-1.85794,-0.0619488
3.08,3,0.499996,0.499895,-0.0107095,0.00743569,0.000101
3.08,4,-0.299991,-0.271954,0.01338,-0.230982,-0.0280365
3.08,5,7.11541e-06,0.000227259,-0.018266,0.00437907,-0.000220144
3.09,0,1.2,1.21762,0.0635281,-0.895161,-0.0176144
3.09,1,-0.700009,-0.598603,0.00613307,-4.07463,-0.101406
3.09,2,1,1.06195,0.00065892,-1.85986,-0.0619515
3.09,3,0.499996,0.499799,-0.00855463,0.00710103,0.000196825
3.09,4,-0.299991,-0.271848,0.00846862,-0.22938,-0.0281432
3.09,5,7.11541e-06,5.23198e-05,-0.0167903,0.00481108,-4.52044e-05
3.1,0,1.2,1.21811,0.0381577,-0.838825,-0.0181088
3.1,1,-0.700009,-0.598542,0.00600876,-4.07669,-0.101467
3.1,2,1,1.06196,0.00134271,-1.86155,-0.061962
3.1,3,0.499996,0.499728,-0.0058157,0.00616634,0.000267692
3.1,4,-0.299991,-0.271789,0.00375846,-0.227493,-0.0282018
3.1,5,7.11541e-06,-0.000105516,-0.0149102,0.00503621,0.000112631
3.11,0,1.2,1.21836,0.0145158,-0.777902,-0.0183589
3.11,1,-0.700009,-0.598483,0.00587521,-4.07866,-0.101526
3.11,2,1,1.06198,0.00182286,-1.86299,-0.0619782
3.11,3,0.499996,0.499687,-0.00271663,0.00472015,0.000309018
3.11,4,-0.299991,-0.271776,-0.00069121,-0.225372,-0.0282146
3.11,5,7.11541e-06,-0.000242994,-0.0127673,0.00508072,0.000250109
3.12,0,1.2,1.21839,-0.00728483,-0.713448,-0.0183826
3.12,1,-0.700009,-0.598425,0.00571861,-4.08051,-0.101584
3.12,2,1,1.062,0.00212986,-1.86421,-0.0619983
3.12,3,0.499996,0.499677,0.000551774,0.00285171,0.000318277
3.12,4,-0.299991,-0.271806,-0.00483462,-0.22306,-0.0281847
3.12,5,7.11541e-06,-0.000358189,-0.0104863,0.00497242,0.000365304
3.13,0,1.2,1.2182,-0.0271606,-0.64647,-0.0181988
3.13,1,-0.700009,-0.598369,0.00552934,-4.08219,-0.10164
3.13,2,1,1.06202,0.00229141,-1.8652,-0.0620206
3.13,3,0.499996,0.499701,0.00383131,0.00064796,0.000294674
3.13,4,-0.299991,-0.271876,-0.0086377,-0.220602,-0.0281151
3.13,5,7.11541e-06,-0.000450318,-0.00817326,0.00473914,0.000457433
3.14,0,1.2,1.21783,-0.0450552,-0.577919,-0.0178271
3.14,1,-0.700009,-0.598315,0.00530144,-4.08367,-0.101694
3.14,2,1,1.06204,0.0023325,-1.86598,-0.0620438
3.14,3,0.499996,0.499757,0.00699479,-0.00180866,0.000238822
3.14,4,-0.299991,-0.271981,-0.0120765,-0.218038,-0.0280095
3.14,5,7.11541e-06,-0.000519551,-0.00591431,0.00440763,0.000526667
3.15,0,1.2,1.21729,-0.0609385,-0.508686,-0.0172875
3.15,1,-0.700009,-0.598263,0.0050321,-4.08492,-0.101746
3.15,2,1,1.06207,0.00227547,-1.86656,-0.0620669
3.15,3,0.499996,0.499843,0.00994372,-0.00444179,0.000152444
3.15,4,-0.299991,-0.272119,-0.0151356,-0.215405,-0.0278716
3.15,5,7.11541e-06,-0.000566815,-0.00377692,0.00400273,0.000573931
3.16,0,1.2,1.21661,-0.0748044,-0.439596,-0.0166002
3.16,1,-0.700009,-0.598215,0.0047211,-4.08593,-0.101794
3.16,2,1,1.06209,0.00214019,-1.86695,-0.062089
3.16,3,0.499996,0.499958,0.0126054,-0.00718216,3.81068e-05
3.16,4,-0.299991,-0.272286,-0.0178071,-0.212738,-0.0277052
3.16,5,7.11541e-06,-0.000593614,-0.00181093,0.00354693,0.000600729
3.17,0,1.2,1.21579,-0.0866693,-0.371404,-0.0157853
3.17,1,-0.700009,-0.598169,0.00437044,-4.08669,-0.10184
3.17,2,1,1.06211,0.00194416,-1.86717,-0.0621093
3.17,3,0.499996,0.500097,0.0149297,-0.00996809,-0.000101025
3.17,4,-0.299991,-0.272477,-0.0200891,-0.21007,-0.0275143
3.17,5,7.11541e-06,-0.000601861,-5.04778e-05,0.00306002,0.000608976
3.18,0,1.2,1.21487,-0.0965701,-0.304791,-0.0148625
3.18,1,-0.700009,-0.598128,0.00398383,-4.0872,-0.101881
3.18,2,1,1.06213,0.00170265,-1.86723,-0.0621275
3.18,3,0.499996,0.500257,0.0168863,-0.0127457,-0.000261395
3.18,4,-0.299991,-0.272688,-0.0219853,-0.207429,-0.0273027
3.18,5,7.11541e-06,-0.000593734,0.00148396,0.00255906,0.00060085
3.19,0,1.2,1.21386,-0.104562,-0.240368,-0.0138513
3.19,1,-0.700009,-0.59809,0.00356635,-4.08745,-0.101919
3.19,2,1,1.06214,0.00142892,-1.86715,-0.062143
3.19,3,0.499996,0.500435,0.0184609,-0.0154689,-0.000439235
3.19,4,-0.299991,-0.272917,-0.0235036,-0.204841,-0.0270741
3.19,5,7.11541e-06,-0.000571553,0.00278337,0.00205833,0.000578668
3.2,0,1.2,1.21278,-0.110716,-0.178666,-0.0127704
3.2,1,-0.700009,-0.598057,0.00312406,-4.08745,-0.101952
3.2,2,1,1.06216,0.00113434,-1.86694,-0.0621557
3.2,3,0.499996,0.500626,0.019653,-0.0180989,-0.000630714
3.2,4,-0.299991,-0.273158,-0.0246559,-0.202332,-0.0268325
3.2,5,7.11541e-06,-0.000537672,0.00384805,0.00156952,0.000544787
3.21,0,1.2,1.21164,-0.115119,-0.120146,-0.0116376
3.21,1,-0.700009,-0.598028,0.00266366,-4.08722,-0.101981
3.21,2,1,1.06217,0.000828602,-1.86662,-0.0621654
3.21,3,0.499996,0.500828,0.0204725,-0.020604,-0.000832052
3.21,4,-0.299991,-0.27341,-0.0254574,-0.199921,-0.0265812
3.21,5,7.11541e-06,-0.000494402,0.00468562,0.0011019,0.000501518
3.22,0,1.2,1.21047,-0.117869,-0.0651922,-0.01047
3.22,1,-0.700009,-0.598004,0.00219224,-4.08677,-0.102005
3.22,2,1,1.06217,0.000519884,-1.8662,-0.0621719
3.22,3,0.499996,0.501035,0.0209378,-0.0229589,-0.00103962
3.22,4,-0.299991,-0.273667,-0.0259258,-0.197628,-0.0263238
3.22,5,7.11541e-06,-0.000443946,0.00530918,0.000662553,0.000451062
3.23,0,1.2,1.20929,-0.119073,-0.0141191,-0.00928342
3.23,1,-0.700009,-0.597985,0.00171699,-4.08611,-0.102024
3.23,2,1,1.06218,0.000215017,-1.86569,-0.0621755
3.23,3,0.499996,0.501246,0.0210735,-0.0251441,-0.00125
3.23,4,-0.299991,-0.273927,-0.0260813,-0.195467,-0.0260634
3.23,5,7.11541e-06,-0.000388354,0.00573572,0.00025663,0.000395469
3.24,0,1.2,1.2081,-0.118847,0.0328292,-0.00809281
3.24,1,-0.700009,-0.59797,0.001245,-4.08528,-0.102039
3.24,2,1,1.06218,-8.03473e-05,-1.86512,-0.062176
3.24,3,0.499996,0.501456,0.0209083,-0.0271457,-0.00146007
3.24,4,-0.299991,-0.274188,-0.0259459,-0.193452,-0.0258032
3.24,5,7.11541e-06,-0.000329489,0.00598469,-0.000112385,0.000336605
3.25,0,1.2,1.20692,-0.117315,0.0754746,-0.00691174
3.25,1,-0.700009,-0.59796,0.000783051,-4.08429,-0.102049
3.25,2,1,1.06217,-0.000361596,-1.86449,-0.0621736
3.25,3,0.499996,0.501663,0.0204738,-0.028954,-0.00166697
3.25,4,-0.299991,-0.274445,-0.025543,-0.191594,-0.0255457
3.25,5,7.11541e-06,-0.000269014,0.00607691,-0.000442425,0.00027613
3.26,0,1.2,1.20576,-0.114602,0.113702,-0.00575259
3.26,1,-0.700009,-0.597955,0.000337466,-4.08317,-0.102054
3.26,2,1,1.06217,-0.000625016,-1.86381,-0.0621685
3.26,3,0.499996,0.501864,0.019803,-0.0305638,-0.0018682
3.26,4,-0.299991,-0.274697,-0.0248973,-0.1899,-0.0252936
3.26,5,7.11541e-06,-0.00020838,0.00603361,-0.000732603,0.000215496
3.27,0,1.2,1.20463,-0.110838,0.147454,-0.00462646
3.27,1,-0.700009,-0.597954,-8.60073e-05,-4.08194,-0.102055
3.27,2,1,1.06216,-0.000867673,-1.86309,-0.0621609
3.27,3,0.499996,0.502057,0.0189293,-0.0319733,-0.00206158
3.27,4,-0.299991,-0.274942,-0.0240341,-0.188377,-0.0250492
3.27,5,7.11541e-06,-0.000148827,0.00587567,-0.00098299,0.000155942
3.28,0,1.2,1.20355,-0.106152,0.176731,-0.00354315
3.28,1,-0.700009,-0.597957,-0.000482297,-4.08063,-0.102052
3.28,2,1,1.06215,-0.00108731,-1.86236,-0.062151
3.28,3,0.499996,0.502241,0.0178856,-0.0331839,-0.00224526
3.28,4,-0.299991,-0.275176,-0.0229793,-0.187027,-0.0248145
3.28,5,7.11541e-06,-9.1389e-05,0.00562315,-0.00119442,9.85044e-05
3.29,0,1.2,1.20252,-0.100675,0.201579,-0.00251115
3.29,1,-0.700009,-0.597964,-0.000847071,-4.07926,-0.102045
3.29,2,1,1.06214,-0.00128225,-1.86161,-0.0621391
3.29,3,0.499996,0.502413,0.0167038,-0.0341994,-0.00241771
3.29,4,-0.299991,-0.275399,-0.0217588,-0.185851,-0.0245913
3.29,5,7.11541e-06,-3.69081e-05,0.00529483,-0.00136833,4.40235e-05
3.3,0,1.2,1.20154,-0.0945335,0.222093,-0.00153768
3.3,1,-0.700009,-0.597974,-0.00117678,-4.07786,-0.102035
3.3,2,1,1.06213,-0.00145132,-1.86086,-0.0621253
3.3,3,0.499996,0.502573,0.0154142,-0.0350259,-0.00257774
3.3,4,-0.299991,-0.27561,-0.0203986,-0.18485,-0.0243811
3.3,5,7.11541e-06,1.39541e-05,0.00490797,-0.00150659,-6.83869e-06
3.31,0,1.2,1.20063,-0.0878517,0.238407,-0.000628704
3.31,1,-0.700009,-0.597988,-0.00146867,-4.07645,-0.102021
3.31,2,1,1.06211,-0.00159381,-1.86011,-0.06211
3.31,3,0.499996,0.50272,0.0140452,-0.0356712,-0.0027244
3.31,4,-0.299991,-0.275806,-0.018924,-0.184019,-0.0241852
3.31,5,7.11541e-06,6.06995e-05,0.0044782,-0.00161138,-5.35841e-05
3.32,0,1.2,1.19979,-0.0807495,0.250691,0.00021105
3.32,1,-0.700009,-0.598004,-0.00172079,-4.07504,-0.102005
3.32,2,1,1.06209,-0.00170937,-1.85938,-0.0620934
3.32,3,0.499996,0.502853,0.0126233,-0.0361446,-0.00285707
3.32,4,-0.299991,-0.275986,-0.0173599,-0.183356,-0.0240045
3.32,5,7.11541e-06,0.000102977,0.00401938,-0.00168512,-9.58612e-05
3.33,0,1.2,1.19903,-0.0733414,0.259145,0.000978007
3.33,1,-0.700009,-0.598022,-0.00193195,-4.07367,-0.101987
3.33,2,1,1.06208,-0.00179803,-1.85868,-0.0620758
3.33,3,0.499996,0.502971,0.0111723,-0.0364567,-0.00297533
3.33,4,-0.299991,-0.276151,-0.0157302,-0.182853,-0.0238398
3.33,5,7.11541e-06,0.000140563,0.00354368,-0.00173034,-0.000133448
3.34,0,1.2,1.19834,-0.0657357,0.263996,0.00166971
3.34,1,-0.700009,-0.598042,-0.0021017,-4.07235,-0.101966
3.34,2,1,1.06206,-0.0018601,-1.858,-0.0620574
3.34,3,0.499996,0.503075,0.00971393,-0.0366187,-0.00307903
3.34,4,-0.299991,-0.276299,-0.0140576,-0.182504,-0.0236917
3.34,5,7.11541e-06,0.00017335,0.00306159,-0.00174965,-0.000166235
3.35,0,1.2,1.19772,-0.0580339,0.265491,0.00228475
3.35,1,-0.700009,-0.598064,-0.00223028,-4.0711,-0.101945
3.35,2,1,1.06204,-0.00189619,-1.85737,-0.0620386
3.35,3,0.499996,0.503164,0.00826765,-0.0366426,-0.0031682
3.35,4,-0.299991,-0.27643,-0.0123638,-0.182301,-0.0235604
3.35,5,7.11541e-06,0.000201323,0.00258203,-0.00174565,-0.000194208
3.36,0,1.2,1.19718,-0.0503299,0.263897,0.00282268
3.36,1,-0.700009,-0.598087,-0.00231854,-4.06992,-0.101922
3.36,2,1,1.06202,-0.00190718,-1.85677,-0.0620196
3.36,3,0.499996,0.503239,0.00685048,-0.0365408,-0.00324305
3.36,4,-0.299991,-0.276545,-0.010669,-0.182234,-0.0234461
3.36,5,7.11541e-06,0.00022455,0.00211246,-0.00172091,-0.000217434
3.37,0,1.2,1.19672,-0.0427099,0.259488,0.00328396
3.37,1,-0.700009,-0.59811,-0.00236793,-4.06883,-0.101898
3.37,2,1,1.062,-0.00189416,-1.85623,-0.0620005
3.37,3,0.499996,0.5033,0.00547722,-0.036326,-0.00330396
3.37,4,-0.299991,-0.276642,-0.00899159,-0.182293,-0.0233486
3.37,5,7.11541e-06,0.000243165,0.001659,-0.00167795,-0.00023605
3.38,0,1.2,1.19633,-0.0352521,0.252551,0.00366988
3.38,1,-0.700009,-0.598134,-0.00238035,-4.06784,-0.101875
3.38,2,1,1.06198,-0.00185845,-1.85574,-0.0619818
3.38,3,0.499996,0.503347,0.00416053,-0.0360107,-0.00335144
3.38,4,-0.299991,-0.276723,-0.00734869,-0.182468,-0.0232678
3.38,5,7.11541e-06,0.000257357,0.00122657,-0.00161918,-0.000250242
3.39,0,1.2,1.19602,-0.028026,0.243376,0.00398244
3.39,1,-0.700009,-0.598158,-0.00235814,-4.06696,-0.101851
3.39,2,1,1.06196,-0.00180157,-1.8553,-0.0619635
3.39,3,0.499996,0.503382,0.00291104,-0.0356078,-0.00338612
3.39,4,-0.299991,-0.276788,-0.00575553,-0.182747,-0.0232031
3.39,5,7.11541e-06,0.00026736,0.000819009,-0.00154692,-0.000260244
3.4,0,1.2,1.19578,-0.0210928,0.232251,0.0042243
3.4,1,-0.700009,-0.598181,-0.00230399,-4.06619,-0.101828
3.4,2,1,1.06195,-0.00172521,-1.85493,-0.0619459
3.4,3,0.499996,0.503404,0.00173744,-0.0351295,-0.00340871
3.4,4,-0.299991,-0.276837,-0.00422564,-0.183119,-0.023154
3.4,5,7.11541e-06,0.000273437,0.000439237,-0.00146338,-0.000266322
3.41,0,1.2,1.19561,-0.0145056,0.219465,0.0043987
3.41,1,-0.700009,-0.598204,-0.00222085,-4.06554,-0.101805
3.41,2,1,1.06193,-0.00163122,-1.85461,-0.0619291
3.41,3,0.499996,0.503416,0.000646603,-0.0345881,-0.00342001
3.41,4,-0.299991,-0.276871,-0.00277078,-0.183573,-0.0231198
3.41,5,7.11541e-06,0.00027588,8.93358e-05,-0.00137062,-0.000268764
