sim_t,joint,desired,actual,velocity,torque,error
0,0,0,0,0,0,0
0,1,-0.8,-0.8,0,0,0
0,2,1.2,1.2,0,-6.66134e-15,-2.22045e-16
0,3,0,0,0,0,0
0,4,-0.4,-0.4,0,0,0
0,5,0,0,0,0,0
0.01,0,0,0,0,0,0
0.01,1,-0.8,-0.799036,0.16595,-0.536428,-0.000964426
0.01,2,1.2,1.20018,0.0384837,-0.0823016,-0.000177805
0.01,3,0,0,0,0,0
0.01,4,-0.4,-0.401011,-0.1636,0.089886,0.00101077
0.01,5,0,0,0,0,0
0.02,0,0,0,0,0,0
0.02,1,-0.8,-0.796699,0.2836,-0.982847,-0.00330121
0.02,2,1.2,1.20089,0.100179,-0.227177,-0.000893941
0.02,3,0,0,0,0,0
0.02,4,-0.4,-0.402999,-0.213878,0.130932,0.00299909
0.02,5,0,0,0,0,0
0.03,0,0,0,0,0,0
0.03,1,-0.8,-0.79336,0.371512,-1.38016,-0.00664049
0.03,2,1.2,1.20226,0.165307,-0.398268,-0.00225512
0.03,3,0,0,0,0,0
0.03,4,-0.4,-0.40506,-0.191605,0.136286,0.00506038
0.03,5,0,0,0,0,0
0.04,0,0,0,0,0,0
0.04,1,-0.8,-0.789258,0.439158,-1.74714,-0.0107418
0.04,2,1.2,1.20425,0.226588,-0.580675,-0.00424998
0.04,3,0,0,0,0,0
0.04,4,-0.4,-0.406654,-0.128913,0.117692,0.00665443
0.04,5,0,0,0,0,0
0.05,0,0,0,0,0,0
0.05,1,-0.8,-0.784566,0.491833,-2.09285,-0.0154339
0.05,2,1.2,1.20682,0.281133,-0.766927,-0.00682205
0.05,3,0,0,0,0,0
0.05,4,-0.4,-0.407507,-0.0480056,0.0840564,0.0075067
0.05,5,0,0,0,0,0
0.06,0,0,0,0,0,0
0.06,1,-0.8,-0.779414,0.532665,-2.42142,-0.0205856
0.06,2,1.2,1.2099,0.327782,-0.952464,-0.00989669
0.06,3,0,0,0,0,0
0.06,4,-0.4,-0.407519,0.0368425,0.0417314,0.00751908
0.06,5,0,0,0,0,0
0.07,0,0,0,0,0,0
0.07,1,-0.8,-0.77391,0.563557,-2.73426,-0.0260898
0.07,2,1.2,1.21339,0.366159,-1.13409,-0.0133924
0.07,3,0,0,0,0,0
0.07,4,-0.4,-0.406703,0.117015,-0.00488035,0.00670341
0.07,5,0,0,0,0,0
0.08,0,0,0,0,0,0
0.08,1,-0.8,-0.768146,0.585705,-3.03128,-0.031854
0.08,2,1.2,1.21723,0.396296,-1.30939,-0.0172265
0.08,3,0,0,0,0,0
0.08,4,-0.4,-0.405135,0.18773,-0.0527828,0.00513529
0.08,5,0,0,0,0,0
0.09,0,0,0,0,0,0
0.09,1,-0.8,-0.762205,0.599905,-3.31154,-0.0377955
0.09,2,1.2,1.22132,0.418456,-1.47645,-0.0213178
0.09,3,0,0,0,0,0
0.09,4,-0.4,-0.402923,0.246709,-0.0999671,0.00292345
0.09,5,0,0,0,0,0
0.1,0,0,0,0,0,0
0.1,1,-0.8,-0.756162,0.606744,-3.57375,-0.043838
0.1,2,1.2,1.22559,0.43304,-1.63374,-0.0255886
0.1,3,0,0,0,0,0
0.1,4,-0.4,-0.40019,0.293258,-0.145108,0.000190081
0.1,5,0,0,0,0,0
0.11,0,0,0,0,0,0
0.11,1,-0.8,-0.750089,0.606714,-3.81657,-0.0499108
0.11,2,1.2,1.22997,0.440534,-1.78004,-0.0299659
0.11,3,0,0,0,0,0
0.11,4,-0.4,-0.397059,0.327642,-0.187352,-0.00294137
0.11,5,0,0,0,0,0
0.12,0,0,0,0,0,0
0.12,1,-0.8,-0.744052,0.600284,-4.03876,-0.0559476
0.12,2,1.2,1.23438,0.441472,-1.91439,-0.0343815
0.12,3,0,0,0,0,0
0.12,4,-0.4,-0.393647,0.350674,-0.226164,-0.0063534
0.12,5,0,0,0,0,0
0.13,0,0,0,0,0,0
0.13,1,-0.8,-0.738113,0.587937,-4.2393,-0.0618872
0.13,2,1.2,1.23877,0.436424,-2.03604,-0.0387732
0.13,3,0,0,0,0,0
0.13,4,-0.4,-0.390062,0.363451,-0.261232,-0.00993838
0.13,5,0,0,0,0,0
0.14,0,0,0,0,0,0
0.14,1,-0.8,-0.732327,0.570184,-4.41748,-0.0676732
0.14,2,1.2,1.24308,0.425975,-2.14448,-0.0430842
0.14,3,0,0,0,0,0
0.14,4,-0.4,-0.3864,0.367186,-0.292396,-0.0136004
0.14,5,0,0,0,0,0
0.15,0,0,0,0,0,0
0.15,1,-0.8,-0.726746,0.547576,-4.57291,-0.0732545
0.15,2,1.2,1.24726,0.410723,-2.23936,-0.0472638
0.15,3,0,0,0,0,0
0.15,4,-0.4,-0.382744,0.363109,-0.319601,-0.0172558
0.15,5,0,0,0,0,0
0.16,0,0,0,0,0,0
0.16,1,-0.8,-0.721414,0.520693,-4.70551,-0.0785856
0.16,2,1.2,1.25127,0.391267,-2.32055,-0.0512672
0.16,3,0,0,0,0,0
0.16,4,-0.4,-0.379167,0.352406,-0.342867,-0.020833
0.16,5,0,0,0,0,0
0.17,0,0,0,0,0,0
0.17,1,-0.8,-0.716373,0.490142,-4.81552,-0.0836273
0.17,2,1.2,1.25506,0.368208,-2.38809,-0.0550558
0.17,3,0,0,0,0,0
0.17,4,-0.4,-0.375728,0.33619,-0.362271,-0.024272
0.17,5,0,0,0,0,0
0.18,0,0,0,0,0,0
0.18,1,-0.8,-0.711654,0.456543,-4.90348,-0.0883462
0.18,2,1.2,1.2586,0.342139,-2.44218,-0.0585967
0.18,3,0,0,0,0,0
0.18,4,-0.4,-0.372477,0.31549,-0.377932,-0.0275233
0.18,5,0,0,0,0,0
0.19,0,0,0,0,0,0
0.19,1,-0.8,-0.707285,0.420518,-4.97017,-0.0927152
0.19,2,1.2,1.26186,0.313646,-2.48319,-0.0618631
0.19,3,0,0,0,0,0
0.19,4,-0.4,-0.369453,0.291246,-0.390002,-0.0305474
0.19,5,0,0,0,0,0
0.2,0,0,0,0,0,0
0.2,1,-0.8,-0.703286,0.382682,-5.01659,-0.0967136
0.2,2,1.2,1.26483,0.283299,-2.51162,-0.064834
0.2,3,0,0,0,0,0
0.2,4,-0.4,-0.366686,0.264309,-0.398663,-0.0333136
0.2,5,0,0,0,0,0
0.21,0,0,0,0,0,0
0.21,1,-0.8,-0.699674,0.343629,-5.04394,-0.100326
0.21,2,1.2,1.26749,0.251651,-2.52811,-0.0674938
0.21,3,0,0,0,0,0
0.21,4,-0.4,-0.364201,0.235448,-0.404118,-0.0357993
0.21,5,0,0,0,0,0
0.22,0,0,0,0,0,0
0.22,1,-0.8,-0.696455,0.303927,-5.05356,-0.103545
0.22,2,1.2,1.26983,0.219228,-2.53343,-0.0698324
0.22,3,0,0,0,0,0
0.22,4,-0.4,-0.362011,0.205355,-0.406589,-0.037989
0.22,5,0,0,0,0,0
0.23,0,0,0,0,0,0
0.23,1,-0.8,-0.693635,0.264109,-5.04692,-0.106365
0.23,2,1.2,1.27184,0.186531,-2.52841,-0.0718449
0.23,3,0,0,0,0,0
0.23,4,-0.4,-0.360126,0.174649,-0.406316,-0.0398739
0.23,5,0,0,0,0,0
0.24,0,0,0,0,0,0
0.24,1,-0.8,-0.691212,0.224666,-5.02553,-0.108788
0.24,2,1.2,1.27353,0.154026,-2.51398,-0.0735311
0.24,3,0,0,0,0,0
0.24,4,-0.4,-0.358549,0.143881,-0.403549,-0.041451
0.24,5,0,0,0,0,0
0.25,0,0,0,0,0,0
0.25,1,-0.8,-0.689178,0.186045,-4.99101,-0.110822
0.25,2,1.2,1.2749,0.12214,-2.49114,-0.0748953
0.25,3,0,0,0,0,0
0.25,4,-0.4,-0.357278,0.113541,-0.39855,-0.0427224
0.25,5,0,0,0,0,0
0.26,0,0,0,0,0,0
0.26,1,-0.8,-0.687525,0.148643,-4.94495,-0.112475
0.26,2,1.2,1.27595,0.0912627,-2.4609,-0.0759459
0.26,3,0,0,0,0,0
0.26,4,-0.4,-0.356305,0.084053,-0.391585,-0.0436948
0.26,5,0,0,0,0,0
0.27,0,0,0,0,0,0
0.27,1,-0.8,-0.686237,0.112809,-4.88896,-0.113763
0.27,2,1.2,1.27669,0.0617363,-2.42432,-0.0766948
0.27,3,0,0,0,0,0
0.27,4,-0.4,-0.355621,0.0557871,-0.382923,-0.0443787
0.27,5,0,0,0,0,0
0.28,0,0,0,0,0,0
0.28,1,-0.8,-0.685297,0.0788394,-4.82463,-0.114703
0.28,2,1.2,1.27716,0.0338582,-2.38244,-0.0771574
0.28,3,0,0,0,0,0
0.28,4,-0.4,-0.355212,0.0290557,-0.372833,-0.0447882
0.28,5,0,0,0,0,0
0.29,0,0,0,0,0,0
0.29,1,-0.8,-0.684686,0.0469823,-4.75352,-0.115314
0.29,2,1.2,1.27735,0.00787764,-2.3363,-0.0773514
0.29,3,0,0,0,0,0
0.29,4,-0.4,-0.35506,0.00411722,-0.361579,-0.04494
0.29,5,0,0,0,0,0
0.3,0,0,0,0,0,0
0.3,1,-0.8,-0.68438,0.017437,-4.6771,-0.11562
0.3,2,1.2,1.2773,-0.0160044,-2.2869,-0.0772971
0.3,3,0,0,0,0,0
0.3,4,-0.4,-0.355147,-0.0188215,-0.349416,-0.0448533
0.3,5,0,0,0,0,0
0.31,0,0,0,0,0,0
0.31,1,-0.8,-0.684357,-0.00964384,-4.59679,-0.115643
0.31,2,1.2,1.27702,-0.0376346,-2.23522,-0.0770161
0.31,3,0,0,0,0,0
0.31,4,-0.4,-0.355451,-0.0396033,-0.33659,-0.0445489
0.31,5,0,0,0,0,0
0.32,0,0,0,0,0,0
0.32,1,-0.8,-0.68459,-0.0341515,-4.51393,-0.11541
0.32,2,1.2,1.27653,-0.056906,-2.18214,-0.0765318
0.32,3,0,0,0,0,0
0.32,4,-0.4,-0.355951,-0.0581182,-0.323334,-0.0440492
0.32,5,0,0,0,0,0
0.33,0,0,0,0,0,0
0.33,1,-0.8,-0.685054,-0.0560184,-4.42977,-0.114946
0.33,2,1.2,1.27587,-0.0737559,-2.12853,-0.0758681
0.33,3,0,0,0,0,0
0.33,4,-0.4,-0.356623,-0.0743006,-0.309866,-0.043377
0.33,5,0,0,0,0,0
0.34,0,0,0,0,0,0
0.34,1,-0.8,-0.685722,-0.075215,-4.34546,-0.114278
0.34,2,1.2,1.27505,-0.0881631,-2.07515,-0.0750493
0.34,3,0,0,0,0,0
0.34,4,-0.4,-0.357444,-0.0881258,-0.296386,-0.0425561
0.34,5,0,0,0,0,0
0.35,0,0,0,0,0,0
0.35,1,-0.8,-0.686568,-0.0917463,-4.26205,-0.113432
0.35,2,1.2,1.2741,-0.100145,-2.0227,-0.0740998
0.35,3,0,0,0,0,0
0.35,4,-0.4,-0.35839,-0.0996066,-0.283075,-0.0416097
0.35,5,0,0,0,0,0
0.36,0,0,0,0,0,0
0.36,1,-0.8,-0.687564,-0.105649,-4.1805,-0.112436
0.36,2,1.2,1.27304,-0.109752,-1.9718,-0.0730435
0.36,3,0,0,0,0,0
0.36,4,-0.4,-0.359439,-0.10879,-0.270095,-0.0405613
0.36,5,0,0,0,0,0
0.37,0,0,0,0,0,0
0.37,1,-0.8,-0.688685,-0.116989,-4.10165,-0.111315
0.37,2,1.2,1.2719,-0.117066,-1.92299,-0.0719039
0.37,3,0,0,0,0,0
0.37,4,-0.4,-0.360567,-0.115752,-0.25759,-0.0394333
0.37,5,0,0,0,0,0
0.38,0,0,0,0,0,0
0.38,1,-0.8,-0.689905,-0.125854,-4.02623,-0.110095
0.38,2,1.2,1.2707,-0.122194,-1.87671,-0.0707033
0.38,3,0,0,0,0,0
0.38,4,-0.4,-0.361753,-0.120595,-0.245682,-0.0382474
0.38,5,0,0,0,0,0
0.39,0,0,0,0,0,0
0.39,1,-0.8,-0.691202,-0.132356,-3.95487,-0.108798
0.39,2,1.2,1.26946,-0.125266,-1.83335,-0.0694629
0.39,3,0,0,0,0,0
0.39,4,-0.4,-0.362976,-0.123442,-0.234473,-0.0370242
0.39,5,0,0,0,0,0
0.4,0,0,0,0,0,0
0.4,1,-0.8,-0.69255,-0.136626,-3.88811,-0.10745
0.4,2,1.2,1.2682,-0.126428,-1.79321,-0.0682023
0.4,3,0,0,0,0,0
0.4,4,-0.4,-0.364217,-0.124435,-0.224046,-0.0357829
0.4,5,0,0,0,0,0
0.41,0,0,0,0,0,0
0.41,1,-0.8,-0.69393,-0.138806,-3.82637,-0.10607
0.41,2,1.2,1.26694,-0.125839,-1.75652,-0.0669399
0.41,3,0,0,0,0,0
0.41,4,-0.4,-0.365459,-0.123726,-0.214466,-0.0345411
0.41,5,0,0,0,0,0
0.42,0,0,0,0,0,0
0.42,1,-0.8,-0.695321,-0.139056,-3.76998,-0.104679
0.42,2,1.2,1.26569,-0.12367,-1.72343,-0.0656922
0.42,3,0,0,0,0,0
0.42,4,-0.4,-0.366685,-0.121481,-0.205779,-0.033315
0.42,5,0,0,0,0,0
0.43,0,0,0,0,0,0
0.43,1,-0.8,-0.696705,-0.137542,-3.71918,-0.103295
0.43,2,1.2,1.26447,-0.120094,-1.69403,-0.0644741
0.43,3,0,0,0,0,0
0.43,4,-0.4,-0.367881,-0.117869,-0.198017,-0.032119
0.43,5,0,0,0,0,0
0.44,0,0,0,0,0,0
0.44,1,-0.8,-0.698064,-0.134436,-3.67411,-0.101936
0.44,2,1.2,1.2633,-0.115289,-1.66838,-0.0632986
0.44,3,0,0,0,0,0
0.44,4,-0.4,-0.369034,-0.113062,-0.191195,-0.0309658
0.44,5,0,0,0,0,0
0.45,0,0,0,0,0,0
0.45,1,-0.8,-0.699385,-0.129918,-3.63485,-0.100615
0.45,2,1.2,1.26218,-0.109432,-1.64645,-0.0621772
0.45,3,0,0,0,0,0
0.45,4,-0.4,-0.370134,-0.107234,-0.185315,-0.0298665
0.45,5,0,0,0,0,0
0.46,0,0,0,0,0,0
0.46,1,-0.8,-0.700654,-0.124166,-3.60136,-0.0993465
0.46,2,1.2,1.26112,-0.102697,-1.62818,-0.0611192
0.46,3,0,0,0,0,0
0.46,4,-0.4,-0.37117,-0.100554,-0.180365,-0.0288303
0.46,5,0,0,0,0,0
0.47,0,0,0,0,0,0
0.47,1,-0.8,-0.701859,-0.11736,-3.57358,-0.0981415
0.47,2,1.2,1.26013,-0.0952533,-1.61347,-0.0601327
0.47,3,0,0,0,0,0
0.47,4,-0.4,-0.372135,-0.0931865,-0.176325,-0.0278647
0.47,5,0,0,0,0,0
0.48,0,0,0,0,0,0
0.48,1,-0.8,-0.702991,-0.109677,-3.55135,-0.0970095
0.48,2,1.2,1.25922,-0.0872628,-1.60219,-0.0592237
0.48,3,0,0,0,0,0
0.48,4,-0.4,-0.373024,-0.0852915,-0.173162,-0.0269759
0.48,5,0,0,0,0,0
0.49,0,0,0,0,0,0
0.49,1,-0.8,-0.704042,-0.101288,-3.53447,-0.0959583
0.49,2,1.2,1.2584,-0.078879,-1.59415,-0.0583969
0.49,3,0,0,0,0,0
0.49,4,-0.4,-0.373832,-0.0770186,-0.170837,-0.0261683
0.49,5,0,0,0,0,0
0.5,0,0.000499996,0,0,0.0199998,0.000499996
0.5,1,-0.799958,-0.705006,-0.0923593,-3.52102,-0.0949525
0.5,2,1.19992,1.25766,-0.0702455,-1.59167,-0.0577388
0.5,3,0.000208334,0,0,0.00208334,0.000208334
0.5,4,-0.399958,-0.374555,-0.068509,-0.16897,-0.0254031
0.5,5,-3.02592e-09,0,0,-1.51296e-08,-3.02592e-09
0.51,0,0.00549995,1.58817e-05,0.00391004,0.207633,0.00548407
0.51,1,-0.799542,-0.705867,-0.0803661,-3.5059,-0.0936749
0.51,2,1.19908,1.25698,-0.0668279,-1.60318,-0.0578945
0.51,3,0.00229168,5.10267e-05,0.0119924,0.015211,0.00224065
0.51,4,-0.399542,-0.375174,-0.0556849,-0.167096,-0.0243673
0.51,5,-3.32851e-08,-3.85883e-05,-0.00854747,0.00275702,3.8555e-05
0.52,0,0.0104999,0.000105991,0.0140339,0.373655,0.0103939
0.52,1,-0.799125,-0.706593,-0.0661242,-3.50291,-0.0925321
0.52,2,1.19825,1.25631,-0.0673242,-1.60709,-0.058058
0.52,3,0.00437502,0.000296693,0.0358968,0.0192451,0.00407832
0.52,4,-0.399125,-0.375648,-0.040466,-0.167586,-0.0234774
0.52,5,-6.35443e-08,-0.0001876,-0.0196713,0.00683909,0.000187536
0.53,0,0.0154999,0.000326711,0.0293644,0.518833,0.0151732
0.53,1,-0.798708,-0.707174,-0.0516201,-3.5065,-0.0915341
0.53,2,1.19742,1.25563,-0.0681891,-1.61001,-0.058213
0.53,3,0.00645836,0.000808504,0.0639667,0.0181185,0.00564986
0.53,4,-0.398708,-0.375971,-0.0259688,-0.16891,-0.0227369
0.53,5,-9.38035e-08,-0.000424908,-0.0262189,0.00998974,0.000424814
0.54,0,0.0204998,0.000725467,0.0490759,0.643747,0.0197744
0.54,1,-0.798292,-0.707612,-0.0375571,-3.51449,-0.0906791
0.54,2,1.19658,1.25495,-0.0684448,-1.61398,-0.0583624
0.54,3,0.0085417,0.00160574,0.0925084,0.0138546,0.00693596
0.54,4,-0.398292,-0.376158,-0.0129114,-0.170613,-0.0221336
0.54,5,-1.24063e-07,-0.000697788,-0.0274264,0.0117162,0.000697664
0.55,0,0.0254998,0.00134197,0.0724336,0.749012,0.0241578
0.55,1,-0.797875,-0.707914,-0.0241934,-3.52586,-0.0899609
0.55,2,1.19575,1.25426,-0.0679504,-1.6195,-0.0585134
0.55,3,0.010625,0.00268142,0.119568,0.00769536,0.00794362
0.55,4,-0.397875,-0.376222,-0.00131259,-0.172566,-0.0216527
0.55,5,-1.54322e-07,-0.00095852,-0.0244529,0.0121277,0.000958366
0.56,0,0.0304997,0.00220893,0.0987621,0.835346,0.0282908
0.56,1,-0.797458,-0.708086,-0.0116294,-3.54,-0.0893721
0.56,2,1.19492,1.25359,-0.0668211,-1.62655,-0.058673
0.56,3,0.0127084,0.00401418,0.144049,0.000512329,0.0086942
0.56,4,-0.397458,-0.376178,0.00897354,-0.174731,-0.0212805
0.56,5,-1.84581e-07,-0.0011736,-0.018806,0.0115089,0.00117342
0.57,0,0.0354997,0.00335256,0.127434,0.903584,0.0321471
0.57,1,-0.797041,-0.708137,9.29158e-05,-3.55645,-0.0889043
0.57,2,1.19408,1.25293,-0.0652345,-1.63493,-0.0588465
0.57,3,0.0147917,0.00557462,0.165353,-0.00704094,0.0092171
0.57,4,-0.397042,-0.376037,0.0181022,-0.177089,-0.0210047
0.57,5,-2.1484e-07,-0.00132389,-0.0118246,0.0101658,0.00132368
0.58,0,0.0404997,0.00479305,0.157866,0.954667,0.0357066
0.58,1,-0.796625,-0.708076,0.010955,-3.57482,-0.088549
0.58,2,1.19325,1.25229,-0.0633663,-1.6444,-0.0590376
0.58,3,0.0168751,0.00732925,0.183209,-0.0144673,0.00954582
0.58,4,-0.396625,-0.375811,0.0262023,-0.179616,-0.0208144
0.58,5,-2.45099e-07,-0.00140199,-0.0045434,0.00837175,0.00140175
0.59,0,0.0454996,0.00654501,0.189519,0.989628,0.0389546
0.59,1,-0.796208,-0.707911,0.020949,-3.59475,-0.0882975
0.59,2,1.19242,1.25166,-0.0613707,-1.6547,-0.0592482
0.59,3,0.0189584,0.00924323,0.19758,-0.0213961,0.00971518
0.59,4,-0.396208,-0.375508,0.033375,-0.182287,-0.0207
0.59,5,-2.75359e-07,-0.00140916,0.00230767,0.00635213,0.00140889
0.6,0,0.0504996,0.00861787,0.221896,1.00958,0.0418817
0.6,1,-0.795791,-0.70765,0.0300734,-3.61587,-0.0881412
0.6,2,1.19158,1.25106,-0.0593762,-1.66561,-0.0594788
0.6,3,0.0210418,0.0112823,0.208597,-0.0275636,0.00975946
0.6,4,-0.395792,-0.375139,0.0397004,-0.18507,-0.0206525
0.6,5,-3.05618e-07,-0.00135247,0.00826057,0.00428264,0.00135216
0.61,0,0.0554995,0.0110163,0.254544,1.0157,0.0444832
0.61,1,-0.795375,-0.707303,0.0383314,-3.63785,-0.0880714
0.61,2,1.19075,1.25048,-0.0574852,-1.6769,-0.0597289
0.61,3,0.0231251,0.0134142,0.216509,-0.0327966,0.00971088
0.61,4,-0.395375,-0.374711,0.0452441,-0.187934,-0.020664
0.61,5,-3.35877e-07,-0.00124247,0.0130564,0.00229374,0.00124213
0.62,0,0.0604995,0.0137409,0.287052,1.00919,0.0467586
0.62,1,-0.794958,-0.706879,0.0457307,-3.66037,-0.0880794
0.62,2,1.18992,1.24991,-0.0557768,-1.68836,-0.059997
0.62,3,0.0252084,0.0156097,0.221642,-0.0369978,0.00959875
0.62,4,-0.394958,-0.374232,0.0500613,-0.190845,-0.0207268
0.62,5,-3.66136e-07,-0.0010914,0.0165952,0.000476607,0.00109103
0.63,0,0.0654995,0.0167879,0.319051,0.991308,0.0487115
0.63,1,-0.794541,-0.706385,0.0522832,-3.68312,-0.0881568
0.63,2,1.18908,1.24936,-0.0543091,-1.69981,-0.0602808
0.63,3,0.0272918,0.0178429,0.224367,-0.040132,0.00944885
0.63,4,-0.394542,-0.373708,0.0542007,-0.193773,-0.0208341
0.63,5,-3.96395e-07,-0.00091182,0.0188914,-0.00111031,0.000911423
0.64,0,0.0704994,0.0201507,0.350213,0.963311,0.0503488
0.64,1,-0.794125,-0.70583,0.0580057,-3.70582,-0.088295
0.64,2,1.18825,1.24883,-0.0531219,-1.71109,-0.0605778
0.64,3,0.0293751,0.020092,0.225073,-0.0422126,0.00928313
0.64,4,-0.394125,-0.373146,0.0577064,-0.196687,-0.0209792
0.64,5,-4.26655e-07,-0.000715703,0.0200381,-0.00243503,0.000715277
0.65,0,0.0754994,0.023819,0.380252,0.926458,0.0516803
0.65,1,-0.793708,-0.705222,0.0629198,-3.7282,-0.0884861
0.65,2,1.18742,1.2483,-0.0522397,-1.72207,-0.060885
0.65,3,0.0314585,0.0223388,0.224146,-0.043291,0.00911965
0.65,4,-0.393708,-0.372552,0.0606191,-0.199558,-0.0211561
0.65,5,-4.56914e-07,-0.000513796,0.0201766,-0.00348629,0.000513339
0.66,0,0.0804993,0.0277804,0.40892,0.881996,0.0527189
0.66,1,-0.793291,-0.704569,0.0670518,-3.75003,-0.088722
0.66,2,1.18658,1.24778,-0.0516738,-1.73263,-0.0611993
0.66,3,0.0335418,0.0245691,0.221954,-0.0434453,0.00897269
0.66,4,-0.393292,-0.371933,0.062977,-0.202361,-0.021359
0.66,5,-4.87173e-07,-0.00031527,0.0194744,-0.00426842,0.000314783
0.67,0,0.0854993,0.03202,0.436009,0.831146,0.0534793
0.67,1,-0.792875,-0.70388,0.0704327,-3.7711,-0.088995
0.67,2,1.18575,1.24727,-0.0514248,-1.74268,-0.0615175
0.67,3,0.0356251,0.0267721,0.218837,-0.0427724,0.00885301
0.67,4,-0.392875,-0.371292,0.064817,-0.20507,-0.0215827
0.67,5,-5.17432e-07,-0.000127568,0.0181075,-0.004797,0.00012705
0.68,0,0.0904993,0.036521,0.461346,0.775092,0.0539783
0.68,1,-0.792458,-0.70316,0.0730981,-3.79121,-0.0892979
0.68,2,1.18492,1.24675,-0.0514846,-1.75213,-0.0618365
0.68,3,0.0377085,0.0289404,0.215102,-0.0413799,0.00876812
0.68,4,-0.392458,-0.370636,0.0661745,-0.207664,-0.021822
0.68,5,-5.47691e-07,4.36175e-05,0.0162479,-0.0050952,-4.41652e-05
0.69,0,0.0954992,0.041265,0.484798,0.714974,0.0542342
0.69,1,-0.792041,-0.702418,0.0750876,-3.81021,-0.0896236
0.69,2,1.18408,1.24624,-0.0518384,-1.76092,-0.0621533
0.69,3,0.0397918,0.0310691,0.211013,-0.0393807,0.00872274
0.69,4,-0.392042,-0.369969,0.0670845,-0.210122,-0.0220725
0.69,5,-5.7795e-07,0.000194251,0.0140554,-0.00519078,-0.000194829
0.7,0,0.100499,0.0462327,0.506261,0.651876,0.0542665
0.7,1,-0.791624,-0.701659,0.0764447,-3.82796,-0.0899658
0.7,2,1.18325,1.24572,-0.0524661,-1.76902,-0.062465
0.7,3,0.0418752,0.0331561,0.206798,-0.0368877,0.00871911
0.7,4,-0.391625,-0.369295,0.0675815,-0.212429,-0.0223297
0.7,5,-6.0821e-07,0.000321802,0.0116722,-0.00511372,-0.00032241
0.71,0,0.105499,0.0514038,0.525666,0.586818,0.0540954
0.71,1,-0.791208,-0.70089,0.0772155,-3.84438,-0.0903182
0.71,2,1.18242,1.24519,-0.0533438,-1.77638,-0.062769
0.71,3,0.0439585,0.0352011,0.202642,-0.0340106,0.00875745
0.71,4,-0.391208,-0.368619,0.0677003,-0.214569,-0.0225898
0.71,5,-6.38469e-07,0.000425049,0.00921996,-0.00489443,-0.000425687
0.72,0,0.110499,0.0567573,0.542972,0.520752,0.0537417
0.72,1,-0.790791,-0.700116,0.0774492,-3.85936,-0.0906754
0.72,2,1.18158,1.24465,-0.0544449,-1.783,-0.063063
0.72,3,0.0460419,0.0372055,0.198693,-0.0308528,0.00883631
0.72,4,-0.390792,-0.367943,0.0674754,-0.216531,-0.0228492
0.72,5,-6.68728e-07,0.000503871,0.00679892,-0.00456237,-0.00050454
0.73,0,0.115499,0.0622724,0.558169,0.454559,0.0532267
0.73,1,-0.790374,-0.699342,0.0771962,-3.87288,-0.0910322
0.73,2,1.18075,1.2441,-0.0557414,-1.78887,-0.0633449
0.73,3,0.0481252,0.0391722,0.195066,-0.0275099,0.00895297
0.73,4,-0.390375,-0.367271,0.0669416,-0.218308,-0.0231046
0.73,5,-6.98987e-07,0.000559034,0.00448834,-0.00414516,-0.000559733
0.74,0,0.120499,0.0679278,0.571269,0.389038,0.0525712
0.74,1,-0.789958,-0.698574,0.0765086,-3.88489,-0.091384
0.74,2,1.17992,1.24353,-0.0572044,-1.79398,-0.0636129
0.74,3,0.0502085,0.0411048,0.191843,-0.0240681,0.00910374
0.74,4,-0.389958,-0.366605,0.0661338,-0.219892,-0.0233531
0.74,5,-7.29246e-07,0.000591984,0.00234782,-0.00366791,-0.000592713
0.75,0,0.125499,0.0737029,0.58231,0.324912,0.051796
0.75,1,-0.789541,-0.697814,0.0754387,-3.89539,-0.0917268
0.75,2,1.17908,1.24295,-0.0588048,-1.79836,-0.0638655
0.75,3,0.0522919,0.0430076,0.189078,-0.0206039,0.00928426
0.75,4,-0.389542,-0.36595,0.0650866,-0.221281,-0.0235922
0.75,5,-7.59506e-07,0.000604667,0.000419221,-0.0031529,-0.000605427
0.76,0,0.130499,0.0795774,0.591348,0.262819,0.0509215
0.76,1,-0.789124,-0.697067,0.0740388,-3.9044,-0.0920571
0.76,2,1.17825,1.24235,-0.0605142,-1.80202,-0.0641015
0.76,3,0.0543752,0.0448855,0.186802,-0.0171838,0.00948975
0.76,4,-0.389125,-0.365305,0.0638346,-0.222475,-0.0238197
0.76,5,-7.89765e-07,0.000599359,-0.00127107,-0.00261942,-0.000600149
0.77,0,0.135499,0.0855315,0.598459,0.203318,0.0499674
0.77,1,-0.788708,-0.696336,0.0723602,-3.91195,-0.0923717
0.77,2,1.17742,1.24174,-0.0623048,-1.80499,-0.0643198
0.77,3,0.0564586,0.0467433,0.185028,-0.0138643,0.00971524
0.77,4,-0.388708,-0.364675,0.0624117,-0.223475,-0.0240337
0.77,5,-8.20024e-07,0.000578525,-0.00270974,-0.0020838,-0.000579345
0.78,0,0.140499,0.0915466,0.603735,0.146886,0.0489522
0.78,1,-0.788291,-0.695623,0.0704533,-3.91809,-0.0926683
0.78,2,1.17658,1.2411,-0.0641504,-1.8073,-0.06452
0.78,3,0.0585419,0.0485862,0.18375,-0.0106925,0.00995574
0.78,4,-0.388292,-0.364059,0.0608508,-0.224287,-0.0242326
0.78,5,-8.50283e-07,0.000544705,-0.00389424,-0.0015595,-0.000545555
0.79,0,0.145499,0.0976048,0.60728,0.0939194,0.047894
0.79,1,-0.787874,-0.694929,0.0683663,-3.92289,-0.0929448
0.79,2,1.17575,1.24045,-0.0660261,-1.80899,-0.0647015
0.79,3,0.0606252,0.0504189,0.18295,-0.00770637,0.0102064
0.79,4,-0.387875,-0.36346,0.059184,-0.224915,-0.0244154
0.79,5,-8.80542e-07,0.000500413,-0.0048305,-0.00105732,-0.000501293
0.8,0,0.150499,0.10369,0.60921,0.0447385,0.0468092
0.8,1,-0.787458,-0.694258,0.0661452,-3.92642,-0.0931997
0.8,2,1.17492,1.23978,-0.0679087,-1.81011,-0.0648642
0.8,3,0.0627086,0.0522461,0.182601,-0.00493568,0.0104625
0.8,4,-0.387458,-0.362877,0.0574416,-0.225369,-0.024581
0.8,5,-9.10801e-07,0.000448067,-0.00553094,-0.000585606,-0.000448978
0.81,0,0.155499,0.109785,0.60965,-0.000411063,0.0457135
0.81,1,-0.787041,-0.693609,0.0638334,-3.92877,-0.0934318
0.81,2,1.17408,1.23909,-0.0697769,-1.81069,-0.0650082
0.81,3,0.0647919,0.0540722,0.182667,-0.0024026,0.0107198
0.81,4,-0.387042,-0.362313,0.0556524,-0.225658,-0.024729
0.81,5,-9.41061e-07,0.000389935,-0.00601272,-0.000150566,-0.000390876
0.82,0,0.160499,0.115878,0.608731,-0.041354,0.0446209
0.82,1,-0.786624,-0.692984,0.0614712,-3.93003,-0.0936404
0.82,2,1.17325,1.23838,-0.0716113,-1.81079,-0.0651336
0.82,3,0.0668753,0.055901,0.183109,-0.000122454,0.0109743
0.82,4,-0.386625,-0.361766,0.0538431,-0.225793,-0.0248589
0.82,5,-9.7132e-07,0.000328095,-0.00629612,0.000243505,-0.000329066
0.83,0,0.165499,0.121954,0.606586,-0.0779812,0.0435444
0.83,1,-0.786207,-0.692382,0.0590957,-3.9303,-0.0938254
0.83,2,1.17242,1.23766,-0.0733946,-1.81044,-0.0652409
0.83,3,0.0689586,0.0577361,0.183883,0.0018955,0.0112226
0.83,4,-0.386208,-0.361238,0.0520382,-0.225785,-0.0249707
0.83,5,-1.00158e-06,0.000264408,-0.0064033,0.000593943,-0.00026541
0.84,0,0.170499,0.128003,0.603355,-0.110245,0.0424955
0.84,1,-0.785791,-0.691804,0.0567406,-3.92969,-0.0939867
0.84,2,1.17158,1.23691,-0.0751113,-1.8097,-0.0653308
0.84,3,0.071042,0.0595805,0.184945,0.00364731,0.0114614
0.84,4,-0.385792,-0.360727,0.0502601,-0.225647,-0.0250646
0.84,5,-1.03184e-06,0.000200511,-0.00635727,0.000899466,-0.000201543
0.85,0,0.175499,0.134014,0.599174,-0.138155,0.0414841
0.85,1,-0.785374,-0.691249,0.0544359,-3.92829,-0.0941246
0.85,2,1.17075,1.23615,-0.0767482,-1.80862,-0.065404
0.85,3,0.0731253,0.061437,0.18625,0.00513368,0.0116883
0.85,4,-0.385375,-0.360234,0.0485285,-0.225392,-0.025141
0.85,5,-1.0621e-06,0.00013781,-0.006181,0.00115994,-0.000138872
0.86,0,0.180499,0.139979,0.59418,-0.161771,0.0405192
0.86,1,-0.784957,-0.690717,0.0522081,-3.92622,-0.09424
0.86,2,1.16992,1.23538,-0.0782938,-1.80725,-0.0654612
0.86,3,0.0752086,0.0633076,0.187752,0.00635924,0.0119011
0.86,4,-0.384958,-0.359758,0.0468609,-0.225034,-0.0252004
0.86,5,-1.09236e-06,7.74831e-05,-0.00589681,0.00137617,-7.85754e-05
0.87,0,0.185498,0.14589,0.588508,-0.1812,0.0396081
0.87,1,-0.784541,-0.690207,0.05008,-3.92358,-0.0943336
0.87,2,1.16908,1.23459,-0.0797386,-1.80563,-0.0655036
0.87,3,0.077292,0.0651941,0.189411,0.00733194,0.0120979
0.87,4,-0.384542,-0.359298,0.0452722,-0.224584,-0.0252435
0.87,5,-1.12262e-06,2.04919e-05,-0.00552589,0.00154969,-2.16145e-05
0.88,0,0.190498,0.151742,0.582287,-0.196589,0.0387568
0.88,1,-0.784124,-0.689717,0.0480707,-3.92047,-0.0944065
0.88,2,1.16825,1.23378,-0.0810753,-1.80381,-0.0655321
0.88,3,0.0793753,0.0670979,0.191186,0.0080625,0.0122774
0.88,4,-0.384125,-0.358854,0.0437748,-0.224058,-0.0252713
0.88,5,-1.15287e-06,-3.2406e-05,-0.00508796,0.00168265,3.12531e-05
0.89,0,0.195498,0.157528,0.575641,-0.208119,0.0379701
0.89,1,-0.783707,-0.689247,0.0461961,-3.91699,-0.0944601
0.89,2,1.16742,1.23296,-0.0822979,-1.80184,-0.0655478
0.89,3,0.0814587,0.0690199,0.19304,0.00856386,0.0124388
0.89,4,-0.383709,-0.358424,0.0423789,-0.223466,-0.0252846
0.89,5,-1.18313e-06,-8.06411e-05,-0.00460107,0.00177761,7.94579e-05
0.9,0,0.200498,0.163247,0.56869,-0.216002,0.0372517
0.9,1,-0.783291,-0.688795,0.0444684,-3.91324,-0.0944958
0.9,2,1.16658,1.23214,-0.0834026,-1.79975,-0.065552
0.9,3,0.083542,0.0709607,0.194937,0.00885071,0.0125813
0.9,4,-0.383292,-0.358007,0.0410923,-0.222823,-0.0252846
0.9,5,-1.21339e-06,-0.000123815,-0.00408145,0.00183744,0.000122601
0.91,0,0.205498,0.168894,0.561544,-0.220475,0.0366039
0.91,1,-0.782874,-0.688359,0.0428969,-3.90929,-0.094515
0.91,2,1.16575,1.2313,-0.0843869,-1.7976,-0.0655458
0.91,3,0.0856253,0.0729206,0.196847,0.00893907,0.0127048
0.91,4,-0.382875,-0.357603,0.0399207,-0.222139,-0.0252723
0.91,5,-1.24365e-06,-0.00016168,-0.0035435,0.00186523,0.000160436
0.92,0,0.210498,0.17447,0.554307,-0.221793,0.0360282
0.92,1,-0.782457,-0.687938,0.0414877,-3.90524,-0.0945194
0.92,2,1.16492,1.23045,-0.0852502,-1.79541,-0.0655304
0.92,3,0.0877087,0.0748995,0.198743,0.0088459,0.0128092
0.92,4,-0.382459,-0.35721,0.0388677,-0.221425,-0.0252489
0.92,5,-1.27391e-06,-0.000194125,-0.00299976,0.00186418,0.000192851
0.93,0,0.215498,0.179973,0.547075,-0.220227,0.0355249
0.93,1,-0.782041,-0.68753,0.0402441,-3.90115,-0.0945106
0.93,2,1.16408,1.22959,-0.0859929,-1.79322,-0.065507
0.93,3,0.089792,0.0768972,0.200599,0.00858875,0.0128948
0.93,4,-0.382042,-0.356826,0.0379353,-0.220693,-0.0252157
0.93,5,-1.30417e-06,-0.000221151,-0.002461,0.00183753,0.000219847
0.94,0,0.220498,0.185405,0.539932,-0.216056,0.0350935
0.94,1,-0.781624,-0.687134,0.0391671,-3.89711,-0.0944902
0.94,2,1.16325,1.22873,-0.0866171,-1.79107,-0.0654769
0.94,3,0.0918754,0.0789131,0.202395,0.00818545,0.0129622
0.94,4,-0.381625,-0.356451,0.0371236,-0.219953,-0.0251739
0.94,5,-1.33443e-06,-0.00024286,-0.0019363,0.00178852,0.000241526
0.95,0,0.225498,0.190765,0.532958,-0.209566,0.0347327
0.95,1,-0.781207,-0.686747,0.0382552,-3.89317,-0.0944601
0.95,2,1.16242,1.22786,-0.087126,-1.78898,-0.0654411
0.95,3,0.0939587,0.0809466,0.204112,0.00765389,0.0130121
0.95,4,-0.381209,-0.356084,0.0364313,-0.219212,-0.0251245
0.95,5,-1.36469e-06,-0.000259435,-0.00143313,0.00172029,0.000258071
0.96,0,0.230498,0.196058,0.52622,-0.201045,0.0344404
0.96,1,-0.78079,-0.686369,0.0375049,-3.88938,-0.0944217
0.96,2,1.16158,1.22698,-0.0875237,-1.78698,-0.0654009
0.96,3,0.0960421,0.0829967,0.205736,0.0070117,0.0130453
0.96,4,-0.380792,-0.355723,0.0358557,-0.218479,-0.0250689
0.96,5,-1.39495e-06,-0.000271126,-0.00095752,0.00163591,0.000269731
0.97,0,0.235498,0.201284,0.519777,-0.190779,0.0342138
0.97,1,-0.780374,-0.685997,0.0369108,-3.8858,-0.0943766
0.97,2,1.16075,1.22611,-0.0878155,-1.78509,-0.0653573
0.97,3,0.0981254,0.0850625,0.207254,0.00627613,0.0130629
0.97,4,-0.380375,-0.355367,0.035393,-0.217762,-0.0250082
0.97,5,-1.42521e-06,-0.000278234,-0.000514131,0.00153828,0.000276809
0.98,0,0.240498,0.206448,0.513681,-0.179048,0.0340498
0.98,1,-0.779957,-0.685631,0.0364662,-3.88246,-0.0943265
0.98,2,1.15992,1.22523,-0.0880074,-1.78333,-0.0653114
0.98,3,0.100209,0.0871429,0.208658,0.00546384,0.0130659
0.98,4,-0.379959,-0.355015,0.0350384,-0.217066,-0.0249434
0.98,5,-1.45547e-06,-0.000281103,-0.000106436,0.00143017,0.000279647
0.99,0,0.245498,0.211553,0.507972,-0.166126,0.0339447
0.99,1,-0.77954,-0.685268,0.0361629,-3.8794,-0.0942727
0.99,2,1.15908,1.22435,-0.088106,-1.78171,-0.065264
0.99,3,0.102292,0.0892366,0.20994,0.00459075,0.0130555
0.99,4,-0.379542,-0.354666,0.0347862,-0.216398,-0.0248757
0.99,5,-1.48573e-06,-0.000280102,0.000263174,0.00131413,0.000278616
1,0,0.250498,0.216604,0.502684,-0.152275,0.0338944
1,1,-0.779124,-0.684907,0.0359917,-3.87664,-0.0942166
1,2,1.15825,1.22347,-0.0881186,-1.78025,-0.0652161
1,3,0.104375,0.0913425,0.211096,0.00367194,0.0130329
1,4,-0.379125,-0.354319,0.0346302,-0.215762,-0.0248059
1,5,-1.51599e-06,-0.000275622,0.00059326,0.00119255,0.000274106
1.01,0,0.255498,0.221603,0.497842,-0.137743,0.0338945
1.01,1,-0.778707,-0.684548,0.0359426,-3.8742,-0.0941594
1.01,2,1.15742,1.22259,-0.0880529,-1.77895,-0.0651686
1.01,3,0.106459,0.0934592,0.212124,0.00272155,0.0129996
1.01,4,-0.378709,-0.353973,0.0345635,-0.215163,-0.0247351
1.01,5,-1.54624e-06,-0.000268061,0.000883214,0.00106761,0.000266515
1.02,0,0.260498,0.226557,0.493463,-0.122768,0.0339405
1.02,1,-0.77829,-0.684188,0.0360048,-3.87211,-0.0941024
1.02,2,1.15658,1.22171,-0.0879169,-1.77783,-0.065122
1.02,3,0.108542,0.0955855,0.213023,0.00175268,0.0129566
1.02,4,-0.378292,-0.353628,0.0345787,-0.214602,-0.0246641
1.02,5,-1.5765e-06,-0.000257822,0.00113314,0.000941284,0.000256245
1.03,0,0.265498,0.23147,0.489559,-0.107566,0.0340277
1.03,1,-0.777874,-0.683827,0.0361674,-3.87037,-0.0940466
1.03,2,1.15575,1.22083,-0.0877187,-1.77688,-0.0650772
1.03,3,0.110625,0.0977201,0.213794,0.00077739,0.0129054
1.03,4,-0.377875,-0.353282,0.0346683,-0.214084,-0.0245937
1.03,5,-1.60676e-06,-0.0002453,0.00134375,0.000815341,0.000243693
1.04,0,0.270498,0.236346,0.486132,-0.0923408,0.0341514
1.04,1,-0.777457,-0.683464,0.0364189,-3.86897,-0.0939929
1.04,2,1.15492,1.21995,-0.0874664,-1.77611,-0.0650347
1.04,3,0.112709,0.0998617,0.214441,-0.000193391,0.0128471
1.04,4,-0.377459,-0.352934,0.0348246,-0.213608,-0.0245245
1.04,5,-1.63702e-06,-0.000230883,0.00151627,0.000691347,0.000229246
1.05,0,0.275498,0.241191,0.48318,-0.0772757,0.0343066
1.05,1,-0.77704,-0.683098,0.0367481,-3.86793,-0.0939421
1.05,2,1.15408,1.21908,-0.0871684,-1.77551,-0.064995
1.05,3,0.114792,0.102009,0.214968,-0.00114985,0.0127831
1.05,4,-0.377042,-0.352585,0.0350398,-0.213178,-0.0244572
1.05,5,-1.66728e-06,-0.000214942,0.00165234,0.000570673,0.000213275
1.06,0,0.280498,0.246009,0.480696,-0.0625361,0.0344888
1.06,1,-0.776623,-0.682728,0.0371435,-3.86723,-0.093895
1.06,2,1.15325,1.21821,-0.0868325,-1.77509,-0.0649584
1.06,3,0.116875,0.104161,0.215379,-0.00208332,0.0127144
1.06,4,-0.376625,-0.352233,0.0353061,-0.212792,-0.0243924
1.06,5,-1.69754e-06,-0.000197833,0.00175393,0.000454497,0.000196135
1.07,0,0.285498,0.250804,0.478667,-0.0482683,0.0346933
1.07,1,-0.776207,-0.682355,0.0375941,-3.86687,-0.0938522
1.07,2,1.15242,1.21734,-0.0864666,-1.77483,-0.0649254
1.07,3,0.118959,0.106317,0.21568,-0.00298622,0.0126422
1.07,4,-0.376209,-0.351878,0.0356159,-0.212452,-0.0243305
1.07,5,-1.7278e-06,-0.000179886,0.00182327,0.000343812,0.000178159
1.08,0,0.290498,0.255582,0.477076,-0.0346001,0.0349157
1.08,1,-0.77579,-0.681976,0.0380891,-3.86683,-0.0938141
1.08,2,1.15158,1.21648,-0.0860782,-1.77473,-0.0648962
1.08,3,0.121042,0.108475,0.215879,-0.0038521,0.0125676
1.08,4,-0.375792,-0.35152,0.0359617,-0.212155,-0.0242718
1.08,5,-1.75806e-06,-0.000161413,0.00186279,0.000239438,0.000159655
1.09,0,0.295498,0.260346,0.475903,-0.0216402,0.0351517
1.09,1,-0.775373,-0.681592,0.0386182,-3.8671,-0.0937812
1.09,2,1.15075,1.21562,-0.0856744,-1.77478,-0.064871
1.09,3,0.123126,0.110634,0.215983,-0.00467555,0.0124915
1.09,4,-0.375375,-0.351158,0.0363363,-0.211903,-0.0242168
1.09,5,-1.78832e-06,-0.000142696,0.00187503,0.000142029,0.000140908
1.1,0,0.300498,0.2651,0.475123,-0.00947925,0.0353973
1.1,1,-0.774957,-0.681203,0.0391716,-3.86766,-0.0937537
1.1,2,1.14992,1.21477,-0.0852617,-1.77497,-0.0648498
1.1,3,0.125209,0.112794,0.216,-0.00545221,0.0124148
1.1,4,-0.374959,-0.350793,0.0367328,-0.211692,-0.0241657
1.1,5,-1.81858e-06,-0.000123995,0.00186264,5.20876e-05,0.000122176
1.11,0,0.305497,0.269849,0.474711,0.00180982,0.0356485
1.11,1,-0.77454,-0.680808,0.0397402,-3.8685,-0.0937319
1.11,2,1.14908,1.21392,-0.0848465,-1.77529,-0.0648328
1.11,3,0.127292,0.114954,0.215938,-0.00617868,0.0123384
1.11,4,-0.374542,-0.350423,0.0371447,-0.211521,-0.0241186
1.11,5,-1.84884e-06,-0.00010554,0.00182828,-3.0028e-05,0.000103691
1.12,0,0.310497,0.274595,0.474637,0.0121711,0.0359021
1.12,1,-0.774123,-0.680408,0.0403153,-3.86958,-0.0937158
1.12,2,1.14825,1.21307,-0.0844343,-1.77573,-0.0648199
1.12,3,0.129376,0.117112,0.215805,-0.00685246,0.0122631
1.12,4,-0.374125,-0.35005,0.0375658,-0.211388,-0.0240757
1.12,5,-1.8791e-06,-8.75378e-05,0.00177461,-0.000104089,8.56587e-05
1.13,0,0.315497,0.279343,0.474873,0.0215648,0.0361546
1.13,1,-0.773707,-0.680001,0.0408892,-3.87088,-0.0937054
1.13,2,1.14742,1.21223,-0.0840302,-1.77627,-0.0648111
1.13,3,0.131459,0.119269,0.21561,-0.00747195,0.0121894
1.13,4,-0.373709,-0.349672,0.0379904,-0.211291,-0.024037
1.13,5,-1.90935e-06,-7.0166e-05,0.00170424,-0.000169988,6.82567e-05
1.14,0,0.320497,0.284094,0.475387,0.0299662,0.0364032
1.14,1,-0.77329,-0.679589,0.0414548,-3.87239,-0.0937007
1.14,2,1.14658,1.21139,-0.0836388,-1.77691,-0.0648063
1.14,3,0.133542,0.121424,0.21536,-0.00803632,0.012118
1.14,4,-0.373292,-0.349289,0.0384133,-0.211227,-0.0240026
1.14,5,-1.93961e-06,-5.35779e-05,0.00161971,-0.000227721,5.16383e-05
1.15,0,0.325497,0.288852,0.476149,0.0373646,0.0366453
1.15,1,-0.772873,-0.679172,0.0420057,-3.87408,-0.0937016
1.15,2,1.14575,1.21056,-0.0832639,-1.77763,-0.0648053
1.15,3,0.135626,0.123576,0.215064,-0.00854548,0.0120493
1.15,4,-0.372875,-0.348903,0.0388296,-0.211194,-0.0239724
1.15,5,-1.96987e-06,-3.79015e-05,0.00152347,-0.000277384,3.59316e-05
1.16,0,0.330497,0.293619,0.477127,0.0437622,0.0368786
1.16,1,-0.772457,-0.678749,0.0425363,-3.87592,-0.0937079
1.16,2,1.14492,1.20973,-0.082909,-1.77842,-0.064808
1.16,3,0.137709,0.125725,0.21473,-0.00899997,0.0119838
1.16,4,-0.372459,-0.348512,0.0392352,-0.211188,-0.0239462
1.16,5,-2.00013e-06,-2.32407e-05,0.00141787,-0.000319157,2.12406e-05
1.17,0,0.335497,0.298396,0.478289,0.0491729,0.037101
1.17,1,-0.77204,-0.67832,0.0430419,-3.8779,-0.0937194
1.17,2,1.14408,1.2089,-0.0825768,-1.77927,-0.0648141
1.17,3,0.139792,0.12787,0.214365,-0.00940096,0.0119218
1.17,4,-0.372042,-0.348118,0.0396262,-0.211206,-0.0239241
1.17,5,-2.03039e-06,-9.67728e-06,0.00130509,-0.000353294,7.64689e-06
1.18,0,0.340497,0.303186,0.479605,0.0536212,0.0373109
1.18,1,-0.771623,-0.677887,0.0435184,-3.87998,-0.0937357
1.18,2,1.14325,1.20807,-0.0822696,-1.78016,-0.0648233
1.18,3,0.141876,0.130012,0.213977,-0.00975012,0.0118636
1.18,4,-0.371625,-0.34772,0.0399992,-0.211246,-0.0239058
1.18,5,-2.06065e-06,2.72874e-06,0.00118722,-0.000380112,-4.7894e-06
1.19,0,0.345497,0.30799,0.481047,0.0571405,0.037507
1.19,1,-0.771206,-0.67745,0.0439624,-3.88216,-0.0937567
1.19,2,1.14242,1.20725,-0.0819891,-1.78109,-0.0648355
1.19,3,0.143959,0.13215,0.213573,-0.0100496,0.0118094
1.19,4,-0.371209,-0.347318,0.0403516,-0.211304,-0.0238911
1.19,5,-2.09091e-06,1.39369e-05,0.00106615,-0.000399984,-1.60278e-05
1.2,0,0.350497,0.312809,0.482584,0.0597725,0.0376881
1.2,1,-0.77079,-0.677008,0.0443713,-3.88439,-0.0937819
1.2,2,1.14158,1.20643,-0.0817364,-1.78204,-0.0648504
1.2,3,0.146042,0.134283,0.213158,-0.0103018,0.0117593
1.2,4,-0.370792,-0.346912,0.040681,-0.211378,-0.0238797
1.2,5,-2.12117e-06,2.39251e-05,0.000943643,-0.000413324,-2.60463e-05
1.21,0,0.355497,0.317644,0.484191,0.0615657,0.0378534
1.21,1,-0.770373,-0.676562,0.0447432,-3.88667,-0.093811
1.21,2,1.14075,1.20562,-0.0815123,-1.783,-0.0648676
1.21,3,0.148126,0.136412,0.212739,-0.0105097,0.0117134
1.21,4,-0.370375,-0.346504,0.0409854,-0.211465,-0.0238716
1.21,5,-2.15143e-06,3.26879e-05,0.000821298,-0.000420586,-3.48393e-05
1.22,0,0.360497,0.322495,0.485841,0.0625739,0.0380024
1.22,1,-0.769956,-0.676113,0.0450768,-3.88897,-0.0938436
1.22,2,1.13992,1.2048,-0.0813171,-1.78397,-0.0648869
1.22,3,0.150209,0.138537,0.212321,-0.0106763,0.0116716
1.22,4,-0.369959,-0.346092,0.0412635,-0.211562,-0.0238663
1.22,5,-2.18169e-06,4.02349e-05,0.000700551,-0.000422248,-4.24166e-05
1.23,0,0.365497,0.327362,0.487512,0.0628556,0.0381348
1.23,1,-0.76954,-0.67566,0.0453713,-3.89129,-0.0938793
1.23,2,1.13908,1.20399,-0.0811507,-1.78494,-0.064908
1.23,3,0.152292,0.140658,0.211909,-0.0108049,0.011634
1.23,4,-0.369542,-0.345678,0.0415142,-0.211667,-0.0238637
1.23,5,-2.21195e-06,4.65893e-05,0.000582677,-0.000418809,-4.88012e-05
1.24,0,0.370497,0.332246,0.489182,0.0624726,0.0382504
1.24,1,-0.769123,-0.675205,0.0456266,-3.89359,-0.0939178
1.24,2,1.13825,1.20318,-0.0810125,-1.78589,-0.0649306
1.24,3,0.154376,0.142775,0.211507,-0.0108989,0.0116005
1.24,4,-0.369125,-0.345262,0.041737,-0.211776,-0.0238634
1.24,5,-2.24221e-06,5.1786e-05,0.000468796,-0.00041078,-5.40282e-05
1.25,0,0.375497,0.337147,0.49083,0.0614891,0.0383495
1.25,1,-0.768706,-0.674748,0.0458431,-3.89587,-0.0939586
1.25,2,1.13742,1.20237,-0.0809018,-1.78683,-0.0649544
1.25,3,0.156459,0.144888,0.211119,-0.0109619,0.0115709
1.25,4,-0.368709,-0.344843,0.0419315,-0.211888,-0.0238652
1.25,5,-2.27246e-06,5.58704e-05,0.000359871,-0.000398676,-5.81429e-05
1.26,0,0.380497,0.342065,0.49244,0.0599704,0.0384323
1.26,1,-0.76829,-0.674288,0.0460215,-3.89812,-0.0940013
1.26,2,1.13658,1.20156,-0.0808174,-1.78774,-0.0649792
1.26,3,0.158542,0.146997,0.210748,-0.0109973,0.0115451
1.26,4,-0.368292,-0.344423,0.042098,-0.212,-0.0238688
1.26,5,-2.30272e-06,5.88967e-05,0.000256719,-0.000383013,-6.11994e-05
1.27,0,0.385497,0.346998,0.493995,0.0579825,0.0384992
1.27,1,-0.767873,-0.673827,0.046163,-3.90032,-0.0940457
1.27,2,1.13575,1.20076,-0.0807582,-1.78862,-0.0650047
1.27,3,0.160626,0.149103,0.210397,-0.0110087,0.0115229
1.27,4,-0.367875,-0.344001,0.0422369,-0.21211,-0.0238739
1.27,5,-2.33298e-06,6.09265e-05,0.000160013,-0.000364301,-6.32594e-05
1.28,0,0.390497,0.351946,0.495483,0.0555909,0.038551
1.28,1,-0.767456,-0.673365,0.0462692,-3.90246,-0.0940912
1.28,2,1.13492,1.19995,-0.0807224,-1.78947,-0.0650307
1.28,3,0.162709,0.151205,0.210069,-0.0109997,0.0115041
1.28,4,-0.367459,-0.343578,0.0423487,-0.212217,-0.0238803
1.28,5,-2.36324e-06,6.20271e-05,7.02875e-05,-0.000343038,-6.43904e-05
1.29,0,0.395497,0.356908,0.496891,0.05286,0.0385883
1.29,1,-0.76704,-0.672902,0.0463419,-3.90453,-0.0941376
1.29,2,1.13408,1.19914,-0.0807085,-1.79029,-0.0650569
1.29,3,0.164792,0.153304,0.209764,-0.0109736,0.0114885
1.29,4,-0.367042,-0.343154,0.0424346,-0.212318,-0.0238876
1.29,5,-2.3935e-06,6.22709e-05,-1.20496e-05,-0.000319707,-6.46644e-05
1.3,0,0.400497,0.361885,0.498209,0.0498525,0.038612
1.3,1,-0.766623,-0.672438,0.0463833,-3.90653,-0.0941846
1.3,2,1.13325,1.19833,-0.0807146,-1.79106,-0.0650831
1.3,3,0.166876,0.1554,0.209485,-0.0109337,0.0114758
1.3,4,-0.366625,-0.34273,0.0424955,-0.212413,-0.0238956
1.3,5,-2.42376e-06,6.17334e-05,-8.6714e-05,-0.000294771,-6.41571e-05
1.31,0,0.405497,0.366874,0.499431,0.0466287,0.0386231
1.31,1,-0.766206,-0.671974,0.0463956,-3.90846,-0.0942319
1.31,2,1.13242,1.19753,-0.0807388,-1.7918,-0.0651091
1.31,3,0.168959,0.157493,0.209233,-0.0108832,0.0114656
1.31,4,-0.366209,-0.342305,0.042533,-0.2125,-0.0239041
1.31,5,-2.45402e-06,6.04922e-05,-0.000153534,-0.000268671,-6.29462e-05
1.32,0,0.410497,0.371874,0.500551,0.0432461,0.0386225
1.32,1,-0.765789,-0.67151,0.0463814,-3.91031,-0.0942791
1.32,2,1.13158,1.19672,-0.0807792,-1.79249,-0.0651349
1.32,3,0.171042,0.159584,0.209007,-0.0108251,0.0114579
1.32,4,-0.365792,-0.341879,0.0425484,-0.212578,-0.0239129
1.32,5,-2.48428e-06,5.86263e-05,-0.000212443,-0.00024182,-6.11106e-05
1.33,0,0.415497,0.376885,0.501564,0.0397587,0.0386113
1.33,1,-0.765373,-0.671047,0.0463431,-3.91207,-0.094326
1.33,2,1.13075,1.19591,-0.0808338,-1.79314,-0.0651601
1.33,3,0.173126,0.161673,0.208809,-0.0107621,0.0114523
1.33,4,-0.365375,-0.341454,0.0425435,-0.212646,-0.0239217
1.33,5,-2.51454e-06,5.62148e-05,-0.00026347,-0.000214606,-5.87293e-05
1.34,0,0.420497,0.381906,0.502468,0.0362171,0.0385905
1.34,1,-0.764956,-0.670584,0.0462833,-3.91375,-0.0943724
1.34,2,1.12992,1.1951,-0.0809005,-1.79374,-0.0651847
1.34,3,0.175209,0.163761,0.208637,-0.0106969,0.0114485
1.34,4,-0.364959,-0.341028,0.0425199,-0.212703,-0.0239304
1.34,5,-2.5448e-06,5.33358e-05,-0.000306732,-0.000187384,-5.58806e-05
1.35,0,0.425496,0.386935,0.503262,0.032668,0.0385613
1.35,1,-0.764539,-0.670121,0.0462049,-3.91534,-0.0944181
1.35,2,1.12908,1.19429,-0.0809776,-1.7943,-0.0652086
1.35,3,0.177292,0.165846,0.208492,-0.0106319,0.0114463
1.35,4,-0.364542,-0.340603,0.0424793,-0.212749,-0.0239387
1.35,5,-2.57506e-06,5.00661e-05,-0.000342423,-0.000160479,-5.26411e-05
1.36,0,0.430496,0.391972,0.503946,0.029154,0.0385248
1.36,1,-0.764123,-0.66966,0.0461104,-3.91685,-0.094463
1.36,2,1.12825,1.19348,-0.0810629,-1.79483,-0.0652317
1.36,3,0.179376,0.16793,0.208372,-0.0105691,0.0114454
1.36,4,-0.364125,-0.340179,0.0424237,-0.212784,-0.0239465
1.36,5,-2.60532e-06,4.64798e-05,-0.000370808,-0.000134183,-4.90851e-05
1.37,0,0.435496,0.397014,0.504523,0.0257133,0.0384821
1.37,1,-0.763706,-0.669199,0.0460024,-3.91828,-0.0945068
1.37,2,1.12742,1.19267,-0.0811549,-1.79531,-0.0652539
1.37,3,0.181459,0.170013,0.208277,-0.0105106,0.0114456
1.37,4,-0.363709,-0.339755,0.0423548,-0.212807,-0.0239538
1.37,5,-2.63558e-06,4.26484e-05,-0.000392211,-0.000108757,-4.5284e-05
1.38,0,0.440496,0.402062,0.504995,0.02238,0.0384341
1.38,1,-0.763289,-0.66874,0.0458835,-3.91963,-0.0945495
1.38,2,1.12658,1.19186,-0.0812515,-1.79575,-0.0652752
1.38,3,0.183542,0.172096,0.208206,-0.0104581,0.0114466
1.38,4,-0.363292,-0.339332,0.0422745,-0.212819,-0.0239602
1.38,5,-2.66583e-06,3.86396e-05,-0.000407007,-8.44253e-05,-4.13055e-05
1.39,0,0.445496,0.407114,0.505365,0.0191838,0.038382
1.39,1,-0.762873,-0.668282,0.0457561,-3.92091,-0.0945909
1.39,2,1.12575,1.19105,-0.0813514,-1.79616,-0.0652954
1.39,3,0.185626,0.174178,0.208157,-0.0104129,0.0114481
1.39,4,-0.362875,-0.33891,0.0421845,-0.212819,-0.0239658
1.39,5,-2.69609e-06,3.45173e-05,-0.000415614,-6.13827e-05,-3.72134e-05
1.4,0,0.450496,0.41217,0.50564,0.0161501,0.0383267
1.4,1,-0.762456,-0.667825,0.0456227,-3.92211,-0.0946311
1.4,2,1.12492,1.19023,-0.0814528,-1.79653,-0.0653147
1.4,3,0.187709,0.176259,0.208129,-0.0103764,0.0114501
1.4,4,-0.362459,-0.338488,0.0420867,-0.212807,-0.0239705
1.4,5,-2.72635e-06,3.03408e-05,-0.000418487,-3.97898e-05,-3.30672e-05
1.41,0,0.455496,0.417227,0.505823,0.0133001,0.0382692
1.41,1,-0.762039,-0.667369,0.0454853,-3.92325,-0.0946699
1.41,2,1.12408,1.18942,-0.0815544,-1.79688,-0.0653329
1.41,3,0.189792,0.17834,0.208119,-0.0103496,0.0114522
1.41,4,-0.362042,-0.338068,0.0419827,-0.212784,-0.0239741
1.41,5,-2.75661e-06,2.61649e-05,-0.000416103,-1.97767e-05,-2.89215e-05
1.42,0,0.460496,0.422286,0.505921,0.0106511,0.0382103
1.42,1,-0.761623,-0.666915,0.045346,-3.92433,-0.0947073
1.42,2,1.12325,1.1886,-0.081655,-1.79719,-0.0653501
1.42,3,0.191876,0.180421,0.208128,-0.0103334,0.0114543
1.42,4,-0.361625,-0.337649,0.041874,-0.21275,-0.0239767
1.42,5,-2.78687e-06,2.20395e-05,-0.000408962,-1.44298e-06,-2.48263e-05
1.43,0,0.465496,0.427345,0.50594,0.00821638,0.0381509
1.43,1,-0.761206,-0.666463,0.0452067,-3.92535,-0.0947433
1.43,2,1.12242,1.18778,-0.0817533,-1.79748,-0.0653664
1.43,3,0.193959,0.182503,0.208151,-0.0103282,0.0114563
1.43,4,-0.361209,-0.337231,0.0417623,-0.212706,-0.0239781
1.43,5,-2.81713e-06,1.80092e-05,-0.000397573,1.51403e-05,-2.08263e-05
1.44,0,0.470496,0.432404,0.505888,0.00600538,0.0380917
1.44,1,-0.760789,-0.666011,0.0450691,-3.92632,-0.0947779
1.44,2,1.12158,1.18697,-0.0818483,-1.79775,-0.0653816
1.44,3,0.196042,0.184585,0.208189,-0.0103346,0.0114579
1.44,4,-0.360792,-0.336814,0.0416489,-0.212652,-0.0239785
1.44,5,-2.84739e-06,1.41138e-05,-0.00038245,2.99293e-05,-1.69611e-05
1.45,0,0.475496,0.437463,0.50577,0.00402424,0.0380334
1.45,1,-0.760372,-0.665561,0.0449348,-3.92725,-0.0948111
1.45,2,1.12075,1.18615,-0.0819392,-1.798,-0.065396
1.45,3,0.198126,0.186667,0.208239,-0.0103527,0.0114591
1.45,4,-0.360375,-0.336398,0.0415352,-0.212589,-0.0239777
1.45,5,-2.87765e-06,1.03877e-05,-0.000364106,4.29052e-05,-1.32653e-05
1.46,0,0.480496,0.442519,0.505595,0.00227578,0.0379766
1.46,1,-0.759956,-0.665113,0.0448051,-3.92814,-0.0948431
1.46,2,1.11992,1.18533,-0.0820252,-1.79823,-0.0654094
1.46,3,0.200209,0.188749,0.2083,-0.0103828,0.0114597
1.46,4,-0.359959,-0.335983,0.0414224,-0.212517,-0.0239757
1.46,5,-2.90791e-06,6.86043e-06,-0.000343047,5.40724e-05,-9.76834e-06
1.47,0,0.485496,0.447574,0.50537,0.000759829,0.0379218
1.47,1,-0.759539,-0.664665,0.0446812,-3.92899,-0.0948737
1.47,2,1.11908,1.18451,-0.0821057,-1.79845,-0.065422
1.47,3,0.202292,0.190833,0.208369,-0.0104246,0.0114597
1.47,4,-0.359542,-0.335569,0.0413115,-0.212437,-0.0239727
1.47,5,-2.93817e-06,3.55638e-06,-0.000319764,6.34565e-05,-6.49455e-06
1.48,0,0.490496,0.452626,0.505102,-0.000526488,0.0378695
1.48,1,-0.759122,-0.664219,0.0445641,-3.92982,-0.0949032
1.48,2,1.11825,1.18368,-0.0821802,-1.79866,-0.0654339
1.48,3,0.204376,0.192917,0.208445,-0.0104779,0.0114589
1.48,4,-0.359125,-0.335157,0.0412035,-0.21235,-0.0239685
1.48,5,-2.96843e-06,4.95154e-07,-0.000294734,7.11023e-05,-3.46358e-06
1.49,0,0.495496,0.457676,0.504797,-0.0015885,0.0378201
1.49,1,-0.758706,-0.663774,0.0444546,-3.93063,-0.0949315
1.49,2,1.11742,1.18286,-0.0822483,-1.79885,-0.065445
1.49,3,0.206459,0.195002,0.208527,-0.0105426,0.0114574
1.49,4,-0.358709,-0.334745,0.0410993,-0.212256,-0.0239633
1.49,5,-2.99869e-06,-2.30829e-06,-0.00026841,7.70709e-05,-6.90397e-07
1.5,0,0.500496,0.462722,0.504463,-0.00243369,0.0377739
1.5,1,-0.758289,-0.66333,0.0443533,-3.93141,-0.0949588
1.5,2,1.11658,1.18204,-0.0823098,-1.79905,-0.0654555
1.5,3,0.208543,0.197088,0.208613,-0.010618,0.011455
1.5,4,-0.358292,-0.334335,0.0409997,-0.212157,-0.0239571
1.5,5,-3.02894e-06,-4.84339e-06,-0.00024122,8.14383e-05,1.81444e-06
1.51,0,0.505496,0.467765,0.504106,-0.00307142,0.0377311
1.51,1,-0.757872,-0.662887,0.0442608,-3.93219,-0.0949852
1.51,2,1.11575,1.18122,-0.0823645,-1.79923,-0.0654654
1.51,3,0.210626,0.199174,0.208701,-0.0107037,0.0114517
1.51,4,-0.357875,-0.333926,0.0409051,-0.212052,-0.0239499
1.51,5,-3.0592e-06,-7.10372e-06,-0.000213567,8.42928e-05,4.04452e-06
1.52,0,0.510496,0.472804,0.503732,-0.00351267,0.0376921
1.52,1,-0.757456,-0.662445,0.0441773,-3.93296,-0.0950106
1.52,2,1.11492,1.18039,-0.0824124,-1.79942,-0.0654749
1.52,3,0.212709,0.201262,0.208791,-0.0107991,0.0114475
1.52,4,-0.357459,-0.333517,0.0408162,-0.211943,-0.0239418
1.52,5,-3.08946e-06,-9.08672e-06,-0.000185821,8.57327e-05,5.99726e-06
1.53,0,0.515496,0.477839,0.503348,-0.00376972,0.0376568
1.53,1,-0.757039,-0.662004,0.0441031,-3.93372,-0.0950353
1.53,2,1.11408,1.17957,-0.0824534,-1.79961,-0.0654838
1.53,3,0.214793,0.20335,0.20888,-0.0109035,0.0114425
1.53,4,-0.357042,-0.333109,0.0407333,-0.211829,-0.0239329
1.53,5,-3.11972e-06,-1.07934e-05,-0.000158322,8.58646e-05,7.67363e-06
1.54,0,0.520496,0.48287,0.502958,-0.00385593,0.0376255
1.54,1,-0.756622,-0.661563,0.0440383,-3.93448,-0.0950592
1.54,2,1.11325,1.17874,-0.0824878,-1.7998,-0.0654924
1.54,3,0.216876,0.205439,0.208969,-0.0110161,0.0114365
1.54,4,-0.356625,-0.332702,0.0406567,-0.211713,-0.0239231
1.54,5,-3.14998e-06,-1.22278e-05,-0.000131374,8.48011e-05,9.0778e-06
1.55,0,0.525496,0.487898,0.502568,-0.00378549,0.037598
1.55,1,-0.756206,-0.661123,0.0439826,-3.93525,-0.0950826
1.55,2,1.11242,1.17792,-0.0825156,-1.79999,-0.0655007
1.55,3,0.218959,0.20753,0.209055,-0.0111363,0.0114297
1.55,4,-0.356209,-0.332296,0.0405867,-0.211594,-0.0239126
1.55,5,-3.18024e-06,-1.33971e-05,-0.00010525,8.26591e-05,1.02168e-05
1.56,0,0.530496,0.492921,0.502183,-0.00357315,0.0375744
1.56,1,-0.755789,-0.660683,0.0439361,-3.93603,-0.0951055
1.56,2,1.11158,1.17709,-0.0825373,-1.80019,-0.0655087
1.56,3,0.221043,0.209621,0.209139,-0.0112632,0.011422
1.56,4,-0.355792,-0.331891,0.0405232,-0.211473,-0.0239015
1.56,5,-3.2105e-06,-1.43107e-05,-8.01876e-05,7.95575e-05,1.11003e-05
1.57,0,0.535496,0.497941,0.501806,-0.003234,0.0375546
1.57,1,-0.755372,-0.660244,0.0438984,-3.93681,-0.0951279
1.57,2,1.11075,1.17627,-0.082553,-1.80039,-0.0655166
1.57,3,0.223126,0.211712,0.209219,-0.0113961,0.0114135
1.57,4,-0.355375,-0.331486,0.0404665,-0.211351,-0.0238897
1.57,5,-3.24076e-06,-1.49806e-05,-5.63907e-05,7.56165e-05,1.17399e-05
1.58,0,0.540496,0.502957,0.501441,-0.00278329,0.0375385
1.58,1,-0.754955,-0.659805,0.0438691,-3.93761,-0.0951501
1.58,2,1.10992,1.17544,-0.0825631,-1.8006,-0.0655243
1.58,3,0.225209,0.213805,0.209295,-0.0115342,0.0114043
1.58,4,-0.354959,-0.331081,0.0404163,-0.211228,-0.0238774
1.58,5,-3.27102e-06,-1.54203e-05,-3.40294e-05,7.09552e-05,1.21493e-05
1.59,0,0.545495,0.507969,0.501092,-0.00223622,0.037526
1.59,1,-0.754539,-0.659367,0.0438479,-3.93842,-0.0951719
1.59,2,1.10908,1.17462,-0.082568,-1.80082,-0.065532
1.59,3,0.227293,0.215898,0.209365,-0.0116766,0.0113943
1.59,4,-0.354542,-0.330677,0.0403726,-0.211104,-0.0238647
1.59,5,-3.30128e-06,-1.56449e-05,-1.32416e-05,6.56906e-05,1.23436e-05
1.6,0,0.550495,0.512979,0.500761,-0.00160775,0.0375169
1.6,1,-0.754122,-0.658928,0.0438342,-3.93925,-0.0951936
1.6,2,1.10825,1.17379,-0.0825682,-1.80105,-0.0655396
1.6,3,0.229376,0.217992,0.209431,-0.0118226,0.0113836
1.6,4,-0.354125,-0.330274,0.0403352,-0.21098,-0.0238515
1.6,5,-3.33154e-06,-1.56708e-05,5.86638e-06,5.99365e-05,1.23393e-05
1.61,0,0.555495,0.517984,0.50045,-0.000912488,0.0375109
1.61,1,-0.753705,-0.65849,0.0438275,-3.94009,-0.0952152
1.61,2,1.10742,1.17297,-0.082564,-1.80129,-0.0655473
1.61,3,0.231459,0.220087,0.209491,-0.0119715,0.0113723
1.61,4,-0.353709,-0.329871,0.0403038,-0.210856,-0.0238381
1.61,5,-3.3618e-06,-1.55152e-05,2.32175e-05,5.3802e-05,1.21534e-05
1.62,0,0.560495,0.522987,0.500162,-0.00016451,0.037508
1.62,1,-0.753289,-0.658052,0.0438272,-3.94095,-0.0952368
1.62,2,1.10658,1.17214,-0.082556,-1.80154,-0.065555
1.62,3,0.233543,0.222182,0.209545,-0.0121225,0.0113604
1.62,4,-0.353292,-0.329468,0.0402781,-0.210733,-0.0238243
1.62,5,-3.39205e-06,-1.51961e-05,3.87631e-05,4.73911e-05,1.1804e-05
1.63,0,0.565495,0.527987,0.499897,0.000622738,0.0375078
1.63,1,-0.752872,-0.657614,0.0438328,-3.94184,-0.0952584
1.63,2,1.10575,1.17131,-0.0825446,-1.8018,-0.0655629
1.63,3,0.235626,0.224278,0.209593,-0.0122751,0.011348
1.63,4,-0.352876,-0.329065,0.0402579,-0.210611,-0.0238103
1.63,5,-3.42231e-06,-1.47315e-05,5.24801e-05,4.08018e-05,1.13092e-05
1.64,0,0.570495,0.532985,0.499657,0.00143654,0.0375102
1.64,1,-0.752455,-0.657175,0.0438436,-3.94274,-0.0952801
1.64,2,1.10492,1.17049,-0.0825302,-1.80206,-0.0655708
1.64,3,0.237709,0.226374,0.209634,-0.0124284,0.0113352
1.64,4,-0.352459,-0.328663,0.0402428,-0.21049,-0.0237961
1.64,5,-3.45257e-06,-1.41398e-05,6.43698e-05,3.41251e-05,1.06872e-05
1.65,0,0.575495,0.53798,0.499442,0.00226501,0.0375148
1.65,1,-0.752039,-0.656737,0.0438589,-3.94365,-0.0953019
1.65,2,1.10408,1.16966,-0.0825134,-1.80234,-0.0655789
1.65,3,0.239793,0.228471,0.20967,-0.012582,0.011322
1.65,4,-0.352042,-0.32826,0.0402324,-0.210371,-0.0237818
1.65,5,-3.48283e-06,-1.34391e-05,7.44549e-05,2.74451e-05,9.95631e-06
1.66,0,0.580495,0.542974,0.499252,0.00309713,0.0375214
1.66,1,-0.751622,-0.656298,0.0438782,-3.94459,-0.0953239
1.66,2,1.10325,1.16884,-0.0824945,-1.80263,-0.0655872
1.66,3,0.241876,0.230567,0.2097,-0.0127352,0.0113085
1.66,4,-0.351626,-0.327858,0.0402262,-0.210253,-0.0237675
1.66,5,-3.51309e-06,-1.26474e-05,8.27778e-05,2.08381e-05,9.1343e-06
1.67,0,0.585495,0.547965,0.499089,0.00392282,0.0375297
1.67,1,-0.751205,-0.655859,0.0439009,-3.94555,-0.0953461
1.67,2,1.10242,1.16801,-0.0824741,-1.80292,-0.0655957
1.67,3,0.243959,0.232665,0.209724,-0.0128877,0.0112947
1.67,4,-0.351209,-0.327456,0.0402239,-0.210136,-0.023753
1.67,5,-3.54335e-06,-1.17818e-05,8.93981e-05,1.43729e-05,8.23847e-06
1.68,0,0.590495,0.552956,0.49895,0.00473297,0.0375396
1.68,1,-0.750789,-0.65542,0.0439262,-3.94652,-0.0953686
1.68,2,1.10158,1.16719,-0.0824524,-1.80323,-0.0656044
1.68,3,0.246043,0.234762,0.209743,-0.0130389,0.0112807
1.68,4,-0.350792,-0.327054,0.040225,-0.210021,-0.0237386
1.68,5,-3.57361e-06,-1.08591e-05,9.43903e-05,8.11022e-06,7.28546e-06
1.69,0,0.595495,0.557944,0.498836,0.00551947,0.0375507
1.69,1,-0.750372,-0.65498,0.0439537,-3.94751,-0.0953913
1.69,2,1.10075,1.16636,-0.0824299,-1.80354,-0.0656133
1.69,3,0.248126,0.236859,0.209756,-0.0131885,0.0112665
1.69,4,-0.350376,-0.326651,0.0402291,-0.209908,-0.0237242
1.69,5,-3.60387e-06,-9.89496e-06,9.78415e-05,2.10299e-06,6.29109e-06
1.7,0,0.600495,0.562932,0.498746,0.00627519,0.0375628
1.7,1,-0.749955,-0.654541,0.0439828,-3.94852,-0.0954143
1.7,2,1.09992,1.16554,-0.082407,-1.80386,-0.0656225
1.7,3,0.250209,0.238957,0.209764,-0.0133361,0.0112523
1.7,4,-0.349959,-0.326249,0.0402359,-0.209797,-0.0237099
1.7,5,-3.63413e-06,-8.90435e-06,9.98493e-05,-3.60368e-06,5.27022e-06
1.71,0,0.605495,0.567919,0.498678,0.00699398,0.0375757
1.71,1,-0.749538,-0.654101,0.044013,-3.94954,-0.0954376
1.71,2,1.09908,1.16472,-0.082384,-1.80419,-0.0656319
1.71,3,0.252293,0.241055,0.209768,-0.0134814,0.0112379
1.71,4,-0.349542,-0.325847,0.0402448,-0.209687,-0.0236956
1.71,5,-3.66439e-06,-7.90111e-06,0.00010052,-8.97227e-06,4.23673e-06
1.72,0,0.610495,0.572906,0.498632,0.00767071,0.0375891
1.72,1,-0.749122,-0.653661,0.0440437,-3.95058,-0.0954612
1.72,2,1.09825,1.16389,-0.0823612,-1.80452,-0.0656415
1.72,3,0.254376,0.243152,0.209767,-0.0136242,0.0112236
1.72,4,-0.349126,-0.325444,0.0402555,-0.20958,-0.0236815
1.72,5,-3.69465e-06,-6.898e-06,9.99648e-05,-1.39726e-05,3.20336e-06
1.73,0,0.615495,0.577892,0.498606,0.00830113,0.0376029
1.73,1,-0.748705,-0.65322,0.0440746,-3.95163,-0.0954851
1.73,2,1.09742,1.16307,-0.0823389,-1.80486,-0.0656513
1.73,3,0.256459,0.24525,0.209762,-0.0137643,0.0112093
1.73,4,-0.348709,-0.325041,0.0402675,-0.209473,-0.0236674
1.73,5,-3.72491e-06,-5.90664e-06,9.83013e-05,-1.85817e-05,2.18173e-06
1.74,0,0.620495,0.582878,0.498598,0.00888197,0.0376169
1.74,1,-0.748288,-0.652779,0.0441051,-3.95269,-0.0955094
1.74,2,1.09658,1.16225,-0.0823173,-1.80521,-0.0656613
1.74,3,0.258543,0.247348,0.209754,-0.0139016,0.0111951
1.74,4,-0.348292,-0.324639,0.0402807,-0.209368,-0.0236535
1.74,5,-3.75516e-06,-4.93745e-06,9.56485e-05,-2.27831e-05,1.18229e-06
1.75,0,0.625495,0.587864,0.498608,0.00941077,0.0376308
1.75,1,-0.747872,-0.652338,0.044135,-3.95376,-0.0955339
1.75,2,1.09575,1.16142,-0.0822967,-1.80556,-0.0656716
1.75,3,0.260626,0.249445,0.209742,-0.0140358,0.0111809
1.75,4,-0.347876,-0.324236,0.0402944,-0.209265,-0.0236397
1.75,5,-3.78542e-06,-3.99967e-06,9.21264e-05,-2.65667e-05,2.14246e-07
1.76,0,0.630495,0.59285,0.498633,0.00988594,0.0376446
1.76,1,-0.747455,-0.651896,0.0441639,-3.95484,-0.0955587
1.76,2,1.09492,1.1606,-0.0822771,-1.80591,-0.0656821
1.76,3,0.262709,0.251542,0.209727,-0.0141671,0.0111669
1.76,4,-0.347459,-0.323833,0.0403086,-0.209163,-0.0236261
1.76,5,-3.81568e-06,-3.10133e-06,8.78547e-05,-2.99282e-05,-7.14353e-07
1.77,0,0.635495,0.597837,0.498671,0.0103066,0.037658
1.77,1,-0.747038,-0.651454,0.0441915,-3.95593,-0.0955838
1.77,2,1.09408,1.15978,-0.0822589,-1.80626,-0.0656927
1.77,3,0.264793,0.25364,0.20971,-0.0142953,0.0111531
1.77,4,-0.347042,-0.32343,0.0403227,-0.209062,-0.0236126
1.77,5,-3.84594e-06,-2.24928e-06,8.29509e-05,-3.28686e-05,-1.59666e-06
1.78,0,0.640495,0.602824,0.498722,0.0106727,0.037671
1.78,1,-0.746622,-0.651012,0.0442176,-3.95702,-0.0956092
1.78,2,1.09325,1.15895,-0.082242,-1.80662,-0.0657036
1.78,3,0.266876,0.255737,0.209691,-0.0144204,0.0111394
1.78,4,-0.346626,-0.323026,0.0403367,-0.208962,-0.0235992
1.78,5,-3.8762e-06,-1.44921e-06,7.75294e-05,-3.53938e-05,-2.42699e-06
1.79,0,0.645495,0.607811,0.498784,0.0109846,0.0376834
1.79,1,-0.746205,-0.65057,0.044242,-3.95812,-0.0956348
1.79,2,1.09242,1.15813,-0.0822267,-1.80698,-0.0657145
1.79,3,0.268959,0.257833,0.20967,-0.0145425,0.011126
1.79,4,-0.346209,-0.322623,0.0403502,-0.208863,-0.023586
1.79,5,-3.90646e-06,-7.05682e-07,7.17006e-05,-3.75141e-05,-3.20078e-06
1.8,0,0.650495,0.612799,0.498854,0.0112436,0.0376951
1.8,1,-0.745788,-0.650128,0.0442645,-3.95922,-0.0956606
1.8,2,1.09158,1.15731,-0.0822129,-1.80734,-0.0657257
1.8,3,0.271043,0.25993,0.209648,-0.0146617,0.0111127
1.8,4,-0.345792,-0.322219,0.0403629,-0.208765,-0.0235729
1.8,5,-3.93672e-06,-2.2191e-08,6.55693e-05,-3.92434e-05,-3.91453e-06
1.81,0,0.655495,0.617788,0.498932,0.0114511,0.0377061
1.81,1,-0.745371,-0.649685,0.0442849,-3.96032,-0.0956867
1.81,2,1.09075,1.15649,-0.0822007,-1.80771,-0.0657369
1.81,3,0.273126,0.262026,0.209625,-0.0147781,0.0110997
1.81,4,-0.345376,-0.321816,0.0403748,-0.208667,-0.02356
1.81,5,-3.96698e-06,5.9879e-07,5.92347e-05,-4.05993e-05,-4.56577e-06
1.82,0,0.660495,0.622778,0.499015,0.0116094,0.0377163
1.82,1,-0.744955,-0.649242,0.0443033,-3.96143,-0.095713
1.82,2,1.08992,1.15567,-0.0821901,-1.80807,-0.0657483
1.82,3,0.275209,0.264123,0.209602,-0.0148916,0.0110869
1.82,4,-0.344959,-0.321412,0.0403856,-0.20857,-0.0235471
1.82,5,-3.99724e-06,1.15574e-06,5.27895e-05,-4.16018e-05,-5.15298e-06
1.83,0,0.665494,0.627769,0.499102,0.0117207,0.0377257
1.83,1,-0.744538,-0.648799,0.0443194,-3.96253,-0.0957394
1.83,2,1.08908,1.15484,-0.0821811,-1.80843,-0.0657598
1.83,3,0.277293,0.266218,0.209578,-0.0150026,0.0110744
1.83,4,-0.344542,-0.321008,0.0403952,-0.208472,-0.0235344
1.83,5,-4.0275e-06,1.64804e-06,4.6319e-05,-4.22734e-05,-5.67554e-06
1.84,0,0.670494,0.63276,0.499192,0.011788,0.0377341
1.84,1,-0.744121,-0.648355,0.0443334,-3.96364,-0.095766
1.84,2,1.08825,1.15402,-0.0821737,-1.80879,-0.0657714
1.84,3,0.279376,0.268314,0.209553,-0.0151111,0.0110621
1.84,4,-0.344126,-0.320604,0.0404035,-0.208375,-0.0235217
1.84,5,-4.05776e-06,2.07586e-06,3.99015e-05,-4.26385e-05,-6.13362e-06
1.85,0,0.675494,0.637753,0.499284,0.0118143,0.0377416
1.85,1,-0.743705,-0.647912,0.0443452,-3.96474,-0.0957927
1.85,2,1.08742,1.1532,-0.0821679,-1.80915,-0.065783
1.85,3,0.281459,0.270409,0.209529,-0.0152174,0.01105
1.85,4,-0.343709,-0.3202,0.0404104,-0.208278,-0.0235091
1.85,5,-4.08802e-06,2.44013e-06,3.36073e-05,-4.27229e-05,-6.52814e-06
1.86,0,0.680494,0.642746,0.499376,0.0118028,0.0377483
1.86,1,-0.743288,-0.647469,0.0443548,-3.96584,-0.0958195
1.86,2,1.08658,1.15238,-0.0821635,-1.80951,-0.0657946
1.86,3,0.283543,0.272505,0.209506,-0.0153214,0.0110382
1.86,4,-0.343292,-0.319796,0.0404158,-0.208181,-0.0234966
1.86,5,-4.11828e-06,2.74243e-06,2.74991e-05,-4.25533e-05,-6.8607e-06
1.87,0,0.685494,0.64774,0.499467,0.0117569,0.037754
1.87,1,-0.742871,-0.647025,0.0443623,-3.96694,-0.0958464
1.87,2,1.08575,1.15156,-0.0821606,-1.80987,-0.0658063
1.87,3,0.285626,0.2746,0.209483,-0.0154235,0.0110266
1.87,4,-0.342876,-0.319392,0.0404197,-0.208083,-0.0234841
1.87,5,-4.14853e-06,2.98493e-06,2.16317e-05,-4.21568e-05,-7.13346e-06
1.88,0,0.690494,0.652736,0.499557,0.0116802,0.0377588
1.88,1,-0.742455,-0.646581,0.0443678,-3.96804,-0.0958733
1.88,2,1.08492,1.15074,-0.082159,-1.81022,-0.0658181
1.88,3,0.28771,0.276694,0.209461,-0.0155238,0.0110153
1.88,4,-0.342459,-0.318987,0.0404221,-0.207984,-0.0234716
1.88,5,-4.17879e-06,3.1703e-06,1.60522e-05,-4.15612e-05,-7.3491e-06
1.89,0,0.695494,0.657732,0.499643,0.0115763,0.0377627
1.89,1,-0.742038,-0.646138,0.0443714,-3.96913,-0.0959004
1.89,2,1.08408,1.14991,-0.0821586,-1.81058,-0.0658298
1.89,3,0.289793,0.278789,0.209439,-0.0156225,0.0110041
1.89,4,-0.342042,-0.318583,0.0404228,-0.207885,-0.0234592
1.89,5,-4.20905e-06,3.30166e-06,1.08e-05,-4.07936e-05,-7.51071e-06
1.9,0,0.700494,0.662728,0.499727,0.0114486,0.0377657
1.9,1,-0.741621,-0.645694,0.0443732,-3.97021,-0.0959274
1.9,2,1.08325,1.14909,-0.0821594,-1.81093,-0.0658415
1.9,3,0.291876,0.280883,0.209419,-0.0157198,0.0109932
1.9,4,-0.341626,-0.318179,0.0404221,-0.207785,-0.0234468
1.9,5,-4.23931e-06,3.38244e-06,5.90728e-06,-3.98809e-05,-7.62175e-06
1.91,0,0.705494,0.667726,0.499806,0.0113008,0.037768
1.91,1,-0.741205,-0.64525,0.0443732,-3.9713,-0.0959544
1.91,2,1.08242,1.14827,-0.0821612,-1.81128,-0.0658533
1.91,3,0.29396,0.282977,0.2094,-0.0158158,0.0109824
1.91,4,-0.341209,-0.317775,0.0404198,-0.207684,-0.0234343
1.91,5,-4.26957e-06,3.41639e-06,1.3989e-06,-3.88495e-05,-7.68596e-06
1.92,0,0.710494,0.672725,0.499881,0.0111361,0.0377695
1.92,1,-0.740788,-0.644806,0.0443717,-3.97237,-0.0959815
1.92,2,1.08158,1.14745,-0.082164,-1.81162,-0.065865
1.92,3,0.296043,0.285071,0.209382,-0.0159107,0.0109719
1.92,4,-0.340792,-0.31737,0.040416,-0.207583,-0.0234218
1.92,5,-4.29983e-06,3.40746e-06,-2.70684e-06,-3.77244e-05,-7.70729e-06
1.93,0,0.715494,0.677724,0.49995,0.0109581,0.0377702
1.93,1,-0.740371,-0.644363,0.0443687,-3.97344,-0.0960085
1.93,2,1.08075,1.14663,-0.0821676,-1.81196,-0.0658766
1.93,3,0.298126,0.287165,0.209366,-0.0160046,0.0109615
1.93,4,-0.340376,-0.316966,0.0404109,-0.20748,-0.0234093
1.93,5,-4.33009e-06,3.35974e-06,-6.39807e-06,-3.65297e-05,-7.68983e-06
1.94,0,0.720494,0.682724,0.500014,0.0107699,0.0377703
1.94,1,-0.739954,-0.643919,0.0443645,-3.97451,-0.0960354
1.94,2,1.07992,1.14581,-0.0821719,-1.8123,-0.0658882
1.94,3,0.30021,0.289258,0.20935,-0.0160978,0.0109512
1.94,4,-0.339959,-0.316562,0.0404043,-0.207376,-0.0233967
1.94,5,-4.36035e-06,3.27743e-06,-9.6688e-06,-3.52882e-05,-7.63777e-06
1.95,0,0.725494,0.687724,0.500073,0.0105745,0.0377698
1.95,1,-0.739538,-0.643475,0.0443591,-3.97557,-0.0960624
1.95,2,1.07908,1.14498,-0.0821768,-1.81264,-0.0658998
1.95,3,0.302293,0.291352,0.209337,-0.0161904,0.0109412
1.95,4,-0.339542,-0.316158,0.0403965,-0.207271,-0.0233841
1.95,5,-4.39061e-06,3.16472e-06,-1.25185e-05,-3.40211e-05,-7.55533e-06
1.96,0,0.730494,0.692725,0.500125,0.0103748,0.0377688
1.96,1,-0.739121,-0.643032,0.0443528,-3.97663,-0.0960892
1.96,2,1.07825,1.14416,-0.0821823,-1.81298,-0.0659114
1.96,3,0.304376,0.293445,0.209324,-0.0162824,0.0109312
1.96,4,-0.339126,-0.315754,0.0403875,-0.207164,-0.0233713
1.96,5,-4.42087e-06,3.02581e-06,-1.49517e-05,-3.27479e-05,-7.44668e-06
1.97,0,0.735494,0.697727,0.500171,0.0101735,0.0377672
1.97,1,-0.738704,-0.642588,0.0443455,-3.97768,-0.096116
1.97,2,1.07742,1.14334,-0.0821881,-1.81331,-0.0659228
1.97,3,0.30646,0.295538,0.209313,-0.0163741,0.0109214
1.97,4,-0.338709,-0.315351,0.0403774,-0.207056,-0.0233585
1.97,5,-4.45113e-06,2.86482e-06,-1.69772e-05,-3.14866e-05,-7.31595e-06
1.98,0,0.740494,0.702729,0.500212,0.00997293,0.0377652
1.98,1,-0.738288,-0.642145,0.0443376,-3.97872,-0.0961427
1.98,2,1.07658,1.14252,-0.0821943,-1.81364,-0.0659342
1.98,3,0.308543,0.297631,0.209303,-0.0164655,0.0109116
1.98,4,-0.338292,-0.314947,0.0403663,-0.206947,-0.0233455
1.98,5,-4.48139e-06,2.68576e-06,-1.8608e-05,-3.02533e-05,-7.16714e-06
1.99,0,0.745494,0.707731,0.500246,0.00977537,0.0377629
1.99,1,-0.737871,-0.641702,0.0443291,-3.97976,-0.0961694
1.99,2,1.07575,1.1417,-0.0822006,-1.81397,-0.0659456
1.99,3,0.310626,0.299724,0.209295,-0.0165567,0.010902
1.99,4,-0.337876,-0.314543,0.0403542,-0.206837,-0.0233325
1.99,5,-4.51164e-06,2.49249e-06,-1.98605e-05,-2.90625e-05,-7.00413e-06
2,0,0.750494,0.712734,0.500275,0.00958279,0.0377602
2,1,-0.737454,-0.641258,0.0443202,-3.9808,-0.0961959
2,2,1.07492,1.14088,-0.0822071,-1.81429,-0.0659569
2,3,0.31271,0.301817,0.209287,-0.0166479,0.0108924
2,4,-0.337459,-0.31414,0.0403413,-0.206725,-0.0233193
2,5,-4.5419e-06,2.28868e-06,-2.07538e-05,-2.79268e-05,-6.83058e-06
2.01,0,0.755494,0.717736,0.500298,0.00939695,0.0377573
2.01,1,-0.737038,-0.640815,0.0443109,-3.98183,-0.0962224
2.01,2,1.07408,1.14005,-0.0822136,-1.81461,-0.0659681
2.01,3,0.314793,0.30391,0.209281,-0.0167392,0.0108829
2.01,4,-0.337042,-0.313736,0.0403277,-0.206611,-0.0233059
2.01,5,-4.57216e-06,2.07782e-06,-2.13099e-05,-2.68569e-05,-6.64998e-06
2.02,0,0.760494,0.72274,0.500316,0.00921939,0.0377542
2.02,1,-0.736621,-0.640372,0.0443015,-3.98285,-0.0962487
2.02,2,1.07325,1.13923,-0.0822201,-1.81494,-0.0659792
2.02,3,0.316876,0.306003,0.209276,-0.0168305,0.0108735
2.02,4,-0.336626,-0.313333,0.0403135,-0.206497,-0.0232925
2.02,5,-4.60242e-06,1.86313e-06,-2.15525e-05,-2.5862e-05,-6.46556e-06
2.03,0,0.765494,0.727743,0.500328,0.00905139,0.0377509
2.03,1,-0.736204,-0.639929,0.044292,-3.98388,-0.096275
2.03,2,1.07242,1.13841,-0.0822265,-1.81526,-0.0659903
2.03,3,0.31896,0.308096,0.209272,-0.0169219,0.0108641
2.03,4,-0.336209,-0.31293,0.0402987,-0.20638,-0.0232789
2.03,5,-4.63268e-06,1.64763e-06,-2.15069e-05,-2.49495e-05,-6.28031e-06
2.04,0,0.770494,0.732746,0.500336,0.00889402,0.0377475
2.04,1,-0.735788,-0.639486,0.0442825,-3.98489,-0.0963012
2.04,2,1.07158,1.13759,-0.0822328,-1.81557,-0.0660013
2.04,3,0.321043,0.310188,0.209268,-0.0170135,0.0108548
2.04,4,-0.335792,-0.312527,0.0402835,-0.206263,-0.0232651
2.04,5,-4.66294e-06,1.43405e-06,-2.11995e-05,-2.41251e-05,-6.09699e-06
2.05,0,0.775494,0.737749,0.500339,0.00874814,0.0377441
2.05,1,-0.735371,-0.639044,0.0442731,-3.98591,-0.0963273
2.05,2,1.07075,1.13676,-0.0822388,-1.81589,-0.0660123
2.05,3,0.323126,0.312281,0.209266,-0.0171054,0.0108454
2.05,4,-0.335376,-0.312124,0.040268,-0.206144,-0.0232512
2.05,5,-4.6932e-06,1.22485e-06,-2.06575e-05,-2.3393e-05,-5.91805e-06
2.06,0,0.780494,0.742753,0.500338,0.00861441,0.0377407
2.06,1,-0.734954,-0.638601,0.0442639,-3.98692,-0.0963533
2.06,2,1.06992,1.13594,-0.0822446,-1.81621,-0.0660232
2.06,3,0.32521,0.314374,0.209264,-0.0171975,0.0108361
2.06,4,-0.334959,-0.311722,0.0402522,-0.206023,-0.0232371
2.06,5,-4.72346e-06,1.02224e-06,-1.99082e-05,-2.2756e-05,-5.7457e-06
2.07,0,0.785493,0.747756,0.500333,0.00849326,0.0377373
2.07,1,-0.734537,-0.638158,0.044255,-3.98793,-0.0963791
2.07,2,1.06908,1.13512,-0.0822501,-1.81652,-0.066034
2.07,3,0.327293,0.316466,0.209264,-0.0172899,0.0108268
2.07,4,-0.334542,-0.311319,0.0402362,-0.205901,-0.0232229
2.07,5,-4.75372e-06,8.2813e-07,-1.89792e-05,-2.22155e-05,-5.58185e-06
2.08,0,0.790493,0.75276,0.500324,0.00838497,0.037734
2.08,1,-0.734121,-0.637716,0.0442464,-3.98894,-0.096405
2.08,2,1.06825,1.1343,-0.0822553,-1.81683,-0.0660448
2.08,3,0.329376,0.318559,0.209263,-0.0173826,0.0108175
2.08,4,-0.334126,-0.310917,0.0402201,-0.205778,-0.0232085
2.08,5,-4.78398e-06,6.44173e-07,-1.78975e-05,-2.17715e-05,-5.42815e-06
2.09,0,0.795493,0.757763,0.500313,0.00828964,0.0377307
2.09,1,-0.733704,-0.637273,0.0442382,-3.98994,-0.0964307
2.09,2,1.06742,1.13347,-0.0822602,-1.81715,-0.0660556
2.09,3,0.33146,0.320651,0.209263,-0.0174756,0.0108082
2.09,4,-0.333709,-0.310515,0.040204,-0.205654,-0.023194
2.09,5,-4.81424e-06,4.71748e-07,-1.66894e-05,-2.14231e-05,-5.28598e-06
2.1,0,0.800493,0.762766,0.500299,0.00820719,0.0377276
2.1,1,-0.733287,-0.636831,0.0442305,-3.99094,-0.0964563
2.1,2,1.06658,1.13265,-0.0822646,-1.81746,-0.0660663
2.1,3,0.333543,0.322744,0.209264,-0.0175688,0.0107989
2.1,4,-0.333292,-0.310113,0.0401879,-0.205528,-0.0231793
2.1,5,-4.8445e-06,3.1198e-07,-1.53806e-05,-2.11682e-05,-5.15648e-06
2.11,0,0.805493,0.767769,0.500283,0.00813744,0.0377247
2.11,1,-0.732871,-0.636389,0.0442232,-3.99195,-0.0964819
2.11,2,1.06575,1.13183,-0.0822687,-1.81777,-0.0660769
2.11,3,0.335626,0.324837,0.209265,-0.0176623,0.0107896
2.11,4,-0.332876,-0.309711,0.040172,-0.205401,-0.0231644
2.11,5,-4.87475e-06,1.65738e-07,-1.39955e-05,-2.10038e-05,-5.04049e-06
2.12,0,0.810493,0.772771,0.500265,0.00808003,0.0377219
2.12,1,-0.732454,-0.635947,0.0442163,-3.99295,-0.0965074
2.12,2,1.06492,1.13101,-0.0822725,-1.81808,-0.0660876
2.12,3,0.33771,0.326929,0.209266,-0.0177561,0.0107803
2.12,4,-0.332459,-0.30931,0.0401561,-0.205273,-0.0231494
2.12,5,-4.90501e-06,3.36583e-08,-1.25573e-05,-2.09262e-05,-4.93867e-06
2.13,0,0.815493,0.777774,0.500246,0.00803453,0.0377193
2.13,1,-0.732037,-0.635504,0.04421,-3.99394,-0.0965328
2.13,2,1.06408,1.13018,-0.0822758,-1.81839,-0.0660981
2.13,3,0.339793,0.329022,0.209267,-0.0178501,0.010771
2.13,4,-0.332042,-0.308908,0.0401405,-0.205144,-0.0231342
2.13,5,-4.93527e-06,-8.38493e-08,-1.10877e-05,-2.09308e-05,-4.85142e-06
2.14,0,0.820493,0.782776,0.500226,0.0080004,0.0377169
2.14,1,-0.731621,-0.635062,0.0442042,-3.99494,-0.0965582
2.14,2,1.06325,1.12936,-0.0822788,-1.8187,-0.0661087
2.14,3,0.341876,0.331115,0.209268,-0.0179443,0.0107617
2.14,4,-0.331626,-0.308507,0.0401251,-0.205013,-0.0231188
2.14,5,-4.96553e-06,-1.86582e-07,-9.60677e-06,-2.10127e-05,-4.77895e-06
2.15,0,0.825493,0.787778,0.500204,0.007977,0.0377147
2.15,1,-0.731204,-0.63462,0.0441989,-3.99594,-0.0965835
2.15,2,1.06242,1.12854,-0.0822814,-1.81901,-0.0661192
2.15,3,0.34396,0.333207,0.20927,-0.0180386,0.0107523
2.15,4,-0.331209,-0.308106,0.0401099,-0.204882,-0.0231033
2.15,5,-4.99579e-06,-2.74532e-07,-8.13309e-06,-2.11664e-05,-4.72126e-06
2.16,0,0.830493,0.79278,0.500183,0.00796364,0.0377128
2.16,1,-0.730787,-0.634178,0.0441941,-3.99693,-0.0966088
2.16,2,1.06158,1.12771,-0.0822836,-1.81932,-0.0661297
2.16,3,0.346043,0.3353,0.209271,-0.0181331,0.010743
2.16,4,-0.330792,-0.307705,0.0400951,-0.204749,-0.0230877
2.16,5,-5.02605e-06,-3.47863e-07,-6.6834e-06,-2.13859e-05,-4.67819e-06
2.17,0,0.835493,0.797782,0.500161,0.00795957,0.037711
2.17,1,-0.730371,-0.633737,0.0441898,-3.99793,-0.096634
2.17,2,1.06075,1.12689,-0.0822855,-1.81963,-0.0661402
2.17,3,0.348126,0.337393,0.209272,-0.0182276,0.0107336
2.17,4,-0.330376,-0.307304,0.0400806,-0.204615,-0.0230719
2.17,5,-5.05631e-06,-4.069e-07,-5.27268e-06,-2.16652e-05,-4.64941e-06
2.18,0,0.840493,0.802784,0.500139,0.007964,0.0377095
2.18,1,-0.729954,-0.633295,0.044186,-3.99893,-0.0966592
2.18,2,1.05992,1.12607,-0.0822871,-1.81994,-0.0661506
2.18,3,0.35021,0.339486,0.209274,-0.0183222,0.0107242
2.18,4,-0.329959,-0.306903,0.0400664,-0.204481,-0.023056
2.18,5,-5.08657e-06,-4.52107e-07,-3.91413e-06,-2.19981e-05,-4.63446e-06
2.19,0,0.845493,0.807785,0.500117,0.0079761,0.0377082
2.19,1,-0.729537,-0.632853,0.0441827,-3.99992,-0.0966844
2.19,2,1.05909,1.12525,-0.0822883,-1.82026,-0.0661611
2.19,3,0.352293,0.341578,0.209275,-0.0184169,0.0107148
2.19,4,-0.329542,-0.306503,0.0400525,-0.204345,-0.0230399
2.19,5,-5.11683e-06,-4.8407e-07,-2.6192e-06,-2.2378e-05,-4.63276e-06
2.2,0,0.850493,0.812786,0.500096,0.00799505,0.0377071
2.2,1,-0.72912,-0.632411,0.0441798,-4.00092,-0.0967095
2.2,2,1.05825,1.12442,-0.0822893,-1.82057,-0.0661715
2.2,3,0.354376,0.343671,0.209276,-0.0185115,0.0107054
2.2,4,-0.329126,-0.306102,0.0400391,-0.204209,-0.0230237
2.2,5,-5.14709e-06,-5.03478e-07,-1.39753e-06,-2.27988e-05,-4.64361e-06
2.21,0,0.855493,0.817787,0.500076,0.00801999,0.0377062
2.21,1,-0.728704,-0.631969,0.0441773,-4.00191,-0.0967346
2.21,2,1.05742,1.1236,-0.0822901,-1.82088,-0.0661819
2.21,3,0.35646,0.345764,0.209276,-0.018606,0.010696
2.21,4,-0.328709,-0.305702,0.040026,-0.204072,-0.0230073
2.21,5,-5.17735e-06,-5.11111e-07,-2.57102e-07,-2.3254e-05,-4.66624e-06
2.22,0,0.860493,0.822787,0.500057,0.00805009,0.0377055
2.22,1,-0.728287,-0.631527,0.0441752,-4.00291,-0.0967596
2.22,2,1.05659,1.12278,-0.0822906,-1.82119,-0.0661924
2.22,3,0.358543,0.347857,0.209276,-0.0187004,0.0106865
2.22,4,-0.328292,-0.305302,0.0400132,-0.203934,-0.0229909
2.22,5,-5.20761e-06,-5.07817e-07,7.9579e-07,-2.37377e-05,-4.69979e-06
2.23,0,0.865493,0.827788,0.500039,0.00808452,0.037705
2.23,1,-0.72787,-0.631086,0.0441735,-4.00391,-0.0967847
2.23,2,1.05575,1.12195,-0.0822908,-1.8215,-0.0662028
2.23,3,0.360626,0.349949,0.209277,-0.0187947,0.0106771
2.23,4,-0.327876,-0.304902,0.0400008,-0.203795,-0.0229743
2.23,5,-5.23787e-06,-4.94498e-07,1.75641e-06,-2.42438e-05,-4.74337e-06
2.24,0,0.870493,0.832788,0.500021,0.00812248,0.0377047
2.24,1,-0.727454,-0.630644,0.0441721,-4.0049,-0.0968097
2.24,2,1.05492,1.12113,-0.082291,-1.82181,-0.0662132
2.24,3,0.36271,0.352042,0.209276,-0.0188888,0.0106677
2.24,4,-0.327459,-0.304502,0.0399888,-0.203655,-0.0229575
2.24,5,-5.26812e-06,-4.72096e-07,2.62152e-06,-2.47666e-05,-4.79603e-06
2.25,0,0.875493,0.837788,0.500006,0.0081632,0.0377045
2.25,1,-0.727037,-0.630202,0.044171,-4.0059,-0.0968347
2.25,2,1.05409,1.12031,-0.0822909,-1.82213,-0.0662236
2.25,3,0.364793,0.354135,0.209276,-0.0189826,0.0106583
2.25,4,-0.327042,-0.304102,0.0399771,-0.203514,-0.0229407
2.25,5,-5.29838e-06,-4.41578e-07,3.38926e-06,-2.53008e-05,-4.85681e-06
2.26,0,0.880493,0.842788,0.499991,0.00820594,0.0377045
2.26,1,-0.72662,-0.629761,0.0441701,-4.0069,-0.0968597
2.26,2,1.05325,1.11949,-0.0822907,-1.82244,-0.066234
2.26,3,0.366876,0.356228,0.209275,-0.0190762,0.0106489
2.26,4,-0.326626,-0.303702,0.0399657,-0.203373,-0.0229237
2.26,5,-5.32864e-06,-4.0392e-07,4.0591e-06,-2.58413e-05,-4.92472e-06
2.27,0,0.885493,0.847788,0.499978,0.00825001,0.0377046
2.27,1,-0.726204,-0.629319,0.0441695,-4.0079,-0.0968847
2.27,2,1.05242,1.11866,-0.0822904,-1.82275,-0.0662444
2.27,3,0.36896,0.35832,0.209274,-0.0191695,0.0106395
2.27,4,-0.326209,-0.303302,0.0399546,-0.203231,-0.0229067
2.27,5,-5.3589e-06,-3.60101e-07,4.63166e-06,-2.63835e-05,-4.9988e-06
2.28,0,0.890493,0.852788,0.499966,0.00829475,0.0377049
2.28,1,-0.725787,-0.628877,0.044169,-4.0089,-0.0969097
2.28,2,1.05159,1.11784,-0.0822901,-1.82307,-0.0662549
2.28,3,0.371043,0.360413,0.209272,-0.0192625,0.0106301
2.28,4,-0.325792,-0.302903,0.0399438,-0.203088,-0.0228895
2.28,5,-5.38916e-06,-3.11083e-07,5.10863e-06,-2.6923e-05,-5.07808e-06
2.29,0,0.895493,0.857787,0.499956,0.00833955,0.0377052
2.29,1,-0.72537,-0.628435,0.0441687,-4.0099,-0.0969347
2.29,2,1.05075,1.11702,-0.0822896,-1.82338,-0.0662653
2.29,3,0.373127,0.362506,0.20927,-0.0193552,0.0106207
2.29,4,-0.325376,-0.302504,0.0399333,-0.202944,-0.0228722
2.29,5,-5.41942e-06,-2.57809e-07,5.49268e-06,-2.74559e-05,-5.16161e-06
2.3,0,0.900493,0.862787,0.499947,0.00838388,0.0377056
2.3,1,-0.724954,-0.627994,0.0441686,-4.0109,-0.0969597
2.3,2,1.04992,1.11619,-0.0822891,-1.82369,-0.0662757
2.3,3,0.37521,0.364599,0.209268,-0.0194474,0.0106114
2.3,4,-0.324959,-0.302104,0.039923,-0.2028,-0.0228548
2.3,5,-5.44968e-06,-2.01189e-07,5.78731e-06,-2.79786e-05,-5.24849e-06
2.31,0,0.905493,0.867786,0.49994,0.00842722,0.0377062
2.31,1,-0.724537,-0.627552,0.0441685,-4.01189,-0.0969847
2.31,2,1.04909,1.11537,-0.0822886,-1.82401,-0.0662861
2.31,3,0.377293,0.366691,0.209266,-0.0195393,0.010602
2.31,4,-0.324542,-0.301705,0.039913,-0.202655,-0.0228374
2.31,5,-5.47994e-06,-1.42096e-07,5.99673e-06,-2.84882e-05,-5.33784e-06
2.32,0,0.910492,0.872786,0.499934,0.00846914,0.0377068
2.32,1,-0.72412,-0.62711,0.0441685,-4.01289,-0.0970097
2.32,2,1.04825,1.11455,-0.0822881,-1.82432,-0.0662966
2.32,3,0.379377,0.368784,0.209263,-0.0196308,0.0105927
2.32,4,-0.324126,-0.301306,0.0399031,-0.20251,-0.0228198
2.32,5,-5.5102e-06,-8.1355e-08,6.12577e-06,-2.89819e-05,-5.42884e-06
2.33,0,0.915492,0.877785,0.499929,0.00850925,0.0377074
2.33,1,-0.723703,-0.626669,0.0441685,-4.01389,-0.0970347
2.33,2,1.04742,1.11373,-0.0822876,-1.82464,-0.066307
2.33,3,0.38146,0.370876,0.209261,-0.0197218,0.0105834
2.33,4,-0.323709,-0.300907,0.0398935,-0.202363,-0.0228021
2.33,5,-5.54046e-06,-1.97407e-08,6.17977e-06,-2.94575e-05,-5.52072e-06
2.34,0,0.920492,0.882784,0.499926,0.00854722,0.0377081
2.34,1,-0.723287,-0.626227,0.0441685,-4.01489,-0.0970597
2.34,2,1.04659,1.1129,-0.0822872,-1.82495,-0.0663175
2.34,3,0.383543,0.372969,0.209257,-0.0198124,0.0105742
2.34,4,-0.323292,-0.300508,0.039884,-0.202216,-0.0227843
2.34,5,-5.57072e-06,4.20276e-08,6.16446e-06,-2.99131e-05,-5.61274e-06
2.35,0,0.925492,0.887784,0.499923,0.00858275,0.0377088
2.35,1,-0.72287,-0.625785,0.0441686,-4.01589,-0.0970847
2.35,2,1.04575,1.11208,-0.0822867,-1.82526,-0.0663279
2.35,3,0.385627,0.375062,0.209254,-0.0199025,0.010565
2.35,4,-0.322876,-0.300109,0.0398746,-0.202069,-0.0227664
2.35,5,-5.60098e-06,1.0329e-07,6.08586e-06,-3.03471e-05,-5.70426e-06
2.36,0,0.930492,0.892783,0.499922,0.00861563,0.0377096
2.36,1,-0.722453,-0.625344,0.0441686,-4.01689,-0.0971097
2.36,2,1.04492,1.11126,-0.0822863,-1.82558,-0.0663384
2.36,3,0.38771,0.377154,0.20925,-0.0199922,0.0105558
2.36,4,-0.322459,-0.299711,0.0398654,-0.20192,-0.0227485
2.36,5,-5.63123e-06,1.63446e-07,5.95018e-06,-3.07585e-05,-5.79468e-06
2.37,0,0.935492,0.897782,0.499922,0.00864567,0.0377103
2.37,1,-0.722037,-0.624902,0.0441685,-4.01789,-0.0971347
2.37,2,1.04409,1.11043,-0.082286,-1.82589,-0.0663489
2.37,3,0.389793,0.379247,0.209247,-0.0200814,0.0105467
2.37,4,-0.322043,-0.299312,0.0398562,-0.201771,-0.0227304
2.37,5,-5.66149e-06,2.21962e-07,5.76374e-06,-3.11464e-05,-5.88346e-06
2.38,0,0.940492,0.902781,0.499923,0.00867275,0.037711
2.38,1,-0.72162,-0.62446,0.0441684,-4.01889,-0.0971597
2.38,2,1.04325,1.10961,-0.0822858,-1.82621,-0.0663593
2.38,3,0.391877,0.381339,0.209243,-0.02017,0.0105376
2.38,4,-0.321626,-0.298914,0.0398471,-0.201622,-0.0227123
2.38,5,-5.69175e-06,2.78364e-07,5.53291e-06,-3.15105e-05,-5.97012e-06
2.39,0,0.945492,0.90778,0.499924,0.00869677,0.0377117
2.39,1,-0.721203,-0.624019,0.0441682,-4.01989,-0.0971847
2.39,2,1.04242,1.10879,-0.0822856,-1.82652,-0.0663698
2.39,3,0.39396,0.383431,0.209239,-0.0202583,0.0105285
2.39,4,-0.321209,-0.298515,0.0398381,-0.201471,-0.022694
2.39,5,-5.72201e-06,3.32243e-07,5.26397e-06,-3.18505e-05,-6.05425e-06
2.4,0,0.950492,0.91278,0.499927,0.0087177,0.0377125
2.4,1,-0.720787,-0.623577,0.0441679,-4.02089,-0.0972096
2.4,2,1.04159,1.10797,-0.0822855,-1.82684,-0.0663803
2.4,3,0.396043,0.385524,0.209235,-0.020346,0.0105195
2.4,4,-0.320793,-0.298117,0.0398291,-0.20132,-0.0226757
2.4,5,-5.75227e-06,3.83251e-07,4.96312e-06,-3.21665e-05,-6.13552e-06
2.41,0,0.955492,0.917779,0.49993,0.00873552,0.0377131
2.41,1,-0.72037,-0.623135,0.0441676,-4.02189,-0.0972346
2.41,2,1.04075,1.10714,-0.0822855,-1.82715,-0.0663907
2.41,3,0.398127,0.387616,0.20923,-0.0204332,0.0105105
2.41,4,-0.320376,-0.297719,0.0398201,-0.201168,-0.0226573
2.41,5,-5.78253e-06,4.31104e-07,4.63635e-06,-3.24591e-05,-6.21363e-06
2.42,0,0.960492,0.922778,0.499933,0.00875028,0.0377138
2.42,1,-0.719953,-0.622694,0.0441671,-4.02289,-0.0972596
2.42,2,1.03992,1.10632,-0.0822855,-1.82746,-0.0664012
2.42,3,0.40021,0.389708,0.209226,-0.0205199,0.0105016
2.42,4,-0.319959,-0.29732,0.0398111,-0.201016,-0.0226387
2.42,5,-5.81279e-06,4.75574e-07,4.28943e-06,-3.27286e-05,-6.28836e-06
2.43,0,0.965492,0.927778,0.499938,0.00876202,0.0377144
2.43,1,-0.719536,-0.622252,0.0441665,-4.02388,-0.0972846
2.43,2,1.03909,1.1055,-0.0822857,-1.82778,-0.0664117
2.43,3,0.402293,0.391801,0.209221,-0.0206062,0.0104927
2.43,4,-0.319543,-0.296922,0.0398021,-0.200862,-0.0226201
2.43,5,-5.84305e-06,5.1649e-07,3.92786e-06,-3.2976e-05,-6.35954e-06
2.44,0,0.970492,0.932777,0.499942,0.00877086,0.0377149
2.44,1,-0.71912,-0.62181,0.0441658,-4.02488,-0.0973096
2.44,2,1.03825,1.10467,-0.0822859,-1.82809,-0.0664221
2.44,3,0.404377,0.393893,0.209217,-0.020692,0.0104838
2.44,4,-0.319126,-0.296524,0.0397931,-0.200708,-0.0226015
2.44,5,-5.87331e-06,5.53733e-07,3.55681e-06,-3.32022e-05,-6.42704e-06
2.45,0,0.975492,0.937776,0.499947,0.00877689,0.0377154
2.45,1,-0.718703,-0.621369,0.0441649,-4.02588,-0.0973345
2.45,2,1.03742,1.10385,-0.0822862,-1.82841,-0.0664326
2.45,3,0.40646,0.395985,0.209212,-0.0207773,0.010475
2.45,4,-0.318709,-0.296127,0.039784,-0.200553,-0.0225827
2.45,5,-5.90357e-06,5.87237e-07,3.18111e-06,-3.34084e-05,-6.4908e-06
2.46,0,0.980492,0.942776,0.499952,0.00878027,0.0377159
2.46,1,-0.718286,-0.620927,0.044164,-4.02687,-0.0973595
2.46,2,1.03659,1.10303,-0.0822866,-1.82872,-0.066443
2.46,3,0.408543,0.398077,0.209208,-0.0208621,0.0104663
2.46,4,-0.318293,-0.295729,0.0397749,-0.200398,-0.0225638
2.46,5,-5.93383e-06,6.16979e-07,2.80521e-06,-3.35956e-05,-6.55081e-06
2.47,0,0.985492,0.947776,0.499957,0.00878114,0.0377163
2.47,1,-0.71787,-0.620485,0.0441629,-4.02786,-0.0973844
2.47,2,1.03575,1.10221,-0.0822871,-1.82903,-0.0664535
2.47,3,0.410627,0.400169,0.209203,-0.0209465,0.0104575
2.47,4,-0.317876,-0.295331,0.0397657,-0.200242,-0.0225448
2.47,5,-5.96409e-06,6.4298e-07,2.43318e-06,-3.37653e-05,-6.60707e-06
2.48,0,0.990492,0.952775,0.499962,0.00877969,0.0377167
2.48,1,-0.717453,-0.620044,0.0441617,-4.02886,-0.0974093
2.48,2,1.03492,1.10138,-0.0822877,-1.82934,-0.066464
2.48,3,0.41271,0.402261,0.209199,-0.0210304,0.0104489
2.48,4,-0.317459,-0.294933,0.0397565,-0.200084,-0.0225258
2.48,5,-5.99434e-06,6.653e-07,2.06868e-06,-3.39188e-05,-6.65964e-06
2.49,0,0.995492,0.957775,0.499968,0.00877609,0.037717
2.49,1,-0.717036,-0.619602,0.0441605,-4.02985,-0.0974342
2.49,2,1.03409,1.10056,-0.0822883,-1.82966,-0.0664744
2.49,3,0.414793,0.404353,0.209194,-0.0211139,0.0104403
2.49,4,-0.317043,-0.294536,0.0397471,-0.199927,-0.0225066
2.49,5,-6.0246e-06,6.84031e-07,1.71494e-06,-3.40577e-05,-6.70863e-06
2.5,0,1.00049,0.962774,0.499973,0.00877053,0.0377172
2.5,1,-0.71662,-0.61916,0.0441591,-4.03084,-0.0974592
2.5,2,1.03325,1.09974,-0.082289,-1.82997,-0.0664848
2.5,3,0.416877,0.406445,0.20919,-0.021197,0.0104317
2.5,4,-0.316626,-0.294139,0.0397378,-0.199768,-0.0224874
2.5,5,-6.05486e-06,6.99297e-07,1.37483e-06,-3.41833e-05,-6.75416e-06
2.51,0,1.00549,0.967774,0.499978,0.00876322,0.0377174
2.51,1,-0.716203,-0.618719,0.0441576,-4.03183,-0.097484
2.51,2,1.03242,1.09891,-0.0822897,-1.83028,-0.0664953
2.51,3,0.41896,0.408537,0.209185,-0.0212796,0.0104232
2.51,4,-0.316209,-0.293741,0.0397283,-0.199609,-0.0224681
2.51,5,-6.08512e-06,7.11249e-07,1.05076e-06,-3.42971e-05,-6.79637e-06
2.52,0,1.01049,0.972774,0.499983,0.00875435,0.0377176
2.52,1,-0.715786,-0.618277,0.044156,-4.03282,-0.0975089
2.52,2,1.03159,1.09809,-0.0822905,-1.83059,-0.0665057
2.52,3,0.421043,0.410629,0.209181,-0.0213618,0.0104147
2.52,4,-0.315793,-0.293344,0.0397187,-0.199448,-0.0224486
2.52,5,-6.11538e-06,7.20058e-07,7.44776e-07,-3.44006e-05,-6.83544e-06
2.53,0,1.01549,0.977774,0.499988,0.00874413,0.0377177
2.53,1,-0.71537,-0.617836,0.0441543,-4.03381,-0.0975338
2.53,2,1.03075,1.09727,-0.0822914,-1.8309,-0.0665161
2.53,3,0.423127,0.41272,0.209176,-0.0214436,0.0104062
2.53,4,-0.315376,-0.292947,0.0397091,-0.199287,-0.0224291
2.53,5,-6.14564e-06,7.25915e-07,4.58522e-07,-3.44953e-05,-6.87156e-06
2.54,0,1.02049,0.982774,0.499992,0.00873276,0.0377177
2.54,1,-0.714953,-0.617394,0.0441526,-4.0348,-0.0975586
2.54,2,1.02992,1.09645,-0.0822923,-1.83121,-0.0665265
2.54,3,0.42521,0.414812,0.209172,-0.021525,0.0103978
2.54,4,-0.314959,-0.29255,0.0396994,-0.199125,-0.0224095
2.54,5,-6.1759e-06,7.29023e-07,1.93275e-07,-3.45826e-05,-6.90492e-06
2.55,0,1.02549,0.987774,0.499997,0.00872042,0.0377178
2.55,1,-0.714536,-0.616953,0.0441508,-4.03579,-0.0975834
2.55,2,1.02909,1.09562,-0.0822932,-1.83152,-0.0665369
2.55,3,0.427293,0.416904,0.209168,-0.021606,0.0103895
2.55,4,-0.314543,-0.292153,0.0396896,-0.198963,-0.0223897
2.55,5,-6.20616e-06,7.29599e-07,-5.00418e-08,-3.46638e-05,-6.93576e-06
2.56,0,1.03049,0.992774,0.500001,0.00870731,0.0377177
2.56,1,-0.714119,-0.616511,0.0441489,-4.03678,-0.0976082
2.56,2,1.02825,1.0948,-0.0822942,-1.83183,-0.0665473
2.56,3,0.429377,0.418996,0.209164,-0.0216866,0.0103812
2.56,4,-0.314126,-0.291756,0.0396797,-0.198799,-0.0223699
2.56,5,-6.23642e-06,7.27866e-07,-2.70837e-07,-3.47402e-05,-6.96428e-06
2.57,0,1.03549,0.997774,0.500004,0.00869361,0.0377177
2.57,1,-0.713703,-0.61607,0.0441469,-4.03776,-0.097633
2.57,2,1.02742,1.09398,-0.0822952,-1.83214,-0.0665577
2.57,3,0.43146,0.421087,0.20916,-0.0217669,0.0103729
2.57,4,-0.313709,-0.291359,0.0396697,-0.198635,-0.02235
2.57,5,-6.26668e-06,7.2405e-07,-4.68831e-07,-3.4813e-05,-6.99073e-06
2.58,0,1.04049,1.00277,0.500008,0.0086795,0.0377176
2.58,1,-0.713286,-0.615628,0.0441449,-4.03875,-0.0976578
2.58,2,1.02659,1.09315,-0.0822962,-1.83245,-0.066568
2.58,3,0.433543,0.423179,0.209156,-0.0218468,0.0103647
2.58,4,-0.313293,-0.290963,0.0396597,-0.19847,-0.02233
2.58,5,-6.29694e-06,7.18379e-07,-6.44027e-07,-3.48834e-05,-7.01532e-06
2.59,0,1.04549,1.00777,0.500011,0.00866513,0.0377174
2.59,1,-0.712869,-0.615187,0.0441429,-4.03973,-0.0976825
2.59,2,1.02575,1.09233,-0.0822972,-1.83276,-0.0665784
2.59,3,0.435627,0.42527,0.209152,-0.0219263,0.0103565
2.59,4,-0.312876,-0.290566,0.0396495,-0.198304,-0.0223099
2.59,5,-6.3272e-06,7.11081e-07,-7.96691e-07,-3.49524e-05,-7.03828e-06
2.6,0,1.05049,1.01277,0.500013,0.00865066,0.0377173
2.6,1,-0.712453,-0.614745,0.0441409,-4.04071,-0.0977073
2.6,2,1.02492,1.09151,-0.0822983,-1.83307,-0.0665887
2.6,3,0.43771,0.427362,0.209148,-0.0220055,0.0103483
2.6,4,-0.312459,-0.29017,0.0396393,-0.198137,-0.0222896
2.6,5,-6.35745e-06,7.02377e-07,-9.27323e-07,-3.5021e-05,-7.05983e-06
2.61,0,1.05549,1.01777,0.500016,0.00863623,0.0377171
2.61,1,-0.712036,-0.614304,0.0441388,-4.04169,-0.097732
2.61,2,1.02409,1.09068,-0.0822993,-1.83337,-0.0665991
2.61,3,0.439793,0.429453,0.209144,-0.0220843,0.0103402
2.61,4,-0.312043,-0.289773,0.0396291,-0.197969,-0.0222693
2.61,5,-6.38771e-06,6.92486e-07,-1.03663e-06,-3.509e-05,-7.0802e-06
2.62,0,1.06049,1.02277,0.500018,0.00862196,0.0377169
2.62,1,-0.711619,-0.613863,0.0441367,-4.04268,-0.0977566
2.62,2,1.02325,1.08986,-0.0823003,-1.83368,-0.0666094
2.62,3,0.441877,0.431545,0.20914,-0.0221627,0.0103321
2.62,4,-0.311626,-0.289377,0.0396188,-0.197801,-0.0222489
2.62,5,-6.41797e-06,6.81614e-07,-1.1255e-06,-3.51603e-05,-7.09959e-06
2.63,0,1.06549,1.02777,0.500019,0.00860797,0.0377166
2.63,1,-0.711203,-0.613421,0.0441345,-4.04366,-0.0977813
2.63,2,1.02242,1.08904,-0.0823014,-1.83399,-0.0666197
2.63,3,0.44396,0.433636,0.209136,-0.0222409,0.0103241
2.63,4,-0.311209,-0.288981,0.0396084,-0.197631,-0.0222284
2.63,5,-6.44823e-06,6.69961e-07,-1.19498e-06,-3.52325e-05,-7.11819e-06
2.64,0,1.07049,1.03277,0.500021,0.00859435,0.0377164
2.64,1,-0.710786,-0.61298,0.0441324,-4.04464,-0.0978059
2.64,2,1.02159,1.08822,-0.0823024,-1.8343,-0.06663
2.64,3,0.446043,0.435727,0.209133,-0.0223187,0.0103161
2.64,4,-0.310793,-0.288585,0.039598,-0.197461,-0.0222077
2.64,5,-6.47849e-06,6.57715e-07,-1.24624e-06,-3.53072e-05,-7.13621e-06
2.65,0,1.07549,1.03777,0.500022,0.00858121,0.0377161
2.65,1,-0.710369,-0.612539,0.0441303,-4.04561,-0.0978306
2.65,2,1.02075,1.08739,-0.0823034,-1.8346,-0.0666403
2.65,3,0.448127,0.437819,0.209129,-0.0223961,0.0103081
2.65,4,-0.310376,-0.288189,0.0395875,-0.19729,-0.022187
2.65,5,-6.50875e-06,6.45051e-07,-1.28057e-06,-3.53848e-05,-7.1538e-06
2.66,0,1.08049,1.04278,0.500022,0.00856861,0.0377159
2.66,1,-0.709953,-0.612097,0.0441282,-4.04659,-0.0978552
2.66,2,1.01992,1.08657,-0.0823045,-1.83491,-0.0666506
2.66,3,0.45021,0.43991,0.209125,-0.0224733,0.0103002
2.66,4,-0.309959,-0.287793,0.039577,-0.197118,-0.0221661
2.66,5,-6.53901e-06,6.32129e-07,-1.29931e-06,-3.54659e-05,-7.17114e-06
2.67,0,1.08549,1.04778,0.500023,0.00855662,0.0377156
2.67,1,-0.709536,-0.611656,0.0441261,-4.04757,-0.0978797
2.67,2,1.01909,1.08575,-0.0823055,-1.83521,-0.0666609
2.67,3,0.452294,0.442001,0.209122,-0.0225501,0.0102923
2.67,4,-0.309543,-0.287397,0.0395664,-0.196945,-0.0221452
2.67,5,-6.56927e-06,6.191e-07,-1.3039e-06,-3.55507e-05,-7.18837e-06
2.68,0,1.09049,1.05278,0.500023,0.00854528,0.0377153
2.68,1,-0.709119,-0.611215,0.044124,-4.04854,-0.0979043
2.68,2,1.01825,1.08492,-0.0823065,-1.83552,-0.0666711
2.68,3,0.454377,0.444092,0.209118,-0.0226266,0.0102844
2.68,4,-0.309126,-0.287002,0.0395558,-0.196771,-0.0221241
2.68,5,-6.59953e-06,6.06096e-07,-1.29578e-06,-3.56394e-05,-7.20562e-06
2.69,0,1.09549,1.05778,0.500023,0.00853465,0.0377151
2.69,1,-0.708702,-0.610774,0.0441219,-4.04952,-0.0979288
2.69,2,1.01742,1.0841,-0.0823074,-1.83583,-0.0666814
2.69,3,0.45646,0.446184,0.209115,-0.0227027,0.0102766
2.69,4,-0.308709,-0.286606,0.0395452,-0.196596,-0.022103
2.69,5,-6.62979e-06,5.93236e-07,-1.27643e-06,-3.57322e-05,-7.22302e-06
2.7,0,1.10049,1.06278,0.500023,0.00852473,0.0377148
2.7,1,-0.708286,-0.610332,0.0441198,-4.05049,-0.0979533
2.7,2,1.01659,1.08328,-0.0823084,-1.83613,-0.0666916
2.7,3,0.458544,0.448275,0.209112,-0.0227786,0.0102688
2.7,4,-0.308293,-0.286211,0.0395346,-0.196421,-0.0220817
2.7,5,-6.66005e-06,5.80624e-07,-1.24732e-06,-3.58292e-05,-7.24067e-06
2.71,0,1.10549,1.06778,0.500022,0.00851556,0.0377145
2.71,1,-0.707869,-0.609891,0.0441178,-4.05147,-0.0979778
2.71,2,1.01575,1.08245,-0.0823093,-1.83644,-0.0667019
2.71,3,0.460627,0.450366,0.209108,-0.0228541,0.0102611
2.71,4,-0.307876,-0.285816,0.039524,-0.196245,-0.0220603
2.71,5,-6.69031e-06,5.6835e-07,-1.20991e-06,-3.59303e-05,-7.25866e-06
2.72,0,1.11049,1.07278,0.500021,0.00850713,0.0377143
2.72,1,-0.707452,-0.60945,0.0441157,-4.05244,-0.0980023
2.72,2,1.01492,1.08163,-0.0823102,-1.83674,-0.0667121
2.72,3,0.46271,0.452457,0.209105,-0.0229293,0.0102534
2.72,4,-0.307459,-0.28542,0.0395133,-0.196067,-0.0220388
2.72,5,-6.72057e-06,5.5649e-07,-1.16561e-06,-3.60356e-05,-7.27706e-06
2.73,0,1.11549,1.07778,0.500021,0.00849945,0.037714
2.73,1,-0.707036,-0.609009,0.0441137,-4.05341,-0.0980268
2.73,2,1.01409,1.08081,-0.0823111,-1.83705,-0.0667223
2.73,3,0.464794,0.454548,0.209101,-0.0230042,0.0102457
2.73,4,-0.307043,-0.285025,0.0395027,-0.195889,-0.0220173
2.73,5,-6.75082e-06,5.45104e-07,-1.11579e-06,-3.61449e-05,-7.29593e-06
2.74,0,1.12049,1.08278,0.50002,0.00849251,0.0377138
2.74,1,-0.706619,-0.608568,0.0441118,-4.05438,-0.0980512
2.74,2,1.01325,1.07998,-0.0823119,-1.83735,-0.0667325
2.74,3,0.466877,0.456639,0.209098,-0.0230787,0.010238
2.74,4,-0.306626,-0.28463,0.0394921,-0.195711,-0.0219956
2.74,5,-6.78108e-06,5.3424e-07,-1.06179e-06,-3.62581e-05,-7.31532e-06
2.75,0,1.12549,1.08778,0.500019,0.00848629,0.0377136
2.75,1,-0.706202,-0.608127,0.0441098,-4.05535,-0.0980756
2.75,2,1.01242,1.07916,-0.0823128,-1.83766,-0.0667427
2.75,3,0.46896,0.45873,0.209095,-0.023153,0.0102304
2.75,4,-0.306209,-0.284236,0.0394814,-0.195531,-0.0219738
2.75,5,-6.81134e-06,5.23933e-07,-1.00484e-06,-3.63749e-05,-7.33528e-06
2.76,0,1.13049,1.09278,0.500018,0.00848076,0.0377133
2.76,1,-0.705786,-0.607686,0.0441079,-4.05632,-0.0981
2.76,2,1.01159,1.07834,-0.0823136,-1.83796,-0.0667529
2.76,3,0.471044,0.460821,0.209092,-0.0232269,0.0102228
2.76,4,-0.305793,-0.283841,0.0394708,-0.19535,-0.0219519
2.76,5,-6.8416e-06,5.14207e-07,-9.46125e-07,-3.64952e-05,-7.35581e-06
2.77,0,1.13549,1.09778,0.500016,0.0084759,0.0377131
2.77,1,-0.705369,-0.607245,0.044106,-4.05729,-0.0981244
2.77,2,1.01075,1.07752,-0.0823144,-1.83826,-0.0667631
2.77,3,0.473127,0.462912,0.209088,-0.0233004,0.0102152
2.77,4,-0.305376,-0.283446,0.0394601,-0.195169,-0.0219298
2.77,5,-6.87186e-06,5.05072e-07,-8.86732e-07,-3.66186e-05,-7.37693e-06
2.78,0,1.14049,1.10278,0.500015,0.00847167,0.0377129
2.78,1,-0.704952,-0.606803,0.0441042,-4.05826,-0.0981487
2.78,2,1.00992,1.07669,-0.0823152,-1.83857,-0.0667732
2.78,3,0.47521,0.465003,0.209085,-0.0233737,0.0102077
2.78,4,-0.304959,-0.283052,0.0394495,-0.194987,-0.0219077
2.78,5,-6.90212e-06,4.9653e-07,-8.27664e-07,-3.6745e-05,-7.39865e-06
2.79,0,1.14549,1.10778,0.500014,0.00846803,0.0377127
2.79,1,-0.704536,-0.606362,0.0441024,-4.05923,-0.0981731
2.79,2,1.00909,1.07587,-0.082316,-1.83887,-0.0667834
2.79,3,0.477294,0.467093,0.209082,-0.0234466,0.0102002
2.79,4,-0.304543,-0.282657,0.0394389,-0.194803,-0.0218855
2.79,5,-6.93238e-06,4.88573e-07,-7.69836e-07,-3.68738e-05,-7.42095e-06
2.8,0,1.15049,1.11278,0.500013,0.00846494,0.0377126
2.8,1,-0.704119,-0.605921,0.0441006,-4.0602,-0.0981974
2.8,2,1.00825,1.07505,-0.0823167,-1.83917,-0.0667936
2.8,3,0.479377,0.469184,0.209078,-0.0235192,0.0101928
2.8,4,-0.304126,-0.282263,0.0394283,-0.19462,-0.0218632
2.8,5,-6.96264e-06,4.81184e-07,-7.14066e-07,-3.70049e-05,-7.44382e-06
2.81,0,1.15549,1.11778,0.500011,0.00846235,0.0377124
2.81,1,-0.703702,-0.60548,0.0440988,-4.06116,-0.0982217
2.81,2,1.00742,1.07422,-0.0823174,-1.83948,-0.0668037
2.81,3,0.48146,0.471275,0.209075,-0.0235914,0.0101854
2.81,4,-0.303709,-0.281869,0.0394178,-0.194435,-0.0218407
2.81,5,-6.9929e-06,4.74337e-07,-6.61077e-07,-3.71379e-05,-7.46723e-06
2.82,0,1.16049,1.12278,0.50001,0.00846022,0.0377123
2.82,1,-0.703285,-0.605039,0.044097,-4.06213,-0.098246
2.82,2,1.00659,1.0734,-0.0823181,-1.83978,-0.0668139
2.82,3,0.483544,0.473366,0.209072,-0.0236633,0.010178
2.82,4,-0.303293,-0.281475,0.0394072,-0.194249,-0.0218182
2.82,5,-7.02316e-06,4.68002e-07,-6.115e-07,-3.72723e-05,-7.49116e-06
2.83,0,1.16549,1.12778,0.500009,0.0084585,0.0377121
2.83,1,-0.702869,-0.604599,0.0440953,-4.0631,-0.0982702
2.83,2,1.00575,1.07258,-0.0823188,-1.84008,-0.066824
2.83,3,0.485627,0.475456,0.209068,-0.0237349,0.0101706
2.83,4,-0.302876,-0.281081,0.0393967,-0.194063,-0.0217955
2.83,5,-7.05342e-06,4.62141e-07,-5.65871e-07,-3.7408e-05,-7.51556e-06
2.84,0,1.17049,1.13278,0.500008,0.00845714,0.037712
2.84,1,-0.702452,-0.604158,0.0440936,-4.06406,-0.0982945
2.84,2,1.00492,1.07175,-0.0823195,-1.84039,-0.0668341
2.84,3,0.48771,0.477547,0.209065,-0.0238061,0.0101633
2.84,4,-0.302459,-0.280687,0.0393862,-0.193875,-0.0217728
2.84,5,-7.08368e-06,4.56713e-07,-5.24634e-07,-3.75446e-05,-7.54039e-06
2.85,0,1.17549,1.13778,0.500007,0.00845609,0.0377119
2.85,1,-0.702035,-0.603717,0.0440919,-4.06503,-0.0983187
2.85,2,1.00409,1.07093,-0.0823202,-1.84069,-0.0668443
2.85,3,0.489794,0.479638,0.209062,-0.023877,0.010156
2.85,4,-0.302043,-0.280293,0.0393757,-0.193687,-0.0217499
2.85,5,-7.11393e-06,4.51672e-07,-4.88145e-07,-3.76816e-05,-7.56561e-06
2.86,0,1.18049,1.14278,0.500005,0.00845531,0.0377118
2.86,1,-0.701619,-0.603276,0.0440902,-4.06599,-0.0983429
2.86,2,1.00325,1.07011,-0.0823208,-1.84099,-0.0668544
2.86,3,0.491877,0.481728,0.209058,-0.0239476,0.0101487
2.86,4,-0.301626,-0.279899,0.0393653,-0.193498,-0.021727
2.86,5,-7.14419e-06,4.46967e-07,-4.56676e-07,-3.78188e-05,-7.59116e-06
2.87,0,1.18549,1.14778,0.500004,0.00845474,0.0377117
2.87,1,-0.701202,-0.602835,0.0440886,-4.06695,-0.0983671
2.87,2,1.00242,1.06928,-0.0823215,-1.84129,-0.0668645
2.87,3,0.49396,0.483819,0.209055,-0.0240177,0.0101415
2.87,4,-0.301209,-0.279506,0.0393549,-0.193309,-0.0217039
2.87,5,-7.17445e-06,4.42549e-07,-4.30419e-07,-3.79559e-05,-7.617e-06
2.88,0,1.19049,1.15278,0.500003,0.00845435,0.0377116
2.88,1,-0.700785,-0.602394,0.0440869,-4.06791,-0.0983913
2.88,2,1.00159,1.06846,-0.0823221,-1.84159,-0.0668746
2.88,3,0.496044,0.485909,0.209051,-0.0240876,0.0101343
2.88,4,-0.300793,-0.279112,0.0393445,-0.193118,-0.0216807
2.88,5,-7.20471e-06,4.38365e-07,-4.09488e-07,-3.80925e-05,-7.64308e-06
2.89,0,1.19549,1.15778,0.500003,0.00845409,0.0377115
2.89,1,-0.700369,-0.601953,0.0440853,-4.06888,-0.0984155
2.89,2,1.00075,1.06764,-0.0823228,-1.8419,-0.0668847
2.89,3,0.498127,0.488,0.209048,-0.0241571,0.0101272
2.89,4,-0.300376,-0.278719,0.0393341,-0.192927,-0.0216575
2.89,5,-7.23497e-06,4.3436e-07,-3.9393e-07,-3.82285e-05,-7.66933e-06
2.9,0,1.19999,1.16278,0.500002,-0.0115459,0.0372115
2.9,1,-0.699994,-0.601512,0.0440837,-4.0715,-0.0984813
2.9,2,1,1.06681,-0.0823234,-1.8397,-0.0668115
2.9,3,0.500002,0.49009,0.209045,-0.0263095,0.00991172
2.9,4,-0.300001,-0.278325,0.0393237,-0.193068,-0.0216757
2.9,5,-7.2622e-06,4.30481e-07,-3.83726e-07,-3.83483e-05,-7.69269e-06
2.91,0,1.19999,1.16776,0.496549,-0.200629,0.0322254
2.91,1,-0.699994,-0.601085,0.0410875,-4.07962,-0.098909
2.91,2,1,1.06601,-0.0769295,-1.8265,-0.0660119
2.91,3,0.500002,0.492133,0.197759,-0.0399609,0.00786946
2.91,4,-0.300001,-0.277935,0.0388892,-0.195975,-0.0220663
2.91,5,-7.2622e-06,3.89828e-05,0.00848847,-0.00277777,-4.6245e-05
2.92,0,1.19999,1.17268,0.48742,-0.370026,0.0273058
2.92,1,-0.699994,-0.600701,0.0359622,-4.07958,-0.0992923
2.92,2,1,1.06529,-0.0678616,-1.82302,-0.0652916
2.92,3,0.500002,0.493993,0.175544,-0.0452379,0.00600886
2.92,4,-0.300001,-0.277542,0.0398659,-0.199605,-0.022459
2.92,5,-7.2622e-06,0.000185243,0.0191832,-0.00671748,-0.000192505
2.93,0,1.19999,1.17749,0.4734,-0.519999,0.022505
2.93,1,-0.699994,-0.600371,0.0306942,-4.07699,-0.0996227
2.93,2,1,1.06467,-0.0585657,-1.8228,-0.0646644
2.93,3,0.500002,0.495607,0.149514,-0.0457571,0.00439511
2.93,4,-0.300001,-0.277131,0.0422436,-0.204082,-0.02287
2.93,5,-7.2622e-06,0.000415006,0.0252684,-0.00969185,-0.000422268
2.94,0,1.19999,1.18212,0.455193,-0.650862,0.017868
2.94,1,-0.699994,-0.600091,0.0258815,-4.07375,-0.0999027
2.94,2,1,1.06413,-0.0499213,-1.82397,-0.064127
2.94,3,0.500002,0.496955,0.122905,-0.043276,0.00304669
2.94,4,-0.300001,-0.276693,0.0450301,-0.208978,-0.0233078
2.94,5,-7.2622e-06,0.000676865,0.0262425,-0.0112934,-0.000684127
2.95,0,1.19999,1.18656,0.433444,-0.763015,0.013433
2.95,1,-0.699994,-0.599856,0.021698,-4.07061,-0.100138
2.95,2,1,1.06367,-0.0421197,-1.8259,-0.0636714
2.95,3,0.500002,0.498043,0.0974251,-0.0388631,0.0019592
2.95,4,-0.300001,-0.276229,0.0474045,-0.213877,-0.0237718
2.95,5,-7.2622e-06,0.000925766,0.0233075,-0.0116574,-0.000933028
2.96,0,1.19999,1.19076,0.40875,-0.856963,0.00923215
2.96,1,-0.699994,-0.599659,0.0181711,-4.06791,-0.100335
2.96,2,1,1.06329,-0.0351675,-1.82834,-0.0632891
2.96,3,0.500002,0.498887,0.0740608,-0.0332817,0.00111548
2.96,4,-0.300001,-0.275746,0.0488758,-0.218476,-0.0242548
2.96,5,-7.2622e-06,0.0011306,0.0179039,-0.0110605,-0.00113786
2.97,0,1.19999,1.1947,0.381665,-0.933319,0.00529187
2.97,1,-0.699994,-0.599493,0.0152686,-4.06582,-0.1005
2.97,2,1,1.06297,-0.0290219,-1.83111,-0.0629719
2.97,3,0.500002,0.499511,0.0533827,-0.0271199,0.000490975
2.97,4,-0.300001,-0.275255,0.0492227,-0.222583,-0.0247464
2.97,5,-7.2622e-06,0.00127376,0.0112759,-0.00978789,-0.00128102
2.98,0,1.19999,1.19836,0.352709,-0.992803,0.00163314
2.98,1,-0.699994,-0.599354,0.0129317,-4.06438,-0.10064
2.98,2,1,1.06271,-0.0236271,-1.8341,-0.0627119
2.98,3,0.500002,0.499945,0.0356799,-0.0208377,5.7029e-05
2.98,4,-0.300001,-0.274766,0.0484073,-0.226085,-0.0252351
2.98,5,-7.2622e-06,0.00134847,0.00437526,-0.00809126,-0.00135574
2.99,0,1.19999,1.20172,0.32237,-1.03623,-0.00172804
2.99,1,-0.699994,-0.599235,0.0110902,-4.06361,-0.100758
2.99,2,1,1.0625,-0.0189249,-1.83721,-0.0625021
2.99,3,0.500002,0.500219,0.0210363,-0.0147889,-0.000216715
2.99,4,-0.300001,-0.274292,0.046505,-0.228929,-0.0257096
2.99,5,-7.2622e-06,0.00135592,-0.00212771,-0.0061776,-0.00136318
3,0,1.19999,1.20477,0.291099,-1.06451,-0.00478034
3,1,-0.699994,-0.599132,0.00967052,-4.06346,-0.100861
3,2,1,1.06234,-0.0148575,-1.84036,-0.0623357
3,3,0.500002,0.500363,0.00938323,-0.00923572,-0.000360579
3,4,-0.300001,-0.273841,0.0436547,-0.231105,-0.0261597
3,5,-7.2622e-06,0.00130263,-0.00780064,-0.00420928,-0.0013099
3.01,0,1.19999,1.20751,0.259318,-1.07863,-0.0075168
3.01,1,-0.699994,-0.599042,0.00860096,-4.06388,-0.100952
3.01,2,1,1.06221,-0.0113688,-1.84346,-0.0622067
3.01,3,0.500002,0.500406,0.000541967,-0.00436078,-0.00040356
3.01,4,-0.300001,-0.273424,0.0400245,-0.232627,-0.0265768
3.01,5,-7.2622e-06,0.00119838,-0.0124008,-0.00230797,-0.00120564
3.02,0,1.19999,1.20992,0.227413,-1.07962,-0.00993445
3.02,1,-0.699994,-0.59896,0.00781429,-4.06478,-0.101033
3.02,2,1,1.06211,-0.00840502,-1.84648,-0.0621098
3.02,3,0.500002,0.500374,-0.00574172,-0.000279255,-0.000372429
3.02,4,-0.300001,-0.273047,0.0357905,-0.233529,-0.0269542
3.02,5,-7.2622e-06,0.00105454,-0.0158301,-0.000559951,-0.0010618
3.03,0,1.19999,1.21202,0.195739,-1.06858,-0.012034
3.03,1,-0.699994,-0.598885,0.00724951,-4.06608,-0.101108
3.03,2,1,1.06204,-0.00591468,-1.84936,-0.0620398
3.03,3,0.500002,0.500293,-0.0097687,0.00294989,-0.000291133
3.03,4,-0.300001,-0.272714,0.0311229,-0.233855,-0.0272867
3.03,5,-7.2622e-06,0.000882837,-0.0180958,0.000978241,-0.0008901
3.04,0,1.19999,1.21381,0.164619,-1.04664,-0.0138197
3.04,1,-0.699994,-0.598815,0.00685254,-4.06769,-0.101178
3.04,2,1,1.06199,-0.00384894,-1.85207,-0.0619923
3.04,3,0.500002,0.500183,-0.0118631,0.00531315,-0.000180469
3.04,4,-0.300001,-0.27243,0.0261784,-0.233657,-0.0275709
3.04,5,-7.2622e-06,0.000694531,-0.0192779,0.0022744,-0.000701793
3.05,0,1.19999,1.21529,0.134341,-1.01497,-0.0152985
3.05,1,-0.699994,-0.598748,0.00657646,-4.06954,-0.101245
3.05,2,1,1.06197,-0.00216162,-1.85458,-0.0619634
3.05,3,0.500002,0.50006,-0.0123535,0.00683259,-5.79514e-05
3.05,4,-0.300001,-0.272196,0.021096,-0.232986,-0.0278048
3.05,5,-7.2622e-06,0.000499785,-0.0195028,0.00331561,-0.000507047
3.06,0,1.19999,1.21647,0.105161,-0.974702,-0.0164805
3.06,1,-0.699994,-0.598684,0.00638138,-4.07154,-0.10131
3.06,2,1,1.06195,-0.000809239,-1.85687,-0.0619495
3.06,3,0.500002,0.49994,-0.0115593,0.00755706,6.21483e-05
3.06,4,-0.300001,-0.272013,0.015996,-0.2319,-0.0279877
3.06,5,-7.2622e-06,0.00030735,-0.0189226,0.00410373,-0.000314612
3.07,0,1.19999,1.21737,0.0773027,-0.927015,-0.0173777
3.07,1,-0.699994,-0.598621,0.00623409,-4.07362,-0.101373
3.07,2,1,1.06195,0.000248863,-1.85892,-0.0619474
3.07,3,0.500002,0.499833,-0.00977984,0.0075544,0.00016865
3.07,4,-0.300001,-0.271881,0.0109795,-0.230449,-0.02812
3.07,5,-7.2622e-06,0.000124389,-0.0176991,0.00465146,-0.000131652
3.08,0,1.19999,1.21799,0.0509563,-0.873048,-0.0180045
3.08,1,-0.699994,-0.598559,0.00610756,-4.0757,-0.101435
3.08,2,1,1.06196,0.00105053,-1.86074,-0.0619545
3.08,3,0.500002,0.499749,-0.0072878,0.00690493,0.000253226
3.08,4,-0.300001,-0.271798,0.00612995,-0.228688,-0.0282029
3.08,5,-7.2622e-06,-4.35468e-05,-0.0159919,0.00497899,3.62846e-05
3.09,0,1.19999,1.21837,0.0262813,-0.81392,-0.0183769
3.09,1,-0.699994,-0.598499,0.00598045,-4.07774,-0.101495
3.09,2,1,1.06197,0.00163076,-1.86231,-0.0619684
3.09,3,0.500002,0.499692,-0.00432483,0.00569594,0.000310105
3.09,4,-0.300001,-0.271762,0.00151445,-0.226666,-0.0282386
3.09,5,-7.2622e-06,-0.000192458,-0.0139509,0.00511125,0.000185195
3.1,0,1.19999,1.2185,0.00340584,-0.750712,-0.0185124
3.1,1,-0.699994,-0.59844,0.0058365,-4.07967,-0.101554
3.1,2,1,1.06199,0.00202169,-1.86365,-0.061987
3.1,3,0.500002,0.499666,-0.0010996,0.00401729,0.000335753
3.1,4,-0.300001,-0.271771,-0.00281436,-0.22443,-0.0282297
3.1,5,-7.2622e-06,-0.000319759,-0.0117106,0.00507566,0.000312496
3.11,0,1.19999,1.21842,-0.0175713,-0.684464,-0.0184295
3.11,1,-0.699994,-0.598382,0.00566396,-4.08145,-0.101611
3.11,2,1,1.06201,0.00225263,-1.86476,-0.0620086
3.11,3,0.500002,0.499673,0.00221243,0.00195795,0.000328541
3.11,4,-0.300001,-0.271822,-0.0068165,-0.222026,-0.0281792
3.11,5,-7.2622e-06,-0.000424111,-0.00938708,0.00490037,0.000416849
3.12,0,1.19999,1.21814,-0.0365799,-0.616162,-0.0181475
3.12,1,-0.699994,-0.598327,0.00545506,-4.08304,-0.101667
3.12,2,1,1.06203,0.00235012,-1.86565,-0.0620318
3.12,3,0.500002,0.499714,0.00546795,-0.000396634,0.000288413
3.12,4,-0.300001,-0.27191,-0.010463,-0.219494,-0.0280907
3.12,5,-7.2622e-06,-0.000505231,-0.00707705,0.00461296,0.000497968
3.13,0,1.19999,1.21768,-0.0535767,-0.546734,-0.0176866
3.13,1,-0.699994,-0.598273,0.00520542,-4.08442,-0.10172
3.13,2,1,1.06206,0.002338,-1.86633,-0.0620553
3.13,3,0.500002,0.499785,0.00855375,-0.00296642,0.000216583
3.13,4,-0.300001,-0.272033,-0.0137341,-0.216875,-0.0279678
3.13,5,-7.2622e-06,-0.000563693,-0.00485772,0.00423947,0.000556431
3.14,0,1.19999,1.21706,-0.0685436,-0.477043,-0.0170668
3.14,1,-0.699994,-0.598223,0.00491357,-4.08557,-0.101771
3.14,2,1,1.06208,0.00223754,-1.86682,-0.0620782
3.14,3,0.500002,0.499887,0.0113841,-0.00567805,0.000115239
3.14,4,-0.300001,-0.272187,-0.0166184,-0.214205,-0.0278143
3.14,5,-7.2622e-06,-0.000600743,-0.00278787,0.00380376,0.000593481
3.15,0,1.19999,1.2163,-0.0814862,-0.407883,-0.0163086
3.15,1,-0.699994,-0.598176,0.00458048,-4.08646,-0.101818
3.15,2,1,1.0621,0.00206752,-1.86713,-0.0620997
3.15,3,0.500002,0.500015,0.0138976,-0.0084656,-1.27069e-05
3.15,4,-0.300001,-0.272367,-0.019111,-0.211517,-0.027634
3.15,5,-7.2622e-06,-0.000618119,-0.000909508,0.00332714,0.000610857
3.16,0,1.19999,1.21542,-0.0924315,-0.33998,-0.0154319
3.16,1,-0.699994,-0.598132,0.00420905,-4.0871,-0.101862
3.16,2,1,1.06212,0.00184443,-1.86726,-0.0621192
3.16,3,0.500002,0.500166,0.0160541,-0.0112709,-0.000163849
3.16,4,-0.300001,-0.27257,-0.0212129,-0.208842,-0.0274311
3.16,5,-7.2622e-06,-0.000617898,0.00075015,0.00282813,0.000610636
3.17,0,1.19999,1.21445,-0.101426,-0.273982,-0.0144565
3.17,1,-0.699994,-0.598092,0.00380378,-4.08748,-0.101902
3.17,2,1,1.06214,0.00158262,-1.86725,-0.0621362
3.17,3,0.500002,0.500337,0.0178316,-0.0140438,-0.000334484
3.17,4,-0.300001,-0.272792,-0.02293,-0.206208,-0.0272092
3.17,5,-7.2622e-06,-0.000602356,0.00217653,0.00232251,0.000595094
3.18,0,1.19999,1.21339,-0.108534,-0.210464,-0.0134016
3.18,1,-0.699994,-0.598056,0.0033703,-4.0876,-0.101937
3.18,2,1,1.06215,0.00129446,-1.8671,-0.0621505
3.18,3,0.500002,0.500523,0.0192229,-0.0167415,-0.00052077
3.18,4,-0.300001,-0.273029,-0.0242724,-0.203641,-0.0269722
3.18,5,-7.2622e-06,-0.000573856,0.00336552,0.00182331,0.000566594
3.19,0,1.19999,1.21228,-0.113834,-0.149925,-0.0122857
3.19,1,-0.699994,-0.598025,0.00291509,-4.08749,-0.101969
3.19,2,1,1.06216,0.00099053,-1.86683,-0.0621617
3.19,3,0.500002,0.500721,0.0202332,-0.0193286,-0.000718866
3.19,4,-0.300001,-0.273277,-0.0252538,-0.201163,-0.0267238
3.19,5,-7.2622e-06,-0.000534755,0.00432134,0.00134106,0.000527493
3.2,0,1.19999,1.21112,-0.11742,-0.0927901,-0.0111262
3.2,1,-0.699994,-0.597998,0.00244514,-4.08714,-0.101995
3.2,2,1,1.06217,0.000679788,-1.86646,-0.0621699
3.2,3,0.500002,0.500927,0.020877,-0.0217765,-0.000925034
3.2,4,-0.300001,-0.273534,-0.0258908,-0.198794,-0.0264674
3.2,5,-7.2622e-06,-0.000487331,0.00505462,0.000883955,0.000480068
3.21,0,1.19999,1.20993,-0.119395,-0.0394109,-0.00993989
3.21,1,-0.699994,-0.597977,0.00196768,-4.08658,-0.102017
3.21,2,1,1.06218,0.000369759,-1.86599,-0.062175
3.21,3,0.500002,0.501138,0.0211761,-0.0240629,-0.00113572
3.21,4,-0.300001,-0.273795,-0.0262025,-0.196551,-0.0262066
3.21,5,-7.2622e-06,-0.000433727,0.0055807,0.000458116,0.000426465
3.22,0,1.19999,1.20873,-0.119873,0.00993239,-0.00874213
3.22,1,-0.699994,-0.59796,0.00148992,-4.08583,-0.102034
3.22,2,1,1.06218,6.66954e-05,-1.86544,-0.062177
3.22,3,0.500002,0.50135,0.0211576,-0.0261709,-0.00134763
3.22,4,-0.300001,-0.274057,-0.0262101,-0.194449,-0.0259443
3.22,5,-7.2622e-06,-0.000375917,0.00591806,6.78571e-05,0.000368655
3.23,0,1.19999,1.20754,-0.118973,0.0550274,-0.00754727
3.23,1,-0.699994,-0.597947,0.00101889,-4.08491,-0.102046
3.23,2,1,1.06218,-0.000224269,-1.86483,-0.0621761
3.23,3,0.500002,0.50156,0.0208519,-0.0280886,-0.00155775
3.23,4,-0.300001,-0.274318,-0.0259367,-0.192499,-0.0256834
3.23,5,-7.2622e-06,-0.000315677,0.00608711,-0.000284058,0.000308415
3.24,0,1.19999,1.20636,-0.116821,0.0957272,-0.0063684
3.24,1,-0.699994,-0.59794,0.00056119,-4.08384,-0.102054
3.24,2,1,1.06217,-0.000498973,-1.86417,-0.0621723
3.24,3,0.500002,0.501765,0.0202917,-0.0298089,-0.00176338
3.24,4,-0.300001,-0.274574,-0.0254064,-0.190711,-0.0254268
3.24,5,-7.2622e-06,-0.000254572,0.00610908,-0.000596173,0.00024731
3.25,0,1.19999,1.20521,-0.113546,0.131946,-0.00521732
3.25,1,-0.699994,-0.597936,0.000122936,-4.08265,-0.102057
3.25,2,1,1.06217,-0.000754099,-1.86347,-0.0621659
3.25,3,0.500002,0.501964,0.0195105,-0.031328,-0.00196217
3.25,4,-0.300001,-0.274824,-0.0246443,-0.189092,-0.0251767
3.25,5,-7.2622e-06,-0.000193958,0.00600526,-0.000868102,0.000186695
3.26,0,1.19999,1.20409,-0.109279,0.163655,-0.00410457
3.26,1,-0.699994,-0.597938,-0.000290414,-4.08137,-0.102056
3.26,2,1,1.06216,-0.00098706,-1.86274,-0.0621571
3.26,3,0.500002,0.502154,0.0185418,-0.032646,-0.00215209
3.26,4,-0.300001,-0.275066,-0.0236764,-0.187645,-0.0249355
3.26,5,-7.2622e-06,-0.000134976,0.00579631,-0.00110032,0.000127713
3.27,0,1.19999,1.20303,-0.10415,0.190877,-0.00303933
3.27,1,-0.699994,-0.597943,-0.000674115,-4.08002,-0.102051
3.27,2,1,1.06215,-0.0011959,-1.86199,-0.062146
3.27,3,0.500002,0.502333,0.0174183,-0.0337654,-0.00233144
3.27,4,-0.300001,-0.275296,-0.0225287,-0.186375,-0.0247049
3.27,5,-7.2622e-06,-7.85696e-05,0.00550179,-0.001294,7.13074e-05
3.28,0,1.19999,1.20202,-0.0982889,0.213686,-0.00202951
3.28,1,-0.699994,-0.597951,-0.00102419,-4.07862,-0.102042
3.28,2,1,1.06214,-0.0013792,-1.86123,-0.0621331
3.28,3,0.500002,0.502501,0.0161712,-0.0346913,-0.00249886
3.28,4,-0.300001,-0.275514,-0.0212273,-0.185279,-0.0244866
3.28,5,-7.2622e-06,-2.54936e-05,0.00513989,-0.00145081,1.82314e-05
3.29,0,1.19999,1.20107,-0.0918221,0.232197,-0.00108174
3.29,1,-0.699994,-0.597963,-0.00133747,-4.0772,-0.10203
3.29,2,1,1.06212,-0.00153604,-1.86048,-0.0621184
3.29,3,0.500002,0.502655,0.0148303,-0.0354308,-0.00265326
3.29,4,-0.300001,-0.275719,-0.019798,-0.184358,-0.0242821
3.29,5,-7.2622e-06,2.36708e-05,0.00472715,-0.00157281,-3.0933e-05
3.3,0,1.19999,1.20019,-0.0848726,0.246562,-0.000201393
3.3,1,-0.699994,-0.597978,-0.00161157,-4.07578,-0.102015
3.3,2,1,1.0621,-0.00166589,-1.85974,-0.0621023
3.3,3,0.500002,0.502796,0.013423,-0.0359924,-0.00279387
3.3,4,-0.300001,-0.275909,-0.0182663,-0.183607,-0.0240925
3.3,5,-7.2622e-06,6.84983e-05,0.00427842,-0.00166233,-7.57605e-05
3.31,0,1.19999,1.19938,-0.0775584,0.25697,0.000607359
3.31,1,-0.699994,-0.597996,-0.00184491,-4.07438,-0.101998
3.31,2,1,1.06209,-0.0017686,-1.85901,-0.062085
3.31,3,0.500002,0.502922,0.0119747,-0.0363863,-0.00292015
3.31,4,-0.300001,-0.276082,-0.0166566,-0.183021,-0.0239186
3.31,5,-7.2622e-06,0.000108702,0.00380679,-0.00172186,-0.000115965
3.32,0,1.19999,1.19865,-0.0699917,0.263635,0.00134149
3.32,1,-0.699994,-0.598015,-0.00203669,-4.07303,-0.101978
3.32,2,1,1.06207,-0.00184436,-1.85832,-0.0620669
3.32,3,0.500002,0.503034,0.0105083,-0.0366234,-0.00303184
3.32,4,-0.300001,-0.27624,-0.0149924,-0.182593,-0.0237612
3.32,5,-7.2622e-06,0.000144118,0.00332366,-0.001754,-0.000151381
3.33,0,1.19999,1.19799,-0.062278,0.266796,0.00199906
3.33,1,-0.699994,-0.598036,-0.00218679,-4.07173,-0.101957
3.33,2,1,1.06205,-0.00189363,-1.85766,-0.0620482
3.33,3,0.500002,0.503131,0.00904469,-0.0367155,-0.00312887
3.33,4,-0.300001,-0.276381,-0.0132962,-0.182316,-0.0236206
3.33,5,-7.2622e-06,0.000174686,0.00283878,-0.00176138,-0.000181948
3.34,0,1.19999,1.19741,-0.0545158,0.266713,0.00257915
3.34,1,-0.699994,-0.598059,-0.00229579,-4.0705,-0.101935
3.34,2,1,1.06203,-0.00191717,-1.85704,-0.0620291
3.34,3,0.500002,0.503213,0.00760201,-0.0366747,-0.00321135
3.34,4,-0.300001,-0.276504,-0.0115889,-0.182181,-0.023497
3.34,5,-7.2622e-06,0.000200434,0.00236038,-0.0017466,-0.000207697
3.35,0,1.19999,1.19691,-0.0467958,0.263659,0.00308178
3.35,1,-0.699994,-0.598082,-0.00236484,-4.06936,-0.101911
3.35,2,1,1.06201,-0.00191598,-1.85647,-0.0620099
3.35,3,0.500002,0.503282,0.00619634,-0.0365139,-0.00327961
3.35,4,-0.300001,-0.276611,-0.00988996,-0.182179,-0.0233905
3.35,5,-7.2622e-06,0.000221467,0.00189527,-0.00171222,-0.000228729
3.36,0,1.19999,1.19648,-0.0392007,0.257915,0.00350783
3.36,1,-0.699994,-0.598106,-0.00239564,-4.06831,-0.101887
3.36,2,1,1.06199,-0.00189127,-1.85594,-0.0619909
3.36,3,0.500002,0.503336,0.00484148,-0.0362456,-0.00333407
3.36,4,-0.300001,-0.2767,-0.0082174,-0.182298,-0.0233008
3.36,5,-7.2622e-06,0.000237947,0.00144898,-0.00166074,-0.000245209
3.37,0,1.19999,1.19613,-0.0318047,0.249773,0.00385896
3.37,1,-0.699994,-0.59813,-0.00239035,-4.06737,-0.101864
3.37,2,1,1.06197,-0.00184448,-1.85548,-0.0619722
3.37,3,0.500002,0.503377,0.00354914,-0.0358827,-0.00337532
3.37,4,-0.300001,-0.276773,-0.00658741,-0.182527,-0.0232276
3.37,5,-7.2622e-06,0.000250089,0.00102592,-0.00159453,-0.000257352
3.38,0,1.19999,1.19585,-0.0246738,0.239523,0.00413755
3.38,1,-0.699994,-0.598154,-0.0023515,-4.06654,-0.10184
3.38,2,1,1.06196,-0.00177721,-1.85507,-0.0619541
3.38,3,0.500002,0.503406,0.00232901,-0.0354378,-0.00340404
3.38,4,-0.300001,-0.276831,-0.00501448,-0.182856,-0.0231704
3.38,5,-7.2622e-06,0.000258145,0.00062947,-0.00151588,-0.000265407
3.39,0,1.19999,1.19564,-0.0178653,0.227458,0.00434655
3.39,1,-0.699994,-0.598177,-0.00228194,-4.06582,-0.101817
3.39,2,1,1.06194,-0.00169125,-1.85472,-0.0619368
3.39,3,0.500002,0.503423,0.00118893,-0.0349233,-0.00342099
3.39,4,-0.300001,-0.276872,-0.00351134,-0.183273,-0.0231286
3.39,5,-7.2622e-06,0.000262395,0.000262126,-0.00142692,-0.000269657
