sim_t,joint,desired,actual,velocity,torque,error
0,0,0,0,0,0,0
0,1,-0.8,-0.8,0,0,0
0,2,1.2,1.2,0,-6.66134e-15,-2.22045e-16
0,3,0,0,0,0,0
0,4,-0.4,-0.4,0,0,0
0,5,0,0,0,0,0
0.01,0,0,0,0,0,0
0.01,1,-0.8,-0.799036,0.16595,-0.536428,-0.000964426
0.01,2,1.2,1.20018,0.0384837,-0.0823016,-0.000177805
0.01,3,0,0,0,0,0
0.01,4,-0.4,-0.401011,-0.1636,0.089886,0.00101077
0.01,5,0,0,0,0,0
0.02,0,0,0,0,0,0
0.02,1,-0.8,-0.796699,0.2836,-0.982847,-0.00330121
0.02,2,1.2,1.20089,0.100179,-0.227177,-0.000893941
0.02,3,0,0,0,0,0
0.02,4,-0.4,-0.402999,-0.213878,0.130932,0.00299909
0.02,5,0,0,0,0,0
0.03,0,0,0,0,0,0
0.03,1,-0.8,-0.79336,0.371512,-1.38016,-0.00664049
0.03,2,1.2,1.20226,0.165307,-0.398268,-0.00225512
0.03,3,0,0,0,0,0
0.03,4,-0.4,-0.40506,-0.191605,0.136286,0.00506038
0.03,5,0,0,0,0,0
0.04,0,0,0,0,0,0
0.04,1,-0.8,-0.789258,0.439158,-1.74714,-0.0107418
0.04,2,1.2,1.20425,0.226588,-0.580675,-0.00424998
0.04,3,0,0,0,0,0
0.04,4,-0.4,-0.406654,-0.128913,0.117692,0.00665443
0.04,5,0,0,0,0,0
0.05,0,0,0,0,0,0
0.05,1,-0.8,-0.784566,0.491833,-2.09285,-0.0154339
0.05,2,1.2,1.20682,0.281133,-0.766927,-0.00682205
0.05,3,0,0,0,0,0
0.05,4,-0.4,-0.407507,-0.0480056,0.0840564,0.0075067
0.05,5,0,0,0,0,0
0.06,0,0,0,0,0,0
0.06,1,-0.8,-0.779414,0.532665,-2.42142,-0.0205856
0.06,2,1.2,1.2099,0.327782,-0.952464,-0.00989669
0.06,3,0,0,0,0,0
0.06,4,-0.4,-0.407519,0.0368425,0.0417314,0.00751908
0.06,5,0,0,0,0,0
0.07,0,0,0,0,0,0
0.07,1,-0.8,-0.77391,0.563557,-2.73426,-0.0260898
0.07,2,1.2,1.21339,0.366159,-1.13409,-0.0133924
0.07,3,0,0,0,0,0
0.07,4,-0.4,-0.406703,0.117015,-0.00488035,0.00670341
0.07,5,0,0,0,0,0
0.08,0,0,0,0,0,0
0.08,1,-0.8,-0.768146,0.585705,-3.03128,-0.031854
0.08,2,1.2,1.21723,0.396296,-1.30939,-0.0172265
0.08,3,0,0,0,0,0
0.08,4,-0.4,-0.405135,0.18773,-0.0527828,0.00513529
0.08,5,0,0,0,0,0
0.09,0,0,0,0,0,0
0.09,1,-0.8,-0.762205,0.599905,-3.31154,-0.0377955
0.09,2,1.2,1.22132,0.418456,-1.47645,-0.0213178
0.09,3,0,0,0,0,0
0.09,4,-0.4,-0.402923,0.246709,-0.0999671,0.00292345
0.09,5,0,0,0,0,0
0.1,0,0,0,0,0,0
0.1,1,-0.8,-0.756162,0.606744,-3.57375,-0.043838
0.1,2,1.2,1.22559,0.43304,-1.63374,-0.0255886
0.1,3,0,0,0,0,0
0.1,4,-0.4,-0.40019,0.293258,-0.145108,0.000190081
0.1,5,0,0,0,0,0
0.11,0,0,0,0,0,0
0.11,1,-0.8,-0.750089,0.606714,-3.81657,-0.0499108
0.11,2,1.2,1.22997,0.440534,-1.78004,-0.0299659
0.11,3,0,0,0,0,0
0.11,4,-0.4,-0.397059,0.327642,-0.187352,-0.00294137
0.11,5,0,0,0,0,0
0.12,0,0,0,0,0,0
0.12,1,-0.8,-0.744052,0.600284,-4.03876,-0.0559476
0.12,2,1.2,1.23438,0.441472,-1.91439,-0.0343815
0.12,3,0,0,0,0,0
0.12,4,-0.4,-0.393647,0.350674,-0.226164,-0.0063534
0.12,5,0,0,0,0,0
0.13,0,0,0,0,0,0
0.13,1,-0.8,-0.738113,0.587937,-4.2393,-0.0618872
0.13,2,1.2,1.23877,0.436424,-2.03604,-0.0387732
0.13,3,0,0,0,0,0
0.13,4,-0.4,-0.390062,0.363451,-0.261232,-0.00993838
0.13,5,0,0,0,0,0
0.14,0,0,0,0,0,0
0.14,1,-0.8,-0.732327,0.570184,-4.41748,-0.0676732
0.14,2,1.2,1.24308,0.425975,-2.14448,-0.0430842
0.14,3,0,0,0,0,0
0.14,4,-0.4,-0.3864,0.367186,-0.292396,-0.0136004
0.14,5,0,0,0,0,0
0.15,0,0,0,0,0,0
0.15,1,-0.8,-0.726746,0.547576,-4.57291,-0.0732545
0.15,2,1.2,1.24726,0.410723,-2.23936,-0.0472638
0.15,3,0,0,0,0,0
0.15,4,-0.4,-0.382744,0.363109,-0.319601,-0.0172558
0.15,5,0,0,0,0,0
0.16,0,0,0,0,0,0
0.16,1,-0.8,-0.721414,0.520693,-4.70551,-0.0785856
0.16,2,1.2,1.25127,0.391267,-2.32055,-0.0512672
0.16,3,0,0,0,0,0
0.16,4,-0.4,-0.379167,0.352406,-0.342867,-0.020833
0.16,5,0,0,0,0,0
0.17,0,0,0,0,0,0
0.17,1,-0.8,-0.716373,0.490142,-4.81552,-0.0836273
0.17,2,1.2,1.25506,0.368208,-2.38809,-0.0550558
0.17,3,0,0,0,0,0
0.17,4,-0.4,-0.375728,0.33619,-0.362271,-0.024272
0.17,5,0,0,0,0,0
0.18,0,0,0,0,0,0
0.18,1,-0.8,-0.711654,0.456543,-4.90348,-0.0883462
0.18,2,1.2,1.2586,0.342139,-2.44218,-0.0585967
0.18,3,0,0,0,0,0
0.18,4,-0.4,-0.372477,0.31549,-0.377932,-0.0275233
0.18,5,0,0,0,0,0
0.19,0,0,0,0,0,0
0.19,1,-0.8,-0.707285,0.420518,-4.97017,-0.0927152
0.19,2,1.2,1.26186,0.313646,-2.48319,-0.0618631
0.19,3,0,0,0,0,0
0.19,4,-0.4,-0.369453,0.291246,-0.390002,-0.0305474
0.19,5,0,0,0,0,0
0.2,0,0,0,0,0,0
0.2,1,-0.8,-0.703286,0.382682,-5.01659,-0.0967136
0.2,2,1.2,1.26483,0.283299,-2.51162,-0.064834
0.2,3,0,0,0,0,0
0.2,4,-0.4,-0.366686,0.264309,-0.398663,-0.0333136
0.2,5,0,0,0,0,0
0.21,0,0,0,0,0,0
0.21,1,-0.8,-0.699674,0.343629,-5.04394,-0.100326
0.21,2,1.2,1.26749,0.251651,-2.52811,-0.0674938
0.21,3,0,0,0,0,0
0.21,4,-0.4,-0.364201,0.235448,-0.404118,-0.0357993
0.21,5,0,0,0,0,0
0.22,0,0,0,0,0,0
0.22,1,-0.8,-0.696455,0.303927,-5.05356,-0.103545
0.22,2,1.2,1.26983,0.219228,-2.53343,-0.0698324
0.22,3,0,0,0,0,0
0.22,4,-0.4,-0.362011,0.205355,-0.406589,-0.037989
0.22,5,0,0,0,0,0
0.23,0,0,0,0,0,0
0.23,1,-0.8,-0.693635,0.264109,-5.04692,-0.106365
0.23,2,1.2,1.27184,0.186531,-2.52841,-0.0718449
0.23,3,0,0,0,0,0
0.23,4,-0.4,-0.360126,0.174649,-0.406316,-0.0398739
0.23,5,0,0,0,0,0
0.24,0,0,0,0,0,0
0.24,1,-0.8,-0.691212,0.224666,-5.02553,-0.108788
0.24,2,1.2,1.27353,0.154026,-2.51398,-0.0735311
0.24,3,0,0,0,0,0
0.24,4,-0.4,-0.358549,0.143881,-0.403549,-0.041451
0.24,5,0,0,0,0,0
0.25,0,0,0,0,0,0
0.25,1,-0.8,-0.689178,0.186045,-4.99101,-0.110822
0.25,2,1.2,1.2749,0.12214,-2.49114,-0.0748953
0.25,3,0,0,0,0,0
0.25,4,-0.4,-0.357278,0.113541,-0.39855,-0.0427224
0.25,5,0,0,0,0,0
0.26,0,0,0,0,0,0
0.26,1,-0.8,-0.687525,0.148643,-4.94495,-0.112475
0.26,2,1.2,1.27595,0.0912627,-2.4609,-0.0759459
0.26,3,0,0,0,0,0
0.26,4,-0.4,-0.356305,0.084053,-0.391585,-0.0436948
0.26,5,0,0,0,0,0
0.27,0,0,0,0,0,0
0.27,1,-0.8,-0.686237,0.112809,-4.88896,-0.113763
0.27,2,1.2,1.27669,0.0617363,-2.42432,-0.0766948
0.27,3,0,0,0,0,0
0.27,4,-0.4,-0.355621,0.0557871,-0.382923,-0.0443787
0.27,5,0,0,0,0,0
0.28,0,0,0,0,0,0
0.28,1,-0.8,-0.685297,0.0788394,-4.82463,-0.114703
0.28,2,1.2,1.27716,0.0338582,-2.38244,-0.0771574
0.28,3,0,0,0,0,0
0.28,4,-0.4,-0.355212,0.0290557,-0.372833,-0.0447882
0.28,5,0,0,0,0,0
0.29,0,0,0,0,0,0
0.29,1,-0.8,-0.684686,0.0469823,-4.75352,-0.115314
0.29,2,1.2,1.27735,0.00787764,-2.3363,-0.0773514
0.29,3,0,0,0,0,0
0.29,4,-0.4,-0.35506,0.00411722,-0.361579,-0.04494
0.29,5,0,0,0,0,0
0.3,0,0,0,0,0,0
0.3,1,-0.8,-0.68438,0.017437,-4.6771,-0.11562
0.3,2,1.2,1.2773,-0.0160044,-2.2869,-0.0772971
0.3,3,0,0,0,0,0
0.3,4,-0.4,-0.355147,-0.0188215,-0.349416,-0.0448533
0.3,5,0,0,0,0,0
0.31,0,0,0,0,0,0
0.31,1,-0.8,-0.684357,-0.00964384,-4.59679,-0.115643
0.31,2,1.2,1.27702,-0.0376346,-2.23522,-0.0770161
0.31,3,0,0,0,0,0
0.31,4,-0.4,-0.355451,-0.0396033,-0.33659,-0.0445489
0.31,5,0,0,0,0,0
0.32,0,0,0,0,0,0
0.32,1,-0.8,-0.68459,-0.0341515,-4.51393,-0.11541
0.32,2,1.2,1.27653,-0.056906,-2.18214,-0.0765318
0.32,3,0,0,0,0,0
0.32,4,-0.4,-0.355951,-0.0581182,-0.323334,-0.0440492
0.32,5,0,0,0,0,0
0.33,0,0,0,0,0,0
0.33,1,-0.8,-0.685054,-0.0560184,-4.42977,-0.114946
0.33,2,1.2,1.27587,-0.0737559,-2.12853,-0.0758681
0.33,3,0,0,0,0,0
0.33,4,-0.4,-0.356623,-0.0743006,-0.309866,-0.043377
0.33,5,0,0,0,0,0
0.34,0,0,0,0,0,0
0.34,1,-0.8,-0.685722,-0.075215,-4.34546,-0.114278
0.34,2,1.2,1.27505,-0.0881631,-2.07515,-0.0750493
0.34,3,0,0,0,0,0
0.34,4,-0.4,-0.357444,-0.0881258,-0.296386,-0.0425561
0.34,5,0,0,0,0,0
0.35,0,0,0,0,0,0
0.35,1,-0.8,-0.686568,-0.0917463,-4.26205,-0.113432
0.35,2,1.2,1.2741,-0.100145,-2.0227,-0.0740998
0.35,3,0,0,0,0,0
0.35,4,-0.4,-0.35839,-0.0996066,-0.283075,-0.0416097
0.35,5,0,0,0,0,0
0.36,0,0,0,0,0,0
0.36,1,-0.8,-0.687564,-0.105649,-4.1805,-0.112436
0.36,2,1.2,1.27304,-0.109752,-1.9718,-0.0730435
0.36,3,0,0,0,0,0
0.36,4,-0.4,-0.359439,-0.10879,-0.270095,-0.0405613
0.36,5,0,0,0,0,0
0.37,0,0,0,0,0,0
0.37,1,-0.8,-0.688685,-0.116989,-4.10165,-0.111315
0.37,2,1.2,1.2719,-0.117066,-1.92299,-0.0719039
0.37,3,0,0,0,0,0
0.37,4,-0.4,-0.360567,-0.115752,-0.25759,-0.0394333
0.37,5,0,0,0,0,0
0.38,0,0,0,0,0,0
0.38,1,-0.8,-0.689905,-0.125854,-4.02623,-0.110095
0.38,2,1.2,1.2707,-0.122194,-1.87671,-0.0707033
0.38,3,0,0,0,0,0
0.38,4,-0.4,-0.361753,-0.120595,-0.245682,-0.0382474
0.38,5,0,0,0,0,0
0.39,0,0,0,0,0,0
0.39,1,-0.8,-0.691202,-0.132356,-3.95487,-0.108798
0.39,2,1.2,1.26946,-0.125266,-1.83335,-0.0694629
0.39,3,0,0,0,0,0
0.39,4,-0.4,-0.362976,-0.123442,-0.234473,-0.0370242
0.39,5,0,0,0,0,0
0.4,0,0,0,0,0,0
0.4,1,-0.8,-0.69255,-0.136626,-3.88811,-0.10745
0.4,2,1.2,1.2682,-0.126428,-1.79321,-0.0682023
0.4,3,0,0,0,0,0
0.4,4,-0.4,-0.364217,-0.124435,-0.224046,-0.0357829
0.4,5,0,0,0,0,0
0.41,0,0,0,0,0,0
0.41,1,-0.8,-0.69393,-0.138806,-3.82637,-0.10607
0.41,2,1.2,1.26694,-0.125839,-1.75652,-0.0669399
0.41,3,0,0,0,0,0
0.41,4,-0.4,-0.365459,-0.123726,-0.214466,-0.0345411
0.41,5,0,0,0,0,0
0.42,0,0,0,0,0,0
0.42,1,-0.8,-0.695321,-0.139056,-3.76998,-0.104679
0.42,2,1.2,1.26569,-0.12367,-1.72343,-0.0656922
0.42,3,0,0,0,0,0
0.42,4,-0.4,-0.366685,-0.121481,-0.205779,-0.033315
0.42,5,0,0,0,0,0
0.43,0,0,0,0,0,0
0.43,1,-0.8,-0.696705,-0.137542,-3.71918,-0.103295
0.43,2,1.2,1.26447,-0.120094,-1.69403,-0.0644741
0.43,3,0,0,0,0,0
0.43,4,-0.4,-0.367881,-0.117869,-0.198017,-0.032119
0.43,5,0,0,0,0,0
0.44,0,0,0,0,0,0
0.44,1,-0.8,-0.698064,-0.134436,-3.67411,-0.101936
0.44,2,1.2,1.2633,-0.115289,-1.66838,-0.0632986
0.44,3,0,0,0,0,0
0.44,4,-0.4,-0.369034,-0.113062,-0.191195,-0.0309658
0.44,5,0,0,0,0,0
0.45,0,0,0,0,0,0
0.45,1,-0.8,-0.699385,-0.129918,-3.63485,-0.100615
0.45,2,1.2,1.26218,-0.109432,-1.64645,-0.0621772
0.45,3,0,0,0,0,0
0.45,4,-0.4,-0.370134,-0.107234,-0.185315,-0.0298665
0.45,5,0,0,0,0,0
0.46,0,0,0,0,0,0
0.46,1,-0.8,-0.700654,-0.124166,-3.60136,-0.0993465
0.46,2,1.2,1.26112,-0.102697,-1.62818,-0.0611192
0.46,3,0,0,0,0,0
0.46,4,-0.4,-0.37117,-0.100554,-0.180365,-0.0288303
0.46,5,0,0,0,0,0
0.47,0,0,0,0,0,0
0.47,1,-0.8,-0.701859,-0.11736,-3.57358,-0.0981415
0.47,2,1.2,1.26013,-0.0952533,-1.61347,-0.0601327
0.47,3,0,0,0,0,0
0.47,4,-0.4,-0.372135,-0.0931865,-0.176325,-0.0278647
0.47,5,0,0,0,0,0
0.48,0,0,0,0,0,0
0.48,1,-0.8,-0.702991,-0.109677,-3.55135,-0.0970095
0.48,2,1.2,1.25922,-0.0872628,-1.60219,-0.0592237
0.48,3,0,0,0,0,0
0.48,4,-0.4,-0.373024,-0.0852915,-0.173162,-0.0269759
0.48,5,0,0,0,0,0
0.49,0,0,0,0,0,0
0.49,1,-0.8,-0.704042,-0.101288,-3.53447,-0.0959583
0.49,2,1.2,1.2584,-0.078879,-1.59415,-0.0583969
0.49,3,0,0,0,0,0
0.49,4,-0.4,-0.373832,-0.0770186,-0.170837,-0.0261683
0.49,5,0,0,0,0,0
0.5,0,0.000499996,0,0,0.0199999,0.000499996
0.5,1,-0.799958,-0.705006,-0.0923593,-3.52102,-0.0949525
0.5,2,1.19992,1.25766,-0.0702455,-1.59167,-0.0577388
0.5,3,0.000208334,0,0,0.00208334,0.000208334
0.5,4,-0.399958,-0.374555,-0.068509,-0.16897,-0.0254031
0.5,5,-3.56854e-09,0,0,-1.78427e-08,-3.56854e-09
0.51,0,0.00549996,1.58817e-05,0.00391005,0.207633,0.00548408
0.51,1,-0.799542,-0.705867,-0.0803662,-3.5059,-0.0936749
0.51,2,1.19908,1.25698,-0.0668277,-1.60318,-0.0578945
0.51,3,0.00229167,5.10267e-05,0.0119924,0.015211,0.00224064
0.51,4,-0.399542,-0.375174,-0.0556849,-0.167096,-0.0243673
0.51,5,-3.92539e-08,-3.85884e-05,-0.00854749,0.00275699,3.85491e-05
0.52,0,0.0104999,0.000105992,0.0140339,0.373655,0.0103939
0.52,1,-0.799125,-0.706593,-0.0661247,-3.50291,-0.0925322
0.52,2,1.19825,1.25631,-0.0673235,-1.60709,-0.0580579
0.52,3,0.00437501,0.000296693,0.0358968,0.0192451,0.00407832
0.52,4,-0.399125,-0.375648,-0.040466,-0.167586,-0.0234774
0.52,5,-7.49394e-08,-0.0001876,-0.0196714,0.00683905,0.000187526
0.53,0,0.0154999,0.000326712,0.0293644,0.518834,0.0151732
0.53,1,-0.798708,-0.707174,-0.051621,-3.50651,-0.0915343
0.53,2,1.19742,1.25563,-0.068188,-1.61001,-0.0582129
0.53,3,0.00645835,0.000808504,0.0639667,0.0181184,0.00564984
0.53,4,-0.398708,-0.375971,-0.0259686,-0.16891,-0.0227368
0.53,5,-1.10625e-07,-0.000424909,-0.026219,0.00998969,0.000424799
0.54,0,0.0204999,0.000725468,0.0490759,0.643748,0.0197744
0.54,1,-0.798292,-0.707613,-0.0375584,-3.5145,-0.0906793
0.54,2,1.19658,1.25495,-0.0684433,-1.61398,-0.0583623
0.54,3,0.00854169,0.00160574,0.0925083,0.0138545,0.00693595
0.54,4,-0.398292,-0.376158,-0.0129109,-0.170613,-0.0221335
0.54,5,-1.4631e-07,-0.000697791,-0.0274266,0.0117162,0.000697644
0.55,0,0.0254998,0.00134197,0.0724337,0.749013,0.0241578
0.55,1,-0.797875,-0.707914,-0.0241951,-3.52586,-0.0899612
0.55,2,1.19575,1.25426,-0.0679486,-1.6195,-0.0585133
0.55,3,0.010625,0.00268142,0.119568,0.00769524,0.0079436
0.55,4,-0.397875,-0.376222,-0.00131189,-0.172566,-0.0216527
0.55,5,-1.81996e-07,-0.000958525,-0.0244531,0.0121276,0.000958343
0.56,0,0.0304998,0.00220893,0.0987622,0.835347,0.0282908
0.56,1,-0.797458,-0.708086,-0.0116315,-3.54,-0.0893724
0.56,2,1.19492,1.25359,-0.0668191,-1.62655,-0.0586729
0.56,3,0.0127084,0.00401418,0.144049,0.00051221,0.00869418
0.56,4,-0.397458,-0.376178,0.00897446,-0.174731,-0.0212805
0.56,5,-2.17681e-07,-0.00117361,-0.0188063,0.0115088,0.00117339
0.57,0,0.0354997,0.00335256,0.127434,0.903585,0.0321472
0.57,1,-0.797042,-0.708137,9.05007e-05,-3.55645,-0.0889046
0.57,2,1.19408,1.25293,-0.0652323,-1.63493,-0.0588464
0.57,3,0.0147917,0.00557462,0.165353,-0.00704106,0.00921708
0.57,4,-0.397042,-0.376037,0.0181033,-0.177089,-0.0210047
0.57,5,-2.53366e-07,-0.0013239,-0.0118249,0.0101657,0.00132365
0.58,0,0.0404997,0.00479306,0.157866,0.954668,0.0357066
0.58,1,-0.796625,-0.708076,0.0109522,-3.57483,-0.0885493
0.58,2,1.19325,1.25229,-0.0633639,-1.6444,-0.0590375
0.58,3,0.016875,0.00732925,0.183209,-0.0144674,0.00954579
0.58,4,-0.396625,-0.375811,0.0262035,-0.179617,-0.0208144
0.58,5,-2.89052e-07,-0.00140201,-0.00454376,0.00837171,0.00140172
0.59,0,0.0454997,0.00654501,0.189519,0.989629,0.0389547
0.59,1,-0.796209,-0.707911,0.020946,-3.59475,-0.0882979
0.59,2,1.19242,1.25167,-0.0613683,-1.65471,-0.0592481
0.59,3,0.0189584,0.00924322,0.19758,-0.0213962,0.00971516
0.59,4,-0.396208,-0.375508,0.0333763,-0.182288,-0.0206999
0.59,5,-3.24737e-07,-0.00140918,0.00230727,0.00635209,0.00140885
0.6,0,0.0504996,0.00861787,0.221896,1.00958,0.0418818
0.6,1,-0.795792,-0.70765,0.0300701,-3.61587,-0.0881416
0.6,2,1.19158,1.25106,-0.0593736,-1.66561,-0.0594787
0.6,3,0.0210417,0.0112823,0.208597,-0.0275637,0.00975943
0.6,4,-0.395792,-0.375139,0.0397018,-0.185071,-0.0206525
0.6,5,-3.60423e-07,-0.00135249,0.00826014,0.00428261,0.00135213
0.61,0,0.0554996,0.0110164,0.254545,1.0157,0.0444832
0.61,1,-0.795375,-0.707304,0.0383279,-3.63785,-0.0880718
0.61,2,1.19075,1.25048,-0.0574826,-1.6769,-0.0597288
0.61,3,0.023125,0.0134142,0.216509,-0.0327967,0.00971085
0.61,4,-0.395375,-0.374711,0.0452455,-0.187934,-0.0206639
0.61,5,-3.96108e-07,-0.0012425,0.013056,0.00229371,0.0012421
0.62,0,0.0604996,0.0137409,0.287053,1.00919,0.0467587
0.62,1,-0.794959,-0.706879,0.0457269,-3.66037,-0.0880798
0.62,2,1.18992,1.24991,-0.0557742,-1.68836,-0.0599969
0.62,3,0.0252084,0.0156097,0.221642,-0.0369979,0.00959872
0.62,4,-0.394958,-0.374231,0.0500626,-0.190846,-0.0207268
0.62,5,-4.31793e-07,-0.00109143,0.0165947,0.00047658,0.001091
0.63,0,0.0654995,0.0167879,0.319051,0.991309,0.0487116
0.63,1,-0.794542,-0.706385,0.0522792,-3.68312,-0.0881572
0.63,2,1.18908,1.24936,-0.0543065,-1.69981,-0.0602807
0.63,3,0.0272917,0.0178429,0.224367,-0.040132,0.00944882
0.63,4,-0.394542,-0.373708,0.0542021,-0.193774,-0.0208341
0.63,5,-4.67479e-07,-0.000911856,0.0188909,-0.00111033,0.000911388
0.64,0,0.0704995,0.0201507,0.350214,0.963312,0.0503488
0.64,1,-0.794125,-0.70583,0.0580015,-3.70582,-0.0882955
0.64,2,1.18825,1.24883,-0.0531193,-1.71109,-0.0605777
0.64,3,0.0293751,0.020092,0.225073,-0.0422127,0.0092831
0.64,4,-0.394125,-0.373146,0.0577077,-0.196687,-0.0209792
0.64,5,-5.03164e-07,-0.000715745,0.0200375,-0.00243505,0.000715241
0.65,0,0.0754995,0.0238191,0.380252,0.926459,0.0516804
0.65,1,-0.793709,-0.705222,0.0629154,-3.72821,-0.0884865
0.65,2,1.18742,1.2483,-0.0522372,-1.72207,-0.0608849
0.65,3,0.0314584,0.0223388,0.224145,-0.0432911,0.00911962
0.65,4,-0.393708,-0.372552,0.0606203,-0.199559,-0.0211561
0.65,5,-5.3885e-07,-0.000513842,0.0201761,-0.0034863,0.000513303
0.66,0,0.0804994,0.0277805,0.40892,0.881997,0.0527189
0.66,1,-0.793292,-0.70457,0.0670471,-3.75004,-0.0887224
0.66,2,1.18658,1.24778,-0.0516713,-1.73263,-0.0611992
0.66,3,0.0335417,0.0245691,0.221953,-0.0434454,0.00897266
0.66,4,-0.393292,-0.371933,0.0629782,-0.202361,-0.021359
0.66,5,-5.74535e-07,-0.000315322,0.0194739,-0.00426843,0.000314748
0.67,0,0.0854994,0.03202,0.436009,0.831146,0.0534793
0.67,1,-0.792875,-0.70388,0.0704279,-3.7711,-0.0889954
0.67,2,1.18575,1.24727,-0.0514223,-1.74268,-0.0615175
0.67,3,0.0356251,0.0267721,0.218837,-0.0427724,0.00885298
0.67,4,-0.392875,-0.371292,0.0648181,-0.20507,-0.0215827
0.67,5,-6.1022e-07,-0.000127625,0.0181069,-0.00479701,0.000127015
0.68,0,0.0904993,0.036521,0.461347,0.775093,0.0539783
0.68,1,-0.792459,-0.703161,0.0730931,-3.79121,-0.0892983
0.68,2,1.18492,1.24675,-0.0514822,-1.75213,-0.0618365
0.68,3,0.0377084,0.0289403,0.215101,-0.0413799,0.0087681
0.68,4,-0.392458,-0.370636,0.0661755,-0.207664,-0.021822
0.68,5,-6.45906e-07,4.35545e-05,0.0162473,-0.00509521,-4.42004e-05
0.69,0,0.0954993,0.0412651,0.484798,0.714975,0.0542343
0.69,1,-0.792042,-0.702418,0.0750826,-3.81021,-0.0896241
0.69,2,1.18408,1.24624,-0.0518361,-1.76092,-0.0621532
0.69,3,0.0397918,0.031069,0.211013,-0.0393807,0.00872271
0.69,4,-0.392042,-0.369969,0.0670854,-0.210123,-0.0220725
0.69,5,-6.81591e-07,0.000194182,0.0140549,-0.00519078,-0.000194864
0.7,0,0.100499,0.0462328,0.506261,0.651876,0.0542665
0.7,1,-0.791626,-0.701659,0.0764395,-3.82797,-0.0899662
0.7,2,1.18325,1.24572,-0.0524638,-1.76902,-0.0624649
0.7,3,0.0418751,0.033156,0.206798,-0.0368877,0.00871908
0.7,4,-0.391625,-0.369295,0.0675824,-0.212429,-0.0223297
0.7,5,-7.17277e-07,0.000321727,0.0116717,-0.00511372,-0.000322445
0.71,0,0.105499,0.0514038,0.525666,0.586818,0.0540954
0.71,1,-0.791209,-0.70089,0.0772102,-3.84438,-0.0903187
0.71,2,1.18242,1.24519,-0.0533415,-1.77639,-0.062769
0.71,3,0.0439584,0.035201,0.202641,-0.0340106,0.00875742
0.71,4,-0.391208,-0.368618,0.0677011,-0.214569,-0.0225898
0.71,5,-7.52962e-07,0.000424969,0.00921939,-0.00489443,-0.000425722
0.72,0,0.110499,0.0567574,0.542973,0.520753,0.0537418
0.72,1,-0.790792,-0.700116,0.0774437,-3.85937,-0.0906758
0.72,2,1.18158,1.24465,-0.0544427,-1.783,-0.063063
0.72,3,0.0460418,0.0372055,0.198693,-0.0308528,0.00883628
0.72,4,-0.390792,-0.367942,0.0674762,-0.216532,-0.0228492
0.72,5,-7.88647e-07,0.000503785,0.00679834,-0.00456237,-0.000504574
0.73,0,0.115499,0.0622725,0.55817,0.454559,0.0532267
0.73,1,-0.790376,-0.699343,0.0771907,-3.87288,-0.0910326
0.73,2,1.18075,1.2441,-0.0557393,-1.78887,-0.0633448
0.73,3,0.0481251,0.0391722,0.195066,-0.0275099,0.00895295
0.73,4,-0.390375,-0.36727,0.0669423,-0.218308,-0.0231046
0.73,5,-8.24333e-07,0.000558942,0.00448776,-0.00414516,-0.000559766
0.74,0,0.120499,0.0679279,0.57127,0.389038,0.0525712
0.74,1,-0.789959,-0.698575,0.076503,-3.88489,-0.0913845
0.74,2,1.17992,1.24353,-0.0572023,-1.79398,-0.0636128
0.74,3,0.0502084,0.0411047,0.191842,-0.0240681,0.00910372
0.74,4,-0.389958,-0.366605,0.0661344,-0.219892,-0.0233531
0.74,5,-8.60018e-07,0.000591887,0.00234724,-0.00366791,-0.000592747
0.75,0,0.125499,0.073703,0.58231,0.324912,0.0517961
0.75,1,-0.789542,-0.697815,0.0754331,-3.89539,-0.0917273
0.75,2,1.17908,1.24295,-0.0588027,-1.79836,-0.0638654
0.75,3,0.0522918,0.0430075,0.189077,-0.0206039,0.00928424
0.75,4,-0.389542,-0.365949,0.0650872,-0.221281,-0.0235922
0.75,5,-8.95704e-07,0.000604564,0.000418645,-0.00315289,-0.00060546
0.76,0,0.130499,0.0795775,0.591348,0.262819,0.0509216
0.76,1,-0.789126,-0.697068,0.074033,-3.9044,-0.0920575
0.76,2,1.17825,1.24235,-0.0605121,-1.80202,-0.0641014
0.76,3,0.0543751,0.0448854,0.186802,-0.0171838,0.00948973
0.76,4,-0.389125,-0.365305,0.0638352,-0.222475,-0.0238197
0.76,5,-9.31389e-07,0.00059925,-0.00127164,-0.00261941,-0.000600181
0.77,0,0.135499,0.0855316,0.598459,0.203318,0.0499674
0.77,1,-0.788709,-0.696337,0.0723545,-3.91195,-0.0923722
0.77,2,1.17742,1.24174,-0.0623027,-1.80499,-0.0643197
0.77,3,0.0564585,0.0467432,0.185028,-0.0138643,0.00971522
0.77,4,-0.388708,-0.364675,0.0624122,-0.223475,-0.0240337
0.77,5,-9.67074e-07,0.000578411,-0.00271032,-0.00208379,-0.000579378
0.78,0,0.140499,0.0915467,0.603735,0.146886,0.0489523
0.78,1,-0.788292,-0.695624,0.0704475,-3.91809,-0.0926687
0.78,2,1.17658,1.2411,-0.0641483,-1.8073,-0.0645199
0.78,3,0.0585418,0.0485861,0.183749,-0.0106925,0.00995572
0.78,4,-0.388292,-0.364059,0.0608514,-0.224287,-0.0242326
0.78,5,-1.00276e-06,0.000544584,-0.00389481,-0.00155949,-0.000545587
0.79,0,0.145499,0.0976049,0.607281,0.0939189,0.047894
0.79,1,-0.787876,-0.694931,0.0683604,-3.92289,-0.0929452
0.79,2,1.17575,1.24045,-0.066024,-1.80899,-0.0647014
0.79,3,0.0606251,0.0504188,0.18295,-0.00770632,0.0102063
0.79,4,-0.387875,-0.363459,0.0591845,-0.224915,-0.0244154
0.79,5,-1.03845e-06,0.000500286,-0.00483106,-0.0010573,-0.000501325
0.8,0,0.150499,0.10369,0.609211,0.044738,0.0468093
0.8,1,-0.787459,-0.694259,0.0661393,-3.92642,-0.0932001
0.8,2,1.17492,1.23978,-0.0679066,-1.81011,-0.0648641
0.8,3,0.0627085,0.052246,0.1826,-0.00493563,0.0104625
0.8,4,-0.387458,-0.362877,0.0574422,-0.225369,-0.024581
0.8,5,-1.07413e-06,0.000447935,-0.00553151,-0.000585593,-0.000449009
0.81,0,0.155499,0.109785,0.609651,-0.000411599,0.0457135
0.81,1,-0.787042,-0.69361,0.0638275,-3.92877,-0.0934322
0.81,2,1.17408,1.23909,-0.0697748,-1.81069,-0.065008
0.81,3,0.0647918,0.054072,0.182667,-0.00240255,0.0107198
0.81,4,-0.387042,-0.362313,0.0556529,-0.225658,-0.024729
0.81,5,-1.10982e-06,0.000389798,-0.00601328,-0.000150554,-0.000390908
0.82,0,0.160499,0.115878,0.608731,-0.0413545,0.044621
0.82,1,-0.786626,-0.692985,0.0614653,-3.93003,-0.0936408
0.82,2,1.17325,1.23838,-0.0716092,-1.81079,-0.0651335
0.82,3,0.0668751,0.0559009,0.183109,-0.000122399,0.0109743
0.82,4,-0.386625,-0.361766,0.0538436,-0.225793,-0.0248589
0.82,5,-1.1455e-06,0.000327952,-0.00629668,0.000243517,-0.000329097
0.83,0,0.165499,0.121954,0.606587,-0.0779818,0.0435445
0.83,1,-0.786209,-0.692383,0.0590898,-3.9303,-0.0938258
0.83,2,1.17242,1.23766,-0.0733925,-1.81044,-0.0652408
0.83,3,0.0689585,0.0577359,0.183883,0.00189555,0.0112225
0.83,4,-0.386208,-0.361237,0.0520387,-0.225785,-0.0249707
0.83,5,-1.18119e-06,0.00026426,-0.00640386,0.000593955,-0.000265441
0.84,0,0.170499,0.128003,0.603355,-0.110246,0.0424955
0.84,1,-0.785793,-0.691805,0.0567347,-3.92969,-0.093987
0.84,2,1.17158,1.23692,-0.0751092,-1.8097,-0.0653307
0.84,3,0.0710418,0.0595804,0.184945,0.00364737,0.0114614
0.84,4,-0.385792,-0.360727,0.0502606,-0.225647,-0.0250646
0.84,5,-1.21687e-06,0.000200357,-0.00635783,0.000899478,-0.000201574
0.85,0,0.175499,0.134015,0.599174,-0.138156,0.0414842
0.85,1,-0.785376,-0.691251,0.0544301,-3.92829,-0.094125
0.85,2,1.17075,1.23616,-0.076746,-1.80862,-0.0654038
0.85,3,0.0731252,0.0614368,0.186249,0.00513374,0.0116883
0.85,4,-0.385375,-0.360234,0.0485291,-0.225392,-0.025141
0.85,5,-1.25256e-06,0.00013765,-0.00618155,0.00115995,-0.000138903
0.86,0,0.180499,0.139979,0.594181,-0.161772,0.0405193
0.86,1,-0.784959,-0.690719,0.0522023,-3.92622,-0.0942404
0.86,2,1.16992,1.23538,-0.0782916,-1.80725,-0.0654611
0.86,3,0.0752085,0.0633074,0.187752,0.0063593,0.011901
0.86,4,-0.384958,-0.359758,0.0468615,-0.225034,-0.0252004
0.86,5,-1.28824e-06,7.73178e-05,-0.00589736,0.00137618,-7.86061e-05
0.87,0,0.185499,0.145891,0.588508,-0.181201,0.0396081
0.87,1,-0.784543,-0.690209,0.0500742,-3.92358,-0.0943339
0.87,2,1.16908,1.23459,-0.0797365,-1.80563,-0.0655034
0.87,3,0.0772918,0.065194,0.189411,0.007332,0.0120979
0.87,4,-0.384541,-0.359298,0.0452728,-0.224584,-0.0252435
0.87,5,-1.32393e-06,2.03212e-05,-0.00552643,0.0015497,-2.16451e-05
0.88,0,0.190499,0.151742,0.582287,-0.196589,0.0387568
0.88,1,-0.784126,-0.689719,0.0480649,-3.92047,-0.0944069
0.88,2,1.16825,1.23378,-0.0810731,-1.80381,-0.0655319
0.88,3,0.0793752,0.0670978,0.191186,0.00806255,0.0122774
0.88,4,-0.384125,-0.358854,0.0437755,-0.224058,-0.0252712
0.88,5,-1.35961e-06,-3.25821e-05,-0.0050885,0.00168266,3.12225e-05
0.89,0,0.195499,0.157528,0.575642,-0.208119,0.0379701
0.89,1,-0.783709,-0.689249,0.0461903,-3.91699,-0.0944605
0.89,2,1.16742,1.23297,-0.0822957,-1.80184,-0.0655477
0.89,3,0.0814585,0.0690198,0.193039,0.00856391,0.0124387
0.89,4,-0.383708,-0.358424,0.0423796,-0.223466,-0.0252845
0.89,5,-1.3953e-06,-8.08226e-05,-0.00460161,0.00177762,7.94273e-05
0.9,0,0.200499,0.163247,0.56869,-0.216003,0.0372517
0.9,1,-0.783293,-0.688797,0.0444627,-3.91323,-0.0944961
0.9,2,1.16658,1.23214,-0.0834003,-1.79975,-0.0655518
0.9,3,0.0835418,0.0709606,0.194937,0.00885075,0.0125813
0.9,4,-0.383291,-0.358007,0.041093,-0.222823,-0.0252845
0.9,5,-1.43098e-06,-0.000124002,-0.00408199,0.00183745,0.000122571
0.91,0,0.205499,0.168895,0.561545,-0.220476,0.036604
0.91,1,-0.782876,-0.688361,0.0428912,-3.90929,-0.0945153
0.91,2,1.16575,1.2313,-0.0843846,-1.7976,-0.0655456
0.91,3,0.0856252,0.0729205,0.196847,0.00893911,0.0127047
0.91,4,-0.382875,-0.357603,0.0399214,-0.222138,-0.0252722
0.91,5,-1.46667e-06,-0.000161872,-0.00354403,0.00186524,0.000160406
0.92,0,0.210498,0.17447,0.554308,-0.221794,0.0360282
0.92,1,-0.782459,-0.68794,0.041482,-3.90523,-0.0945197
0.92,2,1.16492,1.23045,-0.0852478,-1.79541,-0.0655302
0.92,3,0.0877085,0.0748994,0.198743,0.00884594,0.0128092
0.92,4,-0.382458,-0.357209,0.0388685,-0.221425,-0.0252489
0.92,5,-1.50236e-06,-0.000194322,-0.00300029,0.00186419,0.00019282
0.93,0,0.215498,0.179973,0.547075,-0.220227,0.0355249
0.93,1,-0.782043,-0.687532,0.0402385,-3.90115,-0.0945109
0.93,2,1.16408,1.22959,-0.0859905,-1.79323,-0.0655069
0.93,3,0.0897919,0.076897,0.200599,0.00858879,0.0128948
0.93,4,-0.382041,-0.356826,0.0379361,-0.220693,-0.0252157
0.93,5,-1.53804e-06,-0.000221354,-0.00246154,0.00183754,0.000219816
0.94,0,0.220498,0.185405,0.539933,-0.216056,0.0350936
0.94,1,-0.781626,-0.687136,0.0391615,-3.89711,-0.0944906
0.94,2,1.16325,1.22873,-0.0866147,-1.79107,-0.0654767
0.94,3,0.0918752,0.078913,0.202395,0.00818549,0.0129622
0.94,4,-0.381625,-0.356451,0.0371244,-0.219952,-0.0251738
0.94,5,-1.57373e-06,-0.000243068,-0.00193683,0.00178852,0.000241495
0.95,0,0.225498,0.190766,0.532958,-0.209566,0.0347327
0.95,1,-0.781209,-0.686749,0.0382496,-3.89317,-0.0944604
0.95,2,1.16242,1.22786,-0.0871235,-1.78898,-0.065441
0.95,3,0.0939585,0.0809464,0.204112,0.00765392,0.0130121
0.95,4,-0.381208,-0.356084,0.0364321,-0.219212,-0.0251245
0.95,5,-1.60941e-06,-0.000259649,-0.00143367,0.0017203,0.000258039
0.96,0,0.230498,0.196058,0.52622,-0.201045,0.0344404
0.96,1,-0.780793,-0.686371,0.0374993,-3.88938,-0.094422
0.96,2,1.16158,1.22699,-0.0875212,-1.78698,-0.0654008
0.96,3,0.0960419,0.0829966,0.205736,0.00701173,0.0130453
0.96,4,-0.380791,-0.355723,0.0358565,-0.218479,-0.0250688
0.96,5,-1.6451e-06,-0.000271345,-0.00095805,0.00163591,0.0002697
0.97,0,0.235498,0.201284,0.519778,-0.190779,0.0342138
0.97,1,-0.780376,-0.685999,0.0369053,-3.88579,-0.094377
0.97,2,1.16075,1.22611,-0.087813,-1.78509,-0.0653572
0.97,3,0.0981252,0.0850624,0.207254,0.00627616,0.0130628
0.97,4,-0.380375,-0.355367,0.0353939,-0.217762,-0.0250081
0.97,5,-1.68078e-06,-0.000278458,-0.000514661,0.00153829,0.000276778
0.98,0,0.240498,0.206448,0.513681,-0.179048,0.0340499
0.98,1,-0.77996,-0.685633,0.0364608,-3.88245,-0.0943268
0.98,2,1.15992,1.22523,-0.0880049,-1.78333,-0.0653112
0.98,3,0.100209,0.0871427,0.208657,0.00546387,0.0130658
0.98,4,-0.379958,-0.355015,0.0350393,-0.217066,-0.0249433
0.98,5,-1.71647e-06,-0.000281332,-0.000106967,0.00143017,0.000279616
0.99,0,0.245498,0.211553,0.507972,-0.166126,0.0339448
0.99,1,-0.779543,-0.68527,0.0361575,-3.87939,-0.094273
0.99,2,1.15909,1.22435,-0.0881035,-1.78171,-0.0652638
0.99,3,0.102292,0.0892364,0.209939,0.00459077,0.0130554
0.99,4,-0.379541,-0.354666,0.0347872,-0.216398,-0.0248756
0.99,5,-1.75215e-06,-0.000280337,0.000262643,0.00131413,0.000278585
1,0,0.250498,0.216604,0.502684,-0.152275,0.0338944
1,1,-0.779126,-0.684909,0.0359863,-3.87663,-0.0942169
1,2,1.15825,1.22347,-0.0881161,-1.78025,-0.065216
1,3,0.104375,0.0913423,0.211095,0.00367196,0.0130329
1,4,-0.379125,-0.354319,0.0346312,-0.215762,-0.0248058
1,5,-1.78784e-06,-0.000275862,0.000592729,0.00119255,0.000274074
1.01,0,0.255498,0.221604,0.497842,-0.137744,0.0338946
1.01,1,-0.77871,-0.68455,0.0359372,-3.8742,-0.0941597
1.01,2,1.15742,1.22259,-0.0880504,-1.77895,-0.0651684
1.01,3,0.106459,0.093459,0.212123,0.00272157,0.0129995
1.01,4,-0.378708,-0.353973,0.0345644,-0.215163,-0.0247351
1.01,5,-1.82352e-06,-0.000268307,0.000882682,0.00106761,0.000266483
1.02,0,0.260498,0.226558,0.493464,-0.122768,0.0339406
1.02,1,-0.778293,-0.68419,0.0359995,-3.87211,-0.0941027
1.02,2,1.15659,1.22171,-0.0879143,-1.77783,-0.0651219
1.02,3,0.108542,0.0955853,0.213022,0.0017527,0.0129566
1.02,4,-0.378291,-0.353627,0.0345796,-0.214602,-0.024664
1.02,5,-1.85921e-06,-0.000258073,0.00113261,0.000941284,0.000256213
1.03,0,0.265498,0.23147,0.489559,-0.107566,0.0340278
1.03,1,-0.777876,-0.683829,0.036162,-3.87036,-0.0940469
1.03,2,1.15575,1.22083,-0.0877161,-1.77688,-0.0650771
1.03,3,0.110625,0.0977199,0.213794,0.00077741,0.0129054
1.03,4,-0.377875,-0.353281,0.0346693,-0.214083,-0.0245936
1.03,5,-1.8949e-06,-0.000245556,0.00134322,0.00081534,0.000243661
1.04,0,0.270498,0.236347,0.486132,-0.092341,0.0341514
1.04,1,-0.77746,-0.683467,0.0364136,-3.86897,-0.0939932
1.04,2,1.15492,1.21995,-0.0874638,-1.77611,-0.0650346
1.04,3,0.112709,0.0998615,0.214441,-0.000193373,0.0128471
1.04,4,-0.377458,-0.352934,0.0348256,-0.213608,-0.0245244
1.04,5,-1.93058e-06,-0.000231144,0.00151574,0.000691347,0.000229214
1.05,0,0.275498,0.241191,0.483181,-0.0772759,0.0343067
1.05,1,-0.777043,-0.683101,0.0367427,-3.86793,-0.0939424
1.05,2,1.15409,1.21908,-0.0871658,-1.77551,-0.0649948
1.05,3,0.114792,0.102009,0.214967,-0.00114984,0.012783
1.05,4,-0.377041,-0.352584,0.0350408,-0.213178,-0.0244572
1.05,5,-1.96627e-06,-0.000215209,0.00165181,0.000570673,0.000213243
1.06,0,0.280498,0.246009,0.480697,-0.0625362,0.0344889
1.06,1,-0.776626,-0.682731,0.0371382,-3.86723,-0.0938954
1.06,2,1.15325,1.21821,-0.0868299,-1.77509,-0.0649583
1.06,3,0.116875,0.104161,0.215378,-0.0020833,0.0127144
1.06,4,-0.376625,-0.352232,0.0353071,-0.212792,-0.0243923
1.06,5,-2.00195e-06,-0.000198105,0.00175339,0.000454497,0.000196103
1.07,0,0.285498,0.250805,0.478668,-0.0482684,0.0346934
1.07,1,-0.77621,-0.682357,0.0375888,-3.86687,-0.0938525
1.07,2,1.15242,1.21734,-0.086464,-1.77483,-0.0649253
1.07,3,0.118959,0.106316,0.21568,-0.0029862,0.0126422
1.07,4,-0.376208,-0.351878,0.0356169,-0.212452,-0.0243304
1.07,5,-2.03764e-06,-0.000180164,0.00182273,0.000343812,0.000178126
1.08,0,0.290498,0.255582,0.477077,-0.0346002,0.0349158
1.08,1,-0.775793,-0.681979,0.0380838,-3.86683,-0.0938145
1.08,2,1.15159,1.21648,-0.0860756,-1.77473,-0.0648961
1.08,3,0.121042,0.108474,0.215879,-0.00385208,0.0125675
1.08,4,-0.375791,-0.35152,0.0359627,-0.212155,-0.0242718
1.08,5,-2.07332e-06,-0.000161696,0.00186225,0.000239438,0.000159622
1.09,0,0.295498,0.260346,0.475903,-0.0216403,0.0351517
1.09,1,-0.775377,-0.681595,0.0386129,-3.8671,-0.0937815
1.09,2,1.15075,1.21562,-0.0856717,-1.77478,-0.0648708
1.09,3,0.123125,0.110634,0.215983,-0.00467553,0.0124914
1.09,4,-0.375375,-0.351158,0.0363373,-0.211903,-0.0242168
1.09,5,-2.10901e-06,-0.000142984,0.00187449,0.000142029,0.000140875
1.1,0,0.300498,0.265101,0.475124,-0.00947935,0.0353973
1.1,1,-0.77496,-0.681206,0.0391663,-3.86766,-0.0937541
1.1,2,1.14992,1.21477,-0.0852591,-1.77497,-0.0648497
1.1,3,0.125209,0.112794,0.216,-0.00545219,0.0124148
1.1,4,-0.374958,-0.350792,0.0367339,-0.211692,-0.0241656
1.1,5,-2.14469e-06,-0.000124288,0.0018621,5.20878e-05,0.000122144
1.11,0,0.305498,0.269849,0.474711,0.00180973,0.0356486
1.11,1,-0.774543,-0.680811,0.0397349,-3.86849,-0.0937322
1.11,2,1.14909,1.21392,-0.0848438,-1.77529,-0.0648327
1.11,3,0.127292,0.114954,0.215938,-0.00617866,0.0123384
1.11,4,-0.374541,-0.350423,0.0371457,-0.211521,-0.0241185
1.11,5,-2.18038e-06,-0.000105839,0.00182774,-3.00276e-05,0.000103659
1.12,0,0.310498,0.274596,0.474638,0.012171,0.0359021
1.12,1,-0.774127,-0.680411,0.04031,-3.86957,-0.0937161
1.12,2,1.14825,1.21307,-0.0844316,-1.77573,-0.0648198
1.12,3,0.129375,0.117112,0.215805,-0.00685244,0.012263
1.12,4,-0.374125,-0.350049,0.0375668,-0.211389,-0.0240756
1.12,5,-2.21606e-06,-8.78423e-05,0.00177407,-0.000104089,8.56263e-05
1.13,0,0.315498,0.279343,0.474873,0.0215647,0.0361546
1.13,1,-0.77371,-0.680004,0.0408839,-3.87088,-0.0937057
1.13,2,1.14742,1.21223,-0.0840276,-1.77628,-0.064811
1.13,3,0.131459,0.119269,0.215609,-0.00747193,0.0121894
1.13,4,-0.373708,-0.349671,0.0379914,-0.211292,-0.024037
1.13,5,-2.25175e-06,-7.0476e-05,0.00170369,-0.000169987,6.82243e-05
1.14,0,0.320498,0.284094,0.475388,0.0299661,0.0364032
1.14,1,-0.773293,-0.679592,0.0414495,-3.87239,-0.093701
1.14,2,1.14659,1.21139,-0.0836361,-1.77691,-0.0648062
1.14,3,0.133542,0.121424,0.215359,-0.0080363,0.0121179
1.14,4,-0.373291,-0.349289,0.0384143,-0.211228,-0.0240025
1.14,5,-2.28743e-06,-5.38933e-05,0.00161916,-0.00022772,5.16059e-05
1.15,0,0.325498,0.288852,0.47615,0.0373645,0.0366453
1.15,1,-0.772877,-0.679175,0.0420004,-3.87408,-0.0937019
1.15,2,1.14575,1.21056,-0.0832613,-1.77763,-0.0648052
1.15,3,0.135625,0.123576,0.215064,-0.00854545,0.0120493
1.15,4,-0.372875,-0.348902,0.0388307,-0.211194,-0.0239723
1.15,5,-2.32312e-06,-3.82223e-05,0.00152293,-0.000277383,3.58992e-05
1.16,0,0.330498,0.293619,0.477127,0.0437621,0.0368786
1.16,1,-0.77246,-0.678752,0.042531,-3.87592,-0.0937082
1.16,2,1.14492,1.20973,-0.0829064,-1.77842,-0.0648079
1.16,3,0.137709,0.125725,0.21473,-0.00899994,0.0119838
1.16,4,-0.372458,-0.348512,0.0392362,-0.211188,-0.0239462
1.16,5,-2.35881e-06,-2.35671e-05,0.00141732,-0.000319155,2.12082e-05
1.17,0,0.335498,0.298397,0.478289,0.0491728,0.037101
1.17,1,-0.772043,-0.678324,0.0430366,-3.8779,-0.0937197
1.17,2,1.14409,1.2089,-0.0825742,-1.77927,-0.064814
1.17,3,0.139792,0.12787,0.214365,-0.00940093,0.0119218
1.17,4,-0.372041,-0.348117,0.0396272,-0.211206,-0.023924
1.17,5,-2.39449e-06,-1.0009e-05,0.00130455,-0.000353292,7.61455e-06
1.18,0,0.340498,0.303187,0.479606,0.053621,0.037311
1.18,1,-0.771627,-0.677891,0.0435131,-3.87998,-0.0937361
1.18,2,1.14325,1.20808,-0.082267,-1.78016,-0.0648232
1.18,3,0.141875,0.130012,0.213977,-0.00975009,0.0118636
1.18,4,-0.371625,-0.347719,0.0400003,-0.211246,-0.0239057
1.18,5,-2.43018e-06,2.39151e-06,0.00118667,-0.00038011,-4.82169e-06
1.19,0,0.345497,0.30799,0.481047,0.0571403,0.037507
1.19,1,-0.77121,-0.677453,0.0439571,-3.88215,-0.093757
1.19,2,1.14242,1.20725,-0.0819865,-1.78109,-0.0648354
1.19,3,0.143959,0.132149,0.213572,-0.0100495,0.0118094
1.19,4,-0.371208,-0.347317,0.0403526,-0.211304,-0.023891
1.19,5,-2.46586e-06,1.35942e-05,0.0010656,-0.000399981,-1.60601e-05
1.2,0,0.350497,0.312809,0.482584,0.0597723,0.0376881
1.2,1,-0.770793,-0.677011,0.044366,-3.88439,-0.0937822
1.2,2,1.14159,1.20644,-0.0817338,-1.78204,-0.0648503
1.2,3,0.146042,0.134283,0.213158,-0.0103018,0.0117593
1.2,4,-0.370791,-0.346912,0.040682,-0.211378,-0.0238797
1.2,5,-2.50155e-06,2.3577e-05,0.000943096,-0.000413321,-2.60785e-05
1.21,0,0.355497,0.317644,0.484191,0.0615654,0.0378535
1.21,1,-0.770377,-0.676566,0.0447379,-3.88667,-0.0938113
1.21,2,1.14075,1.20562,-0.0815097,-1.78301,-0.0648675
1.21,3,0.148125,0.136412,0.212739,-0.0105097,0.0117133
1.21,4,-0.370375,-0.346503,0.0409864,-0.211465,-0.0238715
1.21,5,-2.53723e-06,3.23343e-05,0.000820751,-0.000420583,-3.48715e-05
1.22,0,0.360497,0.322495,0.485842,0.0625736,0.0380025
1.22,1,-0.76996,-0.676116,0.0450715,-3.88897,-0.0938439
1.22,2,1.13992,1.20481,-0.0813145,-1.78397,-0.0648868
1.22,3,0.150209,0.138537,0.21232,-0.0106763,0.0116716
1.22,4,-0.369958,-0.346092,0.0412644,-0.211562,-0.0238663
1.22,5,-2.57292e-06,3.98758e-05,0.000700004,-0.000422245,-4.24487e-05
1.23,0,0.365497,0.327363,0.487513,0.0628554,0.0381348
1.23,1,-0.769544,-0.675664,0.045366,-3.89128,-0.0938797
1.23,2,1.13909,1.20399,-0.0811481,-1.78494,-0.0649079
1.23,3,0.152292,0.140658,0.211908,-0.0108049,0.011634
1.23,4,-0.369541,-0.345678,0.0415152,-0.211667,-0.0238637
1.23,5,-2.6086e-06,4.62247e-05,0.00058213,-0.000418805,-4.88333e-05
1.24,0,0.370497,0.332247,0.489182,0.0624724,0.0382505
1.24,1,-0.769127,-0.675209,0.0456213,-3.89359,-0.0939181
1.24,2,1.13825,1.20318,-0.0810099,-1.78589,-0.0649305
1.24,3,0.154375,0.142775,0.211506,-0.0108989,0.0116005
1.24,4,-0.369125,-0.345261,0.0417379,-0.211776,-0.0238634
1.24,5,-2.64429e-06,5.14159e-05,0.000468248,-0.000410776,-5.40602e-05
1.25,0,0.375497,0.337148,0.490831,0.0614888,0.0383495
1.25,1,-0.76871,-0.674751,0.0458377,-3.89587,-0.0939589
1.25,2,1.13742,1.20237,-0.0808992,-1.78683,-0.0649543
1.25,3,0.156459,0.144888,0.211118,-0.0109618,0.0115709
1.25,4,-0.368708,-0.344843,0.0419325,-0.211888,-0.0238652
1.25,5,-2.67997e-06,5.54949e-05,0.000359324,-0.000398671,-5.81748e-05
1.26,0,0.380497,0.342065,0.492441,0.0599701,0.0384323
1.26,1,-0.768294,-0.674292,0.0460161,-3.89811,-0.0940016
1.26,2,1.13659,1.20157,-0.0808149,-1.78774,-0.0649791
1.26,3,0.158542,0.146997,0.210747,-0.0109973,0.0115451
1.26,4,-0.368291,-0.344423,0.042099,-0.212,-0.0238688
1.26,5,-2.71566e-06,5.85157e-05,0.000256172,-0.000383009,-6.12314e-05
1.27,0,0.385497,0.346998,0.493996,0.0579822,0.0384992
1.27,1,-0.767877,-0.673831,0.0461576,-3.90031,-0.094046
1.27,2,1.13575,1.20076,-0.0807556,-1.78863,-0.0650046
1.27,3,0.160625,0.149102,0.210397,-0.0110087,0.0115229
1.27,4,-0.367875,-0.344001,0.0422378,-0.21211,-0.0238739
1.27,5,-2.75134e-06,6.054e-05,0.000159466,-0.000364296,-6.32913e-05
1.28,0,0.390497,0.351946,0.495483,0.0555906,0.038551
1.28,1,-0.76746,-0.673369,0.0462638,-3.90245,-0.0940915
1.28,2,1.13492,1.19995,-0.0807199,-1.78948,-0.0650306
1.28,3,0.162709,0.151205,0.210068,-0.0109997,0.0115041
1.28,4,-0.367458,-0.343578,0.0423497,-0.212217,-0.0238802
1.28,5,-2.78703e-06,6.16352e-05,6.97411e-05,-0.000343034,-6.44222e-05
1.29,0,0.395497,0.356909,0.496891,0.0528597,0.0385883
1.29,1,-0.767044,-0.672906,0.0463366,-3.90453,-0.0941379
1.29,2,1.13409,1.19914,-0.0807059,-1.79029,-0.0650568
1.29,3,0.164792,0.153304,0.209764,-0.0109736,0.0114885
1.29,4,-0.367041,-0.343154,0.0424355,-0.212318,-0.0238875
1.29,5,-2.82272e-06,6.18735e-05,-1.25958e-05,-0.000319703,-6.46963e-05
1.3,0,0.400497,0.361885,0.49821,0.0498522,0.038612
1.3,1,-0.766627,-0.672442,0.0463779,-3.90653,-0.0941849
1.3,2,1.13325,1.19834,-0.0807121,-1.79107,-0.065083
1.3,3,0.166875,0.1554,0.209485,-0.0109337,0.0114757
1.3,4,-0.366625,-0.342729,0.0424965,-0.212413,-0.0238956
1.3,5,-2.8584e-06,6.13305e-05,-8.72598e-05,-0.000294767,-6.41889e-05
1.31,0,0.405497,0.366874,0.499432,0.0466284,0.0386231
1.31,1,-0.76621,-0.671978,0.0463902,-3.90846,-0.0942322
1.31,2,1.13242,1.19753,-0.0807363,-1.7918,-0.065109
1.31,3,0.168959,0.157493,0.209232,-0.0108832,0.0114656
1.31,4,-0.366208,-0.342304,0.0425339,-0.2125,-0.0239041
1.31,5,-2.89409e-06,6.00839e-05,-0.000154079,-0.000268666,-6.2978e-05
1.32,0,0.410497,0.371875,0.500552,0.0432457,0.0386225
1.32,1,-0.765794,-0.671514,0.046376,-3.9103,-0.0942794
1.32,2,1.13159,1.19672,-0.0807767,-1.79249,-0.0651348
1.32,3,0.171042,0.159584,0.209007,-0.010825,0.0114579
1.32,4,-0.365791,-0.341878,0.0425494,-0.212578,-0.0239129
1.32,5,-2.92977e-06,5.82126e-05,-0.000212988,-0.000241815,-6.11424e-05
1.33,0,0.415497,0.376886,0.501565,0.0397583,0.0386113
1.33,1,-0.765377,-0.671051,0.0463376,-3.91206,-0.0943263
1.33,2,1.13075,1.19591,-0.0808312,-1.79314,-0.06516
1.33,3,0.173125,0.161673,0.208808,-0.0107621,0.0114523
1.33,4,-0.365375,-0.341453,0.0425444,-0.212646,-0.0239217
1.33,5,-2.96546e-06,5.57956e-05,-0.000264015,-0.000214601,-5.8761e-05
1.34,0,0.420497,0.381906,0.502468,0.0362168,0.0385906
1.34,1,-0.764961,-0.670588,0.0462779,-3.91374,-0.0943727
1.34,2,1.12992,1.1951,-0.080898,-1.79374,-0.0651846
1.34,3,0.175209,0.16376,0.208637,-0.0106969,0.0114485
1.34,4,-0.364958,-0.341028,0.0425208,-0.212703,-0.0239303
1.34,5,-3.00114e-06,5.29112e-05,-0.000307276,-0.000187379,-5.59123e-05
1.35,0,0.425497,0.386936,0.503262,0.0326677,0.0385614
1.35,1,-0.764544,-0.670125,0.0461995,-3.91534,-0.0944184
1.35,2,1.12909,1.19429,-0.0809751,-1.79431,-0.0652085
1.35,3,0.177292,0.165846,0.208491,-0.0106318,0.0114463
1.35,4,-0.364541,-0.340603,0.0424802,-0.212749,-0.0239387
1.35,5,-3.03683e-06,4.9636e-05,-0.000342967,-0.000160474,-5.26728e-05
1.36,0,0.430497,0.391972,0.503947,0.0291536,0.0385249
1.36,1,-0.764127,-0.669664,0.046105,-3.91685,-0.0944633
1.36,2,1.12825,1.19348,-0.0810604,-1.79483,-0.0652316
1.36,3,0.179375,0.16793,0.208372,-0.0105691,0.0114454
1.36,4,-0.364125,-0.340178,0.0424246,-0.212784,-0.0239465
1.36,5,-3.07251e-06,4.60443e-05,-0.000371352,-0.000134178,-4.91168e-05
1.37,0,0.435497,0.397015,0.504524,0.0257129,0.0384821
1.37,1,-0.763711,-0.669203,0.045997,-3.91828,-0.0945071
1.37,2,1.12742,1.19267,-0.0811524,-1.79531,-0.0652538
1.37,3,0.181459,0.170013,0.208277,-0.0105106,0.0114456
1.37,4,-0.363708,-0.339754,0.0423557,-0.212807,-0.0239537
1.37,5,-3.1082e-06,4.22074e-05,-0.000392754,-0.000108752,-4.53156e-05
1.38,0,0.440497,0.402063,0.504995,0.0223796,0.0384341
1.38,1,-0.763294,-0.668744,0.0458781,-3.91963,-0.0945498
1.38,2,1.12659,1.19186,-0.081249,-1.79575,-0.0652751
1.38,3,0.183542,0.172096,0.208206,-0.010458,0.0114465
1.38,4,-0.363291,-0.339331,0.0422754,-0.212819,-0.0239602
1.38,5,-3.14388e-06,3.81932e-05,-0.000407549,-8.44207e-05,-4.13371e-05
1.39,0,0.445497,0.407115,0.505366,0.0191834,0.038382
1.39,1,-0.762877,-0.668286,0.0457507,-3.9209,-0.0945912
1.39,2,1.12575,1.19105,-0.0813489,-1.79616,-0.0652953
1.39,3,0.185625,0.174177,0.208157,-0.0104129,0.0114481
1.39,4,-0.362875,-0.338909,0.0421855,-0.212819,-0.0239658
1.39,5,-3.17957e-06,3.40655e-05,-0.000416157,-6.13781e-05,-3.7245e-05
1.4,0,0.450497,0.41217,0.50564,0.0161497,0.0383268
1.4,1,-0.762461,-0.667829,0.0456172,-3.92211,-0.0946314
1.4,2,1.12492,1.19023,-0.0814503,-1.79654,-0.0653146
1.4,3,0.187709,0.176259,0.208128,-0.0103764,0.0114501
1.4,4,-0.362458,-0.338488,0.0420876,-0.212807,-0.0239704
1.4,5,-3.21526e-06,2.98836e-05,-0.000419029,-3.97854e-05,-3.30988e-05
1.41,0,0.455497,0.417227,0.505823,0.0132998,0.0382692
1.41,1,-0.762044,-0.667374,0.0454798,-3.92325,-0.0946701
1.41,2,1.12409,1.18942,-0.0815519,-1.79688,-0.0653328
1.41,3,0.189792,0.17834,0.208119,-0.0103496,0.0114522
1.41,4,-0.362041,-0.338067,0.0419836,-0.212784,-0.023974
1.41,5,-3.25094e-06,2.57023e-05,-0.000416645,-1.97724e-05,-2.89532e-05
1.42,0,0.460497,0.422286,0.505921,0.0106508,0.0382104
1.42,1,-0.761627,-0.66692,0.0453405,-3.92432,-0.0947075
1.42,2,1.12325,1.1886,-0.0816525,-1.7972,-0.06535
1.42,3,0.191875,0.180421,0.208127,-0.0103333,0.0114543
1.42,4,-0.361625,-0.337648,0.0418749,-0.21275,-0.0239766
1.42,5,-3.28663e-06,2.15714e-05,-0.000409504,-1.4388e-06,-2.4858e-05
1.43,0,0.465497,0.427346,0.505941,0.00821604,0.0381509
1.43,1,-0.761211,-0.666467,0.0452013,-3.92535,-0.0947435
1.43,2,1.12242,1.18779,-0.0817508,-1.79749,-0.0653663
1.43,3,0.193959,0.182503,0.208151,-0.0103281,0.0114562
1.43,4,-0.361208,-0.33723,0.0417632,-0.212706,-0.0239781
1.43,5,-3.32231e-06,1.75357e-05,-0.000398114,1.51444e-05,-2.0858e-05
1.44,0,0.470497,0.432405,0.505888,0.00600505,0.0380917
1.44,1,-0.760794,-0.666016,0.0450637,-3.92632,-0.0947781
1.44,2,1.12159,1.18697,-0.0818458,-1.79775,-0.0653815
1.44,3,0.196042,0.184584,0.208189,-0.0103345,0.0114579
1.44,4,-0.360791,-0.336813,0.0416499,-0.212652,-0.0239784
1.44,5,-3.358e-06,1.36348e-05,-0.000382991,2.99332e-05,-1.69928e-05
1.45,0,0.475497,0.437463,0.505771,0.00402392,0.0380334
1.45,1,-0.760377,-0.665566,0.0449294,-3.92724,-0.0948114
1.45,2,1.12075,1.18615,-0.0819367,-1.798,-0.0653959
1.45,3,0.198125,0.186666,0.208239,-0.0103527,0.0114591
1.45,4,-0.360375,-0.336397,0.0415361,-0.212589,-0.0239776
1.45,5,-3.39368e-06,9.90337e-06,-0.000364647,4.29089e-05,-1.32971e-05
1.46,0,0.480497,0.44252,0.505596,0.00227546,0.0379766
1.46,1,-0.759961,-0.665117,0.0447997,-3.92813,-0.0948433
1.46,2,1.11992,1.18533,-0.0820227,-1.79823,-0.0654093
1.46,3,0.200209,0.188749,0.208299,-0.0103827,0.0114597
1.46,4,-0.359958,-0.335982,0.0414233,-0.212517,-0.0239757
1.46,5,-3.42937e-06,6.37069e-06,-0.000343588,5.4076e-05,-9.80006e-06
1.47,0,0.485496,0.447575,0.505371,0.000759522,0.0379218
1.47,1,-0.759544,-0.66467,0.0446758,-3.92899,-0.094874
1.47,2,1.11909,1.18451,-0.0821032,-1.79845,-0.065422
1.47,3,0.202292,0.190832,0.208368,-0.0104245,0.0114597
1.47,4,-0.359541,-0.335569,0.0413124,-0.212437,-0.0239726
1.47,5,-3.46505e-06,3.06123e-06,-0.000320305,6.34601e-05,-6.52629e-06
1.48,0,0.490496,0.452627,0.505102,-0.000526786,0.0378695
1.48,1,-0.759128,-0.664224,0.0445587,-3.92982,-0.0949035
1.48,2,1.11825,1.18369,-0.0821777,-1.79866,-0.0654338
1.48,3,0.204375,0.192917,0.208445,-0.0104779,0.0114589
1.48,4,-0.359125,-0.335156,0.0412044,-0.21235,-0.0239685
1.48,5,-3.50074e-06,-5.41003e-09,-0.000295275,7.11057e-05,-3.49533e-06
1.49,0,0.495496,0.457676,0.504797,-0.00158879,0.0378201
1.49,1,-0.758711,-0.663779,0.0444492,-3.93062,-0.0949318
1.49,2,1.11742,1.18287,-0.0822458,-1.79886,-0.0654449
1.49,3,0.206459,0.195001,0.208527,-0.0105425,0.0114573
1.49,4,-0.358708,-0.334745,0.0411003,-0.212256,-0.0239633
1.49,5,-3.53642e-06,-2.81425e-06,-0.00026895,7.70742e-05,-7.22176e-07
1.5,0,0.500496,0.462722,0.504463,-0.00243397,0.0377739
1.5,1,-0.758294,-0.663335,0.0443479,-3.93141,-0.0949591
1.5,2,1.11659,1.18204,-0.0823073,-1.79905,-0.0654554
1.5,3,0.208542,0.197087,0.208612,-0.010618,0.0114549
1.5,4,-0.358291,-0.334334,0.0410006,-0.212157,-0.0239571
1.5,5,-3.57211e-06,-5.35475e-06,-0.000241761,8.14415e-05,1.78264e-06
1.51,0,0.505496,0.467765,0.504106,-0.00307169,0.0377312
1.51,1,-0.757878,-0.662892,0.0442554,-3.93218,-0.0949854
1.51,2,1.11575,1.18122,-0.082362,-1.79924,-0.0654654
1.51,3,0.210625,0.199174,0.208701,-0.0107037,0.0114517
1.51,4,-0.357875,-0.333925,0.040906,-0.212052,-0.0239499
1.51,5,-3.60779e-06,-7.62049e-06,-0.000214108,8.42958e-05,4.0127e-06
1.52,0,0.510496,0.472804,0.503732,-0.00351293,0.0376921
1.52,1,-0.757461,-0.66245,0.0441719,-3.93295,-0.0950109
1.52,2,1.11492,1.18039,-0.0824099,-1.79942,-0.0654748
1.52,3,0.212709,0.201261,0.20879,-0.010799,0.0114475
1.52,4,-0.357458,-0.333516,0.0408171,-0.211943,-0.0239418
1.52,5,-3.64348e-06,-9.6089e-06,-0.000186362,8.57357e-05,5.96542e-06
1.53,0,0.515496,0.477839,0.503348,-0.00376997,0.0376569
1.53,1,-0.757044,-0.662009,0.0440977,-3.93371,-0.0950355
1.53,2,1.11409,1.17957,-0.0824509,-1.79961,-0.0654837
1.53,3,0.214792,0.20335,0.20888,-0.0109034,0.0114425
1.53,4,-0.357041,-0.333108,0.0407342,-0.21183,-0.0239328
1.53,5,-3.67917e-06,-1.13209e-05,-0.000158862,8.58675e-05,7.64177e-06
1.54,0,0.520496,0.482871,0.502958,-0.00385618,0.0376255
1.54,1,-0.756628,-0.661568,0.0440328,-3.93448,-0.0950595
1.54,2,1.11325,1.17875,-0.0824853,-1.7998,-0.0654923
1.54,3,0.216875,0.205439,0.208969,-0.0110161,0.0114365
1.54,4,-0.356625,-0.332701,0.0406576,-0.211713,-0.0239231
1.54,5,-3.71485e-06,-1.27608e-05,-0.000131914,8.48039e-05,9.04592e-06
1.55,0,0.525496,0.487898,0.502569,-0.00378573,0.037598
1.55,1,-0.756211,-0.661128,0.0439772,-3.93525,-0.0950829
1.55,2,1.11242,1.17792,-0.0825131,-1.79999,-0.0655006
1.55,3,0.218959,0.207529,0.209055,-0.0111363,0.0114297
1.55,4,-0.356208,-0.332295,0.0405876,-0.211594,-0.0239126
1.55,5,-3.75054e-06,-1.39355e-05,-0.000105791,8.26618e-05,1.01849e-05
1.56,0,0.530496,0.492922,0.502183,-0.00357338,0.0375744
1.56,1,-0.755794,-0.660689,0.0439307,-3.93602,-0.0951057
1.56,2,1.11159,1.1771,-0.0825348,-1.80019,-0.0655087
1.56,3,0.221042,0.20962,0.209139,-0.0112632,0.011422
1.56,4,-0.355791,-0.33189,0.0405242,-0.211473,-0.0239014
1.56,5,-3.78622e-06,-1.48546e-05,-8.07285e-05,7.95602e-05,1.10683e-05
1.57,0,0.535496,0.497941,0.501806,-0.00323423,0.0375546
1.57,1,-0.755378,-0.66025,0.043893,-3.93681,-0.0951282
1.57,2,1.11075,1.17627,-0.0825504,-1.8004,-0.0655165
1.57,3,0.223125,0.211712,0.209219,-0.0113961,0.0114135
1.57,4,-0.355374,-0.331485,0.0404674,-0.211351,-0.0238897
1.57,5,-3.82191e-06,-1.55298e-05,-5.69317e-05,7.56191e-05,1.17079e-05
1.58,0,0.540496,0.502958,0.501442,-0.00278351,0.0375385
1.58,1,-0.754961,-0.659811,0.0438637,-3.9376,-0.0951503
1.58,2,1.10992,1.17544,-0.0825606,-1.80061,-0.0655243
1.58,3,0.225209,0.213805,0.209294,-0.0115341,0.0114042
1.58,4,-0.354958,-0.33108,0.0404172,-0.211228,-0.0238774
1.58,5,-3.85759e-06,-1.59749e-05,-3.45705e-05,7.09578e-05,1.21173e-05
1.59,0,0.545496,0.50797,0.501092,-0.00223643,0.037526
1.59,1,-0.754544,-0.659372,0.0438425,-3.93841,-0.0951722
1.59,2,1.10909,1.17462,-0.0825655,-1.80083,-0.0655319
1.59,3,0.227292,0.215898,0.209365,-0.0116765,0.0113942
1.59,4,-0.354541,-0.330677,0.0403735,-0.211104,-0.0238646
1.59,5,-3.89328e-06,-1.62049e-05,-1.37828e-05,6.56932e-05,1.23117e-05
1.6,0,0.550496,0.512979,0.500761,-0.00160796,0.0375169
1.6,1,-0.754128,-0.658934,0.0438288,-3.93924,-0.0951939
1.6,2,1.10825,1.17379,-0.0825657,-1.80106,-0.0655396
1.6,3,0.229375,0.217992,0.20943,-0.0118226,0.0113836
1.6,4,-0.354124,-0.330273,0.0403361,-0.21098,-0.0238515
1.6,5,-3.92896e-06,-1.62363e-05,5.32502e-06,5.9939e-05,1.23073e-05
1.61,0,0.555496,0.517985,0.500451,-0.000912698,0.037511
1.61,1,-0.753711,-0.658496,0.0438221,-3.94009,-0.0952155
1.61,2,1.10742,1.17297,-0.0825615,-1.80129,-0.0655472
1.61,3,0.231459,0.220087,0.20949,-0.0119715,0.0113723
1.61,4,-0.353708,-0.32987,0.0403047,-0.210856,-0.023838
1.61,5,-3.96465e-06,-1.60861e-05,2.2676e-05,5.38045e-05,1.21215e-05
1.62,0,0.560496,0.522988,0.500162,-0.000164717,0.037508
1.62,1,-0.753295,-0.658057,0.0438218,-3.94095,-0.0952371
1.62,2,1.10659,1.17214,-0.0825535,-1.80154,-0.065555
1.62,3,0.233542,0.222182,0.209544,-0.0121225,0.0113604
1.62,4,-0.353291,-0.329467,0.0402791,-0.210733,-0.0238242
1.62,5,-4.00033e-06,-1.57723e-05,3.82214e-05,4.73936e-05,1.1772e-05
1.63,0,0.565496,0.527988,0.499897,0.000622533,0.0375079
1.63,1,-0.752878,-0.657619,0.0438274,-3.94183,-0.0952587
1.63,2,1.10575,1.17132,-0.0825421,-1.8018,-0.0655628
1.63,3,0.235626,0.224277,0.209592,-0.012275,0.011348
1.63,4,-0.352874,-0.329064,0.0402589,-0.210611,-0.0238102
1.63,5,-4.03602e-06,-1.53132e-05,5.19383e-05,4.08043e-05,1.12772e-05
1.64,0,0.570496,0.532986,0.499657,0.00143634,0.0375102
1.64,1,-0.752461,-0.657181,0.0438382,-3.94273,-0.0952804
1.64,2,1.10492,1.17049,-0.0825277,-1.80207,-0.0655707
1.64,3,0.237709,0.226374,0.209634,-0.0124283,0.0113352
1.64,4,-0.352458,-0.328662,0.0402437,-0.21049,-0.0237961
1.64,5,-4.0717e-06,-1.47269e-05,6.38278e-05,3.41276e-05,1.06552e-05
1.65,0,0.575496,0.537981,0.499442,0.00226481,0.0375148
1.65,1,-0.752045,-0.656742,0.0438535,-3.94365,-0.0953022
1.65,2,1.10409,1.16967,-0.0825109,-1.80234,-0.0655788
1.65,3,0.239792,0.22847,0.20967,-0.0125819,0.011322
1.65,4,-0.352041,-0.328259,0.0402333,-0.210371,-0.0237818
1.65,5,-4.10739e-06,-1.40317e-05,7.39127e-05,2.74476e-05,9.92429e-06
1.66,0,0.580496,0.542974,0.499253,0.00309692,0.0375214
1.66,1,-0.751628,-0.656304,0.0438728,-3.94459,-0.0953242
1.66,2,1.10325,1.16884,-0.082492,-1.80263,-0.0655871
1.66,3,0.241876,0.230567,0.2097,-0.0127352,0.0113085
1.66,4,-0.351624,-0.327857,0.0402271,-0.210253,-0.0237674
1.66,5,-4.14308e-06,-1.32453e-05,8.22355e-05,2.08407e-05,9.10227e-06
1.67,0,0.585496,0.547966,0.499089,0.00392261,0.0375297
1.67,1,-0.751211,-0.655865,0.0438955,-3.94554,-0.0953464
1.67,2,1.10242,1.16802,-0.0824715,-1.80293,-0.0655956
1.67,3,0.243959,0.232664,0.209724,-0.0128877,0.0112947
1.67,4,-0.351208,-0.327455,0.0402248,-0.210136,-0.023753
1.67,5,-4.17876e-06,-1.23852e-05,8.88557e-05,1.43755e-05,8.20644e-06
1.68,0,0.590496,0.552956,0.49895,0.00473277,0.0375396
1.68,1,-0.750795,-0.655426,0.0439208,-3.94652,-0.0953688
1.68,2,1.10159,1.16719,-0.0824499,-1.80323,-0.0656043
1.68,3,0.246042,0.234762,0.209743,-0.0130389,0.0112807
1.68,4,-0.350791,-0.327053,0.0402259,-0.210022,-0.0237386
1.68,5,-4.21445e-06,-1.14679e-05,9.38478e-05,8.11283e-06,7.25343e-06
1.69,0,0.595496,0.557945,0.498836,0.00551926,0.0375507
1.69,1,-0.750378,-0.654987,0.0439483,-3.94751,-0.0953916
1.69,2,1.10075,1.16637,-0.0824274,-1.80354,-0.0656133
1.69,3,0.248126,0.236859,0.209756,-0.0131885,0.0112665
1.69,4,-0.350374,-0.32665,0.0402301,-0.209908,-0.0237242
1.69,5,-4.25013e-06,-1.05092e-05,9.72988e-05,2.10563e-06,6.25906e-06
1.7,0,0.600496,0.562933,0.498746,0.00627498,0.0375628
1.7,1,-0.749961,-0.654547,0.0439774,-3.94851,-0.0954146
1.7,2,1.09992,1.16554,-0.0824045,-1.80386,-0.0656224
1.7,3,0.250209,0.238957,0.209764,-0.0133361,0.0112522
1.7,4,-0.349958,-0.326248,0.0402368,-0.209797,-0.0237098
1.7,5,-4.28582e-06,-9.52401e-06,9.93065e-05,-3.60099e-06,5.23819e-06
1.71,0,0.605496,0.56792,0.498678,0.00699377,0.0375757
1.71,1,-0.749545,-0.654107,0.0440076,-3.94954,-0.0954379
1.71,2,1.09909,1.16472,-0.0823815,-1.80419,-0.0656318
1.71,3,0.252292,0.241054,0.209767,-0.0134814,0.0112379
1.71,4,-0.349541,-0.325846,0.0402457,-0.209688,-0.0236956
1.71,5,-4.3215e-06,-8.5262e-06,9.99767e-05,-8.96953e-06,4.2047e-06
1.72,0,0.610496,0.572906,0.498632,0.00767049,0.0375892
1.72,1,-0.749128,-0.653667,0.0440383,-3.95057,-0.0954615
1.72,2,1.09825,1.1639,-0.0823587,-1.80452,-0.0656414
1.72,3,0.254376,0.243152,0.209767,-0.0136242,0.0112236
1.72,4,-0.349124,-0.325443,0.0402564,-0.20958,-0.0236814
1.72,5,-4.35719e-06,-7.52852e-06,9.94218e-05,-1.39699e-05,3.17133e-06
1.73,0,0.615496,0.577893,0.498606,0.00830092,0.037603
1.73,1,-0.748712,-0.653226,0.0440692,-3.95162,-0.0954854
1.73,2,1.09742,1.16307,-0.0823364,-1.80486,-0.0656512
1.73,3,0.256459,0.24525,0.209762,-0.0137643,0.0112093
1.73,4,-0.348708,-0.32504,0.0402685,-0.209473,-0.0236674
1.73,5,-4.39287e-06,-6.54259e-06,9.77582e-05,-1.85789e-05,2.14971e-06
1.74,0,0.620495,0.582879,0.498599,0.00888175,0.0376169
1.74,1,-0.748295,-0.652785,0.0440997,-3.95268,-0.0955096
1.74,2,1.09659,1.16225,-0.0823148,-1.80521,-0.0656613
1.74,3,0.258542,0.247347,0.209753,-0.0139015,0.011195
1.74,4,-0.348291,-0.324638,0.0402816,-0.209369,-0.0236535
1.74,5,-4.42856e-06,-5.57883e-06,9.51053e-05,-2.27802e-05,1.15027e-06
1.75,0,0.625495,0.587865,0.498608,0.00941055,0.0376309
1.75,1,-0.747878,-0.652344,0.0441296,-3.95375,-0.0955341
1.75,2,1.09575,1.16143,-0.0822941,-1.80556,-0.0656716
1.75,3,0.260626,0.249445,0.209741,-0.0140358,0.0111809
1.75,4,-0.347874,-0.324235,0.0402954,-0.209265,-0.0236397
1.75,5,-4.46424e-06,-4.64648e-06,9.15832e-05,-2.65638e-05,1.82237e-07
1.76,0,0.630495,0.592851,0.498633,0.00988571,0.0376446
1.76,1,-0.747462,-0.651903,0.0441585,-3.95483,-0.0955589
1.76,2,1.09492,1.1606,-0.0822746,-1.80591,-0.065682
1.76,3,0.262709,0.251542,0.209727,-0.014167,0.0111669
1.76,4,-0.347458,-0.323832,0.0403095,-0.209163,-0.0236261
1.76,5,-4.49993e-06,-3.75357e-06,8.73114e-05,-2.99252e-05,-7.46355e-07
1.77,0,0.635495,0.597837,0.498672,0.0103064,0.0376581
1.77,1,-0.747045,-0.651461,0.0441861,-3.95592,-0.095584
1.77,2,1.09409,1.15978,-0.0822564,-1.80627,-0.0656927
1.77,3,0.264792,0.253639,0.20971,-0.0142952,0.0111531
1.77,4,-0.347041,-0.323429,0.0403237,-0.209062,-0.0236126
1.77,5,-4.53562e-06,-2.90696e-06,8.24075e-05,-3.28655e-05,-1.62866e-06
1.78,0,0.640495,0.602824,0.498723,0.0106725,0.037671
1.78,1,-0.746628,-0.651019,0.0442122,-3.95701,-0.0956094
1.78,2,1.09325,1.15896,-0.0822395,-1.80663,-0.0657035
1.78,3,0.266876,0.255736,0.209691,-0.0144203,0.0111394
1.78,4,-0.346624,-0.323025,0.0403376,-0.208962,-0.0235992
1.78,5,-4.5713e-06,-2.11232e-06,7.69861e-05,-3.53907e-05,-2.45898e-06
1.79,0,0.645495,0.607812,0.498784,0.0109844,0.0376834
1.79,1,-0.746212,-0.650577,0.0442366,-3.95811,-0.095635
1.79,2,1.09242,1.15814,-0.0822242,-1.80699,-0.0657145
1.79,3,0.268959,0.257833,0.20967,-0.0145425,0.011126
1.79,4,-0.346208,-0.322622,0.0403511,-0.208863,-0.023586
1.79,5,-4.60699e-06,-1.37423e-06,7.11572e-05,-3.7511e-05,-3.23276e-06
1.8,0,0.650495,0.6128,0.498855,0.0112433,0.0376952
1.8,1,-0.745795,-0.650134,0.0442591,-3.95921,-0.0956609
1.8,2,1.09159,1.15731,-0.0822104,-1.80735,-0.0657256
1.8,3,0.271042,0.25993,0.209648,-0.0146617,0.0111127
1.8,4,-0.345791,-0.322218,0.0403639,-0.208765,-0.0235729
1.8,5,-4.64267e-06,-6.96169e-07,6.50259e-05,-3.92403e-05,-3.9465e-06
1.81,0,0.655495,0.617789,0.498932,0.0114509,0.0377062
1.81,1,-0.745378,-0.649691,0.0442795,-3.96032,-0.0956869
1.81,2,1.09075,1.15649,-0.0821982,-1.80771,-0.0657369
1.81,3,0.273126,0.262026,0.209625,-0.014778,0.0110997
1.81,4,-0.345374,-0.321814,0.0403757,-0.208667,-0.0235599
1.81,5,-4.67836e-06,-8.06211e-08,5.86914e-05,-4.05961e-05,-4.59774e-06
1.82,0,0.660495,0.622779,0.499015,0.0116091,0.0377164
1.82,1,-0.744962,-0.649249,0.0442979,-3.96142,-0.0957132
1.82,2,1.08992,1.15567,-0.0821876,-1.80807,-0.0657483
1.82,3,0.275209,0.264122,0.209601,-0.0148916,0.0110869
1.82,4,-0.344958,-0.321411,0.0403866,-0.20857,-0.0235471
1.82,5,-4.71404e-06,4.70899e-07,5.22461e-05,-4.15985e-05,-5.18494e-06
1.83,0,0.665495,0.627769,0.499102,0.0117205,0.0377257
1.83,1,-0.744545,-0.648805,0.044314,-3.96253,-0.0957396
1.83,2,1.08909,1.15485,-0.0821786,-1.80844,-0.0657597
1.83,3,0.277292,0.266218,0.209577,-0.0150026,0.0110744
1.83,4,-0.344541,-0.321007,0.0403962,-0.208473,-0.0235343
1.83,5,-4.74973e-06,9.5776e-07,4.57757e-05,-4.22701e-05,-5.70749e-06
1.84,0,0.670495,0.632761,0.499193,0.0117878,0.0377341
1.84,1,-0.744128,-0.648362,0.044328,-3.96363,-0.0957662
1.84,2,1.08825,1.15403,-0.0821712,-1.8088,-0.0657713
1.84,3,0.279376,0.268314,0.209553,-0.0151111,0.0110621
1.84,4,-0.344124,-0.320603,0.0404045,-0.208375,-0.0235217
1.84,5,-4.78541e-06,1.38015e-06,3.93582e-05,-4.26353e-05,-6.16556e-06
1.85,0,0.675495,0.637753,0.499284,0.011814,0.0377417
1.85,1,-0.743712,-0.647919,0.0443398,-3.96474,-0.0957929
1.85,2,1.08742,1.1532,-0.0821653,-1.80916,-0.0657829
1.85,3,0.281459,0.270409,0.209529,-0.0152173,0.01105
1.85,4,-0.343708,-0.320199,0.0404114,-0.208278,-0.0235091
1.85,5,-4.8211e-06,1.73898e-06,3.3064e-05,-4.27196e-05,-6.56008e-06
1.86,0,0.680495,0.642747,0.499376,0.0118025,0.0377483
1.86,1,-0.743295,-0.647475,0.0443494,-3.96584,-0.0958197
1.86,2,1.08659,1.15238,-0.082161,-1.80952,-0.0657946
1.86,3,0.283542,0.272504,0.209505,-0.0153214,0.0110382
1.86,4,-0.343291,-0.319794,0.0404168,-0.208181,-0.0234965
1.86,5,-4.85678e-06,2.03585e-06,2.69559e-05,-4.25499e-05,-6.89263e-06
1.87,0,0.685495,0.647741,0.499468,0.0117567,0.037754
1.87,1,-0.742879,-0.647032,0.0443569,-3.96693,-0.0958466
1.87,2,1.08575,1.15156,-0.082158,-1.80987,-0.0658063
1.87,3,0.285626,0.274599,0.209482,-0.0154235,0.0110266
1.87,4,-0.342874,-0.31939,0.0404207,-0.208083,-0.0234841
1.87,5,-4.89247e-06,2.27292e-06,2.10885e-05,-4.21535e-05,-7.16539e-06
1.88,0,0.690495,0.652736,0.499557,0.01168,0.0377588
1.88,1,-0.742462,-0.646588,0.0443625,-3.96803,-0.0958736
1.88,2,1.08492,1.15074,-0.0821564,-1.81023,-0.065818
1.88,3,0.287709,0.276694,0.20946,-0.0155238,0.0110152
1.88,4,-0.342458,-0.318986,0.040423,-0.207984,-0.0234716
1.88,5,-4.92815e-06,2.45286e-06,1.55091e-05,-4.15578e-05,-7.38102e-06
1.89,0,0.695495,0.657732,0.499644,0.011576,0.0377627
1.89,1,-0.742045,-0.646145,0.044366,-3.96912,-0.0959006
1.89,2,1.08409,1.14992,-0.0821561,-1.81058,-0.0658298
1.89,3,0.289792,0.278788,0.209439,-0.0156225,0.0110041
1.89,4,-0.342041,-0.318582,0.0404238,-0.207885,-0.0234592
1.89,5,-4.96384e-06,2.57878e-06,1.0257e-05,-4.07902e-05,-7.54262e-06
1.9,0,0.700495,0.662729,0.499727,0.0114484,0.0377658
1.9,1,-0.741629,-0.645701,0.0443678,-3.97021,-0.0959276
1.9,2,1.08325,1.1491,-0.0821569,-1.81093,-0.0658415
1.9,3,0.291876,0.280882,0.209419,-0.0157197,0.0109932
1.9,4,-0.341624,-0.318178,0.040423,-0.207785,-0.0234467
1.9,5,-4.99953e-06,2.65413e-06,5.36424e-06,-3.98776e-05,-7.65366e-06
1.91,0,0.705495,0.667727,0.499807,0.0113005,0.037768
1.91,1,-0.741212,-0.645257,0.0443678,-3.97129,-0.0959546
1.91,2,1.08242,1.14827,-0.0821587,-1.81128,-0.0658532
1.91,3,0.293959,0.282977,0.2094,-0.0158157,0.0109824
1.91,4,-0.341208,-0.317773,0.0404207,-0.207685,-0.0234343
1.91,5,-5.03521e-06,2.68266e-06,8.55924e-07,-3.88461e-05,-7.71787e-06
1.92,0,0.710495,0.672725,0.499881,0.0111359,0.0377695
1.92,1,-0.740795,-0.644814,0.0443663,-3.97237,-0.0959817
1.92,2,1.08159,1.14745,-0.0821615,-1.81162,-0.0658649
1.92,3,0.296042,0.28507,0.209382,-0.0159106,0.0109718
1.92,4,-0.340791,-0.317369,0.040417,-0.207583,-0.0234218
1.92,5,-5.0709e-06,2.6683e-06,-3.24976e-06,-3.7721e-05,-7.73919e-06
1.93,0,0.715495,0.677725,0.499951,0.0109579,0.0377703
1.93,1,-0.740379,-0.64437,0.0443634,-3.97344,-0.0960087
1.93,2,1.08075,1.14663,-0.0821651,-1.81197,-0.0658766
1.93,3,0.298126,0.287164,0.209365,-0.0160046,0.0109615
1.93,4,-0.340374,-0.316965,0.0404118,-0.20748,-0.0234093
1.93,5,-5.10658e-06,2.61515e-06,-6.94093e-06,-3.65264e-05,-7.72173e-06
1.94,0,0.720495,0.682724,0.500015,0.0107696,0.0377704
1.94,1,-0.739962,-0.643926,0.0443591,-3.9745,-0.0960356
1.94,2,1.07992,1.14581,-0.0821694,-1.81231,-0.0658882
1.94,3,0.300209,0.289258,0.20935,-0.0160977,0.0109512
1.94,4,-0.339958,-0.316561,0.0404053,-0.207376,-0.0233967
1.94,5,-5.14227e-06,2.52741e-06,-1.02116e-05,-3.52849e-05,-7.66967e-06
1.95,0,0.725495,0.687725,0.500073,0.0105743,0.0377698
1.95,1,-0.739545,-0.643483,0.0443537,-3.97556,-0.0960626
1.95,2,1.07909,1.14499,-0.0821743,-1.81264,-0.0658998
1.95,3,0.302292,0.291351,0.209336,-0.0161903,0.0109411
1.95,4,-0.339541,-0.316157,0.0403974,-0.207271,-0.023384
1.95,5,-5.17795e-06,2.40927e-06,-1.30613e-05,-3.40177e-05,-7.58722e-06
1.96,0,0.730495,0.692726,0.500126,0.0103746,0.0377688
1.96,1,-0.739129,-0.643039,0.0443474,-3.97662,-0.0960894
1.96,2,1.07826,1.14417,-0.0821798,-1.81298,-0.0659113
1.96,3,0.304376,0.293444,0.209324,-0.0162823,0.0109312
1.96,4,-0.339124,-0.315753,0.0403884,-0.207164,-0.0233713
1.96,5,-5.21364e-06,2.26493e-06,-1.54944e-05,-3.27445e-05,-7.47857e-06
1.97,0,0.735495,0.697727,0.500172,0.0101732,0.0377672
1.97,1,-0.738712,-0.642596,0.0443401,-3.97767,-0.0961162
1.97,2,1.07742,1.14334,-0.0821856,-1.81331,-0.0659228
1.97,3,0.306459,0.295538,0.209313,-0.016374,0.0109214
1.97,4,-0.338708,-0.315349,0.0403783,-0.207057,-0.0233584
1.97,5,-5.24932e-06,2.09852e-06,-1.75199e-05,-3.14832e-05,-7.34784e-06
1.98,0,0.740495,0.702729,0.500212,0.00997267,0.0377652
1.98,1,-0.738295,-0.642153,0.0443322,-3.97871,-0.0961429
1.98,2,1.07659,1.14252,-0.0821917,-1.81364,-0.0659342
1.98,3,0.308542,0.297631,0.209303,-0.0164654,0.0109116
1.98,4,-0.338291,-0.314945,0.0403672,-0.206947,-0.0233455
1.98,5,-5.28501e-06,1.91403e-06,-1.91506e-05,-3.025e-05,-7.19904e-06
1.99,0,0.745495,0.707732,0.500247,0.0097751,0.0377629
1.99,1,-0.737879,-0.641709,0.0443237,-3.97975,-0.0961696
1.99,2,1.07576,1.1417,-0.0821981,-1.81397,-0.0659455
1.99,3,0.310626,0.299724,0.209294,-0.0165567,0.010902
1.99,4,-0.337874,-0.314542,0.0403551,-0.206837,-0.0233324
1.99,5,-5.32069e-06,1.71533e-06,-2.0403e-05,-2.90592e-05,-7.03603e-06
2,0,0.750495,0.712734,0.500275,0.00958252,0.0377602
2,1,-0.737462,-0.641266,0.0443148,-3.98079,-0.0961961
2,2,1.07492,1.14088,-0.0822046,-1.8143,-0.0659568
2,3,0.312709,0.301817,0.209287,-0.0166479,0.0108924
2,4,-0.337458,-0.314138,0.0403423,-0.206725,-0.0233192
2,5,-5.35638e-06,1.5061e-06,-2.12963e-05,-2.79235e-05,-6.86248e-06
2.01,0,0.755495,0.717737,0.500298,0.00939669,0.0377573
2.01,1,-0.737046,-0.640823,0.0443055,-3.98182,-0.0962226
2.01,2,1.07409,1.14006,-0.0822111,-1.81462,-0.065968
2.01,3,0.314792,0.303909,0.209281,-0.0167391,0.0108829
2.01,4,-0.337041,-0.313735,0.0403287,-0.206612,-0.0233059
2.01,5,-5.39206e-06,1.28981e-06,-2.18524e-05,-2.68537e-05,-6.68188e-06
2.02,0,0.760494,0.72274,0.500316,0.00921913,0.0377542
2.02,1,-0.736629,-0.64038,0.0442961,-3.98285,-0.0962489
2.02,2,1.07326,1.13923,-0.0822176,-1.81494,-0.0659792
2.02,3,0.316876,0.306002,0.209275,-0.0168304,0.0108735
2.02,4,-0.336624,-0.313332,0.0403144,-0.206497,-0.0232924
2.02,5,-5.42775e-06,1.06971e-06,-2.20949e-05,-2.58588e-05,-6.49746e-06
2.03,0,0.765494,0.727744,0.500328,0.00905113,0.0377509
2.03,1,-0.736212,-0.639937,0.0442866,-3.98387,-0.0962752
2.03,2,1.07242,1.13841,-0.082224,-1.81526,-0.0659903
2.03,3,0.318959,0.308095,0.209271,-0.0169218,0.0108641
2.03,4,-0.336208,-0.312929,0.0402997,-0.206381,-0.0232788
2.03,5,-5.46344e-06,8.4878e-07,-2.20493e-05,-2.49463e-05,-6.31222e-06
2.04,0,0.770494,0.732747,0.500336,0.00889376,0.0377475
2.04,1,-0.735796,-0.639494,0.0442771,-3.98489,-0.0963014
2.04,2,1.07159,1.13759,-0.0822303,-1.81558,-0.0660013
2.04,3,0.321042,0.310188,0.209268,-0.0170135,0.0108547
2.04,4,-0.335791,-0.312526,0.0402845,-0.206263,-0.0232651
2.04,5,-5.49912e-06,6.29773e-07,-2.17419e-05,-2.41219e-05,-6.12889e-06
2.05,0,0.775494,0.73775,0.500339,0.00874789,0.0377441
2.05,1,-0.735379,-0.639052,0.0442677,-3.9859,-0.0963275
2.05,2,1.07076,1.13677,-0.0822363,-1.8159,-0.0660123
2.05,3,0.323126,0.31228,0.209266,-0.0171053,0.0108454
2.05,4,-0.335374,-0.312123,0.0402689,-0.206144,-0.0232512
2.05,5,-5.53481e-06,4.15153e-07,-2.11998e-05,-2.33898e-05,-5.94996e-06
2.06,0,0.780494,0.742754,0.500338,0.00861415,0.0377407
2.06,1,-0.734962,-0.638609,0.0442586,-3.98691,-0.0963534
2.06,2,1.06992,1.13595,-0.0822421,-1.81621,-0.0660232
2.06,3,0.325209,0.314373,0.209264,-0.0171974,0.0108361
2.06,4,-0.334958,-0.311721,0.0402531,-0.206023,-0.0232371
2.06,5,-5.57049e-06,2.07116e-07,-2.04506e-05,-2.27529e-05,-5.77761e-06
2.07,0,0.785494,0.747757,0.500333,0.00849301,0.0377373
2.07,1,-0.734546,-0.638166,0.0442496,-3.98792,-0.0963793
2.07,2,1.06909,1.13512,-0.0822476,-1.81653,-0.066034
2.07,3,0.327292,0.316466,0.209263,-0.0172898,0.0108268
2.07,4,-0.334541,-0.311318,0.0402372,-0.205902,-0.0232229
2.07,5,-5.60618e-06,7.58294e-09,-1.95216e-05,-2.22123e-05,-5.61376e-06
2.08,0,0.790494,0.75276,0.500325,0.00838472,0.037734
2.08,1,-0.734129,-0.637724,0.0442411,-3.98893,-0.0964051
2.08,2,1.06826,1.1343,-0.0822528,-1.81684,-0.0660448
2.08,3,0.329376,0.318558,0.209263,-0.0173825,0.0108175
2.08,4,-0.334124,-0.310916,0.0402211,-0.205778,-0.0232085
2.08,5,-5.64186e-06,-1.81798e-07,-1.84398e-05,-2.17684e-05,-5.46006e-06
2.09,0,0.795494,0.757763,0.500314,0.00828939,0.0377308
2.09,1,-0.733712,-0.637282,0.0442329,-3.98993,-0.0964309
2.09,2,1.06742,1.13348,-0.0822576,-1.81715,-0.0660556
2.09,3,0.331459,0.320651,0.209263,-0.0174755,0.0108082
2.09,4,-0.333708,-0.310514,0.040205,-0.205654,-0.0231939
2.09,5,-5.67755e-06,-3.59645e-07,-1.72317e-05,-2.142e-05,-5.3179e-06
2.1,0,0.800494,0.762767,0.5003,0.00820695,0.0377277
2.1,1,-0.733296,-0.636839,0.0442251,-3.99094,-0.0964565
2.1,2,1.06659,1.13266,-0.0822621,-1.81746,-0.0660662
2.1,3,0.333542,0.322743,0.209263,-0.0175687,0.0107989
2.1,4,-0.333291,-0.310112,0.0401889,-0.205528,-0.0231792
2.1,5,-5.71323e-06,-5.24837e-07,-1.5923e-05,-2.11651e-05,-5.1884e-06
2.11,0,0.805494,0.767769,0.500284,0.00813719,0.0377247
2.11,1,-0.732879,-0.636397,0.0442178,-3.99194,-0.0964821
2.11,2,1.06576,1.13183,-0.0822662,-1.81777,-0.0660769
2.11,3,0.335626,0.324836,0.209264,-0.0176623,0.0107896
2.11,4,-0.332874,-0.30971,0.0401729,-0.205401,-0.0231643
2.11,5,-5.74892e-06,-6.76502e-07,-1.45379e-05,-2.10007e-05,-5.07242e-06
2.12,0,0.810494,0.772772,0.500266,0.00807979,0.0377219
2.12,1,-0.732463,-0.635955,0.0442109,-3.99294,-0.0965076
2.12,2,1.06492,1.13101,-0.0822699,-1.81809,-0.0660875
2.12,3,0.337709,0.326929,0.209265,-0.017756,0.0107803
2.12,4,-0.332458,-0.309308,0.040157,-0.205273,-0.0231493
2.12,5,-5.7846e-06,-8.14005e-07,-1.30996e-05,-2.09231e-05,-4.9706e-06
2.13,0,0.815494,0.777775,0.500247,0.00803429,0.0377193
2.13,1,-0.732046,-0.635513,0.0442046,-3.99393,-0.096533
2.13,2,1.06409,1.13019,-0.0822733,-1.8184,-0.0660981
2.13,3,0.339792,0.329021,0.209267,-0.01785,0.010771
2.13,4,-0.332041,-0.308907,0.0401414,-0.205144,-0.0231341
2.13,5,-5.82029e-06,-9.36936e-07,-1.163e-05,-2.09278e-05,-4.88335e-06
2.14,0,0.820494,0.782777,0.500226,0.00800016,0.037717
2.14,1,-0.731629,-0.635071,0.0441988,-3.99493,-0.0965584
2.14,2,1.06326,1.12936,-0.0822762,-1.81871,-0.0661087
2.14,3,0.341876,0.331114,0.209268,-0.0179442,0.0107617
2.14,4,-0.331624,-0.308505,0.040126,-0.205013,-0.0231188
2.14,5,-5.85598e-06,-1.04509e-06,-1.01491e-05,-2.10097e-05,-4.81088e-06
2.15,0,0.825494,0.787779,0.500205,0.00797676,0.0377148
2.15,1,-0.731213,-0.634629,0.0441935,-3.99593,-0.0965837
2.15,2,1.06242,1.12854,-0.0822788,-1.81902,-0.0661192
2.15,3,0.343959,0.333207,0.209269,-0.0180385,0.0107523
2.15,4,-0.331208,-0.308104,0.0401108,-0.204882,-0.0231033
2.15,5,-5.89166e-06,-1.13847e-06,-8.67544e-06,-2.11633e-05,-4.7532e-06
2.16,0,0.830494,0.792781,0.500183,0.0079634,0.0377128
2.16,1,-0.730796,-0.634187,0.0441887,-3.99693,-0.096609
2.16,2,1.06159,1.12772,-0.0822811,-1.81933,-0.0661297
2.16,3,0.346042,0.335299,0.209271,-0.018133,0.0107429
2.16,4,-0.330791,-0.307703,0.040096,-0.204749,-0.0230877
2.16,5,-5.92735e-06,-1.21722e-06,-7.22576e-06,-2.13829e-05,-4.71013e-06
2.17,0,0.835494,0.797783,0.500161,0.00795934,0.0377111
2.17,1,-0.730379,-0.633745,0.0441844,-3.99792,-0.0966342
2.17,2,1.06076,1.1269,-0.082283,-1.81964,-0.0661401
2.17,3,0.348126,0.337392,0.209272,-0.0182275,0.0107336
2.17,4,-0.330374,-0.307302,0.0400815,-0.204616,-0.0230719
2.17,5,-5.96303e-06,-1.28168e-06,-5.81505e-06,-2.16622e-05,-4.68135e-06
2.18,0,0.840494,0.802784,0.500139,0.00796376,0.0377095
2.18,1,-0.729963,-0.633303,0.0441806,-3.99892,-0.0966594
2.18,2,1.05992,1.12607,-0.0822845,-1.81995,-0.0661506
2.18,3,0.350209,0.339485,0.209273,-0.0183222,0.0107242
2.18,4,-0.329958,-0.306902,0.0400673,-0.204481,-0.0230559
2.18,5,-5.99872e-06,-1.33231e-06,-4.45653e-06,-2.19951e-05,-4.66641e-06
2.19,0,0.845494,0.807786,0.500118,0.00797587,0.0377082
2.19,1,-0.729546,-0.632862,0.0441773,-3.99991,-0.0966845
2.19,2,1.05909,1.12525,-0.0822858,-1.82026,-0.0661611
2.19,3,0.352292,0.341578,0.209274,-0.0184168,0.0107148
2.19,4,-0.329541,-0.306501,0.0400535,-0.204346,-0.0230398
2.19,5,-6.0344e-06,-1.3697e-06,-3.16161e-06,-2.2375e-05,-4.6647e-06
2.2,0,0.850494,0.812787,0.500097,0.00799481,0.0377071
2.2,1,-0.729129,-0.63242,0.0441744,-4.00091,-0.0967096
2.2,2,1.05826,1.12443,-0.0822868,-1.82057,-0.0661715
2.2,3,0.354376,0.34367,0.209275,-0.0185114,0.0107054
2.2,4,-0.329124,-0.306101,0.04004,-0.204209,-0.0230236
2.2,5,-6.07009e-06,-1.39453e-06,-1.93997e-06,-2.27958e-05,-4.67556e-06
2.21,0,0.855494,0.817788,0.500077,0.00801975,0.0377062
2.21,1,-0.728713,-0.631978,0.0441719,-4.00191,-0.0967347
2.21,2,1.05742,1.1236,-0.0822875,-1.82088,-0.0661819
2.21,3,0.356459,0.345763,0.209276,-0.0186059,0.010696
2.21,4,-0.328708,-0.3057,0.0400269,-0.204072,-0.0230073
2.21,5,-6.10577e-06,-1.40759e-06,-7.99554e-07,-2.32511e-05,-4.69818e-06
2.22,0,0.860494,0.822788,0.500057,0.00804985,0.0377055
2.22,1,-0.728296,-0.631536,0.0441698,-4.0029,-0.0967598
2.22,2,1.05659,1.12278,-0.082288,-1.82119,-0.0661923
2.22,3,0.358542,0.347856,0.209276,-0.0187003,0.0106865
2.22,4,-0.328291,-0.3053,0.0400141,-0.203934,-0.0229908
2.22,5,-6.14146e-06,-1.40972e-06,2.53318e-07,-2.37347e-05,-4.73174e-06
2.23,0,0.865494,0.827789,0.500039,0.00808429,0.037705
2.23,1,-0.727879,-0.631095,0.0441681,-4.0039,-0.0967848
2.23,2,1.05576,1.12196,-0.0822883,-1.82151,-0.0662028
2.23,3,0.360626,0.349949,0.209276,-0.0187946,0.0106771
2.23,4,-0.327874,-0.3049,0.0400018,-0.203795,-0.0229742
2.23,5,-6.17714e-06,-1.40182e-06,1.21392e-06,-2.42408e-05,-4.77532e-06
2.24,0,0.870494,0.832789,0.500022,0.00812225,0.0377047
2.24,1,-0.727463,-0.630653,0.0441667,-4.0049,-0.0968099
2.24,2,1.05492,1.12114,-0.0822884,-1.82182,-0.0662132
2.24,3,0.362709,0.352041,0.209276,-0.0188887,0.0106677
2.24,4,-0.327458,-0.3045,0.0399897,-0.203655,-0.0229575
2.24,5,-6.21283e-06,-1.38485e-06,2.07901e-06,-2.47636e-05,-4.82798e-06
2.25,0,0.875494,0.837789,0.500006,0.00816297,0.0377045
2.25,1,-0.727046,-0.630211,0.0441656,-4.00589,-0.0968349
2.25,2,1.05409,1.12031,-0.0822884,-1.82213,-0.0662236
2.25,3,0.364792,0.354134,0.209275,-0.0189825,0.0106583
2.25,4,-0.327041,-0.3041,0.039978,-0.203514,-0.0229407
2.25,5,-6.24851e-06,-1.35975e-06,2.84673e-06,-2.52978e-05,-4.88876e-06
2.26,0,0.880494,0.842789,0.499992,0.00820571,0.0377045
2.26,1,-0.72663,-0.62977,0.0441647,-4.00689,-0.0968599
2.26,2,1.05326,1.11949,-0.0822882,-1.82244,-0.066234
2.26,3,0.366876,0.356227,0.209274,-0.0190761,0.0106489
2.26,4,-0.326624,-0.3037,0.0399666,-0.203373,-0.0229237
2.26,5,-6.2842e-06,-1.32752e-06,3.51655e-06,-2.58384e-05,-4.95668e-06
2.27,0,0.885494,0.847789,0.499979,0.00824978,0.0377046
2.27,1,-0.726213,-0.629328,0.0441641,-4.00789,-0.0968849
2.27,2,1.05242,1.11867,-0.0822879,-1.82276,-0.0662444
2.27,3,0.368959,0.35832,0.209273,-0.0191694,0.0106395
2.27,4,-0.326208,-0.303301,0.0399555,-0.203231,-0.0229066
2.27,5,-6.31989e-06,-1.28913e-06,4.08909e-06,-2.63805e-05,-5.03076e-06
2.28,0,0.890494,0.852789,0.499967,0.00829452,0.0377049
2.28,1,-0.725796,-0.628886,0.0441636,-4.00889,-0.0969099
2.28,2,1.05159,1.11784,-0.0822875,-1.82307,-0.0662548
2.28,3,0.371042,0.360412,0.209272,-0.0192624,0.0106301
2.28,4,-0.325791,-0.302901,0.0399448,-0.203088,-0.0228895
2.28,5,-6.35557e-06,-1.24554e-06,4.56604e-06,-2.692e-05,-5.11003e-06
2.29,0,0.895493,0.857788,0.499957,0.00833932,0.0377052
2.29,1,-0.72538,-0.628445,0.0441634,-4.00989,-0.0969349
2.29,2,1.05076,1.11702,-0.0822871,-1.82338,-0.0662653
2.29,3,0.373126,0.362505,0.20927,-0.0193551,0.0106207
2.29,4,-0.325374,-0.302502,0.0399342,-0.202945,-0.0228722
2.29,5,-6.39126e-06,-1.19769e-06,4.95008e-06,-2.74529e-05,-5.19357e-06
2.3,0,0.900493,0.862788,0.499948,0.00838365,0.0377057
2.3,1,-0.724963,-0.628003,0.0441632,-4.01089,-0.0969599
2.3,2,1.04992,1.1162,-0.0822866,-1.8237,-0.0662757
2.3,3,0.375209,0.364598,0.209268,-0.0194473,0.0106113
2.3,4,-0.324957,-0.302103,0.039924,-0.2028,-0.0228548
2.3,5,-6.42694e-06,-1.1465e-06,5.24469e-06,-2.79756e-05,-5.28045e-06
2.31,0,0.905493,0.867787,0.49994,0.00842699,0.0377062
2.31,1,-0.724546,-0.627561,0.0441631,-4.01188,-0.0969849
2.31,2,1.04909,1.11538,-0.0822861,-1.82401,-0.0662861
2.31,3,0.377292,0.36669,0.209266,-0.0195392,0.010602
2.31,4,-0.324541,-0.301704,0.0399139,-0.202655,-0.0228373
2.31,5,-6.46263e-06,-1.09283e-06,5.45409e-06,-2.84852e-05,-5.3698e-06
2.32,0,0.910493,0.872787,0.499934,0.00846891,0.0377068
2.32,1,-0.72413,-0.62712,0.0441631,-4.01288,-0.0970099
2.32,2,1.04826,1.11455,-0.0822856,-1.82433,-0.0662966
2.32,3,0.379376,0.368783,0.209263,-0.0196307,0.0105927
2.32,4,-0.324124,-0.301304,0.0399041,-0.20251,-0.0228197
2.32,5,-6.49831e-06,-1.03751e-06,5.58313e-06,-2.89789e-05,-5.4608e-06
2.33,0,0.915493,0.877786,0.49993,0.00850902,0.0377074
2.33,1,-0.723713,-0.626678,0.0441631,-4.01388,-0.0970349
2.33,2,1.04742,1.11373,-0.0822851,-1.82464,-0.066307
2.33,3,0.381459,0.370876,0.20926,-0.0197217,0.0105834
2.33,4,-0.323707,-0.300905,0.0398944,-0.202364,-0.022802
2.33,5,-6.534e-06,-9.81325e-07,5.63712e-06,-2.94545e-05,-5.55267e-06
2.34,0,0.920493,0.882785,0.499926,0.00854698,0.0377081
2.34,1,-0.723296,-0.626237,0.0441632,-4.01488,-0.0970599
2.34,2,1.04659,1.11291,-0.0822846,-1.82495,-0.0663175
2.34,3,0.383542,0.372968,0.209257,-0.0198123,0.0105742
2.34,4,-0.323291,-0.300507,0.0398849,-0.202217,-0.0227843
2.34,5,-6.56968e-06,-9.24984e-07,5.6218e-06,-2.991e-05,-5.6447e-06
2.35,0,0.925493,0.887784,0.499924,0.00858252,0.0377089
2.35,1,-0.72288,-0.625795,0.0441632,-4.01588,-0.0970848
2.35,2,1.04576,1.11208,-0.0822842,-1.82527,-0.0663279
2.35,3,0.385626,0.375061,0.209254,-0.0199024,0.010565
2.35,4,-0.322874,-0.300108,0.0398755,-0.202069,-0.0227664
2.35,5,-6.60537e-06,-8.69149e-07,5.54318e-06,-3.03441e-05,-5.73622e-06
2.36,0,0.930493,0.892784,0.499923,0.0086154,0.0377096
2.36,1,-0.722463,-0.625353,0.0441632,-4.01688,-0.0971098
2.36,2,1.04492,1.11126,-0.0822838,-1.82558,-0.0663384
2.36,3,0.387709,0.377153,0.20925,-0.0199921,0.0105558
2.36,4,-0.322457,-0.299709,0.0398663,-0.201921,-0.0227484
2.36,5,-6.64105e-06,-8.14418e-07,5.40749e-06,-3.07554e-05,-5.82664e-06
2.37,0,0.935493,0.897783,0.499922,0.00864544,0.0377103
2.37,1,-0.722046,-0.624912,0.0441631,-4.01788,-0.0971348
2.37,2,1.04409,1.11044,-0.0822835,-1.8259,-0.0663488
2.37,3,0.389793,0.379246,0.209246,-0.0200812,0.0105467
2.37,4,-0.322041,-0.29931,0.0398571,-0.201771,-0.0227304
2.37,5,-6.67674e-06,-7.6133e-07,5.22105e-06,-3.11434e-05,-5.91541e-06
2.38,0,0.940493,0.902782,0.499923,0.00867251,0.0377111
2.38,1,-0.72163,-0.62447,0.044163,-4.01888,-0.0971598
2.38,2,1.04326,1.10962,-0.0822833,-1.82621,-0.0663593
2.38,3,0.391876,0.381338,0.209242,-0.0201699,0.0105376
2.38,4,-0.321624,-0.298912,0.039848,-0.201622,-0.0227122
2.38,5,-6.71242e-06,-7.10355e-07,4.99021e-06,-3.15074e-05,-6.00207e-06
2.39,0,0.945493,0.907781,0.499925,0.00869654,0.0377118
2.39,1,-0.721213,-0.624028,0.0441628,-4.01988,-0.0971848
2.39,2,1.04242,1.10879,-0.0822831,-1.82653,-0.0663698
2.39,3,0.393959,0.383431,0.209238,-0.0202581,0.0105285
2.39,4,-0.321207,-0.298513,0.039839,-0.201471,-0.022694
2.39,5,-6.74811e-06,-6.61903e-07,4.72127e-06,-3.18474e-05,-6.08621e-06
2.4,0,0.950493,0.912781,0.499927,0.00871746,0.0377125
2.4,1,-0.720797,-0.623587,0.0441626,-4.02088,-0.0972098
2.4,2,1.04159,1.10797,-0.082283,-1.82684,-0.0663802
2.4,3,0.396043,0.385523,0.209234,-0.0203459,0.0105195
2.4,4,-0.320791,-0.298115,0.03983,-0.20132,-0.0226756
2.4,5,-6.7838e-06,-6.16321e-07,4.42042e-06,-3.21635e-05,-6.16747e-06
2.41,0,0.955493,0.91778,0.49993,0.00873529,0.0377132
2.41,1,-0.72038,-0.623145,0.0441622,-4.02188,-0.0972348
2.41,2,1.04076,1.10715,-0.082283,-1.82716,-0.0663907
2.41,3,0.398126,0.387615,0.20923,-0.0204331,0.0105105
2.41,4,-0.320374,-0.297717,0.039821,-0.201168,-0.0226572
2.41,5,-6.81948e-06,-5.73895e-07,4.09365e-06,-3.2456e-05,-6.24559e-06
2.42,0,0.960493,0.922779,0.499934,0.00875004,0.0377138
2.42,1,-0.719963,-0.622704,0.0441617,-4.02288,-0.0972598
2.42,2,1.03992,1.10632,-0.082283,-1.82747,-0.0664012
2.42,3,0.400209,0.389708,0.209225,-0.0205198,0.0105015
2.42,4,-0.319957,-0.297319,0.039812,-0.201016,-0.0226387
2.42,5,-6.85517e-06,-5.34852e-07,3.74673e-06,-3.27256e-05,-6.32031e-06
2.43,0,0.965493,0.927779,0.499938,0.00876179,0.0377144
2.43,1,-0.719547,-0.622262,0.0441611,-4.02387,-0.0972847
2.43,2,1.03909,1.1055,-0.0822832,-1.82778,-0.0664117
2.43,3,0.402293,0.3918,0.209221,-0.0206061,0.0104927
2.43,4,-0.319541,-0.296921,0.039803,-0.200862,-0.0226201
2.43,5,-6.89085e-06,-4.99364e-07,3.38516e-06,-3.2973e-05,-6.39149e-06
2.44,0,0.970493,0.932778,0.499943,0.00877062,0.037715
2.44,1,-0.71913,-0.62182,0.0441604,-4.02487,-0.0973097
2.44,2,1.03826,1.10468,-0.0822834,-1.8281,-0.0664221
2.44,3,0.404376,0.393892,0.209217,-0.0206919,0.0104838
2.44,4,-0.319124,-0.296523,0.039794,-0.200708,-0.0226014
2.44,5,-6.92654e-06,-4.67547e-07,3.01411e-06,-3.31992e-05,-6.45899e-06
2.45,0,0.975493,0.937777,0.499947,0.00877666,0.0377155
2.45,1,-0.718713,-0.621379,0.0441595,-4.02586,-0.0973347
2.45,2,1.03742,1.10386,-0.0822837,-1.82841,-0.0664326
2.45,3,0.406459,0.395984,0.209212,-0.0207772,0.010475
2.45,4,-0.318707,-0.296125,0.0397849,-0.200554,-0.0225826
2.45,5,-6.96222e-06,-4.39471e-07,2.63842e-06,-3.34053e-05,-6.52275e-06
2.46,0,0.980493,0.942777,0.499952,0.00878003,0.0377159
2.46,1,-0.718297,-0.620937,0.0441586,-4.02686,-0.0973596
2.46,2,1.03659,1.10303,-0.0822841,-1.82872,-0.066443
2.46,3,0.408543,0.398076,0.209207,-0.020862,0.0104662
2.46,4,-0.318291,-0.295727,0.0397758,-0.200398,-0.0225638
2.46,5,-6.99791e-06,-4.15155e-07,2.26252e-06,-3.35925e-05,-6.58275e-06
2.47,0,0.985493,0.947776,0.499958,0.00878091,0.0377163
2.47,1,-0.71788,-0.620496,0.0441575,-4.02785,-0.0973845
2.47,2,1.03576,1.10221,-0.0822846,-1.82904,-0.0664535
2.47,3,0.410626,0.400168,0.209203,-0.0209464,0.0104575
2.47,4,-0.317874,-0.295329,0.0397666,-0.200242,-0.0225448
2.47,5,-7.03359e-06,-3.94581e-07,1.89049e-06,-3.37622e-05,-6.63901e-06
2.48,0,0.990493,0.952776,0.499963,0.00877945,0.0377167
2.48,1,-0.717463,-0.620054,0.0441564,-4.02885,-0.0974095
2.48,2,1.03492,1.10139,-0.0822852,-1.82935,-0.066464
2.48,3,0.412709,0.40226,0.209198,-0.0210303,0.0104489
2.48,4,-0.317457,-0.294932,0.0397574,-0.200085,-0.0225257
2.48,5,-7.06928e-06,-3.77689e-07,1.52599e-06,-3.39157e-05,-6.69159e-06
2.49,0,0.995493,0.957776,0.499968,0.00877585,0.037717
2.49,1,-0.717047,-0.619612,0.0441551,-4.02984,-0.0974344
2.49,2,1.03409,1.10056,-0.0822858,-1.82966,-0.0664744
2.49,3,0.414793,0.404352,0.209194,-0.0211138,0.0104402
2.49,4,-0.317041,-0.294534,0.0397481,-0.199927,-0.0225066
2.49,5,-7.10496e-06,-3.64384e-07,1.17226e-06,-3.40546e-05,-6.74058e-06
2.5,0,1.00049,0.962775,0.499973,0.0087703,0.0377173
2.5,1,-0.71663,-0.619171,0.0441537,-4.03083,-0.0974593
2.5,2,1.03326,1.09974,-0.0822865,-1.82997,-0.0664848
2.5,3,0.416876,0.406444,0.209189,-0.0211969,0.0104317
2.5,4,-0.316624,-0.294137,0.0397387,-0.199768,-0.0224874
2.5,5,-7.14065e-06,-3.54544e-07,8.32154e-07,-3.41802e-05,-6.78611e-06
2.51,0,1.00549,0.967775,0.499979,0.00876299,0.0377175
2.51,1,-0.716214,-0.618729,0.0441522,-4.03182,-0.0974842
2.51,2,1.03242,1.09892,-0.0822872,-1.83028,-0.0664953
2.51,3,0.418959,0.408536,0.209185,-0.0212795,0.0104231
2.51,4,-0.316207,-0.293739,0.0397292,-0.199609,-0.022468
2.51,5,-7.17634e-06,-3.48019e-07,5.08092e-07,-3.4294e-05,-6.82832e-06
2.52,0,1.01049,0.972775,0.499983,0.00875412,0.0377176
2.52,1,-0.715797,-0.618288,0.0441506,-4.03281,-0.097509
2.52,2,1.03159,1.0981,-0.082288,-1.83059,-0.0665057
2.52,3,0.421043,0.410628,0.20918,-0.0213617,0.0104147
2.52,4,-0.315791,-0.293342,0.0397197,-0.199449,-0.0224486
2.52,5,-7.21202e-06,-3.44637e-07,2.02113e-07,-3.43976e-05,-6.86738e-06
2.53,0,1.01549,0.977775,0.499988,0.0087439,0.0377177
2.53,1,-0.71538,-0.617846,0.0441489,-4.0338,-0.0975339
2.53,2,1.03076,1.09727,-0.0822889,-1.83091,-0.0665161
2.53,3,0.423126,0.41272,0.209176,-0.0214435,0.0104062
2.53,4,-0.315374,-0.292945,0.03971,-0.199287,-0.0224291
2.53,5,-7.24771e-06,-3.44207e-07,-8.41358e-08,-3.44923e-05,-6.9035e-06
2.54,0,1.02049,0.982775,0.499993,0.00873252,0.0377178
2.54,1,-0.714964,-0.617405,0.0441472,-4.03479,-0.0975587
2.54,2,1.02992,1.09645,-0.0822898,-1.83122,-0.0665265
2.54,3,0.425209,0.414811,0.209172,-0.0215249,0.0103978
2.54,4,-0.314957,-0.292548,0.0397003,-0.199126,-0.0224094
2.54,5,-7.28339e-06,-3.46525e-07,-3.49377e-07,-3.45795e-05,-6.93687e-06
2.55,0,1.02549,0.987775,0.499997,0.00872019,0.0377178
2.55,1,-0.714547,-0.616963,0.0441454,-4.03578,-0.0975836
2.55,2,1.02909,1.09563,-0.0822907,-1.83153,-0.0665369
2.55,3,0.427293,0.416903,0.209167,-0.0216059,0.0103895
2.55,4,-0.314541,-0.292151,0.0396905,-0.198963,-0.0223897
2.55,5,-7.31908e-06,-3.51375e-07,-5.92688e-07,-3.46607e-05,-6.9677e-06
2.56,0,1.03049,0.992775,0.500001,0.00870708,0.0377178
2.56,1,-0.71413,-0.616522,0.0441435,-4.03677,-0.0976084
2.56,2,1.02826,1.0948,-0.0822917,-1.83184,-0.0665473
2.56,3,0.429376,0.418995,0.209163,-0.0216865,0.0103811
2.56,4,-0.314124,-0.291754,0.0396806,-0.198799,-0.0223699
2.56,5,-7.35476e-06,-3.58535e-07,-8.13478e-07,-3.47371e-05,-6.99623e-06
2.57,0,1.03549,0.997775,0.500005,0.00869338,0.0377177
2.57,1,-0.713714,-0.616081,0.0441416,-4.03775,-0.0976331
2.57,2,1.02742,1.09398,-0.0822927,-1.83214,-0.0665577
2.57,3,0.431459,0.421086,0.209159,-0.0217668,0.0103729
2.57,4,-0.313707,-0.291357,0.0396706,-0.198635,-0.02235
2.57,5,-7.39045e-06,-3.67778e-07,-1.01147e-06,-3.48099e-05,-7.02267e-06
2.58,0,1.04049,1.00277,0.500008,0.00867927,0.0377176
2.58,1,-0.713297,-0.615639,0.0441396,-4.03874,-0.0976579
2.58,2,1.02659,1.09316,-0.0822937,-1.83245,-0.066568
2.58,3,0.433543,0.423178,0.209155,-0.0218466,0.0103646
2.58,4,-0.313291,-0.290961,0.0396606,-0.19847,-0.02233
2.58,5,-7.42613e-06,-3.78875e-07,-1.18666e-06,-3.48803e-05,-7.04726e-06
2.59,0,1.04549,1.00777,0.500011,0.0086649,0.0377175
2.59,1,-0.71288,-0.615198,0.0441375,-4.03972,-0.0976827
2.59,2,1.02576,1.09234,-0.0822947,-1.83276,-0.0665784
2.59,3,0.435626,0.425269,0.209151,-0.0219262,0.0103565
2.59,4,-0.312874,-0.290564,0.0396505,-0.198304,-0.0223098
2.59,5,-7.46182e-06,-3.916e-07,-1.33932e-06,-3.49493e-05,-7.07022e-06
2.6,0,1.05049,1.01278,0.500014,0.00865043,0.0377173
2.6,1,-0.712464,-0.614756,0.0441355,-4.0407,-0.0977074
2.6,2,1.02492,1.09151,-0.0822957,-1.83307,-0.0665887
2.6,3,0.437709,0.427361,0.209147,-0.0220053,0.0103483
2.6,4,-0.312457,-0.290168,0.0396403,-0.198137,-0.0222896
2.6,5,-7.4975e-06,-4.05729e-07,-1.46994e-06,-3.50179e-05,-7.09177e-06
2.61,0,1.05549,1.01778,0.500016,0.008636,0.0377171
2.61,1,-0.712047,-0.614315,0.0441334,-4.04168,-0.0977321
2.61,2,1.02409,1.09069,-0.0822968,-1.83338,-0.0665991
2.61,3,0.439793,0.429452,0.209143,-0.0220841,0.0103402
2.61,4,-0.312041,-0.289771,0.03963,-0.197969,-0.0222693
2.61,5,-7.53319e-06,-4.21047e-07,-1.57925e-06,-3.50869e-05,-7.11214e-06
2.62,0,1.06049,1.02278,0.500018,0.00862173,0.0377169
2.62,1,-0.71163,-0.613874,0.0441313,-4.04266,-0.0977568
2.62,2,1.02326,1.08987,-0.0822978,-1.83369,-0.0666094
2.62,3,0.441876,0.431544,0.20914,-0.0221626,0.0103321
2.62,4,-0.311624,-0.289375,0.0396197,-0.197801,-0.0222489
2.62,5,-7.56887e-06,-4.37345e-07,-1.66811e-06,-3.51572e-05,-7.13153e-06
2.63,0,1.06549,1.02778,0.50002,0.00860774,0.0377167
2.63,1,-0.711214,-0.613432,0.0441292,-4.04364,-0.0977814
2.63,2,1.02242,1.08904,-0.0822989,-1.83399,-0.0666197
2.63,3,0.443959,0.433635,0.209136,-0.0222407,0.0103241
2.63,4,-0.311207,-0.288979,0.0396093,-0.197631,-0.0222283
2.63,5,-7.60456e-06,-4.54423e-07,-1.73759e-06,-3.52294e-05,-7.15014e-06
2.64,0,1.07049,1.03278,0.500021,0.00859412,0.0377164
2.64,1,-0.710797,-0.612991,0.044127,-4.04462,-0.0978061
2.64,2,1.02159,1.08822,-0.0822999,-1.8343,-0.06663
2.64,3,0.446043,0.435727,0.209132,-0.0223185,0.0103161
2.64,4,-0.310791,-0.288583,0.0395989,-0.197461,-0.0222077
2.64,5,-7.64025e-06,-4.72096e-07,-1.78885e-06,-3.53041e-05,-7.16815e-06
2.65,0,1.07549,1.03778,0.500022,0.00858098,0.0377162
2.65,1,-0.710381,-0.61255,0.0441249,-4.0456,-0.0978307
2.65,2,1.02076,1.0874,-0.0823009,-1.83461,-0.0666403
2.65,3,0.448126,0.437818,0.209129,-0.022396,0.0103081
2.65,4,-0.310374,-0.288187,0.0395884,-0.19729,-0.0221869
2.65,5,-7.67593e-06,-4.90186e-07,-1.82317e-06,-3.53818e-05,-7.18574e-06
2.66,0,1.08049,1.04278,0.500023,0.00856838,0.0377159
2.66,1,-0.709964,-0.612109,0.0441228,-4.04658,-0.0978553
2.66,2,1.01992,1.08657,-0.082302,-1.83491,-0.0666506
2.66,3,0.450209,0.439909,0.209125,-0.0224731,0.0103002
2.66,4,-0.309957,-0.287791,0.0395779,-0.197118,-0.0221661
2.66,5,-7.71162e-06,-5.08534e-07,-1.84192e-06,-3.54628e-05,-7.20308e-06
2.67,0,1.08549,1.04778,0.500023,0.00855639,0.0377156
2.67,1,-0.709547,-0.611667,0.0441207,-4.04756,-0.0978799
2.67,2,1.01909,1.08575,-0.082303,-1.83522,-0.0666609
2.67,3,0.452293,0.442,0.209121,-0.02255,0.0102923
2.67,4,-0.309541,-0.287395,0.0395673,-0.196945,-0.0221452
2.67,5,-7.7473e-06,-5.26989e-07,-1.8465e-06,-3.55476e-05,-7.22031e-06
2.68,0,1.09049,1.05278,0.500023,0.00854506,0.0377154
2.68,1,-0.709131,-0.611226,0.0441186,-4.04853,-0.0979044
2.68,2,1.01826,1.08493,-0.0823039,-1.83553,-0.0666711
2.68,3,0.454376,0.444092,0.209118,-0.0226264,0.0102844
2.68,4,-0.309124,-0.287,0.0395568,-0.196771,-0.0221241
2.68,5,-7.78299e-06,-5.45419e-07,-1.83838e-06,-3.56363e-05,-7.23757e-06
2.69,0,1.09549,1.05778,0.500023,0.00853442,0.0377151
2.69,1,-0.708714,-0.610785,0.0441165,-4.04951,-0.0979289
2.69,2,1.01742,1.08411,-0.0823049,-1.83583,-0.0666814
2.69,3,0.456459,0.446183,0.209115,-0.0227026,0.0102766
2.69,4,-0.308707,-0.286604,0.0395462,-0.196597,-0.0221029
2.69,5,-7.81867e-06,-5.63705e-07,-1.81903e-06,-3.57291e-05,-7.25497e-06
2.7,0,1.10049,1.06278,0.500023,0.0085245,0.0377148
2.7,1,-0.708297,-0.610344,0.0441144,-4.05048,-0.0979535
2.7,2,1.01659,1.08328,-0.0823059,-1.83614,-0.0666916
2.7,3,0.458543,0.448274,0.209111,-0.0227784,0.0102688
2.7,4,-0.308291,-0.286209,0.0395356,-0.196421,-0.0220817
2.7,5,-7.85436e-06,-5.81743e-07,-1.78992e-06,-3.58261e-05,-7.27261e-06
2.71,0,1.10549,1.06778,0.500023,0.00851533,0.0377146
2.71,1,-0.707881,-0.609903,0.0441124,-4.05145,-0.0979779
2.71,2,1.01576,1.08246,-0.0823068,-1.83644,-0.0667019
2.71,3,0.460626,0.450365,0.209108,-0.022854,0.0102611
2.71,4,-0.307874,-0.285814,0.0395249,-0.196245,-0.0220603
2.71,5,-7.89004e-06,-5.99443e-07,-1.7525e-06,-3.59273e-05,-7.2906e-06
2.72,0,1.11049,1.07278,0.500022,0.00850691,0.0377143
2.72,1,-0.707464,-0.609462,0.0441104,-4.05243,-0.0980024
2.72,2,1.01492,1.08164,-0.0823077,-1.83675,-0.0667121
2.72,3,0.462709,0.452456,0.209104,-0.0229292,0.0102533
2.72,4,-0.307457,-0.285418,0.0395143,-0.196068,-0.0220388
2.72,5,-7.92573e-06,-6.16729e-07,-1.7082e-06,-3.60325e-05,-7.309e-06
2.73,0,1.11549,1.07778,0.500021,0.00849923,0.0377141
2.73,1,-0.707047,-0.609021,0.0441084,-4.0534,-0.0980269
2.73,2,1.01409,1.08081,-0.0823086,-1.83705,-0.0667223
2.73,3,0.464793,0.454547,0.209101,-0.023004,0.0102457
2.73,4,-0.307041,-0.285023,0.0395036,-0.19589,-0.0220172
2.73,5,-7.96141e-06,-6.33541e-07,-1.65839e-06,-3.61418e-05,-7.32787e-06
2.74,0,1.12049,1.08278,0.50002,0.00849229,0.0377138
2.74,1,-0.706631,-0.608579,0.0441064,-4.05437,-0.0980513
2.74,2,1.01326,1.07999,-0.0823094,-1.83736,-0.0667325
2.74,3,0.466876,0.456638,0.209098,-0.0230786,0.010238
2.74,4,-0.306624,-0.284628,0.039493,-0.195711,-0.0219955
2.74,5,-7.9971e-06,-6.49831e-07,-1.60439e-06,-3.6255e-05,-7.34727e-06
2.75,0,1.12549,1.08778,0.500019,0.00848606,0.0377136
2.75,1,-0.706214,-0.608138,0.0441045,-4.05534,-0.0980757
2.75,2,1.01242,1.07917,-0.0823103,-1.83766,-0.0667427
2.75,3,0.468959,0.458729,0.209094,-0.0231528,0.0102304
2.75,4,-0.306207,-0.284234,0.0394823,-0.195531,-0.0219737
2.75,5,-8.03278e-06,-6.65564e-07,-1.54744e-06,-3.63719e-05,-7.36722e-06
2.76,0,1.13049,1.09278,0.500018,0.00848054,0.0377134
2.76,1,-0.705797,-0.607697,0.0441026,-4.05631,-0.0981001
2.76,2,1.01159,1.07834,-0.0823111,-1.83797,-0.0667529
2.76,3,0.471043,0.46082,0.209091,-0.0232267,0.0102228
2.76,4,-0.305791,-0.283839,0.0394717,-0.19535,-0.0219518
2.76,5,-8.06847e-06,-6.80716e-07,-1.48873e-06,-3.64922e-05,-7.38775e-06
2.77,0,1.13549,1.09778,0.500017,0.00847568,0.0377132
2.77,1,-0.705381,-0.607256,0.0441007,-4.05728,-0.0981245
2.77,2,1.01076,1.07752,-0.0823119,-1.83827,-0.0667631
2.77,3,0.473126,0.462911,0.209088,-0.0233003,0.0102152
2.77,4,-0.305374,-0.283444,0.0394611,-0.195169,-0.0219298
2.77,5,-8.10416e-06,-6.95277e-07,-1.42934e-06,-3.66156e-05,-7.40888e-06
2.78,0,1.14049,1.10278,0.500016,0.00847144,0.037713
2.78,1,-0.704964,-0.606815,0.0440988,-4.05825,-0.0981488
2.78,2,1.00992,1.0767,-0.0823127,-1.83857,-0.0667733
2.78,3,0.475209,0.465002,0.209085,-0.0233735,0.0102077
2.78,4,-0.304957,-0.28305,0.0394505,-0.194987,-0.0219077
2.78,5,-8.13984e-06,-7.09245e-07,-1.37027e-06,-3.67419e-05,-7.4306e-06
2.79,0,1.14549,1.10778,0.500014,0.0084678,0.0377128
2.79,1,-0.704548,-0.606374,0.044097,-4.05922,-0.0981732
2.79,2,1.00909,1.07587,-0.0823134,-1.83888,-0.0667834
2.79,3,0.477293,0.467092,0.209081,-0.0234465,0.0102002
2.79,4,-0.304541,-0.282655,0.0394399,-0.194804,-0.0218855
2.79,5,-8.17553e-06,-7.22628e-07,-1.31244e-06,-3.68708e-05,-7.4529e-06
2.8,0,1.15049,1.11278,0.500013,0.00846471,0.0377126
2.8,1,-0.704131,-0.605933,0.0440952,-4.06019,-0.0981975
2.8,2,1.00826,1.07505,-0.0823142,-1.83918,-0.0667936
2.8,3,0.479376,0.469183,0.209078,-0.023519,0.0101928
2.8,4,-0.304124,-0.282261,0.0394293,-0.19462,-0.0218631
2.8,5,-8.21121e-06,-7.35444e-07,-1.25668e-06,-3.70018e-05,-7.47577e-06
2.81,0,1.15549,1.11778,0.500012,0.00846213,0.0377124
2.81,1,-0.703714,-0.605492,0.0440934,-4.06115,-0.0982218
2.81,2,1.00742,1.07423,-0.0823149,-1.83948,-0.0668038
2.81,3,0.481459,0.471274,0.209075,-0.0235913,0.0101853
2.81,4,-0.303707,-0.281867,0.0394187,-0.194435,-0.0218407
2.81,5,-8.2469e-06,-7.47716e-07,-1.20369e-06,-3.71348e-05,-7.49918e-06
2.82,0,1.16049,1.12278,0.500011,0.00846,0.0377123
2.82,1,-0.703298,-0.605052,0.0440917,-4.06212,-0.0982461
2.82,2,1.00659,1.07341,-0.0823156,-1.83979,-0.0668139
2.82,3,0.483543,0.473365,0.209071,-0.0236632,0.010178
2.82,4,-0.303291,-0.281472,0.0394082,-0.194249,-0.0218182
2.82,5,-8.28258e-06,-7.59478e-07,-1.15412e-06,-3.72693e-05,-7.5231e-06
2.83,0,1.16549,1.12778,0.500009,0.00845828,0.0377122
2.83,1,-0.702881,-0.604611,0.0440899,-4.06308,-0.0982703
2.83,2,1.00576,1.07258,-0.0823163,-1.84009,-0.066824
2.83,3,0.485626,0.475455,0.209068,-0.0237348,0.0101706
2.83,4,-0.302874,-0.281078,0.0393976,-0.194063,-0.0217955
2.83,5,-8.31827e-06,-7.70764e-07,-1.10849e-06,-3.7405e-05,-7.5475e-06
2.84,0,1.17049,1.13278,0.500008,0.00845692,0.037712
2.84,1,-0.702464,-0.60417,0.0440882,-4.06405,-0.0982946
2.84,2,1.00492,1.07176,-0.082317,-1.84039,-0.0668342
2.84,3,0.487709,0.477546,0.209065,-0.023806,0.0101633
2.84,4,-0.302457,-0.280684,0.0393871,-0.193876,-0.0217728
2.84,5,-8.35395e-06,-7.81619e-07,-1.06725e-06,-3.75415e-05,-7.57233e-06
2.85,0,1.17549,1.13778,0.500007,0.00845587,0.0377119
2.85,1,-0.702048,-0.603729,0.0440865,-4.06501,-0.0983188
2.85,2,1.00409,1.07094,-0.0823177,-1.84069,-0.0668443
2.85,3,0.489793,0.479637,0.209061,-0.0238769,0.010156
2.85,4,-0.302041,-0.280291,0.0393767,-0.193688,-0.0217499
2.85,5,-8.38964e-06,-7.92087e-07,-1.03077e-06,-3.76785e-05,-7.59755e-06
2.86,0,1.18049,1.14278,0.500006,0.00845509,0.0377118
2.86,1,-0.701631,-0.603288,0.0440849,-4.06598,-0.098343
2.86,2,1.00326,1.07011,-0.0823183,-1.841,-0.0668544
2.86,3,0.491876,0.481727,0.209058,-0.0239474,0.0101487
2.86,4,-0.301624,-0.279897,0.0393662,-0.193499,-0.0217269
2.86,5,-8.42532e-06,-8.02217e-07,-9.99301e-07,-3.78157e-05,-7.62311e-06
2.87,0,1.18549,1.14778,0.500005,0.00845452,0.0377117
2.87,1,-0.701214,-0.602847,0.0440832,-4.06694,-0.0983672
2.87,2,1.00242,1.06929,-0.082319,-1.8413,-0.0668645
2.87,3,0.493959,0.483818,0.209054,-0.0240176,0.0101415
2.87,4,-0.301207,-0.279503,0.0393558,-0.193309,-0.0217039
2.87,5,-8.46101e-06,-8.12061e-07,-9.73046e-07,-3.79528e-05,-7.64895e-06
2.88,0,1.19049,1.15278,0.500004,0.00845413,0.0377117
2.88,1,-0.700798,-0.602406,0.0440816,-4.0679,-0.0983914
2.88,2,1.00159,1.06847,-0.0823196,-1.8416,-0.0668746
2.88,3,0.496043,0.485908,0.209051,-0.0240874,0.0101343
2.88,4,-0.300791,-0.27911,0.0393454,-0.193118,-0.0216807
2.88,5,-8.4967e-06,-8.21672e-07,-9.52118e-07,-3.80895e-05,-7.67502e-06
2.89,0,1.19549,1.15778,0.500003,0.00845387,0.0377116
2.89,1,-0.700381,-0.601966,0.0440799,-4.06886,-0.0984156
2.89,2,1.00076,1.06764,-0.0823203,-1.8419,-0.0668847
2.89,3,0.498126,0.487999,0.209048,-0.0241569,0.0101272
2.89,4,-0.300374,-0.278716,0.039335,-0.192927,-0.0216574
2.89,5,-8.53238e-06,-8.31103e-07,-9.36562e-07,-3.82254e-05,-7.70128e-06
2.9,0,1.19999,1.16278,0.500002,-0.0115462,0.0372115
2.9,1,-0.700006,-0.601525,0.0440783,-4.07149,-0.0984814
2.9,2,1.00001,1.06682,-0.0823209,-1.8397,-0.0668115
2.9,3,0.500001,0.490089,0.209044,-0.0263094,0.00991171
2.9,4,-0.299999,-0.278323,0.0393247,-0.193068,-0.0216757
2.9,5,-8.5645e-06,-8.40408e-07,-9.2636e-07,-3.83425e-05,-7.72409e-06
2.91,0,1.19999,1.16777,0.496549,-0.200629,0.0322255
2.91,1,-0.700006,-0.601097,0.0410823,-4.07961,-0.0989091
2.91,2,1.00001,1.06602,-0.0769273,-1.82651,-0.066012
2.91,3,0.500001,0.492132,0.197759,-0.0399607,0.00786946
2.91,4,-0.299999,-0.277933,0.0388901,-0.195975,-0.0220662
2.91,5,-8.5645e-06,3.77064e-05,0.00848793,-0.00277774,-4.62709e-05
2.92,0,1.19999,1.17269,0.48742,-0.370027,0.0273058
2.92,1,-0.700006,-0.600714,0.0359574,-4.07956,-0.0992923
2.92,2,1.00001,1.0653,-0.0678599,-1.82303,-0.0652916
2.92,3,0.500001,0.493992,0.175544,-0.0452377,0.00600886
2.92,4,-0.299999,-0.27754,0.0398669,-0.199606,-0.022459
2.92,5,-8.5645e-06,0.000183962,0.0191827,-0.00671744,-0.000192526
2.93,0,1.19999,1.17749,0.4734,-0.52,0.022505
2.93,1,-0.700006,-0.600384,0.0306898,-4.07698,-0.0996227
2.93,2,1.00001,1.06467,-0.0585644,-1.82281,-0.0646645
2.93,3,0.500001,0.495606,0.149513,-0.0457569,0.00439511
2.93,4,-0.299999,-0.277129,0.0422444,-0.204082,-0.02287
2.93,5,-8.5645e-06,0.00041372,0.0252679,-0.00969181,-0.000422285
2.94,0,1.19999,1.18212,0.455194,-0.650862,0.017868
2.94,1,-0.700006,-0.600104,0.0258774,-4.07374,-0.0999026
2.94,2,1.00001,1.06414,-0.0499204,-1.82397,-0.0641271
2.94,3,0.500001,0.496954,0.122905,-0.0432759,0.0030467
2.94,4,-0.299999,-0.276691,0.0450307,-0.208978,-0.0233078
2.94,5,-8.5645e-06,0.000675576,0.0262422,-0.0112934,-0.00068414
2.95,0,1.19999,1.18656,0.433445,-0.763015,0.013433
2.95,1,-0.700006,-0.599868,0.0216943,-4.0706,-0.100138
2.95,2,1.00001,1.06368,-0.0421191,-1.82591,-0.0636715
2.95,3,0.500001,0.498042,0.0974249,-0.0388629,0.0019592
2.95,4,-0.299999,-0.276227,0.0474048,-0.213877,-0.0237718
2.95,5,-8.5645e-06,0.000924473,0.0233073,-0.0116574,-0.000933038
2.96,0,1.19999,1.19076,0.40875,-0.856963,0.00923216
2.96,1,-0.700006,-0.599671,0.0181677,-4.0679,-0.100335
2.96,2,1.00001,1.0633,-0.0351671,-1.82834,-0.0632892
2.96,3,0.500001,0.498886,0.0740607,-0.0332815,0.00111549
2.96,4,-0.299999,-0.275744,0.0488759,-0.218476,-0.0242548
2.96,5,-8.5645e-06,0.00112931,0.0179037,-0.0110605,-0.00113787
2.97,0,1.19999,1.1947,0.381665,-0.933319,0.00529187
2.97,1,-0.700006,-0.599506,0.0152655,-4.0658,-0.1005
2.97,2,1.00001,1.06298,-0.0290217,-1.83112,-0.062972
2.97,3,0.500001,0.49951,0.0533827,-0.0271198,0.000490982
2.97,4,-0.299999,-0.275252,0.0492226,-0.222583,-0.0247464
2.97,5,-8.5645e-06,0.00127246,0.0112758,-0.00978789,-0.00128103
2.98,0,1.19999,1.19836,0.352709,-0.992802,0.00163314
2.98,1,-0.700006,-0.599367,0.0129289,-4.06436,-0.100639
2.98,2,1.00001,1.06272,-0.0236271,-1.83411,-0.062712
2.98,3,0.500001,0.499944,0.03568,-0.0208376,5.7036e-05
2.98,4,-0.299999,-0.274764,0.0484071,-0.226084,-0.0252351
2.98,5,-8.5645e-06,0.00134718,0.00437523,-0.00809128,-0.00135574
2.99,0,1.19999,1.20172,0.32237,-1.03623,-0.00172803
2.99,1,-0.700006,-0.599248,0.0110877,-4.06359,-0.100758
2.99,2,1.00001,1.06251,-0.0189249,-1.83722,-0.0625022
2.99,3,0.500001,0.500218,0.0210364,-0.0147889,-0.000216709
2.99,4,-0.299999,-0.274289,0.0465048,-0.228929,-0.0257096
2.99,5,-8.5645e-06,0.00135462,-0.00212769,-0.00617764,-0.00136319
3,0,1.19999,1.20477,0.291099,-1.06451,-0.00478033
3,1,-0.700006,-0.599145,0.0096683,-4.06344,-0.100861
3,2,1.00001,1.06234,-0.0148576,-1.84036,-0.0623358
3,3,0.500001,0.500362,0.00938338,-0.00923577,-0.000360574
3,4,-0.299999,-0.273839,0.0436544,-0.231104,-0.0261597
3,5,-8.5645e-06,0.00130134,-0.00780058,-0.00420933,-0.0013099
3.01,0,1.19999,1.20751,0.259318,-1.07862,-0.00751678
3.01,1,-0.700006,-0.599055,0.00859898,-4.06386,-0.100952
3.01,2,1.00001,1.06222,-0.0113689,-1.84347,-0.0622069
3.01,3,0.500001,0.500405,0.000542146,-0.00436086,-0.000403557
3.01,4,-0.299999,-0.273422,0.0400241,-0.232627,-0.0265768
3.01,5,-8.5645e-06,0.00119709,-0.0124007,-0.00230803,-0.00120565
3.02,0,1.19999,1.20993,0.227413,-1.07961,-0.00993443
3.02,1,-0.700006,-0.598973,0.00781255,-4.06476,-0.101033
3.02,2,1.00001,1.06212,-0.00840511,-1.84649,-0.0621099
3.02,3,0.500001,0.500374,-0.00574152,-0.000279362,-0.000372428
3.02,4,-0.299999,-0.273045,0.0357901,-0.233529,-0.0269542
3.02,5,-8.5645e-06,0.00105324,-0.01583,-0.000560023,-0.00106181
3.03,0,1.19999,1.21203,0.195739,-1.06858,-0.012034
3.03,1,-0.700006,-0.598898,0.007248,-4.06606,-0.101108
3.03,2,1.00001,1.06205,-0.00591476,-1.84937,-0.0620399
3.03,3,0.500001,0.500292,-0.0097685,0.00294976,-0.000291134
3.03,4,-0.299999,-0.272712,0.0311225,-0.233855,-0.0272867
3.03,5,-8.5645e-06,0.000881544,-0.0180957,0.000978161,-0.000890109
3.04,0,1.19999,1.21381,0.164619,-1.04664,-0.0138197
3.04,1,-0.700006,-0.598828,0.00685124,-4.06767,-0.101178
3.04,2,1.00001,1.062,-0.003849,-1.85208,-0.0619924
3.04,3,0.500001,0.500182,-0.0118629,0.005313,-0.000180472
3.04,4,-0.299999,-0.272428,0.026178,-0.233656,-0.0275709
3.04,5,-8.5645e-06,0.000693239,-0.0192778,0.00227432,-0.000701803
3.05,0,1.19999,1.21529,0.134341,-1.01496,-0.0152985
3.05,1,-0.700006,-0.598761,0.00657536,-4.06952,-0.101245
3.05,2,1.00001,1.06197,-0.00216164,-1.85458,-0.0619635
3.05,3,0.500001,0.500059,-0.0123533,0.00683243,-5.79563e-05
3.05,4,-0.299999,-0.272194,0.0210957,-0.232986,-0.0278048
3.05,5,-8.5645e-06,0.000498494,-0.0195027,0.00331552,-0.000507059
3.06,0,1.19999,1.21647,0.105161,-0.974699,-0.0164804
3.06,1,-0.700006,-0.598697,0.00638048,-4.07152,-0.10131
3.06,2,1.00001,1.06196,-0.000809216,-1.85687,-0.0619496
3.06,3,0.500001,0.499939,-0.0115591,0.00755688,6.21414e-05
3.06,4,-0.299999,-0.272011,0.0159957,-0.231899,-0.0279877
3.06,5,-8.5645e-06,0.00030606,-0.0189225,0.00410364,-0.000314625
3.07,0,1.19999,1.21737,0.0773021,-0.927012,-0.0173776
3.07,1,-0.700006,-0.598634,0.00623336,-4.0736,-0.101373
3.07,2,1.00001,1.06196,0.000248935,-1.85892,-0.0619476
3.07,3,0.500001,0.499832,-0.00977967,0.00755422,0.000168642
3.07,4,-0.299999,-0.271879,0.0109793,-0.230449,-0.0281199
3.07,5,-8.5645e-06,0.000123101,-0.017699,0.00465136,-0.000131665
3.08,0,1.19999,1.218,0.0509558,-0.873045,-0.0180044
3.08,1,-0.700006,-0.598572,0.00610699,-4.07569,-0.101434
3.08,2,1.00001,1.06196,0.00105065,-1.86074,-0.0619547
3.08,3,0.500001,0.499748,-0.00728765,0.00690475,0.000253215
3.08,4,-0.299999,-0.271796,0.00612974,-0.228688,-0.0282029
3.08,5,-8.5645e-06,-4.48348e-05,-0.0159918,0.00497889,3.62703e-05
3.09,0,1.19999,1.21837,0.0262807,-0.813916,-0.0183769
3.09,1,-0.700006,-0.598512,0.00598004,-4.07772,-0.101495
3.09,2,1.00001,1.06198,0.00163093,-1.86232,-0.0619685
3.09,3,0.500001,0.499691,-0.00432471,0.00569576,0.000310093
3.09,4,-0.299999,-0.27176,0.00151429,-0.226666,-0.0282386
3.09,5,-8.5645e-06,-0.000193745,-0.0139508,0.00511116,0.00018518
3.1,0,1.19999,1.2185,0.00340529,-0.750708,-0.0185123
3.1,1,-0.700006,-0.598453,0.00583622,-4.07965,-0.101554
3.1,2,1.00001,1.062,0.00202191,-1.86366,-0.0619871
3.1,3,0.500001,0.499665,-0.00109952,0.00401712,0.000335741
3.1,4,-0.299999,-0.271769,-0.00281446,-0.22443,-0.0282297
3.1,5,-8.5645e-06,-0.000321045,-0.0117105,0.00507557,0.000312481
3.11,0,1.19999,1.21842,-0.0175718,-0.68446,-0.0184294
3.11,1,-0.700006,-0.598395,0.00566381,-4.08143,-0.101611
3.11,2,1.00001,1.06202,0.0022529,-1.86477,-0.0620087
3.11,3,0.500001,0.499673,0.00221249,0.00195778,0.000328528
3.11,4,-0.299999,-0.27182,-0.00681655,-0.222025,-0.0281792
3.11,5,-8.5645e-06,-0.000425397,-0.00938706,0.00490028,0.000416833
3.12,0,1.19999,1.21814,-0.0365804,-0.616158,-0.0181475
3.12,1,-0.700006,-0.59834,0.00545502,-4.08303,-0.101667
3.12,2,1.00001,1.06204,0.00235043,-1.86566,-0.0620319
3.12,3,0.500001,0.499713,0.00546798,-0.000396789,0.0002884
3.12,4,-0.299999,-0.271908,-0.010463,-0.219494,-0.0280907
3.12,5,-8.5645e-06,-0.000506517,-0.00707705,0.00461288,0.000497952
3.13,0,1.19999,1.21768,-0.0535771,-0.54673,-0.0176865
3.13,1,-0.700006,-0.598286,0.00520549,-4.08441,-0.10172
3.13,2,1.00001,1.06206,0.00233836,-1.86634,-0.0620554
3.13,3,0.500001,0.499785,0.00855376,-0.00296656,0.000216569
3.13,4,-0.299999,-0.272031,-0.0137341,-0.216875,-0.0279678
3.13,5,-8.5645e-06,-0.000564979,-0.00485773,0.00423939,0.000556415
3.14,0,1.19999,1.21706,-0.068544,-0.477039,-0.0170668
3.14,1,-0.700006,-0.598236,0.00491373,-4.08555,-0.10177
3.14,2,1.00001,1.06209,0.00223792,-1.86683,-0.0620783
3.14,3,0.500001,0.499886,0.011384,-0.00567818,0.000115225
3.14,4,-0.299999,-0.272185,-0.0166183,-0.214205,-0.0278142
3.14,5,-8.5645e-06,-0.000602029,-0.0027879,0.00380369,0.000593465
3.15,0,1.19999,1.2163,-0.0814865,-0.40788,-0.0163085
3.15,1,-0.700006,-0.598189,0.00458072,-4.08644,-0.101818
3.15,2,1.00001,1.06211,0.00206793,-1.86713,-0.0620998
3.15,3,0.500001,0.500014,0.0138975,-0.0084657,-1.27201e-05
3.15,4,-0.299999,-0.272365,-0.0191108,-0.211517,-0.027634
3.15,5,-8.5645e-06,-0.000619406,-0.000909553,0.00332707,0.000610842
3.16,0,1.19999,1.21542,-0.0924317,-0.339976,-0.0154318
3.16,1,-0.700006,-0.598145,0.00420936,-4.08708,-0.101861
3.16,2,1.00001,1.06213,0.00184487,-1.86727,-0.0621193
3.16,3,0.500001,0.500165,0.016054,-0.011271,-0.000163862
3.16,4,-0.299999,-0.272568,-0.0212127,-0.208842,-0.027431
3.16,5,-8.5645e-06,-0.000619186,0.000750091,0.00282808,0.000610621
3.17,0,1.19999,1.21445,-0.101426,-0.273978,-0.0144564
3.17,1,-0.700006,-0.598105,0.00380414,-4.08746,-0.101901
3.17,2,1.00001,1.06214,0.00158308,-1.86726,-0.0621363
3.17,3,0.500001,0.500336,0.0178315,-0.0140438,-0.000334496
3.17,4,-0.299999,-0.27279,-0.0229298,-0.206208,-0.0272091
3.17,5,-8.5645e-06,-0.000603644,0.00217646,0.00232246,0.00059508
3.18,0,1.19999,1.21339,-0.108534,-0.21046,-0.0134015
3.18,1,-0.700006,-0.598069,0.00337071,-4.08759,-0.101937
3.18,2,1.00001,1.06216,0.00129494,-1.86711,-0.0621506
3.18,3,0.500001,0.500522,0.0192228,-0.0167415,-0.000520781
3.18,4,-0.299999,-0.273027,-0.0242722,-0.203641,-0.0269722
3.18,5,-8.5645e-06,-0.000575145,0.00336544,0.00182327,0.00056658
3.19,0,1.19999,1.21228,-0.113834,-0.149922,-0.0122856
3.19,1,-0.700006,-0.598038,0.00291554,-4.08747,-0.101968
3.19,2,1.00001,1.06217,0.000991013,-1.86684,-0.0621619
3.19,3,0.500001,0.50072,0.0202331,-0.0193286,-0.000718875
3.19,4,-0.299999,-0.273275,-0.0252535,-0.201163,-0.0267237
3.19,5,-8.5645e-06,-0.000536045,0.00432124,0.00134103,0.00052748
3.2,0,1.19999,1.21112,-0.11742,-0.0927871,-0.0111262
3.2,1,-0.700006,-0.598011,0.00244562,-4.08713,-0.101995
3.2,2,1.00001,1.06218,0.000680274,-1.86646,-0.0621701
3.2,3,0.500001,0.500926,0.0208769,-0.0217765,-0.000925041
3.2,4,-0.299999,-0.273531,-0.0258905,-0.198794,-0.0264674
3.2,5,-8.5645e-06,-0.000488621,0.00505452,0.000883928,0.000480057
3.21,0,1.19999,1.20993,-0.119395,-0.0394081,-0.00993981
3.21,1,-0.700006,-0.59799,0.00196818,-4.08657,-0.102017
3.21,2,1.00001,1.06218,0.000370243,-1.866,-0.0621752
3.21,3,0.500001,0.501137,0.0211759,-0.0240629,-0.00113573
3.21,4,-0.299999,-0.273792,-0.0262021,-0.196551,-0.0262066
3.21,5,-8.5645e-06,-0.000435019,0.00558059,0.000458095,0.000426455
3.22,0,1.19999,1.20873,-0.119872,0.00993486,-0.00874205
3.22,1,-0.700006,-0.597973,0.00149043,-4.08582,-0.102034
3.22,2,1.00001,1.06219,6.7172e-05,-1.86545,-0.0621772
3.22,3,0.500001,0.501349,0.0211574,-0.0261708,-0.00134764
3.22,4,-0.299999,-0.274055,-0.0262098,-0.194449,-0.0259442
3.22,5,-8.5645e-06,-0.00037721,0.00591795,6.7843e-05,0.000368646
3.23,0,1.19999,1.20754,-0.118972,0.0550296,-0.00754719
3.23,1,-0.700006,-0.59796,0.0010194,-4.08489,-0.102046
3.23,2,1.00001,1.06218,-0.000223804,-1.86484,-0.0621763
3.23,3,0.500001,0.501559,0.0208517,-0.0280885,-0.00155775
3.23,4,-0.299999,-0.274315,-0.0259364,-0.192499,-0.0256834
3.23,5,-8.5645e-06,-0.000316971,0.00608699,-0.000284066,0.000308406
3.24,0,1.19999,1.20636,-0.116821,0.095729,-0.00636832
3.24,1,-0.700006,-0.597953,0.000561698,-4.08383,-0.102054
3.24,2,1.00001,1.06218,-0.000498523,-1.86418,-0.0621725
3.24,3,0.500001,0.501764,0.0202915,-0.0298087,-0.00176338
3.24,4,-0.299999,-0.274572,-0.025406,-0.190711,-0.0254268
3.24,5,-8.5645e-06,-0.000255868,0.00610897,-0.000596175,0.000247303
3.25,0,1.19999,1.20521,-0.113546,0.131947,-0.00521725
3.25,1,-0.700006,-0.597949,0.000123434,-4.08264,-0.102057
3.25,2,1.00001,1.06217,-0.000753668,-1.86348,-0.0621661
3.25,3,0.500001,0.501963,0.0195103,-0.0313279,-0.00196217
3.25,4,-0.299999,-0.274822,-0.024644,-0.189092,-0.0251767
3.25,5,-8.5645e-06,-0.000195254,0.00600515,-0.000868098,0.000186689
3.26,0,1.19999,1.2041,-0.109279,0.163656,-0.0041045
3.26,1,-0.700006,-0.59795,-0.000289932,-4.08136,-0.102056
3.26,2,1.00001,1.06217,-0.000986651,-1.86274,-0.0621573
3.26,3,0.500001,0.502153,0.0185416,-0.0326458,-0.00215209
3.26,4,-0.299999,-0.275063,-0.023676,-0.187646,-0.0249355
3.26,5,-8.5645e-06,-0.000136273,0.0057962,-0.00110032,0.000127709
3.27,0,1.19999,1.20303,-0.10415,0.190878,-0.00303927
3.27,1,-0.700006,-0.597956,-0.000673652,-4.08001,-0.102051
3.27,2,1.00001,1.06215,-0.00119551,-1.862,-0.0621462
3.27,3,0.500001,0.502333,0.0174181,-0.0337652,-0.00233144
3.27,4,-0.299999,-0.275294,-0.0225283,-0.186375,-0.0247049
3.27,5,-8.5645e-06,-7.9868e-05,0.00550169,-0.00129399,7.13036e-05
3.28,0,1.19999,1.20202,-0.0982884,0.213687,-0.00202946
3.28,1,-0.700006,-0.597964,-0.00102375,-4.07861,-0.102042
3.28,2,1.00001,1.06214,-0.00137884,-1.86124,-0.0621332
3.28,3,0.500001,0.5025,0.016171,-0.0346911,-0.00249885
3.28,4,-0.299999,-0.275512,-0.0212269,-0.18528,-0.0244866
3.28,5,-8.5645e-06,-2.67931e-05,0.00513979,-0.00145079,1.82286e-05
3.29,0,1.19999,1.20107,-0.0918215,0.232197,-0.00108169
3.29,1,-0.700006,-0.597976,-0.00133705,-4.07719,-0.10203
3.29,2,1.00001,1.06213,-0.00153571,-1.86049,-0.0621186
3.29,3,0.500001,0.502654,0.0148301,-0.0354305,-0.00265325
3.29,4,-0.299999,-0.275717,-0.0197977,-0.184358,-0.0242821
3.29,5,-8.5645e-06,2.23702e-05,0.00472705,-0.00157279,-3.09347e-05
3.3,0,1.19999,1.20019,-0.084872,0.246562,-0.000201351
3.3,1,-0.700006,-0.597991,-0.00161118,-4.07577,-0.102015
3.3,2,1.00001,1.06211,-0.00166559,-1.85974,-0.0621025
3.3,3,0.500001,0.502795,0.0134228,-0.0359922,-0.00279386
3.3,4,-0.299999,-0.275906,-0.018266,-0.183607,-0.0240925
3.3,5,-8.5645e-06,6.71968e-05,0.00427832,-0.0016623,-7.57613e-05
3.31,0,1.19999,1.19938,-0.0775578,0.256969,0.000607394
3.31,1,-0.700006,-0.598009,-0.00184456,-4.07437,-0.101998
3.31,2,1.00001,1.06209,-0.00176833,-1.85902,-0.0620852
3.31,3,0.500001,0.502921,0.0119745,-0.0363861,-0.00292014
3.31,4,-0.299999,-0.27608,-0.0166563,-0.183021,-0.0239186
3.31,5,-8.5645e-06,0.0001074,0.00380671,-0.00172183,-0.000115965
3.32,0,1.19999,1.19865,-0.069991,0.263634,0.00134152
3.32,1,-0.700006,-0.598028,-0.00203637,-4.07302,-0.101978
3.32,2,1.00001,1.06208,-0.00184412,-1.85833,-0.0620671
3.32,3,0.500001,0.503033,0.0105082,-0.0366232,-0.00303183
3.32,4,-0.299999,-0.276238,-0.0149921,-0.182594,-0.0237612
3.32,5,-8.5645e-06,0.000142815,0.00332358,-0.00175397,-0.00015138
3.33,0,1.19999,1.19799,-0.0622773,0.266795,0.00199908
3.33,1,-0.700006,-0.598049,-0.00218651,-4.07172,-0.101957
3.33,2,1.00001,1.06206,-0.00189343,-1.85766,-0.0620484
3.33,3,0.500001,0.50313,0.00904452,-0.0367152,-0.00312885
3.33,4,-0.299999,-0.276378,-0.0132959,-0.182317,-0.0236206
3.33,5,-8.5645e-06,0.000173382,0.00283871,-0.00176135,-0.000181947
3.34,0,1.19999,1.19741,-0.0545152,0.266712,0.00257917
3.34,1,-0.700006,-0.598072,-0.00229554,-4.07049,-0.101934
3.34,2,1.00001,1.06204,-0.001917,-1.85704,-0.0620293
3.34,3,0.500001,0.503212,0.00760186,-0.0366745,-0.00321133
3.34,4,-0.299999,-0.276502,-0.0115886,-0.182182,-0.023497
3.34,5,-8.5645e-06,0.00019913,0.00236031,-0.00174656,-0.000207694
3.35,0,1.19999,1.19691,-0.0467952,0.263657,0.00308179
3.35,1,-0.700006,-0.598095,-0.00236463,-4.06935,-0.101911
3.35,2,1.00001,1.06202,-0.00191584,-1.85647,-0.0620101
3.35,3,0.500001,0.503281,0.00619619,-0.0365136,-0.00327959
3.35,4,-0.299999,-0.276608,-0.00988974,-0.182179,-0.0233905
3.35,5,-8.5645e-06,0.000220161,0.00189521,-0.00171219,-0.000228726
3.36,0,1.19999,1.19648,-0.0392001,0.257913,0.00350783
3.36,1,-0.700006,-0.598119,-0.00239546,-4.0683,-0.101887
3.36,2,1.00001,1.062,-0.00189116,-1.85595,-0.0619911
3.36,3,0.500001,0.503335,0.00484135,-0.0362453,-0.00333405
3.36,4,-0.299999,-0.276698,-0.00821721,-0.182298,-0.0233008
3.36,5,-8.5645e-06,0.000236641,0.00144893,-0.00166071,-0.000245206
3.37,0,1.19999,1.19613,-0.0318041,0.249771,0.00385896
3.37,1,-0.700006,-0.598143,-0.0023902,-4.06736,-0.101863
3.37,2,1.00001,1.06198,-0.00184439,-1.85548,-0.0619724
3.37,3,0.500001,0.503376,0.00354902,-0.0358824,-0.0033753
3.37,4,-0.299999,-0.276771,-0.00658724,-0.182528,-0.0232277
3.37,5,-8.5645e-06,0.000248783,0.00102588,-0.0015945,-0.000257347
3.38,0,1.19999,1.19585,-0.0246732,0.239521,0.00413754
3.38,1,-0.700006,-0.598167,-0.00235138,-4.06653,-0.10184
3.38,2,1.00001,1.06196,-0.00177715,-1.85507,-0.0619543
3.38,3,0.500001,0.503405,0.00232891,-0.0354375,-0.00340402
3.38,4,-0.299999,-0.276828,-0.00501433,-0.182857,-0.0231705
3.38,5,-8.5645e-06,0.000256838,0.000629432,-0.00151584,-0.000265403
3.39,0,1.19999,1.19564,-0.0178648,0.227456,0.00434654
3.39,1,-0.700006,-0.59819,-0.00228185,-4.06581,-0.101816
3.39,2,1.00001,1.06195,-0.00169121,-1.85473,-0.061937
3.39,3,0.500001,0.503422,0.00118884,-0.034923,-0.00342097
3.39,4,-0.299999,-0.27687,-0.00351121,-0.183274,-0.0231287
3.39,5,-8.5645e-06,0.000261087,0.000262096,-0.00142689,-0.000269652
