sim_t,joint,desired,actual,velocity,torque,error
0,0,0,0,0,0,0
0,1,-0.8,-0.8,0,0,0
0,2,1.2,1.2,0,-6.66134e-15,-2.22045e-16
0,3,0,0,0,0,0
0,4,-0.4,-0.4,0,0,0
0,5,0,0,0,0,0
0.01,0,0,0,0,0,0
0.01,1,-0.8,-0.799036,0.16595,-0.536428,-0.000964426
0.01,2,1.2,1.20018,0.0384837,-0.0823016,-0.000177805
0.01,3,0,0,0,0,0
0.01,4,-0.4,-0.401011,-0.1636,0.089886,0.00101077
0.01,5,0,0,0,0,0
0.02,0,0,0,0,0,0
0.02,1,-0.8,-0.796699,0.2836,-0.982847,-0.00330121
0.02,2,1.2,1.20089,0.100179,-0.227177,-0.000893941
0.02,3,0,0,0,0,0
0.02,4,-0.4,-0.402999,-0.213878,0.130932,0.00299909
0.02,5,0,0,0,0,0
0.03,0,0,0,0,0,0
0.03,1,-0.8,-0.79336,0.371512,-1.38016,-0.00664049
0.03,2,1.2,1.20226,0.165307,-0.398268,-0.00225512
0.03,3,0,0,0,0,0
0.03,4,-0.4,-0.40506,-0.191605,0.136286,0.00506038
0.03,5,0,0,0,0,0
0.04,0,0,0,0,0,0
0.04,1,-0.8,-0.789258,0.439158,-1.74714,-0.0107418
0.04,2,1.2,1.20425,0.226588,-0.580675,-0.00424998
0.04,3,0,0,0,0,0
0.04,4,-0.4,-0.406654,-0.128913,0.117692,0.00665443
0.04,5,0,0,0,0,0
0.05,0,0,0,0,0,0
0.05,1,-0.8,-0.784566,0.491833,-2.09285,-0.0154339
0.05,2,1.2,1.20682,0.281133,-0.766927,-0.00682205
0.05,3,0,0,0,0,0
0.05,4,-0.4,-0.407507,-0.0480056,0.0840564,0.0075067
0.05,5,0,0,0,0,0
0.06,0,0,0,0,0,0
0.06,1,-0.8,-0.779414,0.532665,-2.42142,-0.0205856
0.06,2,1.2,1.2099,0.327782,-0.952464,-0.00989669
0.06,3,0,0,0,0,0
0.06,4,-0.4,-0.407519,0.0368425,0.0417314,0.00751908
0.06,5,0,0,0,0,0
0.07,0,0,0,0,0,0
0.07,1,-0.8,-0.77391,0.563557,-2.73426,-0.0260898
0.07,2,1.2,1.21339,0.366159,-1.13409,-0.0133924
0.07,3,0,0,0,0,0
0.07,4,-0.4,-0.406703,0.117015,-0.00488035,0.00670341
0.07,5,0,0,0,0,0
0.08,0,0,0,0,0,0
0.08,1,-0.8,-0.768146,0.585705,-3.03128,-0.031854
0.08,2,1.2,1.21723,0.396296,-1.30939,-0.0172265
0.08,3,0,0,0,0,0
0.08,4,-0.4,-0.405135,0.18773,-0.0527828,0.00513529
0.08,5,0,0,0,0,0
0.09,0,0,0,0,0,0
0.09,1,-0.8,-0.762205,0.599905,-3.31154,-0.0377955
0.09,2,1.2,1.22132,0.418456,-1.47645,-0.0213178
0.09,3,0,0,0,0,0
0.09,4,-0.4,-0.402923,0.246709,-0.0999671,0.00292345
0.09,5,0,0,0,0,0
0.1,0,0,0,0,0,0
0.1,1,-0.8,-0.756162,0.606744,-3.57375,-0.043838
0.1,2,1.2,1.22559,0.43304,-1.63374,-0.0255886
0.1,3,0,0,0,0,0
0.1,4,-0.4,-0.40019,0.293258,-0.145108,0.000190081
0.1,5,0,0,0,0,0
0.11,0,0,0,0,0,0
0.11,1,-0.8,-0.750089,0.606714,-3.81657,-0.0499108
0.11,2,1.2,1.22997,0.440534,-1.78004,-0.0299659
0.11,3,0,0,0,0,0
0.11,4,-0.4,-0.397059,0.327642,-0.187352,-0.00294137
0.11,5,0,0,0,0,0
0.12,0,0,0,0,0,0
0.12,1,-0.8,-0.744052,0.600284,-4.03876,-0.0559476
0.12,2,1.2,1.23438,0.441472,-1.91439,-0.0343815
0.12,3,0,0,0,0,0
0.12,4,-0.4,-0.393647,0.350674,-0.226164,-0.0063534
0.12,5,0,0,0,0,0
0.13,0,0,0,0,0,0
0.13,1,-0.8,-0.738113,0.587937,-4.2393,-0.0618872
0.13,2,1.2,1.23877,0.436424,-2.03604,-0.0387732
0.13,3,0,0,0,0,0
0.13,4,-0.4,-0.390062,0.363451,-0.261232,-0.00993838
0.13,5,0,0,0,0,0
0.14,0,0,0,0,0,0
0.14,1,-0.8,-0.732327,0.570184,-4.41748,-0.0676732
0.14,2,1.2,1.24308,0.425975,-2.14448,-0.0430842
0.14,3,0,0,0,0,0
0.14,4,-0.4,-0.3864,0.367186,-0.292396,-0.0136004
0.14,5,0,0,0,0,0
0.15,0,0,0,0,0,0
0.15,1,-0.8,-0.726746,0.547576,-4.57291,-0.0732545
0.15,2,1.2,1.24726,0.410723,-2.23936,-0.0472638
0.15,3,0,0,0,0,0
0.15,4,-0.4,-0.382744,0.363109,-0.319601,-0.0172558
0.15,5,0,0,0,0,0
0.16,0,0,0,0,0,0
0.16,1,-0.8,-0.721414,0.520693,-4.70551,-0.0785856
0.16,2,1.2,1.25127,0.391267,-2.32055,-0.0512672
0.16,3,0,0,0,0,0
0.16,4,-0.4,-0.379167,0.352406,-0.342867,-0.020833
0.16,5,0,0,0,0,0
0.17,0,0,0,0,0,0
0.17,1,-0.8,-0.716373,0.490142,-4.81552,-0.0836273
0.17,2,1.2,1.25506,0.368208,-2.38809,-0.0550558
0.17,3,0,0,0,0,0
0.17,4,-0.4,-0.375728,0.33619,-0.362271,-0.024272
0.17,5,0,0,0,0,0
0.18,0,0,0,0,0,0
0.18,1,-0.8,-0.711654,0.456543,-4.90348,-0.0883462
0.18,2,1.2,1.2586,0.342139,-2.44218,-0.0585967
0.18,3,0,0,0,0,0
0.18,4,-0.4,-0.372477,0.31549,-0.377932,-0.0275233
0.18,5,0,0,0,0,0
0.19,0,0,0,0,0,0
0.19,1,-0.8,-0.707285,0.420518,-4.97017,-0.0927152
0.19,2,1.2,1.26186,0.313646,-2.48319,-0.0618631
0.19,3,0,0,0,0,0
0.19,4,-0.4,-0.369453,0.291246,-0.390002,-0.0305474
0.19,5,0,0,0,0,0
0.2,0,0,0,0,0,0
0.2,1,-0.8,-0.703286,0.382682,-5.01659,-0.0967136
0.2,2,1.2,1.26483,0.283299,-2.51162,-0.064834
0.2,3,0,0,0,0,0
0.2,4,-0.4,-0.366686,0.264309,-0.398663,-0.0333136
0.2,5,0,0,0,0,0
0.21,0,0,0,0,0,0
0.21,1,-0.8,-0.699674,0.343629,-5.04394,-0.100326
0.21,2,1.2,1.26749,0.251651,-2.52811,-0.0674938
0.21,3,0,0,0,0,0
0.21,4,-0.4,-0.364201,0.235448,-0.404118,-0.0357993
0.21,5,0,0,0,0,0
0.22,0,0,0,0,0,0
0.22,1,-0.8,-0.696455,0.303927,-5.05356,-0.103545
0.22,2,1.2,1.26983,0.219228,-2.53343,-0.0698324
0.22,3,0,0,0,0,0
0.22,4,-0.4,-0.362011,0.205355,-0.406589,-0.037989
0.22,5,0,0,0,0,0
0.23,0,0,0,0,0,0
0.23,1,-0.8,-0.693635,0.264109,-5.04692,-0.106365
0.23,2,1.2,1.27184,0.186531,-2.52841,-0.0718449
0.23,3,0,0,0,0,0
0.23,4,-0.4,-0.360126,0.174649,-0.406316,-0.0398739
0.23,5,0,0,0,0,0
0.24,0,0,0,0,0,0
0.24,1,-0.8,-0.691212,0.224666,-5.02553,-0.108788
0.24,2,1.2,1.27353,0.154026,-2.51398,-0.0735311
0.24,3,0,0,0,0,0
0.24,4,-0.4,-0.358549,0.143881,-0.403549,-0.041451
0.24,5,0,0,0,0,0
0.25,0,0,0,0,0,0
0.25,1,-0.8,-0.689178,0.186045,-4.99101,-0.110822
0.25,2,1.2,1.2749,0.12214,-2.49114,-0.0748953
0.25,3,0,0,0,0,0
0.25,4,-0.4,-0.357278,0.113541,-0.39855,-0.0427224
0.25,5,0,0,0,0,0
0.26,0,0,0,0,0,0
0.26,1,-0.8,-0.687525,0.148643,-4.94495,-0.112475
0.26,2,1.2,1.27595,0.0912627,-2.4609,-0.0759459
0.26,3,0,0,0,0,0
0.26,4,-0.4,-0.356305,0.084053,-0.391585,-0.0436948
0.26,5,0,0,0,0,0
0.27,0,0,0,0,0,0
0.27,1,-0.8,-0.686237,0.112809,-4.88896,-0.113763
0.27,2,1.2,1.27669,0.0617363,-2.42432,-0.0766948
0.27,3,0,0,0,0,0
0.27,4,-0.4,-0.355621,0.0557871,-0.382923,-0.0443787
0.27,5,0,0,0,0,0
0.28,0,0,0,0,0,0
0.28,1,-0.8,-0.685297,0.0788394,-4.82463,-0.114703
0.28,2,1.2,1.27716,0.0338582,-2.38244,-0.0771574
0.28,3,0,0,0,0,0
0.28,4,-0.4,-0.355212,0.0290557,-0.372833,-0.0447882
0.28,5,0,0,0,0,0
0.29,0,0,0,0,0,0
0.29,1,-0.8,-0.684686,0.0469823,-4.75352,-0.115314
0.29,2,1.2,1.27735,0.00787764,-2.3363,-0.0773514
0.29,3,0,0,0,0,0
0.29,4,-0.4,-0.35506,0.00411722,-0.361579,-0.04494
0.29,5,0,0,0,0,0
0.3,0,0,0,0,0,0
0.3,1,-0.8,-0.68438,0.017437,-4.6771,-0.11562
0.3,2,1.2,1.2773,-0.0160044,-2.2869,-0.0772971
0.3,3,0,0,0,0,0
0.3,4,-0.4,-0.355147,-0.0188215,-0.349416,-0.0448533
0.3,5,0,0,0,0,0
0.31,0,0,0,0,0,0
0.31,1,-0.8,-0.684357,-0.00964384,-4.59679,-0.115643
0.31,2,1.2,1.27702,-0.0376346,-2.23522,-0.0770161
0.31,3,0,0,0,0,0
0.31,4,-0.4,-0.355451,-0.0396033,-0.33659,-0.0445489
0.31,5,0,0,0,0,0
0.32,0,0,0,0,0,0
0.32,1,-0.8,-0.68459,-0.0341515,-4.51393,-0.11541
0.32,2,1.2,1.27653,-0.056906,-2.18214,-0.0765318
0.32,3,0,0,0,0,0
0.32,4,-0.4,-0.355951,-0.0581182,-0.323334,-0.0440492
0.32,5,0,0,0,0,0
0.33,0,0,0,0,0,0
0.33,1,-0.8,-0.685054,-0.0560184,-4.42977,-0.114946
0.33,2,1.2,1.27587,-0.0737559,-2.12853,-0.0758681
0.33,3,0,0,0,0,0
0.33,4,-0.4,-0.356623,-0.0743006,-0.309866,-0.043377
0.33,5,0,0,0,0,0
0.34,0,0,0,0,0,0
0.34,1,-0.8,-0.685722,-0.075215,-4.34546,-0.114278
0.34,2,1.2,1.27505,-0.0881631,-2.07515,-0.0750493
0.34,3,0,0,0,0,0
0.34,4,-0.4,-0.357444,-0.0881258,-0.296386,-0.0425561
0.34,5,0,0,0,0,0
0.35,0,0,0,0,0,0
0.35,1,-0.8,-0.686568,-0.0917463,-4.26205,-0.113432
0.35,2,1.2,1.2741,-0.100145,-2.0227,-0.0740998
0.35,3,0,0,0,0,0
0.35,4,-0.4,-0.35839,-0.0996066,-0.283075,-0.0416097
0.35,5,0,0,0,0,0
0.36,0,0,0,0,0,0
0.36,1,-0.8,-0.687564,-0.105649,-4.1805,-0.112436
0.36,2,1.2,1.27304,-0.109752,-1.9718,-0.0730435
0.36,3,0,0,0,0,0
0.36,4,-0.4,-0.359439,-0.10879,-0.270095,-0.0405613
0.36,5,0,0,0,0,0
0.37,0,0,0,0,0,0
0.37,1,-0.8,-0.688685,-0.116989,-4.10165,-0.111315
0.37,2,1.2,1.2719,-0.117066,-1.92299,-0.0719039
0.37,3,0,0,0,0,0
0.37,4,-0.4,-0.360567,-0.115752,-0.25759,-0.0394333
0.37,5,0,0,0,0,0
0.38,0,0,0,0,0,0
0.38,1,-0.8,-0.689905,-0.125854,-4.02623,-0.110095
0.38,2,1.2,1.2707,-0.122194,-1.87671,-0.0707033
0.38,3,0,0,0,0,0
0.38,4,-0.4,-0.361753,-0.120595,-0.245682,-0.0382474
0.38,5,0,0,0,0,0
0.39,0,0,0,0,0,0
0.39,1,-0.8,-0.691202,-0.132356,-3.95487,-0.108798
0.39,2,1.2,1.26946,-0.125266,-1.83335,-0.0694629
0.39,3,0,0,0,0,0
0.39,4,-0.4,-0.362976,-0.123442,-0.234473,-0.0370242
0.39,5,0,0,0,0,0
0.4,0,0,0,0,0,0
0.4,1,-0.8,-0.69255,-0.136626,-3.88811,-0.10745
0.4,2,1.2,1.2682,-0.126428,-1.79321,-0.0682023
0.4,3,0,0,0,0,0
0.4,4,-0.4,-0.364217,-0.124435,-0.224046,-0.0357829
0.4,5,0,0,0,0,0
0.41,0,0,0,0,0,0
0.41,1,-0.8,-0.69393,-0.138806,-3.82637,-0.10607
0.41,2,1.2,1.26694,-0.125839,-1.75652,-0.0669399
0.41,3,0,0,0,0,0
0.41,4,-0.4,-0.365459,-0.123726,-0.214466,-0.0345411
0.41,5,0,0,0,0,0
0.42,0,0,0,0,0,0
0.42,1,-0.8,-0.695321,-0.139056,-3.76998,-0.104679
0.42,2,1.2,1.26569,-0.12367,-1.72343,-0.0656922
0.42,3,0,0,0,0,0
0.42,4,-0.4,-0.366685,-0.121481,-0.205779,-0.033315
0.42,5,0,0,0,0,0
0.43,0,0,0,0,0,0
0.43,1,-0.8,-0.696705,-0.137542,-3.71918,-0.103295
0.43,2,1.2,1.26447,-0.120094,-1.69403,-0.0644741
0.43,3,0,0,0,0,0
0.43,4,-0.4,-0.367881,-0.117869,-0.198017,-0.032119
0.43,5,0,0,0,0,0
0.44,0,0,0,0,0,0
0.44,1,-0.8,-0.698064,-0.134436,-3.67411,-0.101936
0.44,2,1.2,1.2633,-0.115289,-1.66838,-0.0632986
0.44,3,0,0,0,0,0
0.44,4,-0.4,-0.369034,-0.113062,-0.191195,-0.0309658
0.44,5,0,0,0,0,0
0.45,0,0,0,0,0,0
0.45,1,-0.8,-0.699385,-0.129918,-3.63485,-0.100615
0.45,2,1.2,1.26218,-0.109432,-1.64645,-0.0621772
0.45,3,0,0,0,0,0
0.45,4,-0.4,-0.370134,-0.107234,-0.185315,-0.0298665
0.45,5,0,0,0,0,0
0.46,0,0,0,0,0,0
0.46,1,-0.8,-0.700654,-0.124166,-3.60136,-0.0993465
0.46,2,1.2,1.26112,-0.102697,-1.62818,-0.0611192
0.46,3,0,0,0,0,0
0.46,4,-0.4,-0.37117,-0.100554,-0.180365,-0.0288303
0.46,5,0,0,0,0,0
0.47,0,0,0,0,0,0
0.47,1,-0.8,-0.701859,-0.11736,-3.57358,-0.0981415
0.47,2,1.2,1.26013,-0.0952533,-1.61347,-0.0601327
0.47,3,0,0,0,0,0
0.47,4,-0.4,-0.372135,-0.0931865,-0.176325,-0.0278647
0.47,5,0,0,0,0,0
0.48,0,0,0,0,0,0
0.48,1,-0.8,-0.702991,-0.109677,-3.55135,-0.0970095
0.48,2,1.2,1.25922,-0.0872628,-1.60219,-0.0592237
0.48,3,0,0,0,0,0
0.48,4,-0.4,-0.373024,-0.0852915,-0.173162,-0.0269759
0.48,5,0,0,0,0,0
0.49,0,0,0,0,0,0
0.49,1,-0.8,-0.704042,-0.101288,-3.53447,-0.0959583
0.49,2,1.2,1.2584,-0.078879,-1.59415,-0.0583969
0.49,3,0,0,0,0,0
0.49,4,-0.4,-0.373832,-0.0770186,-0.170837,-0.0261683
0.49,5,0,0,0,0,0
0.5,0,0.000496896,0,0,0.0198758,0.000496896
0.5,1,-0.799959,-0.705006,-0.0923593,-3.52103,-0.0949528
0.5,2,1.19992,1.25766,-0.0702455,-1.59166,-0.0577383
0.5,3,0.000207039,0,0,0.00207039,0.000207039
0.5,4,-0.399959,-0.374555,-0.068509,-0.168972,-0.0254033
0.5,5,-1.25678e-09,0,0,-6.28388e-09,-1.25678e-09
0.51,0,0.00546586,1.57832e-05,0.0038858,0.206346,0.00545007
0.51,1,-0.799544,-0.705867,-0.0803827,-3.50596,-0.0936776
0.51,2,1.19909,1.25698,-0.0667949,-1.60308,-0.057889
0.51,3,0.00227743,5.07096e-05,0.0119179,0.0151165,0.00222672
0.51,4,-0.399545,-0.375175,-0.0557109,-0.167105,-0.02437
0.51,5,-1.38245e-08,-3.83481e-05,-0.00849427,0.00273995,3.83343e-05
0.52,0,0.0104348,0.000105334,0.0139469,0.371339,0.0103295
0.52,1,-0.79913,-0.706593,-0.0661699,-3.50298,-0.0925371
0.52,2,1.19826,1.25631,-0.067234,-1.60697,-0.0580479
0.52,3,0.00434782,0.00029485,0.0356738,0.0191254,0.00405297
0.52,4,-0.39913,-0.375648,-0.0405329,-0.167591,-0.0234822
0.52,5,-2.63923e-08,-0.000186432,-0.0195488,0.00679668,0.000186406
0.53,0,0.0154038,0.000324686,0.0291824,0.515617,0.0150791
0.53,1,-0.798716,-0.707175,-0.051696,-3.50656,-0.0915411
0.53,2,1.19743,1.25563,-0.0680402,-1.60989,-0.058199
0.53,3,0.00641821,0.00080348,0.0635693,0.0180057,0.00561473
0.53,4,-0.398716,-0.375973,-0.0260728,-0.16891,-0.0227434
0.53,5,-3.89601e-08,-0.000422261,-0.0260555,0.00992775,0.000422222
0.54,0,0.0203727,0.00072097,0.0487717,0.639756,0.0196518
0.54,1,-0.798302,-0.707614,-0.0376607,-3.51453,-0.0906877
0.54,2,1.1966,1.25495,-0.0682421,-1.61387,-0.0583451
0.54,3,0.0084886,0.00159576,0.0919337,0.0137681,0.00689283
0.54,4,-0.398302,-0.376161,-0.0130447,-0.170609,-0.0221414
0.54,5,-5.15278e-08,-0.000693439,-0.0272553,0.0116435,0.000693388
0.55,0,0.0253417,0.00133365,0.0719848,0.744368,0.0240081
0.55,1,-0.797888,-0.707917,-0.0243215,-3.52588,-0.089971
0.55,2,1.19578,1.25427,-0.0677002,-1.6194,-0.0584932
0.55,3,0.010559,0.00266476,0.118825,0.00764701,0.00789422
0.55,4,-0.397888,-0.376226,-0.00146785,-0.17256,-0.0216617
0.55,5,-6.40956e-08,-0.000952544,-0.0243,0.0120524,0.000952479
0.56,0,0.0303107,0.00219524,0.0981503,0.830166,0.0281154
0.56,1,-0.797474,-0.708091,-0.0117787,-3.54,-0.0893833
0.56,2,1.19495,1.2536,-0.0665297,-1.62645,-0.0586504
0.56,3,0.0126294,0.00398924,0.143155,0.000508405,0.00864013
0.56,4,-0.397474,-0.376184,0.00880243,-0.174725,-0.0212904
0.56,5,-7.66633e-08,-0.00116628,-0.018688,0.0114374,0.0011662
0.57,0,0.0352796,0.00333179,0.126645,0.89798,0.0319478
0.57,1,-0.79706,-0.708143,-7.47231e-05,-3.55644,-0.0889165
0.57,2,1.19412,1.25294,-0.0649071,-1.63484,-0.0588219
0.57,3,0.0146998,0.00553999,0.164326,-0.00699819,0.00915977
0.57,4,-0.39706,-0.376045,0.01792,-0.177083,-0.0210154
0.57,5,-8.92311e-08,-0.00131562,-0.0117498,0.0101026,0.00131553
0.58,0,0.0402486,0.00476336,0.156888,0.948744,0.0354852
0.58,1,-0.796646,-0.708084,0.0107716,-3.57479,-0.088562
0.58,2,1.19329,1.2523,-0.0630073,-1.64432,-0.0590112
0.58,3,0.0167702,0.00728373,0.182072,-0.0143787,0.00948642
0.58,4,-0.396646,-0.37582,0.0260126,-0.179613,-0.0208258
0.58,5,-1.01799e-07,-0.00139322,-0.00451374,0.00831973,0.00139312
0.59,0,0.0452176,0.00650446,0.188345,0.983487,0.0387131
0.59,1,-0.796232,-0.70792,0.0207519,-3.5947,-0.0883112
0.59,2,1.19246,1.25168,-0.0609841,-1.65464,-0.0592204
0.59,3,0.0188405,0.00918582,0.196353,-0.0212648,0.00965472
0.59,4,-0.396232,-0.37552,0.0331804,-0.182286,-0.020712
0.59,5,-1.14367e-07,-0.00140033,0.0022949,0.00631263,0.00140022
0.6,0,0.0501865,0.00856449,0.220523,1.00331,0.041622
0.6,1,-0.795817,-0.707662,0.0298646,-3.61581,-0.0881555
0.6,2,1.19164,1.25109,-0.0589651,-1.66557,-0.0594499
0.6,3,0.0209109,0.0112122,0.207302,-0.0273943,0.0096987
0.6,4,-0.395818,-0.375153,0.039503,-0.185073,-0.0206652
0.6,5,-1.26934e-07,-0.00134398,0.00821095,0.00425596,0.00134385
0.61,0,0.0551555,0.0109481,0.252969,1.00939,0.0442073
0.61,1,-0.795403,-0.707317,0.0381124,-3.63778,-0.0880861
0.61,2,1.19081,1.25051,-0.0570524,-1.67687,-0.0596991
0.61,3,0.0229813,0.0133309,0.215165,-0.0325951,0.0096504
0.61,4,-0.395404,-0.374726,0.045045,-0.18794,-0.0206772
0.61,5,-1.39502e-07,-0.00123464,0.0129771,0.00227938,0.0012345
0.62,0,0.0601244,0.0136558,0.285276,1.00292,0.0464687
0.62,1,-0.794989,-0.706895,0.0455028,-3.66029,-0.0880944
0.62,2,1.18998,1.24995,-0.0553246,-1.68834,-0.0599664
0.62,3,0.0250517,0.0155128,0.220267,-0.0367706,0.00953895
0.62,4,-0.39499,-0.374249,0.0498613,-0.190856,-0.0207407
0.62,5,-1.5207e-07,-0.00108449,0.016494,0.000473487,0.00108434
0.63,0,0.0650934,0.016684,0.317077,0.985144,0.0484094
0.63,1,-0.794575,-0.706403,0.0520477,-3.68302,-0.088172
0.63,2,1.18915,1.2494,-0.0538395,-1.69981,-0.0602497
0.63,3,0.0271221,0.0177321,0.222975,-0.0398855,0.00938996
0.63,4,-0.394575,-0.373727,0.0540003,-0.193788,-0.0208485
0.63,5,-1.64638e-07,-0.000906008,0.0187761,-0.00110362,0.000905844
0.64,0,0.0700624,0.0200259,0.348047,0.957316,0.0500364
0.64,1,-0.794161,-0.70585,0.0577636,-3.70571,-0.0883105
0.64,2,1.18832,1.24887,-0.0526369,-1.71112,-0.0605463
0.64,3,0.0291925,0.0199672,0.223677,-0.0419536,0.00922524
0.64,4,-0.394161,-0.373167,0.0575056,-0.196706,-0.0209942
0.64,5,-1.77205e-07,-0.000711089,0.0199158,-0.00242017,0.000710912
0.65,0,0.0750313,0.0236716,0.3779,0.920688,0.0513597
0.65,1,-0.793747,-0.705245,0.062672,-3.72808,-0.0885017
0.65,2,1.18749,1.24835,-0.051741,-1.72212,-0.0608533
0.65,3,0.0312629,0.0222001,0.222755,-0.0430255,0.00906275
0.65,4,-0.393747,-0.372576,0.0604176,-0.199582,-0.0211717
0.65,5,-1.89773e-07,-0.000510413,0.0200535,-0.00346494,0.000510224
0.66,0,0.0800003,0.0276085,0.406391,0.876497,0.0523918
0.66,1,-0.793333,-0.704595,0.0667991,-3.7499,-0.0887376
0.66,2,1.18667,1.24783,-0.0511629,-1.7327,-0.0611675
0.66,3,0.0333333,0.0244166,0.220576,-0.043179,0.00891668
0.66,4,-0.393333,-0.371958,0.0627746,-0.202388,-0.0213752
0.66,5,-2.02341e-07,-0.000313098,0.0193558,-0.00424227,0.000312896
0.67,0,0.0849692,0.0318219,0.433313,0.825957,0.0531474
0.67,1,-0.792919,-0.703908,0.0701759,-3.77095,-0.0890107
0.67,2,1.18584,1.24732,-0.0509033,-1.74277,-0.0614857
0.67,3,0.0354037,0.0266059,0.217479,-0.0425104,0.00879771
0.67,4,-0.392919,-0.37132,0.0646131,-0.205101,-0.0215993
0.67,5,-2.14909e-07,-0.000126538,0.0179974,-0.00476761,0.000126323
0.68,0,0.0899382,0.036295,0.458494,0.770246,0.0536432
0.68,1,-0.792505,-0.703191,0.0728379,-3.79105,-0.0893135
0.68,2,1.18501,1.24682,-0.0509539,-1.75224,-0.0618048
0.68,3,0.037474,0.0287607,0.213767,-0.0411267,0.00871334
0.68,4,-0.392505,-0.370666,0.0659686,-0.207698,-0.0218392
0.68,5,-2.27476e-07,4.36085e-05,0.0161494,-0.00506401,-4.3836e-05
0.69,0,0.0949072,0.0410097,0.481801,0.710496,0.0538974
0.69,1,-0.79209,-0.702451,0.0748247,-3.81004,-0.0896393
0.69,2,1.18418,1.2463,-0.0513,-1.76105,-0.0621218
0.69,3,0.0395444,0.0308762,0.209703,-0.0391399,0.00866822
0.69,4,-0.392091,-0.370001,0.0668762,-0.210159,-0.0220902
0.69,5,-2.40044e-07,0.000193331,0.0139706,-0.00515903,-0.000193571
0.7,0,0.0998761,0.0459467,0.503131,0.647784,0.0539294
0.7,1,-0.791676,-0.701695,0.0761795,-3.82779,-0.0899813
0.7,2,1.18335,1.24579,-0.0519213,-1.76917,-0.0624338
0.7,3,0.0416148,0.0329502,0.205514,-0.0366623,0.00866459
0.7,4,-0.391677,-0.369329,0.0673704,-0.212468,-0.0223479
0.7,5,-2.52612e-07,0.000320114,0.0116022,-0.00508248,-0.000320366
0.71,0,0.104845,0.0510858,0.522416,0.583124,0.0537593
0.71,1,-0.791262,-0.700928,0.0769487,-3.8442,-0.0903337
0.71,2,1.18253,1.24526,-0.052794,-1.77656,-0.0627381
0.71,3,0.0436852,0.0349825,0.201383,-0.033803,0.00870268
0.71,4,-0.391263,-0.368654,0.0674859,-0.21461,-0.0226084
0.71,5,-2.6518e-07,0.000422744,0.00916508,-0.00486457,-0.000423009
0.72,0,0.109814,0.0564063,0.539616,0.517464,0.0534078
0.72,1,-0.790848,-0.700157,0.0771811,-3.85918,-0.0906908
0.72,2,1.1817,1.24473,-0.0538914,-1.78319,-0.0630325
0.72,3,0.0457556,0.0369746,0.197459,-0.0306647,0.00878104
0.72,4,-0.390849,-0.36798,0.0672574,-0.216574,-0.0228682
0.72,5,-2.77748e-07,0.0005011,0.006759,-0.00453459,-0.000501378
0.73,0,0.114783,0.0618872,0.554718,0.451677,0.0528958
0.73,1,-0.790434,-0.699386,0.0769273,-3.87268,-0.0910475
0.73,2,1.18087,1.24418,-0.0551853,-1.78907,-0.0633148
0.73,3,0.047826,0.038929,0.193853,-0.0273423,0.00889698
0.73,4,-0.390435,-0.367311,0.0667197,-0.218352,-0.023124
0.73,5,-2.90315e-07,0.000555942,0.00446267,-0.00411996,-0.000556232
0.74,0,0.119752,0.0675077,0.567737,0.386558,0.0522443
0.74,1,-0.79002,-0.698621,0.0762392,-3.88469,-0.0913992
0.74,2,1.18004,1.24362,-0.0566469,-1.7942,-0.0635832
0.74,3,0.0498964,0.0408496,0.190649,-0.0239216,0.00904681
0.74,4,-0.39002,-0.366648,0.0659078,-0.219937,-0.0233728
0.74,5,-3.02883e-07,0.000588709,0.00233533,-0.00364566,-0.000589012
0.75,0,0.124721,0.0732471,0.578709,0.322826,0.0514738
0.75,1,-0.789606,-0.697864,0.0751691,-3.89518,-0.0917419
0.75,2,1.17921,1.24305,-0.0582469,-1.79859,-0.0638362
0.75,3,0.0519668,0.0427406,0.187901,-0.0204786,0.00922621
0.75,4,-0.389606,-0.365994,0.0648565,-0.221326,-0.0236122
0.75,5,-3.15451e-07,0.000601334,0.000418579,-0.00313382,-0.000601649
0.76,0,0.12969,0.0790852,0.587691,0.261116,0.0506047
0.76,1,-0.789192,-0.69712,0.0737691,-3.90419,-0.092072
0.76,2,1.17838,1.24246,-0.0599569,-1.80226,-0.0640726
0.76,3,0.0540372,0.0446067,0.18564,-0.0170793,0.00943044
0.76,4,-0.389192,-0.365352,0.0636003,-0.22252,-0.02384
0.76,5,-3.28019e-07,0.000596077,-0.00126136,-0.00260362,-0.000596405
0.77,0,0.134659,0.0850025,0.594757,0.201982,0.0496563
0.77,1,-0.788778,-0.696391,0.0720907,-3.91173,-0.0923866
0.77,2,1.17756,1.24185,-0.0617491,-1.80524,-0.0642914
0.77,3,0.0561076,0.046453,0.183876,-0.0137801,0.00965454
0.77,4,-0.388778,-0.364724,0.0621732,-0.22352,-0.0240542
0.77,5,-3.40586e-07,0.000575391,-0.00269126,-0.00207128,-0.000575731
0.78,0,0.139628,0.0909804,0.6,0.145898,0.0486474
0.78,1,-0.788363,-0.69568,0.0701841,-3.91787,-0.092683
0.78,2,1.17673,1.24122,-0.0635969,-1.80756,-0.0644919
0.78,3,0.0581779,0.0482844,0.182605,-0.0106275,0.00989357
0.78,4,-0.388364,-0.364111,0.0606083,-0.22433,-0.0242533
0.78,5,-3.53154e-07,0.000541796,-0.00386855,-0.00155018,-0.000542149
0.79,0,0.144597,0.0970011,0.603522,0.0932584,0.0475956
0.79,1,-0.787949,-0.69499,0.0680974,-3.92267,-0.0929594
0.79,2,1.1759,1.24057,-0.0654755,-1.80926,-0.0646738
0.79,3,0.0602483,0.0501057,0.18181,-0.00765948,0.0101427
0.79,4,-0.38795,-0.363514,0.0589375,-0.224958,-0.0244362
0.79,5,-3.65722e-07,0.000497793,-0.00479915,-0.00105105,-0.000498159
0.8,0,0.149566,0.103048,0.60544,0.044382,0.0465176
0.8,1,-0.787535,-0.694321,0.0658766,-3.9262,-0.0932141
0.8,2,1.17507,1.23991,-0.0673615,-1.81038,-0.0648368
0.8,3,0.0623187,0.0519215,0.181463,-0.00490556,0.0103972
0.8,4,-0.387536,-0.362934,0.0571914,-0.225411,-0.0246019
0.8,5,-3.7829e-07,0.000445785,-0.0054954,-0.000582197,-0.000446163
0.81,0,0.154535,0.109106,0.605876,-0.000487381,0.0454285
0.81,1,-0.787121,-0.693675,0.0635652,-3.92854,-0.0934461
0.81,2,1.17424,1.23923,-0.0692336,-1.81096,-0.0649811
0.81,3,0.0643891,0.0537362,0.181529,-0.00238778,0.0106529
0.81,4,-0.387122,-0.362372,0.0553986,-0.225698,-0.0247499
0.81,5,-3.90857e-07,0.000388026,-0.00597432,-0.000149787,-0.000388417
0.82,0,0.159504,0.115161,0.604961,-0.0411756,0.0443427
0.82,1,-0.786707,-0.693052,0.0612033,-3.9298,-0.0936547
0.82,2,1.17342,1.23852,-0.0710722,-1.81106,-0.0651067
0.82,3,0.0664595,0.0555536,0.181968,-0.000121381,0.0109059
0.82,4,-0.386708,-0.361828,0.0535859,-0.225832,-0.0248798
0.82,5,-4.03425e-07,0.000326579,-0.00625608,0.000241911,-0.000326982
0.83,0,0.164473,0.1212,0.602829,-0.0775744,0.0432728
0.83,1,-0.786293,-0.692453,0.058828,-3.93007,-0.0938396
0.83,2,1.17259,1.2378,-0.0728599,-1.81071,-0.0652143
0.83,3,0.0685299,0.0573772,0.182737,0.00188443,0.0111527
0.83,4,-0.386294,-0.361302,0.051778,-0.225822,-0.0249916
0.83,5,-4.15993e-07,0.000263297,-0.0063627,0.000590247,-0.000263713
0.84,0,0.169442,0.127211,0.599617,-0.109636,0.0422303
0.84,1,-0.785879,-0.691878,0.0564731,-3.92945,-0.0940008
0.84,2,1.17176,1.23706,-0.0745812,-1.80997,-0.0653044
0.84,3,0.0706003,0.0592102,0.183792,0.00362572,0.0113901
0.84,4,-0.38588,-0.360794,0.0499971,-0.225683,-0.0250855
0.84,5,-4.28561e-07,0.000199805,-0.00631704,0.000893945,-0.000200233
0.85,0,0.174411,0.133185,0.595461,-0.137371,0.0412253
0.85,1,-0.785465,-0.691326,0.0541684,-3.92805,-0.0941386
0.85,2,1.17093,1.23631,-0.0762227,-1.80888,-0.0653776
0.85,3,0.0726707,0.0610551,0.185088,0.00510318,0.0116156
0.85,4,-0.385466,-0.360304,0.0482631,-0.225426,-0.0251618
0.85,5,-4.41128e-07,0.0001375,-0.00614192,0.00115287,-0.000137941
0.86,0,0.17938,0.139113,0.590497,-0.160838,0.0402663
0.86,1,-0.78505,-0.690797,0.0519406,-3.92598,-0.0942539
0.86,2,1.1701,1.23554,-0.0777728,-1.8075,-0.0654349
0.86,3,0.0747411,0.062914,0.186582,0.0063214,0.011827
0.86,4,-0.385051,-0.35983,0.0465934,-0.225066,-0.0252211
0.86,5,-4.53696e-07,7.75543e-05,-0.00585953,0.00136782,-7.8008e-05
0.87,0,0.184348,0.144988,0.584859,-0.180143,0.0393608
0.87,1,-0.784636,-0.690289,0.0498122,-3.92333,-0.0943474
0.87,2,1.16927,1.23475,-0.0792222,-1.80588,-0.0654773
0.87,3,0.0768114,0.0647888,0.188231,0.00728829,0.0120227
0.87,4,-0.384637,-0.359373,0.0450029,-0.224615,-0.0252641
0.87,5,-4.66264e-07,2.09236e-05,-0.00549092,0.00154033,-2.13898e-05
0.88,0,0.189317,0.150803,0.578675,-0.195433,0.0385148
0.88,1,-0.784222,-0.689802,0.0478027,-3.92022,-0.0944202
0.88,2,1.16845,1.23395,-0.0805631,-1.80405,-0.0655058
0.88,3,0.0788818,0.0666807,0.189995,0.00801448,0.0122011
0.88,4,-0.384223,-0.358932,0.0435041,-0.224086,-0.0252918
0.88,5,-4.78832e-07,-3.16392e-05,-0.0050557,0.00167251,3.11604e-05
0.89,0,0.194286,0.156553,0.57207,-0.206887,0.0377331
0.89,1,-0.783808,-0.689334,0.0459276,-3.91673,-0.0944737
0.89,2,1.16762,1.23314,-0.0817897,-1.80207,-0.0655215
0.89,3,0.0809522,0.0685907,0.191837,0.00851284,0.0123615
0.89,4,-0.383809,-0.358504,0.0421071,-0.223493,-0.0253049
0.89,5,-4.91399e-07,-7.95679e-05,-0.00457179,0.00176692,7.90765e-05
0.9,0,0.199255,0.162236,0.565161,-0.214718,0.0370191
0.9,1,-0.783394,-0.688885,0.0441994,-3.91297,-0.0945092
0.9,2,1.16679,1.23232,-0.0828982,-1.79997,-0.0655256
0.9,3,0.0830226,0.0705195,0.193723,0.00879798,0.0125032
0.9,4,-0.383395,-0.35809,0.0408197,-0.222848,-0.0253048
0.9,5,-5.03967e-07,-0.000122466,-0.00405535,0.00182642,0.000121962
0.91,0,0.204224,0.167849,0.558058,-0.219159,0.0363754
0.91,1,-0.78298,-0.688452,0.0426272,-3.90902,-0.0945283
0.91,2,1.16596,1.23148,-0.083886,-1.7978,-0.0655192
0.91,3,0.085093,0.0724671,0.195622,0.0088858,0.0126259
0.91,4,-0.382981,-0.357689,0.0396476,-0.222162,-0.0252923
0.91,5,-5.16535e-07,-0.000160088,-0.00352066,0.00185406,0.000159572
0.92,0,0.209193,0.17339,0.550866,-0.220465,0.0358033
0.92,1,-0.782566,-0.688033,0.0412173,-3.90496,-0.0945326
0.92,2,1.16513,1.23064,-0.0847523,-1.79561,-0.0655037
0.92,3,0.0871634,0.0744337,0.197506,0.00879316,0.0127297
0.92,4,-0.382567,-0.357298,0.0385944,-0.221448,-0.0252688
0.92,5,-5.29103e-07,-0.000192323,-0.00298022,0.00185303,0.000191794
0.93,0,0.214162,0.178859,0.543677,-0.218903,0.0353032
0.93,1,-0.782152,-0.687628,0.039973,-3.90087,-0.0945237
0.93,2,1.16431,1.22979,-0.0854978,-1.79341,-0.0654801
0.93,3,0.0892338,0.076419,0.199351,0.0085375,0.0128148
0.93,4,-0.382153,-0.356917,0.0376622,-0.220715,-0.0252354
0.93,5,-5.4167e-07,-0.000219172,-0.00244471,0.00182656,0.00021863
0.94,0,0.219131,0.184257,0.536578,-0.214754,0.0348745
0.94,1,-0.781738,-0.687234,0.0388952,-3.89682,-0.0945032
0.94,2,1.16348,1.22893,-0.0861244,-1.79124,-0.0654498
0.94,3,0.0913042,0.0784224,0.201136,0.00813657,0.0128818
0.94,4,-0.381739,-0.356545,0.0368509,-0.219973,-0.0251934
0.94,5,-5.54238e-07,-0.000240735,-0.00192315,0.00177785,0.000240181
0.95,0,0.2241,0.189584,0.529647,-0.2083,0.034516
0.95,1,-0.781323,-0.686851,0.0379825,-3.89286,-0.0944729
0.95,2,1.16265,1.22806,-0.0866353,-1.78914,-0.0654138
0.95,3,0.0933746,0.0804432,0.202843,0.00760811,0.0129314
0.95,4,-0.381325,-0.356181,0.0361592,-0.219231,-0.0251439
0.95,5,-5.66806e-07,-0.000257196,-0.001423,0.00171004,0.000256629
0.96,0,0.229069,0.194844,0.52295,-0.199828,0.0342256
0.96,1,-0.780909,-0.686475,0.0372313,-3.88907,-0.0944344
0.96,2,1.16182,1.22719,-0.0870347,-1.78713,-0.0653733
0.96,3,0.0954449,0.0824806,0.204457,0.00696967,0.0129644
0.96,4,-0.380911,-0.355822,0.0355846,-0.218498,-0.0250882
0.96,5,-5.79374e-07,-0.000268801,-0.000950219,0.00162617,0.000268221
0.97,0,0.234038,0.200038,0.516547,-0.189622,0.0340005
0.97,1,-0.780495,-0.686106,0.0366365,-3.88548,-0.0943892
0.97,2,1.16099,1.22632,-0.0873278,-1.78523,-0.0653294
0.97,3,0.0975153,0.0845335,0.205966,0.0062384,0.0129818
0.97,4,-0.380496,-0.355469,0.035123,-0.21778,-0.0250273
0.97,5,-5.91942e-07,-0.000275851,-0.000509467,0.00152913,0.000275259
0.98,0,0.239007,0.205169,0.510488,-0.177961,0.0338376
0.98,1,-0.780081,-0.685742,0.0361911,-3.88213,-0.0943389
0.98,2,1.16017,1.22545,-0.0875206,-1.78345,-0.0652832
0.98,3,0.0995857,0.086601,0.207361,0.00543084,0.0129848
0.98,4,-0.380082,-0.35512,0.0347698,-0.217084,-0.0249624
0.98,5,-6.04509e-07,-0.000278686,-0.00010419,0.00142166,0.000278081
0.99,0,0.243976,0.210243,0.504815,-0.165116,0.0337332
0.99,1,-0.779667,-0.685382,0.035887,-3.87906,-0.0942849
0.99,2,1.15934,1.22457,-0.0876199,-1.78183,-0.0652355
0.99,3,0.101656,0.0886817,0.208636,0.00456284,0.0129744
0.99,4,-0.379668,-0.354774,0.0345192,-0.216416,-0.0248946
0.99,5,-6.17077e-07,-0.000277675,0.000263234,0.00130632,0.000277058
1,0,0.248945,0.215262,0.49956,-0.151348,0.0336833
1,1,-0.779253,-0.685024,0.0357152,-3.87629,-0.0942286
1,2,1.15851,1.2237,-0.0876328,-1.78036,-0.0651874
1,3,0.103727,0.0907745,0.209785,0.00364939,0.012952
1,4,-0.379254,-0.354429,0.0343648,-0.21578,-0.0248248
1,5,-6.29645e-07,-0.000273205,0.000591373,0.00118547,0.000272575
1.01,0,0.253914,0.22023,0.494748,-0.136904,0.0336835
1.01,1,-0.778839,-0.684668,0.0356654,-3.87385,-0.0941712
1.01,2,1.15768,1.22282,-0.0875672,-1.77905,-0.0651395
1.01,3,0.105797,0.092878,0.210807,0.00270452,0.0129189
1.01,4,-0.37884,-0.354086,0.0342998,-0.215181,-0.0247539
1.01,5,-6.42213e-07,-0.000265673,0.000879619,0.00106127,0.000265031
1.02,0,0.258883,0.225154,0.490397,-0.122019,0.0337293
1.02,1,-0.778425,-0.684311,0.0357271,-3.87174,-0.094114
1.02,2,1.15685,1.22195,-0.0874309,-1.77792,-0.0650927
1.02,3,0.107867,0.0949911,0.2117,0.0017413,0.0128762
1.02,4,-0.378426,-0.353743,0.0343169,-0.214621,-0.0246828
1.02,5,-6.5478e-07,-0.000255478,0.00112808,0.000935692,0.000254823
1.03,0,0.263852,0.230036,0.486517,-0.10691,0.033816
1.03,1,-0.778011,-0.683953,0.0358892,-3.86999,-0.094058
1.03,2,1.15602,1.22107,-0.0872322,-1.77696,-0.0650476
1.03,3,0.109938,0.0971125,0.212467,0.000771676,0.0128252
1.03,4,-0.378012,-0.3534,0.0344084,-0.214103,-0.0246124
1.03,5,-6.67348e-07,-0.000243014,0.00133745,0.000810495,0.000242346
1.04,0,0.268821,0.234882,0.483112,-0.0917782,0.0339389
1.04,1,-0.777596,-0.683592,0.0361404,-3.86859,-0.0940041
1.04,2,1.1552,1.2202,-0.0869793,-1.77619,-0.0650048
1.04,3,0.112008,0.0992408,0.213111,-0.000193466,0.0127673
1.04,4,-0.377598,-0.353055,0.0345666,-0.213629,-0.0245432
1.04,5,-6.79916e-07,-0.000228665,0.00150896,0.000687237,0.000227985
1.05,0,0.27379,0.239696,0.480179,-0.0768057,0.0340933
1.05,1,-0.777182,-0.683229,0.0364693,-3.86753,-0.0939531
1.05,2,1.15437,1.21933,-0.0866804,-1.77558,-0.0649648
1.05,3,0.114078,0.101375,0.213634,-0.00114437,0.0127036
1.05,4,-0.377184,-0.352708,0.0347838,-0.213199,-0.0244759
1.05,5,-6.92484e-07,-0.000212802,0.00164423,0.000567279,0.00021211
1.06,0,0.278759,0.244484,0.477711,-0.062157,0.0342744
1.06,1,-0.776768,-0.682862,0.0368645,-3.86683,-0.0939058
1.06,2,1.15354,1.21847,-0.0863435,-1.77515,-0.064928
1.06,3,0.116149,0.103514,0.214043,-0.00207242,0.0126353
1.06,4,-0.37677,-0.352359,0.035052,-0.212815,-0.0244111
1.06,5,-7.05051e-07,-0.000195777,0.00174523,0.000451792,0.000195072
1.07,0,0.283728,0.24925,0.475695,-0.0479778,0.0344777
1.07,1,-0.776354,-0.682491,0.037315,-3.86646,-0.0938628
1.07,2,1.15271,1.21761,-0.0859764,-1.77489,-0.0648947
1.07,3,0.118219,0.105656,0.214342,-0.00297008,0.0125635
1.07,4,-0.376356,-0.352006,0.0353637,-0.212475,-0.0243492
1.07,5,-7.17619e-07,-0.00017792,0.00181416,0.000341764,0.000177203
1.08,0,0.288697,0.253998,0.474115,-0.0343946,0.0346988
1.08,1,-0.77594,-0.682115,0.03781,-3.86641,-0.0938245
1.08,2,1.15188,1.21675,-0.0855867,-1.77478,-0.0648652
1.08,3,0.12029,0.1078,0.21454,-0.00383094,0.0124893
1.08,4,-0.375942,-0.351651,0.0357113,-0.212181,-0.0242906
1.08,5,-7.30187e-07,-0.000159539,0.00185345,0.00023801,0.000158809
1.09,0,0.293666,0.258732,0.47295,-0.0215158,0.0349333
1.09,1,-0.775526,-0.681734,0.0383392,-3.86667,-0.0937914
1.09,2,1.15106,1.2159,-0.0851815,-1.77483,-0.0648397
1.09,3,0.12236,0.109946,0.214644,-0.00464962,0.0124137
1.09,4,-0.375527,-0.351292,0.0360876,-0.211929,-0.0242357
1.09,5,-7.42755e-07,-0.000140916,0.00186562,0.000141181,0.000140174
1.1,0,0.298635,0.263457,0.472175,-0.00943138,0.0351774
1.1,1,-0.775112,-0.681348,0.0388927,-3.86723,-0.0937637
1.1,2,1.15023,1.21505,-0.0847674,-1.77502,-0.0648184
1.1,3,0.12443,0.112093,0.214661,-0.00542178,0.0123375
1.1,4,-0.375113,-0.350929,0.0364856,-0.21172,-0.0241847
1.1,5,-7.55322e-07,-0.000122309,0.0018533,5.17757e-05,0.000121553
1.11,0,0.303604,0.268176,0.471766,0.00178633,0.0354271
1.11,1,-0.774698,-0.680956,0.0394615,-3.86805,-0.0937416
1.11,2,1.1494,1.2142,-0.0843506,-1.77533,-0.0648012
1.11,3,0.126501,0.114239,0.214599,-0.00614404,0.0122615
1.11,4,-0.374699,-0.350562,0.036899,-0.211551,-0.0241377
1.11,5,-7.6789e-07,-0.000103947,0.00181914,-2.98488e-05,0.000103179
1.12,0,0.308573,0.272893,0.471694,0.0120817,0.0356791
1.12,1,-0.774284,-0.680558,0.0400369,-3.86912,-0.0937253
1.12,2,1.14857,1.21336,-0.0839369,-1.77577,-0.0647881
1.12,3,0.128571,0.116385,0.214467,-0.00681392,0.0121866
1.12,4,-0.374285,-0.35019,0.0373214,-0.21142,-0.0240949
1.12,5,-7.80458e-07,-8.6034e-05,0.00176578,-0.000103466,8.52535e-05
1.13,0,0.313541,0.277611,0.471929,0.0214153,0.03593
1.13,1,-0.773869,-0.680155,0.0406111,-3.87042,-0.0937147
1.13,2,1.14774,1.21252,-0.0835313,-1.77631,-0.0647791
1.13,3,0.130642,0.118528,0.214272,-0.00742983,0.0121133
1.13,4,-0.373871,-0.349815,0.0377472,-0.211325,-0.0240564
1.13,5,-7.93026e-07,-6.87484e-05,0.00169581,-0.000168967,6.79553e-05
1.14,0,0.31851,0.282333,0.472441,0.0297625,0.0361771
1.14,1,-0.773455,-0.679745,0.0411771,-3.87193,-0.0937098
1.14,2,1.14691,1.21169,-0.0831383,-1.77695,-0.0647742
1.14,3,0.132712,0.12067,0.214024,-0.00799093,0.0120423
1.14,4,-0.373457,-0.349435,0.0381711,-0.211262,-0.0240221
1.14,5,-8.05593e-07,-5.22419e-05,0.00161177,-0.00022635,5.14363e-05
1.15,0,0.323479,0.287062,0.473198,0.0371128,0.0364177
1.15,1,-0.773041,-0.679331,0.0417284,-3.87361,-0.0937105
1.15,2,1.14609,1.21086,-0.0827619,-1.77767,-0.064773
1.15,3,0.134782,0.122808,0.21373,-0.00849714,0.0119741
1.15,4,-0.373043,-0.349051,0.0385883,-0.21123,-0.023992
1.15,5,-8.18161e-07,-3.66417e-05,0.0015161,-0.000275711,3.58236e-05
1.16,0,0.328448,0.291799,0.47417,0.0434683,0.0366495
1.16,1,-0.772627,-0.67891,0.0422595,-3.87544,-0.0937167
1.16,2,1.14526,1.21003,-0.0824056,-1.77846,-0.0647756
1.16,3,0.136853,0.124944,0.213398,-0.008949,0.011909
1.16,4,-0.372629,-0.348663,0.0389946,-0.211226,-0.0239661
1.16,5,-8.30729e-07,-2.20515e-05,0.0014111,-0.000317227,2.12208e-05
1.17,0,0.333417,0.296547,0.475326,0.048843,0.0368705
1.17,1,-0.772213,-0.678485,0.0427655,-3.87741,-0.0937279
1.17,2,1.14443,1.20921,-0.082072,-1.7793,-0.0647815
1.17,3,0.138923,0.127076,0.213035,-0.00934768,0.0118473
1.17,4,-0.372215,-0.348271,0.0393861,-0.211246,-0.0239441
1.17,5,-8.43297e-07,-8.55213e-06,0.00129898,-0.00035115,7.70883e-06
1.18,0,0.338386,0.301307,0.476635,0.0532611,0.0370791
1.18,1,-0.771799,-0.678055,0.0432425,-3.87949,-0.0937441
1.18,2,1.1436,1.20839,-0.0817634,-1.78019,-0.0647907
1.18,3,0.140994,0.129204,0.212649,-0.00969482,0.0117895
1.18,4,-0.371801,-0.347875,0.0397596,-0.211287,-0.0239259
1.18,5,-8.55864e-07,3.7965e-06,0.00118179,-0.000377798,-4.65236e-06
1.19,0,0.343355,0.306081,0.478068,0.056756,0.037274
1.19,1,-0.771385,-0.67762,0.0436869,-3.88166,-0.0937649
1.19,2,1.14277,1.20758,-0.0814816,-1.78112,-0.0648028
1.19,3,0.143064,0.131328,0.212247,-0.00999255,0.0117356
1.19,4,-0.371387,-0.347475,0.0401122,-0.211347,-0.0239114
1.19,5,-8.68432e-07,1.49542e-05,0.00106142,-0.00039754,-1.58227e-05
1.2,0,0.348324,0.31087,0.479596,0.0593691,0.0374539
1.2,1,-0.770971,-0.677181,0.0440963,-3.88389,-0.09379
1.2,2,1.14195,1.20676,-0.0812278,-1.78207,-0.0648176
1.2,3,0.145134,0.133449,0.211835,-0.0102434,0.0116858
1.2,4,-0.370972,-0.347072,0.0404417,-0.211423,-0.0239003
1.2,5,-8.81e-07,2.48991e-05,0.000939627,-0.000410789,-2.57801e-05
1.21,0,0.353293,0.315675,0.481193,0.0611486,0.0376182
1.21,1,-0.770556,-0.676738,0.0444687,-3.88616,-0.0938189
1.21,2,1.14112,1.20595,-0.0810026,-1.78304,-0.0648347
1.21,3,0.147205,0.135565,0.211418,-0.01045,0.0116401
1.21,4,-0.370558,-0.346666,0.0407461,-0.211511,-0.0238923
1.21,5,-8.93568e-07,3.36256e-05,0.000817994,-0.000417994,-3.45192e-05
1.22,0,0.358262,0.320496,0.482834,0.0621481,0.0377662
1.22,1,-0.770142,-0.676291,0.0448027,-3.88846,-0.0938513
1.22,2,1.14029,1.20514,-0.0808064,-1.78401,-0.064854
1.22,3,0.149275,0.137676,0.211003,-0.0106157,0.0115986
1.22,4,-0.370144,-0.346257,0.041024,-0.21161,-0.0238872
1.22,5,-9.06136e-07,4.11435e-05,0.00069795,-0.000419633,-4.20496e-05
1.23,0,0.363231,0.325333,0.484494,0.0624257,0.0378977
1.23,1,-0.769728,-0.675841,0.0450976,-3.89077,-0.0938869
1.23,2,1.13946,1.20434,-0.0806391,-1.78497,-0.064875
1.23,3,0.151345,0.139784,0.210593,-0.0107436,0.0115612
1.23,4,-0.36973,-0.345845,0.0412745,-0.211716,-0.0238848
1.23,5,-9.18703e-07,4.74756e-05,0.000580763,-0.0004162,-4.83943e-05
1.24,0,0.3682,0.330187,0.486154,0.0620428,0.0380126
1.24,1,-0.769314,-0.675389,0.0453533,-3.89307,-0.0939252
1.24,2,1.13863,1.20353,-0.0805001,-1.78593,-0.0648976
1.24,3,0.153416,0.141888,0.210193,-0.0108371,0.0115279
1.24,4,-0.369316,-0.345431,0.0414969,-0.211826,-0.0238847
1.24,5,-9.31271e-07,5.26568e-05,0.000467546,-0.000408204,-5.35881e-05
1.25,0,0.373169,0.335058,0.487792,0.0610633,0.038111
1.25,1,-0.7689,-0.674934,0.0455701,-3.89534,-0.0939658
1.25,2,1.1378,1.20273,-0.0803887,-1.78686,-0.0649214
1.25,3,0.155486,0.143988,0.209807,-0.0108997,0.0114985
1.25,4,-0.368902,-0.345015,0.041691,-0.211939,-0.0238867
1.25,5,-9.43839e-07,5.67323e-05,0.000359258,-0.000396158,-5.76761e-05
1.26,0,0.378138,0.339945,0.489392,0.0595521,0.0381932
1.26,1,-0.768486,-0.674477,0.0457489,-3.89758,-0.0940084
1.26,2,1.13698,1.20192,-0.0803038,-1.78778,-0.0649461
1.26,3,0.157557,0.146084,0.209439,-0.0109349,0.0114728
1.26,4,-0.368488,-0.344598,0.041857,-0.212052,-0.0238904
1.26,5,-9.56407e-07,5.97558e-05,0.000256711,-0.000380574,-6.07122e-05
1.27,0,0.383107,0.344847,0.490938,0.0575747,0.0382597
1.27,1,-0.768072,-0.674019,0.0458907,-3.89978,-0.0940526
1.27,2,1.13615,1.20112,-0.0802441,-1.78866,-0.0649716
1.27,3,0.159627,0.148176,0.20909,-0.0109463,0.0114508
1.27,4,-0.368074,-0.344178,0.0419952,-0.212163,-0.0238957
1.27,5,-9.68974e-07,6.17887e-05,0.000160572,-0.00036196,-6.27576e-05
1.28,0,0.388076,0.349765,0.492416,0.0551964,0.0383111
1.28,1,-0.767658,-0.67356,0.0459971,-3.90191,-0.094098
1.28,2,1.13532,1.20032,-0.0802079,-1.78951,-0.0649976
1.28,3,0.161697,0.150265,0.208764,-0.0109374,0.0114321
1.28,4,-0.36766,-0.343758,0.0421064,-0.212271,-0.0239022
1.28,5,-9.81542e-07,6.28979e-05,7.13759e-05,-0.00034081,-6.38794e-05
1.29,0,0.393045,0.354697,0.493815,0.0524811,0.0383481
1.29,1,-0.767244,-0.673099,0.0460701,-3.90398,-0.0941443
1.29,2,1.13449,1.19952,-0.0801938,-1.79033,-0.0650238
1.29,3,0.163768,0.152351,0.208461,-0.0109115,0.0114165
1.29,4,-0.367246,-0.343336,0.0421916,-0.212373,-0.0239097
1.29,5,-9.9411e-07,6.31553e-05,-1.04746e-05,-0.000317605,-6.41494e-05
1.3,0,0.398014,0.359642,0.495125,0.0494911,0.0383717
1.3,1,-0.766829,-0.672638,0.0461117,-3.90598,-0.0941912
1.3,2,1.13366,1.19871,-0.0801997,-1.7911,-0.06505
1.3,3,0.165838,0.154434,0.208184,-0.0108719,0.0114038
1.3,4,-0.366832,-0.342914,0.0422519,-0.212469,-0.0239178
1.3,5,-1.00668e-06,6.26359e-05,-8.46957e-05,-0.000292804,-6.36426e-05
1.31,0,0.402983,0.3646,0.496339,0.0462863,0.0383826
1.31,1,-0.766415,-0.672177,0.0461241,-3.9079,-0.0942383
1.31,2,1.13284,1.19791,-0.0802238,-1.79183,-0.065076
1.31,3,0.167909,0.156515,0.207933,-0.0108217,0.0113938
1.31,4,-0.366418,-0.342491,0.0422886,-0.212556,-0.0239265
1.31,5,-1.01925e-06,6.14172e-05,-0.000151117,-0.000266847,-6.24364e-05
1.32,0,0.407952,0.36957,0.497452,0.0429239,0.038382
1.32,1,-0.766001,-0.671716,0.0461099,-3.90974,-0.0942853
1.32,2,1.13201,1.19711,-0.0802642,-1.79252,-0.0651017
1.32,3,0.169979,0.158593,0.207708,-0.010764,0.0113861
1.32,4,-0.366003,-0.342068,0.0423033,-0.212635,-0.0239354
1.32,5,-1.03181e-06,5.95775e-05,-0.000209672,-0.000240145,-6.06093e-05
1.33,0,0.412921,0.37455,0.498458,0.0394576,0.0383708
1.33,1,-0.765587,-0.671255,0.0460717,-3.9115,-0.0943321
1.33,2,1.13118,1.19631,-0.0803188,-1.79317,-0.065127
1.33,3,0.172049,0.160669,0.207511,-0.0107015,0.0113805
1.33,4,-0.365589,-0.341645,0.0422977,-0.212703,-0.0239443
1.33,5,-1.04438e-06,5.71954e-05,-0.000260391,-0.000213081,-5.82397e-05
1.34,0,0.41789,0.37954,0.499356,0.0359377,0.0383501
1.34,1,-0.765173,-0.670795,0.046012,-3.91317,-0.0943784
1.34,2,1.13035,1.1955,-0.0803857,-1.79378,-0.0651516
1.34,3,0.17412,0.162743,0.207341,-0.0106367,0.0113768
1.34,4,-0.365175,-0.341222,0.0422733,-0.212761,-0.0239531
1.34,5,-1.05695e-06,5.43487e-05,-0.000303388,-0.000186012,-5.54056e-05
1.35,0,0.422859,0.384538,0.500145,0.0324106,0.0383211
1.35,1,-0.764759,-0.670335,0.0459336,-3.91476,-0.094424
1.35,2,1.12952,1.1947,-0.080463,-1.79434,-0.0651755
1.35,3,0.17619,0.164816,0.207196,-0.0105721,0.0113746
1.35,4,-0.364761,-0.3408,0.0422321,-0.212808,-0.0239615
1.35,5,-1.06952e-06,5.11136e-05,-0.000338859,-0.000159258,-5.21831e-05
1.36,0,0.427828,0.389543,0.500825,0.0289184,0.0382848
1.36,1,-0.764345,-0.669876,0.045839,-3.91627,-0.0944687
1.36,2,1.12869,1.19389,-0.0805486,-1.79486,-0.0651986
1.36,3,0.178261,0.166887,0.207077,-0.0105099,0.0113737
1.36,4,-0.364347,-0.340378,0.0421759,-0.212844,-0.0239695
1.36,5,-1.08208e-06,4.7564e-05,-0.000367064,-0.000133111,-4.86461e-05
1.37,0,0.432797,0.394554,0.501397,0.0254994,0.0382423
1.37,1,-0.763931,-0.669418,0.045731,-3.91769,-0.0945124
1.37,2,1.12787,1.19309,-0.0806408,-1.79534,-0.0652207
1.37,3,0.180331,0.168957,0.206983,-0.0104518,0.0113738
1.37,4,-0.363933,-0.339956,0.0421064,-0.212867,-0.0239767
1.37,5,-1.09465e-06,4.37708e-05,-0.000388328,-0.000107829,-4.48655e-05
1.38,0,0.437766,0.399571,0.501866,0.0221872,0.0381946
1.38,1,-0.763517,-0.668962,0.045612,-3.91903,-0.094555
1.38,2,1.12704,1.19228,-0.0807379,-1.79578,-0.065242
1.38,3,0.182401,0.171027,0.206912,-0.0103996,0.0113748
1.38,4,-0.363519,-0.339536,0.0420255,-0.212879,-0.0239833
1.38,5,-1.10722e-06,3.98015e-05,-0.000403022,-8.36368e-05,-4.09087e-05
1.39,0,0.442734,0.404592,0.502234,0.0190114,0.0381428
1.39,1,-0.763102,-0.668506,0.0454845,-3.9203,-0.0945963
1.39,2,1.12621,1.19147,-0.0808381,-1.79619,-0.0652622
1.39,3,0.184472,0.173095,0.206864,-0.0103549,0.0113763
1.39,4,-0.363105,-0.339116,0.0419351,-0.212879,-0.023989
1.39,5,-1.11979e-06,3.57194e-05,-0.000411565,-6.07265e-05,-3.68392e-05
1.4,0,0.447703,0.409616,0.502506,0.0159973,0.0380879
1.4,1,-0.762688,-0.668052,0.0453509,-3.9215,-0.0946363
1.4,2,1.12538,1.19066,-0.0809399,-1.79656,-0.0652814
1.4,3,0.186542,0.175164,0.206835,-0.0103187,0.0113783
1.4,4,-0.362691,-0.338697,0.0418368,-0.212868,-0.0239937
1.4,5,-1.13236e-06,3.15836e-05,-0.000414405,-3.92584e-05,-3.2716e-05
1.41,0,0.452672,0.414642,0.502687,0.013166,0.0380307
1.41,1,-0.762274,-0.667599,0.0452134,-3.92264,-0.0946749
1.41,2,1.12455,1.18985,-0.0810419,-1.79691,-0.0652997
1.41,3,0.188612,0.177232,0.206826,-0.0102922,0.0113804
1.41,4,-0.362277,-0.338279,0.0417324,-0.212845,-0.0239974
1.41,5,-1.14492e-06,2.74486e-05,-0.00041202,-1.93616e-05,-2.85935e-05
1.42,0,0.457641,0.419669,0.502784,0.0105344,0.0379722
1.42,1,-0.76186,-0.667148,0.0450739,-3.92371,-0.0947122
1.42,2,1.12373,1.18904,-0.0811429,-1.79722,-0.0653168
1.42,3,0.190683,0.1793,0.206834,-0.0102762,0.0113824
1.42,4,-0.361863,-0.337863,0.0416235,-0.212812,-0.024
1.42,5,-1.15749e-06,2.33638e-05,-0.000404904,-1.13515e-06,-2.45213e-05
1.43,0,0.46261,0.424697,0.502803,0.00811589,0.0379131
1.43,1,-0.761446,-0.666698,0.0449345,-3.92472,-0.094748
1.43,2,1.1229,1.18823,-0.0812416,-1.79751,-0.065333
1.43,3,0.192753,0.181369,0.206858,-0.0102712,0.0113844
1.43,4,-0.361448,-0.337447,0.0415115,-0.212768,-0.0240016
1.43,5,-1.17006e-06,1.93738e-05,-0.000393566,1.53504e-05,-2.05439e-05
1.44,0,0.467579,0.429725,0.502751,0.0059198,0.0378543
1.44,1,-0.761032,-0.666249,0.0447968,-3.92569,-0.0947825
1.44,2,1.12207,1.18742,-0.0813371,-1.79777,-0.0653483
1.44,3,0.194824,0.183438,0.206896,-0.0102776,0.011386
1.44,4,-0.361034,-0.337032,0.0413979,-0.212715,-0.024002
1.44,5,-1.18263e-06,1.55181e-05,-0.000378517,3.00514e-05,-1.67007e-05
1.45,0,0.472548,0.434752,0.502634,0.0039522,0.0377963
1.45,1,-0.760618,-0.665802,0.0446623,-3.92661,-0.0948156
1.45,2,1.12124,1.1866,-0.0814284,-1.79802,-0.0653626
1.45,3,0.196894,0.185507,0.206946,-0.0102958,0.0113872
1.45,4,-0.36062,-0.336619,0.0412841,-0.212652,-0.0240013
1.45,5,-1.19519e-06,1.18309e-05,-0.000360266,4.29492e-05,-1.30261e-05
1.46,0,0.477517,0.439777,0.50246,0.00221588,0.0377399
1.46,1,-0.760204,-0.665356,0.0445324,-3.92749,-0.0948474
1.46,2,1.12041,1.18579,-0.0815148,-1.79825,-0.065376
1.46,3,0.198964,0.187577,0.207006,-0.0103259,0.0113878
1.46,4,-0.360206,-0.336207,0.0411712,-0.212581,-0.0239994
1.46,5,-1.20776e-06,8.34144e-06,-0.000339315,5.40485e-05,-9.5492e-06
1.47,0,0.482486,0.444801,0.502236,0.000710651,0.0376854
1.47,1,-0.75979,-0.664912,0.0444084,-3.92834,-0.0948779
1.47,2,1.11958,1.18497,-0.0815957,-1.79846,-0.0653885
1.47,3,0.201035,0.189647,0.207075,-0.0103676,0.0113877
1.47,4,-0.359792,-0.335796,0.0410603,-0.212501,-0.0239964
1.47,5,-1.22033e-06,5.07404e-06,-0.000316155,6.33747e-05,-6.29437e-06
1.48,0,0.487455,0.449822,0.501969,-0.000566356,0.0376335
1.48,1,-0.759375,-0.664468,0.0442911,-3.92916,-0.0949072
1.48,2,1.11876,1.18416,-0.0816706,-1.79867,-0.0654003
1.48,3,0.203105,0.191718,0.207151,-0.0104208,0.011387
1.48,4,-0.359378,-0.335386,0.0409524,-0.212415,-0.0239923
1.48,5,-1.2329e-06,2.04818e-06,-0.000291259,7.09723e-05,-3.28107e-06
1.49,0,0.492424,0.45484,0.501665,-0.00162045,0.0375844
1.49,1,-0.758961,-0.664026,0.0441814,-3.92996,-0.0949354
1.49,2,1.11793,1.18334,-0.0817391,-1.79886,-0.0654114
1.49,3,0.205176,0.19379,0.207232,-0.0104852,0.0113854
1.49,4,-0.358964,-0.334977,0.0408484,-0.212322,-0.0239872
1.49,5,-1.24547e-06,-7.21291e-07,-0.000265077,7.69022e-05,-5.24174e-07
1.5,0,0.497393,0.459855,0.501333,-0.0024591,0.0375385
1.5,1,-0.758547,-0.663585,0.04408,-3.93074,-0.0949626
1.5,2,1.1171,1.18252,-0.0818009,-1.79905,-0.0654218
1.5,3,0.207246,0.195863,0.207317,-0.0105604,0.011383
1.5,4,-0.35855,-0.334569,0.0407488,-0.212223,-0.023981
1.5,5,-1.25803e-06,-3.22388e-06,-0.000238036,8.12401e-05,1.96584e-06
1.51,0,0.502362,0.464866,0.500978,-0.0030916,0.0374961
1.51,1,-0.758133,-0.663144,0.0439873,-3.93151,-0.0949887
1.51,2,1.11627,1.1817,-0.0818559,-1.79924,-0.0654317
1.51,3,0.209316,0.197937,0.207405,-0.0106458,0.0113797
1.51,4,-0.358136,-0.334162,0.0406545,-0.212118,-0.0239739
1.51,5,-1.2706e-06,-5.45321e-06,-0.000210536,8.40738e-05,4.18261e-06
1.52,0,0.507331,0.469874,0.500607,-0.00352889,0.0374573
1.52,1,-0.757719,-0.662705,0.0439037,-3.93227,-0.095014
1.52,2,1.11544,1.18089,-0.0819041,-1.79942,-0.065441
1.52,3,0.211387,0.200011,0.207494,-0.0107408,0.0113756
1.52,4,-0.357722,-0.333756,0.0405658,-0.21201,-0.0239659
1.52,5,-1.28317e-06,-7.40674e-06,-0.000182944,8.55011e-05,6.12357e-06
1.53,0,0.5123,0.474878,0.500225,-0.00378318,0.0374223
1.53,1,-0.757305,-0.662266,0.0438294,-3.93303,-0.0950385
1.53,2,1.11462,1.18007,-0.0819454,-1.79961,-0.0654499
1.53,3,0.213457,0.202087,0.207584,-0.0108448,0.0113705
1.53,4,-0.357308,-0.333351,0.0404833,-0.211897,-0.023957
1.53,5,-1.29574e-06,-9.08545e-06,-0.000155598,8.56281e-05,7.78971e-06
1.54,0,0.517269,0.479878,0.499838,-0.00386776,0.0373911
1.54,1,-0.756891,-0.661828,0.0437644,-3.93379,-0.0950623
1.54,2,1.11379,1.17925,-0.0819799,-1.79979,-0.0654584
1.54,3,0.215528,0.204163,0.207672,-0.010957,0.0113646
1.54,4,-0.356894,-0.332946,0.040407,-0.211782,-0.0239473
1.54,5,-1.3083e-06,-1.04935e-05,-0.000128803,8.45668e-05,9.18518e-06
1.55,0,0.522238,0.484874,0.49945,-0.00379674,0.0373638
1.55,1,-0.756477,-0.661391,0.0437087,-3.93455,-0.0950856
1.55,2,1.11296,1.17843,-0.082008,-1.79998,-0.0654666
1.55,3,0.217598,0.20624,0.207758,-0.0110766,0.0113578
1.55,4,-0.356479,-0.332543,0.0403374,-0.211664,-0.0239369
1.55,5,-1.32087e-06,-1.16379e-05,-0.000102828,8.24334e-05,1.0317e-05
1.56,0,0.527207,0.489866,0.499067,-0.00358478,0.0373404
1.56,1,-0.756063,-0.660954,0.0436621,-3.93532,-0.0951083
1.56,2,1.11213,1.17761,-0.0820298,-1.80018,-0.0654746
1.56,3,0.219668,0.208318,0.207841,-0.011203,0.0113502
1.56,4,-0.356065,-0.33214,0.0402743,-0.211544,-0.0239258
1.56,5,-1.33344e-06,-1.25281e-05,-7.79097e-05,7.93464e-05,1.11947e-05
1.57,0,0.532176,0.494855,0.498693,-0.00324688,0.0373208
1.57,1,-0.755648,-0.660518,0.0436244,-3.9361,-0.0951306
1.57,2,1.1113,1.17679,-0.0820456,-1.80038,-0.0654824
1.57,3,0.221739,0.210397,0.20792,-0.0113353,0.0113417
1.57,4,-0.355651,-0.331737,0.040218,-0.211422,-0.0239142
1.57,5,-1.34601e-06,-1.3176e-05,-5.42506e-05,7.54252e-05,1.183e-05
1.58,0,0.537145,0.49984,0.49833,-0.00279822,0.0373048
1.58,1,-0.755234,-0.660082,0.0435951,-3.93689,-0.0951525
1.58,2,1.11048,1.17597,-0.0820558,-1.80059,-0.06549
1.58,3,0.223809,0.212477,0.207996,-0.0114728,0.0113325
1.58,4,-0.355237,-0.331335,0.0401682,-0.2113,-0.023902
1.58,5,-1.35857e-06,-1.3595e-05,-3.20201e-05,7.07882e-05,1.22364e-05
1.59,0,0.542114,0.504821,0.497983,-0.00225388,0.0372924
1.59,1,-0.75482,-0.659646,0.0435738,-3.93769,-0.0951742
1.59,2,1.10965,1.17514,-0.0820608,-1.80081,-0.0654976
1.59,3,0.225879,0.214557,0.208066,-0.0116145,0.0113225
1.59,4,-0.354823,-0.330934,0.040125,-0.211177,-0.0238893
1.59,5,-1.37114e-06,-1.38002e-05,-1.1355e-05,6.55518e-05,1.24291e-05
1.6,0,0.547083,0.509799,0.497654,-0.00162875,0.0372833
1.6,1,-0.754406,-0.65921,0.0435601,-3.93851,-0.0951958
1.6,2,1.10882,1.17432,-0.082061,-1.80103,-0.0655052
1.6,3,0.22795,0.216638,0.208131,-0.0117599,0.0113119
1.6,4,-0.354409,-0.330533,0.040088,-0.211054,-0.0238763
1.6,5,-1.38371e-06,-1.38079e-05,7.63873e-06,5.98292e-05,1.24242e-05
1.61,0,0.552052,0.514774,0.497346,-0.000937344,0.0372775
1.61,1,-0.753992,-0.658775,0.0435534,-3.93935,-0.0952172
1.61,2,1.10799,1.1735,-0.0820568,-1.80127,-0.0655127
1.61,3,0.23002,0.21872,0.208191,-0.0119081,0.0113006
1.61,4,-0.353995,-0.330132,0.0400571,-0.210932,-0.0238629
1.61,5,-1.39628e-06,-1.36352e-05,2.48849e-05,5.3729e-05,1.22389e-05
1.62,0,0.557021,0.519746,0.497059,-0.000193644,0.0372746
1.62,1,-0.753578,-0.658339,0.0435532,-3.9402,-0.0952386
1.62,2,1.10716,1.17268,-0.0820488,-1.80151,-0.0655204
1.62,3,0.232091,0.220802,0.208244,-0.0120585,0.0112888
1.62,4,-0.353581,-0.329732,0.0400319,-0.21081,-0.0238492
1.62,5,-1.40885e-06,-1.32998e-05,4.0335e-05,4.73545e-05,1.1891e-05
1.63,0,0.56199,0.524715,0.496796,0.000588985,0.0372744
1.63,1,-0.753164,-0.657904,0.0435588,-3.94108,-0.0952601
1.63,2,1.10633,1.17186,-0.0820373,-1.80177,-0.0655281
1.63,3,0.234161,0.222885,0.208292,-0.0122103,0.0112765
1.63,4,-0.353167,-0.329331,0.0400121,-0.210689,-0.0238354
1.63,5,-1.42141e-06,-1.282e-05,5.39664e-05,4.08031e-05,1.13986e-05
1.64,0,0.566959,0.529682,0.496557,0.00139791,0.0372768
1.64,1,-0.75275,-0.657468,0.0435696,-3.94197,-0.0952816
1.64,2,1.10551,1.17104,-0.0820229,-1.80203,-0.065536
1.64,3,0.236231,0.224968,0.208334,-0.012363,0.0112637
1.64,4,-0.352753,-0.328931,0.0399975,-0.210569,-0.0238213
1.64,5,-1.43398e-06,-1.22139e-05,6.57803e-05,3.41654e-05,1.07799e-05
1.65,0,0.571927,0.534646,0.496344,0.00222132,0.0372813
1.65,1,-0.752335,-0.657032,0.043585,-3.94289,-0.0953033
1.65,2,1.10468,1.17022,-0.082006,-1.80231,-0.065544
1.65,3,0.238302,0.227051,0.208369,-0.0125159,0.0112506
1.65,4,-0.352339,-0.328531,0.0399874,-0.210451,-0.0238071
1.65,5,-1.44655e-06,-1.14995e-05,7.57996e-05,2.7525e-05,1.0053e-05
1.66,0,0.576896,0.539609,0.496156,0.00304827,0.0372879
1.66,1,-0.751921,-0.656596,0.0436043,-3.94382,-0.0953251
1.66,2,1.10385,1.1694,-0.081987,-1.80259,-0.0655522
1.66,3,0.240372,0.229135,0.208399,-0.0126684,0.0112371
1.66,4,-0.351924,-0.328132,0.0399817,-0.210334,-0.0237929
1.66,5,-1.45912e-06,-1.06946e-05,8.40664e-05,2.09576e-05,9.23551e-06
1.67,0,0.581865,0.544569,0.495993,0.00386875,0.0372962
1.67,1,-0.751507,-0.65616,0.043627,-3.94477,-0.0953472
1.67,2,1.10302,1.16858,-0.0819665,-1.80289,-0.0655606
1.67,3,0.242443,0.231219,0.208423,-0.0128202,0.0112234
1.67,4,-0.35151,-0.327732,0.0399798,-0.210219,-0.0237786
1.67,5,-1.47168e-06,-9.81644e-06,9.064e-05,1.45318e-05,8.34475e-06
1.68,0,0.586834,0.549528,0.495856,0.00467372,0.037306
1.68,1,-0.751093,-0.655724,0.0436525,-3.94574,-0.0953695
1.68,2,1.10219,1.16776,-0.0819447,-1.80319,-0.0655693
1.68,3,0.244513,0.233304,0.208441,-0.0129708,0.0112094
1.68,4,-0.351096,-0.327332,0.0399813,-0.210105,-0.0237643
1.68,5,-1.48425e-06,-8.88149e-06,9.55947e-05,8.30775e-06,7.39723e-06
1.69,0,0.591803,0.554486,0.495743,0.00545512,0.0373171
1.69,1,-0.750679,-0.655287,0.0436801,-3.94672,-0.095392
1.69,2,1.10137,1.16694,-0.0819221,-1.8035,-0.0655781
1.69,3,0.246583,0.235388,0.208455,-0.0131197,0.0111953
1.69,4,-0.350682,-0.326932,0.0399858,-0.209993,-0.0237501
1.69,5,-1.49682e-06,-7.90549e-06,9.90173e-05,2.33817e-06,6.40867e-06
1.7,0,0.596772,0.559443,0.495653,0.00620586,0.0373291
1.7,1,-0.750265,-0.65485,0.0437092,-3.94772,-0.0954149
1.7,2,1.10054,1.16612,-0.081899,-1.80382,-0.0655872
1.7,3,0.248654,0.237473,0.208463,-0.0132666,0.0111811
1.7,4,-0.350268,-0.326532,0.0399928,-0.209883,-0.0237359
1.7,5,-1.50939e-06,-6.90324e-06,0.000101005,-3.33213e-06,5.39386e-06
1.71,0,0.601741,0.564399,0.495586,0.00691986,0.0373419
1.71,1,-0.749851,-0.654413,0.0437395,-3.94874,-0.095438
1.71,2,1.09971,1.16531,-0.0818759,-1.80414,-0.0655965
1.71,3,0.250724,0.239557,0.208466,-0.0134113,0.0111668
1.71,4,-0.349854,-0.326132,0.0400021,-0.209775,-0.0237218
1.71,5,-1.52196e-06,-5.88853e-06,0.000101663,-8.6659e-06,4.36657e-06
1.72,0,0.60671,0.569355,0.49554,0.007592,0.0373553
1.72,1,-0.749437,-0.653975,0.0437703,-3.94977,-0.0954615
1.72,2,1.09888,1.16449,-0.081853,-1.80447,-0.065606
1.72,3,0.252795,0.241642,0.208465,-0.0135534,0.0111526
1.72,4,-0.34944,-0.325732,0.0400131,-0.209669,-0.0237078
1.72,5,-1.53452e-06,-4.87403e-06,0.000101102,-1.36332e-05,3.3395e-06
1.73,0,0.611679,0.57431,0.495514,0.00821809,0.037369
1.73,1,-0.749023,-0.653537,0.0438013,-3.95081,-0.0954852
1.73,2,1.09805,1.16367,-0.0818305,-1.80481,-0.0656158
1.73,3,0.254865,0.243727,0.20846,-0.0136929,0.0111383
1.73,4,-0.349026,-0.325332,0.0400254,-0.209564,-0.0236939
1.73,5,-1.54709e-06,-3.87128e-06,9.94404e-05,-1.82112e-05,2.32419e-06
1.74,0,0.616648,0.579265,0.495507,0.00879486,0.0373829
1.74,1,-0.748608,-0.653099,0.0438319,-3.95187,-0.0955093
1.74,2,1.09722,1.16285,-0.0818088,-1.80516,-0.0656258
1.74,3,0.256935,0.245811,0.208452,-0.0138296,0.0111242
1.74,4,-0.348612,-0.324932,0.0400388,-0.20946,-0.0236801
1.74,5,-1.55966e-06,-2.89066e-06,9.67951e-05,-2.23835e-05,1.33101e-06
1.75,0,0.621617,0.58422,0.495517,0.00931991,0.0373968
1.75,1,-0.748194,-0.652661,0.0438619,-3.95293,-0.0955337
1.75,2,1.0964,1.16203,-0.081788,-1.8055,-0.065636
1.75,3,0.259006,0.247896,0.20844,-0.0139632,0.0111101
1.75,4,-0.348198,-0.324531,0.0400528,-0.209358,-0.0236665
1.75,5,-1.57223e-06,-1.94135e-06,9.32861e-05,-2.61402e-05,3.69123e-07
1.76,0,0.626586,0.589176,0.495542,0.00979163,0.0374104
1.76,1,-0.74778,-0.652222,0.0438909,-3.95401,-0.0955583
1.76,2,1.09557,1.16121,-0.0817683,-1.80585,-0.0656464
1.76,3,0.261076,0.24998,0.208426,-0.0140939,0.0110962
1.76,4,-0.347784,-0.324131,0.0400671,-0.209258,-0.023653
1.76,5,-1.58479e-06,-1.03132e-06,8.90322e-05,-2.9477e-05,-5.53475e-07
1.77,0,0.631555,0.594131,0.49558,0.0102092,0.0374238
1.77,1,-0.747366,-0.651783,0.0439186,-3.95509,-0.0955833
1.77,2,1.09474,1.1604,-0.08175,-1.80621,-0.065657
1.77,3,0.263146,0.252064,0.208409,-0.0142216,0.0110824
1.77,4,-0.347369,-0.32373,0.0400814,-0.209158,-0.0236397
1.77,5,-1.59736e-06,-1.67377e-07,8.41504e-05,-3.2395e-05,-1.42999e-06
1.78,0,0.636524,0.599087,0.495631,0.0105725,0.0374367
1.78,1,-0.746952,-0.651344,0.0439448,-3.95617,-0.0956085
1.78,2,1.09391,1.15958,-0.081733,-1.80657,-0.0656677
1.78,3,0.265217,0.254148,0.20839,-0.0143462,0.0110688
1.78,4,-0.346955,-0.323329,0.0400955,-0.20906,-0.0236265
1.78,5,-1.60993e-06,6.44828e-07,7.87546e-05,-3.49002e-05,-2.25476e-06
1.79,0,0.641493,0.604044,0.495692,0.010882,0.037449
1.79,1,-0.746538,-0.650904,0.0439693,-3.95727,-0.095634
1.79,2,1.09308,1.15876,-0.0817175,-1.80692,-0.0656786
1.79,3,0.267287,0.256232,0.208369,-0.0144678,0.0110554
1.79,4,-0.346541,-0.322928,0.0401092,-0.208962,-0.0236134
1.79,5,-1.6225e-06,1.40076e-06,7.29544e-05,-3.70026e-05,-3.02326e-06
1.8,0,0.646462,0.609001,0.495762,0.0111388,0.0374606
1.8,1,-0.746124,-0.650464,0.0439918,-3.95836,-0.0956597
1.8,2,1.09226,1.15795,-0.0817036,-1.80728,-0.0656897
1.8,3,0.269358,0.258315,0.208347,-0.0145865,0.0110422
1.8,4,-0.346127,-0.322527,0.040122,-0.208865,-0.0236005
1.8,5,-1.63507e-06,2.09696e-06,6.68541e-05,-3.87164e-05,-3.73203e-06
1.81,0,0.651431,0.613959,0.495839,0.0113446,0.0374716
1.81,1,-0.74571,-0.650024,0.0440123,-3.95946,-0.0956856
1.81,2,1.09143,1.15713,-0.0816913,-1.80764,-0.0657009
1.81,3,0.271428,0.260399,0.208325,-0.0147023,0.0110292
1.81,4,-0.345713,-0.322125,0.040134,-0.208769,-0.0235877
1.81,5,-1.64763e-06,2.73097e-06,6.05525e-05,-4.00588e-05,-4.3786e-06
1.82,0,0.6564,0.618918,0.495922,0.0115014,0.0374817
1.82,1,-0.745296,-0.649584,0.0440307,-3.96056,-0.0957117
1.82,2,1.0906,1.15631,-0.0816806,-1.80801,-0.0657122
1.82,3,0.273498,0.262482,0.208301,-0.0148155,0.0110165
1.82,4,-0.345299,-0.321724,0.0401449,-0.208673,-0.023575
1.82,5,-1.6602e-06,3.30129e-06,5.41415e-05,-4.10499e-05,-4.96149e-06
1.83,0,0.661369,0.623878,0.496009,0.0116116,0.0374909
1.83,1,-0.744881,-0.649143,0.044047,-3.96166,-0.095738
1.83,2,1.08977,1.15549,-0.0816716,-1.80837,-0.0657236
1.83,3,0.275569,0.264565,0.208277,-0.014926,0.011004
1.83,4,-0.344885,-0.321323,0.0401546,-0.208577,-0.0235624
1.83,5,-1.67277e-06,3.8073e-06,4.77062e-05,-4.17122e-05,-5.48007e-06
1.84,0,0.666338,0.628838,0.496098,0.0116781,0.0374993
1.84,1,-0.744467,-0.648703,0.044061,-3.96276,-0.0957644
1.84,2,1.08894,1.15468,-0.0816641,-1.80873,-0.0657351
1.84,3,0.277639,0.266647,0.208253,-0.0150341,0.0109918
1.84,4,-0.344471,-0.320921,0.040163,-0.208481,-0.0235499
1.84,5,-1.68534e-06,4.24918e-06,4.13242e-05,-4.20699e-05,-5.93452e-06
1.85,0,0.671307,0.6338,0.496189,0.0117038,0.0375068
1.85,1,-0.744053,-0.648262,0.0440729,-3.96386,-0.095791
1.85,2,1.08811,1.15386,-0.0816582,-1.80908,-0.0657467
1.85,3,0.27971,0.26873,0.208229,-0.0151399,0.0109798
1.85,4,-0.344057,-0.320519,0.0401699,-0.208385,-0.0235375
1.85,5,-1.6979e-06,4.62787e-06,3.50655e-05,-4.21485e-05,-6.32578e-06
1.86,0,0.676276,0.638762,0.496281,0.011692,0.0375134
1.86,1,-0.743639,-0.647821,0.0440825,-3.96495,-0.0958176
1.86,2,1.08729,1.15304,-0.0816538,-1.80944,-0.0657583
1.86,3,0.28178,0.270812,0.208206,-0.0152436,0.010968
1.86,4,-0.343643,-0.320118,0.0401754,-0.208289,-0.0235252
1.86,5,-1.71047e-06,4.94495e-06,2.89923e-05,-4.19748e-05,-6.65542e-06
1.87,0,0.681245,0.643726,0.496372,0.0116462,0.037519
1.87,1,-0.743225,-0.647381,0.0440901,-3.96605,-0.0958444
1.87,2,1.08646,1.15223,-0.0816508,-1.8098,-0.06577
1.87,3,0.28385,0.272894,0.208183,-0.0153454,0.0109564
1.87,4,-0.343229,-0.319716,0.0401793,-0.208192,-0.0235128
1.87,5,-1.72304e-06,5.20257e-06,2.31592e-05,-4.15758e-05,-6.92561e-06
1.88,0,0.686214,0.64869,0.49646,0.0115697,0.0375238
1.88,1,-0.742811,-0.64694,0.0440956,-3.96714,-0.0958712
1.88,2,1.08563,1.15141,-0.0816491,-1.81015,-0.0657816
1.88,3,0.285921,0.274976,0.208161,-0.0154453,0.0109451
1.88,4,-0.342815,-0.319314,0.0401816,-0.208095,-0.0235006
1.88,5,-1.73561e-06,5.40341e-06,1.76129e-05,-4.09789e-05,-7.13901e-06
1.89,0,0.691183,0.653655,0.496547,0.0114662,0.0375277
1.89,1,-0.742397,-0.646499,0.0440993,-3.96822,-0.0958981
1.89,2,1.0848,1.1506,-0.0816488,-1.8105,-0.0657933
1.89,3,0.287991,0.277057,0.20814,-0.0155437,0.010934
1.89,4,-0.3424,-0.318912,0.0401824,-0.207998,-0.0234883
1.89,5,-1.74818e-06,5.55054e-06,1.23926e-05,-4.02114e-05,-7.29872e-06
1.9,0,0.696152,0.658621,0.49663,0.0113391,0.0375307
1.9,1,-0.741983,-0.646058,0.044101,-3.9693,-0.095925
1.9,2,1.08397,1.14978,-0.0816495,-1.81085,-0.065805
1.9,3,0.290062,0.279138,0.20812,-0.0156406,0.0109231
1.9,4,-0.341986,-0.31851,0.0401817,-0.207899,-0.023476
1.9,5,-1.76074e-06,5.64742e-06,7.53018e-06,-3.92999e-05,-7.40816e-06
1.91,0,0.70112,0.663588,0.496708,0.011192,0.0375329
1.91,1,-0.741569,-0.645617,0.0441011,-3.97038,-0.0959519
1.91,2,1.08315,1.14896,-0.0816513,-1.8112,-0.0658166
1.91,3,0.292132,0.28122,0.208101,-0.0157362,0.0109124
1.91,4,-0.341572,-0.318109,0.0401794,-0.2078,-0.0234637
1.91,5,-1.77331e-06,5.69776e-06,3.05038e-06,-3.82704e-05,-7.47107e-06
1.92,0,0.706089,0.668555,0.496782,0.0110283,0.0375344
1.92,1,-0.741154,-0.645176,0.0440996,-3.97145,-0.0959788
1.92,2,1.08232,1.14815,-0.0816541,-1.81154,-0.0658283
1.92,3,0.294202,0.2833,0.208083,-0.0158308,0.0109019
1.92,4,-0.341158,-0.317707,0.0401756,-0.207699,-0.0234514
1.92,5,-1.78588e-06,5.70549e-06,-1.02871e-06,-3.71482e-05,-7.49137e-06
1.93,0,0.711058,0.673523,0.496851,0.0108513,0.0375351
1.93,1,-0.74074,-0.644735,0.0440967,-3.97251,-0.0960056
1.93,2,1.08149,1.14733,-0.0816577,-1.81188,-0.0658399
1.93,3,0.296273,0.285381,0.208067,-0.0159245,0.0108916
1.93,4,-0.340744,-0.317305,0.0401705,-0.207598,-0.0234391
1.93,5,-1.79845e-06,5.67469e-06,-4.6953e-06,-3.59571e-05,-7.47314e-06
1.94,0,0.716027,0.678492,0.496915,0.0106642,0.0375352
1.94,1,-0.740326,-0.644294,0.0440924,-3.97358,-0.0960325
1.94,2,1.08066,1.14651,-0.081662,-1.81222,-0.0658515
1.94,3,0.298343,0.287462,0.208052,-0.0160174,0.0108814
1.94,4,-0.34033,-0.316903,0.040164,-0.207495,-0.0234267
1.94,5,-1.81101e-06,5.60953e-06,-7.94351e-06,-3.47197e-05,-7.42054e-06
1.95,0,0.720996,0.683462,0.496973,0.01047,0.0375347
1.95,1,-0.739912,-0.643853,0.0440871,-3.97463,-0.0960592
1.95,2,1.07983,1.1457,-0.081667,-1.81256,-0.065863
1.95,3,0.300413,0.289542,0.208038,-0.0161096,0.0108713
1.95,4,-0.339916,-0.316502,0.0401562,-0.207391,-0.0234142
1.95,5,-1.82358e-06,5.51419e-06,-1.07729e-05,-3.3457e-05,-7.33777e-06
1.96,0,0.725965,0.688432,0.497025,0.0102716,0.0375337
1.96,1,-0.739498,-0.643412,0.0440807,-3.97568,-0.096086
1.96,2,1.079,1.14488,-0.0816724,-1.81289,-0.0658744
1.96,3,0.302484,0.291622,0.208025,-0.0162014,0.0108614
1.96,4,-0.339502,-0.3161,0.0401472,-0.207286,-0.0234016
1.96,5,-1.83615e-06,5.39284e-06,-1.31879e-05,-3.21886e-05,-7.22899e-06
1.97,0,0.730934,0.693402,0.497071,0.0100716,0.0375321
1.97,1,-0.739084,-0.642971,0.0440735,-3.97672,-0.0961126
1.97,2,1.07818,1.14406,-0.0816783,-1.81322,-0.0658859
1.97,3,0.304554,0.293703,0.208014,-0.0162928,0.0108516
1.97,4,-0.339088,-0.315699,0.0401371,-0.20718,-0.0233889
1.97,5,-1.84872e-06,5.24957e-06,-1.51975e-05,-3.09322e-05,-7.09829e-06
1.98,0,0.735903,0.698373,0.497111,0.00987236,0.0375301
1.98,1,-0.73867,-0.642531,0.0440655,-3.97776,-0.0961392
1.98,2,1.07735,1.14325,-0.0816845,-1.81355,-0.0658972
1.98,3,0.306625,0.295783,0.208005,-0.0163839,0.0108419
1.98,4,-0.338674,-0.315298,0.040126,-0.207072,-0.0233761
1.98,5,-1.86129e-06,5.08839e-06,-1.68145e-05,-2.9704e-05,-6.94967e-06
1.99,0,0.740872,0.703344,0.497145,0.00967614,0.0375278
1.99,1,-0.738256,-0.64209,0.044057,-3.9788,-0.0961657
1.99,2,1.07652,1.14243,-0.0816908,-1.81387,-0.0659085
1.99,3,0.308695,0.297863,0.207996,-0.0164749,0.0108323
1.99,4,-0.33826,-0.314896,0.040114,-0.206963,-0.0233633
1.99,5,-1.87385e-06,4.91312e-06,-1.80553e-05,-2.85182e-05,-6.78697e-06
2,0,0.745841,0.708316,0.497174,0.00948491,0.0375251
2,1,-0.737841,-0.641649,0.0440481,-3.97983,-0.0961921
2,2,1.07569,1.14161,-0.0816974,-1.8142,-0.0659197
2,3,0.310765,0.299943,0.207989,-0.0165658,0.0108227
2,4,-0.337845,-0.314495,0.0401012,-0.206852,-0.0233502
2,5,-1.88642e-06,4.72742e-06,-1.89391e-05,-2.73875e-05,-6.61384e-06
2.01,0,0.75081,0.713288,0.497196,0.00930039,0.0375222
2.01,1,-0.737427,-0.641209,0.0440388,-3.98085,-0.0962184
2.01,2,1.07486,1.14079,-0.0817039,-1.81452,-0.0659309
2.01,3,0.312836,0.302023,0.207983,-0.0166568,0.0108133
2.01,4,-0.337431,-0.314094,0.0400876,-0.206741,-0.0233371
2.01,5,-1.89899e-06,4.53474e-06,-1.94876e-05,-2.63224e-05,-6.43373e-06
2.02,0,0.755779,0.71826,0.497214,0.00912411,0.0375191
2.02,1,-0.737013,-0.640769,0.0440294,-3.98187,-0.0962446
2.02,2,1.07404,1.13998,-0.0817104,-1.81484,-0.065942
2.02,3,0.314906,0.304102,0.207978,-0.0167478,0.0108039
2.02,4,-0.337017,-0.313694,0.0400735,-0.206627,-0.0233238
2.02,5,-1.91156e-06,4.33832e-06,-1.97245e-05,-2.5332e-05,-6.24987e-06
2.03,0,0.760748,0.723232,0.497226,0.00895736,0.0375159
2.03,1,-0.736599,-0.640328,0.0440199,-3.98289,-0.0962708
2.03,2,1.07321,1.13916,-0.0817169,-1.81516,-0.065953
2.03,3,0.316977,0.306182,0.207973,-0.016839,0.0107945
2.03,4,-0.336603,-0.313293,0.0400588,-0.206512,-0.0233104
2.03,5,-1.92412e-06,4.14112e-06,-1.9675e-05,-2.44237e-05,-6.06524e-06
2.04,0,0.765717,0.728204,0.497234,0.00880118,0.0375125
2.04,1,-0.736185,-0.639888,0.0440104,-3.9839,-0.0962968
2.04,2,1.07238,1.13834,-0.0817232,-1.81547,-0.065964
2.04,3,0.319047,0.308262,0.20797,-0.0169304,0.0107852
2.04,4,-0.336189,-0.312892,0.0400437,-0.206396,-0.0232968
2.04,5,-1.93669e-06,3.94587e-06,-1.93653e-05,-2.36032e-05,-5.88256e-06
2.05,0,0.770686,0.733177,0.497237,0.00865644,0.0375092
2.05,1,-0.735771,-0.639448,0.044001,-3.98491,-0.0963227
2.05,2,1.07155,1.13753,-0.0817292,-1.81579,-0.0659749
2.05,3,0.321117,0.310341,0.207968,-0.017022,0.0107759
2.05,4,-0.335775,-0.312492,0.0400282,-0.206279,-0.0232831
2.05,5,-1.94926e-06,3.75502e-06,-1.88226e-05,-2.28746e-05,-5.70428e-06
2.06,0,0.775655,0.738149,0.497235,0.00852376,0.0375058
2.06,1,-0.735357,-0.639008,0.0439918,-3.98592,-0.0963486
2.06,2,1.07072,1.13671,-0.0817351,-1.8161,-0.0659857
2.06,3,0.323188,0.312421,0.207966,-0.0171139,0.0107666
2.06,4,-0.335361,-0.312092,0.0400125,-0.20616,-0.0232692
2.06,5,-1.96183e-06,3.57075e-06,-1.80741e-05,-2.22407e-05,-5.53258e-06
2.07,0,0.780624,0.743121,0.497231,0.00840361,0.0375024
2.07,1,-0.734943,-0.638568,0.0439829,-3.98692,-0.0963743
2.07,2,1.06989,1.13589,-0.0817406,-1.81641,-0.0659965
2.07,3,0.325258,0.314501,0.207966,-0.017206,0.0107573
2.07,4,-0.334947,-0.311692,0.0399966,-0.206039,-0.0232551
2.07,5,-1.9744e-06,3.39497e-06,-1.7147e-05,-2.17027e-05,-5.36937e-06
2.08,0,0.785593,0.748094,0.497222,0.00829623,0.0374991
2.08,1,-0.734529,-0.638129,0.0439743,-3.98792,-0.0964
2.08,2,1.06907,1.13507,-0.0817458,-1.81673,-0.0660072
2.08,3,0.327329,0.31658,0.207965,-0.0172984,0.0107481
2.08,4,-0.334533,-0.311292,0.0399807,-0.205918,-0.0232409
2.08,5,-1.98696e-06,3.22932e-06,-1.60684e-05,-2.12609e-05,-5.21628e-06
2.09,0,0.790562,0.753066,0.497211,0.00820173,0.0374959
2.09,1,-0.734114,-0.637689,0.0439661,-3.98892,-0.0964256
2.09,2,1.06824,1.13426,-0.0817507,-1.81704,-0.0660179
2.09,3,0.329399,0.31866,0.207965,-0.0173912,0.0107388
2.09,4,-0.334119,-0.310892,0.0399647,-0.205795,-0.0232265
2.09,5,-1.99953e-06,3.07516e-06,-1.48645e-05,-2.09141e-05,-5.07469e-06
2.1,0,0.795531,0.758038,0.497197,0.00812003,0.0374928
2.1,1,-0.7337,-0.637249,0.0439584,-3.98992,-0.0964511
2.1,2,1.06741,1.13344,-0.0817551,-1.81735,-0.0660285
2.1,3,0.331469,0.32074,0.207966,-0.0174842,0.0107295
2.1,4,-0.333705,-0.310493,0.0399487,-0.20567,-0.023212
2.1,5,-2.0121e-06,2.93362e-06,-1.35606e-05,-2.06604e-05,-4.94572e-06
2.11,0,0.8005,0.76301,0.497181,0.00805094,0.0374899
2.11,1,-0.733286,-0.63681,0.043951,-3.99091,-0.0964765
2.11,2,1.06658,1.13262,-0.0817593,-1.81766,-0.0660391
2.11,3,0.33354,0.322819,0.207967,-0.0175774,0.0107203
2.11,4,-0.333291,-0.310093,0.0399329,-0.205545,-0.0231973
2.11,5,-2.02467e-06,2.80555e-06,-1.21812e-05,-2.04967e-05,-4.83021e-06
2.12,0,0.805469,0.767982,0.497164,0.00799412,0.0374871
2.12,1,-0.732872,-0.63637,0.0439442,-3.99191,-0.0965019
2.12,2,1.06575,1.1318,-0.081763,-1.81796,-0.0660497
2.12,3,0.33561,0.324899,0.207968,-0.0176709,0.010711
2.12,4,-0.332876,-0.309694,0.0399172,-0.205418,-0.0231825
2.12,5,-2.03723e-06,2.69158e-06,-1.07493e-05,-2.04193e-05,-4.72881e-06
2.13,0,0.810438,0.772953,0.497144,0.00794912,0.0374846
2.13,1,-0.732458,-0.635931,0.0439379,-3.9929,-0.0965272
2.13,2,1.06493,1.13099,-0.0817664,-1.81827,-0.0660602
2.13,3,0.33768,0.326979,0.207969,-0.0177647,0.0107017
2.13,4,-0.332462,-0.309295,0.0399017,-0.205291,-0.0231675
2.13,5,-2.0498e-06,2.59211e-06,-9.28643e-06,-2.04236e-05,-4.64191e-06
2.14,0,0.815407,0.777924,0.497124,0.00791541,0.0374822
2.14,1,-0.732044,-0.635492,0.0439321,-3.99389,-0.0965524
2.14,2,1.0641,1.13017,-0.0817693,-1.81858,-0.0660707
2.14,3,0.339751,0.329059,0.207971,-0.0178586,0.0106924
2.14,4,-0.332048,-0.308896,0.0398864,-0.205162,-0.0231523
2.14,5,-2.06237e-06,2.50735e-06,-7.81264e-06,-2.05048e-05,-4.56972e-06
2.15,0,0.820376,0.782896,0.497103,0.00789236,0.03748
2.15,1,-0.73163,-0.635052,0.0439268,-3.99488,-0.0965776
2.15,2,1.06327,1.12935,-0.0817719,-1.81889,-0.0660812
2.15,3,0.341821,0.331138,0.207972,-0.0179527,0.010683
2.15,4,-0.331634,-0.308497,0.0398714,-0.205032,-0.023137
2.15,5,-2.07494e-06,2.4373e-06,-6.34632e-06,-2.06573e-05,-4.51224e-06
2.16,0,0.825345,0.787866,0.497081,0.00787927,0.0374781
2.16,1,-0.731216,-0.634613,0.043922,-3.99587,-0.0966027
2.16,2,1.06244,1.12853,-0.0817742,-1.8192,-0.0660916
2.16,3,0.343892,0.333218,0.207973,-0.018047,0.0106737
2.16,4,-0.33122,-0.308099,0.0398567,-0.204901,-0.0231216
2.16,5,-2.0875e-06,2.3818e-06,-4.9041e-06,-2.08753e-05,-4.4693e-06
2.17,0,0.830313,0.792837,0.497059,0.0078754,0.0374763
2.17,1,-0.730802,-0.634174,0.0439178,-3.99686,-0.0966278
2.17,2,1.06161,1.12772,-0.0817761,-1.81951,-0.066102
2.17,3,0.345962,0.335298,0.207975,-0.0181413,0.0106644
2.17,4,-0.330806,-0.3077,0.0398424,-0.204769,-0.023106
2.17,5,-2.10007e-06,2.34051e-06,-3.5009e-06,-2.11527e-05,-4.44059e-06
2.18,0,0.835282,0.797808,0.497038,0.00787996,0.0374748
2.18,1,-0.730387,-0.633735,0.043914,-3.99786,-0.0966528
2.18,2,1.06078,1.1269,-0.0817776,-1.81982,-0.0661124
2.18,3,0.348032,0.337377,0.207976,-0.0182357,0.010655
2.18,4,-0.330392,-0.307302,0.0398283,-0.204636,-0.0230902
2.18,5,-2.11264e-06,2.31298e-06,-2.14983e-06,-2.14832e-05,-4.42562e-06
2.19,0,0.840251,0.802778,0.497016,0.00789213,0.0374735
2.19,1,-0.729973,-0.633295,0.0439107,-3.99885,-0.0966778
2.19,2,1.05996,1.12608,-0.0817789,-1.82013,-0.0661228
2.19,3,0.350103,0.339457,0.207977,-0.0183301,0.0106456
2.19,4,-0.329978,-0.306903,0.0398147,-0.204502,-0.0230743
2.19,5,-2.12521e-06,2.29862e-06,-8.62215e-07,-2.18605e-05,-4.42383e-06
2.2,0,0.84522,0.807748,0.496996,0.00791109,0.0374724
2.2,1,-0.729559,-0.632856,0.0439078,-3.99984,-0.0967028
2.2,2,1.05913,1.12526,-0.0817799,-1.82044,-0.0661332
2.2,3,0.352173,0.341537,0.207978,-0.0184244,0.0106362
2.2,4,-0.329564,-0.306505,0.0398014,-0.204367,-0.0230583
2.2,5,-2.13778e-06,2.29674e-06,3.52335e-07,-2.22783e-05,-4.43452e-06
2.21,0,0.850189,0.812718,0.496975,0.007936,0.0374716
2.21,1,-0.729145,-0.632417,0.0439053,-4.00083,-0.0967278
2.21,2,1.0583,1.12444,-0.0817806,-1.82074,-0.0661435
2.21,3,0.354244,0.343617,0.207978,-0.0185187,0.0106268
2.21,4,-0.32915,-0.306107,0.0397884,-0.204232,-0.0230422
2.21,5,-2.15034e-06,2.30657e-06,1.48593e-06,-2.27304e-05,-4.45692e-06
2.22,0,0.855158,0.817687,0.496956,0.00796601,0.0374709
2.22,1,-0.728731,-0.631978,0.0439033,-4.00182,-0.0967527
2.22,2,1.05747,1.12363,-0.0817811,-1.82105,-0.0661539
2.22,3,0.356314,0.345697,0.207979,-0.0186129,0.0106174
2.22,4,-0.328736,-0.30571,0.0397758,-0.204095,-0.0230259
2.22,5,-2.16291e-06,2.32726e-06,2.53232e-06,-2.32106e-05,-4.49017e-06
2.23,0,0.860127,0.822657,0.496938,0.00800032,0.0374704
2.23,1,-0.728317,-0.631539,0.0439016,-4.00281,-0.0967776
2.23,2,1.05664,1.12281,-0.0817814,-1.82136,-0.0661642
2.23,3,0.358384,0.347776,0.207979,-0.018707,0.010608
2.23,4,-0.328321,-0.305312,0.0397636,-0.203958,-0.0230095
2.23,5,-2.17548e-06,2.35791e-06,3.48681e-06,-2.3713e-05,-4.53339e-06
2.24,0,0.865096,0.827626,0.496921,0.00803812,0.03747
2.24,1,-0.727903,-0.6311,0.0439002,-4.0038,-0.0968025
2.24,2,1.05582,1.12199,-0.0817815,-1.82168,-0.0661746
2.24,3,0.360455,0.349856,0.207979,-0.0188008,0.0105986
2.24,4,-0.327907,-0.304914,0.0397517,-0.20382,-0.022993
2.24,5,-2.18805e-06,2.39758e-06,4.34622e-06,-2.4232e-05,-4.58563e-06
2.25,0,0.870065,0.832595,0.496906,0.00807865,0.0374699
2.25,1,-0.727489,-0.630661,0.0438991,-4.00479,-0.0968274
2.25,2,1.05499,1.12117,-0.0817814,-1.82199,-0.066185
2.25,3,0.362525,0.351936,0.207978,-0.0188945,0.0105892
2.25,4,-0.327493,-0.304517,0.0397402,-0.203681,-0.0229764
2.25,5,-2.20061e-06,2.44532e-06,5.10872e-06,-2.47623e-05,-4.64594e-06
2.26,0,0.875034,0.837564,0.496891,0.00812118,0.0374699
2.26,1,-0.727075,-0.630222,0.0438983,-4.00578,-0.0968522
2.26,2,1.05416,1.12035,-0.0817812,-1.8223,-0.0661953
2.26,3,0.364596,0.354016,0.207977,-0.0189879,0.0105799
2.26,4,-0.327079,-0.30412,0.039729,-0.203541,-0.0229596
2.26,5,-2.21318e-06,2.50015e-06,5.77378e-06,-2.52988e-05,-4.71333e-06
2.27,0,0.880003,0.842533,0.496878,0.00816501,0.03747
2.27,1,-0.72666,-0.629783,0.0438977,-4.00678,-0.0968771
2.27,2,1.05333,1.11954,-0.0817809,-1.82261,-0.0662057
2.27,3,0.366666,0.356095,0.207976,-0.019081,0.0105705
2.27,4,-0.326665,-0.303722,0.0397181,-0.203401,-0.0229427
2.27,5,-2.22575e-06,2.56109e-06,6.34205e-06,-2.58368e-05,-4.78684e-06
2.28,0,0.884972,0.847502,0.496867,0.00820949,0.0374702
2.28,1,-0.726246,-0.629344,0.0438972,-4.00777,-0.096902
2.28,2,1.0525,1.11872,-0.0817805,-1.82292,-0.066216
2.28,3,0.368736,0.358175,0.207975,-0.0191738,0.0105611
2.28,4,-0.326251,-0.303325,0.0397074,-0.20326,-0.0229258
2.28,5,-2.23832e-06,2.62719e-06,6.81525e-06,-2.63721e-05,-4.86551e-06
2.29,0,0.889941,0.85247,0.496857,0.00825404,0.0374706
2.29,1,-0.725832,-0.628905,0.043897,-4.00876,-0.0969268
2.29,2,1.05168,1.1179,-0.0817801,-1.82323,-0.0662264
2.29,3,0.370807,0.360255,0.207973,-0.0192662,0.0105518
2.29,4,-0.325837,-0.302928,0.0396971,-0.203118,-0.0229087
2.29,5,-2.25089e-06,2.69751e-06,7.19604e-06,-2.69008e-05,-4.9484e-06
2.3,0,0.89491,0.857439,0.496848,0.00829809,0.037471
2.3,1,-0.725418,-0.628466,0.0438968,-4.00976,-0.0969517
2.3,2,1.05085,1.11708,-0.0817796,-1.82354,-0.0662368
2.3,3,0.372877,0.362335,0.207971,-0.0193583,0.0105424
2.3,4,-0.325423,-0.302531,0.0396869,-0.202976,-0.0228915
2.3,5,-2.26345e-06,2.77115e-06,7.4879e-06,-2.74194e-05,-5.0346e-06
2.31,0,0.899879,0.862407,0.49684,0.00834117,0.0374716
2.31,1,-0.725004,-0.628027,0.0438968,-4.01075,-0.0969765
2.31,2,1.05002,1.11627,-0.0817791,-1.82386,-0.0662471
2.31,3,0.374948,0.364414,0.207969,-0.01945,0.0105331
2.31,4,-0.325009,-0.302135,0.0396771,-0.202833,-0.0228743
2.31,5,-2.27602e-06,2.84724e-06,7.69506e-06,-2.79248e-05,-5.12326e-06
2.32,0,0.904848,0.867376,0.496834,0.00838282,0.0374722
2.32,1,-0.72459,-0.627588,0.0438968,-4.01175,-0.0970014
2.32,2,1.04919,1.11545,-0.0817785,-1.82417,-0.0662575
2.32,3,0.377018,0.366494,0.207966,-0.0195413,0.0105238
2.32,4,-0.324595,-0.301738,0.0396674,-0.202689,-0.0228569
2.32,5,-2.28859e-06,2.92495e-06,7.82234e-06,-2.84144e-05,-5.21354e-06
2.33,0,0.909817,0.872344,0.49683,0.00842266,0.0374728
2.33,1,-0.724176,-0.627149,0.0438969,-4.01274,-0.0970262
2.33,2,1.04836,1.11463,-0.081778,-1.82448,-0.0662679
2.33,3,0.379088,0.368574,0.207963,-0.0196321,0.0105146
2.33,4,-0.324181,-0.301341,0.0396578,-0.202544,-0.0228394
2.33,5,-2.30116e-06,3.00352e-06,7.87504e-06,-2.88859e-05,-5.30468e-06
2.34,0,0.914786,0.877312,0.496826,0.00846037,0.0374735
2.34,1,-0.723762,-0.626711,0.0438969,-4.01373,-0.0970511
2.34,2,1.04753,1.11381,-0.0817775,-1.82479,-0.0662783
2.34,3,0.381159,0.370653,0.20796,-0.0197225,0.0105054
2.34,4,-0.323767,-0.300945,0.0396485,-0.202399,-0.0228219
2.34,5,-2.31372e-06,3.08224e-06,7.85889e-06,-2.93375e-05,-5.39596e-06
2.35,0,0.919755,0.882281,0.496824,0.00849565,0.0374742
2.35,1,-0.723348,-0.626272,0.043897,-4.01473,-0.097076
2.35,2,1.04671,1.11299,-0.0817771,-1.82511,-0.0662887
2.35,3,0.383229,0.372733,0.207957,-0.0198125,0.0104962
2.35,4,-0.323352,-0.300548,0.0396393,-0.202253,-0.0228042
2.35,5,-2.32629e-06,3.16044e-06,7.77987e-06,-2.97676e-05,-5.48673e-06
2.36,0,0.924724,0.887249,0.496823,0.0085283,0.0374749
2.36,1,-0.722933,-0.625833,0.043897,-4.01572,-0.0971008
2.36,2,1.04588,1.11218,-0.0817767,-1.82542,-0.0662991
2.36,3,0.385299,0.374812,0.207953,-0.019902,0.010487
2.36,4,-0.322938,-0.300152,0.0396301,-0.202107,-0.0227865
2.36,5,-2.33886e-06,3.23754e-06,7.64419e-06,-3.01752e-05,-5.5764e-06
2.37,0,0.929693,0.892217,0.496823,0.00855812,0.0374757
2.37,1,-0.722519,-0.625394,0.043897,-4.01672,-0.0971257
2.37,2,1.04505,1.11136,-0.0817763,-1.82573,-0.0663095
2.37,3,0.38737,0.376892,0.20795,-0.019991,0.0104779
2.37,4,-0.322524,-0.299756,0.0396211,-0.20196,-0.0227686
2.37,5,-2.35143e-06,3.313e-06,7.45812e-06,-3.05596e-05,-5.66442e-06
2.38,0,0.934662,0.897185,0.496823,0.00858499,0.0374764
2.38,1,-0.722105,-0.624955,0.0438969,-4.01771,-0.0971505
2.38,2,1.04422,1.11054,-0.0817761,-1.82604,-0.0663199
2.38,3,0.38944,0.378971,0.207946,-0.0200795,0.0104688
2.38,4,-0.32211,-0.299359,0.0396122,-0.201812,-0.0227507
2.38,5,-2.364e-06,3.38635e-06,7.22801e-06,-3.09201e-05,-5.75034e-06
2.39,0,0.939631,0.902154,0.496825,0.00860883,0.0374771
2.39,1,-0.721691,-0.624516,0.0438967,-4.01871,-0.0971754
2.39,2,1.04339,1.10972,-0.0817759,-1.82636,-0.0663303
2.39,3,0.391511,0.381051,0.207942,-0.0201676,0.0104597
2.39,4,-0.321696,-0.298963,0.0396033,-0.201663,-0.0227327
2.39,5,-2.37656e-06,3.45718e-06,6.96011e-06,-3.12568e-05,-5.83374e-06
2.4,0,0.9446,0.907122,0.496828,0.00862959,0.0374778
2.4,1,-0.721277,-0.624077,0.0438965,-4.0197,-0.0972002
2.4,2,1.04257,1.10891,-0.0817757,-1.82667,-0.0663407
2.4,3,0.393581,0.38313,0.207938,-0.0202552,0.0104507
2.4,4,-0.321282,-0.298567,0.0395944,-0.201514,-0.0227146
2.4,5,-2.38913e-06,3.52516e-06,6.66059e-06,-3.15696e-05,-5.91429e-06
2.41,0,0.949569,0.91209,0.496831,0.00864727,0.0374785
2.41,1,-0.720863,-0.623638,0.0438961,-4.02069,-0.0972251
2.41,2,1.04174,1.10809,-0.0817757,-1.82698,-0.0663511
2.41,3,0.395651,0.38521,0.207933,-0.0203423,0.0104418
2.41,4,-0.320868,-0.298172,0.0395855,-0.201364,-0.0226964
2.41,5,-2.4017e-06,3.58999e-06,6.3354e-06,-3.18591e-05,-5.99169e-06
2.42,0,0.954538,0.917058,0.496834,0.0086619,0.0374791
2.42,1,-0.720449,-0.623199,0.0438957,-4.02168,-0.0972499
2.42,2,1.04091,1.10727,-0.0817758,-1.82729,-0.0663615
2.42,3,0.397722,0.387289,0.207929,-0.0204289,0.0104329
2.42,4,-0.320454,-0.297776,0.0395767,-0.201213,-0.0226781
2.42,5,-2.41427e-06,3.65146e-06,5.99029e-06,-3.21257e-05,-6.06573e-06
2.43,0,0.959506,0.922027,0.496838,0.00867355,0.0374797
2.43,1,-0.720035,-0.62276,0.0438951,-4.02268,-0.0972748
2.43,2,1.04008,1.10645,-0.0817759,-1.82761,-0.0663719
2.43,3,0.399792,0.389368,0.207925,-0.020515,0.010424
2.43,4,-0.32004,-0.29738,0.0395678,-0.201062,-0.0226598
2.43,5,-2.42683e-06,3.7094e-06,5.63072e-06,-3.23704e-05,-6.13623e-06
2.44,0,0.964475,0.926995,0.496843,0.0086823,0.0374803
2.44,1,-0.71962,-0.622321,0.0438944,-4.02367,-0.0972996
2.44,2,1.03925,1.10563,-0.0817761,-1.82792,-0.0663824
2.44,3,0.401863,0.391447,0.20792,-0.0206007,0.0104151
2.44,4,-0.319626,-0.296984,0.0395589,-0.20091,-0.0226413
2.44,5,-2.4394e-06,3.76368e-06,5.26183e-06,-3.2594e-05,-6.20308e-06
2.45,0,0.969444,0.931964,0.496848,0.00868827,0.0374808
2.45,1,-0.719206,-0.621882,0.0438936,-4.02466,-0.0973244
2.45,2,1.03842,1.10482,-0.0817764,-1.82823,-0.0663928
2.45,3,0.403933,0.393527,0.207916,-0.0206859,0.0104064
2.45,4,-0.319212,-0.296589,0.0395499,-0.200757,-0.0226227
2.45,5,-2.45197e-06,3.81425e-06,4.88843e-06,-3.27976e-05,-6.26622e-06
2.46,0,0.974413,0.936932,0.496853,0.00869161,0.0374812
2.46,1,-0.718792,-0.621443,0.0438927,-4.02565,-0.0973492
2.46,2,1.0376,1.104,-0.0817768,-1.82854,-0.0664032
2.46,3,0.406003,0.395606,0.207911,-0.0207706,0.0103976
2.46,4,-0.318797,-0.296193,0.0395409,-0.200603,-0.0226041
2.46,5,-2.46454e-06,3.86108e-06,4.51493e-06,-3.29826e-05,-6.32562e-06
2.47,0,0.979382,0.941901,0.496858,0.00869246,0.0374816
2.47,1,-0.718378,-0.621004,0.0438916,-4.02664,-0.0973741
2.47,2,1.03677,1.10318,-0.0817773,-1.82885,-0.0664136
2.47,3,0.408074,0.397685,0.207907,-0.0208549,0.0103889
2.47,4,-0.318383,-0.295798,0.0395319,-0.200449,-0.0225854
2.47,5,-2.47711e-06,3.90419e-06,4.14537e-06,-3.31501e-05,-6.3813e-06
2.48,0,0.984351,0.946869,0.496863,0.008691,0.037482
2.48,1,-0.717964,-0.620565,0.0438905,-4.02763,-0.0973988
2.48,2,1.03594,1.10236,-0.0817778,-1.82916,-0.0664239
2.48,3,0.410144,0.399764,0.207902,-0.0209387,0.0103803
2.48,4,-0.317969,-0.295403,0.0395227,-0.200294,-0.0225666
2.48,5,-2.48967e-06,3.94364e-06,3.78339e-06,-3.33016e-05,-6.43332e-06
2.49,0,0.98932,0.951838,0.496868,0.00868742,0.0374823
2.49,1,-0.71755,-0.620126,0.0438892,-4.02861,-0.0974236
2.49,2,1.03511,1.10155,-0.0817785,-1.82947,-0.0664343
2.49,3,0.412215,0.401843,0.207898,-0.0210221,0.0103717
2.49,4,-0.317555,-0.295008,0.0395135,-0.200138,-0.0225476
2.49,5,-2.50224e-06,3.97954e-06,3.4322e-06,-3.34386e-05,-6.48178e-06
2.5,0,0.994289,0.956807,0.496873,0.00868189,0.0374825
2.5,1,-0.717136,-0.619687,0.0438879,-4.0296,-0.0974484
2.5,2,1.03428,1.10073,-0.0817791,-1.82978,-0.0664447
2.5,3,0.414285,0.403922,0.207893,-0.021105,0.0103631
2.5,4,-0.317141,-0.294612,0.0395043,-0.199981,-0.0225286
2.5,5,-2.51481e-06,4.01199e-06,3.09464e-06,-3.35624e-05,-6.5268e-06
2.51,0,0.999258,0.961775,0.496878,0.00867463,0.0374827
2.51,1,-0.716722,-0.619249,0.0438864,-4.03059,-0.0974732
2.51,2,1.03346,1.09991,-0.0817799,-1.83009,-0.0664551
2.51,3,0.416355,0.406001,0.207889,-0.0211876,0.0103546
2.51,4,-0.316727,-0.294217,0.0394949,-0.199824,-0.0225096
2.51,5,-2.52738e-06,4.04115e-06,2.7731e-06,-3.36746e-05,-6.56853e-06
2.52,0,1.00423,0.966744,0.496883,0.00866583,0.0374829
2.52,1,-0.716308,-0.61881,0.0438848,-4.03157,-0.0974979
2.52,2,1.03263,1.09909,-0.0817807,-1.8304,-0.0664655
2.52,3,0.418426,0.40808,0.207884,-0.0212697,0.0103461
2.52,4,-0.316313,-0.293823,0.0394855,-0.199666,-0.0224904
2.52,5,-2.53994e-06,4.0672e-06,2.46961e-06,-3.37766e-05,-6.60714e-06
2.53,0,1.0092,0.971713,0.496888,0.00865568,0.037483
2.53,1,-0.715893,-0.618371,0.0438832,-4.03255,-0.0975226
2.53,2,1.0318,1.09827,-0.0817815,-1.83071,-0.0664758
2.53,3,0.420496,0.410158,0.20788,-0.0213514,0.0103377
2.53,4,-0.315899,-0.293428,0.039476,-0.199507,-0.0224711
2.53,5,-2.55251e-06,4.09032e-06,2.1858e-06,-3.38699e-05,-6.64283e-06
2.54,0,1.01417,0.976682,0.496893,0.00864439,0.0374831
2.54,1,-0.715479,-0.617932,0.0438814,-4.03354,-0.0975473
2.54,2,1.03097,1.09746,-0.0817824,-1.83102,-0.0664862
2.54,3,0.422566,0.412237,0.207876,-0.0214328,0.0103293
2.54,4,-0.315485,-0.293033,0.0394663,-0.199347,-0.0224517
2.54,5,-2.56508e-06,4.11071e-06,1.92293e-06,-3.39558e-05,-6.67579e-06
2.55,0,1.01913,0.981651,0.496897,0.00863216,0.0374831
2.55,1,-0.715065,-0.617493,0.0438796,-4.03452,-0.097572
2.55,2,1.03014,1.09664,-0.0817833,-1.83133,-0.0664965
2.55,3,0.424637,0.414316,0.207872,-0.0215137,0.0103209
2.55,4,-0.315071,-0.292638,0.0394566,-0.199186,-0.0224322
2.55,5,-2.57765e-06,4.1286e-06,1.6819e-06,-3.40358e-05,-6.70625e-06
2.56,0,1.0241,0.98662,0.496901,0.00861916,0.037483
2.56,1,-0.714651,-0.617054,0.0438778,-4.0355,-0.0975967
2.56,2,1.02931,1.09582,-0.0817843,-1.83164,-0.0665068
2.56,3,0.426707,0.416395,0.207868,-0.0215943,0.0103126
2.56,4,-0.314657,-0.292244,0.0394469,-0.199025,-0.0224126
2.56,5,-2.59022e-06,4.1442e-06,1.4633e-06,-3.41111e-05,-6.73441e-06
2.57,0,1.02907,0.991589,0.496904,0.00860558,0.037483
2.57,1,-0.714237,-0.616616,0.0438758,-4.03648,-0.0976214
2.57,2,1.02849,1.095,-0.0817853,-1.83194,-0.0665171
2.57,3,0.428778,0.418473,0.207863,-0.0216745,0.0103044
2.57,4,-0.314243,-0.29185,0.039437,-0.198862,-0.022393
2.57,5,-2.60278e-06,4.15773e-06,1.26741e-06,-3.41828e-05,-6.76052e-06
2.58,0,1.03404,0.996558,0.496908,0.00859159,0.0374829
2.58,1,-0.713823,-0.616177,0.0438739,-4.03746,-0.097646
2.58,2,1.02766,1.09419,-0.0817863,-1.83225,-0.0665275
2.58,3,0.430848,0.420552,0.207859,-0.0217543,0.0102961
2.58,4,-0.313828,-0.291455,0.0394271,-0.198699,-0.0223732
2.58,5,-2.61535e-06,4.16944e-06,1.0942e-06,-3.42522e-05,-6.78479e-06
2.59,0,1.03901,1.00153,0.496911,0.00857735,0.0374827
2.59,1,-0.713409,-0.615738,0.0438719,-4.03844,-0.0976706
2.59,2,1.02683,1.09337,-0.0817873,-1.83256,-0.0665378
2.59,3,0.432918,0.42263,0.207856,-0.0218338,0.010288
2.59,4,-0.313414,-0.291061,0.0394171,-0.198535,-0.0223533
2.59,5,-2.62792e-06,4.17953e-06,9.43403e-07,-3.43203e-05,-6.80745e-06
2.6,0,1.04398,1.0065,0.496913,0.00856301,0.0374826
2.6,1,-0.712995,-0.615299,0.0438698,-4.03942,-0.0976952
2.6,2,1.026,1.09255,-0.0817884,-1.83286,-0.066548
2.6,3,0.434989,0.424709,0.207852,-0.0219129,0.0102798
2.6,4,-0.313,-0.290667,0.039407,-0.19837,-0.0223334
2.6,5,-2.64049e-06,4.18824e-06,8.14522e-07,-3.4388e-05,-6.82872e-06
2.61,0,1.04895,1.01147,0.496916,0.00854871,0.0374824
2.61,1,-0.712581,-0.614861,0.0438678,-4.04039,-0.0977198
2.61,2,1.02517,1.09173,-0.0817894,-1.83317,-0.0665583
2.61,3,0.437059,0.426787,0.207848,-0.0219917,0.0102717
2.61,4,-0.312586,-0.290273,0.0393968,-0.198205,-0.0223133
2.61,5,-2.65305e-06,4.19577e-06,7.06845e-07,-3.44562e-05,-6.84883e-06
2.62,0,1.05392,1.01643,0.496918,0.00853458,0.0374822
2.62,1,-0.712166,-0.614422,0.0438657,-4.04137,-0.0977443
2.62,2,1.02435,1.09091,-0.0817904,-1.83348,-0.0665686
2.62,3,0.43913,0.428866,0.207844,-0.0220701,0.0102636
2.62,4,-0.312172,-0.289879,0.0393866,-0.198038,-0.0222931
2.62,5,-2.66562e-06,4.20235e-06,6.19482e-07,-3.45257e-05,-6.86797e-06
2.63,0,1.05889,1.0214,0.496919,0.00852073,0.037482
2.63,1,-0.711752,-0.613983,0.0438636,-4.04234,-0.0977688
2.63,2,1.02352,1.0901,-0.0817915,-1.83378,-0.0665788
2.63,3,0.4412,0.430944,0.20784,-0.0221482,0.0102556
2.63,4,-0.311758,-0.289485,0.0393764,-0.197871,-0.0222728
2.63,5,-2.67819e-06,4.20815e-06,5.51387e-07,-3.45971e-05,-6.88634e-06
2.64,0,1.06385,1.02637,0.496921,0.00850726,0.0374817
2.64,1,-0.711338,-0.613545,0.0438614,-4.04332,-0.0977934
2.64,2,1.02269,1.08928,-0.0817925,-1.83409,-0.0665891
2.64,3,0.44327,0.433023,0.207837,-0.022226,0.0102476
2.64,4,-0.311344,-0.289091,0.0393661,-0.197703,-0.0222524
2.64,5,-2.69076e-06,4.21337e-06,5.01389e-07,-3.46711e-05,-6.90413e-06
2.65,0,1.06882,1.03134,0.496922,0.00849425,0.0374815
2.65,1,-0.710924,-0.613106,0.0438593,-4.04429,-0.0978178
2.65,2,1.02186,1.08846,-0.0817935,-1.83439,-0.0665993
2.65,3,0.445341,0.435101,0.207833,-0.0223034,0.0102397
2.65,4,-0.31093,-0.288698,0.0393557,-0.197534,-0.022232
2.65,5,-2.70333e-06,4.21819e-06,4.68213e-07,-3.47481e-05,-6.92152e-06
2.66,0,1.07379,1.03631,0.496922,0.00848179,0.0374812
2.66,1,-0.71051,-0.612668,0.0438572,-4.04526,-0.0978423
2.66,2,1.02103,1.08764,-0.0817945,-1.8347,-0.0666096
2.66,3,0.447411,0.437179,0.20783,-0.0223806,0.0102317
2.66,4,-0.310516,-0.288304,0.0393453,-0.197364,-0.0222114
2.66,5,-2.71589e-06,4.22277e-06,4.505e-07,-3.48284e-05,-6.93866e-06
2.67,0,1.07876,1.04128,0.496923,0.00846993,0.037481
2.67,1,-0.710096,-0.612229,0.0438551,-4.04624,-0.0978668
2.67,2,1.0202,1.08682,-0.0817955,-1.835,-0.0666198
2.67,3,0.449482,0.439258,0.207826,-0.0224574,0.0102238
2.67,4,-0.310102,-0.287911,0.0393349,-0.197193,-0.0221907
2.67,5,-2.72846e-06,4.22724e-06,4.46838e-07,-3.49125e-05,-6.9557e-06
2.68,0,1.08373,1.04625,0.496923,0.00845872,0.0374807
2.68,1,-0.709682,-0.611791,0.0438531,-4.04721,-0.0978912
2.68,2,1.01938,1.08601,-0.0817965,-1.83531,-0.06663
2.68,3,0.451552,0.441336,0.207823,-0.0225339,0.010216
2.68,4,-0.309688,-0.287518,0.0393244,-0.197021,-0.0221699
2.68,5,-2.74103e-06,4.23175e-06,4.55777e-07,-3.50006e-05,-6.97278e-06
2.69,0,1.0887,1.05122,0.496923,0.00844821,0.0374804
2.69,1,-0.709268,-0.611352,0.043851,-4.04818,-0.0979156
2.69,2,1.01855,1.08519,-0.0817975,-1.83561,-0.0666402
2.69,3,0.453622,0.443414,0.207819,-0.02261,0.0102082
2.69,4,-0.309273,-0.287124,0.039314,-0.196849,-0.022149
2.69,5,-2.7536e-06,4.23641e-06,4.7585e-07,-3.50928e-05,-6.99e-06
2.7,0,1.09367,1.05619,0.496923,0.00843842,0.0374802
2.7,1,-0.708854,-0.610914,0.0438489,-4.04915,-0.09794
2.7,2,1.01772,1.08437,-0.0817984,-1.83591,-0.0666504
2.7,3,0.455693,0.445492,0.207816,-0.0226859,0.0102004
2.7,4,-0.308859,-0.286731,0.0393035,-0.196676,-0.022128
2.7,5,-2.76616e-06,4.24132e-06,5.05592e-07,-3.51891e-05,-7.00748e-06
2.71,0,1.09864,1.06116,0.496922,0.00842937,0.0374799
2.71,1,-0.708439,-0.610475,0.0438469,-4.05011,-0.0979643
2.71,2,1.01689,1.08355,-0.0817994,-1.83622,-0.0666605
2.71,3,0.457763,0.44757,0.207813,-0.0227614,0.0101926
2.71,4,-0.308445,-0.286338,0.0392929,-0.196501,-0.0221069
2.71,5,-2.77873e-06,4.24658e-06,5.43556e-07,-3.52896e-05,-7.02531e-06
2.72,0,1.10361,1.06613,0.496921,0.00842106,0.0374796
2.72,1,-0.708025,-0.610037,0.0438449,-4.05108,-0.0979887
2.72,2,1.01606,1.08273,-0.0818003,-1.83652,-0.0666707
2.72,3,0.459833,0.449649,0.207809,-0.0228366,0.0101849
2.72,4,-0.308031,-0.285946,0.0392824,-0.196326,-0.0220857
2.72,5,-2.7913e-06,4.25226e-06,5.88329e-07,-3.53943e-05,-7.04356e-06
2.73,0,1.10858,1.0711,0.496921,0.00841349,0.0374794
2.73,1,-0.707611,-0.609598,0.0438429,-4.05205,-0.098013
2.73,2,1.01524,1.08192,-0.0818011,-1.83682,-0.0666809
2.73,3,0.461904,0.451727,0.207806,-0.0229115,0.0101772
2.73,4,-0.307617,-0.285553,0.0392719,-0.196151,-0.0220643
2.73,5,-2.80387e-06,4.25841e-06,6.38543e-07,-3.5503e-05,-7.06228e-06
2.74,0,1.11354,1.07607,0.49692,0.00840665,0.0374791
2.74,1,-0.707197,-0.60916,0.043841,-4.05302,-0.0980373
2.74,2,1.01441,1.0811,-0.081802,-1.83713,-0.066691
2.74,3,0.463974,0.453805,0.207803,-0.0229861,0.0101696
2.74,4,-0.307203,-0.28516,0.0392614,-0.195974,-0.0220429
2.74,5,-2.81644e-06,4.26509e-06,6.92889e-07,-3.56155e-05,-7.08153e-06
2.75,0,1.11851,1.08103,0.496919,0.00840052,0.0374789
2.75,1,-0.706783,-0.608721,0.0438391,-4.05398,-0.0980616
2.75,2,1.01358,1.08028,-0.0818028,-1.83743,-0.0667012
2.75,3,0.466045,0.455883,0.2078,-0.0230603,0.0101619
2.75,4,-0.306789,-0.284768,0.0392509,-0.195796,-0.0220214
2.75,5,-2.829e-06,4.27233e-06,7.50123e-07,-3.57317e-05,-7.10134e-06
2.76,0,1.12348,1.086,0.496918,0.00839509,0.0374787
2.76,1,-0.706369,-0.608283,0.0438372,-4.05495,-0.0980859
2.76,2,1.01275,1.07946,-0.0818037,-1.83773,-0.0667113
2.76,3,0.468115,0.457961,0.207796,-0.0231343,0.0101544
2.76,4,-0.306375,-0.284375,0.0392403,-0.195618,-0.0219997
2.76,5,-2.84157e-06,4.28016e-06,8.0908e-07,-3.58514e-05,-7.12173e-06
2.77,0,1.12845,1.09097,0.496916,0.00839031,0.0374785
2.77,1,-0.705955,-0.607845,0.0438353,-4.05591,-0.0981101
2.77,2,1.01192,1.07864,-0.0818044,-1.83803,-0.0667214
2.77,3,0.470185,0.460039,0.207793,-0.0232079,0.0101468
2.77,4,-0.305961,-0.283983,0.0392298,-0.195439,-0.021978
2.77,5,-2.85414e-06,4.28858e-06,8.68676e-07,-3.59742e-05,-7.14272e-06
2.78,0,1.13342,1.09594,0.496915,0.00838616,0.0374783
2.78,1,-0.705541,-0.607406,0.0438335,-4.05687,-0.0981343
2.78,2,1.01109,1.07783,-0.0818052,-1.83834,-0.0667315
2.78,3,0.472256,0.462117,0.20779,-0.0232812,0.0101393
2.78,4,-0.305547,-0.283591,0.0392193,-0.195259,-0.0219562
2.78,5,-2.86671e-06,4.29759e-06,9.27914e-07,-3.60999e-05,-7.1643e-06
2.79,0,1.13839,1.10091,0.496914,0.0083826,0.0374781
2.79,1,-0.705126,-0.606968,0.0438317,-4.05784,-0.0981586
2.79,2,1.01027,1.07701,-0.081806,-1.83864,-0.0667417
2.79,3,0.474326,0.464194,0.207787,-0.0233541,0.0101318
2.79,4,-0.305133,-0.283198,0.0392089,-0.195078,-0.0219342
2.79,5,-2.87927e-06,4.30719e-06,9.85888e-07,-3.62281e-05,-7.18646e-06
2.8,0,1.14336,1.10588,0.496913,0.00837958,0.0374779
2.8,1,-0.704712,-0.60653,0.0438299,-4.0588,-0.0981827
2.8,2,1.00944,1.07619,-0.0818067,-1.83894,-0.0667518
2.8,3,0.476397,0.466272,0.207783,-0.0234268,0.0101243
2.8,4,-0.304718,-0.282806,0.0391984,-0.194896,-0.0219121
2.8,5,-2.89184e-06,4.31736e-06,1.04179e-06,-3.63585e-05,-7.2092e-06
2.81,0,1.14833,1.11085,0.496911,0.00837706,0.0374778
2.81,1,-0.704298,-0.606091,0.0438281,-4.05976,-0.0982069
2.81,2,1.00861,1.07537,-0.0818074,-1.83924,-0.0667619
2.81,3,0.478467,0.46835,0.20778,-0.0234991,0.0101169
2.81,4,-0.304304,-0.282414,0.039188,-0.194714,-0.02189
2.81,5,-2.90441e-06,4.32807e-06,1.09489e-06,-3.64909e-05,-7.23248e-06
2.82,0,1.1533,1.11582,0.49691,0.008375,0.0374776
2.82,1,-0.703884,-0.605653,0.0438264,-4.06072,-0.0982311
2.82,2,1.00778,1.07455,-0.0818081,-1.83954,-0.066772
2.82,3,0.480537,0.470428,0.207777,-0.023571,0.0101095
2.82,4,-0.30389,-0.282023,0.0391776,-0.194531,-0.0218677
2.82,5,-2.91698e-06,4.3393e-06,1.14458e-06,-3.66247e-05,-7.25627e-06
2.83,0,1.15826,1.12079,0.496909,0.00837333,0.0374775
2.83,1,-0.70347,-0.605215,0.0438247,-4.06168,-0.0982552
2.83,2,1.00695,1.07374,-0.0818088,-1.83984,-0.066782
2.83,3,0.482608,0.472506,0.207774,-0.0236427,0.0101021
2.83,4,-0.303476,-0.281631,0.0391672,-0.194346,-0.0218454
2.83,5,-2.92954e-06,4.351e-06,1.19032e-06,-3.67598e-05,-7.28054e-06
2.84,0,1.16323,1.12576,0.496908,0.00837203,0.0374774
2.84,1,-0.703056,-0.604777,0.043823,-4.06264,-0.0982793
2.84,2,1.00613,1.07292,-0.0818095,-1.84014,-0.0667921
2.84,3,0.484678,0.474583,0.20777,-0.023714,0.0100948
2.84,4,-0.303062,-0.281239,0.0391568,-0.194161,-0.0218229
2.84,5,-2.94211e-06,4.36313e-06,1.23167e-06,-3.68957e-05,-7.30524e-06
2.85,0,1.1682,1.13073,0.496907,0.00837103,0.0374773
2.85,1,-0.702642,-0.604338,0.0438213,-4.0636,-0.0983035
2.85,2,1.0053,1.0721,-0.0818102,-1.84045,-0.0668022
2.85,3,0.486749,0.476661,0.207767,-0.0237849,0.0100875
2.85,4,-0.302648,-0.280848,0.0391464,-0.193976,-0.0218003
2.85,5,-2.95468e-06,4.37565e-06,1.26829e-06,-3.70322e-05,-7.33033e-06
2.86,0,1.17317,1.13569,0.496906,0.0083703,0.0374772
2.86,1,-0.702228,-0.6039,0.0438197,-4.06456,-0.0983275
2.86,2,1.00447,1.07128,-0.0818108,-1.84075,-0.0668122
2.86,3,0.488819,0.478739,0.207764,-0.0238555,0.0100803
2.86,4,-0.302234,-0.280456,0.0391361,-0.193789,-0.0217776
2.86,5,-2.96725e-06,4.38852e-06,1.2999e-06,-3.71688e-05,-7.35576e-06
2.87,0,1.17814,1.14066,0.496905,0.00836978,0.0374771
2.87,1,-0.701814,-0.603462,0.043818,-4.06552,-0.0983516
2.87,2,1.00364,1.07046,-0.0818115,-1.84105,-0.0668223
2.87,3,0.490889,0.480816,0.20776,-0.0239258,0.010073
2.87,4,-0.30182,-0.280065,0.0391258,-0.193602,-0.0217548
2.87,5,-2.97982e-06,4.40166e-06,1.32632e-06,-3.73053e-05,-7.38148e-06
2.88,0,1.18311,1.14563,0.496904,0.00836943,0.037477
2.88,1,-0.701399,-0.603024,0.0438164,-4.06648,-0.0983757
2.88,2,1.00281,1.06965,-0.0818121,-1.84135,-0.0668323
2.88,3,0.49296,0.482894,0.207757,-0.0239957,0.0100658
2.88,4,-0.301406,-0.279674,0.0391155,-0.193413,-0.021732
2.88,5,-2.99238e-06,4.41505e-06,1.34743e-06,-3.74414e-05,-7.40743e-06
2.89,0,1.18808,1.1506,0.496903,0.00836921,0.0374769
2.89,1,-0.700985,-0.602586,0.0438148,-4.06743,-0.0983997
2.89,2,1.00199,1.06883,-0.0818127,-1.84165,-0.0668424
2.89,3,0.49503,0.484971,0.207753,-0.0240653,0.0100587
2.89,4,-0.300992,-0.279283,0.0391053,-0.193224,-0.021709
2.89,5,-3.00495e-06,4.42861e-06,1.36319e-06,-3.75768e-05,-7.43356e-06
2.9,0,1.19305,1.15557,0.496902,0.00836908,0.0374769
2.9,1,-0.700571,-0.602148,0.0438132,-4.06839,-0.0984237
2.9,2,1.00116,1.06801,-0.0818134,-1.84195,-0.0668524
2.9,3,0.4971,0.487049,0.20775,-0.0241345,0.0100516
2.9,4,-0.300578,-0.278892,0.0390951,-0.193035,-0.0216859
2.9,5,-3.01752e-06,4.44231e-06,1.37362e-06,-3.77112e-05,-7.45983e-06
2.91,0,1.19802,1.16054,0.496901,0.00836899,0.0374768
2.91,1,-0.700157,-0.601709,0.0438116,-4.06934,-0.0984477
2.91,2,1.00033,1.06719,-0.081814,-1.84225,-0.0668625
2.91,3,0.499171,0.489126,0.207747,-0.0242034,0.0100445
2.91,4,-0.300164,-0.278501,0.0390848,-0.192844,-0.0216627
2.91,5,-3.03009e-06,4.45608e-06,1.3788e-06,-3.78445e-05,-7.48616e-06
2.92,0,1.2,1.16551,0.495943,-0.107922,0.0344976
2.92,1,-0.699991,-0.601274,0.0428245,-4.07719,-0.0987178
2.92,2,0.999997,1.06638,-0.0800246,-1.83135,-0.0663799
2.92,3,0.499999,0.491195,0.20422,-0.0344959,0.00880364
2.92,4,-0.299998,-0.278111,0.0388103,-0.194502,-0.0218871
2.92,5,-3.03511e-06,1.18958e-05,0.00300976,-0.000977582,-1.49309e-05
2.93,0,1.2,1.17044,0.489587,-0.286022,0.0295685
2.93,1,-0.699991,-0.600868,0.0383749,-4.08005,-0.0991231
2.93,2,0.999997,1.06562,-0.0720904,-1.82444,-0.0656207
2.93,3,0.499999,0.493147,0.18627,-0.0432456,0.00685166
2.93,4,-0.299998,-0.277724,0.0389092,-0.19765,-0.0222744
2.93,5,-3.03511e-06,0.000102248,0.0141406,-0.00476859,-0.000105283
2.94,0,1.2,1.17527,0.477993,-0.444681,0.0247324
2.94,1,-0.699991,-0.600514,0.0330876,-4.07838,-0.0994779
2.94,2,0.999997,1.06495,-0.0627711,-1.82299,-0.064951
2.94,3,0.499999,0.494878,0.16174,-0.045835,0.0051209
2.94,4,-0.299998,-0.277326,0.0406878,-0.201721,-0.0226721
2.94,5,-3.03511e-06,0.000295107,0.022762,-0.00831932,-0.000298142
2.95,0,1.2,1.17997,0.461896,-0.584184,0.0200376
2.95,1,-0.699991,-0.600211,0.0280418,-4.07535,-0.0997806
2.95,2,0.999997,1.06437,-0.0538114,-1.82357,-0.0643731
2.95,3,0.499999,0.496351,0.135306,-0.0446986,0.00364848
2.95,4,-0.299998,-0.276904,0.0433754,-0.206435,-0.0230934
2.95,5,-3.03511e-06,0.000545735,0.0261713,-0.0105952,-0.00054877
2.96,0,1.2,1.18448,0.441965,-0.704882,0.0155253
2.96,1,-0.699991,-0.599956,0.0235632,-4.07212,-0.100036
2.96,2,0.999997,1.06388,-0.0456344,-1.82515,-0.0638807
2.96,3,0.499999,0.497559,0.109266,-0.0411636,0.0024396
2.96,4,-0.299998,-0.276456,0.0460203,-0.211347,-0.0235421
2.96,5,-3.03511e-06,0.000804303,0.0250157,-0.0115414,-0.000807338
2.97,0,1.2,1.18877,0.418816,-0.807223,0.0112306
2.97,1,-0.699991,-0.599742,0.0197343,-4.0692,-0.10025
2.97,2,0.999997,1.06346,-0.038309,-1.82734,-0.0634653
2.97,3,0.499999,0.498516,0.0849029,-0.0361148,0.00148269
2.97,4,-0.299998,-0.275984,0.0479723,-0.216096,-0.0240138
2.97,5,-3.03511e-06,0.00103274,0.0207009,-0.0113891,-0.00103578
2.98,0,1.2,1.19282,0.393019,-0.891762,0.00718237
2.98,1,-0.699991,-0.599562,0.0165465,-4.06681,-0.100429
2.98,2,0.999997,1.06312,-0.0318094,-1.82994,-0.0631186
2.98,3,0.499999,0.499242,0.0629668,-0.0302148,0.000756529
2.98,4,-0.299998,-0.275498,0.0488886,-0.22044,-0.0244995
2.98,5,-3.03511e-06,0.0012071,0.0145855,-0.0104263,-0.00121014
2.99,0,1.2,1.1966,0.36511,-0.959164,0.00340415
2.99,1,-0.699991,-0.599412,0.0139521,-4.06505,-0.10058
2.99,2,0.999997,1.06283,-0.0260842,-1.83281,-0.0628326
2.99,3,0.499999,0.499765,0.0438735,-0.0239808,0.000234323
2.99,4,-0.299998,-0.27501,0.0486506,-0.224229,-0.024988
2.99,5,-3.03511e-06,0.00131565,0.00776323,-0.00892238,-0.00131868
3,0,1.2,1.20009,0.335588,-1.01019,-8.5712e-05
3,1,-0.699991,-0.599284,0.0118855,-4.06396,-0.100708
3,2,0.999997,1.0626,-0.0210762,-1.83584,-0.0625999
3,3,0.499999,0.500113,0.0278005,-0.0178153,-0.000113495
3,4,-0.299998,-0.27453,0.0472846,-0.227385,-0.0254679
3,5,-3.03511e-06,0.00135594,0.00103564,-0.00710557,-0.00135897
3.01,0,1.2,1.20328,0.304919,-1.0457,-0.00327367
3.01,1,-0.699991,-0.599174,0.0102745,-4.06352,-0.100817
3.01,2,0.999997,1.06241,-0.0167273,-1.83895,-0.0624136
3.01,3,0.499999,0.500316,0.0147499,-0.0120226,-0.000317264
3.01,4,-0.299998,-0.274069,0.0449022,-0.229878,-0.0259284
3.01,5,-3.03511e-06,0.00133211,-0.0050553,-0.00515912,-0.00133514
3.02,0,1.2,1.20615,0.273538,-1.06664,-0.00615069
3.02,1,-0.699991,-0.599078,0.00904644,-4.06366,-0.100913
3.02,2,0.999997,1.06226,-0.0129807,-1.84206,-0.0622674
3.02,3,0.499999,0.500406,0.00459386,-0.00682228,-0.000406596
3.02,4,-0.299998,-0.273638,0.0416593,-0.231712,-0.0263602
3.02,5,-3.03511e-06,0.00125248,-0.0101801,-0.00322355,-0.00125552
3.03,0,1.2,1.20872,0.241845,-1.07401,-0.00871185
3.03,1,-0.699991,-0.598993,0.00813196,-4.06433,-0.100998
3.03,2,0.999997,1.06215,-0.00978193,-1.8451,-0.0621556
3.03,3,0.499999,0.500408,-0.00288656,-0.002361,-0.000409293
3.03,4,-0.299998,-0.273242,0.0377291,-0.23291,-0.0267557
3.03,5,-3.03511e-06,0.00112774,-0.0141746,-0.00140151,-0.00113078
3.04,0,1.2,1.21096,0.210211,-1.06888,-0.0109561
3.04,1,-0.699991,-0.598916,0.00746727,-4.06543,-0.101076
3.04,2,0.999997,1.06207,-0.00707851,-1.84803,-0.062073
3.04,3,0.499999,0.50035,-0.00797045,0.00127612,-0.000350615
3.04,4,-0.299998,-0.272889,0.033285,-0.233514,-0.0271089
3.04,5,-3.03511e-06,0.000969511,-0.0169982,0.000236741,-0.000972546
3.05,0,1.2,1.21289,0.17897,-1.05235,-0.012886
3.05,1,-0.699991,-0.598844,0.00699515,-4.06689,-0.101148
3.05,2,0.999997,1.06201,-0.00482064,-1.85081,-0.062015
3.05,3,0.499999,0.500252,-0.010971,0.00405435,-0.000252822
3.05,4,-0.299998,-0.272582,0.0284901,-0.23357,-0.0274156
3.05,5,-3.03511e-06,0.00078929,-0.0186979,0.00164776,-0.000792325
3.06,0,1.2,1.21451,0.148428,-1.02556,-0.014507
3.06,1,-0.699991,-0.598776,0.00666545,-4.06862,-0.101216
3.06,2,0.999997,1.06197,-0.00296111,-1.8534,-0.0619773
3.06,3,0.499999,0.500134,-0.0122145,0.00597912,-0.000134959
3.06,4,-0.299998,-0.272325,0.0234916,-0.233131,-0.0276731
3.06,5,-3.03511e-06,0.000597777,-0.0193793,0.00280972,-0.000600812
3.07,0,1.2,1.21583,0.118853,-0.989667,-0.0158277
3.07,1,-0.699991,-0.59871,0.00643511,-4.07055,-0.101281
3.07,2,0.999997,1.06195,-0.00145538,-1.85578,-0.0619563
3.07,3,0.499999,0.500012,-0.0120246,0.00708668,-1.2806e-05
3.07,4,-0.299998,-0.272118,0.0184184,-0.232251,-0.0278802
3.07,5,-3.03511e-06,0.000404404,-0.0191829,0.00371767,-0.000407439
3.08,0,1.2,1.21686,0.0904849,-0.945819,-0.0168591
3.08,1,-0.699991,-0.598647,0.00626789,-4.07258,-0.101344
3.08,2,0.999997,1.06195,-0.000261696,-1.85793,-0.0619485
3.08,3,0.499999,0.499898,-0.0107097,0.00743593,0.000101014
3.08,4,-0.299998,-0.271961,0.0133803,-0.230983,-0.0280366
3.08,5,-3.03511e-06,0.000217089,-0.0182663,0.00437927,-0.000220124
3.09,0,1.2,1.21762,0.0635287,-0.895165,-0.0176145
3.09,1,-0.699991,-0.598585,0.00613397,-4.07466,-0.101406
3.09,2,0.999997,1.06195,0.000658913,-1.85985,-0.0619512
3.09,3,0.499999,0.499802,-0.00855472,0.00710124,0.000196841
3.09,4,-0.299998,-0.271855,0.00846882,-0.22938,-0.0281432
3.09,5,-3.03511e-06,4.21464e-05,-0.0167906,0.00481127,-4.51815e-05
3.1,0,1.2,1.21811,0.0381583,-0.838829,-0.0181088
3.1,1,-0.699991,-0.598524,0.00600942,-4.07671,-0.101467
3.1,2,0.999997,1.06196,0.00134259,-1.86154,-0.0619617
3.1,3,0.499999,0.499731,-0.00581573,0.00616652,0.000267709
3.1,4,-0.299998,-0.271796,0.00375858,-0.227494,-0.0282018
3.1,5,-3.03511e-06,-0.000115691,-0.0149104,0.00503639,0.000112656
3.11,0,1.2,1.21836,0.0145164,-0.777906,-0.0183589
3.11,1,-0.699991,-0.598465,0.00587565,-4.07868,-0.101526
3.11,2,0.999997,1.06198,0.00182264,-1.86298,-0.0619779
3.11,3,0.499999,0.49969,-0.00271659,0.00472029,0.000309034
3.11,4,-0.299998,-0.271783,-0.000691182,-0.225372,-0.0282147
3.11,5,-3.03511e-06,-0.000253171,-0.0127674,0.00508089,0.000250136
3.12,0,1.2,1.21839,-0.00728426,-0.713452,-0.0183826
3.12,1,-0.699991,-0.598407,0.00571884,-4.08053,-0.101584
3.12,2,0.999997,1.062,0.00212955,-1.8642,-0.061998
3.12,3,0.499999,0.499681,0.000551875,0.0028518,0.000318293
3.12,4,-0.299998,-0.271813,-0.00483468,-0.22306,-0.0281847
3.12,5,-3.03511e-06,-0.000368367,-0.0104864,0.00497258,0.000365331
3.13,0,1.2,1.2182,-0.02716,-0.646474,-0.0181988
3.13,1,-0.699991,-0.598351,0.00552938,-4.08221,-0.10164
3.13,2,0.999997,1.06202,0.002291,-1.86519,-0.0620203
3.13,3,0.499999,0.499704,0.00383147,0.000648006,0.000294689
3.13,4,-0.299998,-0.271883,-0.00863785,-0.220602,-0.0281152
3.13,5,-3.03511e-06,-0.000460496,-0.00817328,0.00473929,0.000457461
3.14,0,1.2,1.21783,-0.0450547,-0.577923,-0.0178272
3.14,1,-0.699991,-0.598297,0.00530131,-4.08368,-0.101695
3.14,2,0.999997,1.06204,0.002332,-1.86597,-0.0620435
3.14,3,0.499999,0.49976,0.00699501,-0.00180867,0.000238834
3.14,4,-0.299998,-0.271988,-0.0120767,-0.218038,-0.0280096
3.14,5,-3.03511e-06,-0.00052973,-0.00591429,0.00440776,0.000526694
3.15,0,1.2,1.21729,-0.0609381,-0.50869,-0.0172876
3.15,1,-0.699991,-0.598245,0.00503182,-4.08494,-0.101746
3.15,2,0.999997,1.06206,0.0022749,-1.86655,-0.0620666
3.15,3,0.499999,0.499847,0.00994399,-0.00444186,0.000152454
3.15,4,-0.299998,-0.272126,-0.0151359,-0.215405,-0.0278717
3.15,5,-3.03511e-06,-0.000576993,-0.00377686,0.00400285,0.000573958
3.16,0,1.2,1.2166,-0.074804,-0.4396,-0.0166003
3.16,1,-0.699991,-0.598197,0.00472069,-4.08595,-0.101795
3.16,2,0.999997,1.06209,0.00213956,-1.86694,-0.0620887
3.16,3,0.499999,0.499961,0.0126057,-0.00718228,3.81137e-05
3.16,4,-0.299998,-0.272293,-0.0178075,-0.212739,-0.0277053
3.16,5,-3.03511e-06,-0.000603791,-0.00181084,0.00354703,0.000600756
3.17,0,1.2,1.21579,-0.086669,-0.371408,-0.0157854
3.17,1,-0.699991,-0.598151,0.00436991,-4.08671,-0.10184
3.17,2,0.999997,1.06211,0.00194348,-1.86716,-0.062109
3.17,3,0.499999,0.5001,0.0149301,-0.00996827,-0.000101021
3.17,4,-0.299998,-0.272484,-0.0200896,-0.21007,-0.0275143
3.17,5,-3.03511e-06,-0.000612037,-5.03575e-05,0.00306012,0.000609002
3.18,0,1.2,1.21487,-0.0965699,-0.304795,-0.0148626
3.18,1,-0.699991,-0.59811,0.00398321,-4.08722,-0.101882
3.18,2,0.999997,1.06212,0.00170193,-1.86722,-0.0621272
3.18,3,0.499999,0.50026,0.0168867,-0.012746,-0.000261395
3.18,4,-0.299998,-0.272695,-0.0219858,-0.207429,-0.0273027
3.18,5,-3.03511e-06,-0.000603909,0.00148411,0.00255914,0.000600874
3.19,0,1.2,1.21386,-0.104562,-0.240371,-0.0138514
3.19,1,-0.699991,-0.598072,0.00356565,-4.08746,-0.101919
3.19,2,0.999997,1.06214,0.00142817,-1.86714,-0.0621427
3.19,3,0.499999,0.500438,0.0184614,-0.0154692,-0.00043924
3.19,4,-0.299998,-0.272924,-0.0235041,-0.204841,-0.0270742
3.19,5,-3.03511e-06,-0.000581726,0.00278354,0.00205839,0.000578691
3.2,0,1.2,1.21277,-0.110716,-0.17867,-0.0127705
3.2,1,-0.699991,-0.598039,0.00312329,-4.08747,-0.101952
3.2,2,0.999997,1.06215,0.00113356,-1.86693,-0.0621554
3.2,3,0.499999,0.50063,0.0196534,-0.0180993,-0.000630722
3.2,4,-0.299998,-0.273165,-0.0246565,-0.202332,-0.0268325
3.2,5,-3.03511e-06,-0.000547844,0.00384823,0.00156957,0.000544808
3.21,0,1.2,1.21164,-0.115119,-0.120149,-0.0116377
3.21,1,-0.699991,-0.59801,0.00266284,-4.08723,-0.101981
3.21,2,0.999997,1.06216,0.000827815,-1.86661,-0.062165
3.21,3,0.499999,0.500831,0.020473,-0.0206044,-0.000832065
3.21,4,-0.299998,-0.273417,-0.025458,-0.199921,-0.0265812
3.21,5,-3.03511e-06,-0.000504572,0.00468581,0.00110194,0.000501537
3.22,0,1.2,1.21047,-0.117869,-0.0651952,-0.01047
3.22,1,-0.699991,-0.597986,0.00219139,-4.08678,-0.102005
3.22,2,0.999997,1.06217,0.000519094,-1.86619,-0.0621716
3.22,3,0.499999,0.501039,0.0209383,-0.0229594,-0.00103964
3.22,4,-0.299998,-0.273674,-0.0259264,-0.197627,-0.0263238
3.22,5,-3.03511e-06,-0.000454114,0.00530938,0.00066258,0.000451079
3.23,0,1.2,1.20929,-0.119073,-0.0141218,-0.00928351
3.23,1,-0.699991,-0.597967,0.00171612,-4.08613,-0.102024
3.23,2,0.999997,1.06217,0.000214234,-1.86568,-0.0621751
3.23,3,0.499999,0.501249,0.021074,-0.0251447,-0.00125003
3.23,4,-0.299998,-0.273934,-0.0260819,-0.195467,-0.0260635
3.23,5,-3.03511e-06,-0.00039852,0.00573592,0.000256645,0.000395484
3.24,0,1.2,1.2081,-0.118847,0.0328268,-0.00809289
3.24,1,-0.699991,-0.597952,0.00124413,-4.08529,-0.102039
3.24,2,0.999997,1.06217,-8.1116e-05,-1.86511,-0.0621756
3.24,3,0.499999,0.501459,0.0209088,-0.0271462,-0.00146009
3.24,4,-0.299998,-0.274195,-0.0259465,-0.193452,-0.0258031
3.24,5,-3.03511e-06,-0.000339653,0.0059849,-0.00011238,0.000336618
3.25,0,1.2,1.20692,-0.117315,0.0754725,-0.00691181
3.25,1,-0.699991,-0.597943,0.000782183,-4.0843,-0.102049
3.25,2,0.999997,1.06217,-0.000362343,-1.86447,-0.0621732
3.25,3,0.499999,0.501666,0.0204743,-0.0289546,-0.001667
3.25,4,-0.299998,-0.274452,-0.0255436,-0.191594,-0.0255457
3.25,5,-3.03511e-06,-0.000279176,0.00607712,-0.00044243,0.000276141
3.26,0,1.2,1.20576,-0.114602,0.1137,-0.00575266
3.26,1,-0.699991,-0.597937,0.000336613,-4.08318,-0.102054
3.26,2,0.999997,1.06217,-0.000625735,-1.86379,-0.0621682
3.26,3,0.499999,0.501867,0.0198035,-0.0305645,-0.00186824
3.26,4,-0.299998,-0.274704,-0.0248979,-0.1899,-0.0252936
3.26,5,-3.03511e-06,-0.00021854,0.00603381,-0.000732617,0.000215505
3.27,0,1.2,1.20463,-0.110838,0.147453,-0.00462653
3.27,1,-0.699991,-0.597936,-8.68356e-05,-4.08195,-0.102055
3.27,2,0.999997,1.06216,-0.000868358,-1.86308,-0.0621605
3.27,3,0.499999,0.502061,0.0189298,-0.031974,-0.00206162
3.27,4,-0.299998,-0.274949,-0.0240347,-0.188376,-0.0250492
3.27,5,-3.03511e-06,-0.000158985,0.00587587,-0.000983013,0.000155949
3.28,0,1.2,1.20355,-0.106153,0.17673,-0.00354321
3.28,1,-0.699991,-0.597939,-0.000483092,-4.08064,-0.102052
3.28,2,0.999997,1.06215,-0.00108795,-1.86234,-0.0621506
3.28,3,0.499999,0.502244,0.017886,-0.0331846,-0.0022453
3.28,4,-0.299998,-0.275183,-0.0229799,-0.187026,-0.0248145
3.28,5,-3.03511e-06,-0.000101545,0.00562334,-0.00119445,9.85096e-05
3.29,0,1.2,1.20252,-0.100676,0.201578,-0.00251121
3.29,1,-0.699991,-0.597946,-0.000847827,-4.07927,-0.102045
3.29,2,0.999997,1.06214,-0.00128285,-1.86159,-0.0621387
3.29,3,0.499999,0.502417,0.0167042,-0.0342002,-0.00241776
3.29,4,-0.299998,-0.275407,-0.0217594,-0.185851,-0.0245913
3.29,5,-3.03511e-06,-4.7062e-05,0.00529501,-0.00136837,4.40269e-05
3.3,0,1.2,1.20154,-0.094534,0.222093,-0.00153774
3.3,1,-0.699991,-0.597956,-0.00117749,-4.07787,-0.102035
3.3,2,0.999997,1.06212,-0.00145188,-1.86084,-0.0621249
3.3,3,0.499999,0.502577,0.0154146,-0.0350267,-0.00257779
3.3,4,-0.299998,-0.275617,-0.0203991,-0.184849,-0.0243811
3.3,5,-3.03511e-06,3.80189e-06,0.00490814,-0.00150663,-6.837e-06
3.31,0,1.2,1.20063,-0.0878523,0.238407,-0.00062875
3.31,1,-0.699991,-0.59797,-0.00146933,-4.07646,-0.102022
3.31,2,0.999997,1.06211,-0.00159431,-1.8601,-0.0621096
3.31,3,0.499999,0.502723,0.0140456,-0.035672,-0.00272446
3.31,4,-0.299998,-0.275813,-0.0189245,-0.184019,-0.0241851
3.31,5,-3.03511e-06,5.05489e-05,0.00447835,-0.00161143,-5.3584e-05
3.32,0,1.2,1.19979,-0.0807502,0.250691,0.00021101
3.32,1,-0.699991,-0.597986,-0.0017214,-4.07506,-0.102006
3.32,2,0.999997,1.06209,-0.00170983,-1.85937,-0.062093
3.32,3,0.499999,0.502856,0.0126236,-0.0361455,-0.00285713
3.32,4,-0.299998,-0.275993,-0.0173604,-0.183355,-0.0240044
3.32,5,-3.03511e-06,9.28276e-05,0.00401952,-0.00168517,-9.58627e-05
3.33,0,1.2,1.19903,-0.0733421,0.259145,0.000977974
3.33,1,-0.699991,-0.598004,-0.0019325,-4.07369,-0.101987
3.33,2,0.999997,1.06207,-0.00179843,-1.85866,-0.0620754
3.33,3,0.499999,0.502974,0.0111726,-0.0364576,-0.0029754
3.33,4,-0.299998,-0.276158,-0.0157306,-0.182853,-0.0238397
3.33,5,-3.03511e-06,0.000130416,0.00354381,-0.0017304,-0.000133451
3.34,0,1.2,1.19833,-0.0657364,0.263997,0.00166968
3.34,1,-0.699991,-0.598025,-0.00210219,-4.07237,-0.101967
3.34,2,0.999997,1.06205,-0.00186045,-1.85799,-0.062057
3.34,3,0.499999,0.503078,0.00971424,-0.0366196,-0.0030791
3.34,4,-0.299998,-0.276306,-0.014058,-0.182504,-0.0236916
3.34,5,-3.03511e-06,0.000163204,0.00306171,-0.00174971,-0.000166239
3.35,0,1.2,1.19772,-0.0580345,0.265493,0.00228473
3.35,1,-0.699991,-0.598046,-0.00223071,-4.07111,-0.101945
3.35,2,0.999997,1.06204,-0.00189649,-1.85735,-0.0620382
3.35,3,0.499999,0.503167,0.00826793,-0.0366435,-0.00316827
3.35,4,-0.299998,-0.276438,-0.0123642,-0.182301,-0.0235603
3.35,5,-3.03511e-06,0.000191178,0.00258214,-0.00174571,-0.000194213
3.36,0,1.2,1.19718,-0.0503305,0.263898,0.00282267
3.36,1,-0.699991,-0.598069,-0.00231891,-4.06993,-0.101922
3.36,2,0.999997,1.06202,-0.00190742,-1.85676,-0.0620191
3.36,3,0.499999,0.503242,0.00685072,-0.0365417,-0.00324313
3.36,4,-0.299998,-0.276552,-0.0106693,-0.182233,-0.023446
3.36,5,-3.03511e-06,0.000214405,0.00211256,-0.00172097,-0.000217441
3.37,0,1.2,1.19672,-0.0427106,0.25949,0.00328396
3.37,1,-0.699991,-0.598093,-0.00236824,-4.06885,-0.101899
3.37,2,0.999997,1.062,-0.00189435,-1.85621,-0.0620001
3.37,3,0.499999,0.503303,0.00547743,-0.0363269,-0.00330404
3.37,4,-0.299998,-0.276649,-0.00899187,-0.182293,-0.0233486
3.37,5,-3.03511e-06,0.000233021,0.00165908,-0.00167801,-0.000236057
3.38,0,1.2,1.19633,-0.0352527,0.252553,0.00366988
3.38,1,-0.699991,-0.598117,-0.0023806,-4.06786,-0.101875
3.38,2,0.999997,1.06198,-0.0018586,-1.85572,-0.0619813
3.38,3,0.499999,0.503351,0.00416071,-0.0360116,-0.00335152
3.38,4,-0.299998,-0.27673,-0.00734893,-0.182467,-0.0232677
3.38,5,-3.03511e-06,0.000247215,0.00122663,-0.00161924,-0.00025025
3.39,0,1.2,1.19602,-0.0280266,0.243378,0.00398245
3.39,1,-0.699991,-0.59814,-0.00235834,-4.06698,-0.101851
3.39,2,0.999997,1.06196,-0.00180168,-1.85529,-0.0619631
3.39,3,0.499999,0.503385,0.00291119,-0.0356087,-0.0033862
3.39,4,-0.299998,-0.276795,-0.00575573,-0.182746,-0.023203
3.39,5,-3.03511e-06,0.000257217,0.000819062,-0.00154698,-0.000260253
3.4,0,1.2,1.19578,-0.0210934,0.232253,0.00422432
3.4,1,-0.699991,-0.598164,-0.00230413,-4.06621,-0.101828
3.4,2,0.999997,1.06194,-0.00172527,-1.85491,-0.0619454
3.4,3,0.499999,0.503408,0.00173756,-0.0351304,-0.00340879
3.4,4,-0.299998,-0.276844,-0.0042258,-0.183119,-0.023154
3.4,5,-3.03511e-06,0.000263295,0.000439276,-0.00146344,-0.000266331
3.41,0,1.2,1.19561,-0.0145061,0.219467,0.00439872
3.41,1,-0.699991,-0.598186,-0.00222094,-4.06555,-0.101805
3.41,2,0.999997,1.06193,-0.00163124,-1.8546,-0.0619287
3.41,3,0.499999,0.503419,0.000646698,-0.0345889,-0.00342009
3.41,4,-0.299998,-0.276878,-0.0027709,-0.183573,-0.0231198
3.41,5,-3.03511e-06,0.000265738,8.93637e-05,-0.00137068,-0.000268773
